emp_id,first_name,last_name,email,dob,telephone,address,gender,trust,ethnicity,nationality,visa_status,staff_group,role,division,grade,hourly_rate,hire_date,contract_start,weekly_hours,fte,registration_type,contract_type,employment_status,registration_no,registration_expiry_date,ni,dbs_expiry_date,mandatory_training_expiry_date,profile_creation_date
EMP0001-20260916_215328,Ian,Scott,shaun48@example.org,1997-06-22,+44(0)191 4960442,"Flat 35b
Garner Shores
Iainport
PO70 6ZX",Male,Valleyview Mental Wellness NHS Trust,Mixed,Australia,ILR,AHP,Physiotherapist,Women & Children,6,22.65,2025-09-17,2025-10-22,18.75,0.5,NMC,Bank,Suspended,IW247713,2028-02-09,MN955042,2028-06-14,2027-06-06,2025-10-08
EMP0002-20260916_215328,Dorothy,Stephens,maureensaunders@example.net,1972-11-29,+44118 496 0967,"Flat 41H
Robinson Pass
Jillville
GY0W 7YY",Female,Lakeside District Hospitals NHS Trust,White,United Kingdom,British Citizen,Nursing,Ward Manager,Women & Children,8A,35.74,2019-12-19,2020-01-23,30.0,0.8,GMC,Permanent,Inactive,UX370999,2027-03-17,WT951074,2030-03-31,2026-09-24,2020-01-09
EMP0003-20260916_215328,Margaret,Cook,nclarke@example.com,1984-11-03,+44(0)1174960424,"Flat 22
Joe Prairie
East Shane
W46 0LH",Male,Meadowbrook Community Health NHS Trust,Asian,China,ILR,Nursing,Charge Nurse,Corporate Services,7,28.1,2024-02-08,2024-03-21,37.5,1.0,GMC,Bank,On Leave,FU609972,2029-03-22,DM226427,2029-04-06,2027-04-30,2024-02-29
EMP0004-20260916_215328,Ryan,Simmons,cbegum@example.org,2004-05-28,029 2018 0053,"Flat 67
Bernard Forges
Jenniferchester
WD5A 6AW",Female,Eastmoor Teaching Hospitals NHS Trust,Asian,China,ILR,AHP,Pharmacist,Medicine & Acute Care,5,20.44,2025-03-22,2025-04-19,30.0,0.8,GMC,Fixed Term,Active,PG315356,2030-11-11,LZ602711,2031-04-21,2027-07-15,2025-04-12
EMP0005-20260916_215328,Darren,James,marshfrederick@example.net,2007-08-09,0141 496 0632,"Studio 48w
Brown Manor
Port Karlmouth
EN9 0NP",Female,Midlands Central Hospitals NHS Trust,Mixed,Thailand,Skilled Worker,Nursing,Staff Nurse,Critical Care & Anaesthesia,5,21.13,2018-12-27,2019-01-31,37.5,1.0,NMC,Bank,Inactive,GL307535,2027-08-20,HL708314,2028-09-11,2026-11-25,2019-01-17
EMP0006-20260916_215328,Kim,Cross,howard10@example.org,1988-07-19,+44(0)141 496 0541,"67 Holly Cliff
New Leah
UB6 2JU",Female,Southvale Hospitals NHS Trust,Mixed,United States,British Citizen,AHP,Physiologist,Corporate Services,6,26.12,2020-09-11,2020-10-09,37.5,1.0,HCPC,Permanent,Active,CG876496,2028-08-16,CX989333,2028-07-09,2027-02-11,2020-10-02
EMP0007-20260916_215328,Robin,Davis,fcook@example.org,1963-12-13,+44(0)117 496 0485,"7 Lydia Meadow
Lake Mohammedmouth
SR5R 7ST",Female,Oakridge Community Services NHS Trust,Asian,Thailand,Dependent,Nursing,Healthcare Assistant,Medicine & Acute Care,2,13.58,2025-12-19,2026-01-23,30.0,0.8,HCPC,Fixed Term,On Leave,HN671582,2029-09-23,PJ255704,2029-05-20,2026-11-24,2026-01-09
EMP0008-20260916_215328,Ross,Rees,crichards@example.org,1978-05-25,+4428 9018588,"Flat 62
Chloe Canyon
Thomashaven
B9K 3FW",Male,Lakeside District Hospitals NHS Trust,Mixed,Ghana,Dependent,Admin,Data Analyst,Women & Children,8A,34.69,2018-05-26,2018-07-07,18.75,0.5,None,Permanent,Suspended,RF446820,2031-06-17,GK600518,2029-09-23,2026-11-01,2018-06-16
EMP0009-20260916_215328,Peter,Holmes,kthomas@example.net,2001-02-25,(029) 2018 0394,"1 Victor Curve
Geraldbury
ME4 7ZW",Female,Lakeside District Hospitals NHS Trust,Asian,Thailand,British Citizen,Medical,SHO,Corporate Services,SHO,25.12,2024-08-05,2024-09-02,18.75,0.5,None,Fixed Term,Active,ML043370,2027-12-29,VF886215,2028-11-11,2027-06-25,2024-08-26
EMP0010-20260916_215328,Fiona,Johnson,tracey56@example.net,1968-11-30,(0117)4960855,"367 Marilyn Burgs
Marianport
W65 1ZN",Male,Riverbank General Hospitals NHS Trust,White,United Kingdom,ILR,Admin,Receptionist,Corporate Services,3,15.49,2023-04-05,2023-05-17,15.0,0.4,NMC,Fixed Term,Inactive,LY434987,2031-08-08,QQ208605,2031-06-19,2027-03-27,2023-04-26
EMP0011-20260916_215328,Dale,Morris,sriley@example.com,1967-05-05,(029)2018489,"Flat 41
Smith Lane
Philipbury
M86 1RT",Female,Oakridge Community Services NHS Trust,Black,Ghana,Skilled Worker,Nursing,Charge Nurse,Medicine & Acute Care,7,30.21,2020-06-22,2020-07-20,18.75,0.5,HCPC,Permanent,Active,BN834748,2027-01-12,QG982665,2028-09-27,2027-02-04,2020-07-13
EMP0012-20260916_215328,Max,Connor,lawrence12@example.org,1986-06-17,(029) 2018 0971,"Studio 3
Newton Summit
Tracymouth
LL3 6NS",Male,Riverside Integrated Care NHS Trust,White,New Zealand,ILR,Nursing,Staff Nurse,Women & Children,5,22.47,2026-04-29,2026-06-03,20.0,0.53,HCPC,Permanent,On Leave,DC912016,2027-11-27,CD862494,2028-09-10,2026-10-12,2026-05-20
EMP0013-20260916_215328,Elliott,Parry,zoe39@example.com,1962-10-03,(0115)4960018,"Studio 9
Shah Village
Angelafurt
TD7E 6XE",Female,Riverside Integrated Care NHS Trust,Black,Ghana,Dependent,AHP,Pharmacist,Critical Care & Anaesthesia,5,20.41,2021-05-22,2021-06-19,37.5,1.0,GMC,Permanent,On Leave,BG165406,2028-09-09,TK622175,2030-11-19,2027-07-12,2021-06-12
EMP0014-20260916_215328,Ross,Burgess,jamiebrown@example.org,1989-05-05,+44(0)161 4960694,"Studio 94u
Jones Drive
Evansburgh
SL56 3JS",Male,Meadowbrook Community Health NHS Trust,Asian,India,Skilled Worker,AHP,Speech Therapist,Emergency & Urgent Care,6,25.47,2020-02-09,2020-03-22,30.0,0.8,None,Bank,On Leave,IB963022,2030-01-20,UG693269,2030-01-11,2027-06-24,2020-03-01
EMP0015-20260916_215328,June,Watts,ejones@example.com,1977-06-08,+44(0)161 496 0137,"03 Geraldine Village
North Nataliefort
N0 4HR",Female,Oakridge Community Services NHS Trust,Black,Barbados,British Citizen,AHP,Pharmacist,Corporate Services,5,21.98,2019-09-08,2019-10-20,37.5,1.0,GMC,Fixed Term,Inactive,VI336508,2029-07-31,UN736552,2029-06-14,2026-12-15,2019-09-29
EMP0016-20260916_215328,Callum,Campbell,franciscampbell@example.net,2004-09-15,+44(0)20 74960053,"Flat 77q
Robin Ramp
New Donna
TQ0 1SE",Female,Oakridge Community Services NHS Trust,Asian,Japan,Skilled Worker,Admin,Medical Secretary,Emergency & Urgent Care,4,16.34,2021-01-22,2021-02-26,15.0,0.4,None,Fixed Term,Suspended,VG979831,2030-11-25,TQ802628,2031-07-04,2026-11-19,2021-02-12
EMP0017-20260916_215328,Clare,Chapman,trevornorman@example.org,1975-04-22,+44(0)141 496 0041,"Flat 6
Page Shoal
Williamston
N44 8EZ",Female,Westmere Community Health NHS Trust,Black,Barbados,ILR,Admin,Administrator,Emergency & Urgent Care,3,14.13,2021-04-26,2021-06-07,30.0,0.8,GMC,Permanent,Inactive,PN886340,2029-06-04,FF920492,2031-07-16,2027-01-28,2021-05-17
EMP0018-20260916_215328,Emma,Smith,louisvaughan@example.com,2001-12-05,+44118 496 0754,"Flat 07h
Holland Square
East Kieranburgh
B0 7ZR",Male,Meadowbrook Community Health NHS Trust,Asian,Japan,ILR,Nursing,Charge Nurse,Women & Children,7,32.95,2017-08-30,2017-09-27,30.0,0.8,HCPC,Permanent,Active,IO716745,2028-09-12,SL659308,2030-03-27,2027-07-30,2017-09-20
EMP0019-20260916_215328,Clare,Abbott,christian45@example.org,1982-01-26,+44(0)808 1570649,"Flat 1
Marcus Stream
Jonesfurt
SL5B 3DH",Female,Bluewater Community & Rehabilitation NHS Trust,White,New Zealand,Skilled Worker,Admin,Administrator,Emergency & Urgent Care,3,13.86,2021-06-04,2021-07-09,18.75,0.5,GMC,Permanent,Inactive,CG963368,2030-02-17,WS090968,2028-04-06,2027-01-29,2021-06-25
EMP0020-20260916_215328,Beverley,Hall,laura22@example.com,1971-03-12,+44(0)9098790824,"Studio 5
Brown Harbor
Bethanmouth
N3S 7PE",Female,Valleyview Mental Wellness NHS Trust,Asian,Japan,Dependent,Admin,Data Analyst,Medicine & Acute Care,8A,34.08,2024-04-22,2024-06-03,37.5,1.0,NMC,Fixed Term,Inactive,LM482602,2026-09-25,BQ076233,2029-03-18,2027-02-04,2024-05-13
EMP0021-20260916_215328,Malcolm,Jackson,lewisdylan@example.net,2006-05-31,+44(0)808 157 0785,"Studio 47
May Orchard
North Victortown
CF1 4PX",Male,Lakeside District Hospitals NHS Trust,White,United States,Dependent,Medical,Consultant,Surgery & Cancer,CONS,67.71,2018-07-11,2018-08-15,20.0,0.53,HCPC,Bank,Inactive,ZQ280057,2030-09-26,QB336823,2028-08-30,2027-09-11,2018-08-01
EMP0022-20260916_215328,Irene,Hamilton,zoe46@example.org,1968-10-02,(0808)1570110,"4 Morris Knolls
Smithton
JE4 7RN",Female,Riverbank General Hospitals NHS Trust,Black,Jamaica,Dependent,Nursing,Staff Nurse,Surgery & Cancer,5,20.05,2017-02-01,2017-03-01,15.0,0.4,None,Bank,Inactive,GE998127,2028-10-20,HD847606,2028-06-13,2027-04-25,2017-02-22
EMP0023-20260916_215328,Lorraine,Barton,rosievincent@example.com,1970-06-16,(0114) 496 0066,"649 Brandon Shore
Lake Eileen
W3 9HP",Female,Broadfield Clinical Services NHS Trust,Mixed,Trinidad and Tobago,British Citizen,AHP,Occupational Therapist,Clinical Support Services,6,22.93,2018-05-23,2018-07-04,30.0,0.8,NMC,Bank,Suspended,AP394273,2029-04-20,GE405356,2031-07-08,2027-02-05,2018-06-13
EMP0024-20260916_215328,Andrea,Cook,rnewman@example.org,1976-04-02,+44114 4960735,"Flat 4
Frost Hills
West Graceton
G7H 0DB",Female,Westmere Community Health NHS Trust,White,Canada,Skilled Worker,Admin,Medical Secretary,Women & Children,4,18.16,2019-06-23,2019-08-04,30.0,0.8,None,Permanent,On Leave,KL079197,2031-05-08,PZ693662,2029-02-10,2027-01-04,2019-07-14
EMP0025-20260916_215328,Gerald,Hughes,bthompson@example.com,1977-01-26,+44(0)113 4960144,"8 Davies Vista
Lambport
N1 6AL",Female,Westborough Acute Care NHS Trust,Black,South Africa,British Citizen,AHP,Occupational Therapist,Clinical Support Services,6,26.58,2021-09-26,2021-11-07,37.5,1.0,GMC,Bank,Suspended,OZ374545,2029-10-21,NY740770,2029-01-16,2026-09-22,2021-10-17
EMP0026-20260916_215328,Kirsty,Bailey,melaniesharp@example.com,1995-09-27,01514960509,"Studio 4
Ali Mountain
New Charles
EN27 1YN",Female,Northwood Mental Health NHS Trust,Mixed,Ghana,British Citizen,AHP,Pharmacist,Clinical Support Services,5,21.13,2025-06-10,2025-07-08,18.75,0.5,GMC,Permanent,On Leave,YL309576,2027-09-17,SL130932,2030-02-01,2027-03-05,2025-07-01
EMP0027-20260916_215328,Margaret,Martin,broberts@example.com,2005-11-15,0113 496 0948,"729 Glen Underpass
Christianview
LE36 7RU",Male,Bluewater Community & Rehabilitation NHS Trust,Mixed,Ghana,British Citizen,Nursing,Charge Nurse,Women & Children,7,32.23,2018-02-15,2018-03-15,15.0,0.4,None,Permanent,Inactive,QG492481,2029-09-06,OC731844,2030-09-18,2026-10-04,2018-03-08
EMP0028-20260916_215328,Naomi,Lloyd,morleybernard@example.net,1994-06-07,0289018286,"5 Johnston Lodge
West Janet
M68 8WJ",Male,Horizon Integrated Health Partnership NHS Trust,Mixed,South Africa,British Citizen,Medical,GP,Women & Children,GP,54.11,2025-08-13,2025-09-24,30.0,0.8,GMC,Fixed Term,On Leave,GD878384,2031-04-06,FO234085,2030-07-10,2027-07-23,2025-09-03
EMP0029-20260916_215328,Leah,Green,bgray@example.com,2003-05-18,+44(0)118 4960908,"4 Jones Rapid
Danielberg
S35 9EH",Female,Bluewater Community & Rehabilitation NHS Trust,Mixed,United States,ILR,Medical,GP,Women & Children,GP,60.58,2018-09-26,2018-11-07,20.0,0.53,NMC,Fixed Term,Inactive,QY350501,2031-02-09,KL701118,2028-02-12,2026-12-16,2018-10-17
EMP0030-20260916_215328,Shirley,Hawkins,abigail78@example.net,1967-01-01,+44116 4960544,"Studio 2
Lee Mountain
Katestad
CW8M 0UT",Male,Southgate Community & Mental Health NHS Trust,Mixed,Nigeria,ILR,Admin,Medical Secretary,Corporate Services,4,17.82,2019-02-14,2019-03-21,15.0,0.4,GMC,Fixed Term,Suspended,BQ912796,2027-03-28,GC301762,2029-09-15,2027-07-29,2019-03-07
EMP0031-20260916_215328,Sheila,Wood,valerieshaw@example.com,1964-05-29,020 7946 0212,"Flat 51W
Oliver Views
Francescaburgh
L4 1DN",Male,Westborough Acute Care NHS Trust,White,United Kingdom,British Citizen,Medical,Registrar,Critical Care & Anaesthesia,SPR,41.74,2020-09-01,2020-10-13,15.0,0.4,NMC,Bank,On Leave,ND613734,2029-03-10,IV116164,2031-02-25,2027-06-03,2020-09-22
EMP0032-20260916_215328,Chloe,Kelly,rachael11@example.org,1989-07-20,(0131) 496 0277,"Flat 43
Elliott Skyway
Lyndachester
SK1 3GD",Male,Oakridge Community Services NHS Trust,Mixed,Australia,Dependent,Nursing,Nursery Nurse,Medicine & Acute Care,2,12.98,2023-10-17,2023-11-21,37.5,1.0,None,Bank,Suspended,FY506628,2030-02-09,AM965279,2029-05-07,2026-09-30,2023-11-07
EMP0033-20260916_215328,Katy,Hughes,graeme74@example.net,1982-08-29,(029) 2018175,"Flat 4
Jenna Route
West Jeremy
BH2R 7QD",Male,Hillcrest Medical Centres NHS Trust,Black,Trinidad and Tobago,British Citizen,Medical,GP,Medicine & Acute Care,GP,47.51,2022-06-11,2022-07-23,15.0,0.4,GMC,Fixed Term,On Leave,NT907593,2028-09-02,RP285706,2027-02-05,2027-07-08,2022-07-02
EMP0034-20260916_215328,Catherine,Carroll,higginsstuart@example.net,1990-04-20,028 9018 0561,"1 Wright Extensions
North Melissamouth
W0 5XZ",Female,Southgate Community & Mental Health NHS Trust,Mixed,New Zealand,ILR,Medical,SHO,Medicine & Acute Care,SHO,25.4,2025-06-30,2025-08-04,30.0,0.8,NMC,Fixed Term,Active,AC001145,2026-10-31,PW098062,2030-04-05,2026-11-02,2025-07-21
EMP0035-20260916_215328,Christian,Craig,georgina14@example.com,2006-07-15,+449098790763,"Flat 95
Duncan Neck
Port Donald
M82 3BS",Male,Midlands Central Hospitals NHS Trust,White,United States,ILR,Admin,Administrator,Critical Care & Anaesthesia,3,14.06,2026-04-13,2026-05-11,15.0,0.4,GMC,Permanent,Inactive,EZ996915,2031-08-03,QX965398,2030-12-19,2027-03-17,2026-05-04
EMP0036-20260916_215328,Jessica,Smith,smithgavin@example.net,1989-12-11,(0117) 4960902,"99 Catherine Park
Loweshire
PA93 0RA",Male,Meadowbrook Community Health NHS Trust,Asian,India,Dependent,Medical,SHO,Women & Children,SHO,24.04,2025-08-09,2025-09-20,30.0,0.8,HCPC,Permanent,Suspended,LK082853,2030-01-30,HY719492,2029-03-25,2027-01-08,2025-08-30
EMP0037-20260916_215328,Victor,Williams,cartwrightlynda@example.org,1999-03-26,+44(0)121 4960547,"Studio 58T
Denis Ford
North Philip
NE1W 9BT",Male,Northwood Mental Health NHS Trust,White,New Zealand,British Citizen,Admin,Administrator,Clinical Support Services,3,15.33,2018-06-13,2018-07-11,15.0,0.4,None,Bank,On Leave,RB738884,2028-10-09,HY979220,2031-01-05,2027-01-26,2018-07-04
EMP0038-20260916_215328,Sylvia,Cox,hannahsmith@example.com,1976-12-16,(020)74960594,"Studio 37
Alan Track
Mannport
B65 1NW",Female,Riverside Integrated Care NHS Trust,White,New Zealand,ILR,Medical,FY1/FY2,Emergency & Urgent Care,FY1,21.3,2022-11-25,2022-12-23,20.0,0.53,GMC,Bank,Suspended,MH731554,2030-01-23,YD462730,2027-06-08,2027-09-14,2022-12-16
EMP0039-20260916_215328,Danielle,Sanders,nroberts@example.com,1975-02-25,+44(0)151 496 0914,"Studio 97E
Michelle Turnpike
North Davidview
L11 4LD",Male,Horizon Integrated Health Partnership NHS Trust,Mixed,Ghana,Skilled Worker,Nursing,Nursery Nurse,Critical Care & Anaesthesia,2,13.13,2025-03-10,2025-04-14,30.0,0.8,None,Bank,On Leave,WD704474,2028-05-26,OT193758,2029-10-10,2026-12-20,2025-03-31
EMP0040-20260916_215328,Stuart,Howard,iconnolly@example.org,2001-11-09,(0141) 496 0259,"Flat 15O
Amber Lock
Marystad
LE5A 2NP",Female,Hillcrest Medical Centres NHS Trust,Asian,Thailand,ILR,Medical,FY1/FY2,Emergency & Urgent Care,FY1,20.08,2023-06-27,2023-08-08,37.5,1.0,NMC,Bank,Inactive,FN233470,2029-11-08,NO220795,2031-02-18,2027-06-21,2023-07-18
EMP0041-20260916_215328,Jade,Thompson,lynn36@example.org,1981-12-29,(0306)9990031,"Studio 31W
Samuel Lock
Lake Shannonview
G52 0AT",Male,Eastfield Psychological Services NHS Trust,Black,Nigeria,British Citizen,Nursing,Senior Staff Nurse,Medicine & Acute Care,6,25.35,2016-10-04,2016-11-08,30.0,0.8,GMC,Bank,Suspended,XI779435,2031-03-21,PF876212,2028-04-07,2027-08-19,2016-10-25
EMP0042-20260916_215328,Gregory,Reeves,francispaula@example.com,2005-03-27,(029)2018035,"Flat 7
Kayleigh Points
Lake Wendy
G4G 5JG",Male,Southvale Hospitals NHS Trust,Mixed,Kenya,Skilled Worker,Admin,Receptionist,Medicine & Acute Care,3,15.52,2021-09-19,2021-10-24,20.0,0.53,HCPC,Permanent,Suspended,AS057413,2030-12-14,GF497400,2030-05-31,2027-05-25,2021-10-10
EMP0043-20260916_215328,James,Jones,kevingiles@example.org,1985-03-11,(0131) 496 0487,"952 Pugh Passage
East Gavinview
W4 2TQ",Female,Hillcrest Medical Centres NHS Trust,White,Canada,Dependent,Nursing,Charge Nurse,Critical Care & Anaesthesia,7,32.32,2024-03-16,2024-04-20,18.75,0.5,HCPC,Fixed Term,Suspended,EK955532,2030-01-28,NP521151,2031-05-11,2027-07-18,2024-04-06
EMP0044-20260916_215328,Heather,Carey,warddebra@example.net,1987-10-06,+44(0)1514960337,"Studio 9
Jones Village
Baileyside
L0 1LE",Female,Northshire University Hospitals NHS Trust,Asian,Japan,Dependent,AHP,Occupational Therapist,Emergency & Urgent Care,6,25.97,2025-10-29,2025-11-26,30.0,0.8,GMC,Bank,On Leave,HA510694,2028-07-10,XD928492,2027-04-23,2026-09-20,2025-11-19
EMP0045-20260916_215328,Josephine,Green,vincentosborne@example.org,2006-06-09,+44(0)118 496 0905,"Studio 6
Davies Rest
East Georgefurt
WD70 9SN",Male,Hillcrest Medical Centres NHS Trust,Asian,Thailand,Skilled Worker,Medical,GP,Corporate Services,GP,48.07,2023-05-30,2023-07-11,18.75,0.5,NMC,Bank,Inactive,DE235511,2030-10-04,OP495925,2029-07-26,2026-12-25,2023-06-20
EMP0046-20260916_215328,Naomi,Rees,mark44@example.net,1987-11-23,+44(0)114 496 0702,"Flat 7
Joel Squares
North Ross
E5H 0PP",Female,Southvale Hospitals NHS Trust,Black,Ghana,ILR,Nursing,Staff Nurse,Women & Children,5,21.23,2026-06-25,2026-08-06,20.0,0.53,None,Fixed Term,On Leave,NX976491,2031-08-31,QP346805,2028-12-26,2027-03-09,2026-07-16
EMP0047-20260916_215328,Mathew,Baker,rosemary41@example.net,1968-01-21,08081570281,"Studio 12Z
Lynne Ways
Stuartberg
S0 1XT",Male,Greenhaven Acute & Specialist Care NHS Trust,Black,Trinidad and Tobago,ILR,Nursing,Senior Staff Nurse,Corporate Services,6,25.06,2019-12-25,2020-02-05,20.0,0.53,HCPC,Bank,Suspended,CG577030,2029-06-20,JP877690,2031-03-19,2026-12-01,2020-01-15
EMP0048-20260916_215328,Tracey,Taylor,fergusonsean@example.org,2005-10-22,0115 496 0694,"8 Newton Mountains
Catherinemouth
SS1X 7WY",Male,Horizon Integrated Health Partnership NHS Trust,Asian,Thailand,Dependent,Medical,SHO,Critical Care & Anaesthesia,SHO,24.76,2019-06-23,2019-07-28,18.75,0.5,HCPC,Bank,On Leave,JM052253,2029-09-19,CF529668,2028-04-23,2027-05-25,2019-07-14
EMP0049-20260916_215328,Rita,Kemp,kate38@example.org,1968-12-15,+44(0)115 496 0330,"639 Parker Harbor
North Leanneside
N76 9RF",Female,Valleyview Mental Wellness NHS Trust,White,United States,Dependent,Nursing,Senior Staff Nurse,Emergency & Urgent Care,6,22.59,2016-11-20,2017-01-01,18.75,0.5,NMC,Permanent,Inactive,XR716792,2031-02-01,CE749317,2027-06-24,2026-10-25,2016-12-11
EMP0050-20260916_215328,Claire,Parker,powellbethany@example.net,1991-06-29,(0113) 4960202,"Flat 5
Williams Shoals
Gailside
BA2H 7DW",Male,Riverbank General Hospitals NHS Trust,White,United States,British Citizen,Admin,Receptionist,Surgery & Cancer,3,14.66,2025-03-20,2025-04-17,20.0,0.53,None,Fixed Term,Active,IN927729,2030-01-06,IW485121,2028-10-29,2027-08-02,2025-04-10
EMP0051-20260916_215328,Charlotte,White,mitchelljohnson@example.org,1975-05-04,0306 9990461,"Flat 40
Mandy Way
South Stanley
N4W 5UN",Female,Eastfield Psychological Services NHS Trust,Black,Jamaica,Dependent,AHP,Speech Therapist,Surgery & Cancer,6,26.1,2025-02-12,2025-03-12,15.0,0.4,None,Permanent,Active,UD382418,2028-01-22,YE920775,2027-08-02,2027-08-11,2025-03-05
EMP0052-20260916_215328,Raymond,Jones,garethnorton@example.org,1976-04-08,+44(0)3069990803,"Flat 2
Patrick Inlet
South Frederickton
NP3 8DN",Female,Westmere Community Health NHS Trust,White,Australia,British Citizen,AHP,Physiotherapist,Corporate Services,6,24.08,2026-08-07,2026-09-11,37.5,1.0,None,Bank,Suspended,YT383274,2029-11-17,PR799283,2028-01-12,2027-02-07,2026-08-28
EMP0053-20260916_215328,Arthur,Singh,royfrancis@example.net,1974-01-11,(0131)4960524,"77 Stewart Ferry
Knightborough
L9W 0WA",Male,Riverbank General Hospitals NHS Trust,White,Australia,Dependent,AHP,Pharmacist,Emergency & Urgent Care,5,21.87,2024-01-19,2024-03-01,37.5,1.0,GMC,Bank,Inactive,FM525881,2030-06-02,VD351892,2027-01-07,2027-02-01,2024-02-09
EMP0054-20260916_215328,Craig,Pearson,zlewis@example.net,1964-05-18,01314960716,"Flat 88I
Gerard Street
Foxstad
W7E 0YG",Female,Midlands Central Hospitals NHS Trust,Black,Jamaica,ILR,Nursing,Ward Manager,Surgery & Cancer,8A,32.3,2022-06-24,2022-07-29,15.0,0.4,NMC,Bank,Suspended,HU090254,2029-07-25,EG878522,2030-07-25,2027-09-14,2022-07-15
EMP0055-20260916_215328,Rachael,Kaur,vpotter@example.net,2005-07-09,0191 498 0932,"Studio 40
Dale Heights
Pearsonville
TD11 8UR",Female,Southvale Hospitals NHS Trust,Black,Trinidad and Tobago,British Citizen,Medical,Consultant,Emergency & Urgent Care,CONS,70.81,2024-09-11,2024-10-09,30.0,0.8,HCPC,Permanent,Inactive,WP501289,2027-09-20,YG341058,2030-12-25,2027-01-25,2024-10-02
EMP0056-20260916_215328,Brett,Mann,gail17@example.net,1991-07-09,+441914960343,"Studio 6
Cartwright Prairie
North Jadeburgh
CV8 9GS",Male,Midlands Central Hospitals NHS Trust,Asian,Thailand,Skilled Worker,Admin,Receptionist,Women & Children,3,13.64,2019-07-25,2019-08-22,30.0,0.8,GMC,Fixed Term,Active,ZZ830382,2031-04-06,GR338409,2028-08-22,2027-07-27,2019-08-15
EMP0057-20260916_215328,Andrew,Marshall,vanessabegum@example.org,2003-08-28,0113 496 0824,"62 Cox Courts
New Jillbury
G5H 7ER",Male,Valleyview Mental Wellness NHS Trust,Asian,Japan,Skilled Worker,Medical,GP,Emergency & Urgent Care,GP,55.38,2017-07-05,2017-08-09,30.0,0.8,HCPC,Fixed Term,On Leave,YW434981,2028-11-12,EW771944,2029-07-05,2027-08-18,2017-07-26
EMP0058-20260916_215328,Mitchell,Jones,gparkinson@example.org,1968-09-20,(0118) 496 0506,"84 Price Villages
Keithtown
TD5W 6RX",Female,Westborough Acute Care NHS Trust,White,Canada,ILR,Nursing,Senior Staff Nurse,Surgery & Cancer,6,26.95,2026-04-23,2026-05-28,20.0,0.53,GMC,Fixed Term,Active,AR931810,2027-04-19,AT469864,2029-01-05,2027-02-09,2026-05-14
EMP0059-20260916_215328,Allan,Roberts,bartonfrank@example.net,1985-07-02,029 2018 0104,"Flat 4
Janice Groves
Port Elliot
LA9P 4JE",Male,Oakridge Community Services NHS Trust,Black,Kenya,Dependent,AHP,Speech Therapist,Medicine & Acute Care,6,26.37,2018-03-07,2018-04-18,18.75,0.5,GMC,Permanent,Active,MW271644,2030-09-01,SH456595,2030-11-17,2027-03-29,2018-03-28
EMP0060-20260916_215328,Amelia,Mills,annevincent@example.com,1963-08-14,0114 4960127,"Studio 7
Thomson Divide
Francischester
E63 6NG",Male,Broadfield Clinical Services NHS Trust,Mixed,India,Dependent,AHP,Radiographer,Corporate Services,6,25.3,2017-07-05,2017-08-09,37.5,1.0,NMC,Fixed Term,Active,RC099548,2027-09-04,SN427999,2029-08-04,2027-06-06,2017-07-26
EMP0061-20260916_215328,Clifford,Harper,wsmith@example.net,1967-09-15,+44(0)28 9018 0839,"8 Victoria Isle
Murphyfort
HR61 2XE",Male,Lakeside District Hospitals NHS Trust,White,United Kingdom,Dependent,Medical,SHO,Corporate Services,SHO,29.7,2019-01-15,2019-02-19,30.0,0.8,GMC,Fixed Term,Active,DL151892,2029-10-02,WE552525,2031-01-23,2026-10-11,2019-02-05
EMP0062-20260916_215328,Timothy,Hughes,elliott86@example.net,2007-01-14,(0151) 496 0324,"Studio 11
Shane Glen
Royhaven
W2 9PR",Female,Northshire University Hospitals NHS Trust,White,Canada,Skilled Worker,Medical,Consultant,Critical Care & Anaesthesia,CONS,52.18,2022-09-15,2022-10-27,18.75,0.5,GMC,Bank,On Leave,HI257960,2027-12-30,EK322163,2026-11-03,2026-12-22,2022-10-06
EMP0063-20260916_215328,Kelly,Gardner,terry16@example.net,1961-11-04,(0306) 999 0029,"63 Iain Coves
East Jacqueline
N9 6WS",Male,Southgate Community & Mental Health NHS Trust,Black,Jamaica,Skilled Worker,Nursing,Senior Staff Nurse,Clinical Support Services,6,23.13,2022-07-04,2022-08-01,30.0,0.8,HCPC,Permanent,Inactive,FL183592,2031-04-16,UE148895,2030-02-17,2026-12-09,2022-07-25
EMP0064-20260916_215328,Gregory,Evans,esmith@example.net,1998-06-25,+44(0)121 496 0888,"32 Rachael Park
Smithfurt
E1G 9QW",Female,Riverside Integrated Care NHS Trust,Mixed,United States,Skilled Worker,AHP,Speech Therapist,Emergency & Urgent Care,6,22.89,2021-06-30,2021-08-04,30.0,0.8,NMC,Permanent,On Leave,LZ068559,2029-06-19,FH284092,2027-07-12,2026-11-30,2021-07-21
EMP0065-20260916_215328,Deborah,Cooper,dyergeorge@example.net,2004-07-24,(020) 74960927,"344 Danny Camp
West Rachel
S14 3GD",Male,Southgate Community & Mental Health NHS Trust,Black,Jamaica,Skilled Worker,AHP,Speech Therapist,Medicine & Acute Care,6,25.34,2019-06-22,2019-07-20,37.5,1.0,NMC,Permanent,Active,JE401737,2029-01-29,QK390178,2029-02-04,2026-10-18,2019-07-13
EMP0066-20260916_215328,Darren,Davies,marilynswift@example.org,1965-02-02,(0131)4960448,"1 Harriet Springs
Phillipsberg
G3J 7AT",Female,Greenhaven Acute & Specialist Care NHS Trust,Asian,India,Skilled Worker,Nursing,Senior Staff Nurse,Women & Children,6,26.15,2020-02-09,2020-03-15,15.0,0.4,GMC,Bank,Inactive,RC319903,2029-05-03,DP967589,2027-09-30,2027-08-01,2020-03-01
EMP0067-20260916_215328,Jean,Morris,freemanluke@example.org,1966-10-14,+44(0)1174960051,"107 Watts Extension
Martinborough
M18 1DY",Female,Broadfield Clinical Services NHS Trust,Asian,China,ILR,Medical,SHO,Emergency & Urgent Care,SHO,29.42,2025-08-24,2025-09-21,20.0,0.53,None,Fixed Term,Inactive,UH951432,2027-05-19,MD148347,2030-01-09,2027-07-09,2025-09-14
EMP0068-20260916_215328,Jasmine,Taylor,brendawilliams@example.net,1972-09-30,(0117)4960750,"73 Amelia View
East Jacqueline
CF3V 0ZG",Female,Oakridge Community Services NHS Trust,White,New Zealand,Skilled Worker,Medical,SHO,Medicine & Acute Care,SHO,30.59,2021-06-27,2021-08-01,20.0,0.53,HCPC,Bank,Inactive,AI259954,2026-10-24,KP086089,2030-01-10,2027-05-14,2021-07-18
EMP0069-20260916_215328,Allan,Stewart,harry85@example.org,2002-11-20,+44(0)1632960834,"0 Thompson Turnpike
Lake Elliotborough
G7 9NU",Male,Eastmoor Teaching Hospitals NHS Trust,White,Canada,Dependent,Medical,GP,Medicine & Acute Care,GP,46.73,2021-04-15,2021-05-20,18.75,0.5,NMC,Fixed Term,On Leave,AK298430,2029-02-05,VX288939,2028-11-19,2027-02-12,2021-05-06
EMP0070-20260916_215328,Lucy,Peacock,paigewilliams@example.org,1984-07-14,+44(0)909 8790805,"Flat 22g
Harris Rue
Mariashire
L3 4SE",Female,Bluewater Community & Rehabilitation NHS Trust,Black,South Africa,Dependent,AHP,Pharmacist,Surgery & Cancer,5,19.85,2020-10-18,2020-11-22,15.0,0.4,NMC,Bank,On Leave,QJ439431,2029-07-02,FA141297,2029-09-16,2026-09-21,2020-11-08
EMP0071-20260916_215328,Dorothy,Wilson,millerdanielle@example.net,1973-02-11,(01632) 960 984,"Flat 75
Knight Knoll
Frosthaven
WF5E 9SN",Female,Westborough Acute Care NHS Trust,Mixed,China,Skilled Worker,AHP,Physiotherapist,Emergency & Urgent Care,6,28.2,2020-01-05,2020-02-16,20.0,0.53,NMC,Permanent,On Leave,DV993193,2029-07-04,LT323742,2029-08-28,2027-01-05,2020-01-26
EMP0072-20260916_215328,Matthew,Ryan,alexanderdorothy@example.com,1970-10-11,0191 498 0196,"32 Adams Islands
Lake Natasha
G06 7JB",Female,Horizon Integrated Health Partnership NHS Trust,Asian,Japan,Dependent,Nursing,Senior Staff Nurse,Medicine & Acute Care,6,27.69,2024-03-24,2024-04-28,37.5,1.0,None,Bank,On Leave,IL445935,2026-09-27,YQ051241,2028-02-18,2027-04-30,2024-04-14
EMP0073-20260916_215328,Jill,Smith,trevor89@example.net,1993-10-05,01314960374,"Flat 96
Adam Drives
Webbmouth
S9 4SJ",Female,Northshire University Hospitals NHS Trust,Asian,Thailand,Skilled Worker,Admin,Receptionist,Medicine & Acute Care,3,15.32,2024-01-19,2024-02-23,15.0,0.4,HCPC,Fixed Term,Suspended,GO744739,2029-02-11,TZ817412,2029-12-31,2027-08-30,2024-02-09
EMP0074-20260916_215328,Abigail,Anderson,angela90@example.net,2002-02-01,+44(0)28 9018 0884,"Studio 9
Sarah Light
Carlyborough
LA6 4JY",Female,Hillcrest Medical Centres NHS Trust,Asian,Thailand,Dependent,AHP,Physiologist,Women & Children,6,28.16,2022-07-17,2022-08-14,20.0,0.53,HCPC,Bank,On Leave,MV021040,2029-09-25,GD932243,2029-06-21,2027-09-06,2022-08-07
EMP0075-20260916_215328,Holly,Pratt,danielboyle@example.net,1973-10-30,+44(0)3069990303,"84 Leonard Keys
Dennisstad
S2B 2XS",Female,Southgate Community & Mental Health NHS Trust,Mixed,Barbados,Skilled Worker,Admin,Data Analyst,Emergency & Urgent Care,8A,31.17,2024-03-15,2024-04-26,30.0,0.8,None,Fixed Term,Inactive,YZ398450,2030-08-24,CZ978326,2027-12-16,2027-02-25,2024-04-05
EMP0076-20260916_215328,Carolyn,Taylor,rogersfrancis@example.com,2008-02-27,+44114 4960321,"48 Hanson Rapids
Annefort
B02 5YZ",Male,Eastmoor Teaching Hospitals NHS Trust,Black,Nigeria,British Citizen,Admin,Medical Secretary,Medicine & Acute Care,4,15.74,2021-05-28,2021-07-09,30.0,0.8,HCPC,Fixed Term,Active,PZ969106,2028-01-30,JJ586966,2030-04-14,2026-09-16,2021-06-18
EMP0077-20260916_215328,Georgia,Griffiths,phoward@example.com,1990-07-05,01514960270,"7 Webster Grove
Bryanchester
HD6 5BR",Female,Oakridge Community Services NHS Trust,Asian,China,Skilled Worker,AHP,Occupational Therapist,Emergency & Urgent Care,6,26.75,2017-01-07,2017-02-18,15.0,0.4,NMC,Fixed Term,Inactive,EB065495,2026-11-13,VR920509,2030-10-27,2027-04-11,2017-01-28
EMP0078-20260916_215328,Jamie,Bruce,fwilkinson@example.net,1980-05-17,02074960952,"7 Bennett Views
Scotttown
PH23 2TA",Male,Northshire University Hospitals NHS Trust,Mixed,Australia,Skilled Worker,AHP,Physiologist,Corporate Services,6,27.59,2018-03-02,2018-04-06,18.75,0.5,HCPC,Permanent,Active,US062174,2030-11-25,RU549555,2028-05-23,2026-12-17,2018-03-23
EMP0079-20260916_215328,Trevor,Brown,zhall@example.org,1985-06-12,(0116) 496 0106,"Studio 73
Smith Stream
Lake Johnhaven
E30 3FY",Female,Westborough Acute Care NHS Trust,Black,Trinidad and Tobago,Skilled Worker,Nursing,Ward Manager,Surgery & Cancer,8A,33.9,2026-01-17,2026-02-28,18.75,0.5,None,Permanent,On Leave,EC367270,2030-07-10,DB272999,2028-11-01,2026-11-16,2026-02-07
EMP0080-20260916_215328,Carl,Barnes,atkinsclaire@example.com,1989-01-08,(0191)4960915,"Studio 24z
Gordon Village
Lake Juliashire
MK8 5UL",Female,Broadfield Clinical Services NHS Trust,Mixed,Ghana,ILR,Admin,Administrator,Clinical Support Services,3,15.27,2020-07-27,2020-09-07,20.0,0.53,NMC,Permanent,Inactive,FA759525,2026-11-11,DS971768,2030-03-21,2027-01-29,2020-08-17
EMP0081-20260916_215328,Christopher,Dawson,lynningram@example.net,1970-04-21,01914960538,"Flat 8
Edwards Tunnel
Caroltown
M7B 4QQ",Female,Greenhaven Acute & Specialist Care NHS Trust,Asian,Japan,British Citizen,Admin,Medical Secretary,Emergency & Urgent Care,4,15.94,2020-09-05,2020-10-10,20.0,0.53,GMC,Fixed Term,Inactive,HK955495,2031-03-27,AQ393611,2027-07-19,2027-09-08,2020-09-26
EMP0082-20260916_215328,Danielle,Holt,louisecook@example.org,1980-06-08,0808 157 0907,"Studio 90
Whittaker Summit
Leachview
SP47 0JR",Female,Southgate Community & Mental Health NHS Trust,White,Australia,ILR,AHP,Radiographer,Surgery & Cancer,6,27.05,2022-12-03,2023-01-07,30.0,0.8,None,Fixed Term,Suspended,JV120719,2029-01-25,BI107404,2031-05-11,2027-05-12,2022-12-24
EMP0083-20260916_215328,Abigail,Thomas,carol16@example.org,1983-12-09,(0121)4960249,"Studio 55
Nicholas Field
Youngstad
SW43 1GX",Male,Hillcrest Medical Centres NHS Trust,White,United Kingdom,British Citizen,Nursing,Charge Nurse,Medicine & Acute Care,7,28.46,2019-03-10,2019-04-07,18.75,0.5,NMC,Permanent,On Leave,HL269748,2027-08-13,WJ014601,2029-04-12,2027-07-04,2019-03-31
EMP0084-20260916_215328,Rosie,Barrett,evansvalerie@example.org,1962-10-14,+44(0)117 496 0250,"0 Hunt Islands
South Ben
B8 4QQ",Male,Meadowbrook Community Health NHS Trust,White,New Zealand,Skilled Worker,Admin,Data Analyst,Emergency & Urgent Care,8A,33.84,2016-09-23,2016-11-04,15.0,0.4,GMC,Fixed Term,On Leave,MA366980,2031-07-05,RQ933664,2028-08-10,2027-02-19,2016-10-14
EMP0085-20260916_215328,David,Bibi,claire55@example.org,1997-09-25,+448081570611,"Flat 09z
Katherine Extension
Chelseafort
KA4R 4YN",Female,Southgate Community & Mental Health NHS Trust,Asian,India,ILR,Admin,Receptionist,Women & Children,3,16.2,2019-01-23,2019-02-20,37.5,1.0,HCPC,Fixed Term,Inactive,KV124868,2027-07-16,CK484789,2030-03-16,2027-07-07,2019-02-13
EMP0086-20260916_215328,Terry,Daniels,pricegemma@example.com,1967-10-14,+44(0)306 9990712,"8 Jacqueline Cliffs
Jonathanchester
DL29 1LY",Female,Northshire University Hospitals NHS Trust,Black,Barbados,Dependent,Admin,Medical Secretary,Clinical Support Services,4,17.58,2023-07-10,2023-08-07,15.0,0.4,None,Permanent,Active,ZC274580,2030-08-07,VI189967,2030-12-07,2027-05-08,2023-07-31
EMP0087-20260916_215328,Sara,Leonard,peter45@example.org,1968-06-18,+44116 4960001,"Studio 18
Taylor Pine
Lake Kylehaven
CW4A 0RN",Male,Eastfield Psychological Services NHS Trust,Black,Ghana,Skilled Worker,Admin,Data Analyst,Medicine & Acute Care,8A,34.87,2024-01-14,2024-02-25,18.75,0.5,GMC,Fixed Term,On Leave,OG145137,2031-02-12,QR551402,2027-04-22,2026-10-17,2024-02-04
EMP0088-20260916_215328,Clifford,Rahman,brandon03@example.org,1980-02-03,0121 4960915,"Studio 70
Ross Coves
Bradshawhaven
N63 3JU",Female,Midlands Central Hospitals NHS Trust,Asian,India,Dependent,Nursing,Senior Staff Nurse,Emergency & Urgent Care,6,26.02,2020-04-12,2020-05-24,37.5,1.0,None,Permanent,Inactive,SS350843,2026-12-05,WE225966,2028-09-05,2027-03-01,2020-05-03
EMP0089-20260916_215328,Jenna,Thomas,vcooper@example.net,2005-02-05,+44161 496 0237,"Flat 7
Edwards Club
Port Tony
S48 6JA",Female,Oakridge Community Services NHS Trust,White,Canada,ILR,AHP,Physiologist,Women & Children,6,24.66,2018-08-29,2018-10-10,18.75,0.5,GMC,Bank,Suspended,CJ800937,2030-02-24,UA243350,2027-09-07,2027-04-27,2018-09-19
EMP0090-20260916_215328,Nathan,Ellis,shepherdnicholas@example.net,1967-05-06,01632960885,"Flat 55
Elaine Vista
Fletcherstad
CF7B 1LD",Female,Eastmoor Teaching Hospitals NHS Trust,White,United Kingdom,Skilled Worker,Medical,Registrar,Surgery & Cancer,SPR,38.49,2025-02-22,2025-03-22,30.0,0.8,GMC,Fixed Term,Active,LT954395,2028-03-02,ZX117553,2027-04-09,2027-05-11,2025-03-15
EMP0091-20260916_215328,Ruth,Hughes,carpentermaurice@example.org,1981-02-12,(0131) 4960686,"8 North Burgs
Rahmanburgh
L3 6UD",Female,Riverside Integrated Care NHS Trust,Black,South Africa,British Citizen,Admin,Data Analyst,Women & Children,8A,32.18,2026-04-19,2026-05-24,20.0,0.53,NMC,Bank,Inactive,SA321313,2026-10-25,DJ735078,2027-05-27,2027-09-11,2026-05-10
EMP0092-20260916_215328,Joe,Burns,katherine36@example.org,1974-02-26,(0909) 8790436,"0 Kirk Garden
Lake Jasonside
LL5 4TP",Male,Hillcrest Medical Centres NHS Trust,Black,Kenya,Dependent,Admin,Receptionist,Clinical Support Services,3,13.97,2020-03-01,2020-03-29,20.0,0.53,NMC,Bank,Inactive,WK344746,2029-01-16,YG132752,2028-12-31,2026-10-19,2020-03-22
EMP0093-20260916_215328,Simon,Thompson,taylormichelle@example.com,1979-11-19,0306 999 0070,"Studio 11E
Glen Stream
Neilhaven
UB11 1QB",Female,Eastfield Psychological Services NHS Trust,Mixed,India,Dependent,Medical,SHO,Clinical Support Services,SHO,28.45,2021-09-01,2021-10-06,30.0,0.8,GMC,Bank,Suspended,RP214907,2029-06-23,EP516971,2031-05-17,2027-01-25,2021-09-22
EMP0094-20260916_215328,Elliott,Clark,sevans@example.com,1989-07-05,0113 4960751,"371 Harrison River
West Ruthfort
M9S 6YU",Female,Meadowbrook Community Health NHS Trust,Asian,India,Skilled Worker,Nursing,Senior Staff Nurse,Women & Children,6,27.89,2020-07-22,2020-09-02,18.75,0.5,NMC,Fixed Term,Active,EC363567,2031-05-02,PA313820,2028-11-06,2027-09-02,2020-08-12
EMP0095-20260916_215328,Bryan,Haynes,fpritchard@example.com,1982-06-20,+448081570428,"0 Burton Prairie
Bellview
DL89 8SH",Male,Greenhaven Acute & Specialist Care NHS Trust,Mixed,Nigeria,ILR,Nursing,Ward Manager,Emergency & Urgent Care,8A,31.52,2021-08-10,2021-09-14,15.0,0.4,None,Bank,On Leave,EV452492,2030-09-19,OK664673,2027-05-28,2027-01-10,2021-08-31
EMP0096-20260916_215328,Jenna,Warren,amber91@example.com,2004-08-23,(0113)4960739,"40 Skinner Islands
Knighttown
OL6 5YX",Male,Broadfield Clinical Services NHS Trust,White,Canada,ILR,AHP,Physiologist,Critical Care & Anaesthesia,6,24.48,2023-09-02,2023-10-07,30.0,0.8,HCPC,Bank,Inactive,FO679385,2031-02-04,SX697393,2028-08-26,2026-10-14,2023-09-23
EMP0097-20260916_215328,Daniel,King,julia72@example.org,1976-10-15,+44161 496 0119,"410 Williams Light
East Abbiemouth
W21 9GP",Male,Eastmoor Teaching Hospitals NHS Trust,Black,South Africa,ILR,Admin,Medical Secretary,Women & Children,4,16.17,2025-11-20,2026-01-01,18.75,0.5,GMC,Fixed Term,Suspended,KZ683295,2031-06-14,SI609886,2029-10-21,2027-08-10,2025-12-11
EMP0098-20260916_215328,Phillip,Stone,sean98@example.com,1961-01-10,(029) 2018 0414,"3 Elliott Vista
Robinsonview
BL5N 2SX",Female,Greenhaven Acute & Specialist Care NHS Trust,Mixed,Trinidad and Tobago,British Citizen,Admin,Administrator,Women & Children,3,13.61,2025-08-10,2025-09-21,20.0,0.53,None,Permanent,Inactive,GQ213132,2030-01-28,TY711572,2026-11-27,2027-02-12,2025-08-31
EMP0099-20260916_215328,Iain,Rhodes,plee@example.net,1961-06-06,+44161 4960991,"Studio 7
Higgins Glen
Lake Leanne
L6D 3QX",Male,Hillcrest Medical Centres NHS Trust,Asian,Japan,British Citizen,Nursing,Ward Manager,Clinical Support Services,8A,33.38,2019-04-20,2019-06-01,30.0,0.8,None,Bank,Suspended,DA032043,2029-12-26,YP905613,2030-01-13,2027-01-08,2019-05-11
EMP0100-20260916_215328,Vanessa,Wheeler,hallholly@example.com,1976-03-15,01414960747,"Studio 8
Jodie Circles
Pritchardhaven
W5C 0WB",Female,Greenhaven Acute & Specialist Care NHS Trust,White,United Kingdom,ILR,Medical,Consultant,Emergency & Urgent Care,CONS,69.13,2021-03-21,2021-05-02,37.5,1.0,GMC,Fixed Term,On Leave,PO484581,2030-04-21,ZU869237,2029-11-19,2027-06-19,2021-04-11
EMP0101-20260916_215328,Nigel,Metcalfe,mdean@example.net,1991-02-13,020 74960513,"Studio 10X
Bates Avenue
Donaldmouth
B10 3HG",Male,Northwood Mental Health NHS Trust,Black,Trinidad and Tobago,British Citizen,AHP,Pharmacist,Medicine & Acute Care,5,19.1,2017-12-14,2018-01-25,30.0,0.8,None,Permanent,Suspended,NK856420,2031-02-20,TD522015,2028-08-15,2026-11-13,2018-01-04
EMP0102-20260916_215328,James,Payne,albert49@example.com,1972-05-16,+44114 496 0610,"88 Holmes Harbor
Lake Ryan
OL1H 9FS",Male,Horizon Integrated Health Partnership NHS Trust,White,United States,ILR,Medical,Consultant,Emergency & Urgent Care,CONS,52.75,2025-04-17,2025-05-15,15.0,0.4,GMC,Fixed Term,Suspended,CZ715670,2028-01-16,UR160401,2029-02-11,2027-05-20,2025-05-08
EMP0103-20260916_215328,Barbara,Jones,laura11@example.org,1998-11-10,+44(0)161 496 0333,"734 Stanley Forest
South Francesmouth
N2A 5YP",Male,Riverside Integrated Care NHS Trust,White,New Zealand,Dependent,AHP,Physiotherapist,Women & Children,6,26.27,2025-04-30,2025-06-11,15.0,0.4,None,Bank,Suspended,XO113949,2031-04-28,HP068499,2031-08-30,2027-05-05,2025-05-21
EMP0104-20260916_215328,Raymond,Flynn,evansalison@example.net,2007-04-11,+44(0)1144960691,"Flat 36g
Hughes Locks
Lake Junemouth
B7 8BR",Male,Bluewater Community & Rehabilitation NHS Trust,Asian,Thailand,Dependent,AHP,Occupational Therapist,Medicine & Acute Care,6,27.41,2018-08-14,2018-09-11,18.75,0.5,None,Permanent,On Leave,PE028679,2030-07-01,VK173899,2030-08-26,2027-03-26,2018-09-04
EMP0105-20260916_215328,Gerald,West,shawfrank@example.org,1986-08-09,+441632 960 235,"7 Wilkinson Divide
North Katieton
N8 6XT",Female,Northwood Mental Health NHS Trust,Asian,Japan,Dependent,Nursing,Nursery Nurse,Medicine & Acute Care,2,13.7,2023-06-24,2023-07-22,18.75,0.5,GMC,Fixed Term,Suspended,UV986496,2029-12-04,PB188716,2027-04-15,2027-08-20,2023-07-15
EMP0106-20260916_215328,Chloe,Phillips,barberjoel@example.com,1966-07-03,+44(0)1144960273,"Studio 57X
Williams Brooks
Kellyburgh
ME88 9PX",Female,Riverbank General Hospitals NHS Trust,White,New Zealand,British Citizen,Nursing,Nursery Nurse,Critical Care & Anaesthesia,2,13.99,2021-01-09,2021-02-13,18.75,0.5,HCPC,Permanent,Active,FU097275,2028-11-07,PG588617,2030-11-16,2026-12-05,2021-01-30
EMP0107-20260916_215328,Roy,Brown,rjackson@example.org,1974-09-05,+44(0)1174960335,"Studio 68U
Hammond Glens
Liamfort
ST2R 4YB",Male,Northshire University Hospitals NHS Trust,White,United States,Dependent,Nursing,Healthcare Assistant,Emergency & Urgent Care,2,12.91,2024-11-20,2025-01-01,18.75,0.5,NMC,Fixed Term,Active,ZR777108,2030-06-21,MY591265,2031-02-12,2026-10-25,2024-12-11
EMP0108-20260916_215328,Raymond,Bradley,cliffordbaxter@example.com,1970-08-02,+44(0)141 496 0935,"0 Joseph Motorway
Lynnhaven
M6 1WH",Female,Valleyview Mental Wellness NHS Trust,Asian,India,Dependent,Admin,Data Analyst,Medicine & Acute Care,8A,35.6,2021-08-13,2021-09-10,20.0,0.53,None,Permanent,Active,ZV970988,2031-01-12,TY403337,2026-12-31,2026-10-30,2021-09-03
EMP0109-20260916_215328,Guy,Jackson,hhughes@example.com,1995-05-10,01632960983,"7 Callum Ports
New Lynda
RH65 9SJ",Female,Southvale Hospitals NHS Trust,Black,Kenya,ILR,AHP,Occupational Therapist,Women & Children,6,26.85,2020-12-05,2021-01-02,37.5,1.0,None,Fixed Term,Active,AO394345,2030-06-25,KY823508,2030-12-20,2026-11-18,2020-12-26
EMP0110-20260916_215328,Carly,King,davispaige@example.com,1989-08-18,0115 496 0368,"Flat 2
Francis Rapid
Port Gailberg
EX2 0LT",Female,Greenhaven Acute & Specialist Care NHS Trust,White,United States,Dependent,Nursing,Nursery Nurse,Emergency & Urgent Care,2,14.05,2018-02-08,2018-03-08,20.0,0.53,NMC,Bank,Inactive,HN938177,2027-01-20,AN945176,2027-09-15,2027-08-17,2018-03-01
EMP0111-20260916_215328,Kieran,Francis,victor42@example.com,1982-01-19,+44(0)113 4960305,"Studio 4
Lloyd Crossroad
South Dylanfort
CB74 6AX",Male,Meadowbrook Community Health NHS Trust,Mixed,Canada,British Citizen,AHP,Physiotherapist,Emergency & Urgent Care,6,23.54,2024-11-24,2025-01-05,30.0,0.8,NMC,Permanent,Suspended,BW372185,2027-09-24,IH683532,2027-12-26,2027-02-04,2024-12-15
EMP0112-20260916_215328,Eileen,Lynch,winterolivia@example.net,1978-08-20,(0161) 4960949,"5 Jones Plaza
West Kevinside
L0H 4EF",Male,Riverbank General Hospitals NHS Trust,Mixed,India,British Citizen,Medical,FY1/FY2,Medicine & Acute Care,FY1,20.56,2022-05-08,2022-06-05,37.5,1.0,HCPC,Permanent,Active,TS499366,2026-11-21,GD637438,2027-05-04,2027-07-19,2022-05-29
EMP0113-20260916_215328,Linda,Khan,damianmarshall@example.org,1969-03-02,01144960570,"Flat 3
Bishop Vista
Katherinebury
EC75 9UX",Female,Southgate Community & Mental Health NHS Trust,Black,Nigeria,ILR,Medical,SHO,Clinical Support Services,SHO,29.47,2021-11-16,2021-12-28,37.5,1.0,HCPC,Fixed Term,Suspended,QT165498,2031-03-08,JK147592,2028-02-04,2026-12-21,2021-12-07
EMP0114-20260916_215328,Dale,Cooper,walljamie@example.org,1991-12-15,(0909)8790698,"637 Tony Alley
North Joyce
G84 8BA",Male,Lakeside District Hospitals NHS Trust,Asian,Thailand,British Citizen,AHP,Physiologist,Corporate Services,6,24.7,2018-10-25,2018-11-22,30.0,0.8,GMC,Permanent,On Leave,IT649973,2028-05-21,MM212134,2028-08-05,2027-07-23,2018-11-15
EMP0115-20260916_215328,Max,Jones,joannaross@example.com,2000-12-11,+44117 496 0628,"76 Rosemary Run
New Grace
N0 1XY",Female,Hillcrest Medical Centres NHS Trust,Mixed,Nigeria,Dependent,Admin,Administrator,Clinical Support Services,3,16.37,2025-03-10,2025-04-21,30.0,0.8,None,Bank,Suspended,SY450362,2030-05-29,ID721177,2028-08-14,2027-06-06,2025-03-31
EMP0116-20260916_215328,Mohammad,Davies,chapmanarthur@example.net,2000-07-07,+44161 4960175,"Studio 50Q
Myers Mews
West Teresastad
DH9 2DS",Female,Southgate Community & Mental Health NHS Trust,White,United States,Skilled Worker,AHP,Physiotherapist,Critical Care & Anaesthesia,6,25.41,2017-04-09,2017-05-07,37.5,1.0,HCPC,Bank,Inactive,MN230333,2029-09-16,PC613086,2029-12-17,2026-11-03,2017-04-30
EMP0117-20260916_215328,Tracy,Foster,christopherevans@example.net,1976-08-10,0116 496 0360,"24 Carter Oval
West Michaelstad
W7G 5SA",Female,Hillcrest Medical Centres NHS Trust,Mixed,Thailand,ILR,AHP,Physiologist,Medicine & Acute Care,6,24.55,2025-03-26,2025-04-23,18.75,0.5,None,Fixed Term,Inactive,EE642810,2030-09-19,KK976709,2026-12-08,2027-08-21,2025-04-16
EMP0118-20260916_215328,Hilary,Evans,sian52@example.org,1991-12-11,0118 496 0871,"7 Ian Lock
South Georginaview
UB80 2TB",Male,Hillcrest Medical Centres NHS Trust,White,United States,Skilled Worker,Nursing,Nursery Nurse,Critical Care & Anaesthesia,2,12.66,2020-09-11,2020-10-16,37.5,1.0,NMC,Permanent,Suspended,FP278755,2028-03-22,XI666286,2028-04-25,2026-09-19,2020-10-02
EMP0119-20260916_215328,Ashley,Saunders,danny99@example.org,1994-09-21,+44289018370,"920 Darren Isle
Ericview
N6 1GW",Female,Northwood Mental Health NHS Trust,White,Australia,ILR,Medical,Consultant,Corporate Services,CONS,50.62,2022-11-25,2023-01-06,37.5,1.0,GMC,Permanent,Suspended,BH068282,2029-09-12,TX133639,2029-05-28,2027-08-11,2022-12-16
EMP0120-20260916_215328,Alexandra,Roberts,robertscatherine@example.net,1999-08-05,+44(0)113 4960408,"Flat 73t
Walker Cliff
Khanstad
N5 0ZU",Female,Riverside Integrated Care NHS Trust,Mixed,South Africa,Dependent,Medical,SHO,Critical Care & Anaesthesia,SHO,24.99,2020-12-21,2021-01-25,15.0,0.4,None,Permanent,Active,RA132804,2028-01-07,FN584890,2031-03-08,2027-07-26,2021-01-11
EMP0121-20260916_215328,Hilary,Porter,gwilson@example.net,1980-02-01,(0151)4960432,"43 Jennifer Shoals
Turnerside
TA5 3DJ",Female,Northwood Mental Health NHS Trust,Asian,India,ILR,Nursing,Nursery Nurse,Critical Care & Anaesthesia,2,12.43,2016-11-25,2017-01-06,18.75,0.5,None,Fixed Term,On Leave,UV800494,2030-04-03,VW660946,2028-05-02,2026-10-06,2016-12-16
EMP0122-20260916_215328,Brenda,Martin,mvincent@example.net,2001-09-12,0114 4960264,"Studio 0
Charlene Plains
Hollandville
E3A 9ZT",Male,Southgate Community & Mental Health NHS Trust,Black,Kenya,Skilled Worker,Nursing,Healthcare Assistant,Women & Children,2,14.18,2020-10-16,2020-11-27,18.75,0.5,GMC,Fixed Term,Active,CT342027,2026-10-13,MR225517,2031-05-01,2027-02-27,2020-11-06
EMP0123-20260916_215328,Gareth,King,philipfisher@example.org,1998-08-23,+449098790036,"Flat 7
Cook Turnpike
Batesshire
CW64 7YL",Female,Westmere Community Health NHS Trust,Mixed,Kenya,Dependent,AHP,Physiotherapist,Critical Care & Anaesthesia,6,26.55,2024-01-04,2024-02-08,20.0,0.53,GMC,Permanent,Suspended,ZK410423,2030-09-23,GG503387,2027-12-30,2027-05-03,2024-01-25
EMP0124-20260916_215328,Michael,Smith,antony70@example.net,1997-06-28,+44(0)151 4960348,"Studio 72
Abigail Glens
West Lindsey
G6 3PH",Male,Eastfield Psychological Services NHS Trust,Mixed,Barbados,Skilled Worker,AHP,Pharmacist,Medicine & Acute Care,5,20.85,2017-09-23,2017-10-28,37.5,1.0,GMC,Bank,Active,KC466802,2027-05-11,YE266970,2028-05-01,2026-12-22,2017-10-14
EMP0125-20260916_215328,Bruce,Atkinson,ben46@example.net,2001-12-22,+44(0)1144960580,"Flat 3
Newman Burgs
North Judithshire
N7A 3GW",Male,Southvale Hospitals NHS Trust,White,Australia,Skilled Worker,Nursing,Staff Nurse,Surgery & Cancer,5,20.15,2025-11-20,2025-12-18,18.75,0.5,NMC,Permanent,Inactive,RY552387,2030-12-30,EG018743,2030-01-29,2026-10-18,2025-12-11
EMP0126-20260916_215328,Jonathan,Wilson,lynnhutchinson@example.org,2002-07-10,+44(0)1614960935,"Studio 08
Jenkins Junction
Port Jakefort
S3U 3XN",Male,Oakridge Community Services NHS Trust,Black,Barbados,British Citizen,AHP,Physiotherapist,Surgery & Cancer,6,27.9,2023-09-01,2023-10-06,37.5,1.0,None,Bank,Suspended,FN949581,2031-08-15,JD147223,2029-04-01,2026-11-02,2023-09-22
EMP0127-20260916_215328,Leonard,Johnson,walkertimothy@example.com,1974-08-29,+44(0)131 496 0694,"923 Owen Crest
McKenzieview
BS34 0NG",Female,Southgate Community & Mental Health NHS Trust,Black,South Africa,British Citizen,Admin,Medical Secretary,Clinical Support Services,4,18.68,2016-10-20,2016-11-24,30.0,0.8,GMC,Permanent,Active,ID796672,2029-04-20,TD279448,2031-05-29,2027-03-03,2016-11-10
EMP0128-20260916_215328,Ashleigh,Brown,hmiah@example.org,1983-07-02,(0117)4960438,"Studio 93
Edward Forks
Barbarabury
CA1Y 6XW",Female,Southgate Community & Mental Health NHS Trust,Mixed,Thailand,Skilled Worker,Admin,Data Analyst,Corporate Services,8A,35.36,2017-11-13,2017-12-25,18.75,0.5,HCPC,Permanent,On Leave,YB296752,2028-05-03,XK755846,2031-08-24,2027-01-18,2017-12-04
EMP0129-20260916_215328,Anthony,Robinson,heather78@example.net,1985-10-24,01914960524,"146 Hall Drive
Metcalfeport
N3A 1NS",Female,Oakridge Community Services NHS Trust,Black,Nigeria,British Citizen,Admin,Receptionist,Medicine & Acute Care,3,15.51,2025-07-31,2025-08-28,37.5,1.0,None,Permanent,Inactive,TT343304,2028-02-02,FZ077114,2026-10-01,2026-12-08,2025-08-21
EMP0130-20260916_215328,Christian,Begum,samantha31@example.org,2000-12-03,(0808)1570152,"Flat 99
Jacob Loop
Ahmedton
WF3H 0JL",Male,Meadowbrook Community Health NHS Trust,White,Australia,Dependent,Admin,Receptionist,Clinical Support Services,3,14.76,2023-01-18,2023-02-22,30.0,0.8,GMC,Bank,Inactive,DS155593,2030-10-20,DM750170,2029-02-21,2026-11-11,2023-02-08
EMP0131-20260916_215328,Mathew,Bailey,debra80@example.net,1977-08-25,(0131) 4960643,"375 Iqbal Throughway
East Daletown
B3T 9BB",Male,Riverside Integrated Care NHS Trust,Asian,China,Skilled Worker,Medical,FY1/FY2,Corporate Services,FY1,20.66,2026-06-19,2026-07-31,15.0,0.4,None,Bank,Inactive,AN435246,2027-03-26,YJ168755,2027-08-31,2027-02-19,2026-07-10
EMP0132-20260916_215328,Damian,Martin,harrisnicholas@example.com,1987-07-11,+44(0)1514960816,"962 Clifford Prairie
Ameliaburgh
W51 3AR",Male,Westborough Acute Care NHS Trust,Asian,Thailand,ILR,Medical,Consultant,Corporate Services,CONS,54.84,2019-09-16,2019-10-21,18.75,0.5,NMC,Permanent,Inactive,WO994675,2030-12-14,CN497558,2028-12-30,2027-08-29,2019-10-07
EMP0133-20260916_215328,Andrea,Cooke,smithcharlie@example.com,2003-01-05,+441914960891,"Studio 94W
Shepherd Inlet
West Ross
L2 7BB",Male,Horizon Integrated Health Partnership NHS Trust,Asian,Thailand,Skilled Worker,AHP,Physiologist,Medicine & Acute Care,6,28.16,2018-09-27,2018-11-01,18.75,0.5,GMC,Fixed Term,Active,QI780452,2029-01-28,EC174227,2028-10-25,2026-10-17,2018-10-18
EMP0134-20260916_215328,Frank,Walker,maureen50@example.com,1997-12-13,+448081570682,"Studio 50
Daniel Flats
East Ireneside
G7D 0AQ",Male,Eastfield Psychological Services NHS Trust,Asian,India,ILR,AHP,Radiographer,Corporate Services,6,24.2,2026-05-28,2026-07-09,37.5,1.0,NMC,Fixed Term,On Leave,SR847284,2027-10-01,CG560908,2027-09-19,2027-07-14,2026-06-18
EMP0135-20260916_215328,Hilary,Bishop,adamslynn@example.com,1982-03-28,020 7946 0557,"785 Vincent Garden
Hilltown
W8B 3ZP",Male,Valleyview Mental Wellness NHS Trust,Black,South Africa,Dependent,Nursing,Healthcare Assistant,Surgery & Cancer,2,12.41,2019-09-26,2019-10-31,15.0,0.4,GMC,Permanent,Suspended,VI108346,2028-08-20,UE692661,2026-11-10,2027-02-23,2019-10-17
EMP0136-20260916_215328,Jayne,West,xrobinson@example.org,1965-08-03,(0115)4960270,"8 Williams Fields
Damianstad
W2 8LT",Male,Meadowbrook Community Health NHS Trust,Asian,Thailand,Skilled Worker,Nursing,Ward Manager,Clinical Support Services,8A,30.75,2025-04-16,2025-05-28,37.5,1.0,HCPC,Bank,Suspended,NK752645,2028-05-05,HB479587,2031-01-16,2027-03-25,2025-05-07
EMP0137-20260916_215328,Joe,Shaw,cheryl48@example.com,2004-03-02,+44(0)1214960206,"Studio 12K
Edward Parks
North Billy
SS0 4AD",Female,Eastmoor Teaching Hospitals NHS Trust,Mixed,Canada,Skilled Worker,Nursing,Senior Staff Nurse,Critical Care & Anaesthesia,6,23.2,2017-10-11,2017-11-22,37.5,1.0,HCPC,Permanent,Active,PT763337,2027-09-14,GT791882,2028-02-12,2027-02-16,2017-11-01
EMP0138-20260916_215328,Brett,Thompson,colinbarnes@example.net,1993-01-31,0117 496 0025,"Flat 57
Khan Wells
Lake Alexandrastad
N4 8RW",Male,Midlands Central Hospitals NHS Trust,White,Canada,ILR,AHP,Physiologist,Emergency & Urgent Care,6,24.96,2021-08-25,2021-09-22,15.0,0.4,HCPC,Permanent,Suspended,FI549654,2027-03-11,GB151073,2028-03-25,2027-03-07,2021-09-15
EMP0139-20260916_215328,Derek,Jenkins,dberry@example.net,1979-04-05,+4420 74960544,"Flat 2
Stanley Run
Millerfurt
IP3M 0AB",Female,Eastmoor Teaching Hospitals NHS Trust,Black,Trinidad and Tobago,British Citizen,Medical,Consultant,Emergency & Urgent Care,CONS,55.17,2018-12-19,2019-01-23,37.5,1.0,None,Bank,On Leave,JL728618,2031-09-09,MM658830,2030-11-16,2026-11-24,2019-01-09
EMP0140-20260916_215328,Marian,Khan,declan97@example.org,1975-05-14,(0121) 4960996,"06 Bell Way
Lake Graememouth
NP9Y 8RT",Female,Riverbank General Hospitals NHS Trust,White,United States,British Citizen,Admin,Receptionist,Medicine & Acute Care,3,15.94,2023-01-20,2023-02-17,20.0,0.53,None,Bank,Suspended,YI577461,2028-01-15,UZ781613,2031-08-22,2027-04-17,2023-02-10
EMP0141-20260916_215328,Samantha,Miah,dsmith@example.com,2007-04-07,(0118) 4960951,"921 Hugh Trace
West Sianton
M4 2LR",Female,Oakridge Community Services NHS Trust,Asian,Thailand,Skilled Worker,Admin,Medical Secretary,Corporate Services,4,17.83,2019-01-28,2019-02-25,30.0,0.8,None,Bank,Active,DS776797,2026-11-30,DN246412,2029-01-24,2027-05-31,2019-02-18
EMP0142-20260916_215328,Leah,Parker,iain55@example.org,1983-11-01,+44(0)1514960120,"6 Marian Mission
East Leechester
LL7 3RT",Female,Horizon Integrated Health Partnership NHS Trust,Mixed,United Kingdom,ILR,Nursing,Ward Manager,Emergency & Urgent Care,8A,35.21,2024-09-02,2024-10-14,30.0,0.8,HCPC,Permanent,Inactive,WE228868,2028-01-01,SD760341,2028-12-22,2027-07-16,2024-09-23
EMP0143-20260916_215328,June,Smith,edwardfuller@example.com,1968-01-06,+4428 9018874,"Flat 87J
Dale Camp
North Trevorhaven
BD2 5AP",Male,Riverbank General Hospitals NHS Trust,Asian,Japan,British Citizen,Admin,Medical Secretary,Medicine & Acute Care,4,18.03,2024-05-19,2024-06-16,37.5,1.0,HCPC,Bank,Active,ZK951016,2028-05-29,PR259385,2029-06-03,2027-04-21,2024-06-09
EMP0144-20260916_215328,June,Gardiner,jemmapayne@example.com,1998-02-26,+44(0)29 2018 0263,"Flat 34
Mellor Trafficway
North Ryantown
S7 2EF",Female,Midlands Central Hospitals NHS Trust,Mixed,Barbados,Skilled Worker,Admin,Medical Secretary,Corporate Services,4,15.79,2020-11-13,2020-12-11,30.0,0.8,HCPC,Permanent,Suspended,FC088550,2030-11-28,WI581748,2029-10-02,2027-03-14,2020-12-04
EMP0145-20260916_215328,Stanley,Begum,richardsonjosh@example.com,1981-02-01,(0909) 8790745,"Studio 92
Wilson Trail
Lake Danielle
DH1 9XF",Male,Hillcrest Medical Centres NHS Trust,Black,Kenya,British Citizen,Medical,SHO,Women & Children,SHO,23.28,2020-09-01,2020-10-06,20.0,0.53,None,Fixed Term,Suspended,JV607747,2030-12-09,EF513947,2030-08-20,2027-07-27,2020-09-22
EMP0146-20260916_215328,Graeme,Rogers,howard04@example.com,1975-04-30,+44289018462,"74 Suzanne Rapid
South Shirleymouth
L02 8QF",Male,Eastfield Psychological Services NHS Trust,Black,Jamaica,Dependent,Medical,Registrar,Critical Care & Anaesthesia,SPR,39.55,2020-06-22,2020-08-03,37.5,1.0,HCPC,Bank,Suspended,IM549020,2027-05-27,XB995413,2026-10-19,2027-01-07,2020-07-13
EMP0147-20260916_215328,Sandra,Savage,newmanlouis@example.net,2007-07-14,+44(0)1164960760,"21 Hudson Light
Murphyton
PE16 7DZ",Female,Broadfield Clinical Services NHS Trust,Asian,Thailand,Dependent,Medical,Registrar,Surgery & Cancer,SPR,37.89,2021-04-01,2021-05-13,18.75,0.5,GMC,Fixed Term,Inactive,JB034845,2027-06-04,OC939338,2029-07-15,2026-10-16,2021-04-22
EMP0148-20260916_215328,Rhys,Turner,phillip95@example.org,2004-08-13,(0191) 4960178,"14 Owen Street
New Jacqueline
W9 9ZU",Female,Eastmoor Teaching Hospitals NHS Trust,Mixed,Kenya,Skilled Worker,Medical,Consultant,Women & Children,CONS,52.84,2021-01-22,2021-02-26,18.75,0.5,HCPC,Fixed Term,Active,QI523716,2031-04-28,ZN646947,2030-02-27,2026-11-04,2021-02-12
EMP0149-20260916_215328,Ian,Lees,slewis@example.com,1973-04-21,(029) 2018346,"Flat 50o
David Well
Brownside
EC8Y 2JW",Male,Hillcrest Medical Centres NHS Trust,Black,South Africa,ILR,AHP,Radiographer,Emergency & Urgent Care,6,25.13,2017-02-18,2017-03-18,30.0,0.8,None,Bank,Suspended,MF987110,2031-02-10,UI242098,2029-11-16,2026-10-09,2017-03-11
EMP0150-20260916_215328,Edward,Morgan,joanbates@example.com,1982-09-03,0113 4960691,"Studio 6
Archer River
North Stephanieland
W3H 6FT",Male,Meadowbrook Community Health NHS Trust,Asian,China,Dependent,Admin,Receptionist,Clinical Support Services,3,13.43,2019-02-28,2019-04-04,20.0,0.53,GMC,Fixed Term,Active,AT624141,2030-06-01,QW877171,2029-05-17,2026-09-26,2019-03-21
EMP0151-20260916_215328,Justin,Harrison,tombarrett@example.com,1961-06-19,0909 879 0909,"Studio 34g
Day Inlet
South Christopher
W1 1SX",Female,Eastmoor Teaching Hospitals NHS Trust,White,United Kingdom,ILR,AHP,Physiologist,Women & Children,6,24.47,2020-06-13,2020-07-25,20.0,0.53,HCPC,Permanent,On Leave,GT478716,2027-04-22,CV852708,2029-09-08,2027-08-10,2020-07-04
EMP0152-20260916_215328,Tony,Wells,ubrooks@example.com,1994-09-14,0808 157 0912,"Flat 94
Ruth Unions
Kimshire
B7D 5WS",Female,Valleyview Mental Wellness NHS Trust,Asian,Japan,Skilled Worker,Nursing,Healthcare Assistant,Emergency & Urgent Care,2,14.02,2019-08-24,2019-10-05,15.0,0.4,None,Permanent,On Leave,DQ907652,2030-10-19,FK838959,2031-06-15,2027-01-15,2019-09-14
EMP0153-20260916_215328,Gareth,Fisher,whitesheila@example.net,1993-07-10,0121 496 0107,"178 Hannah Throughway
Vincentbury
B2S 4UH",Female,Southgate Community & Mental Health NHS Trust,Black,South Africa,British Citizen,Admin,Medical Secretary,Women & Children,4,19.11,2026-01-22,2026-02-26,20.0,0.53,HCPC,Bank,Active,QM811738,2028-12-07,OO119906,2027-02-03,2027-07-25,2026-02-12
EMP0154-20260916_215328,Jean,Brown,moorebethany@example.net,1976-09-18,(0131) 496 0335,"4 Haynes Plaza
Lake Annettemouth
S2 4EP",Male,Riverbank General Hospitals NHS Trust,White,Australia,British Citizen,Admin,Medical Secretary,Critical Care & Anaesthesia,4,18.28,2025-08-22,2025-10-03,18.75,0.5,NMC,Bank,Active,NV631513,2028-08-09,AN611563,2029-06-22,2026-10-27,2025-09-12
EMP0155-20260916_215328,Leigh,Bowen,shahfrancis@example.com,1979-12-07,+44116 4960147,"3 Kaur Curve
Patricktown
N9 6WE",Female,Southgate Community & Mental Health NHS Trust,White,New Zealand,Dependent,Medical,SHO,Medicine & Acute Care,SHO,24.77,2025-12-17,2026-01-28,37.5,1.0,None,Bank,Suspended,HW141127,2031-07-01,KX992659,2031-01-03,2027-05-23,2026-01-07
EMP0156-20260916_215328,Lisa,Wells,kaurhannah@example.org,1994-03-14,+441514960981,"2 Evans Curve
East Albert
CO7 0LH",Male,Horizon Integrated Health Partnership NHS Trust,Asian,China,British Citizen,Nursing,Nursery Nurse,Clinical Support Services,2,12.98,2017-03-25,2017-04-29,30.0,0.8,NMC,Bank,Active,PX385251,2028-06-13,TT153862,2027-05-07,2027-03-05,2017-04-15
EMP0157-20260916_215328,Francesca,Clark,greenwoodmax@example.net,1961-07-05,(0161)4960735,"63 Lindsey Spur
Port Natashaberg
N5E 8QZ",Female,Valleyview Mental Wellness NHS Trust,Mixed,Trinidad and Tobago,ILR,Medical,Registrar,Emergency & Urgent Care,SPR,34.13,2021-08-10,2021-09-07,18.75,0.5,None,Permanent,On Leave,PI394447,2031-07-22,CX985739,2027-02-08,2026-11-17,2021-08-31
EMP0158-20260916_215328,Margaret,Lewis,phiggins@example.net,1976-10-03,(0121) 496 0289,"918 Jones Stream
North Janetfort
S1C 2RE",Female,Horizon Integrated Health Partnership NHS Trust,White,Canada,Dependent,Medical,FY1/FY2,Medicine & Acute Care,FY1,20.09,2026-03-13,2026-04-10,18.75,0.5,HCPC,Fixed Term,Active,ND244691,2028-10-31,DY672207,2030-03-13,2027-05-11,2026-04-03
EMP0159-20260916_215328,Lydia,Martin,eric26@example.com,1996-03-02,+44(0)113 496 0027,"Flat 5
Kathryn Loop
South Anntown
G82 0AL",Female,Horizon Integrated Health Partnership NHS Trust,White,Australia,Skilled Worker,Nursing,Staff Nurse,Medicine & Acute Care,5,22.1,2019-10-13,2019-11-17,18.75,0.5,GMC,Fixed Term,On Leave,RY695940,2026-10-25,JL981405,2031-09-11,2026-10-19,2019-11-03
EMP0160-20260916_215328,Hannah,Foster,nicola63@example.org,1994-08-15,029 2018 0244,"Studio 73
Heather Wells
Gregoryview
S4 2HP",Male,Bluewater Community & Rehabilitation NHS Trust,White,Canada,ILR,Admin,Data Analyst,Corporate Services,8A,34.62,2021-06-09,2021-07-21,20.0,0.53,None,Bank,On Leave,MU398948,2030-01-16,LE556860,2028-04-17,2027-05-19,2021-06-30
EMP0161-20260916_215328,June,Harrison,bharvey@example.com,2001-05-18,+44(0)808 157 0141,"Flat 1
Hall Ridges
Markfurt
L0U 1RG",Female,Riverside Integrated Care NHS Trust,Mixed,South Africa,British Citizen,Nursing,Senior Staff Nurse,Surgery & Cancer,6,23.14,2017-12-13,2018-01-10,18.75,0.5,GMC,Bank,Suspended,QZ082694,2030-06-14,WA440668,2026-12-20,2027-08-03,2018-01-03
EMP0162-20260916_215328,Dean,Johnson,susannewman@example.net,1993-08-05,+44(0)808 157 0916,"Flat 69
Lawrence Bridge
Iqbalburgh
EX39 3QA",Male,Meadowbrook Community Health NHS Trust,Black,Trinidad and Tobago,ILR,Admin,Data Analyst,Surgery & Cancer,8A,30.06,2024-02-23,2024-03-29,18.75,0.5,GMC,Permanent,Suspended,CG325967,2031-07-08,MN026860,2029-06-30,2027-03-17,2024-03-15
EMP0163-20260916_215328,Michael,Smith,georgeheath@example.net,1982-06-23,+44(0)1314960344,"Studio 50N
Hollie Station
Lake Normanville
M55 1GF",Male,Northwood Mental Health NHS Trust,Mixed,Australia,Dependent,Admin,Receptionist,Critical Care & Anaesthesia,3,14.84,2023-05-12,2023-06-23,30.0,0.8,HCPC,Fixed Term,Suspended,TR966294,2028-03-07,PO145831,2031-08-27,2026-09-18,2023-06-02
EMP0164-20260916_215328,Jonathan,Wilson,mitchell09@example.org,1963-12-04,(0909) 8790382,"Flat 0
Weston Dale
North Carol
L9K 1RQ",Male,Riverside Integrated Care NHS Trust,Black,Nigeria,Skilled Worker,Medical,GP,Emergency & Urgent Care,GP,50.36,2025-12-19,2026-01-16,20.0,0.53,None,Permanent,On Leave,CR848549,2027-04-17,EV808138,2030-12-26,2027-02-21,2026-01-09
EMP0165-20260916_215328,Matthew,Connor,amandabrown@example.org,2006-04-14,01174960488,"Flat 8
Ali Keys
Kerrstad
KY8 0ZP",Female,Riverbank General Hospitals NHS Trust,Asian,Thailand,Dependent,Nursing,Healthcare Assistant,Emergency & Urgent Care,2,13.14,2019-06-02,2019-07-07,30.0,0.8,NMC,Bank,Active,OX035692,2029-06-26,AK485785,2029-04-01,2026-11-21,2019-06-23
EMP0166-20260916_215328,George,Bradley,russellrobinson@example.net,2007-05-06,+4429 2018707,"856 Bernard Crossing
Jonesfort
SL0B 2YP",Male,Southgate Community & Mental Health NHS Trust,Asian,China,Skilled Worker,AHP,Occupational Therapist,Corporate Services,6,27.15,2019-05-18,2019-06-15,15.0,0.4,HCPC,Fixed Term,Inactive,OX616130,2027-11-14,QU952453,2027-10-14,2027-02-23,2019-06-08
EMP0167-20260916_215328,Kyle,Atkinson,dylan30@example.net,1993-12-17,+44(0)121 496 0998,"42 Whitehead Roads
Lake Timothy
M2 2QP",Female,Oakridge Community Services NHS Trust,Mixed,Thailand,Skilled Worker,AHP,Pharmacist,Corporate Services,5,19.85,2022-02-20,2022-03-27,30.0,0.8,HCPC,Fixed Term,Active,EL830533,2030-08-31,TY304655,2029-01-16,2027-01-15,2022-03-13
EMP0168-20260916_215328,Billy,Hammond,westontrevor@example.org,2006-07-05,+441914960489,"9 Holland Mill
Payneshire
IP0 4HY",Female,Southvale Hospitals NHS Trust,Asian,India,Skilled Worker,AHP,Pharmacist,Women & Children,5,22.3,2022-01-16,2022-02-13,30.0,0.8,HCPC,Fixed Term,Inactive,XU914564,2030-04-13,YM272028,2029-04-02,2027-04-02,2022-02-06
EMP0169-20260916_215328,Nigel,Butler,arthur40@example.com,1989-04-20,(0131) 4960640,"Studio 1
Abdul Stravenue
Hazelfort
M7 2FX",Female,Hillcrest Medical Centres NHS Trust,Black,Nigeria,ILR,Admin,Administrator,Surgery & Cancer,3,15.69,2017-03-01,2017-03-29,20.0,0.53,None,Permanent,On Leave,RA769111,2030-09-23,YQ075339,2029-10-18,2027-04-05,2017-03-22
EMP0170-20260916_215328,Danny,Ball,khopkins@example.com,2006-11-20,09098790903,"737 Bowen Garden
North Leahmouth
NW30 7AL",Male,Southgate Community & Mental Health NHS Trust,Black,Nigeria,Skilled Worker,AHP,Radiographer,Surgery & Cancer,6,23.08,2021-10-17,2021-11-21,15.0,0.4,None,Bank,Active,YK452121,2030-11-18,VS113843,2029-09-23,2026-10-22,2021-11-07
EMP0171-20260916_215328,Billy,Byrne,imiller@example.com,1979-10-16,(028) 9018614,"46 Rogers Point
Maryburgh
CA93 3AB",Female,Midlands Central Hospitals NHS Trust,Black,Kenya,Skilled Worker,Medical,Consultant,Corporate Services,CONS,71.16,2018-01-26,2018-03-09,30.0,0.8,None,Permanent,Suspended,EX181299,2028-02-22,PE048009,2028-08-04,2027-09-08,2018-02-16
EMP0172-20260916_215328,Lynne,Evans,wjenkins@example.org,1997-11-10,+44(0)141 4960079,"541 Carly Ramp
Ambertown
M4T 2NJ",Male,Broadfield Clinical Services NHS Trust,White,United States,British Citizen,AHP,Speech Therapist,Emergency & Urgent Care,6,27.76,2024-12-23,2025-01-20,15.0,0.4,None,Fixed Term,On Leave,CT861667,2028-11-13,CH599391,2028-01-07,2027-05-06,2025-01-13
EMP0173-20260916_215328,Alexandra,Murphy,hortonmaureen@example.com,1993-12-16,+44113 496 0775,"5 Potter Plaza
New Mohammedville
B4 4WA",Female,Valleyview Mental Wellness NHS Trust,White,New Zealand,Skilled Worker,Admin,Data Analyst,Clinical Support Services,8A,34.0,2022-02-09,2022-03-23,18.75,0.5,NMC,Fixed Term,Suspended,QU842363,2029-05-31,OF478006,2028-11-23,2027-08-18,2022-03-02
EMP0174-20260916_215328,Yvonne,Warner,alex16@example.net,1992-06-23,(020) 74960234,"Flat 08A
Pollard Islands
Port Keithborough
EX0 1UB",Male,Southvale Hospitals NHS Trust,Mixed,Barbados,ILR,Medical,SHO,Medicine & Acute Care,SHO,24.14,2023-04-20,2023-05-18,30.0,0.8,GMC,Bank,Suspended,NU546547,2031-02-03,QV634821,2028-03-02,2027-07-27,2023-05-11
EMP0175-20260916_215328,Sian,Hayes,danielleharrison@example.net,1971-01-26,(01632) 960 277,"Flat 74
Moore Parkway
Kayleighfort
B5 3DL",Male,Hillcrest Medical Centres NHS Trust,Asian,China,British Citizen,AHP,Radiographer,Medicine & Acute Care,6,22.74,2024-09-19,2024-10-31,20.0,0.53,None,Bank,Inactive,DI355269,2028-01-11,BK973551,2030-10-29,2027-02-18,2024-10-10
EMP0176-20260916_215328,Victoria,Shaw,crossnatalie@example.com,1996-02-14,+441184960160,"64 Barnes Union
East Bradleymouth
SM64 1UL",Female,Westmere Community Health NHS Trust,Asian,Japan,British Citizen,Medical,FY1/FY2,Surgery & Cancer,FY1,20.75,2019-01-23,2019-03-06,18.75,0.5,NMC,Permanent,On Leave,AA636885,2030-01-03,PF705559,2030-02-07,2026-11-04,2019-02-13
EMP0177-20260916_215328,Joanne,Burns,eakhtar@example.com,1998-09-24,0131 4960429,"003 Carr Square
Chloeview
LD75 8QW",Female,Horizon Integrated Health Partnership NHS Trust,Asian,Thailand,ILR,AHP,Physiologist,Emergency & Urgent Care,6,26.51,2022-10-31,2022-11-28,20.0,0.53,None,Permanent,Suspended,LI969609,2030-11-09,KZ596700,2028-08-09,2026-10-31,2022-11-21
EMP0178-20260916_215328,Diane,Webb,hunterstephen@example.com,1985-07-21,+4428 9018 0628,"Studio 37
Miah Isle
Jadefurt
SL4A 1HJ",Female,Hillcrest Medical Centres NHS Trust,White,New Zealand,Dependent,Admin,Receptionist,Medicine & Acute Care,3,16.2,2021-06-07,2021-07-19,30.0,0.8,NMC,Fixed Term,Suspended,UD703204,2027-12-29,RJ304220,2031-03-08,2026-10-04,2021-06-28
EMP0179-20260916_215328,Julie,Richardson,pamela26@example.net,1973-11-13,(0909) 8790622,"490 Mandy Drives
Bakerport
HX21 2BB",Female,Riverside Integrated Care NHS Trust,Mixed,Kenya,ILR,Nursing,Staff Nurse,Women & Children,5,22.9,2023-06-13,2023-07-18,20.0,0.53,HCPC,Bank,Active,NV764521,2030-01-06,CE216781,2030-05-02,2026-11-21,2023-07-04
EMP0180-20260916_215328,Vincent,Jones,joan26@example.net,1979-02-19,+44(0)131 4960681,"20 Bruce Corner
South Tracyside
LU4M 2NQ",Female,Eastfield Psychological Services NHS Trust,White,United Kingdom,Skilled Worker,Medical,FY1/FY2,Medicine & Acute Care,FY1,20.84,2017-09-04,2017-10-16,20.0,0.53,HCPC,Bank,On Leave,HD144909,2030-02-14,IK598452,2029-02-28,2027-05-05,2017-09-25
EMP0181-20260916_215328,Anne,Hill,joecooper@example.org,1965-08-14,(0151) 496 0587,"0 Taylor Viaduct
Lake Gerardville
BB5N 1DA",Male,Hillcrest Medical Centres NHS Trust,Mixed,Barbados,Skilled Worker,Medical,SHO,Corporate Services,SHO,23.74,2023-03-03,2023-04-07,30.0,0.8,None,Permanent,Suspended,DQ334825,2031-05-20,PP287411,2030-06-07,2027-04-08,2023-03-24
EMP0182-20260916_215328,Kathleen,Banks,jillwilliams@example.com,2005-11-02,+4428 9018386,"Studio 40M
James Park
South Megan
G5 4HL",Male,Riverside Integrated Care NHS Trust,White,Canada,Dependent,AHP,Radiographer,Women & Children,6,23.24,2021-07-01,2021-07-29,37.5,1.0,None,Permanent,Inactive,IS970041,2026-11-15,EY182437,2030-07-16,2027-08-09,2021-07-22
EMP0183-20260916_215328,Diana,Thomas,simpsonjade@example.org,1961-02-06,(0115)4960260,"1 Susan Vista
West Amy
AB2 8RD",Female,Riverside Integrated Care NHS Trust,Mixed,Nigeria,British Citizen,Nursing,Staff Nurse,Surgery & Cancer,5,19.97,2018-04-01,2018-05-13,20.0,0.53,HCPC,Permanent,Suspended,GQ562463,2030-10-13,CZ462002,2029-01-18,2026-09-28,2018-04-22
EMP0184-20260916_215328,Frank,May,alexandra30@example.com,1970-06-09,+44(0)289018342,"51 Jackson Junctions
West Ashleigh
E98 2UT",Female,Westmere Community Health NHS Trust,Mixed,United States,British Citizen,Medical,Consultant,Critical Care & Anaesthesia,CONS,56.61,2025-07-14,2025-08-18,18.75,0.5,NMC,Bank,Active,GA574266,2030-11-16,FE053265,2027-01-26,2027-06-20,2025-08-04
EMP0185-20260916_215328,Mandy,Pope,sylviawarren@example.org,1967-12-14,(0121)4960557,"7 Brian Underpass
South Hollie
G0 2BD",Male,Eastfield Psychological Services NHS Trust,Black,Nigeria,Skilled Worker,AHP,Radiographer,Emergency & Urgent Care,6,23.66,2023-06-15,2023-07-27,15.0,0.4,GMC,Permanent,On Leave,WY934604,2029-09-16,VQ683381,2027-04-04,2027-08-25,2023-07-06
EMP0186-20260916_215328,Guy,Harris,taylorkevin@example.com,1960-10-07,0306 9990961,"28 Parsons Streets
North Rosieborough
MK7M 1YD",Male,Greenhaven Acute & Specialist Care NHS Trust,Black,Barbados,Skilled Worker,AHP,Occupational Therapist,Corporate Services,6,26.15,2021-08-02,2021-09-06,18.75,0.5,HCPC,Permanent,Inactive,NT885036,2028-03-12,ZY566120,2031-03-10,2026-12-20,2021-08-23
EMP0187-20260916_215328,Hazel,Murray,bwhite@example.net,2004-05-21,(0808)1570260,"Flat 7
Jackson Mountains
Lake Naomiton
GL4B 8FQ",Male,Riverside Integrated Care NHS Trust,White,Australia,Dependent,Admin,Administrator,Emergency & Urgent Care,3,13.75,2022-07-04,2022-08-01,37.5,1.0,GMC,Permanent,Active,EG589197,2030-08-02,VJ518816,2028-01-26,2027-04-10,2022-07-25
EMP0188-20260916_215328,Glen,Murray,tinaevans@example.org,1974-04-01,+44116 496 0697,"3 Fleming Villages
Lake Markview
TF2 6RS",Male,Southvale Hospitals NHS Trust,Black,Jamaica,ILR,Medical,SHO,Emergency & Urgent Care,SHO,24.77,2023-05-24,2023-06-28,18.75,0.5,NMC,Fixed Term,On Leave,KY961248,2028-05-19,YS342614,2028-01-12,2026-10-29,2023-06-14
EMP0189-20260916_215328,Barry,Curtis,hannahfrancis@example.net,2006-09-13,+44161 4960545,"501 Albert Harbor
Charliefort
HD8 9JL",Male,Riverside Integrated Care NHS Trust,Asian,Thailand,Dependent,Medical,SHO,Critical Care & Anaesthesia,SHO,24.25,2022-07-18,2022-08-29,30.0,0.8,None,Fixed Term,On Leave,OE257414,2028-08-11,FF766343,2029-06-23,2026-10-10,2022-08-08
EMP0190-20260916_215328,Jack,Greenwood,aimee94@example.org,1973-09-27,(0141)4960729,"902 Patricia Curve
Port Heather
NE07 5UL",Female,Southgate Community & Mental Health NHS Trust,White,United States,British Citizen,Admin,Data Analyst,Emergency & Urgent Care,8A,33.41,2023-05-04,2023-06-08,18.75,0.5,NMC,Permanent,Active,IH892780,2030-06-19,TP118638,2027-12-26,2027-08-11,2023-05-25
EMP0191-20260916_215328,Lewis,Evans,etodd@example.com,1995-11-08,+44(0)141 496 0594,"97 Davidson Locks
South Russell
IG6 4AG",Male,Meadowbrook Community Health NHS Trust,Asian,Thailand,Dependent,Medical,Registrar,Women & Children,SPR,37.3,2022-04-08,2022-05-13,15.0,0.4,GMC,Permanent,Suspended,HZ805029,2027-09-27,AW337678,2028-08-04,2027-01-16,2022-04-29
EMP0192-20260916_215328,Teresa,Richards,kayleighclarke@example.org,1964-05-26,+44(0)28 9018284,"9 White Bridge
Jenkinsfurt
B8S 9BB",Female,Eastfield Psychological Services NHS Trust,Mixed,South Africa,ILR,AHP,Speech Therapist,Surgery & Cancer,6,25.65,2024-08-07,2024-09-18,37.5,1.0,NMC,Bank,Suspended,TZ657581,2031-05-07,WZ880933,2030-08-03,2027-05-18,2024-08-28
EMP0193-20260916_215328,Deborah,Yates,tracyhenderson@example.com,1970-10-10,(0121)4960090,"341 Ward Wall
Watsonborough
TF44 4DB",Female,Westmere Community Health NHS Trust,Mixed,Jamaica,Skilled Worker,AHP,Occupational Therapist,Corporate Services,6,27.63,2020-04-24,2020-06-05,15.0,0.4,HCPC,Permanent,Suspended,VM986062,2027-05-29,LM618014,2031-01-25,2027-04-15,2020-05-15
EMP0194-20260916_215328,Geraldine,Cooper,daviesnathan@example.net,1998-07-03,+44118 496 0533,"Flat 85
Lawrence Via
East Sean
LL6H 4SW",Male,Northshire University Hospitals NHS Trust,Asian,China,Skilled Worker,AHP,Physiologist,Surgery & Cancer,6,26.71,2017-02-18,2017-03-25,37.5,1.0,None,Permanent,Active,PW853535,2031-07-31,BA692388,2030-05-30,2026-10-24,2017-03-11
EMP0195-20260916_215328,Tina,Shaw,smithgavin@example.org,1975-10-25,+44116 4960822,"9 Gray Skyway
New Marybury
E0C 8YP",Female,Hillcrest Medical Centres NHS Trust,Asian,Thailand,Skilled Worker,Medical,Consultant,Surgery & Cancer,CONS,67.43,2025-07-10,2025-08-14,18.75,0.5,HCPC,Permanent,On Leave,PY328229,2027-04-28,MM224786,2029-12-24,2026-12-31,2025-07-31
EMP0196-20260916_215328,Samantha,Clements,barnettshannon@example.org,1976-01-23,01632 960 048,"07 Turner Mill
West Rosiechester
E27 4GH",Male,Northshire University Hospitals NHS Trust,Mixed,Barbados,British Citizen,AHP,Occupational Therapist,Medicine & Acute Care,6,24.34,2021-04-01,2021-05-06,15.0,0.4,NMC,Fixed Term,On Leave,DJ218889,2029-10-05,AW663096,2029-10-13,2026-10-28,2021-04-22
EMP0197-20260916_215328,Jeffrey,Hawkins,wwilson@example.com,1975-10-13,+4428 9018 0074,"Studio 77N
Miller Row
North Roger
NG6 0YW",Female,Midlands Central Hospitals NHS Trust,Asian,India,Skilled Worker,Nursing,Charge Nurse,Surgery & Cancer,7,29.92,2026-07-18,2026-08-29,18.75,0.5,NMC,Bank,On Leave,NR095199,2029-10-19,UN410052,2030-11-07,2026-12-18,2026-08-08
EMP0198-20260916_215328,James,Khan,bryanbegum@example.com,1961-09-06,(0141)4960961,"4 Brown Underpass
South Lynda
KW9 3GB",Female,Broadfield Clinical Services NHS Trust,White,United States,Skilled Worker,AHP,Physiologist,Surgery & Cancer,6,26.5,2024-06-14,2024-07-12,37.5,1.0,HCPC,Bank,Inactive,JQ682425,2029-06-14,JA056686,2027-12-27,2026-12-07,2024-07-05
EMP0199-20260916_215328,Sophie,Baker,prattlorraine@example.com,1989-08-05,+44(0)1214960258,"Studio 0
Webster Tunnel
New Thomasland
EC5Y 2HW",Female,Riverside Integrated Care NHS Trust,White,Australia,British Citizen,Nursing,Senior Staff Nurse,Women & Children,6,24.11,2021-09-27,2021-11-08,18.75,0.5,NMC,Bank,On Leave,EX173316,2028-05-17,EI182273,2028-12-14,2026-11-10,2021-10-18
EMP0200-20260916_215328,Leigh,Young,ljames@example.org,1968-08-03,029 2018966,"6 Daniel Expressway
Port Damianport
M5B 7EE",Male,Midlands Central Hospitals NHS Trust,Black,Trinidad and Tobago,Dependent,Nursing,Nursery Nurse,Clinical Support Services,2,13.87,2017-09-10,2017-10-22,20.0,0.53,HCPC,Fixed Term,Inactive,IN897055,2030-05-12,BV735922,2029-09-05,2027-02-27,2017-10-01
EMP0201-20260916_215328,Carl,Carter,baxtermitchell@example.net,1969-09-26,+441414960061,"Studio 30g
Thomas Turnpike
Singhshire
L3E 2PQ",Male,Lakeside District Hospitals NHS Trust,Mixed,Canada,Skilled Worker,AHP,Pharmacist,Emergency & Urgent Care,5,22.13,2020-02-17,2020-03-16,20.0,0.53,HCPC,Bank,Inactive,PH782452,2027-01-06,XM216031,2027-09-06,2027-06-01,2020-03-09
EMP0202-20260916_215328,Carol,O'Brien,kwright@example.com,1968-01-17,(0191) 4960836,"Studio 6
Graham Vista
Keithberg
G3W 1SX",Male,Meadowbrook Community Health NHS Trust,Mixed,Trinidad and Tobago,Dependent,Admin,Medical Secretary,Emergency & Urgent Care,4,19.47,2025-04-25,2025-06-06,20.0,0.53,NMC,Bank,Inactive,SE231433,2028-09-24,LI567325,2029-06-25,2026-12-31,2025-05-16
EMP0203-20260916_215328,Dennis,Harris,brandon95@example.com,2001-01-15,+44(0)8081570663,"Flat 8
Armstrong Gardens
Normanmouth
L9S 1AZ",Female,Horizon Integrated Health Partnership NHS Trust,Mixed,Japan,British Citizen,Medical,FY1/FY2,Surgery & Cancer,FY1,20.93,2022-10-06,2022-11-10,15.0,0.4,GMC,Bank,Suspended,YA417662,2027-05-24,RU368367,2030-07-04,2026-11-09,2022-10-27
EMP0204-20260916_215328,Bradley,Day,russellkerr@example.com,1983-12-28,(020) 7496 0961,"302 Williams Isle
Zoeshire
G3J 5ZN",Male,Northwood Mental Health NHS Trust,Mixed,Thailand,British Citizen,AHP,Radiographer,Women & Children,6,26.8,2026-07-15,2026-08-26,15.0,0.4,GMC,Permanent,On Leave,PS548323,2031-05-27,FE234727,2031-04-08,2026-10-12,2026-08-05
EMP0205-20260916_215328,Bruce,Hartley,hscott@example.net,1987-10-05,+44131 4960394,"Flat 78K
Miller Canyon
Lake Alex
NW1 4DG",Female,Westborough Acute Care NHS Trust,Mixed,Canada,Skilled Worker,Admin,Data Analyst,Surgery & Cancer,8A,32.3,2016-12-18,2017-01-29,30.0,0.8,GMC,Fixed Term,Suspended,SV702379,2027-12-30,XY191057,2028-06-07,2027-05-05,2017-01-08
EMP0206-20260916_215328,Mandy,Jones,foxsheila@example.org,1966-05-02,+441632 960 058,"0 Terence Points
New Seanmouth
M24 5GZ",Female,Eastfield Psychological Services NHS Trust,Mixed,Kenya,Skilled Worker,Medical,Registrar,Surgery & Cancer,SPR,37.21,2022-08-02,2022-08-30,20.0,0.53,HCPC,Fixed Term,Suspended,DK973193,2029-09-12,VI476219,2027-05-11,2027-07-26,2022-08-23
EMP0207-20260916_215328,Judith,Shaw,smithhayley@example.com,1990-09-09,028 9018 0175,"5 Harry Light
Alisonshire
L91 3QP",Female,Bluewater Community & Rehabilitation NHS Trust,Black,Barbados,British Citizen,AHP,Physiotherapist,Clinical Support Services,6,25.53,2023-10-12,2023-11-16,20.0,0.53,GMC,Fixed Term,On Leave,BU817578,2027-12-20,DI865220,2027-03-09,2027-06-07,2023-11-02
EMP0208-20260916_215328,Brett,Adams,benjaminwebster@example.net,1999-08-25,+4429 2018457,"695 Sylvia Point
North Karenside
WV25 1ES",Female,Eastmoor Teaching Hospitals NHS Trust,Black,South Africa,ILR,Admin,Administrator,Clinical Support Services,3,15.22,2019-03-02,2019-04-13,20.0,0.53,HCPC,Bank,On Leave,QY340484,2031-06-26,LI649762,2030-01-07,2027-09-01,2019-03-23
EMP0209-20260916_215328,Aaron,Hammond,hilldaniel@example.com,1989-01-23,+44(0)114 496 0340,"Studio 04B
Jones Alley
Lewisfort
BR6H 7EG",Male,Greenhaven Acute & Specialist Care NHS Trust,Asian,Japan,British Citizen,AHP,Physiologist,Surgery & Cancer,6,23.4,2022-06-15,2022-07-27,18.75,0.5,HCPC,Fixed Term,Suspended,AS421447,2030-05-22,OS280265,2029-06-12,2026-10-24,2022-07-06
EMP0210-20260916_215328,Kieran,Holmes,mwilkinson@example.com,1967-12-20,09098790728,"688 Emma Roads
North Victoriastad
E96 8WR",Female,Northshire University Hospitals NHS Trust,Mixed,Canada,Dependent,Medical,SHO,Women & Children,SHO,27.46,2020-05-23,2020-07-04,37.5,1.0,None,Bank,Suspended,FN420155,2026-09-20,UD547575,2030-09-10,2026-10-13,2020-06-13
EMP0211-20260916_215328,Dale,Sinclair,nathan01@example.com,1992-08-24,+44115 4960397,"496 Campbell Camp
Clairehaven
W92 0PU",Male,Lakeside District Hospitals NHS Trust,Black,Jamaica,ILR,Medical,SHO,Emergency & Urgent Care,SHO,27.2,2021-04-27,2021-06-08,15.0,0.4,NMC,Fixed Term,Suspended,KR604594,2029-04-29,BJ452527,2030-10-28,2027-08-09,2021-05-18
EMP0212-20260916_215328,Jasmine,Barker,jaynemahmood@example.org,1980-06-28,(0117) 4960746,"1 Cameron Square
West Lydia
BD7 6WY",Female,Broadfield Clinical Services NHS Trust,White,New Zealand,ILR,AHP,Occupational Therapist,Surgery & Cancer,6,24.27,2022-09-01,2022-10-06,18.75,0.5,NMC,Fixed Term,Active,GP630633,2029-09-24,ON463367,2027-02-11,2027-07-30,2022-09-22
EMP0213-20260916_215328,Colin,Morgan,davisbruce@example.net,1987-05-09,(0113) 4960712,"Flat 82
Frost Parks
Rosieport
HG3 2TT",Male,Horizon Integrated Health Partnership NHS Trust,Asian,India,ILR,Nursing,Ward Manager,Clinical Support Services,8A,34.56,2019-06-17,2019-07-22,18.75,0.5,NMC,Permanent,Inactive,ON399041,2030-11-26,PV892238,2028-08-10,2026-09-21,2019-07-08
EMP0214-20260916_215328,Dorothy,O'Neill,rhodesgemma@example.net,1998-11-14,(0116)4960143,"Flat 04
Arnold River
Simonfort
LS43 4UX",Female,Westmere Community Health NHS Trust,Black,Trinidad and Tobago,British Citizen,Admin,Administrator,Women & Children,3,16.14,2022-06-28,2022-07-26,20.0,0.53,GMC,Fixed Term,Suspended,WH217389,2027-05-13,HF015294,2027-12-19,2027-07-15,2022-07-19
EMP0215-20260916_215328,Jay,Young,rhayes@example.com,1997-02-19,(0116) 4960418,"Studio 04
Jones Mountains
Lake Kenneth
LA2X 8XR",Male,Southvale Hospitals NHS Trust,White,Canada,ILR,Medical,Consultant,Critical Care & Anaesthesia,CONS,54.34,2022-01-02,2022-02-13,18.75,0.5,HCPC,Bank,Active,QX772743,2026-11-27,VW841340,2031-03-17,2027-03-31,2022-01-23
EMP0216-20260916_215328,Lynn,Winter,jwebb@example.org,1988-08-08,+4428 9018 0893,"Studio 6
Evans Knoll
Gallagherchester
UB2 0BQ",Female,Southgate Community & Mental Health NHS Trust,Mixed,Australia,ILR,AHP,Radiographer,Critical Care & Anaesthesia,6,23.23,2026-08-28,2026-09-25,18.75,0.5,GMC,Permanent,Active,DS839942,2026-11-04,XL164859,2031-03-17,2026-12-08,2026-09-18
EMP0217-20260916_215328,Mandy,Short,mohammadwilson@example.org,1993-07-26,+44(0)28 9018 0541,"12 Maureen Expressway
East Tinashire
CH4M 9RY",Female,Westborough Acute Care NHS Trust,Black,South Africa,ILR,AHP,Speech Therapist,Emergency & Urgent Care,6,26.2,2024-02-26,2024-03-25,18.75,0.5,NMC,Permanent,Active,IN439797,2028-10-15,GR503765,2029-07-30,2027-03-02,2024-03-18
EMP0218-20260916_215328,Terry,Wright,campbelljasmine@example.com,2005-12-08,(0141)4960075,"502 Paige Springs
East Jay
DG87 2FL",Female,Greenhaven Acute & Specialist Care NHS Trust,White,Australia,Dependent,Admin,Data Analyst,Medicine & Acute Care,8A,34.88,2022-12-13,2023-01-17,18.75,0.5,None,Fixed Term,Inactive,PT949019,2031-07-07,YR925632,2027-01-31,2026-11-26,2023-01-03
EMP0219-20260916_215328,Andrew,Cook,tparkin@example.net,1989-01-09,01164960267,"Studio 6
Goodwin Ridge
Kevinview
E4W 4LQ",Female,Hillcrest Medical Centres NHS Trust,White,Canada,Dependent,AHP,Occupational Therapist,Clinical Support Services,6,27.12,2022-11-22,2022-12-27,30.0,0.8,GMC,Permanent,Suspended,VP990227,2028-04-20,FP785595,2030-07-26,2027-02-05,2022-12-13
EMP0220-20260916_215328,Diane,Saunders,fsmith@example.net,1991-07-29,+44(0)909 8790090,"Flat 5
Stephens Points
Juliaside
N25 4RA",Female,Southgate Community & Mental Health NHS Trust,Mixed,Trinidad and Tobago,ILR,Medical,Registrar,Clinical Support Services,SPR,39.27,2019-02-01,2019-03-15,30.0,0.8,NMC,Permanent,Inactive,TJ907932,2030-03-17,TT027104,2030-08-18,2026-12-23,2019-02-22
EMP0221-20260916_215328,Clive,Jones,jean31@example.org,2002-08-29,+44116 496 0631,"2 Vanessa Motorway
West Paigeport
B2 8JY",Female,Riverbank General Hospitals NHS Trust,Mixed,South Africa,Dependent,Admin,Receptionist,Medicine & Acute Care,3,15.79,2020-12-17,2021-01-21,20.0,0.53,GMC,Permanent,Active,OJ166810,2027-08-17,JL243319,2029-09-14,2027-09-11,2021-01-07
EMP0222-20260916_215328,Patricia,Stephenson,patricia60@example.net,1973-01-02,+44(0)306 9990765,"Studio 24
Lewis Ranch
Birchland
EX96 2RA",Male,Midlands Central Hospitals NHS Trust,Mixed,United Kingdom,Dependent,Admin,Receptionist,Clinical Support Services,3,13.66,2017-01-23,2017-02-20,15.0,0.4,None,Fixed Term,Active,KN738594,2027-06-26,UQ230043,2030-10-10,2026-12-20,2017-02-13
EMP0223-20260916_215328,Laura,Ross,thomasdominic@example.org,1999-02-08,0131 4960121,"414 Davidson Mission
Williamsonfurt
GL86 8XQ",Female,Northwood Mental Health NHS Trust,Black,Jamaica,Dependent,Nursing,Healthcare Assistant,Medicine & Acute Care,2,14.07,2022-05-19,2022-06-16,30.0,0.8,GMC,Bank,On Leave,CP366997,2027-05-17,XD012740,2026-12-14,2027-05-04,2022-06-09
EMP0224-20260916_215328,Matthew,Nolan,lcollins@example.com,1981-07-12,+44306 999 0218,"Studio 17D
Joseph Junction
Port Jeremy
B2 4RY",Male,Broadfield Clinical Services NHS Trust,Asian,China,Dependent,Nursing,Senior Staff Nurse,Emergency & Urgent Care,6,27.34,2023-02-12,2023-03-26,15.0,0.4,HCPC,Permanent,Suspended,EV619370,2031-05-18,CB683773,2026-10-01,2027-07-10,2023-03-05
EMP0225-20260916_215328,Malcolm,Buckley,twilson@example.org,1994-04-30,+442074960251,"371 Heather Shores
Hughbury
N2U 4FT",Male,Southvale Hospitals NHS Trust,White,United States,ILR,Nursing,Nursery Nurse,Medicine & Acute Care,2,13.35,2018-04-12,2018-05-17,20.0,0.53,NMC,Fixed Term,On Leave,EJ937400,2029-09-28,FT173242,2030-05-31,2027-04-03,2018-05-03
EMP0226-20260916_215328,Jean,Walker,cheryl89@example.org,1984-06-28,+44141 4960538,"0 Harding Ford
Johnfort
W14 0YE",Female,Bluewater Community & Rehabilitation NHS Trust,Black,Kenya,ILR,Admin,Receptionist,Emergency & Urgent Care,3,14.89,2025-03-25,2025-05-06,18.75,0.5,HCPC,Permanent,On Leave,PS359550,2027-08-09,XP470686,2028-07-14,2027-03-26,2025-04-15
EMP0227-20260916_215328,Nicole,Kerr,joehoughton@example.com,1981-02-23,(0191)4960389,"Flat 10
Kyle Common
New Lynnside
SR69 9AS",Male,Greenhaven Acute & Specialist Care NHS Trust,Black,Nigeria,Skilled Worker,Medical,Consultant,Surgery & Cancer,CONS,58.45,2024-12-25,2025-01-29,20.0,0.53,NMC,Permanent,Suspended,ZB908267,2028-06-25,FE414984,2031-08-17,2027-09-03,2025-01-15
EMP0228-20260916_215328,Jenna,Marshall,clifford64@example.org,1993-01-18,+44(0)115 496 0794,"Studio 0
Wayne Mount
Port Ricky
WR00 5AP",Male,Meadowbrook Community Health NHS Trust,White,United States,British Citizen,Medical,Registrar,Medicine & Acute Care,SPR,33.34,2017-12-05,2018-01-02,30.0,0.8,GMC,Bank,On Leave,AT070260,2031-02-23,LC768817,2028-06-18,2026-10-12,2017-12-26
EMP0229-20260916_215328,Sian,West,gcooke@example.org,1978-12-18,+44(0)116 496 0739,"8 Joanne Station
Shannonfurt
HR7 3SS",Male,Eastfield Psychological Services NHS Trust,Asian,Thailand,Skilled Worker,Admin,Administrator,Surgery & Cancer,3,13.52,2019-01-02,2019-02-13,37.5,1.0,None,Permanent,Suspended,EO761273,2028-06-25,MH082531,2029-02-14,2027-02-17,2019-01-23
EMP0230-20260916_215328,Stanley,Skinner,glenhill@example.org,1991-04-30,028 9018 0654,"Flat 6
Parker Spring
Robinsonfurt
BL72 1BX",Female,Valleyview Mental Wellness NHS Trust,White,United Kingdom,ILR,Medical,SHO,Corporate Services,SHO,28.22,2023-09-17,2023-10-22,15.0,0.4,None,Fixed Term,Inactive,OZ029173,2030-09-06,FM373483,2029-05-21,2027-07-15,2023-10-08
EMP0231-20260916_215328,Lynn,Birch,tpalmer@example.net,1966-06-09,+44(0)116 496 0465,"Flat 28l
Shaun Track
South Nathanville
L0U 3DJ",Male,Meadowbrook Community Health NHS Trust,White,Canada,British Citizen,Admin,Data Analyst,Clinical Support Services,8A,31.51,2020-11-27,2021-01-01,30.0,0.8,None,Fixed Term,On Leave,JG494085,2030-07-11,VB287623,2031-05-26,2026-12-08,2020-12-18
EMP0232-20260916_215328,Leon,Allen,samuelbaldwin@example.net,1962-09-30,(020) 7496 0761,"Flat 60z
Lee Avenue
East Frances
B5C 6AX",Female,Bluewater Community & Rehabilitation NHS Trust,White,United Kingdom,Skilled Worker,Medical,GP,Clinical Support Services,GP,58.03,2025-09-24,2025-10-22,37.5,1.0,HCPC,Permanent,Inactive,HF744780,2028-02-13,QD624639,2031-03-01,2027-03-28,2025-10-15
EMP0233-20260916_215328,Mohammad,Nelson,ftomlinson@example.net,1985-10-16,0116 4960094,"Studio 9
Bailey Course
East Michellemouth
DL1 6HJ",Male,Broadfield Clinical Services NHS Trust,Asian,Japan,Dependent,Nursing,Staff Nurse,Medicine & Acute Care,5,22.18,2021-09-11,2021-10-09,30.0,0.8,GMC,Bank,Active,PU342506,2028-04-14,BT003798,2029-06-04,2026-12-29,2021-10-02
EMP0234-20260916_215328,Howard,Jones,charlie41@example.com,1961-03-22,+441314960669,"Flat 35
Hale Greens
Chelseafurt
S9 1BD",Male,Oakridge Community Services NHS Trust,Asian,China,British Citizen,Nursing,Senior Staff Nurse,Critical Care & Anaesthesia,6,22.86,2024-12-30,2025-02-03,15.0,0.4,GMC,Bank,On Leave,FG915901,2027-01-24,XI475412,2028-08-15,2027-04-16,2025-01-20
EMP0235-20260916_215328,Jenna,Mitchell,jennadavison@example.net,1967-02-27,+44121 496 0885,"Flat 8
Natasha Neck
Barrymouth
E32 3DS",Female,Eastfield Psychological Services NHS Trust,Asian,Japan,British Citizen,Nursing,Senior Staff Nurse,Women & Children,6,25.89,2023-02-07,2023-03-07,20.0,0.53,GMC,Bank,Suspended,TN097975,2030-05-05,AI581042,2029-06-08,2027-01-28,2023-02-28
EMP0236-20260916_215328,Jason,Foster,terence35@example.com,1977-09-19,+44(0)115 4960628,"8 Davies Plains
Dannyton
B6 0FY",Male,Northwood Mental Health NHS Trust,White,United Kingdom,British Citizen,Nursing,Staff Nurse,Critical Care & Anaesthesia,5,21.83,2018-07-11,2018-08-15,37.5,1.0,HCPC,Permanent,On Leave,OU914198,2026-11-11,NH474913,2027-03-29,2026-12-31,2018-08-01
EMP0237-20260916_215328,Leslie,Dunn,james20@example.net,1997-08-03,+44289018876,"12 White Stream
Bennetthaven
S4B 3HD",Female,Westborough Acute Care NHS Trust,Mixed,New Zealand,Skilled Worker,Nursing,Ward Manager,Women & Children,8A,35.1,2021-09-21,2021-10-26,37.5,1.0,GMC,Permanent,Inactive,XV573172,2030-09-03,IP561437,2030-06-07,2027-09-04,2021-10-12
EMP0238-20260916_215328,Ricky,Ellis,phillipjones@example.com,1966-08-04,(0121)4960651,"Studio 3
Young Canyon
Jillmouth
FY7 7QP",Female,Greenhaven Acute & Specialist Care NHS Trust,Mixed,Trinidad and Tobago,Skilled Worker,AHP,Speech Therapist,Critical Care & Anaesthesia,6,27.72,2026-04-06,2026-05-04,18.75,0.5,NMC,Bank,Suspended,GF167342,2027-04-22,IZ758376,2028-12-26,2027-06-15,2026-04-27
EMP0239-20260916_215328,Kenneth,Barrett,humphreysdenis@example.org,1966-02-26,+44116 4960140,"5 Jean View
Andersonton
KT5V 0NT",Male,Horizon Integrated Health Partnership NHS Trust,Asian,China,Skilled Worker,AHP,Occupational Therapist,Corporate Services,6,26.12,2020-05-20,2020-06-24,37.5,1.0,None,Bank,Inactive,FS882731,2030-06-18,QP387524,2029-10-08,2027-05-30,2020-06-10
EMP0240-20260916_215328,Amelia,Fox,stewart84@example.org,1992-05-17,+44115 4960363,"Studio 6
Kerry Inlet
West Bethan
WF0N 2FQ",Male,Broadfield Clinical Services NHS Trust,White,United States,Skilled Worker,Medical,SHO,Emergency & Urgent Care,SHO,26.46,2026-05-18,2026-06-15,20.0,0.53,GMC,Fixed Term,Suspended,RT061124,2031-04-30,PU035831,2027-12-01,2027-08-22,2026-06-08
EMP0241-20260916_215328,Joan,Hobbs,stephensonangela@example.net,1994-11-08,+44(0)9098790025,"Flat 40
Amber Lane
Harrisland
N5K 4SS",Female,Southgate Community & Mental Health NHS Trust,Asian,China,Dependent,Medical,GP,Corporate Services,GP,60.9,2022-08-20,2022-09-17,30.0,0.8,None,Permanent,Active,KH485520,2028-11-01,OY001199,2029-02-04,2027-05-06,2022-09-10
EMP0242-20260916_215328,Rachel,O'Connor,kerryperry@example.org,1992-12-26,01632 960989,"Flat 68
Clark Row
Humphreysmouth
E4T 3LB",Female,Westmere Community Health NHS Trust,Black,Nigeria,British Citizen,Medical,Consultant,Clinical Support Services,CONS,64.3,2020-03-06,2020-04-03,20.0,0.53,HCPC,Fixed Term,Active,FP673743,2028-07-28,ZL604874,2026-11-30,2026-11-21,2020-03-27
EMP0243-20260916_215328,Kenneth,Kirk,davieshollie@example.com,1991-04-29,(0151) 4960868,"225 Linda Roads
North Toby
LL74 9ZU",Female,Horizon Integrated Health Partnership NHS Trust,White,New Zealand,Dependent,Nursing,Staff Nurse,Emergency & Urgent Care,5,20.21,2018-05-09,2018-06-20,37.5,1.0,None,Permanent,Active,JG706880,2029-04-06,YS065072,2031-01-06,2026-12-20,2018-05-30
EMP0244-20260916_215328,Joyce,Singh,ahutchinson@example.org,1993-01-16,+44(0)8081570767,"89 Melissa Fork
Josephmouth
RG7B 0BL",Female,Meadowbrook Community Health NHS Trust,Asian,India,British Citizen,Nursing,Ward Manager,Corporate Services,8A,30.81,2016-12-19,2017-01-30,20.0,0.53,NMC,Bank,On Leave,WR852757,2028-12-12,HT060048,2030-09-20,2027-05-20,2017-01-09
EMP0245-20260916_215328,Laura,Shaw,bondkim@example.org,1971-04-01,020 74960236,"Flat 21z
Joel Lodge
East Catherineport
M4S 9RY",Male,Southvale Hospitals NHS Trust,White,United Kingdom,Dependent,Nursing,Staff Nurse,Critical Care & Anaesthesia,5,20.7,2018-06-14,2018-07-26,15.0,0.4,None,Fixed Term,Suspended,KM485000,2030-12-04,OW013359,2029-08-22,2027-03-19,2018-07-05
EMP0246-20260916_215328,Kirsty,Turner,emilywhite@example.net,1963-04-19,0114 496 0144,"Studio 28
Foster Overpass
South Ruthmouth
E23 9WY",Male,Eastfield Psychological Services NHS Trust,Mixed,India,Dependent,Nursing,Ward Manager,Critical Care & Anaesthesia,8A,34.82,2026-04-04,2026-05-02,18.75,0.5,GMC,Fixed Term,On Leave,DM357348,2028-06-21,BW160930,2026-12-26,2026-11-15,2026-04-25
EMP0247-20260916_215328,Josh,Parry,sheila76@example.com,1996-07-15,01514960865,"Flat 70Y
Rhodes Cliff
Huntbury
KY80 8ER",Female,Riverside Integrated Care NHS Trust,Asian,Thailand,ILR,AHP,Speech Therapist,Corporate Services,6,27.02,2024-01-23,2024-02-20,15.0,0.4,NMC,Bank,Inactive,TA897395,2028-06-26,PH642779,2029-09-05,2027-04-02,2024-02-13
EMP0248-20260916_215328,Malcolm,Davidson,damienfox@example.com,2002-05-30,+44(0)1154960004,"558 Harris Islands
West Carlyburgh
B94 9RR",Female,Valleyview Mental Wellness NHS Trust,Mixed,Barbados,Skilled Worker,Medical,Registrar,Corporate Services,SPR,37.58,2022-06-09,2022-07-14,18.75,0.5,GMC,Permanent,Suspended,QT085918,2029-08-11,KE171369,2030-07-08,2027-06-10,2022-06-30
EMP0249-20260916_215328,Leanne,Little,ljarvis@example.net,2006-02-25,0113 4960312,"Studio 53
Owen Drives
New Garry
E1 1TW",Female,Hillcrest Medical Centres NHS Trust,Black,Ghana,Dependent,Medical,Registrar,Corporate Services,SPR,36.54,2017-08-21,2017-09-18,20.0,0.53,HCPC,Fixed Term,Inactive,VF912191,2028-02-17,PJ265145,2027-12-03,2027-08-24,2017-09-11
EMP0250-20260916_215328,Joshua,Bell,trevorhayward@example.org,1992-12-31,+441144960604,"09 Law Stravenue
Conorbury
B1J 3PJ",Female,Broadfield Clinical Services NHS Trust,Asian,China,ILR,Admin,Receptionist,Emergency & Urgent Care,3,15.35,2022-02-13,2022-03-13,20.0,0.53,NMC,Bank,Active,JR348760,2030-03-18,KH404992,2027-11-17,2026-12-13,2022-03-06
EMP0251-20260916_215328,Mohammad,Evans,smithleigh@example.org,1981-06-18,0121 496 0788,"Studio 82
Mohamed Points
South Laurenport
S2 4PY",Female,Broadfield Clinical Services NHS Trust,Asian,China,ILR,Medical,SHO,Corporate Services,SHO,28.41,2018-12-11,2019-01-08,18.75,0.5,GMC,Bank,Active,XH618347,2030-01-31,MP656493,2031-02-09,2027-05-04,2019-01-01
EMP0252-20260916_215328,Janice,Mitchell,trevor71@example.org,1972-09-02,(0121) 496 0928,"Studio 7
White Ridges
New Russell
BT3 2EG",Female,Westmere Community Health NHS Trust,White,New Zealand,Skilled Worker,Admin,Administrator,Medicine & Acute Care,3,14.03,2020-09-07,2020-10-05,20.0,0.53,None,Fixed Term,Suspended,IE696196,2028-02-06,GZ904509,2029-08-21,2027-05-24,2020-09-28
EMP0253-20260916_215328,Lorraine,Hussain,louislewis@example.com,1991-08-19,(0141)4960808,"Flat 13E
Miller Rest
Timothyshire
L09 0BT",Female,Westmere Community Health NHS Trust,Asian,Thailand,ILR,AHP,Physiologist,Medicine & Acute Care,6,24.93,2019-02-14,2019-03-21,15.0,0.4,NMC,Permanent,Suspended,QL600371,2028-12-25,RG189427,2027-10-09,2027-09-06,2019-03-07
EMP0254-20260916_215328,Barry,Rogers,kyleparker@example.com,1969-12-05,(0306)9990712,"631 Davies Groves
Louiseborough
SP85 3NR",Male,Broadfield Clinical Services NHS Trust,Mixed,Kenya,British Citizen,Nursing,Nursery Nurse,Clinical Support Services,2,12.34,2025-11-24,2026-01-05,18.75,0.5,HCPC,Permanent,Active,TB740358,2031-06-11,NL331909,2031-06-12,2026-10-09,2025-12-15
EMP0255-20260916_215328,Donald,Akhtar,abdulrogers@example.net,2002-11-20,0121 4960409,"43 Owen Point
West Abbietown
S07 3FQ",Female,Riverbank General Hospitals NHS Trust,Mixed,Thailand,British Citizen,Medical,SHO,Corporate Services,SHO,28.88,2022-02-02,2022-03-02,30.0,0.8,NMC,Bank,Suspended,CY725172,2031-04-07,ZY811055,2027-11-14,2027-07-19,2022-02-23
EMP0256-20260916_215328,Louis,Lee,bryan05@example.com,1969-09-20,(028)9018927,"9 Hollie Overpass
East Kathleen
S1 9SW",Male,Lakeside District Hospitals NHS Trust,Black,Trinidad and Tobago,British Citizen,AHP,Physiotherapist,Corporate Services,6,23.64,2025-10-16,2025-11-13,20.0,0.53,HCPC,Fixed Term,Suspended,HI228442,2029-08-10,HL398792,2030-05-22,2027-05-30,2025-11-06
EMP0257-20260916_215328,Aaron,Harris,youngtimothy@example.org,2002-02-20,0141 496 0454,"39 Amelia Radial
Lake Catherine
G0H 5SY",Male,Eastmoor Teaching Hospitals NHS Trust,Mixed,Thailand,Dependent,Medical,SHO,Women & Children,SHO,26.62,2021-02-18,2021-03-18,37.5,1.0,HCPC,Fixed Term,Active,NL091506,2027-05-10,MQ035510,2029-03-16,2027-04-07,2021-03-11
EMP0258-20260916_215328,Suzanne,Lewis,fraserkaty@example.org,1988-02-01,(0115)4960806,"7 Ben Roads
Shaneborough
N4S 6SD",Female,Southgate Community & Mental Health NHS Trust,Asian,India,Skilled Worker,Admin,Receptionist,Emergency & Urgent Care,3,15.87,2017-03-23,2017-05-04,18.75,0.5,None,Fixed Term,Active,KT101979,2029-09-08,BV788525,2029-04-20,2027-06-28,2017-04-13
EMP0259-20260916_215328,Paul,Fox,leachjosh@example.org,2007-08-11,(028) 9018178,"0 Rebecca Lodge
New Debra
TS5N 7RL",Male,Riverbank General Hospitals NHS Trust,White,Australia,Dependent,AHP,Occupational Therapist,Clinical Support Services,6,23.84,2022-07-12,2022-08-09,20.0,0.53,None,Permanent,Inactive,XH269676,2029-02-23,AR016818,2027-07-24,2027-07-24,2022-08-02
EMP0260-20260916_215328,Maurice,Baker,owengarry@example.org,1993-06-01,0191 4960240,"Flat 63
Smith Trail
West Bradleyfort
B13 0BY",Male,Hillcrest Medical Centres NHS Trust,White,New Zealand,Dependent,AHP,Radiographer,Corporate Services,6,24.68,2026-02-12,2026-03-26,30.0,0.8,None,Bank,On Leave,ZE824388,2031-08-04,LA930724,2030-02-27,2027-07-14,2026-03-05
EMP0261-20260916_215328,Alice,Stevens,leahpearson@example.org,1969-09-09,0114 4960212,"Studio 1
Smith Island
West Nicola
B1 1ZW",Male,Midlands Central Hospitals NHS Trust,Asian,India,ILR,AHP,Radiographer,Medicine & Acute Care,6,23.96,2020-05-28,2020-07-02,18.75,0.5,NMC,Permanent,Suspended,WH282899,2026-09-26,KT704183,2028-02-27,2027-08-07,2020-06-18
EMP0262-20260916_215328,Kirsty,Turnbull,ywhittaker@example.net,1962-10-19,03069990715,"343 Gibbs Courts
Eleanorhaven
ST5 9XY",Male,Riverbank General Hospitals NHS Trust,Black,Nigeria,ILR,Admin,Data Analyst,Surgery & Cancer,8A,32.97,2022-09-21,2022-11-02,20.0,0.53,None,Bank,On Leave,NO570983,2030-06-08,AV435751,2031-03-26,2027-02-14,2022-10-12
EMP0263-20260916_215328,Kelly,Evans,richardsemma@example.com,1964-02-27,+44121 4960214,"519 Suzanne Turnpike
McDonaldbury
BN68 6AT",Male,Broadfield Clinical Services NHS Trust,Black,Nigeria,ILR,AHP,Pharmacist,Emergency & Urgent Care,5,20.03,2025-08-09,2025-09-20,18.75,0.5,HCPC,Bank,Inactive,TJ087896,2030-06-16,UR101825,2027-02-09,2026-12-10,2025-08-30
EMP0264-20260916_215328,Gerard,Harper,williamswilliam@example.org,1992-05-15,0191 4960303,"Flat 69
Johnson Green
Franklinburgh
RH6 5TY",Female,Bluewater Community & Rehabilitation NHS Trust,White,Australia,British Citizen,Admin,Receptionist,Medicine & Acute Care,3,15.53,2021-04-13,2021-05-18,20.0,0.53,NMC,Permanent,Inactive,GM223532,2028-10-27,WG719404,2029-11-28,2027-09-12,2021-05-04
EMP0265-20260916_215328,Bethany,Bennett,qjames@example.org,1994-04-04,+44808 1570428,"Flat 20z
Gray Village
West Ben
B57 8WY",Male,Southvale Hospitals NHS Trust,Mixed,Nigeria,ILR,AHP,Physiologist,Clinical Support Services,6,22.97,2018-09-24,2018-10-22,20.0,0.53,NMC,Fixed Term,Active,VO620770,2030-07-18,CL552339,2030-01-30,2027-05-04,2018-10-15
EMP0266-20260916_215328,Geoffrey,Davies,jake14@example.org,1981-12-06,+44(0)114 4960282,"Flat 10
Leonard Rest
Port Alicebury
B9 5UB",Male,Westborough Acute Care NHS Trust,Mixed,Nigeria,ILR,Nursing,Ward Manager,Clinical Support Services,8A,31.39,2022-09-18,2022-10-23,30.0,0.8,GMC,Fixed Term,Suspended,FE580944,2027-01-07,DS393348,2029-06-05,2027-01-07,2022-10-09
EMP0267-20260916_215328,Tom,Fisher,walkerross@example.org,2004-07-08,(0121) 496 0829,"Studio 5
Amy Creek
Port Liammouth
M2J 9ZD",Female,Riverbank General Hospitals NHS Trust,White,New Zealand,Dependent,AHP,Pharmacist,Surgery & Cancer,5,19.21,2018-03-30,2018-05-04,30.0,0.8,HCPC,Bank,Active,EV126425,2028-09-07,MK274430,2028-12-26,2026-11-04,2018-04-20
EMP0268-20260916_215328,Jodie,Middleton,annetteclark@example.com,1979-01-12,(0191)4960113,"Studio 82
Wendy Vista
North Kyle
W56 2HG",Male,Oakridge Community Services NHS Trust,White,Canada,ILR,Nursing,Charge Nurse,Women & Children,7,32.1,2022-11-08,2022-12-06,15.0,0.4,None,Bank,Suspended,JT374426,2031-08-26,KY936497,2028-04-25,2026-12-08,2022-11-29
EMP0269-20260916_215328,Joan,Gough,harry62@example.org,1979-07-24,+44(0)909 879 0430,"Studio 97K
Lane Station
Port Abigailfort
N05 2HT",Female,Meadowbrook Community Health NHS Trust,Mixed,India,ILR,Nursing,Senior Staff Nurse,Emergency & Urgent Care,6,26.96,2019-09-19,2019-10-31,30.0,0.8,HCPC,Bank,Active,TW327287,2027-10-12,NG076797,2029-06-27,2026-12-24,2019-10-10
EMP0270-20260916_215328,Natasha,Mason,staceyking@example.net,1964-10-12,+44(0)1514960076,"Studio 90
Lewis Expressway
Robertsfort
AL7V 9QG",Female,Eastfield Psychological Services NHS Trust,Black,Barbados,British Citizen,Medical,FY1/FY2,Emergency & Urgent Care,FY1,19.44,2017-10-09,2017-11-06,18.75,0.5,NMC,Bank,Suspended,ZT016690,2028-10-02,FF001901,2028-06-04,2027-07-13,2017-10-30
EMP0271-20260916_215328,Stacey,Wood,vholloway@example.com,2003-05-06,+44(0)118 4960072,"Studio 95
Valerie Grove
East Eleanorton
IG4 8DQ",Female,Northshire University Hospitals NHS Trust,White,Australia,ILR,Admin,Medical Secretary,Critical Care & Anaesthesia,4,16.84,2022-04-06,2022-05-18,15.0,0.4,None,Permanent,Inactive,BX491252,2028-07-07,HZ560320,2030-03-30,2026-11-01,2022-04-27
EMP0272-20260916_215328,Leslie,Clarke,stephaniefrancis@example.org,1968-09-15,01144960382,"Flat 90l
Sam Ports
Lake Joanneshire
L9E 6HJ",Male,Westmere Community Health NHS Trust,Asian,Japan,Dependent,AHP,Radiographer,Medicine & Acute Care,6,28.03,2017-10-30,2017-11-27,18.75,0.5,HCPC,Bank,Active,AB824761,2030-07-20,ZT374937,2026-11-22,2027-08-10,2017-11-20
EMP0273-20260916_215328,Melissa,Miller,smithjulie@example.com,1995-10-04,+44(0)1174960082,"Studio 7
Lewis Forks
North Andrew
TQ5B 2SS",Male,Northwood Mental Health NHS Trust,Mixed,Barbados,ILR,Admin,Medical Secretary,Emergency & Urgent Care,4,17.58,2024-04-21,2024-05-26,18.75,0.5,HCPC,Fixed Term,Inactive,JF664216,2028-08-11,MD286852,2030-12-21,2027-04-25,2024-05-12
EMP0274-20260916_215328,Richard,Johnson,kateshah@example.org,1968-09-23,01632960702,"Flat 7
Bruce Islands
Harrietburgh
E4U 3LZ",Male,Southgate Community & Mental Health NHS Trust,White,United Kingdom,British Citizen,AHP,Physiotherapist,Women & Children,6,26.7,2022-08-04,2022-09-01,37.5,1.0,HCPC,Bank,On Leave,FK397691,2026-12-22,YE170670,2029-09-16,2027-08-03,2022-08-25
EMP0275-20260916_215328,Denise,Newton,melissa59@example.net,1982-07-28,+441914960091,"328 Wheeler Fort
East Marilynshire
N03 0QG",Male,Valleyview Mental Wellness NHS Trust,Mixed,Trinidad and Tobago,Skilled Worker,Admin,Receptionist,Corporate Services,3,15.56,2026-09-14,2026-10-19,37.5,1.0,NMC,Permanent,Active,BS454236,2027-10-27,MK967732,2030-08-22,2027-02-07,2026-10-05
EMP0276-20260916_215328,Francesca,Thomas,marion23@example.net,1998-11-16,+44(0)118 496 0510,"Flat 21
Davies Mews
North Alan
CH9H 4GD",Male,Westborough Acute Care NHS Trust,Black,Trinidad and Tobago,British Citizen,Admin,Data Analyst,Corporate Services,8A,34.42,2024-12-21,2025-01-18,37.5,1.0,NMC,Fixed Term,Inactive,ZJ835323,2030-04-21,OK620910,2028-04-09,2027-03-09,2025-01-11
EMP0277-20260916_215328,Victor,White,xstanley@example.com,1975-08-08,01184960935,"Flat 1
Dominic Club
Port Colinshire
SR4R 3QJ",Male,Lakeside District Hospitals NHS Trust,Black,Ghana,British Citizen,Medical,SHO,Critical Care & Anaesthesia,SHO,29.92,2021-11-18,2021-12-30,15.0,0.4,GMC,Fixed Term,Active,XN877214,2027-09-05,MP584844,2028-03-27,2026-09-24,2021-12-09
EMP0278-20260916_215328,Jade,Bentley,janetmartin@example.org,1975-08-11,0289018013,"Studio 1
Louis Highway
Begummouth
CR0B 5HY",Female,Riverbank General Hospitals NHS Trust,Mixed,Barbados,Skilled Worker,Admin,Data Analyst,Clinical Support Services,8A,31.87,2021-01-01,2021-02-05,15.0,0.4,HCPC,Permanent,Inactive,SV148450,2027-09-10,GV069226,2027-05-01,2027-07-22,2021-01-22
EMP0279-20260916_215328,Jill,Wilson,albertjackson@example.net,1999-11-13,01174960219,"Flat 14w
Jodie Turnpike
North Kim
W2K 9JG",Male,Horizon Integrated Health Partnership NHS Trust,White,Canada,ILR,Medical,FY1/FY2,Women & Children,FY1,19.1,2022-10-04,2022-11-08,30.0,0.8,NMC,Fixed Term,On Leave,DY134210,2030-03-22,YD968375,2027-03-31,2026-11-15,2022-10-25
EMP0280-20260916_215328,Howard,Whittaker,brandonfranklin@example.net,1996-11-23,+44(0)113 496 0305,"Studio 56b
Jones Streets
South Shane
M4 5WU",Male,Hillcrest Medical Centres NHS Trust,Black,Kenya,ILR,Medical,Registrar,Clinical Support Services,SPR,37.62,2021-04-15,2021-05-20,15.0,0.4,None,Fixed Term,On Leave,VZ430054,2031-08-15,FN571900,2029-12-15,2026-12-09,2021-05-06
EMP0281-20260916_215328,Carl,Patel,jill38@example.net,1981-09-22,0292018944,"7 Birch Views
Port Geoffrey
WF6R 0QW",Male,Southvale Hospitals NHS Trust,Black,South Africa,ILR,AHP,Pharmacist,Surgery & Cancer,5,20.13,2026-03-12,2026-04-09,20.0,0.53,NMC,Fixed Term,Suspended,ZR255378,2031-03-27,MB863236,2030-07-12,2027-02-06,2026-04-02
EMP0282-20260916_215328,Anthony,Barnes,uryan@example.org,1972-04-28,(0151)4960763,"15 Atkinson Circles
Lake Alisonstad
B72 2DH",Female,Horizon Integrated Health Partnership NHS Trust,Asian,Thailand,Dependent,AHP,Physiotherapist,Surgery & Cancer,6,26.49,2016-09-20,2016-10-25,30.0,0.8,None,Bank,Suspended,CC769234,2026-11-21,YH039677,2031-07-31,2027-04-03,2016-10-11
EMP0283-20260916_215328,Hugh,White,parkinsonkerry@example.org,1991-01-10,(028) 9018516,"23 Smith Inlet
New Henryside
PL6H 2ZP",Male,Riverbank General Hospitals NHS Trust,White,New Zealand,Skilled Worker,Admin,Receptionist,Emergency & Urgent Care,3,14.74,2020-12-24,2021-01-28,18.75,0.5,NMC,Permanent,Suspended,SI948141,2031-06-30,VB177155,2030-01-03,2026-12-19,2021-01-14
EMP0284-20260916_215328,Trevor,Barker,robinsonlynda@example.net,1989-11-16,+44(0)20 74960007,"09 Williams Expressway
Lake Annette
G5W 1RZ",Female,Riverside Integrated Care NHS Trust,Black,Trinidad and Tobago,Skilled Worker,Medical,FY1/FY2,Medicine & Acute Care,FY1,19.98,2020-07-22,2020-09-02,37.5,1.0,GMC,Bank,Suspended,YS525165,2030-01-02,VN425945,2030-02-27,2027-06-08,2020-08-12
EMP0285-20260916_215328,Gregory,Jones,walkerjason@example.net,1977-07-16,029 2018817,"Studio 28H
Wayne Path
Dunnfort
S2K 5DF",Female,Oakridge Community Services NHS Trust,White,United States,Skilled Worker,Nursing,Senior Staff Nurse,Surgery & Cancer,6,26.38,2018-02-22,2018-03-29,15.0,0.4,NMC,Fixed Term,On Leave,AM376790,2029-03-19,EH654600,2029-10-28,2026-11-12,2018-03-15
EMP0286-20260916_215328,Brenda,Phillips,meganhill@example.net,1980-12-10,+44131 4960785,"Flat 48
Antony Pike
North Susanstad
LU9R 5DZ",Female,Northwood Mental Health NHS Trust,White,Canada,Skilled Worker,Medical,GP,Clinical Support Services,GP,60.0,2023-06-15,2023-07-20,37.5,1.0,GMC,Bank,Inactive,AH600650,2030-09-19,LV139666,2031-06-11,2027-01-23,2023-07-06
EMP0287-20260916_215328,Paul,Rose,daviesdenis@example.org,1972-03-27,0161 4960289,"193 Jones Glen
Robertston
TN42 9XS",Male,Riverside Integrated Care NHS Trust,Asian,Thailand,Dependent,Medical,Consultant,Emergency & Urgent Care,CONS,64.11,2022-01-15,2022-02-26,30.0,0.8,None,Bank,Inactive,TA263647,2028-02-18,DQ745013,2027-10-01,2027-07-31,2022-02-05
EMP0288-20260916_215328,Sam,Jones,wthomas@example.org,1996-01-01,+44151 496 0138,"042 Ball Run
Lake Philliphaven
W38 9SP",Male,Riverside Integrated Care NHS Trust,Black,Jamaica,British Citizen,Medical,FY1/FY2,Emergency & Urgent Care,FY1,21.15,2019-06-19,2019-07-24,15.0,0.4,HCPC,Permanent,Inactive,RW350910,2028-05-29,OS333055,2030-08-09,2027-01-24,2019-07-10
EMP0289-20260916_215328,Dale,Blake,gerardanderson@example.org,2006-05-08,+44(0)1144960971,"887 Watson Gardens
Brownborough
HR3 0RL",Male,Riverbank General Hospitals NHS Trust,Black,Barbados,ILR,Medical,FY1/FY2,Clinical Support Services,FY1,21.12,2018-09-08,2018-10-06,18.75,0.5,HCPC,Fixed Term,On Leave,NK871292,2029-12-26,ZP411140,2029-12-01,2026-10-13,2018-09-29
EMP0290-20260916_215328,Ryan,Ward,gillian21@example.net,2002-02-07,028 9018 0594,"Flat 23
Marie Ford
Lake Rachael
BT23 2ZH",Male,Meadowbrook Community Health NHS Trust,White,United States,Skilled Worker,Admin,Medical Secretary,Corporate Services,4,18.26,2025-09-06,2025-10-18,20.0,0.53,NMC,Permanent,Suspended,TP035178,2028-07-28,YR814730,2030-08-14,2027-09-06,2025-09-27
EMP0291-20260916_215328,Bradley,Cox,mollylynch@example.net,1995-08-05,(0151) 4960418,"Studio 3
Dawson Parkways
Ruthfurt
S36 1FX",Male,Broadfield Clinical Services NHS Trust,White,United States,British Citizen,Admin,Medical Secretary,Women & Children,4,17.37,2024-09-14,2024-10-12,18.75,0.5,GMC,Permanent,On Leave,ZV154642,2031-06-04,QE861167,2031-03-23,2027-02-14,2024-10-05
EMP0292-20260916_215328,Karl,Johnson,baileychristine@example.net,1991-08-30,0161 4960237,"Studio 8
Brown Corners
New Mohammed
G15 5LB",Male,Riverbank General Hospitals NHS Trust,Asian,China,British Citizen,Medical,Consultant,Surgery & Cancer,CONS,58.87,2024-08-08,2024-09-19,20.0,0.53,GMC,Permanent,Active,BL323632,2028-12-06,OJ971370,2030-01-08,2027-01-04,2024-08-29
EMP0293-20260916_215328,Charlene,Stevenson,declanbevan@example.net,2003-11-11,+44191 496 0881,"Flat 88
Karl Crossroad
West Beverleyside
E4H 1GR",Female,Greenhaven Acute & Specialist Care NHS Trust,Mixed,Barbados,Dependent,Medical,SHO,Women & Children,SHO,29.85,2019-03-23,2019-04-27,30.0,0.8,GMC,Permanent,Suspended,WL120550,2028-06-22,VN347984,2030-10-18,2027-04-15,2019-04-13
EMP0294-20260916_215328,Jade,Evans,frederickphillips@example.net,1985-10-03,+44(0)116 4960479,"251 Marcus Plains
West Holliechester
B3D 9SL",Male,Midlands Central Hospitals NHS Trust,Asian,Thailand,ILR,Nursing,Charge Nurse,Corporate Services,7,30.96,2023-03-16,2023-04-13,15.0,0.4,GMC,Permanent,Active,OR244700,2027-03-12,QU120029,2031-06-28,2027-08-07,2023-04-06
EMP0295-20260916_215328,Stephen,Harrison,aaron28@example.net,1998-02-04,+44191 4960479,"41 Heather Keys
Lewistown
TA8 5WQ",Female,Southvale Hospitals NHS Trust,Mixed,New Zealand,ILR,Medical,FY1/FY2,Corporate Services,FY1,18.94,2026-09-05,2026-10-17,15.0,0.4,None,Bank,Suspended,QU341339,2030-03-22,VT730434,2030-05-29,2027-05-22,2026-09-26
EMP0296-20260916_215328,Geoffrey,Berry,turnertracey@example.org,1996-04-10,+441914960844,"Flat 01
Tracey Glens
Andrewsburgh
G3H 0LY",Male,Eastfield Psychological Services NHS Trust,Mixed,New Zealand,Dependent,Nursing,Nursery Nurse,Critical Care & Anaesthesia,2,14.2,2022-03-05,2022-04-09,18.75,0.5,None,Bank,Active,DU879046,2028-02-27,MA571893,2030-10-03,2027-04-27,2022-03-26
EMP0297-20260916_215328,Anthony,Winter,lewisclarke@example.net,1966-07-28,0141 4960804,"76 Young Flat
Terenceville
G87 8GF",Female,Broadfield Clinical Services NHS Trust,Asian,Thailand,ILR,Admin,Administrator,Critical Care & Anaesthesia,3,14.37,2026-07-04,2026-08-15,20.0,0.53,GMC,Bank,On Leave,BT234136,2027-07-17,PU222898,2029-03-17,2027-09-14,2026-07-25
EMP0298-20260916_215328,Andrew,Wood,paynevincent@example.org,1985-01-31,+44161 4960087,"71 Duncan Locks
Clementston
E0 2NR",Female,Westmere Community Health NHS Trust,White,United Kingdom,Skilled Worker,AHP,Physiologist,Emergency & Urgent Care,6,23.01,2019-01-07,2019-02-04,15.0,0.4,HCPC,Permanent,Active,VR149808,2027-10-30,SD572961,2030-05-17,2027-08-11,2019-01-28
EMP0299-20260916_215328,Jodie,Wood,shannonroberts@example.org,1998-03-26,01184960436,"Flat 8
Beverley Ridges
West Hollie
G3D 9EJ",Male,Riverside Integrated Care NHS Trust,Asian,Thailand,British Citizen,Admin,Receptionist,Medicine & Acute Care,3,16.31,2026-05-23,2026-06-20,30.0,0.8,GMC,Fixed Term,Inactive,IN508049,2030-07-29,VF700439,2028-12-25,2027-04-04,2026-06-13
EMP0300-20260916_215328,Mohamed,Shaw,christopherbates@example.org,1972-11-10,(0117)4960435,"Flat 46
Tina Junction
Port Tracyburgh
N0 4HD",Female,Westborough Acute Care NHS Trust,White,United States,ILR,Nursing,Senior Staff Nurse,Emergency & Urgent Care,6,26.97,2019-03-05,2019-04-16,37.5,1.0,HCPC,Fixed Term,Inactive,EY673090,2031-09-10,HM797442,2030-04-10,2026-12-31,2019-03-26
EMP0301-20260916_215328,Jodie,Bird,claireholt@example.com,2008-05-27,(0909) 8790126,"23 Bruce Shoal
Fostershire
FK3R 4RR",Female,Northshire University Hospitals NHS Trust,Mixed,China,ILR,Nursing,Senior Staff Nurse,Medicine & Acute Care,6,26.42,2019-12-10,2020-01-14,20.0,0.53,GMC,Bank,On Leave,YI642439,2030-02-11,WJ104814,2030-03-15,2027-01-03,2019-12-31
EMP0302-20260916_215328,Ashleigh,Evans,connor37@example.com,2006-05-22,+4428 9018020,"657 Mills Plaza
Irenetown
L9S 6ZG",Female,Northshire University Hospitals NHS Trust,Asian,Japan,ILR,Nursing,Ward Manager,Surgery & Cancer,8A,29.11,2019-04-22,2019-05-20,30.0,0.8,None,Bank,On Leave,UB425793,2028-07-16,IO719508,2028-11-01,2027-07-06,2019-05-13
EMP0303-20260916_215328,Justin,Kirby,bruceharrison@example.com,1993-08-21,+44(0)117 4960933,"Studio 5
Slater Road
Ameliafurt
LD44 5QG",Female,Westmere Community Health NHS Trust,White,Australia,British Citizen,Nursing,Staff Nurse,Corporate Services,5,19.38,2023-08-03,2023-09-07,18.75,0.5,GMC,Bank,Active,VF091918,2031-05-21,YV570109,2027-05-16,2027-03-14,2023-08-24
EMP0304-20260916_215328,Sean,Nash,yatesreece@example.org,1983-08-25,+44(0)29 2018595,"98 Williams Hills
Antonyfort
W0 1QG",Female,Northwood Mental Health NHS Trust,Black,Trinidad and Tobago,Skilled Worker,Nursing,Ward Manager,Clinical Support Services,8A,35.21,2021-08-07,2021-09-11,18.75,0.5,NMC,Bank,On Leave,IH512228,2028-07-08,KN473850,2028-08-17,2027-08-13,2021-08-28
EMP0305-20260916_215328,Marc,Hill,stephensonlee@example.net,1969-03-20,0161 496 0874,"Flat 33N
Hudson Mount
Katherineborough
E00 3BG",Female,Bluewater Community & Rehabilitation NHS Trust,White,Canada,British Citizen,AHP,Physiologist,Critical Care & Anaesthesia,6,25.68,2021-09-24,2021-11-05,20.0,0.53,NMC,Bank,Suspended,UZ323325,2027-03-17,RA682429,2029-12-14,2027-07-05,2021-10-15
EMP0306-20260916_215328,Antony,Roberts,reevesleigh@example.org,1994-07-14,(0115) 496 0401,"935 Wright Camp
South Laura
BR3W 0AW",Female,Westmere Community Health NHS Trust,White,New Zealand,Skilled Worker,AHP,Occupational Therapist,Emergency & Urgent Care,6,27.38,2017-10-26,2017-11-23,20.0,0.53,NMC,Permanent,On Leave,DP884725,2028-02-18,IR928696,2028-09-08,2026-09-20,2017-11-16
EMP0307-20260916_215328,Jane,Saunders,qpowell@example.com,2006-03-05,(0909) 879 0154,"Flat 4
Gordon Mission
Hillville
NW5 2ZJ",Male,Westmere Community Health NHS Trust,White,United Kingdom,British Citizen,Nursing,Healthcare Assistant,Surgery & Cancer,2,12.31,2019-02-09,2019-03-09,20.0,0.53,GMC,Bank,Active,QX631031,2028-08-17,GA098939,2029-11-06,2027-08-11,2019-03-02
EMP0308-20260916_215328,Jacqueline,Kelly,reece17@example.net,1969-08-04,+44(0)116 496 0556,"Flat 1
Wall Prairie
Bethanyburgh
SS5P 2TG",Male,Northwood Mental Health NHS Trust,Mixed,Trinidad and Tobago,British Citizen,Admin,Receptionist,Emergency & Urgent Care,3,15.09,2023-04-30,2023-05-28,20.0,0.53,NMC,Fixed Term,Suspended,MQ130146,2031-03-21,KP830380,2026-10-09,2027-01-22,2023-05-21
EMP0309-20260916_215328,Phillip,Atkins,rriley@example.net,1965-09-20,+44(0)1144960608,"Flat 54t
Malcolm Course
Sandersonville
HA2 6SL",Male,Southgate Community & Mental Health NHS Trust,White,United States,British Citizen,Medical,Registrar,Critical Care & Anaesthesia,SPR,41.81,2024-07-19,2024-08-23,18.75,0.5,NMC,Fixed Term,Inactive,HR726317,2031-08-24,DO564666,2030-04-09,2026-12-06,2024-08-09
EMP0310-20260916_215328,Joanna,Edwards,nicole09@example.com,1970-01-09,01134960765,"18 Gray Via
East Rosiestad
WF7 2RP",Female,Bluewater Community & Rehabilitation NHS Trust,White,Australia,ILR,AHP,Speech Therapist,Surgery & Cancer,6,24.2,2026-01-14,2026-02-11,37.5,1.0,HCPC,Fixed Term,Inactive,OK296648,2031-01-04,UT376663,2030-11-15,2027-05-03,2026-02-04
EMP0311-20260916_215328,Tom,Brown,sarawilliams@example.com,1991-06-19,03069990122,"2 Scott Tunnel
Trevorview
GY0 3HN",Female,Southgate Community & Mental Health NHS Trust,White,New Zealand,Skilled Worker,Admin,Medical Secretary,Medicine & Acute Care,4,16.13,2020-01-30,2020-02-27,37.5,1.0,HCPC,Fixed Term,On Leave,YZ275345,2029-04-16,TE466642,2030-02-10,2026-10-28,2020-02-20
EMP0312-20260916_215328,Terence,Lees,thorpecarole@example.com,1995-03-05,(029) 2018 0339,"067 Collins Gardens
Port Carl
JE21 0QH",Female,Lakeside District Hospitals NHS Trust,Black,Kenya,Dependent,Admin,Medical Secretary,Clinical Support Services,4,19.0,2026-02-26,2026-04-09,30.0,0.8,NMC,Bank,Inactive,GV171330,2031-05-08,DH210940,2029-06-19,2027-04-15,2026-03-19
EMP0313-20260916_215328,Katy,Fowler,ireneallen@example.org,1961-06-11,0289018511,"74 Mitchell View
West Maryton
UB41 1BL",Male,Horizon Integrated Health Partnership NHS Trust,Asian,India,Dependent,Medical,SHO,Surgery & Cancer,SHO,27.69,2022-03-28,2022-05-02,30.0,0.8,GMC,Bank,Active,GB449404,2029-01-07,QJ293771,2027-01-26,2026-12-05,2022-04-18
EMP0314-20260916_215328,Danielle,Berry,beverley16@example.org,1982-02-11,+441914960538,"18 Henry Flats
New Dianemouth
RH7 2AH",Male,Northshire University Hospitals NHS Trust,White,United Kingdom,British Citizen,AHP,Radiographer,Women & Children,6,28.17,2018-09-05,2018-10-10,20.0,0.53,NMC,Fixed Term,Active,PL807937,2029-07-01,TB602114,2031-05-24,2027-07-14,2018-09-26
EMP0315-20260916_215328,Lesley,Holland,lindsey19@example.net,1971-03-06,+44(0)1144960137,"Studio 36m
Clifford Ranch
Bennettville
LL7Y 4SF",Female,Riverside Integrated Care NHS Trust,Black,Nigeria,Skilled Worker,Admin,Receptionist,Clinical Support Services,3,14.35,2026-02-11,2026-03-18,18.75,0.5,None,Permanent,Inactive,XG565883,2028-11-27,IN245208,2030-03-04,2027-04-03,2026-03-04
EMP0316-20260916_215328,Nicola,Jones,marilynsingh@example.com,1970-08-20,+44(0)1214960264,"55 Johnson Tunnel
North Antonyland
BB20 8UQ",Male,Broadfield Clinical Services NHS Trust,Mixed,Kenya,Dependent,AHP,Physiotherapist,Corporate Services,6,27.23,2022-02-04,2022-03-11,18.75,0.5,HCPC,Fixed Term,Suspended,BM861845,2027-04-01,KG093380,2029-02-04,2026-09-23,2022-02-25
EMP0317-20260916_215328,Geraldine,Butcher,josh36@example.com,2004-05-25,+44131 4960304,"955 Payne Lodge
Denismouth
W9 0XU",Female,Northshire University Hospitals NHS Trust,Black,Barbados,British Citizen,AHP,Speech Therapist,Clinical Support Services,6,23.25,2022-11-30,2022-12-28,37.5,1.0,None,Fixed Term,Active,ZP001381,2027-09-05,FS176178,2031-07-03,2027-02-12,2022-12-21
EMP0318-20260916_215328,Stephanie,Bentley,wmacdonald@example.org,2005-04-06,01614960119,"Studio 12J
Cunningham Plain
Patricialand
DG2A 0DA",Male,Westmere Community Health NHS Trust,Black,Jamaica,ILR,Nursing,Ward Manager,Medicine & Acute Care,8A,31.07,2017-07-10,2017-08-14,30.0,0.8,None,Bank,Active,VJ822562,2029-02-20,NJ954546,2028-01-20,2027-07-20,2017-07-31
EMP0319-20260916_215328,Mary,Freeman,cookeroy@example.com,1968-10-11,(0117) 4960238,"Flat 74
Lindsey Ranch
Port Ashleighstad
HP06 2GP",Male,Northwood Mental Health NHS Trust,Asian,Thailand,British Citizen,Medical,Registrar,Emergency & Urgent Care,SPR,35.75,2020-07-10,2020-08-14,30.0,0.8,None,Bank,On Leave,HO215795,2028-11-24,YY594013,2031-05-13,2026-11-04,2020-07-31
EMP0320-20260916_215328,Emma,Mills,gwood@example.net,2004-10-10,+44191 4960597,"Flat 7
Samuel Pine
Dunnville
E7K 0XW",Male,Eastmoor Teaching Hospitals NHS Trust,Black,South Africa,ILR,Admin,Data Analyst,Critical Care & Anaesthesia,8A,33.63,2021-12-19,2022-01-16,30.0,0.8,NMC,Fixed Term,On Leave,HO642535,2027-06-03,XK770306,2026-11-14,2027-02-27,2022-01-09
EMP0321-20260916_215328,Gerard,Ford,anorth@example.com,1988-10-08,+4428 9018 0744,"Studio 89
Marilyn Spring
Colesport
M78 7XJ",Male,Westborough Acute Care NHS Trust,Asian,Thailand,Dependent,Medical,SHO,Surgery & Cancer,SHO,30.1,2018-04-04,2018-05-02,18.75,0.5,NMC,Fixed Term,On Leave,LG685955,2028-12-05,QD731736,2028-01-20,2027-02-05,2018-04-25
EMP0322-20260916_215328,Lynn,Whittaker,brian67@example.com,1979-07-20,0118 4960206,"62 Clark Bypass
New Maxfurt
CM28 1TL",Female,Midlands Central Hospitals NHS Trust,Black,Ghana,ILR,Medical,Consultant,Medicine & Acute Care,CONS,66.85,2020-07-22,2020-09-02,20.0,0.53,HCPC,Permanent,Active,IG237214,2029-01-25,NU756942,2029-08-10,2027-06-06,2020-08-12
EMP0323-20260916_215328,Thomas,Richards,wintersamantha@example.org,1983-12-12,(0113) 4960802,"7 Lynch Keys
Heatherside
N0F 8WR",Female,Riverbank General Hospitals NHS Trust,Asian,India,Dependent,Admin,Receptionist,Corporate Services,3,14.38,2017-11-23,2018-01-04,30.0,0.8,NMC,Permanent,On Leave,TJ103282,2030-05-26,QJ268498,2029-04-16,2026-11-08,2017-12-14
EMP0324-20260916_215328,Gavin,Brennan,bbaldwin@example.com,1961-09-25,+44(0)116 496 0860,"Studio 54
Gerald Streets
North Jaynetown
G4B 4TE",Male,Broadfield Clinical Services NHS Trust,Black,Kenya,ILR,AHP,Radiographer,Medicine & Acute Care,6,26.05,2025-09-14,2025-10-19,18.75,0.5,None,Fixed Term,Inactive,PD282685,2028-11-07,FO841223,2027-11-23,2026-12-19,2025-10-05
EMP0325-20260916_215328,Jade,Brookes,ljackson@example.com,1996-07-28,+44(0)1184960289,"913 Wilkinson Oval
East Jonathanshire
W6K 2TH",Male,Greenhaven Acute & Specialist Care NHS Trust,White,Canada,Skilled Worker,Nursing,Staff Nurse,Clinical Support Services,5,19.96,2026-01-07,2026-02-04,30.0,0.8,HCPC,Fixed Term,Suspended,BW116188,2030-03-12,KY874150,2026-12-11,2026-12-18,2026-01-28
EMP0326-20260916_215328,Neil,Wilkinson,davisonbruce@example.net,1969-05-18,(0808)1570174,"15 Hilary Isle
Frederickville
E02 9TP",Male,Hillcrest Medical Centres NHS Trust,Asian,Japan,Skilled Worker,Nursing,Nursery Nurse,Critical Care & Anaesthesia,2,13.79,2017-05-10,2017-06-07,20.0,0.53,None,Fixed Term,On Leave,QM928003,2031-08-03,GC853978,2026-12-04,2027-09-15,2017-05-31
EMP0327-20260916_215328,Ross,Williams,westabdul@example.org,1999-05-01,+44(0)161 496 0198,"131 Matthew Summit
South Gerardmouth
S0T 9XG",Male,Westmere Community Health NHS Trust,White,Australia,ILR,Admin,Medical Secretary,Critical Care & Anaesthesia,4,18.93,2025-07-27,2025-08-24,18.75,0.5,HCPC,Permanent,On Leave,NP108477,2027-12-29,DY209008,2031-02-04,2027-09-09,2025-08-17
EMP0328-20260916_215328,Mary,Khan,vchamberlain@example.net,1988-05-20,+44(0)29 2018922,"58 Hayes Camp
Port Nicole
L46 7GN",Female,Oakridge Community Services NHS Trust,Black,Trinidad and Tobago,Skilled Worker,Medical,FY1/FY2,Critical Care & Anaesthesia,FY1,20.68,2017-09-13,2017-10-18,37.5,1.0,GMC,Permanent,On Leave,HC199411,2027-11-03,PY290248,2030-03-17,2026-10-21,2017-10-04
EMP0329-20260916_215328,June,Lewis,fblake@example.org,2006-08-10,(0116)4960331,"089 White Heights
North Victorberg
NP6H 9GJ",Female,Westmere Community Health NHS Trust,Black,Nigeria,Skilled Worker,AHP,Speech Therapist,Emergency & Urgent Care,6,26.83,2017-12-18,2018-01-22,20.0,0.53,GMC,Permanent,On Leave,FX515023,2027-07-18,WD348980,2031-07-20,2026-10-21,2018-01-08
EMP0330-20260916_215328,Lisa,Fletcher,callum22@example.net,1976-05-24,+44(0)1632960609,"651 Damian Summit
East Sarah
RH6 0FA",Male,Midlands Central Hospitals NHS Trust,Black,Ghana,Skilled Worker,AHP,Pharmacist,Clinical Support Services,5,22.4,2024-01-19,2024-03-01,15.0,0.4,GMC,Fixed Term,Active,QO343843,2029-04-09,ZR905369,2028-09-17,2027-05-24,2024-02-09
EMP0331-20260916_215328,Kathryn,Wilson,bryan84@example.net,1975-04-24,(0115)4960517,"578 Warner Roads
Liammouth
N4 1RZ",Male,Oakridge Community Services NHS Trust,White,Australia,British Citizen,AHP,Radiographer,Medicine & Acute Care,6,23.42,2024-01-17,2024-02-14,18.75,0.5,GMC,Fixed Term,Suspended,KU174292,2030-03-04,DS050653,2029-03-31,2027-02-26,2024-02-07
EMP0332-20260916_215328,Benjamin,Allan,lparker@example.net,2003-07-18,(028)9018473,"313 Daniel Prairie
Lesleyside
PO3 9GR",Female,Greenhaven Acute & Specialist Care NHS Trust,Mixed,United States,ILR,Admin,Medical Secretary,Surgery & Cancer,4,16.8,2023-06-02,2023-06-30,30.0,0.8,None,Fixed Term,Inactive,EN920194,2029-04-18,ZQ169826,2027-02-09,2027-01-16,2023-06-23
EMP0333-20260916_215328,Kelly,Swift,fhowarth@example.com,1967-02-07,(0131) 496 0370,"67 Hammond Trace
New Ashleyside
ME32 5LN",Male,Midlands Central Hospitals NHS Trust,Black,Barbados,Skilled Worker,Nursing,Nursery Nurse,Clinical Support Services,2,12.75,2021-02-12,2021-03-19,15.0,0.4,HCPC,Permanent,On Leave,MT485289,2026-10-30,FM211207,2028-10-19,2027-04-25,2021-03-05
EMP0334-20260916_215328,Jessica,Smith,adam55@example.net,1967-11-11,+44113 4960227,"Studio 97
Kenneth Islands
Cameronshire
M6F 0HZ",Female,Greenhaven Acute & Specialist Care NHS Trust,Black,Trinidad and Tobago,ILR,Nursing,Staff Nurse,Women & Children,5,22.54,2023-07-11,2023-08-15,20.0,0.53,HCPC,Permanent,Inactive,PQ320543,2029-11-20,VJ653810,2027-03-15,2026-12-03,2023-08-01
EMP0335-20260916_215328,Samantha,Moran,rjones@example.com,1962-03-13,+44(0)1632960763,"Flat 99U
Cunningham Mountain
Lawrenceberg
YO1 4SJ",Female,Meadowbrook Community Health NHS Trust,Mixed,Thailand,Skilled Worker,Admin,Medical Secretary,Clinical Support Services,4,18.04,2024-04-22,2024-06-03,18.75,0.5,HCPC,Fixed Term,Active,LY063162,2031-03-03,AL491269,2029-12-23,2027-03-29,2024-05-13
EMP0336-20260916_215328,Marian,Barry,brendaowen@example.com,1974-04-28,(029) 2018 0321,"4 Warren Alley
Port Deborahberg
SK13 0TT",Female,Eastmoor Teaching Hospitals NHS Trust,Asian,China,ILR,AHP,Pharmacist,Emergency & Urgent Care,5,21.83,2017-10-22,2017-11-26,37.5,1.0,GMC,Bank,Suspended,GR949033,2029-10-18,VZ547959,2029-11-14,2027-07-22,2017-11-12
EMP0337-20260916_215328,Gordon,Cooper,geraldprice@example.com,2003-05-30,+44161 496 0558,"Flat 79x
Carolyn Route
Louischester
S78 3ZZ",Female,Westmere Community Health NHS Trust,Mixed,Thailand,ILR,AHP,Physiotherapist,Critical Care & Anaesthesia,6,24.99,2025-01-27,2025-03-03,18.75,0.5,GMC,Bank,On Leave,PZ931115,2030-03-27,VY916333,2027-02-01,2027-08-30,2025-02-17
EMP0338-20260916_215328,Timothy,Cooke,daviesleah@example.org,1971-06-18,+44115 496 0591,"Studio 38G
Palmer Walks
Port Timothyland
N4A 7HJ",Male,Southgate Community & Mental Health NHS Trust,Black,South Africa,ILR,AHP,Physiologist,Women & Children,6,26.47,2017-09-09,2017-10-21,37.5,1.0,GMC,Permanent,Active,LS999353,2030-06-09,SU598554,2030-02-27,2027-04-21,2017-09-30
EMP0339-20260916_215328,Emily,Gardner,humphriessara@example.org,1967-11-27,(0121)4960970,"98 Watson Expressway
Jenniferhaven
WC6 7QT",Male,Hillcrest Medical Centres NHS Trust,Black,Jamaica,British Citizen,Nursing,Charge Nurse,Clinical Support Services,7,26.94,2025-03-26,2025-04-30,20.0,0.53,NMC,Bank,Active,PU750220,2030-03-22,AS976591,2030-08-03,2026-10-07,2025-04-16
EMP0340-20260916_215328,Deborah,Conway,louisowen@example.com,1965-08-03,+44(0)29 2018 0588,"Flat 82d
Davey Course
New Dylanside
G1 4YF",Male,Lakeside District Hospitals NHS Trust,Black,Kenya,Skilled Worker,Admin,Medical Secretary,Medicine & Acute Care,4,18.13,2023-05-06,2023-06-03,30.0,0.8,NMC,Fixed Term,Suspended,KG769348,2030-01-16,PM666487,2028-04-28,2026-10-12,2023-05-27
EMP0341-20260916_215328,Deborah,Morgan,awilliams@example.org,1988-06-17,(0118) 4960412,"09 Conor Knolls
Normanmouth
M15 7JE",Female,Midlands Central Hospitals NHS Trust,Black,Jamaica,British Citizen,Admin,Data Analyst,Corporate Services,8A,30.14,2026-01-27,2026-02-24,15.0,0.4,NMC,Fixed Term,Inactive,WS046033,2030-12-01,OZ373237,2030-07-02,2026-12-19,2026-02-17
EMP0342-20260916_215328,Gary,Smith,heathersims@example.net,1967-10-11,(0118) 496 0131,"Studio 2
Mary Village
East Oliviastad
B3G 2DR",Male,Bluewater Community & Rehabilitation NHS Trust,Black,Trinidad and Tobago,Dependent,AHP,Radiographer,Corporate Services,6,24.28,2025-05-16,2025-06-20,15.0,0.4,None,Bank,On Leave,QN305022,2027-08-04,HC116739,2028-03-02,2026-10-15,2025-06-06
EMP0343-20260916_215328,Sharon,Dawson,charltonbernard@example.org,1964-10-26,0117 496 0429,"945 Russell Tunnel
Smithville
DG7 6UN",Female,Riverbank General Hospitals NHS Trust,Mixed,Canada,British Citizen,Nursing,Charge Nurse,Surgery & Cancer,7,28.79,2016-12-31,2017-02-04,37.5,1.0,NMC,Fixed Term,Active,YN971067,2028-09-11,SD749588,2029-07-16,2026-10-01,2017-01-21
EMP0344-20260916_215328,Danny,Campbell,zwells@example.org,2008-07-19,(01632)960461,"Studio 82
Alexander Tunnel
North Sara
BH70 3WD",Female,Broadfield Clinical Services NHS Trust,White,New Zealand,British Citizen,Admin,Receptionist,Emergency & Urgent Care,3,15.04,2017-08-17,2017-09-21,18.75,0.5,None,Permanent,On Leave,WY135037,2028-08-01,AE645428,2030-02-19,2027-03-14,2017-09-07
EMP0345-20260916_215328,Toby,Johnson,gailbradley@example.net,1994-10-05,01314960789,"8 McCarthy Route
Robinstad
HG5R 3QB",Female,Southgate Community & Mental Health NHS Trust,Black,Kenya,Skilled Worker,Medical,Registrar,Medicine & Acute Care,SPR,40.57,2017-10-13,2017-11-10,37.5,1.0,None,Fixed Term,Inactive,HT756901,2030-01-15,UH382389,2029-07-13,2027-03-15,2017-11-03
EMP0346-20260916_215328,Josephine,Hughes,wilsoncarol@example.org,2007-10-04,0306 9990873,"06 Jennifer Center
Greenberg
LS7 9PA",Male,Oakridge Community Services NHS Trust,Mixed,New Zealand,Dependent,Nursing,Healthcare Assistant,Corporate Services,2,12.81,2019-06-05,2019-07-03,20.0,0.53,GMC,Permanent,On Leave,BK699323,2028-03-11,QL350975,2027-07-01,2026-12-03,2019-06-26
EMP0347-20260916_215328,Louise,Robinson,denis50@example.com,1995-12-30,0116 496 0034,"0 Heather Valleys
Fisherhaven
CR30 0LA",Female,Eastfield Psychological Services NHS Trust,Black,Kenya,Dependent,Medical,Consultant,Critical Care & Anaesthesia,CONS,67.07,2022-06-29,2022-07-27,18.75,0.5,NMC,Fixed Term,On Leave,QY222897,2031-04-01,EC183694,2028-12-31,2027-03-06,2022-07-20
EMP0348-20260916_215328,Sian,Matthews,dobsonjamie@example.org,2004-10-09,+44(0)118 496 0011,"075 Keith Way
North Charlene
WC0X 5QL",Female,Bluewater Community & Rehabilitation NHS Trust,White,United Kingdom,British Citizen,AHP,Occupational Therapist,Medicine & Acute Care,6,25.28,2022-01-28,2022-02-25,37.5,1.0,HCPC,Permanent,Active,GV281349,2028-11-14,EK931812,2029-11-25,2027-02-26,2022-02-18
EMP0349-20260916_215328,Dawn,Hooper,katescott@example.com,1970-09-18,(0118)4960352,"Flat 19H
O'Sullivan Bridge
South Jake
B3 3AH",Female,Westborough Acute Care NHS Trust,Asian,India,ILR,Admin,Receptionist,Corporate Services,3,13.65,2018-07-27,2018-09-07,18.75,0.5,NMC,Fixed Term,Inactive,OC551474,2028-11-29,TH989836,2030-09-30,2027-06-29,2018-08-17
EMP0350-20260916_215328,Garry,Smith,lesliefisher@example.com,1965-01-17,+44114 496 0966,"7 Irene Village
Clairehaven
PR0 3EJ",Male,Hillcrest Medical Centres NHS Trust,Mixed,Canada,ILR,Medical,SHO,Emergency & Urgent Care,SHO,25.9,2022-01-11,2022-02-08,18.75,0.5,None,Bank,Active,LO420294,2029-02-07,FY922297,2027-08-26,2027-08-28,2022-02-01
EMP0351-20260916_215328,Chelsea,Taylor,shirley53@example.org,1968-03-17,0191 498 0593,"Studio 7
Parkinson View
Barnesstad
SP8M 3BT",Female,Oakridge Community Services NHS Trust,White,Australia,ILR,Medical,Registrar,Critical Care & Anaesthesia,SPR,41.66,2018-04-16,2018-05-28,18.75,0.5,NMC,Fixed Term,Suspended,LP488160,2028-01-19,YV085880,2027-04-14,2026-09-16,2018-05-07
EMP0352-20260916_215328,Nicola,Lee,vincentharding@example.com,1972-09-14,01154960362,"Flat 0
Janice Tunnel
New Carolinefurt
B5A 2DL",Male,Valleyview Mental Wellness NHS Trust,White,Canada,ILR,AHP,Physiologist,Women & Children,6,26.76,2023-11-28,2024-01-09,15.0,0.4,None,Permanent,Active,KE551077,2028-10-17,PR922454,2026-12-21,2027-07-20,2023-12-19
EMP0353-20260916_215328,Gary,Reid,dpayne@example.org,1998-05-31,02074960373,"41 Pritchard Ferry
O'Brienfort
G9H 5ER",Male,Westmere Community Health NHS Trust,Mixed,Australia,Dependent,Medical,GP,Emergency & Urgent Care,GP,47.05,2025-02-28,2025-03-28,30.0,0.8,GMC,Fixed Term,Inactive,XD779490,2027-11-17,SY376519,2027-05-09,2026-12-06,2025-03-21
EMP0354-20260916_215328,Marilyn,Scott,charles67@example.net,1968-07-13,+441214960871,"Studio 03
Yates Crossroad
Thompsonbury
E9 0WF",Female,Meadowbrook Community Health NHS Trust,Mixed,New Zealand,Skilled Worker,Nursing,Staff Nurse,Medicine & Acute Care,5,19.81,2017-03-04,2017-04-15,15.0,0.4,GMC,Fixed Term,Suspended,PW901139,2030-07-14,BH589676,2030-01-05,2027-03-31,2017-03-25
EMP0355-20260916_215328,Holly,Hanson,adamsnorman@example.com,1990-09-05,+44(0)1632 960 111,"Studio 0
Kevin Passage
Dobsonshire
CW6M 8UH",Male,Eastmoor Teaching Hospitals NHS Trust,White,Australia,British Citizen,Nursing,Ward Manager,Medicine & Acute Care,8A,35.0,2019-03-01,2019-03-29,37.5,1.0,GMC,Bank,Active,OS154540,2031-05-24,JJ091277,2028-09-17,2026-12-26,2019-03-22
EMP0356-20260916_215328,Justin,Hill,georgeroberts@example.com,2006-05-27,+44(0)191 4960531,"3 Begum Route
Cameronport
W4 8JW",Female,Greenhaven Acute & Specialist Care NHS Trust,Mixed,Japan,British Citizen,Admin,Administrator,Women & Children,3,14.05,2018-03-12,2018-04-23,20.0,0.53,None,Fixed Term,Inactive,OH073699,2027-12-08,HD142743,2027-01-09,2027-09-09,2018-04-02
EMP0357-20260916_215328,Richard,Marshall,alice66@example.com,1982-03-22,(0151) 496 0044,"Flat 8
Sheila Fort
South Jenna
SK5A 4XQ",Male,Bluewater Community & Rehabilitation NHS Trust,Mixed,Trinidad and Tobago,Skilled Worker,AHP,Occupational Therapist,Emergency & Urgent Care,6,25.35,2023-07-07,2023-08-04,15.0,0.4,NMC,Bank,Active,HT603688,2028-12-17,JB724065,2027-01-09,2026-09-20,2023-07-28
EMP0358-20260916_215328,Andrew,Bell,oliver10@example.org,1977-05-30,+4420 74960552,"77 Day Mountains
Richardfort
CA1V 7FZ",Female,Eastmoor Teaching Hospitals NHS Trust,Black,Ghana,British Citizen,AHP,Pharmacist,Medicine & Acute Care,5,19.45,2023-12-29,2024-01-26,20.0,0.53,None,Bank,Suspended,SK087297,2031-07-14,VT148492,2026-10-08,2027-05-08,2024-01-19
EMP0359-20260916_215328,Melanie,Burke,nortonvalerie@example.com,1970-04-17,(0141)4960156,"Studio 9
Hurst Club
New Marilynside
W3 9UR",Male,Eastfield Psychological Services NHS Trust,Black,Ghana,British Citizen,Admin,Administrator,Women & Children,3,13.43,2024-09-26,2024-10-31,20.0,0.53,GMC,Fixed Term,On Leave,QV423474,2028-12-29,KN161015,2029-05-08,2027-07-17,2024-10-17
EMP0360-20260916_215328,Jennifer,Myers,eturner@example.net,1982-05-12,(0113)4960111,"98 Frank Isle
West Bethanberg
LN5E 6FG",Male,Westborough Acute Care NHS Trust,Asian,Japan,Skilled Worker,Nursing,Ward Manager,Medicine & Acute Care,8A,34.55,2026-07-24,2026-08-21,18.75,0.5,None,Fixed Term,Active,FH674995,2028-10-07,BH450327,2031-08-28,2027-06-18,2026-08-14
EMP0361-20260916_215328,Timothy,Poole,morrispeter@example.org,1992-11-15,+44161 4960676,"Flat 00k
Rhys Springs
Kylefurt
WF3 4YL",Female,Meadowbrook Community Health NHS Trust,Asian,India,British Citizen,Medical,FY1/FY2,Critical Care & Anaesthesia,FY1,19.05,2019-04-21,2019-06-02,20.0,0.53,HCPC,Permanent,Active,DB261512,2027-03-14,DR635255,2030-11-01,2027-08-17,2019-05-12
EMP0362-20260916_215328,Gail,Talbot,imorris@example.com,1992-06-06,0909 879 0540,"8 Smith Unions
South Richardfort
M9J 1HP",Female,Northshire University Hospitals NHS Trust,Mixed,Nigeria,ILR,Nursing,Healthcare Assistant,Emergency & Urgent Care,2,12.59,2024-04-19,2024-05-17,30.0,0.8,GMC,Bank,On Leave,PY046863,2029-05-15,KT876968,2029-03-26,2026-10-31,2024-05-10
EMP0363-20260916_215328,Kirsty,Ryan,edward80@example.net,1983-01-28,+44(0)1632 960467,"Flat 69
Freeman Mill
West Karlton
E5 9EP",Female,Bluewater Community & Rehabilitation NHS Trust,Black,Trinidad and Tobago,British Citizen,AHP,Pharmacist,Medicine & Acute Care,5,20.91,2025-06-28,2025-08-09,18.75,0.5,GMC,Bank,Inactive,MN540885,2030-07-30,ET853991,2030-03-30,2026-12-05,2025-07-19
EMP0364-20260916_215328,Adam,Swift,robinsonlucy@example.net,1999-11-01,+44(0)1314960888,"Flat 95I
Miles Mountains
Martinfort
KY6W 7WP",Female,Bluewater Community & Rehabilitation NHS Trust,White,New Zealand,ILR,Admin,Administrator,Corporate Services,3,14.35,2018-07-22,2018-08-19,15.0,0.4,NMC,Permanent,Active,XK980858,2029-11-16,YX145438,2027-07-26,2027-05-22,2018-08-12
EMP0365-20260916_215328,Rosemary,Stevens,fgray@example.org,1985-07-10,+44(0)3069990580,"Studio 87h
Robinson Spurs
Ryanhaven
SK95 4TE",Male,Southvale Hospitals NHS Trust,White,New Zealand,Dependent,AHP,Occupational Therapist,Emergency & Urgent Care,6,27.59,2021-09-25,2021-10-30,18.75,0.5,HCPC,Fixed Term,Suspended,FV849934,2027-01-15,ZY418737,2029-10-15,2027-06-26,2021-10-16
EMP0366-20260916_215328,Donna,Norton,anna78@example.com,1980-01-03,01514960217,"169 Ball Ford
Port Tomtown
CT03 0GD",Male,Broadfield Clinical Services NHS Trust,Black,Jamaica,British Citizen,Medical,SHO,Women & Children,SHO,27.49,2017-10-09,2017-11-20,20.0,0.53,NMC,Permanent,On Leave,ST834761,2027-10-31,TF209415,2028-07-26,2027-07-18,2017-10-30
EMP0367-20260916_215328,Joseph,Williams,evansdeclan@example.org,2002-05-11,(0191) 4960457,"Flat 3
Collins Track
West Lesleyborough
ST6 4EL",Male,Bluewater Community & Rehabilitation NHS Trust,White,New Zealand,ILR,Nursing,Nursery Nurse,Medicine & Acute Care,2,13.03,2017-11-04,2017-12-16,18.75,0.5,HCPC,Bank,Active,XR582230,2027-08-08,OV873621,2028-06-24,2027-05-03,2017-11-25
EMP0368-20260916_215328,Molly,Bentley,alanwebb@example.org,1967-10-06,+44(0)2074960051,"244 Clifford Orchard
West Ashley
E25 6YT",Female,Eastmoor Teaching Hospitals NHS Trust,Asian,China,Dependent,Nursing,Senior Staff Nurse,Critical Care & Anaesthesia,6,22.72,2018-07-14,2018-08-18,18.75,0.5,None,Permanent,On Leave,OA105740,2029-08-14,XB922818,2029-06-21,2027-03-24,2018-08-04
EMP0369-20260916_215328,Antony,Booth,iwright@example.com,1972-05-12,03069990505,"Studio 6
Williams Prairie
South Garry
B81 6GE",Male,Southgate Community & Mental Health NHS Trust,Mixed,Jamaica,Dependent,Admin,Receptionist,Surgery & Cancer,3,13.51,2022-01-02,2022-02-06,20.0,0.53,HCPC,Bank,Suspended,WF422030,2029-10-06,UR859368,2028-02-22,2027-07-16,2022-01-23
EMP0370-20260916_215328,Mandy,Thompson,richard96@example.net,2004-05-19,0131 4960707,"047 Bird Run
Lake Vincent
N8D 1RL",Female,Westmere Community Health NHS Trust,White,United States,British Citizen,AHP,Pharmacist,Corporate Services,5,20.69,2022-07-11,2022-08-22,20.0,0.53,HCPC,Fixed Term,Active,IX850011,2029-01-20,QG125980,2031-01-15,2026-10-12,2022-08-01
EMP0371-20260916_215328,Leslie,Taylor,uharris@example.org,1987-10-30,(0306)9990368,"78 Jacob Fork
Kempside
B8 5HL",Male,Southvale Hospitals NHS Trust,Black,Nigeria,ILR,Medical,Registrar,Emergency & Urgent Care,SPR,42.81,2023-06-11,2023-07-16,30.0,0.8,None,Permanent,Suspended,BT788954,2029-05-24,HI553530,2030-01-06,2026-11-03,2023-07-02
EMP0372-20260916_215328,Dominic,Clark,ywilson@example.net,2003-06-15,+44(0)114 496 0861,"Flat 07
Smith Parkways
North Francescachester
G42 2GB",Male,Southvale Hospitals NHS Trust,Mixed,Japan,British Citizen,Medical,SHO,Clinical Support Services,SHO,30.17,2022-01-06,2022-02-17,30.0,0.8,None,Fixed Term,On Leave,SE923534,2026-12-05,VD842729,2031-05-06,2027-03-31,2022-01-27
EMP0373-20260916_215328,Susan,Thomas,susanshort@example.net,1985-07-14,+44113 4960296,"Flat 2
Evans Islands
Lake Bruce
HR6H 4QP",Male,Southvale Hospitals NHS Trust,White,Australia,Skilled Worker,Admin,Medical Secretary,Corporate Services,4,17.22,2026-06-23,2026-08-04,18.75,0.5,HCPC,Permanent,Suspended,QV486754,2029-01-19,OK680861,2028-06-16,2027-09-11,2026-07-14
EMP0374-20260916_215328,Caroline,Heath,annajennings@example.org,1982-05-04,+441164960899,"Flat 4
Newton Ferry
New Bradleyfort
LN3H 4HR",Female,Eastmoor Teaching Hospitals NHS Trust,Black,Jamaica,British Citizen,AHP,Radiographer,Surgery & Cancer,6,24.39,2022-01-30,2022-03-06,37.5,1.0,None,Bank,Suspended,UH097771,2030-10-02,AM252329,2029-09-12,2027-07-14,2022-02-20
EMP0375-20260916_215328,Kimberley,Barry,ambertyler@example.com,1987-08-08,(029) 2018449,"Studio 77
Ellis Ferry
Hendersonburgh
WC1P 0PQ",Female,Southvale Hospitals NHS Trust,Mixed,Barbados,ILR,Medical,SHO,Surgery & Cancer,SHO,29.54,2020-07-23,2020-09-03,37.5,1.0,GMC,Permanent,Suspended,PH413685,2028-07-31,MG484879,2029-06-20,2027-07-15,2020-08-13
EMP0376-20260916_215328,Rita,Farrell,george08@example.com,1989-07-03,+44(0)1614960427,"5 Thomas Bridge
Patriciachester
LD96 2AE",Female,Midlands Central Hospitals NHS Trust,Asian,China,Dependent,Medical,SHO,Critical Care & Anaesthesia,SHO,29.02,2018-07-03,2018-08-07,20.0,0.53,NMC,Permanent,Inactive,NJ554855,2031-02-12,OF501591,2029-12-07,2027-02-21,2018-07-24
EMP0377-20260916_215328,Pamela,Robson,haywardhazel@example.com,2000-12-04,+44191 496 0228,"Flat 42
Leslie Lock
Port Aimeehaven
EN6A 5SU",Female,Northshire University Hospitals NHS Trust,White,New Zealand,ILR,AHP,Occupational Therapist,Emergency & Urgent Care,6,25.28,2023-01-18,2023-03-01,20.0,0.53,None,Fixed Term,On Leave,CN430930,2026-09-18,UT581367,2027-04-19,2026-11-07,2023-02-08
EMP0378-20260916_215328,Tracy,Hill,zsheppard@example.com,1972-06-22,+44(0)9098790494,"Studio 0
Antony Dam
Lake Mariestad
CR7Y 2UP",Female,Westmere Community Health NHS Trust,Asian,India,ILR,Medical,GP,Women & Children,GP,50.57,2024-08-05,2024-09-16,20.0,0.53,GMC,Permanent,Inactive,SZ793771,2028-11-11,SA199603,2026-10-29,2027-08-15,2024-08-26
EMP0379-20260916_215328,Alex,Walton,raymond23@example.net,1997-09-10,028 9018049,"Studio 80
Davies Spur
North Frederickhaven
PR72 7XW",Male,Meadowbrook Community Health NHS Trust,White,New Zealand,Dependent,Nursing,Senior Staff Nurse,Emergency & Urgent Care,6,23.64,2017-09-30,2017-11-04,37.5,1.0,HCPC,Permanent,On Leave,FW199747,2027-06-06,BO987125,2029-11-27,2027-03-22,2017-10-21
EMP0380-20260916_215328,Anne,Chapman,atkinsonabdul@example.com,1981-09-13,(0121)4960836,"Flat 3
Jackson Rest
New Kevin
L66 6YR",Female,Eastmoor Teaching Hospitals NHS Trust,Asian,India,British Citizen,AHP,Physiotherapist,Critical Care & Anaesthesia,6,26.83,2016-12-18,2017-01-29,18.75,0.5,GMC,Fixed Term,Inactive,PW380829,2027-12-11,PX439562,2031-02-07,2026-10-16,2017-01-08
EMP0381-20260916_215328,Jack,Bell,hunterhoward@example.org,1989-06-01,+44114 496 0957,"Flat 32
Thomson Trail
Singhport
WS02 0AL",Male,Valleyview Mental Wellness NHS Trust,Asian,China,British Citizen,AHP,Radiographer,Medicine & Acute Care,6,22.73,2020-04-24,2020-06-05,30.0,0.8,GMC,Bank,Suspended,AX804528,2031-08-21,XO268822,2026-10-20,2027-08-29,2020-05-15
EMP0382-20260916_215328,Beverley,Whittaker,imorgan@example.net,2002-06-04,0121 4960338,"Studio 15r
Jones Track
Lake Janet
B49 3DW",Female,Southvale Hospitals NHS Trust,Asian,Japan,Skilled Worker,Admin,Data Analyst,Clinical Support Services,8A,28.97,2019-04-27,2019-06-01,37.5,1.0,GMC,Fixed Term,On Leave,DI374137,2031-09-06,PN287760,2027-07-06,2027-04-05,2019-05-18
EMP0383-20260916_215328,Hazel,Lee,hussainvalerie@example.com,1993-07-25,0121 4960132,"7 Daniels Key
Shahside
E2 5BG",Female,Riverbank General Hospitals NHS Trust,Mixed,Thailand,Dependent,AHP,Speech Therapist,Women & Children,6,26.57,2023-08-09,2023-09-06,15.0,0.4,GMC,Bank,Inactive,RM351071,2027-03-30,UZ839557,2028-07-03,2027-01-22,2023-08-30
EMP0384-20260916_215328,Oliver,Mason,jonesmaureen@example.net,1997-08-26,+44(0)306 9990061,"548 Wells Lodge
Macdonaldshire
BA33 6ZH",Female,Riverside Integrated Care NHS Trust,Mixed,Ghana,Skilled Worker,Nursing,Senior Staff Nurse,Corporate Services,6,23.36,2020-12-23,2021-01-20,15.0,0.4,HCPC,Permanent,Suspended,RK907258,2031-02-11,PL222843,2027-04-28,2027-05-20,2021-01-13
EMP0385-20260916_215328,Stewart,Curtis,tonyknowles@example.org,1975-11-02,(0808)1570019,"753 Murray Green
Port Ben
E61 9QZ",Female,Midlands Central Hospitals NHS Trust,Asian,Thailand,Dependent,Admin,Medical Secretary,Emergency & Urgent Care,4,16.2,2017-09-15,2017-10-20,37.5,1.0,None,Permanent,Active,DS061754,2029-12-19,GU087790,2030-12-14,2027-03-02,2017-10-06
EMP0386-20260916_215328,Stuart,Richardson,ooliver@example.com,1992-04-20,+44117 496 0716,"Flat 66W
Josephine Crossing
Dawsonton
M28 4UR",Male,Southgate Community & Mental Health NHS Trust,Black,South Africa,British Citizen,Admin,Medical Secretary,Critical Care & Anaesthesia,4,15.93,2024-03-15,2024-04-26,15.0,0.4,HCPC,Fixed Term,Suspended,ZH061767,2028-10-23,JX962540,2029-12-15,2027-06-24,2024-04-05
EMP0387-20260916_215328,Declan,Palmer,nigel49@example.org,1993-12-30,+44292018470,"Flat 5
Smith Port
Scottstad
E0 6WW",Female,Southgate Community & Mental Health NHS Trust,Asian,India,ILR,Medical,FY1/FY2,Surgery & Cancer,FY1,20.0,2022-01-21,2022-03-04,15.0,0.4,GMC,Permanent,Active,CO314389,2028-06-02,SS419592,2030-10-14,2027-07-24,2022-02-11
EMP0388-20260916_215328,Claire,Jones,gillaaron@example.org,1966-10-29,+44909 8790740,"63 Price Overpass
Tonyfurt
G1A 7NT",Female,Lakeside District Hospitals NHS Trust,Asian,India,ILR,Medical,FY1/FY2,Corporate Services,FY1,19.06,2023-09-06,2023-10-11,18.75,0.5,None,Fixed Term,On Leave,BN976796,2028-11-08,PA214809,2030-09-17,2027-06-27,2023-09-27
EMP0389-20260916_215328,Gordon,O'Neill,newtonsian@example.com,2003-03-13,0808 1570687,"031 Jennifer Mews
Lewisberg
RG1 5ZF",Male,Midlands Central Hospitals NHS Trust,Black,Kenya,Dependent,AHP,Pharmacist,Women & Children,5,20.54,2019-01-09,2019-02-20,20.0,0.53,GMC,Bank,On Leave,PV784619,2028-11-12,FL671805,2028-10-11,2027-08-30,2019-01-30
EMP0390-20260916_215328,Sarah,Armstrong,annette63@example.com,1994-03-26,+44(0)1632960037,"3 Tony Oval
Port Katherinestad
M5 7SL",Male,Southgate Community & Mental Health NHS Trust,White,United States,Skilled Worker,Medical,GP,Corporate Services,GP,56.61,2021-07-07,2021-08-04,37.5,1.0,NMC,Permanent,Inactive,QP608012,2029-01-16,QW303591,2027-08-25,2026-09-21,2021-07-28
EMP0391-20260916_215328,Antony,Hutchinson,cburgess@example.net,2008-06-16,(0113) 496 0097,"Flat 9
Danielle Drive
Georgehaven
NE06 0HX",Female,Midlands Central Hospitals NHS Trust,White,Canada,British Citizen,Medical,SHO,Women & Children,SHO,27.62,2019-03-29,2019-05-03,37.5,1.0,HCPC,Bank,On Leave,OT008140,2027-10-21,SL033226,2029-12-16,2027-05-30,2019-04-19
EMP0392-20260916_215328,Russell,Smith,jasmine59@example.com,1986-12-07,0117 4960625,"5 Goodwin Glen
Meganberg
AB8 2ZZ",Male,Northshire University Hospitals NHS Trust,White,New Zealand,ILR,AHP,Physiologist,Surgery & Cancer,6,26.59,2021-11-22,2021-12-20,20.0,0.53,HCPC,Fixed Term,On Leave,KS124723,2029-06-11,HE079010,2027-08-04,2026-09-18,2021-12-13
EMP0393-20260916_215328,Stephanie,Tomlinson,alan68@example.net,1997-06-27,0115 496 0482,"Flat 2
Harris Bypass
Pickeringville
M2 9EP",Male,Midlands Central Hospitals NHS Trust,Asian,Japan,British Citizen,Admin,Medical Secretary,Emergency & Urgent Care,4,16.65,2026-01-29,2026-02-26,18.75,0.5,HCPC,Fixed Term,On Leave,KW795474,2028-05-08,FY109979,2027-07-08,2026-11-30,2026-02-19
EMP0394-20260916_215328,Conor,Moore,blackburnlucy@example.com,1976-10-14,028 9018748,"69 Stevenson Skyway
East Melaniehaven
G99 0PS",Female,Greenhaven Acute & Specialist Care NHS Trust,Black,Trinidad and Tobago,Skilled Worker,AHP,Pharmacist,Surgery & Cancer,5,19.58,2018-11-27,2019-01-08,37.5,1.0,None,Fixed Term,On Leave,CV418313,2030-05-08,UV703997,2029-02-20,2026-10-11,2018-12-18
EMP0395-20260916_215328,Christian,Birch,gwallace@example.com,2008-03-13,01184960842,"519 Jamie Ways
Lake Sylviahaven
TA3 2JE",Male,Southvale Hospitals NHS Trust,Asian,India,British Citizen,AHP,Pharmacist,Medicine & Acute Care,5,21.39,2026-08-19,2026-09-16,18.75,0.5,GMC,Fixed Term,Inactive,EO647927,2027-02-28,DX654816,2030-10-05,2027-05-14,2026-09-09
EMP0396-20260916_215328,Carl,Thomas,amelia51@example.org,1965-02-14,(0115) 4960373,"Studio 1
McDonald Trafficway
New Darren
B1 9YZ",Male,Horizon Integrated Health Partnership NHS Trust,Black,South Africa,Skilled Worker,Admin,Medical Secretary,Surgery & Cancer,4,18.79,2021-07-28,2021-09-08,20.0,0.53,None,Permanent,Active,CO970791,2027-02-01,UL370072,2031-08-10,2027-06-17,2021-08-18
EMP0397-20260916_215328,Clive,Taylor,reynoldsharry@example.org,1970-04-13,01632960089,"27 Sally Brook
Douglasfurt
EN8R 2GX",Male,Northshire University Hospitals NHS Trust,Asian,India,British Citizen,AHP,Radiographer,Surgery & Cancer,6,26.55,2025-07-19,2025-08-16,30.0,0.8,GMC,Permanent,Inactive,ZK288313,2030-06-15,HW281056,2031-02-12,2026-09-26,2025-08-09
EMP0398-20260916_215328,Abigail,Hancock,amy92@example.net,1971-02-21,(0151) 496 0943,"Flat 36
Harding Pass
Barkerbury
S0G 3WX",Male,Eastmoor Teaching Hospitals NHS Trust,Asian,China,ILR,AHP,Radiographer,Medicine & Acute Care,6,25.45,2017-09-12,2017-10-24,30.0,0.8,NMC,Bank,Inactive,DO757748,2027-09-21,YX503660,2031-02-02,2026-11-12,2017-10-03
EMP0399-20260916_215328,Brett,Morgan,ltaylor@example.com,1966-03-19,(0113) 4960614,"5 Francis Locks
Cooperton
B88 5AZ",Female,Oakridge Community Services NHS Trust,White,United Kingdom,British Citizen,Medical,Registrar,Critical Care & Anaesthesia,SPR,33.41,2026-06-25,2026-08-06,30.0,0.8,GMC,Fixed Term,Active,MP555014,2031-04-04,RB499845,2028-06-04,2027-05-04,2026-07-16
EMP0400-20260916_215328,Kirsty,Ryan,hannah92@example.net,1960-10-22,(0131)4960345,"62 Parkes Spur
Akhtarfurt
G4T 8NY",Female,Meadowbrook Community Health NHS Trust,White,Australia,Skilled Worker,AHP,Speech Therapist,Surgery & Cancer,6,22.67,2024-10-20,2024-12-01,20.0,0.53,HCPC,Permanent,On Leave,KS545555,2029-04-27,PG563449,2028-04-23,2027-01-05,2024-11-10
EMP0401-20260916_215328,Danny,Gray,gareth29@example.org,1991-04-18,+44141 4960490,"Studio 51I
Aimee Roads
East Jodie
M8 6YD",Female,Oakridge Community Services NHS Trust,Mixed,New Zealand,British Citizen,Admin,Administrator,Critical Care & Anaesthesia,3,13.38,2019-04-21,2019-05-19,15.0,0.4,None,Fixed Term,Suspended,AZ303612,2031-07-11,KZ322766,2028-11-14,2027-01-27,2019-05-12
EMP0402-20260916_215328,Scott,Bailey,abdulevans@example.com,1977-07-06,+44161 496 0403,"Studio 7
Smith Bridge
Port Jade
N8U 5ZB",Male,Eastfield Psychological Services NHS Trust,White,New Zealand,British Citizen,Admin,Receptionist,Corporate Services,3,15.99,2025-05-12,2025-06-09,15.0,0.4,HCPC,Bank,Active,GF280343,2028-11-23,WQ104708,2030-05-12,2027-04-16,2025-06-02
EMP0403-20260916_215328,Kieran,Goodwin,kim49@example.org,1988-11-19,+44306 999 0590,"Flat 2
Edwards Drive
West Mohamed
W9E 7SX",Female,Meadowbrook Community Health NHS Trust,Mixed,South Africa,British Citizen,Nursing,Healthcare Assistant,Medicine & Acute Care,2,13.95,2018-07-05,2018-08-09,20.0,0.53,GMC,Fixed Term,Suspended,VP175191,2030-06-08,DL441968,2027-04-12,2027-03-19,2018-07-26
EMP0404-20260916_215328,Hayley,Page,harveyguy@example.org,1973-12-30,0141 4960761,"Flat 03
Owen Tunnel
West Stephaniefurt
E64 7ZF",Female,Northwood Mental Health NHS Trust,Black,Jamaica,Dependent,Nursing,Charge Nurse,Surgery & Cancer,7,32.15,2022-07-30,2022-09-03,37.5,1.0,GMC,Fixed Term,On Leave,WO502651,2029-04-26,SN861232,2027-03-13,2027-02-14,2022-08-20
EMP0405-20260916_215328,Charlie,Smith,kingconnor@example.org,1962-05-25,+44191 4960285,"Flat 90
James Mountains
West Lee
M7F 2DR",Female,Eastmoor Teaching Hospitals NHS Trust,White,Canada,British Citizen,Admin,Administrator,Emergency & Urgent Care,3,16.4,2017-12-15,2018-01-19,18.75,0.5,HCPC,Bank,Active,OI455695,2026-10-29,PZ044791,2027-10-01,2026-11-03,2018-01-05
EMP0406-20260916_215328,Kimberley,Cooper,glensmith@example.com,1974-06-11,(0121)4960850,"2 Carolyn Lodge
North Carly
CB1 7RW",Female,Riverside Integrated Care NHS Trust,Black,South Africa,British Citizen,Admin,Medical Secretary,Critical Care & Anaesthesia,4,15.97,2022-09-30,2022-11-11,37.5,1.0,HCPC,Bank,On Leave,ST256607,2027-02-10,DD525468,2030-04-29,2026-10-04,2022-10-21
EMP0407-20260916_215328,Geraldine,Giles,waltonmichelle@example.org,1987-01-21,+44117 496 0793,"Flat 5
Hazel Village
South Jasonberg
N1B 9TL",Male,Hillcrest Medical Centres NHS Trust,Mixed,United States,Skilled Worker,Medical,Consultant,Medicine & Acute Care,CONS,52.32,2022-01-29,2022-03-05,15.0,0.4,NMC,Fixed Term,Active,MD298529,2029-10-31,OO802201,2031-08-22,2027-05-05,2022-02-19
EMP0408-20260916_215328,Lauren,Roberts,holmesolivia@example.com,1980-04-29,+44(0)113 496 0312,"Studio 1
Smith Prairie
Newmanview
GU8B 2RG",Female,Lakeside District Hospitals NHS Trust,Black,Ghana,Skilled Worker,Admin,Receptionist,Clinical Support Services,3,16.09,2018-07-13,2018-08-17,30.0,0.8,GMC,Fixed Term,Active,CD781607,2028-10-11,MW001917,2027-12-15,2027-05-12,2018-08-03
EMP0409-20260916_215328,Joe,Burrows,dylanhoward@example.com,2007-02-10,0115 4960643,"Studio 25k
Raymond Flat
Claireland
DN3 7AU",Female,Riverbank General Hospitals NHS Trust,White,New Zealand,British Citizen,Nursing,Staff Nurse,Women & Children,5,19.5,2021-04-04,2021-05-16,20.0,0.53,NMC,Bank,On Leave,FM989959,2030-05-07,TH344786,2030-11-17,2027-01-25,2021-04-25
EMP0410-20260916_215328,Annette,Clarke,mhale@example.org,1993-09-04,0121 4960039,"Flat 2
Adams Grove
Murrayhaven
N3 9TL",Female,Broadfield Clinical Services NHS Trust,Mixed,Japan,British Citizen,Medical,Consultant,Clinical Support Services,CONS,70.24,2020-09-28,2020-11-09,18.75,0.5,GMC,Permanent,Suspended,LX061869,2031-02-10,RB171575,2030-06-07,2027-09-06,2020-10-19
EMP0411-20260916_215328,Gavin,Smith,jake32@example.org,2007-01-09,(0117) 496 0689,"Flat 63z
Carole Summit
Lynnfurt
M6J 1YG",Female,Lakeside District Hospitals NHS Trust,White,United Kingdom,Dependent,Medical,FY1/FY2,Women & Children,FY1,20.77,2022-05-03,2022-06-14,20.0,0.53,None,Bank,Suspended,HX567631,2028-12-02,UZ515141,2027-08-01,2027-07-27,2022-05-24
EMP0412-20260916_215328,Julia,Shah,wendywood@example.net,1970-09-25,(01632)960031,"Flat 52Y
Wall Mews
Harveyfurt
LN01 9WL",Male,Hillcrest Medical Centres NHS Trust,Mixed,Kenya,Dependent,Medical,SHO,Medicine & Acute Care,SHO,24.78,2024-12-03,2025-01-07,18.75,0.5,None,Bank,Inactive,CX077078,2027-09-30,AE967400,2028-09-18,2027-02-25,2024-12-24
EMP0413-20260916_215328,Dale,Austin,qwatson@example.net,1981-05-01,+44161 496 0234,"Flat 77
Davies Mills
South Rita
S4 7XR",Male,Riverbank General Hospitals NHS Trust,Mixed,Trinidad and Tobago,Dependent,Medical,Consultant,Corporate Services,CONS,56.2,2020-10-22,2020-11-26,15.0,0.4,HCPC,Fixed Term,Inactive,FV277131,2027-05-25,MB062986,2027-03-11,2026-11-17,2020-11-12
EMP0414-20260916_215328,Lewis,Townsend,lrobinson@example.org,2007-02-01,01214960195,"Flat 8
Ward Camp
Leeview
BH68 2ST",Male,Eastfield Psychological Services NHS Trust,White,United States,Dependent,Admin,Receptionist,Surgery & Cancer,3,13.77,2023-01-19,2023-03-02,30.0,0.8,GMC,Fixed Term,Suspended,JI275196,2027-06-06,PF693018,2029-08-10,2027-08-11,2023-02-09
EMP0415-20260916_215328,Iain,Fraser,fjones@example.org,1994-02-13,+4420 7496 0364,"33 Walters Terrace
Burkeport
DH2 3XE",Female,Bluewater Community & Rehabilitation NHS Trust,White,Australia,British Citizen,Medical,GP,Emergency & Urgent Care,GP,57.68,2016-09-21,2016-10-19,20.0,0.53,GMC,Permanent,Active,FS074940,2026-10-23,CB486171,2031-03-15,2026-12-20,2016-10-12
EMP0416-20260916_215328,Brenda,Wood,arobinson@example.net,1983-05-16,01914960097,"Studio 02k
Green Manors
Port Cameronbury
L4W 6QS",Male,Horizon Integrated Health Partnership NHS Trust,Mixed,Trinidad and Tobago,ILR,Medical,FY1/FY2,Clinical Support Services,FY1,20.52,2026-04-24,2026-06-05,15.0,0.4,HCPC,Fixed Term,Active,KB715226,2029-12-01,BD499333,2030-07-25,2027-03-06,2026-05-15
EMP0417-20260916_215328,Brandon,Davis,morrispaige@example.net,1987-05-27,0289018481,"55 Marie Extensions
Kirstyview
NR9 8YP",Male,Riverside Integrated Care NHS Trust,Asian,Japan,British Citizen,Medical,Consultant,Clinical Support Services,CONS,66.78,2019-10-05,2019-11-02,20.0,0.53,HCPC,Bank,On Leave,JN129271,2028-09-04,DV483975,2028-07-29,2027-02-24,2019-10-26
EMP0418-20260916_215328,Lauren,Barlow,bthomas@example.net,1971-06-09,03069990918,"25 Hall Ports
Robertsland
LS1V 4SX",Female,Westborough Acute Care NHS Trust,Asian,Japan,Skilled Worker,Medical,Registrar,Clinical Support Services,SPR,40.48,2026-02-01,2026-03-15,18.75,0.5,NMC,Permanent,Suspended,UH869449,2030-02-19,GR529311,2029-02-24,2027-02-02,2026-02-22
EMP0419-20260916_215328,Julie,Jones,ejohnson@example.org,1966-12-03,01632 960395,"Studio 33N
Pamela Course
East Beth
S76 1SF",Male,Bluewater Community & Rehabilitation NHS Trust,White,United Kingdom,Dependent,AHP,Physiologist,Corporate Services,6,24.5,2018-08-08,2018-09-19,18.75,0.5,GMC,Fixed Term,Suspended,XT282125,2029-11-14,UM017193,2030-07-21,2026-11-09,2018-08-29
EMP0420-20260916_215328,Benjamin,Williams,knightkerry@example.net,1986-04-01,+44116 496 0218,"Studio 04E
Emily Junction
Hussainborough
GY91 2LT",Female,Westmere Community Health NHS Trust,White,Australia,ILR,AHP,Pharmacist,Surgery & Cancer,5,20.03,2022-06-14,2022-07-12,20.0,0.53,HCPC,Bank,On Leave,VU390755,2031-06-16,ZV518077,2031-04-16,2027-02-07,2022-07-05
EMP0421-20260916_215328,Victor,Middleton,fwilson@example.net,1966-12-21,0118 4960117,"Studio 33O
Carr Gardens
Stephanieton
B5F 4AP",Male,Horizon Integrated Health Partnership NHS Trust,Asian,Japan,ILR,Admin,Data Analyst,Surgery & Cancer,8A,34.32,2018-03-08,2018-04-05,37.5,1.0,NMC,Fixed Term,On Leave,UB884693,2028-04-07,CF753586,2028-08-01,2027-09-14,2018-03-29
EMP0422-20260916_215328,Amanda,Talbot,robert41@example.com,1998-06-27,(0161) 496 0270,"Flat 42
Ryan Fall
South Carolville
N0 7XU",Female,Northshire University Hospitals NHS Trust,Black,Jamaica,ILR,Nursing,Charge Nurse,Surgery & Cancer,7,30.62,2019-09-07,2019-10-19,30.0,0.8,None,Bank,Suspended,EI669644,2029-01-10,CO610404,2029-04-29,2027-05-12,2019-09-28
EMP0423-20260916_215328,Brett,Gibbs,alanpoole@example.com,1982-03-09,(0117) 496 0056,"12 Hunt Knoll
New Meganport
DY4 7NS",Male,Northwood Mental Health NHS Trust,Black,Nigeria,Skilled Worker,Admin,Administrator,Surgery & Cancer,3,13.56,2022-10-24,2022-12-05,15.0,0.4,None,Fixed Term,On Leave,VG965332,2027-06-02,BH661862,2031-05-22,2026-09-17,2022-11-14
EMP0424-20260916_215328,Victor,Thompson,lydiathorpe@example.org,1981-08-22,(0306) 999 0883,"Flat 01
Peacock Ramp
Cookberg
EH73 1DA",Male,Meadowbrook Community Health NHS Trust,White,Canada,British Citizen,Medical,Registrar,Critical Care & Anaesthesia,SPR,38.52,2018-06-29,2018-07-27,20.0,0.53,None,Bank,Inactive,HG511482,2028-06-15,LC777782,2030-03-19,2027-08-21,2018-07-20
EMP0425-20260916_215328,Nathan,Hardy,swalker@example.org,1989-07-10,(0141)4960942,"Flat 2
White Valleys
Lake Catherinefort
IG57 3UA",Female,Northshire University Hospitals NHS Trust,Asian,China,ILR,Admin,Administrator,Emergency & Urgent Care,3,15.98,2023-06-10,2023-07-22,20.0,0.53,HCPC,Fixed Term,Active,VD834262,2030-10-12,GG025888,2029-10-03,2027-07-04,2023-07-01
EMP0426-20260916_215328,Samantha,Wall,lhall@example.org,1975-04-27,0161 4960779,"Studio 70
Todd Island
Lydiaport
LA8 1AU",Female,Westmere Community Health NHS Trust,Black,Trinidad and Tobago,Skilled Worker,AHP,Occupational Therapist,Critical Care & Anaesthesia,6,24.87,2018-08-15,2018-09-19,30.0,0.8,GMC,Bank,Suspended,KT156570,2026-12-13,RV383750,2028-02-06,2027-02-20,2018-09-05
EMP0427-20260916_215328,Josephine,Roberts,jordanhall@example.com,1971-04-07,+44(0)118 496 0151,"Flat 15
Bennett Station
Lordberg
B1 9ZB",Female,Northshire University Hospitals NHS Trust,White,United Kingdom,Skilled Worker,Nursing,Senior Staff Nurse,Medicine & Acute Care,6,26.12,2026-04-25,2026-05-30,15.0,0.4,HCPC,Permanent,Active,KZ740929,2029-07-23,ED603052,2030-12-27,2027-08-11,2026-05-16
EMP0428-20260916_215328,George,Chambers,morrisonjane@example.net,1999-06-23,+4420 74960524,"4 Lauren Stream
Jeffreyfurt
SN26 8GQ",Male,Valleyview Mental Wellness NHS Trust,White,United Kingdom,Dependent,AHP,Pharmacist,Medicine & Acute Care,5,22.82,2020-10-30,2020-11-27,18.75,0.5,HCPC,Permanent,On Leave,QC554021,2027-07-01,IW797198,2031-06-21,2027-01-17,2020-11-20
EMP0429-20260916_215328,Sally,Parker,jademorris@example.org,1970-03-15,(0141) 4960414,"221 Morris Pines
Maureenfort
DL50 2NP",Male,Hillcrest Medical Centres NHS Trust,Mixed,United States,ILR,Medical,FY1/FY2,Corporate Services,FY1,20.67,2026-04-25,2026-05-23,18.75,0.5,HCPC,Bank,Active,LL540820,2027-07-02,JE139256,2031-07-27,2027-01-20,2026-05-16
EMP0430-20260916_215328,Suzanne,Newton,caroline05@example.com,2005-05-12,(0118)4960879,"Studio 86
Angela Route
Joycefurt
YO3 2XL",Female,Riverbank General Hospitals NHS Trust,Mixed,Trinidad and Tobago,British Citizen,Admin,Receptionist,Clinical Support Services,3,14.13,2017-12-11,2018-01-22,20.0,0.53,HCPC,Bank,Active,WL634162,2031-07-27,XK322841,2027-01-03,2027-08-01,2018-01-01
EMP0431-20260916_215328,Lucy,Elliott,pamela24@example.org,2006-11-12,+44(0)1214960778,"4 Clifford Estates
Holdenborough
TF2 2AD",Female,Lakeside District Hospitals NHS Trust,White,United States,British Citizen,AHP,Physiotherapist,Critical Care & Anaesthesia,6,22.78,2024-05-08,2024-06-12,20.0,0.53,None,Fixed Term,Inactive,TY203691,2028-03-18,PG569025,2027-04-24,2027-03-25,2024-05-29
EMP0432-20260916_215328,Alexander,Shaw,geoffrey92@example.org,1966-02-24,+4420 74960020,"18 Webster Manors
Port Deanhaven
CR05 2LP",Male,Greenhaven Acute & Specialist Care NHS Trust,Asian,China,Skilled Worker,Nursing,Senior Staff Nurse,Women & Children,6,25.2,2025-10-03,2025-11-07,30.0,0.8,GMC,Bank,On Leave,JC605491,2028-04-06,WI511357,2027-05-11,2027-03-16,2025-10-24
EMP0433-20260916_215328,Joseph,Lowe,godfreyannette@example.com,1996-04-06,01154960123,"25 Clarke Vista
Brandonchester
RH58 8TD",Male,Northshire University Hospitals NHS Trust,White,United States,Dependent,Medical,FY1/FY2,Clinical Support Services,FY1,20.95,2026-01-15,2026-02-12,37.5,1.0,GMC,Permanent,Inactive,CW459774,2028-08-17,JE471511,2027-09-10,2026-11-07,2026-02-05
EMP0434-20260916_215328,Frederick,Kelly,gardinerjoseph@example.org,1969-08-02,0909 8790092,"Flat 6
Jeremy Drive
Johnfort
HR5M 2GA",Female,Northshire University Hospitals NHS Trust,Asian,India,British Citizen,Nursing,Nursery Nurse,Critical Care & Anaesthesia,2,14.11,2025-08-15,2025-09-19,18.75,0.5,GMC,Permanent,Active,XV655665,2031-02-14,YA793358,2030-09-23,2027-07-15,2025-09-05
EMP0435-20260916_215328,Margaret,Fry,fmason@example.com,1976-01-14,+44(0)29 2018 0434,"Studio 2
Walton Square
Francestown
L1 0QL",Female,Valleyview Mental Wellness NHS Trust,Black,Ghana,Skilled Worker,Nursing,Staff Nurse,Critical Care & Anaesthesia,5,22.13,2017-01-28,2017-03-11,15.0,0.4,HCPC,Fixed Term,Inactive,RK023007,2031-02-01,NZ421712,2028-01-28,2027-04-23,2017-02-18
EMP0436-20260916_215328,Joan,Dean,perryrachael@example.org,1992-01-21,+44909 8790229,"Flat 65k
Howells Harbors
Hughesburgh
ML5 2FE",Female,Westmere Community Health NHS Trust,Asian,Thailand,ILR,Medical,Registrar,Medicine & Acute Care,SPR,41.58,2021-08-03,2021-08-31,30.0,0.8,None,Fixed Term,Inactive,VX012673,2028-08-21,SQ488783,2027-01-24,2027-07-12,2021-08-24
EMP0437-20260916_215328,Jordan,Cooper,kevinkent@example.com,1994-08-25,(0118)4960386,"2 Jones Union
Port Martinhaven
DY6R 3AZ",Male,Bluewater Community & Rehabilitation NHS Trust,White,United Kingdom,ILR,Nursing,Charge Nurse,Clinical Support Services,7,31.08,2025-05-02,2025-06-06,18.75,0.5,GMC,Permanent,Active,PU677568,2030-06-06,OI661158,2029-01-29,2027-05-01,2025-05-23
EMP0438-20260916_215328,Roy,King,nicolehyde@example.com,1989-02-15,+44(0)1914960090,"Studio 07
Bethany Island
Osborneland
B64 3GZ",Female,Greenhaven Acute & Specialist Care NHS Trust,Black,Ghana,Dependent,Medical,Registrar,Critical Care & Anaesthesia,SPR,41.48,2025-07-04,2025-08-15,37.5,1.0,GMC,Bank,On Leave,OX479142,2028-12-14,YR620499,2027-12-02,2026-10-18,2025-07-25
EMP0439-20260916_215328,Kim,Mitchell,andersonemily@example.net,1984-11-13,(0115)4960833,"390 Sean Squares
Mohammadberg
M52 2GU",Female,Broadfield Clinical Services NHS Trust,White,New Zealand,British Citizen,Nursing,Healthcare Assistant,Clinical Support Services,2,12.99,2016-12-19,2017-01-30,30.0,0.8,GMC,Bank,On Leave,AE376443,2030-01-23,EX114853,2029-05-02,2027-01-28,2017-01-09
EMP0440-20260916_215328,Pauline,Stone,fwade@example.net,1991-05-07,+44(0)116 4960843,"Studio 62
Lambert Square
South Kate
HA4A 1NH",Female,Riverbank General Hospitals NHS Trust,Asian,India,Dependent,Admin,Medical Secretary,Surgery & Cancer,4,18.35,2019-07-13,2019-08-17,37.5,1.0,NMC,Bank,On Leave,BV745047,2028-04-05,DI038329,2031-07-01,2026-12-19,2019-08-03
EMP0441-20260916_215328,Jodie,Thorpe,hallfrancis@example.net,1980-05-30,+44(0)118 496 0957,"20 Warner Crescent
Brookschester
HR46 2QX",Male,Midlands Central Hospitals NHS Trust,White,United States,Skilled Worker,Admin,Medical Secretary,Corporate Services,4,17.56,2019-07-25,2019-08-29,18.75,0.5,NMC,Fixed Term,Active,GC108197,2031-06-13,RR573445,2030-12-14,2026-10-03,2019-08-15
EMP0442-20260916_215328,Valerie,Harris,douglasevans@example.com,2004-06-15,(0117) 4960298,"2 O'Neill Valleys
Bentleymouth
BR03 4UN",Male,Riverbank General Hospitals NHS Trust,Mixed,Kenya,Dependent,AHP,Pharmacist,Medicine & Acute Care,5,22.06,2024-05-27,2024-07-01,20.0,0.53,HCPC,Permanent,On Leave,NR574468,2029-08-17,QY948485,2028-05-02,2026-11-11,2024-06-17
EMP0443-20260916_215328,Holly,Parker,yvonne95@example.net,1999-12-18,+44(0)306 9990119,"Studio 75U
Walsh Fork
South Jason
LA4P 6BN",Female,Northshire University Hospitals NHS Trust,Mixed,Australia,Skilled Worker,AHP,Physiotherapist,Clinical Support Services,6,22.89,2026-06-02,2026-07-07,37.5,1.0,HCPC,Permanent,Suspended,MR529175,2030-08-30,RI451581,2028-12-20,2026-12-21,2026-06-23
EMP0444-20260916_215328,Ashleigh,Smith,jasmine44@example.net,2002-09-20,+44(0)1214960915,"Flat 29i
Moore Cliff
North Shane
CV28 6YG",Male,Oakridge Community Services NHS Trust,Black,Trinidad and Tobago,Dependent,Medical,GP,Medicine & Acute Care,GP,53.28,2023-12-07,2024-01-04,37.5,1.0,None,Permanent,Active,PR280278,2026-12-12,PI762596,2031-05-25,2027-01-01,2023-12-28
EMP0445-20260916_215328,Leigh,Burton,frederickknight@example.org,1982-11-22,(01632) 960 934,"Studio 64
Richardson Ways
Lindseybury
HP57 2SP",Female,Hillcrest Medical Centres NHS Trust,White,United States,ILR,Medical,GP,Medicine & Acute Care,GP,59.14,2023-08-22,2023-10-03,15.0,0.4,HCPC,Bank,Active,ET625977,2030-10-16,IK665265,2028-02-08,2027-01-27,2023-09-12
EMP0446-20260916_215328,Thomas,Marshall,normanvalerie@example.org,1978-09-11,(0141) 4960343,"005 Maria Keys
Irenechester
ST9 7EZ",Male,Westmere Community Health NHS Trust,Black,Kenya,ILR,Admin,Receptionist,Women & Children,3,15.4,2026-09-08,2026-10-06,18.75,0.5,GMC,Bank,Active,NI300159,2029-06-06,MY778232,2030-06-10,2027-06-07,2026-09-29
EMP0447-20260916_215328,Alex,Taylor,ameliabailey@example.com,1966-08-06,(0117) 496 0777,"Studio 64L
Aimee Fort
Davisonfurt
L1S 3HX",Female,Riverside Integrated Care NHS Trust,Black,Trinidad and Tobago,Skilled Worker,Medical,Consultant,Emergency & Urgent Care,CONS,66.47,2023-04-16,2023-05-28,15.0,0.4,GMC,Bank,Suspended,GZ061030,2028-01-30,AM211921,2030-12-04,2027-04-01,2023-05-07
EMP0448-20260916_215328,Connor,Williams,anthony83@example.com,1997-11-03,+441184960646,"092 Heath Station
West Mitchell
RH93 3NN",Male,Bluewater Community & Rehabilitation NHS Trust,White,United States,ILR,Medical,GP,Medicine & Acute Care,GP,54.85,2021-02-22,2021-03-22,30.0,0.8,GMC,Permanent,Inactive,KO078772,2031-09-03,QG659913,2030-08-06,2027-03-26,2021-03-15
EMP0449-20260916_215328,Edward,Lawrence,raymond03@example.org,2005-10-08,+441134960215,"Studio 1
Mohammad Squares
Callumview
CR4 3LP",Female,Valleyview Mental Wellness NHS Trust,White,Canada,Skilled Worker,Admin,Data Analyst,Emergency & Urgent Care,8A,31.3,2021-04-12,2021-05-24,30.0,0.8,NMC,Bank,Active,ND441901,2031-02-04,TE320612,2028-09-22,2027-02-20,2021-05-03
EMP0450-20260916_215328,Douglas,Walters,geoffrey48@example.com,1963-03-17,0151 4960441,"Flat 22
Williams Vista
Singhbury
E4 7WT",Female,Riverbank General Hospitals NHS Trust,Asian,Thailand,ILR,Admin,Receptionist,Clinical Support Services,3,13.86,2018-09-28,2018-11-09,37.5,1.0,GMC,Permanent,Suspended,EB221705,2028-01-09,YP391132,2028-09-02,2027-08-17,2018-10-19
EMP0451-20260916_215328,Lynne,Smith,udean@example.com,1989-11-22,+44141 4960155,"3 Sheppard Gateway
Ryanshire
SY6 6XN",Female,Horizon Integrated Health Partnership NHS Trust,White,United Kingdom,Skilled Worker,Nursing,Senior Staff Nurse,Surgery & Cancer,6,25.83,2026-05-12,2026-06-23,30.0,0.8,HCPC,Bank,Inactive,GX287470,2027-05-19,RT581645,2028-03-09,2027-01-14,2026-06-02
EMP0452-20260916_215328,Paula,Burgess,fturner@example.com,1999-07-05,+44(0)306 9990465,"Studio 6
Hobbs Grove
Olivialand
SW5 7TG",Female,Southvale Hospitals NHS Trust,Black,Kenya,Skilled Worker,Admin,Administrator,Critical Care & Anaesthesia,3,15.3,2022-08-04,2022-09-08,15.0,0.4,HCPC,Permanent,Active,OL407371,2026-10-31,UT372524,2027-01-11,2026-11-27,2022-08-25
EMP0453-20260916_215328,Jill,Bennett,rcooper@example.net,1983-05-16,+441632 960 259,"Studio 13
Joanna Mission
West Vanessafort
WN4X 1XD",Female,Riverside Integrated Care NHS Trust,Asian,Japan,British Citizen,Nursing,Ward Manager,Critical Care & Anaesthesia,8A,32.01,2023-07-30,2023-09-10,15.0,0.4,None,Fixed Term,Active,KD079189,2030-01-25,FA915324,2028-01-21,2026-12-30,2023-08-20
EMP0454-20260916_215328,Harry,McCarthy,lhenry@example.net,1999-01-22,02074960757,"Flat 74i
Suzanne Loop
Danielmouth
UB5 3EF",Female,Valleyview Mental Wellness NHS Trust,White,Australia,Skilled Worker,Medical,Registrar,Emergency & Urgent Care,SPR,43.09,2019-01-13,2019-02-17,30.0,0.8,None,Bank,Inactive,TO000717,2031-02-25,XS239518,2027-05-23,2027-08-02,2019-02-03
EMP0455-20260916_215328,Gareth,Miah,aaronmorris@example.org,1996-11-05,+44(0)306 9990999,"Flat 82X
Baker Groves
Shawside
EH0 5GJ",Female,Valleyview Mental Wellness NHS Trust,Mixed,United States,ILR,Medical,GP,Corporate Services,GP,55.14,2022-04-06,2022-05-11,15.0,0.4,NMC,Permanent,Inactive,VG259881,2029-03-25,QJ306419,2030-05-17,2026-12-04,2022-04-27
EMP0456-20260916_215328,Henry,Jones,matthewali@example.net,1982-01-08,+44(0)118 496 0412,"9 Campbell Underpass
Mitchellside
G7J 0QD",Female,Northwood Mental Health NHS Trust,Mixed,South Africa,ILR,Nursing,Ward Manager,Clinical Support Services,8A,29.78,2026-07-16,2026-08-13,20.0,0.53,None,Bank,Suspended,AF363954,2028-06-13,PK121890,2028-10-22,2027-03-10,2026-08-06
EMP0457-20260916_215328,Michael,Begum,youngclive@example.com,1998-02-09,+44292018874,"Studio 59
Harrison Keys
New Pamela
B24 3DS",Male,Midlands Central Hospitals NHS Trust,Black,Jamaica,Skilled Worker,Nursing,Staff Nurse,Corporate Services,5,21.45,2018-09-26,2018-10-31,18.75,0.5,NMC,Permanent,Inactive,SF913495,2028-02-05,PJ626936,2027-11-08,2027-03-18,2018-10-17
EMP0458-20260916_215328,Sharon,Fraser,nicholasrowe@example.net,1966-10-03,+44(0)141 496 0500,"16 William Trail
West Philip
TD34 5FZ",Female,Greenhaven Acute & Specialist Care NHS Trust,White,United States,Skilled Worker,AHP,Physiologist,Emergency & Urgent Care,6,24.75,2022-11-24,2022-12-29,30.0,0.8,NMC,Permanent,Inactive,JA748970,2028-03-11,QG085892,2029-07-08,2026-11-26,2022-12-15
EMP0459-20260916_215328,Janice,Marshall,vlee@example.org,1965-11-15,0191 498 0816,"328 Hughes Street
Carolside
BT3H 2BY",Female,Horizon Integrated Health Partnership NHS Trust,Mixed,South Africa,British Citizen,Admin,Data Analyst,Emergency & Urgent Care,8A,33.41,2022-05-26,2022-06-23,37.5,1.0,NMC,Permanent,Active,PO806325,2028-05-02,FJ706608,2028-01-08,2026-12-06,2022-06-16
EMP0460-20260916_215328,Tracey,Shaw,jhardy@example.org,2005-07-15,+44306 9990534,"08 Carole Hills
Loweside
WA1M 4YZ",Male,Westborough Acute Care NHS Trust,Asian,China,British Citizen,Nursing,Staff Nurse,Medicine & Acute Care,5,19.69,2021-08-29,2021-09-26,30.0,0.8,HCPC,Permanent,On Leave,VJ888273,2028-05-05,WB867581,2026-11-03,2027-02-04,2021-09-19
EMP0461-20260916_215328,Henry,Wilson,patricia03@example.org,1994-10-10,+44(0)1614960947,"Studio 17m
Yates Rapids
Olivermouth
SP6B 5YX",Female,Eastfield Psychological Services NHS Trust,Asian,China,British Citizen,Admin,Data Analyst,Critical Care & Anaesthesia,8A,32.73,2017-08-15,2017-09-26,37.5,1.0,None,Bank,Inactive,UV242193,2028-06-20,VE228620,2028-03-15,2027-04-16,2017-09-05
EMP0462-20260916_215328,Marc,Patel,dalepaula@example.org,2004-09-13,(01632) 960 914,"219 Jemma Point
New Dominicmouth
PO71 5RZ",Male,Riverbank General Hospitals NHS Trust,White,United Kingdom,British Citizen,Medical,Registrar,Women & Children,SPR,42.47,2026-07-31,2026-09-04,20.0,0.53,NMC,Fixed Term,Inactive,OC664772,2030-11-04,GK459236,2029-09-03,2027-08-12,2026-08-21
EMP0463-20260916_215328,Ellie,Reid,ingrambarbara@example.net,1967-03-29,+44(0)115 4960761,"014 Peters Stream
New Jemmafort
M91 5RN",Female,Northshire University Hospitals NHS Trust,White,New Zealand,British Citizen,Admin,Medical Secretary,Surgery & Cancer,4,17.45,2023-02-17,2023-03-31,18.75,0.5,GMC,Bank,Inactive,GO421453,2029-09-24,TK832676,2029-03-23,2027-02-21,2023-03-10
EMP0464-20260916_215328,Kayleigh,Parkinson,walkerleon@example.org,2000-12-11,+441614960657,"Studio 8
Shah Meadow
Port Hilary
S2J 0EU",Female,Meadowbrook Community Health NHS Trust,Black,Barbados,Skilled Worker,Medical,Registrar,Surgery & Cancer,SPR,36.55,2021-08-19,2021-09-23,30.0,0.8,GMC,Fixed Term,Active,UH895421,2026-09-23,RY017358,2027-08-30,2026-10-11,2021-09-09
EMP0465-20260916_215328,Ruth,Lee,xbrowne@example.org,1972-11-07,01632960339,"00 Ali Ferry
Ingramstad
TW8 2WZ",Female,Valleyview Mental Wellness NHS Trust,Black,Ghana,ILR,Nursing,Ward Manager,Corporate Services,8A,30.02,2022-01-02,2022-02-13,20.0,0.53,HCPC,Fixed Term,Active,JY766855,2027-05-22,CD117617,2029-11-10,2026-10-02,2022-01-23
EMP0466-20260916_215328,Matthew,Parsons,gavinmills@example.net,1971-07-29,0808 157 0444,"Studio 96
Patricia Glen
New Callumfurt
SS9W 0HG",Male,Riverside Integrated Care NHS Trust,White,Canada,ILR,Admin,Data Analyst,Emergency & Urgent Care,8A,28.56,2022-05-20,2022-07-01,30.0,0.8,NMC,Fixed Term,Suspended,RX399296,2027-03-16,JY257002,2030-02-02,2026-11-26,2022-06-10
EMP0467-20260916_215328,Jessica,Williams,bradshawian@example.org,2000-04-20,+441914960063,"849 June Path
Tinachester
NG4 9RB",Male,Meadowbrook Community Health NHS Trust,Mixed,Jamaica,British Citizen,AHP,Speech Therapist,Corporate Services,6,24.02,2023-09-01,2023-10-13,18.75,0.5,GMC,Fixed Term,On Leave,OO559799,2031-09-13,RR747506,2029-09-28,2027-04-08,2023-09-22
EMP0468-20260916_215328,Jill,Graham,thomasleslie@example.org,1977-06-19,+44(0)29 2018085,"6 Barry Pines
Lynchborough
L3W 7BW",Male,Broadfield Clinical Services NHS Trust,Mixed,South Africa,Dependent,AHP,Radiographer,Critical Care & Anaesthesia,6,25.03,2026-01-29,2026-03-05,30.0,0.8,NMC,Permanent,On Leave,AA413119,2029-08-06,VF580682,2030-10-02,2026-12-15,2026-02-19
EMP0469-20260916_215328,Antony,Gardner,garrypeters@example.net,1962-07-08,+44116 4960847,"Studio 7
Sally Port
East Eric
IM7R 8FH",Female,Broadfield Clinical Services NHS Trust,Mixed,Japan,British Citizen,Nursing,Healthcare Assistant,Critical Care & Anaesthesia,2,14.06,2022-08-20,2022-09-24,37.5,1.0,None,Fixed Term,Active,WT740340,2028-11-21,NQ665174,2027-06-02,2026-11-19,2022-09-10
EMP0470-20260916_215328,Ashley,Connolly,jadegray@example.net,1994-11-24,0306 999 0570,"564 Debra Meadows
Kennedyside
N0 7GU",Male,Riverbank General Hospitals NHS Trust,Mixed,Japan,Dependent,Nursing,Senior Staff Nurse,Women & Children,6,26.57,2021-01-05,2021-02-09,15.0,0.4,GMC,Permanent,Active,ET378522,2028-12-26,KC002913,2026-10-27,2027-09-10,2021-01-26
EMP0471-20260916_215328,Annette,Jones,wilsonconnor@example.org,2008-01-08,020 7946 0405,"Flat 9
Metcalfe Course
East Robert
W5T 9ZL",Male,Meadowbrook Community Health NHS Trust,Mixed,Barbados,ILR,Nursing,Charge Nurse,Emergency & Urgent Care,7,27.65,2019-10-06,2019-11-17,15.0,0.4,GMC,Bank,Suspended,EV630277,2027-07-22,PZ827277,2028-10-07,2027-04-24,2019-10-27
EMP0472-20260916_215328,Arthur,Roberts,carolkaur@example.com,1971-09-25,(0909)8790655,"9 Evans Locks
Port Stephen
N8 1JU",Female,Greenhaven Acute & Specialist Care NHS Trust,Mixed,Japan,British Citizen,AHP,Radiographer,Medicine & Acute Care,6,23.22,2021-08-30,2021-10-11,37.5,1.0,NMC,Fixed Term,Active,RX527720,2030-02-04,ST612646,2030-02-16,2026-12-08,2021-09-20
EMP0473-20260916_215328,Leanne,Moss,belladrian@example.org,1991-01-20,+44151 4960879,"Studio 28k
Kent Lakes
Mauriceburgh
W61 6LT",Male,Hillcrest Medical Centres NHS Trust,White,Canada,ILR,AHP,Occupational Therapist,Critical Care & Anaesthesia,6,26.29,2023-06-21,2023-07-19,20.0,0.53,HCPC,Bank,Active,XP850503,2027-02-28,TH305671,2027-06-16,2027-03-21,2023-07-12
EMP0474-20260916_215328,Christopher,Andrews,pauline29@example.net,2006-04-01,+44131 496 0636,"Flat 90l
Rogers Station
North Lorraine
M90 8HD",Male,Riverbank General Hospitals NHS Trust,Mixed,United Kingdom,Skilled Worker,Medical,Consultant,Women & Children,CONS,55.03,2018-06-05,2018-07-17,18.75,0.5,GMC,Fixed Term,Suspended,SP531127,2030-12-16,XQ348436,2027-11-20,2027-02-01,2018-06-26
EMP0475-20260916_215328,Kieran,Long,catherinegriffiths@example.org,1998-08-19,0161 4960338,"Flat 24u
Georgia Glens
Knightshire
RH8 1ZU",Male,Riverbank General Hospitals NHS Trust,Black,Trinidad and Tobago,Skilled Worker,AHP,Pharmacist,Corporate Services,5,22.2,2022-11-14,2022-12-19,18.75,0.5,GMC,Bank,Active,IG967046,2030-04-19,PU285182,2027-06-25,2027-02-08,2022-12-05
EMP0476-20260916_215328,Graham,Taylor,jake57@example.net,1994-10-31,0116 4960093,"Studio 19
Angela Estates
East Stuart
SL09 0RF",Female,Westborough Acute Care NHS Trust,Black,Nigeria,ILR,AHP,Physiologist,Critical Care & Anaesthesia,6,27.35,2020-01-05,2020-02-09,18.75,0.5,None,Bank,On Leave,OL094539,2031-01-04,AG747168,2029-06-11,2027-09-05,2020-01-26
EMP0477-20260916_215328,Cheryl,Foster,ablack@example.org,1981-05-08,(0909) 879 0229,"Studio 40
Nicole Lane
South Juliefurt
LA36 1DS",Male,Riverbank General Hospitals NHS Trust,White,New Zealand,Dependent,AHP,Physiotherapist,Emergency & Urgent Care,6,25.51,2021-04-25,2021-05-30,37.5,1.0,NMC,Bank,Inactive,SH460894,2029-04-17,KH739857,2029-06-17,2027-05-04,2021-05-16
EMP0478-20260916_215328,June,Hughes,mmorton@example.net,1967-03-24,0116 4960699,"Flat 08Z
Norman Well
Stanleyport
E4C 4NR",Female,Southvale Hospitals NHS Trust,Mixed,China,British Citizen,Medical,Registrar,Critical Care & Anaesthesia,SPR,34.54,2017-12-19,2018-01-30,37.5,1.0,None,Fixed Term,Inactive,MA359191,2028-07-30,QV376402,2029-10-27,2027-07-02,2018-01-09
EMP0479-20260916_215328,Alison,Jones,blakemelissa@example.org,1977-08-04,+44(0)29 2018 0861,"Flat 6
Shane Falls
Alexanderbury
RG94 6EU",Male,Valleyview Mental Wellness NHS Trust,White,Canada,Skilled Worker,AHP,Physiologist,Critical Care & Anaesthesia,6,23.03,2023-10-11,2023-11-08,15.0,0.4,None,Fixed Term,On Leave,VN877745,2031-04-22,UV338076,2031-07-03,2026-12-04,2023-11-01
EMP0480-20260916_215328,Lorraine,Banks,kirsty67@example.net,1998-02-04,(0118)4960419,"9 Bishop Inlet
New Reeceville
N74 3JE",Male,Southvale Hospitals NHS Trust,Black,Jamaica,Dependent,AHP,Radiographer,Surgery & Cancer,6,25.42,2016-10-02,2016-11-13,18.75,0.5,None,Bank,Inactive,RG285837,2029-07-11,VG810730,2031-08-14,2027-02-20,2016-10-23
EMP0481-20260916_215328,Darren,Reeves,cherylmiller@example.net,1990-07-03,(0114) 496 0866,"Flat 19
Howard Forges
Charlenebury
E53 2EF",Female,Hillcrest Medical Centres NHS Trust,Asian,Thailand,Skilled Worker,AHP,Occupational Therapist,Women & Children,6,26.33,2017-03-22,2017-04-26,20.0,0.53,None,Fixed Term,Active,RJ430677,2027-03-16,RI883648,2027-03-12,2027-01-07,2017-04-12
EMP0482-20260916_215328,Josephine,Savage,krichardson@example.org,1963-11-15,+44(0)121 4960698,"864 Green Branch
South Ashleighfurt
G6U 4SS",Female,Northwood Mental Health NHS Trust,Black,South Africa,Dependent,AHP,Physiologist,Women & Children,6,27.55,2025-07-18,2025-08-29,18.75,0.5,NMC,Permanent,Active,VZ107969,2029-05-01,NX181956,2031-06-02,2027-07-18,2025-08-08
EMP0483-20260916_215328,Cheryl,Davis,gillpauline@example.net,1987-02-17,0121 496 0679,"37 Baker Vista
Port Keithside
N9 3UR",Male,Northwood Mental Health NHS Trust,Mixed,Kenya,Skilled Worker,Nursing,Ward Manager,Clinical Support Services,8A,32.85,2022-11-18,2022-12-23,15.0,0.4,GMC,Permanent,Suspended,TP884471,2029-01-19,GV686723,2027-10-25,2026-11-20,2022-12-09
EMP0484-20260916_215328,Tina,Bryan,jessica05@example.net,1962-02-28,+441632 960 969,"1 Karl Forks
New Lorraineville
S94 9PQ",Male,Riverside Integrated Care NHS Trust,Mixed,Barbados,ILR,Admin,Medical Secretary,Critical Care & Anaesthesia,4,17.97,2021-09-18,2021-10-16,30.0,0.8,HCPC,Bank,Inactive,XA747761,2030-09-30,MW651519,2027-07-20,2027-02-04,2021-10-09
EMP0485-20260916_215328,Sandra,Williamson,kim31@example.net,2005-03-13,+44118 496 0901,"230 Walker Unions
Port Katiemouth
N85 2BB",Female,Hillcrest Medical Centres NHS Trust,Black,Nigeria,Dependent,Nursing,Nursery Nurse,Surgery & Cancer,2,12.69,2021-12-09,2022-01-06,20.0,0.53,GMC,Permanent,Active,GC713737,2027-08-23,CB392570,2029-06-30,2027-05-22,2021-12-30
EMP0486-20260916_215328,Phillip,Porter,bethan72@example.net,2000-02-28,+44(0)117 496 0912,"2 Kim Rapid
North Trevorport
NR86 9BH",Male,Westmere Community Health NHS Trust,Mixed,Jamaica,British Citizen,AHP,Physiotherapist,Medicine & Acute Care,6,22.8,2022-06-16,2022-07-14,20.0,0.53,NMC,Bank,Inactive,NK215265,2030-08-29,XF637728,2030-08-18,2027-09-02,2022-07-07
EMP0487-20260916_215328,William,Allen,daviesjulian@example.net,1987-11-12,(0114) 4960255,"Studio 30I
Malcolm Glen
Port Joannahaven
W9 7PJ",Female,Westmere Community Health NHS Trust,Mixed,Ghana,British Citizen,Admin,Medical Secretary,Emergency & Urgent Care,4,15.67,2022-08-16,2022-09-27,20.0,0.53,HCPC,Fixed Term,Suspended,XG180788,2029-11-15,OJ225358,2029-05-17,2027-03-08,2022-09-06
EMP0488-20260916_215328,Gail,Chapman,lorrainewalton@example.net,1969-07-30,+4429 2018793,"Flat 1
Ferguson Landing
Dohertyburgh
BL18 2QU",Male,Meadowbrook Community Health NHS Trust,Asian,China,Skilled Worker,Admin,Data Analyst,Corporate Services,8A,33.28,2017-08-31,2017-10-05,37.5,1.0,None,Permanent,On Leave,FO108053,2027-01-23,VJ770505,2029-12-07,2026-10-27,2017-09-21
EMP0489-20260916_215328,Diane,Williams,williamssamuel@example.org,1992-04-14,+44161 496 0739,"Flat 6
James Points
McCarthyfort
N2 4EX",Male,Westborough Acute Care NHS Trust,White,Canada,Dependent,AHP,Pharmacist,Surgery & Cancer,5,22.05,2024-09-16,2024-10-21,20.0,0.53,GMC,Permanent,On Leave,XQ268254,2027-07-15,BG319865,2028-11-29,2026-10-26,2024-10-07
EMP0490-20260916_215328,Rosie,Rose,jevans@example.com,2007-02-28,+44(0)161 4960300,"Studio 6
Stuart Camp
Port Stewart
CA6 2HG",Male,Riverside Integrated Care NHS Trust,Mixed,Ghana,Skilled Worker,Medical,FY1/FY2,Women & Children,FY1,18.48,2017-04-30,2017-05-28,30.0,0.8,None,Fixed Term,Active,RO309231,2027-01-14,MW082717,2028-06-25,2027-01-30,2017-05-21
EMP0491-20260916_215328,Abbie,Birch,craig08@example.net,1981-05-30,+44(0)20 74960087,"Studio 10
Armstrong Flats
Bennetthaven
TF19 8WP",Female,Northshire University Hospitals NHS Trust,Asian,China,Skilled Worker,Medical,Consultant,Surgery & Cancer,CONS,69.82,2023-05-20,2023-06-17,30.0,0.8,NMC,Fixed Term,Active,EB086239,2027-07-17,HZ239074,2028-06-14,2027-05-05,2023-06-10
EMP0492-20260916_215328,Kayleigh,McCarthy,hendersonjohn@example.com,1980-02-04,+44116 496 0367,"88 Nathan Centers
Billyburgh
SW45 9GW",Female,Southgate Community & Mental Health NHS Trust,Mixed,Barbados,Skilled Worker,AHP,Physiologist,Women & Children,6,24.02,2022-12-23,2023-01-27,30.0,0.8,None,Bank,On Leave,LM380104,2028-03-28,FT418638,2029-09-14,2027-01-13,2023-01-13
EMP0493-20260916_215328,Elizabeth,Spencer,dwoodward@example.org,1983-12-16,+441174960123,"Flat 53e
Lee Manors
Parkesport
G50 3UT",Male,Riverside Integrated Care NHS Trust,White,United States,Dependent,AHP,Occupational Therapist,Emergency & Urgent Care,6,25.34,2018-06-18,2018-07-23,18.75,0.5,GMC,Permanent,Suspended,FO226463,2029-11-15,OL476591,2027-04-28,2026-12-08,2018-07-09
EMP0494-20260916_215328,Lesley,Jones,charlottesaunders@example.org,1976-11-16,(0116) 496 0572,"Studio 0
Glenn Parks
Simonland
B8E 8SJ",Female,Eastfield Psychological Services NHS Trust,Asian,China,Dependent,AHP,Occupational Therapist,Corporate Services,6,24.21,2024-08-27,2024-10-01,20.0,0.53,NMC,Fixed Term,Inactive,UD256097,2027-10-09,MF016941,2029-01-25,2027-06-28,2024-09-17
EMP0495-20260916_215328,Carl,Bentley,vincent81@example.com,1984-04-11,+441314960587,"26 Burns Street
Stephanieland
PL9X 8RP",Female,Oakridge Community Services NHS Trust,Mixed,Ghana,Skilled Worker,AHP,Pharmacist,Corporate Services,5,20.64,2025-01-03,2025-02-14,30.0,0.8,None,Fixed Term,Inactive,TW969638,2029-05-23,VR106233,2028-02-22,2027-03-23,2025-01-24
EMP0496-20260916_215328,Sandra,Barnes,cookconnor@example.org,1985-09-22,029 2018011,"Studio 6
Pearson Landing
Justinmouth
E3 2UT",Female,Southgate Community & Mental Health NHS Trust,Black,South Africa,Dependent,Nursing,Nursery Nurse,Women & Children,2,14.0,2018-09-08,2018-10-13,30.0,0.8,None,Fixed Term,Inactive,WY303133,2026-11-14,BX507453,2028-06-19,2027-05-24,2018-09-29
EMP0497-20260916_215328,Jane,Winter,gibsonclaire@example.org,1960-11-06,+44(0)116 4960308,"Studio 74Z
Sylvia Pines
Huntshire
SM01 4TH",Female,Valleyview Mental Wellness NHS Trust,Black,Jamaica,Dependent,AHP,Speech Therapist,Critical Care & Anaesthesia,6,26.22,2025-09-27,2025-11-01,15.0,0.4,HCPC,Fixed Term,Active,NA060641,2028-02-03,AR164820,2030-06-16,2027-06-15,2025-10-18
EMP0498-20260916_215328,Fiona,Lee,hughestracy@example.com,1994-02-25,029 2018 0194,"Flat 9
White Camp
Evanston
B85 2DY",Male,Valleyview Mental Wellness NHS Trust,Black,Nigeria,British Citizen,Medical,FY1/FY2,Critical Care & Anaesthesia,FY1,19.33,2021-08-20,2021-09-24,20.0,0.53,None,Permanent,Inactive,KR821737,2028-02-09,YL196493,2027-08-20,2027-06-18,2021-09-10
EMP0499-20260916_215328,June,Hayward,philip97@example.org,1974-01-01,+443069990688,"37 Lindsey Branch
Millston
HR8 7JL",Female,Midlands Central Hospitals NHS Trust,Asian,Thailand,Skilled Worker,AHP,Radiographer,Corporate Services,6,25.94,2022-09-09,2022-10-21,18.75,0.5,NMC,Permanent,Active,SI267448,2027-02-05,JT950984,2030-12-17,2027-05-22,2022-09-30
EMP0500-20260916_215328,Andrew,Begum,jodie64@example.net,1993-09-05,0808 157 0443,"063 Nigel Prairie
Adamton
TS1V 3XL",Male,Riverside Integrated Care NHS Trust,Black,Trinidad and Tobago,ILR,Admin,Administrator,Emergency & Urgent Care,3,14.3,2022-07-14,2022-08-11,15.0,0.4,None,Bank,Active,QM382998,2029-01-25,LO903459,2029-05-27,2027-01-18,2022-08-04
EMP0501-20260916_215328,Kelly,Patel,bwarner@example.org,1979-10-04,+44(0)808 157 0918,"863 Ashley Terrace
Nicholasmouth
N4J 3NZ",Male,Lakeside District Hospitals NHS Trust,White,United Kingdom,British Citizen,Nursing,Staff Nurse,Medicine & Acute Care,5,22.98,2024-10-02,2024-11-06,30.0,0.8,None,Fixed Term,On Leave,JR371460,2027-06-10,TI710948,2029-01-18,2027-09-05,2024-10-23
EMP0502-20260916_215328,Catherine,Oliver,ross54@example.net,1986-02-26,(0909) 8790366,"Flat 25c
Lawrence Run
Brookestown
KT20 5NW",Male,Meadowbrook Community Health NHS Trust,White,Canada,ILR,AHP,Speech Therapist,Corporate Services,6,23.42,2024-04-24,2024-05-22,20.0,0.53,NMC,Bank,Suspended,TI771700,2028-03-07,MK324797,2029-03-01,2027-07-15,2024-05-15
EMP0503-20260916_215328,Eleanor,Brooks,tina98@example.com,1969-03-16,+44(0)306 999 0705,"Studio 81Q
Jones Lake
Danielsport
G49 9SX",Male,Riverbank General Hospitals NHS Trust,Asian,India,Dependent,Medical,Consultant,Critical Care & Anaesthesia,CONS,63.76,2021-06-12,2021-07-10,37.5,1.0,None,Fixed Term,Active,JE330297,2029-06-25,MW581456,2030-05-04,2027-07-25,2021-07-03
EMP0504-20260916_215328,Alexandra,McDonald,stephaniepatel@example.com,1984-12-13,+44(0)28 9018 0316,"8 Brooks Track
South Liamborough
HA5H 6XJ",Male,Valleyview Mental Wellness NHS Trust,Black,Ghana,Dependent,Medical,SHO,Critical Care & Anaesthesia,SHO,23.67,2023-05-16,2023-06-27,18.75,0.5,GMC,Permanent,Inactive,VW485928,2029-12-30,ZT202028,2029-02-08,2026-12-19,2023-06-06
EMP0505-20260916_215328,Joshua,Owen,qwhite@example.net,1963-09-23,+44141 4960311,"6 Austin Via
Lake Leighton
SY7 3QE",Male,Riverside Integrated Care NHS Trust,Black,Nigeria,Dependent,AHP,Physiotherapist,Emergency & Urgent Care,6,27.61,2016-10-09,2016-11-13,37.5,1.0,GMC,Permanent,Active,CG056233,2027-05-12,RE244054,2030-10-14,2026-10-13,2016-10-30
EMP0506-20260916_215328,Oliver,Shaw,sharonsingh@example.net,1981-05-11,(0117) 4960024,"651 Fiona Club
East Julian
M5C 5JQ",Male,Westmere Community Health NHS Trust,Mixed,Nigeria,British Citizen,Medical,GP,Clinical Support Services,GP,59.56,2017-10-14,2017-11-11,15.0,0.4,GMC,Fixed Term,Inactive,EC956189,2028-05-15,HC866761,2029-08-14,2027-08-09,2017-11-04
EMP0507-20260916_215328,Ashleigh,Murray,tracysingh@example.com,2005-12-04,+44(0)114 4960985,"Flat 5
Parry Cliff
North Joanna
G9 1XR",Female,Westborough Acute Care NHS Trust,White,Australia,Dependent,Nursing,Healthcare Assistant,Critical Care & Anaesthesia,2,13.38,2018-12-10,2019-01-14,30.0,0.8,None,Fixed Term,Active,NM729870,2031-04-12,JQ993444,2029-11-26,2026-10-03,2018-12-31
EMP0508-20260916_215328,Lucy,Nelson,shannon18@example.com,2008-06-28,(029) 2018572,"782 Baker Stream
Port Seantown
WV03 8YA",Female,Westmere Community Health NHS Trust,White,New Zealand,Skilled Worker,AHP,Speech Therapist,Clinical Support Services,6,25.47,2024-04-15,2024-05-20,37.5,1.0,NMC,Bank,Inactive,FA931340,2029-05-16,HA219750,2030-05-05,2027-07-19,2024-05-06
EMP0509-20260916_215328,Edward,Evans,ashley67@example.org,1961-07-27,+44(0)121 496 0890,"Flat 52x
Thomson Fields
Lake Davidborough
S2 0FJ",Male,Southvale Hospitals NHS Trust,Black,Ghana,Dependent,Medical,FY1/FY2,Critical Care & Anaesthesia,FY1,20.19,2019-01-16,2019-02-13,20.0,0.53,GMC,Bank,On Leave,GV684761,2030-09-12,RW054685,2027-03-12,2027-02-09,2019-02-06
EMP0510-20260916_215328,Carole,Read,mcampbell@example.org,1978-04-28,+44114 4960326,"Flat 6
Andrews Greens
North Charlottechester
TQ9 2BZ",Female,Eastmoor Teaching Hospitals NHS Trust,Mixed,Australia,British Citizen,Admin,Receptionist,Clinical Support Services,3,15.22,2023-08-02,2023-08-30,37.5,1.0,NMC,Fixed Term,Active,AK871734,2027-05-13,BN767548,2029-08-16,2027-04-14,2023-08-23
EMP0511-20260916_215328,Frances,Hutchinson,josh28@example.com,1962-07-02,+44(0)1174960865,"3 Leanne Canyon
Marilynview
EC4Y 0GB",Female,Bluewater Community & Rehabilitation NHS Trust,Black,Kenya,Dependent,Admin,Administrator,Surgery & Cancer,3,13.36,2018-04-04,2018-05-09,37.5,1.0,HCPC,Permanent,Active,DT380254,2031-01-27,BJ892680,2029-04-09,2027-03-29,2018-04-25
EMP0512-20260916_215328,Rosemary,Wilson,robert10@example.net,2001-02-01,+44(0)2074960792,"963 Gardner Shoal
Donnabury
TR5R 8HS",Female,Westborough Acute Care NHS Trust,White,United Kingdom,ILR,Nursing,Ward Manager,Emergency & Urgent Care,8A,35.34,2021-05-28,2021-07-02,37.5,1.0,GMC,Permanent,On Leave,LE348382,2030-10-21,UO315986,2027-12-30,2027-02-13,2021-06-18
EMP0513-20260916_215328,Danny,Lee,stephenbutler@example.net,2001-06-14,(0306)9990144,"Flat 64i
Wilson Club
Smithmouth
CF59 2BP",Female,Bluewater Community & Rehabilitation NHS Trust,Black,Jamaica,British Citizen,Medical,GP,Medicine & Acute Care,GP,57.13,2024-08-20,2024-10-01,15.0,0.4,None,Fixed Term,On Leave,OP366073,2028-09-25,DV581434,2031-09-13,2027-02-05,2024-09-10
EMP0514-20260916_215328,George,White,stuartwalker@example.com,1982-10-05,+441314960381,"075 Rachel Parks
Ianborough
PL57 5HS",Female,Westborough Acute Care NHS Trust,White,New Zealand,British Citizen,Medical,Consultant,Critical Care & Anaesthesia,CONS,55.52,2025-06-29,2025-07-27,20.0,0.53,NMC,Fixed Term,Inactive,YV602140,2026-11-29,HB359742,2027-01-30,2027-04-01,2025-07-20
EMP0515-20260916_215328,Guy,Wood,dean56@example.org,1981-11-09,+441144960462,"Studio 8
Turner Canyon
Smithshire
SL6 9ND",Male,Midlands Central Hospitals NHS Trust,White,Canada,Dependent,Medical,FY1/FY2,Medicine & Acute Care,FY1,18.79,2026-04-08,2026-05-13,30.0,0.8,None,Fixed Term,Active,BM663831,2029-05-29,XZ334731,2027-01-05,2027-03-08,2026-04-29
EMP0516-20260916_215328,Teresa,Carter,lgregory@example.net,1973-03-03,(028) 9018785,"280 Dawn Dam
Huntville
E06 8WP",Male,Valleyview Mental Wellness NHS Trust,Black,Jamaica,ILR,Medical,GP,Medicine & Acute Care,GP,60.33,2017-09-16,2017-10-14,20.0,0.53,HCPC,Permanent,Active,PF382613,2029-07-31,XH510889,2028-06-02,2027-04-15,2017-10-07
EMP0517-20260916_215328,Kathryn,Russell,jason38@example.org,1983-06-16,+441632 960767,"Flat 1
Jade Village
Jonesshire
M6D 7ZE",Male,Eastmoor Teaching Hospitals NHS Trust,Asian,China,Skilled Worker,Admin,Medical Secretary,Surgery & Cancer,4,17.52,2023-04-29,2023-05-27,20.0,0.53,NMC,Bank,On Leave,LN004339,2031-06-16,DJ276174,2030-06-04,2027-02-24,2023-05-20
EMP0518-20260916_215328,Glen,Lewis,hcollier@example.org,1991-09-30,+44808 157 0529,"864 White View
East Conor
N4 6BF",Male,Greenhaven Acute & Specialist Care NHS Trust,Asian,India,British Citizen,Medical,FY1/FY2,Corporate Services,FY1,21.17,2019-02-27,2019-04-10,30.0,0.8,None,Bank,On Leave,PA248114,2030-03-01,IO083802,2026-10-24,2027-01-13,2019-03-20
EMP0519-20260916_215328,Shane,Collins,ryanstevens@example.net,1967-10-30,+4420 7496 0112,"412 Long Passage
West Jacob
LL7B 8XF",Male,Westmere Community Health NHS Trust,Mixed,United Kingdom,ILR,Medical,SHO,Women & Children,SHO,25.23,2020-11-29,2021-01-03,18.75,0.5,NMC,Permanent,Active,UD481432,2030-07-02,FX449002,2026-11-18,2026-12-01,2020-12-20
EMP0520-20260916_215328,Natasha,Middleton,dennisbryant@example.com,1989-08-20,0141 496 0044,"39 Martin Fields
Stevenburgh
E5E 0YE",Female,Hillcrest Medical Centres NHS Trust,Mixed,China,Dependent,Nursing,Staff Nurse,Women & Children,5,19.88,2021-03-24,2021-04-21,18.75,0.5,HCPC,Fixed Term,On Leave,BE973827,2030-05-19,TU840082,2030-03-12,2027-01-02,2021-04-14
EMP0521-20260916_215328,Pauline,Willis,qwhite@example.com,1978-06-09,+441614960262,"Flat 9
Ellis Circles
Smithfort
DH8 4GS",Male,Eastmoor Teaching Hospitals NHS Trust,Mixed,United Kingdom,Skilled Worker,Admin,Receptionist,Corporate Services,3,16.33,2017-01-16,2017-02-27,37.5,1.0,HCPC,Permanent,Active,GJ670774,2029-06-18,RE210687,2029-05-15,2027-05-16,2017-02-06
EMP0522-20260916_215328,Anthony,Adams,saundersluke@example.net,1982-11-28,+44115 496 0444,"0 Leonard Junctions
West Terence
N7H 9ZW",Female,Hillcrest Medical Centres NHS Trust,White,Australia,Skilled Worker,Admin,Receptionist,Corporate Services,3,13.9,2023-12-23,2024-01-27,18.75,0.5,HCPC,Permanent,Inactive,FX433361,2029-10-13,AT199183,2028-07-22,2026-12-05,2024-01-13
EMP0523-20260916_215328,Mohammad,Richardson,ritaedwards@example.net,1998-01-22,+44(0)1632 960110,"Flat 71F
Barlow Court
Nigelmouth
HX9H 6BD",Male,Riverbank General Hospitals NHS Trust,Mixed,Jamaica,ILR,Nursing,Nursery Nurse,Clinical Support Services,2,12.66,2019-04-26,2019-06-07,30.0,0.8,HCPC,Permanent,Active,WA746306,2031-06-20,ED930136,2028-05-21,2027-07-11,2019-05-17
EMP0524-20260916_215328,Mathew,Miles,alexandra84@example.net,1983-02-20,+44(0)306 999 0179,"09 Metcalfe Mall
New Cliffordtown
EH61 9HS",Female,Greenhaven Acute & Specialist Care NHS Trust,White,Australia,British Citizen,Medical,FY1/FY2,Emergency & Urgent Care,FY1,19.0,2025-11-18,2025-12-16,18.75,0.5,None,Bank,Active,YR781370,2030-08-05,KJ903293,2031-01-05,2027-01-07,2025-12-09
EMP0525-20260916_215328,Graham,Donnelly,terence64@example.com,1998-03-22,+44(0)116 4960364,"964 Georgina Trail
Lisafurt
PE0 5RN",Female,Southgate Community & Mental Health NHS Trust,Asian,China,Dependent,Nursing,Charge Nurse,Women & Children,7,31.89,2023-12-01,2023-12-29,20.0,0.53,HCPC,Bank,Suspended,JJ513564,2030-01-06,US484786,2027-04-03,2026-11-20,2023-12-22
EMP0526-20260916_215328,Abigail,Burgess,leah12@example.com,1985-03-24,(029) 2018 0499,"Flat 44
Caroline Meadows
Barnettberg
NE5H 4DS",Female,Northwood Mental Health NHS Trust,Black,Nigeria,British Citizen,Medical,FY1/FY2,Surgery & Cancer,FY1,19.43,2023-11-21,2023-12-19,30.0,0.8,HCPC,Fixed Term,Active,MI648890,2028-05-01,OF335485,2027-10-23,2026-10-12,2023-12-12
EMP0527-20260916_215328,Damien,Gilbert,catherinecarter@example.net,1971-04-15,01214960795,"Flat 31J
Archer Street
Robertschester
G6K 7PW",Male,Hillcrest Medical Centres NHS Trust,Black,Barbados,ILR,Medical,FY1/FY2,Surgery & Cancer,FY1,20.58,2025-10-11,2025-11-15,30.0,0.8,NMC,Fixed Term,Inactive,VF038281,2027-04-05,ON521077,2029-06-17,2027-04-28,2025-11-01
EMP0528-20260916_215328,Nicola,Frost,stevensjonathan@example.org,1973-12-21,029 2018421,"0 Dodd Gateway
Hughbury
BS79 3PH",Female,Riverside Integrated Care NHS Trust,White,Australia,ILR,AHP,Speech Therapist,Clinical Support Services,6,27.99,2023-04-19,2023-05-17,18.75,0.5,NMC,Permanent,Suspended,GS458236,2028-04-17,OC067345,2031-05-06,2026-10-22,2023-05-10
EMP0529-20260916_215328,Patricia,Barrett,hayley91@example.org,1995-10-25,01614960605,"1 Baker Plain
New Georgefort
N3G 5LW",Female,Riverbank General Hospitals NHS Trust,Black,Kenya,ILR,Medical,Consultant,Women & Children,CONS,64.18,2020-01-21,2020-03-03,30.0,0.8,NMC,Bank,Suspended,YA245614,2026-10-04,DT925551,2030-01-17,2027-02-08,2020-02-11
EMP0530-20260916_215328,Harriet,Smith,jill13@example.net,1995-01-27,+4429 2018 0597,"42 Jeremy Spurs
Lake Simon
NN7 0HN",Female,Hillcrest Medical Centres NHS Trust,White,Canada,British Citizen,Medical,FY1/FY2,Surgery & Cancer,FY1,20.24,2022-05-05,2022-06-16,20.0,0.53,GMC,Permanent,Active,RJ304317,2027-12-03,OH570680,2028-03-20,2027-01-31,2022-05-26
EMP0531-20260916_215328,Jason,Lee,frederick50@example.net,1985-07-08,(0121)4960878,"Studio 1
Roberts Gateway
Lake Dominic
IG1 4RR",Male,Horizon Integrated Health Partnership NHS Trust,Asian,India,British Citizen,Medical,Consultant,Emergency & Urgent Care,CONS,55.75,2023-10-13,2023-11-10,15.0,0.4,HCPC,Fixed Term,Suspended,AQ280289,2030-12-20,SE583411,2027-02-10,2026-11-21,2023-11-03
EMP0532-20260916_215328,Bradley,Richardson,flee@example.org,1980-02-20,0118 496 0707,"1 Brandon Harbor
Lake Kathryn
M89 2YF",Male,Bluewater Community & Rehabilitation NHS Trust,White,New Zealand,Dependent,AHP,Physiologist,Surgery & Cancer,6,27.07,2017-09-04,2017-10-09,37.5,1.0,GMC,Permanent,Suspended,YA724294,2030-08-09,TZ387364,2029-03-08,2027-04-06,2017-09-25
EMP0533-20260916_215328,Pauline,Webster,jordan69@example.org,1961-10-06,01174960572,"Studio 79
Gregory Plaza
Port Victoria
NR0H 2RW",Female,Northshire University Hospitals NHS Trust,Mixed,Ghana,ILR,Admin,Receptionist,Corporate Services,3,14.13,2017-01-22,2017-02-19,20.0,0.53,GMC,Fixed Term,Suspended,XT212986,2031-08-12,PA325384,2030-05-25,2027-03-10,2017-02-12
EMP0534-20260916_215328,Mary,Hope,jandrews@example.net,1965-08-19,01154960546,"Studio 76
Lawrence Brook
Stephenhaven
G7 4PN",Female,Oakridge Community Services NHS Trust,Black,Barbados,Dependent,Nursing,Charge Nurse,Women & Children,7,28.8,2024-02-05,2024-03-04,30.0,0.8,GMC,Bank,Suspended,FX122859,2030-03-04,QX330973,2030-01-13,2026-09-23,2024-02-26
EMP0535-20260916_215328,Sian,Humphries,charliepayne@example.org,1984-06-03,+44114 4960367,"147 Gail Spur
North Oliverhaven
HG3 0BW",Male,Southgate Community & Mental Health NHS Trust,White,United Kingdom,British Citizen,AHP,Occupational Therapist,Women & Children,6,25.92,2017-10-08,2017-11-12,18.75,0.5,HCPC,Fixed Term,On Leave,JY238928,2027-02-17,EL007172,2027-05-28,2027-06-19,2017-10-29
EMP0536-20260916_215328,Patrick,Woodward,qbell@example.net,1967-03-03,(0115) 4960971,"Flat 72
Donald Locks
North Russellfort
EX8P 5WJ",Female,Oakridge Community Services NHS Trust,Asian,Thailand,ILR,AHP,Occupational Therapist,Women & Children,6,23.59,2024-10-04,2024-11-08,30.0,0.8,HCPC,Bank,On Leave,VF047593,2030-12-09,BG204620,2028-12-04,2027-03-23,2024-10-25
EMP0537-20260916_215328,Denis,Nixon,hunteralison@example.org,2004-04-11,(0161) 4960940,"Studio 5
Freeman Curve
South Naomifort
L6 5UT",Male,Bluewater Community & Rehabilitation NHS Trust,Mixed,United Kingdom,Skilled Worker,Admin,Receptionist,Emergency & Urgent Care,3,14.86,2020-05-26,2020-07-07,30.0,0.8,HCPC,Permanent,Inactive,EM881372,2030-10-05,PI675041,2027-12-23,2027-07-07,2020-06-16
EMP0538-20260916_215328,Katy,Morris,brookshoward@example.com,1999-11-19,(0161)4960823,"Studio 86w
Anthony Island
Dayport
W66 0YG",Female,Eastfield Psychological Services NHS Trust,Mixed,Canada,Dependent,Admin,Data Analyst,Emergency & Urgent Care,8A,33.82,2021-12-30,2022-01-27,20.0,0.53,GMC,Permanent,Active,FM133312,2028-10-16,XR693149,2027-05-27,2026-11-21,2022-01-20
EMP0539-20260916_215328,Bethan,Faulkner,katy64@example.net,1988-09-15,+44(0)3069990596,"70 Holden Place
West Russell
L34 5GP",Male,Horizon Integrated Health Partnership NHS Trust,Mixed,Barbados,Dependent,Admin,Receptionist,Emergency & Urgent Care,3,14.21,2026-05-27,2026-07-01,18.75,0.5,None,Bank,On Leave,LD021448,2029-09-21,OV256852,2029-04-03,2027-09-01,2026-06-17
EMP0540-20260916_215328,Katie,Clark,frances05@example.net,1994-12-20,+441214960452,"Studio 42
Brian Stream
Wilkinsonmouth
SE60 7PZ",Male,Meadowbrook Community Health NHS Trust,Black,Nigeria,ILR,Medical,SHO,Surgery & Cancer,SHO,27.67,2024-09-03,2024-10-01,15.0,0.4,HCPC,Bank,Suspended,FK679574,2031-01-10,SV886108,2028-07-30,2026-10-25,2024-09-24
EMP0541-20260916_215328,Denis,Foster,mthomas@example.org,2001-09-27,0121 4960648,"3 Ronald Ferry
Bennetttown
N6 8TZ",Male,Riverbank General Hospitals NHS Trust,White,New Zealand,ILR,AHP,Physiotherapist,Surgery & Cancer,6,27.83,2019-01-11,2019-02-22,30.0,0.8,None,Fixed Term,Suspended,US736523,2028-02-23,SH193378,2029-11-07,2027-08-24,2019-02-01
EMP0542-20260916_215328,Alison,Parsons,perrymegan@example.com,1968-07-12,028 9018 0665,"0 Walker Brook
Lake Mariaberg
DD7A 5RP",Female,Riverbank General Hospitals NHS Trust,Asian,Thailand,Skilled Worker,Admin,Administrator,Women & Children,3,14.64,2026-06-29,2026-08-10,30.0,0.8,None,Permanent,On Leave,SI688388,2026-11-21,GO403792,2027-09-08,2027-08-01,2026-07-20
EMP0543-20260916_215328,Wendy,Cole,craigguy@example.net,2003-04-16,(0117)4960713,"341 Burgess Islands
Hortonborough
BN9V 4DY",Male,Eastfield Psychological Services NHS Trust,Asian,Thailand,Skilled Worker,Nursing,Nursery Nurse,Women & Children,2,14.2,2018-09-02,2018-09-30,15.0,0.4,NMC,Bank,Suspended,GL048054,2030-07-04,LU935541,2028-10-05,2027-02-15,2018-09-23
EMP0544-20260916_215328,Sally,Davies,jakepoole@example.com,2005-06-23,+44(0)114 4960137,"064 Abdul Lights
Terencebury
PE4Y 4FT",Male,Lakeside District Hospitals NHS Trust,Asian,Thailand,ILR,AHP,Physiologist,Clinical Support Services,6,24.74,2021-02-19,2021-03-19,15.0,0.4,NMC,Fixed Term,Inactive,IF889665,2031-07-28,IK520802,2027-02-03,2026-09-22,2021-03-12
EMP0545-20260916_215328,Ann,Fraser,terencepatel@example.net,1962-07-14,+44131 4960145,"Flat 75
Gareth Ramp
Tonyland
W9C 2WD",Female,Hillcrest Medical Centres NHS Trust,Mixed,Jamaica,ILR,AHP,Speech Therapist,Clinical Support Services,6,23.2,2021-02-09,2021-03-16,30.0,0.8,NMC,Permanent,Suspended,BQ922904,2028-08-15,UU033108,2028-11-08,2027-07-02,2021-03-02
EMP0546-20260916_215328,Bryan,Brown,gibbsbeth@example.org,1985-03-17,01614960075,"Flat 65D
Reece Branch
Darrenton
M88 3JS",Male,Southgate Community & Mental Health NHS Trust,Asian,China,Skilled Worker,Nursing,Senior Staff Nurse,Medicine & Acute Care,6,27.32,2025-12-03,2025-12-31,15.0,0.4,HCPC,Permanent,Suspended,QC787515,2030-10-21,HT635874,2029-04-20,2027-08-09,2025-12-24
EMP0547-20260916_215328,Aimee,Franklin,janicefowler@example.net,1997-03-23,+44(0)306 999 0062,"Flat 27
Hilton Locks
East Ashleighhaven
E89 2EU",Male,Riverside Integrated Care NHS Trust,White,Australia,Dependent,AHP,Pharmacist,Clinical Support Services,5,19.33,2018-11-27,2018-12-25,20.0,0.53,NMC,Bank,Active,JS510381,2030-11-01,SW426297,2026-09-18,2026-11-10,2018-12-18
EMP0548-20260916_215328,Diana,Walton,jemma67@example.org,1986-09-27,+44(0)115 4960912,"Studio 66
Anna Summit
Port Antony
L34 1GW",Female,Meadowbrook Community Health NHS Trust,Black,Nigeria,British Citizen,AHP,Physiotherapist,Clinical Support Services,6,27.01,2022-11-10,2022-12-15,15.0,0.4,NMC,Bank,Suspended,BL935911,2030-12-09,GH196626,2031-04-29,2027-05-23,2022-12-01
EMP0549-20260916_215328,Max,Manning,reesmohammed@example.org,1963-08-08,0151 496 0588,"223 Rhodes Land
Port Carolefort
G81 9LB",Male,Riverbank General Hospitals NHS Trust,Asian,India,Skilled Worker,Nursing,Staff Nurse,Critical Care & Anaesthesia,5,20.97,2025-09-18,2025-10-30,37.5,1.0,HCPC,Fixed Term,Suspended,PA690158,2026-10-17,CE547471,2027-06-26,2027-01-05,2025-10-09
EMP0550-20260916_215328,Declan,Leonard,uwalker@example.net,1990-01-29,0292018639,"136 Rebecca Views
Greenbury
W67 9FY",Female,Southvale Hospitals NHS Trust,Asian,India,Dependent,Medical,Consultant,Medicine & Acute Care,CONS,48.9,2022-09-02,2022-10-14,30.0,0.8,HCPC,Permanent,Inactive,WO637283,2029-03-16,TC948212,2029-12-03,2026-09-18,2022-09-23
EMP0551-20260916_215328,Ricky,Tomlinson,rlee@example.org,2006-09-27,01632 960 436,"Studio 58D
Palmer Inlet
North Andrew
S24 0XP",Male,Oakridge Community Services NHS Trust,Asian,China,ILR,Medical,SHO,Emergency & Urgent Care,SHO,29.26,2021-09-03,2021-10-08,18.75,0.5,HCPC,Fixed Term,Inactive,US208334,2031-03-06,WA263303,2029-03-11,2026-12-28,2021-09-24
EMP0552-20260916_215328,Katie,Walsh,ryanyoung@example.org,1992-08-12,+44(0)909 879 0624,"Studio 22
Howard Route
East Josh
BB3P 7XG",Male,Bluewater Community & Rehabilitation NHS Trust,Mixed,Jamaica,Skilled Worker,AHP,Speech Therapist,Women & Children,6,26.83,2021-04-01,2021-05-06,20.0,0.53,NMC,Fixed Term,On Leave,PX972692,2027-03-13,JA430341,2030-06-14,2027-02-05,2021-04-22
EMP0553-20260916_215328,Ben,Atkinson,jonesgavin@example.com,1965-10-04,+448081570983,"Flat 2
Brown Unions
O'Brienfort
NE7 8BQ",Female,Eastmoor Teaching Hospitals NHS Trust,White,United Kingdom,British Citizen,Medical,SHO,Medicine & Acute Care,SHO,23.62,2018-11-02,2018-11-30,15.0,0.4,HCPC,Permanent,On Leave,VK724622,2028-05-21,KR141754,2028-03-27,2027-03-12,2018-11-23
EMP0554-20260916_215328,Tracy,Nicholls,murphyphillip@example.org,2002-07-09,(01632) 960425,"Studio 14
Bentley Cape
South Nicole
S3 0PL",Female,Southvale Hospitals NHS Trust,Asian,Japan,Skilled Worker,AHP,Physiotherapist,Surgery & Cancer,6,26.37,2022-01-12,2022-02-09,15.0,0.4,HCPC,Bank,Active,FR558088,2031-03-24,LA536677,2026-10-02,2027-09-09,2022-02-02
EMP0555-20260916_215328,Kimberley,Webb,rwatts@example.net,1986-12-18,(0121) 4960655,"Studio 84
Marilyn Bypass
Lake Donna
B7E 4YF",Female,Riverbank General Hospitals NHS Trust,Black,Kenya,British Citizen,Admin,Medical Secretary,Corporate Services,4,18.66,2017-02-05,2017-03-12,20.0,0.53,GMC,Permanent,Suspended,QO961212,2028-04-23,MD554499,2030-06-14,2027-06-23,2017-02-26
EMP0556-20260916_215328,Roy,Davis,lukeflynn@example.org,1993-08-05,(0114)4960192,"Studio 9
Robertson Ferry
New Max
OL3 4BB",Male,Bluewater Community & Rehabilitation NHS Trust,Mixed,Jamaica,Skilled Worker,Nursing,Staff Nurse,Corporate Services,5,21.15,2019-11-22,2019-12-20,30.0,0.8,NMC,Bank,On Leave,LF884832,2027-09-15,GF115223,2030-03-18,2027-03-03,2019-12-13
EMP0557-20260916_215328,Patrick,Simpson,tracyskinner@example.net,1992-10-13,+44808 157 0106,"1 Rosie Route
Anthonyport
KA1 2FG",Male,Bluewater Community & Rehabilitation NHS Trust,White,United Kingdom,Skilled Worker,Medical,Registrar,Emergency & Urgent Care,SPR,40.07,2021-03-16,2021-04-13,30.0,0.8,GMC,Bank,Suspended,ON984132,2027-12-17,HV076020,2030-02-15,2027-03-17,2021-04-06
EMP0558-20260916_215328,Susan,Young,nsimmons@example.net,2004-07-31,(0116) 496 0244,"1 Day Rapid
Foxmouth
E2F 5YL",Female,Bluewater Community & Rehabilitation NHS Trust,White,New Zealand,Dependent,Medical,SHO,Corporate Services,SHO,26.76,2020-06-29,2020-08-03,30.0,0.8,NMC,Fixed Term,On Leave,VD850869,2028-10-04,BA748562,2029-01-11,2027-01-21,2020-07-20
EMP0559-20260916_215328,Maureen,Fisher,suzanne98@example.net,1972-06-13,(0121)4960397,"436 Jones Spur
Colefort
LS9 4XJ",Female,Westmere Community Health NHS Trust,Mixed,India,British Citizen,AHP,Physiotherapist,Emergency & Urgent Care,6,28.18,2023-05-24,2023-06-28,20.0,0.53,None,Fixed Term,Inactive,VM840076,2027-07-15,HT202831,2030-03-28,2027-02-18,2023-06-14
EMP0560-20260916_215328,Jonathan,John,antony99@example.net,2002-03-10,01154960602,"3 Perkins Corner
Jordanfurt
G4 4LH",Female,Meadowbrook Community Health NHS Trust,White,Australia,ILR,AHP,Speech Therapist,Corporate Services,6,24.8,2016-11-23,2017-01-04,20.0,0.53,None,Fixed Term,Suspended,VL219617,2028-05-06,GD995378,2029-08-05,2027-03-29,2016-12-14
EMP0561-20260916_215328,Marcus,Goodwin,parsonscharlie@example.com,1980-10-05,+44(0)113 4960553,"Flat 46W
Tina Lodge
North Annchester
CH7 2XR",Female,Oakridge Community Services NHS Trust,Black,Ghana,Dependent,Admin,Administrator,Emergency & Urgent Care,3,16.25,2016-10-29,2016-11-26,18.75,0.5,HCPC,Fixed Term,On Leave,TU208930,2028-11-10,WM110082,2031-08-17,2027-08-17,2016-11-19
EMP0562-20260916_215328,Kayleigh,Kerr,maureenbaldwin@example.net,1999-10-12,+44(0)20 7496 0853,"Studio 19F
Roberts Trail
Lake Kerryfurt
M5F 2GB",Male,Midlands Central Hospitals NHS Trust,Black,Barbados,British Citizen,AHP,Speech Therapist,Critical Care & Anaesthesia,6,24.74,2017-10-29,2017-11-26,20.0,0.53,GMC,Fixed Term,On Leave,PG077365,2027-12-20,BK919813,2027-07-19,2027-04-04,2017-11-19
EMP0563-20260916_215328,Timothy,Collier,rhys67@example.org,1976-08-12,(01632) 960523,"Studio 40
Mason Road
Pateltown
M4 2ED",Male,Riverbank General Hospitals NHS Trust,Asian,India,British Citizen,Admin,Administrator,Women & Children,3,14.89,2021-08-21,2021-09-18,15.0,0.4,HCPC,Fixed Term,Suspended,LV552244,2031-03-06,KS981270,2027-11-02,2027-01-28,2021-09-11
EMP0564-20260916_215328,Gregory,White,slloyd@example.net,1999-12-25,020 74960312,"Studio 90l
Kieran Prairie
Ameliaberg
S41 5BB",Male,Greenhaven Acute & Specialist Care NHS Trust,Black,South Africa,British Citizen,AHP,Physiologist,Clinical Support Services,6,26.66,2021-10-28,2021-12-09,20.0,0.53,NMC,Fixed Term,Suspended,JZ190619,2027-05-02,GV132295,2031-04-13,2026-10-30,2021-11-18
EMP0565-20260916_215328,Nathan,Hart,clairewilliams@example.net,1965-06-01,029 2018106,"465 Vanessa Rue
West Peter
E6D 3NF",Female,Midlands Central Hospitals NHS Trust,Mixed,Kenya,British Citizen,Nursing,Ward Manager,Medicine & Acute Care,8A,34.95,2020-03-08,2020-04-12,30.0,0.8,HCPC,Permanent,Suspended,XH784870,2031-04-26,VQ583960,2027-12-15,2027-05-11,2020-03-29
EMP0566-20260916_215328,Graeme,Thomas,batesvictor@example.org,1992-02-21,+4429 2018344,"328 Watts Hill
North Glenton
W10 8WY",Male,Riverbank General Hospitals NHS Trust,Asian,Thailand,ILR,Admin,Data Analyst,Corporate Services,8A,29.65,2022-09-14,2022-10-12,20.0,0.53,HCPC,Fixed Term,Active,ZE896134,2028-01-30,WY929677,2031-06-30,2027-03-21,2022-10-05
EMP0567-20260916_215328,Jay,Ross,terence15@example.org,1991-03-13,01914960945,"Studio 7
Ross Bypass
South Bradleytown
B1U 8LS",Female,Westmere Community Health NHS Trust,Black,Ghana,Dependent,Admin,Receptionist,Emergency & Urgent Care,3,16.0,2018-07-12,2018-08-16,15.0,0.4,None,Bank,On Leave,FN457769,2030-09-18,MS658466,2027-07-26,2027-06-02,2018-08-02
EMP0568-20260916_215328,Bernard,Woods,sjones@example.net,1966-06-14,(0151) 496 0599,"Studio 62
Alice Glen
Ashleighborough
G22 7XZ",Male,Broadfield Clinical Services NHS Trust,Asian,Thailand,British Citizen,AHP,Physiologist,Emergency & Urgent Care,6,26.5,2025-10-14,2025-11-18,30.0,0.8,None,Fixed Term,Active,TZ984264,2030-10-04,AL286715,2031-02-20,2027-07-19,2025-11-04
EMP0569-20260916_215328,Gerald,Berry,rogerspaula@example.com,1979-03-31,+44(0)114 496 0789,"935 Callum Meadow
New Peter
B6 3PU",Male,Greenhaven Acute & Specialist Care NHS Trust,Black,Trinidad and Tobago,Dependent,Admin,Administrator,Women & Children,3,13.62,2019-10-30,2019-11-27,30.0,0.8,None,Permanent,Active,BR865371,2030-06-22,LL336018,2027-05-07,2026-10-19,2019-11-20
EMP0570-20260916_215328,Lewis,King,benjones@example.org,1971-04-01,09098790417,"0 Marian Estates
East James
W4 1FP",Female,Greenhaven Acute & Specialist Care NHS Trust,Black,Jamaica,Skilled Worker,AHP,Physiologist,Surgery & Cancer,6,23.81,2021-12-31,2022-02-04,30.0,0.8,HCPC,Bank,Suspended,QL556338,2027-01-03,WC270442,2027-06-10,2027-05-17,2022-01-21
EMP0571-20260916_215328,Sam,Patterson,annettewalsh@example.net,1974-06-07,(0306) 9990876,"412 Payne Pines
Nigelport
M06 3AX",Male,Riverbank General Hospitals NHS Trust,Mixed,Trinidad and Tobago,British Citizen,Admin,Receptionist,Corporate Services,3,16.01,2021-06-29,2021-08-03,30.0,0.8,HCPC,Fixed Term,On Leave,LW339169,2029-06-13,ON136278,2027-12-04,2026-11-28,2021-07-20
EMP0572-20260916_215328,Sara,Jones,masonderek@example.org,1967-11-19,(028) 9018 0974,"Flat 69
Clifford Camp
New Douglas
M3 4WB",Female,Lakeside District Hospitals NHS Trust,Black,Barbados,British Citizen,Medical,GP,Emergency & Urgent Care,GP,56.4,2019-01-17,2019-02-28,15.0,0.4,NMC,Permanent,Inactive,PJ472199,2026-10-23,QA359216,2029-04-11,2026-09-30,2019-02-07
EMP0573-20260916_215328,Lewis,Johnson,timothy74@example.com,1986-07-06,(020)74960156,"Studio 4
Leonard River
Bethshire
HD50 1UJ",Female,Riverside Integrated Care NHS Trust,White,New Zealand,British Citizen,Nursing,Staff Nurse,Surgery & Cancer,5,20.12,2024-03-27,2024-05-08,30.0,0.8,HCPC,Bank,Inactive,GL105225,2030-03-02,OY055166,2031-03-04,2027-04-05,2024-04-17
EMP0574-20260916_215328,Damien,Frost,campbelldylan@example.org,1998-09-14,+44808 1570839,"Studio 2
Olivia Parkway
Greenfort
BD7B 8PN",Male,Eastmoor Teaching Hospitals NHS Trust,White,Australia,British Citizen,Nursing,Charge Nurse,Clinical Support Services,7,30.5,2020-07-27,2020-08-24,30.0,0.8,HCPC,Bank,On Leave,SL668591,2031-05-16,QI220196,2029-05-02,2027-01-27,2020-08-17
EMP0575-20260916_215328,Lauren,Jones,zthomas@example.net,1983-12-30,+44(0)1184960860,"Studio 13
Ian Mission
Nelsonton
SK18 6SW",Female,Westborough Acute Care NHS Trust,Asian,India,Dependent,Admin,Administrator,Clinical Support Services,3,15.17,2021-04-09,2021-05-07,18.75,0.5,GMC,Bank,Inactive,EL361949,2031-05-09,BH710506,2029-04-22,2027-04-06,2021-04-30
EMP0576-20260916_215328,Emma,Horton,hodgsonjune@example.org,1985-08-29,+44(0)1514960141,"0 Alex Forest
South Jonathan
M2 7PN",Female,Horizon Integrated Health Partnership NHS Trust,Mixed,Trinidad and Tobago,British Citizen,Medical,Registrar,Clinical Support Services,SPR,41.02,2019-08-29,2019-10-10,18.75,0.5,GMC,Fixed Term,Inactive,WB980541,2029-01-09,KJ645656,2028-08-24,2027-08-09,2019-09-19
EMP0577-20260916_215328,Billy,Warner,jill26@example.com,1985-12-28,01632960420,"00 Danielle Bridge
South Shannon
E7U 1BS",Female,Eastfield Psychological Services NHS Trust,Black,Ghana,British Citizen,Nursing,Charge Nurse,Surgery & Cancer,7,27.76,2019-03-02,2019-04-13,18.75,0.5,NMC,Permanent,Suspended,CL377026,2028-02-02,HG094911,2027-01-09,2027-06-01,2019-03-23
EMP0578-20260916_215328,Paul,Turner,gordoncarly@example.org,1994-04-30,+44121 4960986,"16 Johnson Parkways
South Abbie
B4 4XA",Male,Eastmoor Teaching Hospitals NHS Trust,White,United States,Skilled Worker,AHP,Radiographer,Clinical Support Services,6,23.2,2023-11-21,2024-01-02,30.0,0.8,NMC,Bank,Suspended,CG189033,2028-11-28,KX978976,2031-08-03,2027-02-05,2023-12-12
EMP0579-20260916_215328,Gregory,Parker,nwilliams@example.org,1996-05-04,+44(0)20 74960910,"48 Jemma Mission
New Barbara
TN9N 7QY",Female,Broadfield Clinical Services NHS Trust,Asian,Japan,Dependent,AHP,Physiologist,Women & Children,6,23.91,2017-10-14,2017-11-25,18.75,0.5,HCPC,Permanent,Inactive,MW114269,2027-09-08,MV132779,2030-12-19,2027-01-05,2017-11-04
EMP0580-20260916_215328,Brett,Taylor,ybrown@example.org,1997-07-19,+441514960771,"34 Leslie Drive
North Elliechester
S2U 1XN",Female,Broadfield Clinical Services NHS Trust,Mixed,Jamaica,ILR,Nursing,Healthcare Assistant,Emergency & Urgent Care,2,13.27,2021-06-29,2021-08-03,15.0,0.4,HCPC,Bank,On Leave,ZL035801,2026-10-30,AE008391,2026-12-14,2027-02-18,2021-07-20
EMP0581-20260916_215328,Nathan,Brown,arthur06@example.com,1985-09-20,020 7946 0099,"28 Richards Walk
North Mathew
L53 5LT",Female,Greenhaven Acute & Specialist Care NHS Trust,Black,Trinidad and Tobago,Skilled Worker,AHP,Occupational Therapist,Corporate Services,6,28.08,2024-03-17,2024-04-14,20.0,0.53,GMC,Fixed Term,Inactive,ZB785775,2030-09-30,JY672949,2030-12-20,2027-01-17,2024-04-07
EMP0582-20260916_215328,Denise,Brown,pkirby@example.com,1992-05-05,+44(0)118 496 0616,"14 James Cliff
Frankton
DY7V 7RA",Female,Westborough Acute Care NHS Trust,Mixed,India,Skilled Worker,Medical,GP,Surgery & Cancer,GP,50.59,2020-09-23,2020-10-21,15.0,0.4,GMC,Bank,Inactive,AW515946,2031-04-19,VU294001,2029-12-15,2026-12-02,2020-10-14
EMP0583-20260916_215328,Barry,Foster,andrewglover@example.com,1996-02-18,+4428 9018 0806,"Studio 46O
Dorothy Ports
Phillipsburgh
B2C 7ZW",Male,Northwood Mental Health NHS Trust,Mixed,Australia,Skilled Worker,AHP,Physiologist,Surgery & Cancer,6,24.65,2026-05-31,2026-07-12,15.0,0.4,HCPC,Fixed Term,On Leave,GL994978,2031-07-28,KU480911,2029-04-03,2027-08-31,2026-06-21
EMP0584-20260916_215328,Ricky,Davidson,dlewis@example.net,1997-07-24,+44(0)113 496 0120,"Studio 08T
Hannah Knolls
Port Josephineshire
W06 0UB",Female,Greenhaven Acute & Specialist Care NHS Trust,Asian,Japan,Dependent,Admin,Receptionist,Critical Care & Anaesthesia,3,14.61,2021-03-03,2021-03-31,30.0,0.8,None,Fixed Term,On Leave,ZM664764,2030-09-01,XS768908,2027-11-19,2027-03-11,2021-03-24
EMP0585-20260916_215328,Josephine,Simpson,ihilton@example.org,1963-07-20,+441614960552,"Flat 9
Olivia Ridges
Lake Geoffreyshire
ZE18 5BT",Male,Midlands Central Hospitals NHS Trust,Black,Ghana,British Citizen,Admin,Administrator,Surgery & Cancer,3,15.88,2020-03-22,2020-05-03,15.0,0.4,None,Permanent,On Leave,SW698046,2029-09-20,UL117619,2026-11-13,2027-09-05,2020-04-12
EMP0586-20260916_215328,Dennis,Mitchell,inicholls@example.com,1992-11-01,+449098790501,"51 Hawkins Harbors
North Markside
OX0P 2AB",Male,Westmere Community Health NHS Trust,Black,Trinidad and Tobago,ILR,Medical,SHO,Emergency & Urgent Care,SHO,27.36,2022-02-21,2022-03-28,30.0,0.8,HCPC,Fixed Term,Inactive,XB839586,2028-08-13,YG320207,2028-09-23,2026-10-08,2022-03-14
EMP0587-20260916_215328,Trevor,Young,readbarbara@example.com,1978-08-11,(020) 74960839,"Flat 13c
Walsh Land
Leahshire
IM1V 2PH",Male,Riverbank General Hospitals NHS Trust,Asian,China,ILR,Nursing,Nursery Nurse,Women & Children,2,13.35,2018-01-31,2018-03-07,37.5,1.0,HCPC,Bank,On Leave,WS173354,2029-03-10,UO084195,2028-02-15,2027-06-23,2018-02-21
EMP0588-20260916_215328,Maurice,Kelly,francessmith@example.net,1968-11-09,01632 960 971,"684 Jordan Mountain
Karenton
B17 0YG",Male,Westmere Community Health NHS Trust,Asian,India,Dependent,Admin,Receptionist,Critical Care & Anaesthesia,3,14.44,2021-05-06,2021-06-10,15.0,0.4,None,Bank,Inactive,FP539460,2027-02-24,OC088456,2029-05-02,2027-08-15,2021-05-27
EMP0589-20260916_215328,Teresa,Moore,pschofield@example.org,1966-12-13,+44(0)1164960908,"Flat 4
Hill Circle
North Christopherland
BA9B 3PG",Male,Oakridge Community Services NHS Trust,Black,Barbados,Dependent,AHP,Speech Therapist,Corporate Services,6,25.23,2022-04-03,2022-05-15,18.75,0.5,GMC,Fixed Term,Active,ON772544,2028-03-19,UT036487,2030-03-05,2027-03-15,2022-04-24
EMP0590-20260916_215328,Sophie,Taylor,donna20@example.net,1997-12-16,+44191 4960847,"28 Kimberley Port
Berryland
SE11 8RR",Female,Valleyview Mental Wellness NHS Trust,Mixed,South Africa,Dependent,AHP,Speech Therapist,Corporate Services,6,25.86,2020-11-27,2020-12-25,30.0,0.8,HCPC,Permanent,Suspended,YU043803,2028-03-30,IO026750,2031-06-27,2026-10-03,2020-12-18
EMP0591-20260916_215328,Robert,Smith,graeme26@example.net,1969-08-11,(020) 7496 0541,"49 Davies Inlet
Samside
L0 2WE",Female,Westmere Community Health NHS Trust,Mixed,Jamaica,ILR,Admin,Medical Secretary,Corporate Services,4,17.38,2020-03-04,2020-04-08,20.0,0.53,HCPC,Permanent,Active,FX033968,2030-04-22,NU780083,2029-07-14,2026-10-24,2020-03-25
EMP0592-20260916_215328,Eleanor,Morton,ppeacock@example.com,1979-02-18,(0909) 8790377,"Flat 6
Baker Falls
Sianstad
GY6W 7LX",Male,Horizon Integrated Health Partnership NHS Trust,Black,Kenya,ILR,Medical,GP,Corporate Services,GP,57.03,2017-03-18,2017-04-29,37.5,1.0,NMC,Permanent,Inactive,UR211681,2031-08-09,PH263193,2026-12-19,2027-01-05,2017-04-08
EMP0593-20260916_215328,Gareth,Graham,joyce96@example.com,1989-06-04,+44(0)3069990350,"76 Hughes Bridge
Sophieberg
MK3M 1BR",Female,Eastmoor Teaching Hospitals NHS Trust,Mixed,Nigeria,British Citizen,AHP,Physiologist,Emergency & Urgent Care,6,27.49,2024-05-06,2024-06-17,37.5,1.0,None,Bank,Suspended,AW036518,2027-01-31,YC980500,2030-10-28,2027-03-23,2024-05-27
EMP0594-20260916_215328,Wayne,Rose,vgallagher@example.org,1993-05-27,0909 8790332,"Flat 23S
Richard Estates
Rossshire
CM00 0WF",Female,Hillcrest Medical Centres NHS Trust,Asian,Thailand,Skilled Worker,Medical,SHO,Corporate Services,SHO,26.59,2023-04-07,2023-05-05,15.0,0.4,None,Permanent,Suspended,EO819503,2030-12-03,ZH867121,2028-04-07,2027-01-11,2023-04-28
EMP0595-20260916_215328,Abdul,Smith,charlene35@example.net,2004-06-25,(0191)4960638,"Flat 16
Andrews Circle
West Rosiefurt
G19 0TB",Female,Hillcrest Medical Centres NHS Trust,White,New Zealand,ILR,Admin,Data Analyst,Emergency & Urgent Care,8A,30.6,2026-01-27,2026-02-24,20.0,0.53,NMC,Fixed Term,Active,JD456862,2029-10-14,BS305810,2027-09-22,2027-04-26,2026-02-17
EMP0596-20260916_215328,Damian,Schofield,patelstacey@example.com,1999-09-24,+44(0)151 4960286,"844 Edwards Tunnel
West Valerie
M9A 8UW",Female,Riverside Integrated Care NHS Trust,Asian,China,Dependent,Nursing,Nursery Nurse,Critical Care & Anaesthesia,2,12.39,2016-10-13,2016-11-24,20.0,0.53,GMC,Fixed Term,Active,QN210655,2030-08-17,ZK441973,2029-11-21,2027-02-17,2016-11-03
EMP0597-20260916_215328,Marian,Jones,ericevans@example.org,1979-07-16,01514960010,"Studio 38i
King Expressway
Port Carolmouth
N2 9YN",Male,Broadfield Clinical Services NHS Trust,Asian,India,Dependent,AHP,Pharmacist,Surgery & Cancer,5,19.52,2020-02-22,2020-03-21,30.0,0.8,HCPC,Bank,Suspended,AT904212,2029-12-17,NH870874,2028-02-23,2027-04-16,2020-03-14
EMP0598-20260916_215328,Mitchell,Parker,youngolivia@example.net,1982-08-26,+441632960920,"Studio 6
Frost Union
Freemanmouth
GY8 1RE",Male,Oakridge Community Services NHS Trust,Black,Nigeria,Skilled Worker,AHP,Radiographer,Surgery & Cancer,6,26.88,2026-04-29,2026-06-10,18.75,0.5,None,Bank,Suspended,XU307660,2026-10-08,LG233160,2028-06-06,2027-03-24,2026-05-20
EMP0599-20260916_215328,Hannah,Marsh,mitchelljoshua@example.org,1977-11-09,+44289018505,"17 Booth Gateway
Dianehaven
SE6R 5ZG",Female,Westmere Community Health NHS Trust,White,United States,ILR,Admin,Administrator,Corporate Services,3,14.77,2023-10-04,2023-11-08,18.75,0.5,HCPC,Permanent,Inactive,LV022231,2028-05-26,CR095456,2030-07-11,2027-09-07,2023-10-25
EMP0600-20260916_215328,Gary,Jackson,graemetaylor@example.org,2006-10-14,0306 999 0794,"Flat 38
Berry Valleys
New Andrewshire
S9 9LZ",Male,Riverside Integrated Care NHS Trust,Mixed,Thailand,British Citizen,Medical,Registrar,Emergency & Urgent Care,SPR,42.19,2023-05-30,2023-07-04,37.5,1.0,NMC,Fixed Term,Suspended,YM762889,2028-05-06,FS776680,2030-07-25,2027-03-01,2023-06-20
EMP0601-20260916_215328,Julia,Glover,kenneth36@example.com,1985-12-19,+44(0)118 496 0701,"51 Marshall Overpass
West Suzannemouth
S8K 3DF",Male,Meadowbrook Community Health NHS Trust,White,United States,Dependent,Admin,Administrator,Women & Children,3,14.56,2020-06-08,2020-07-06,30.0,0.8,GMC,Permanent,On Leave,GR901628,2027-05-23,EX722309,2030-02-03,2027-07-11,2020-06-29
EMP0602-20260916_215328,Katie,Clark,beverley29@example.net,1967-06-01,0131 4960994,"Flat 2
Elaine Mountains
New Andreamouth
L7 4AT",Male,Horizon Integrated Health Partnership NHS Trust,White,New Zealand,Dependent,AHP,Radiographer,Critical Care & Anaesthesia,6,24.29,2021-12-16,2022-01-13,37.5,1.0,None,Fixed Term,Suspended,UB079464,2027-06-15,VZ749243,2031-05-17,2027-05-25,2022-01-06
EMP0603-20260916_215328,Terence,White,wayne18@example.org,1995-04-18,(0115) 4960147,"9 Holmes Crossing
Powelltown
PE8 2FN",Male,Southgate Community & Mental Health NHS Trust,White,United Kingdom,British Citizen,Admin,Medical Secretary,Medicine & Acute Care,4,19.3,2025-01-30,2025-03-13,20.0,0.53,HCPC,Bank,Inactive,AL675415,2027-12-21,IN088248,2028-02-27,2027-06-02,2025-02-20
EMP0604-20260916_215328,Marilyn,Gould,kennethdale@example.com,1971-02-11,(0808) 1570614,"2 Louise Fort
Watsonton
N0 9RY",Female,Westborough Acute Care NHS Trust,Asian,Japan,British Citizen,Nursing,Staff Nurse,Medicine & Acute Care,5,20.92,2025-05-13,2025-06-17,30.0,0.8,GMC,Bank,Inactive,OU958311,2030-06-09,EG118424,2026-10-09,2027-03-30,2025-06-03
EMP0605-20260916_215328,Jeremy,Blake,derekalexander@example.net,2000-06-28,+44(0)113 496 0733,"Flat 27
Cook Points
Teresamouth
N8 9GS",Female,Southgate Community & Mental Health NHS Trust,White,United States,ILR,Medical,Consultant,Critical Care & Anaesthesia,CONS,68.06,2023-12-28,2024-02-01,15.0,0.4,None,Fixed Term,Suspended,RP689552,2029-02-23,IN366363,2028-12-18,2027-03-09,2024-01-18
EMP0606-20260916_215328,Charlie,Clarke,rachelmason@example.net,1997-11-26,+441174960006,"55 Henderson Path
Jillhaven
S77 0QF",Male,Valleyview Mental Wellness NHS Trust,Mixed,India,Skilled Worker,Admin,Receptionist,Corporate Services,3,14.36,2024-08-20,2024-10-01,15.0,0.4,GMC,Bank,On Leave,TK771311,2030-02-05,AE126249,2029-09-25,2027-03-27,2024-09-10
EMP0607-20260916_215328,Tony,Gray,dawsongregory@example.com,1987-06-04,0151 4960301,"19 Hilary Lights
Alexandermouth
W61 5HD",Female,Broadfield Clinical Services NHS Trust,Mixed,Thailand,British Citizen,Nursing,Staff Nurse,Clinical Support Services,5,19.33,2020-10-26,2020-11-30,18.75,0.5,NMC,Permanent,On Leave,WT500087,2027-08-30,XH958973,2027-08-02,2027-09-11,2020-11-16
EMP0608-20260916_215328,Diana,Fox,howardwilliams@example.net,1969-07-24,(028) 9018 0363,"0 Joanne Unions
Francesborough
BL64 3PY",Female,Riverside Integrated Care NHS Trust,Black,Trinidad and Tobago,Skilled Worker,Admin,Receptionist,Surgery & Cancer,3,14.76,2020-11-11,2020-12-23,20.0,0.53,GMC,Permanent,Inactive,HI091853,2031-07-10,SO815557,2030-12-18,2026-12-28,2020-12-02
EMP0609-20260916_215328,Colin,Williams,francistodd@example.com,1977-12-08,+4428 9018 0337,"Flat 52
Rosie Pike
Nigelmouth
B66 2FN",Male,Lakeside District Hospitals NHS Trust,Mixed,Thailand,Skilled Worker,Medical,GP,Women & Children,GP,53.11,2023-10-31,2023-12-05,37.5,1.0,NMC,Fixed Term,On Leave,IC310812,2029-10-14,US984193,2031-02-01,2026-11-29,2023-11-21
EMP0610-20260916_215328,Guy,Murray,obriennatasha@example.net,1981-04-04,+443069990728,"72 Barbara Port
Sianside
UB8W 9DE",Male,Northwood Mental Health NHS Trust,White,Canada,ILR,AHP,Pharmacist,Critical Care & Anaesthesia,5,21.41,2017-08-28,2017-10-02,20.0,0.53,NMC,Bank,Inactive,NQ449575,2027-07-05,RF410142,2031-07-13,2027-06-06,2017-09-18
EMP0611-20260916_215328,Gerald,Davies,lthompson@example.net,1984-07-21,028 9018387,"Studio 97V
Johnson Ford
Lake Benjamin
N40 4SX",Female,Lakeside District Hospitals NHS Trust,White,United Kingdom,Dependent,Admin,Receptionist,Surgery & Cancer,3,16.4,2024-10-22,2024-11-19,20.0,0.53,HCPC,Fixed Term,Suspended,HD551008,2028-08-15,WX236390,2030-08-21,2027-01-05,2024-11-12
EMP0612-20260916_215328,Nathan,Holland,arthurward@example.org,1980-04-10,01214960812,"Studio 27
Adrian Islands
Williamview
SE48 2AH",Male,Broadfield Clinical Services NHS Trust,Asian,Thailand,Skilled Worker,Nursing,Nursery Nurse,Critical Care & Anaesthesia,2,14.31,2018-12-11,2019-01-15,30.0,0.8,NMC,Permanent,Active,HC095813,2028-11-07,VS062873,2027-04-27,2027-01-26,2019-01-01
EMP0613-20260916_215328,Kirsty,Miles,ghowell@example.com,1961-03-06,+44(0)292018019,"Studio 61R
Sean Ford
Amandaland
G7 1DG",Male,Horizon Integrated Health Partnership NHS Trust,Mixed,Trinidad and Tobago,British Citizen,AHP,Pharmacist,Corporate Services,5,22.61,2018-08-25,2018-09-29,30.0,0.8,None,Fixed Term,Active,PS464036,2028-12-09,TH856120,2030-04-01,2027-04-10,2018-09-15
EMP0614-20260916_215328,Jay,Coleman,powellhenry@example.net,1967-05-06,0117 496 0257,"900 Mitchell Expressway
Thompsonmouth
G2 6BN",Male,Eastmoor Teaching Hospitals NHS Trust,White,United Kingdom,British Citizen,AHP,Physiologist,Critical Care & Anaesthesia,6,22.89,2019-07-17,2019-08-28,30.0,0.8,None,Permanent,Inactive,PT100020,2028-08-05,LN200702,2031-01-18,2027-04-21,2019-08-07
EMP0615-20260916_215328,Charles,Newton,margaretwilson@example.net,1964-02-18,+44151 496 0127,"Studio 7
Ellis Grove
North Terry
E63 3XS",Female,Midlands Central Hospitals NHS Trust,Mixed,United States,Skilled Worker,Nursing,Senior Staff Nurse,Corporate Services,6,23.96,2020-11-05,2020-12-17,15.0,0.4,NMC,Fixed Term,Inactive,JM310938,2029-03-16,AQ157745,2031-08-07,2026-10-26,2020-11-26
EMP0616-20260916_215328,Hollie,Burton,carolinejones@example.com,2003-04-20,0909 8790706,"Flat 55
Chapman Courts
Bishopfurt
TD97 5BD",Male,Northwood Mental Health NHS Trust,Mixed,New Zealand,Dependent,Admin,Receptionist,Corporate Services,3,15.64,2017-01-18,2017-03-01,20.0,0.53,NMC,Fixed Term,Inactive,ET234650,2026-12-27,TT163676,2026-12-11,2027-03-07,2017-02-08
EMP0617-20260916_215328,Joanne,Kennedy,aimeeshort@example.net,2006-01-07,0306 9990036,"Studio 80
Glen Manors
Butlermouth
WS9N 6WN",Female,Horizon Integrated Health Partnership NHS Trust,Mixed,Japan,ILR,Medical,FY1/FY2,Women & Children,FY1,20.56,2021-08-13,2021-09-17,18.75,0.5,HCPC,Fixed Term,Active,AF860071,2031-08-22,FL765269,2027-06-23,2027-08-16,2021-09-03
EMP0618-20260916_215328,Carly,Foster,ehaynes@example.com,1978-06-09,(020) 7496 0828,"71 Butler Drives
South Ann
N12 4ST",Male,Northwood Mental Health NHS Trust,Asian,China,British Citizen,Medical,SHO,Medicine & Acute Care,SHO,24.92,2019-05-06,2019-06-10,30.0,0.8,None,Fixed Term,On Leave,WZ278642,2031-05-11,WL905402,2031-04-28,2027-06-13,2019-05-27
EMP0619-20260916_215328,Simon,Bell,marshallsean@example.com,1982-10-20,+44(0)1632 960780,"Studio 49D
Sharpe Springs
West Graemechester
G65 1JA",Male,Broadfield Clinical Services NHS Trust,Asian,China,Skilled Worker,Admin,Medical Secretary,Critical Care & Anaesthesia,4,19.17,2025-05-22,2025-07-03,30.0,0.8,NMC,Fixed Term,Suspended,KG824343,2029-06-15,JB387670,2027-01-22,2027-01-30,2025-06-12
EMP0620-20260916_215328,Christopher,Briggs,dawn73@example.org,1968-11-14,+44(0)141 4960671,"543 Williams Manor
South Declan
NN6 1BR",Male,Northshire University Hospitals NHS Trust,Mixed,China,Skilled Worker,Nursing,Healthcare Assistant,Surgery & Cancer,2,13.76,2026-02-03,2026-03-10,30.0,0.8,None,Permanent,On Leave,IS077577,2028-01-11,TX781451,2028-11-12,2026-12-28,2026-02-24
EMP0621-20260916_215328,Natalie,Marsden,xhewitt@example.net,1961-08-28,+44(0)1314960237,"92 Jones Junctions
Lake Tom
E77 3GW",Male,Greenhaven Acute & Specialist Care NHS Trust,Mixed,Kenya,Skilled Worker,Medical,SHO,Emergency & Urgent Care,SHO,29.77,2025-10-30,2025-12-04,30.0,0.8,HCPC,Bank,Active,GW365961,2027-02-13,ZO279337,2030-06-15,2027-03-19,2025-11-20
EMP0622-20260916_215328,Leah,Davies,frankjones@example.org,1982-08-17,(020) 7496 0209,"Studio 3
Robinson Groves
Hughesside
CT52 3PL",Male,Broadfield Clinical Services NHS Trust,Black,Kenya,ILR,AHP,Physiologist,Clinical Support Services,6,25.87,2024-10-10,2024-11-07,18.75,0.5,NMC,Permanent,On Leave,EX879587,2031-03-27,TZ840007,2029-03-05,2027-09-07,2024-10-31
EMP0623-20260916_215328,Wendy,Gardiner,ujones@example.net,1992-10-11,0191 4960644,"Flat 26F
Jeffrey Mountain
South Heather
M3K 5AR",Female,Riverside Integrated Care NHS Trust,Asian,China,Skilled Worker,Admin,Data Analyst,Emergency & Urgent Care,8A,30.81,2022-07-02,2022-08-06,37.5,1.0,NMC,Permanent,Suspended,JK571188,2028-09-10,HG314145,2027-05-13,2026-12-07,2022-07-23
EMP0624-20260916_215328,Lauren,Brown,gordonwood@example.com,1961-04-29,(01632) 960 058,"Studio 3
Ford Gardens
Janiceburgh
B3W 3HD",Male,Westborough Acute Care NHS Trust,White,Australia,Dependent,AHP,Occupational Therapist,Critical Care & Anaesthesia,6,25.53,2025-01-17,2025-02-14,30.0,0.8,GMC,Bank,On Leave,PY369623,2028-08-12,SR686519,2028-12-05,2027-03-30,2025-02-07
EMP0625-20260916_215328,Amanda,Smith,malcolmboyle@example.net,2007-01-20,0191 498 0921,"8 Elizabeth Lakes
New Racheltown
S3J 2WE",Female,Meadowbrook Community Health NHS Trust,White,United States,Skilled Worker,AHP,Speech Therapist,Medicine & Acute Care,6,25.94,2026-07-29,2026-09-02,18.75,0.5,NMC,Bank,Inactive,YU145659,2028-04-15,AT679702,2030-07-02,2027-09-10,2026-08-19
EMP0626-20260916_215328,Clifford,Curtis,stevenpeacock@example.org,1999-07-02,+448081570803,"Flat 0
Amber Fields
Shirleychester
IP37 6XA",Female,Riverbank General Hospitals NHS Trust,White,Canada,Skilled Worker,AHP,Physiotherapist,Corporate Services,6,23.06,2024-01-24,2024-03-06,20.0,0.53,GMC,Bank,Suspended,ZY108363,2027-03-29,HD121689,2027-01-19,2026-11-17,2024-02-14
EMP0627-20260916_215328,Jodie,White,dyerjames@example.org,1964-04-13,+442074960177,"8 Johnson Turnpike
Tomlinsonburgh
HD0A 5FG",Male,Southvale Hospitals NHS Trust,Asian,Japan,Skilled Worker,Admin,Administrator,Corporate Services,3,15.81,2023-01-29,2023-03-12,15.0,0.4,GMC,Permanent,On Leave,PI207785,2028-06-27,ZO283438,2028-07-19,2027-06-17,2023-02-19
EMP0628-20260916_215328,Antony,Hall,darren53@example.net,1975-03-30,+44(0)28 9018394,"5 Bernard Fort
East Lucy
BR36 2WT",Male,Oakridge Community Services NHS Trust,Mixed,Barbados,ILR,Nursing,Healthcare Assistant,Corporate Services,2,12.32,2019-10-16,2019-11-20,18.75,0.5,GMC,Permanent,Inactive,UF831208,2030-11-14,TJ319079,2026-11-18,2027-01-03,2019-11-06
EMP0629-20260916_215328,Francis,Pope,bartonlinda@example.com,1981-03-02,01174960045,"4 Fox Point
North Sylvia
S6J 0XG",Male,Broadfield Clinical Services NHS Trust,Asian,Thailand,Dependent,AHP,Pharmacist,Corporate Services,5,22.06,2017-06-10,2017-07-22,18.75,0.5,GMC,Permanent,Suspended,JE838004,2027-06-13,GX010477,2029-12-23,2027-02-11,2017-07-01
EMP0630-20260916_215328,June,Davis,ukelly@example.org,1971-09-02,+441144960356,"87 Lee Ports
Williamsmouth
NP2W 7RS",Male,Horizon Integrated Health Partnership NHS Trust,Black,Nigeria,British Citizen,Admin,Medical Secretary,Emergency & Urgent Care,4,17.25,2019-06-14,2019-07-26,30.0,0.8,NMC,Bank,Active,LP895270,2030-08-09,MP735694,2028-03-08,2027-01-05,2019-07-05
EMP0631-20260916_215328,Victor,Francis,gardnercarly@example.net,1991-01-06,(0161)4960544,"Studio 37C
Jenna Curve
Antonyhaven
E9 2YA",Male,Bluewater Community & Rehabilitation NHS Trust,White,United Kingdom,Dependent,Nursing,Senior Staff Nurse,Critical Care & Anaesthesia,6,26.41,2019-09-07,2019-10-19,30.0,0.8,None,Fixed Term,Suspended,UL823571,2028-11-05,VP521134,2027-07-21,2026-12-25,2019-09-28
EMP0632-20260916_215328,Christine,Walker,sinclairjake@example.net,1969-08-01,+441632960125,"Flat 86
Bibi Tunnel
Port Gemma
G5K 9RJ",Male,Northwood Mental Health NHS Trust,Asian,Japan,Skilled Worker,Nursing,Charge Nurse,Corporate Services,7,28.62,2020-01-11,2020-02-08,20.0,0.53,NMC,Permanent,Suspended,KV804598,2031-03-06,WV495595,2030-03-18,2027-06-24,2020-02-01
EMP0633-20260916_215328,Billy,King,rosiehall@example.com,1988-03-10,+44(0)116 4960750,"Flat 66
Adrian Trail
South Alice
N38 5UY",Female,Bluewater Community & Rehabilitation NHS Trust,Asian,Japan,British Citizen,Medical,SHO,Clinical Support Services,SHO,23.68,2023-04-19,2023-05-24,15.0,0.4,GMC,Fixed Term,Inactive,HE441590,2029-09-01,MW840509,2029-10-27,2027-01-14,2023-05-10
EMP0634-20260916_215328,Charlie,Green,joannapotter@example.net,1997-12-14,(0117) 4960175,"Studio 31
Teresa Pass
Wayneborough
B4E 7BS",Male,Broadfield Clinical Services NHS Trust,Mixed,Japan,Skilled Worker,AHP,Pharmacist,Women & Children,5,22.33,2024-09-28,2024-11-09,30.0,0.8,GMC,Fixed Term,Suspended,DI362227,2027-09-05,UI350524,2029-06-12,2026-10-14,2024-10-19
EMP0635-20260916_215328,Stephanie,Cook,damian39@example.org,1977-04-09,028 9018 0965,"8 Sean Manors
Johnsonshire
S51 4AH",Male,Lakeside District Hospitals NHS Trust,Mixed,Kenya,British Citizen,AHP,Pharmacist,Medicine & Acute Care,5,22.63,2024-12-04,2025-01-15,37.5,1.0,None,Bank,Suspended,IX996224,2028-02-03,OQ219558,2031-07-25,2027-01-28,2024-12-25
EMP0636-20260916_215328,Kayleigh,Potts,ipatel@example.net,2005-10-08,+44115 4960661,"460 Elaine Unions
Boltonfurt
HG8 0JL",Male,Eastmoor Teaching Hospitals NHS Trust,Mixed,Jamaica,Skilled Worker,AHP,Speech Therapist,Corporate Services,6,25.11,2023-05-29,2023-07-10,20.0,0.53,NMC,Fixed Term,Active,XL102882,2029-08-14,HU877553,2028-10-10,2027-08-22,2023-06-19
EMP0637-20260916_215328,Irene,Owen,ojones@example.net,2002-05-26,+44115 4960104,"400 Cartwright Square
Smithberg
SE3M 9SR",Male,Eastfield Psychological Services NHS Trust,Black,Nigeria,ILR,AHP,Speech Therapist,Critical Care & Anaesthesia,6,27.12,2022-05-06,2022-06-03,18.75,0.5,HCPC,Fixed Term,On Leave,SZ747251,2030-11-10,GK844707,2028-01-03,2027-05-28,2022-05-27
EMP0638-20260916_215328,Kathleen,Hill,daveypaige@example.net,1969-04-21,+44(0)20 7496 0520,"13 Paul Isle
Iainburgh
DA8N 6EX",Female,Westborough Acute Care NHS Trust,White,Australia,ILR,Medical,SHO,Emergency & Urgent Care,SHO,25.65,2020-11-01,2020-12-06,18.75,0.5,None,Fixed Term,On Leave,AR036688,2029-08-12,RF037111,2027-11-04,2026-09-24,2020-11-22
EMP0639-20260916_215328,Bethan,O'Sullivan,julian12@example.com,2004-10-08,0121 4960506,"97 Sanders Orchard
Geraldinebury
M3U 8DF",Female,Lakeside District Hospitals NHS Trust,Asian,Thailand,ILR,Nursing,Healthcare Assistant,Corporate Services,2,13.76,2022-08-13,2022-09-24,30.0,0.8,NMC,Fixed Term,Active,GJ621486,2026-12-24,YQ480308,2029-07-04,2026-12-30,2022-09-03
EMP0640-20260916_215328,Maurice,Robertson,danielleparker@example.com,1977-07-20,+44(0)121 4960386,"Flat 31
Randall Ford
Jaynechester
S3 9JA",Male,Riverbank General Hospitals NHS Trust,White,Australia,Skilled Worker,Medical,SHO,Critical Care & Anaesthesia,SHO,28.91,2018-12-23,2019-01-20,37.5,1.0,HCPC,Fixed Term,On Leave,FP689910,2027-08-01,SK284055,2030-11-23,2027-01-19,2019-01-13
EMP0641-20260916_215328,Mandy,Webb,alice81@example.com,2004-02-21,+44(0)808 157 0449,"Flat 10
Poole Parkway
South Francesfort
NN46 1BJ",Male,Meadowbrook Community Health NHS Trust,Mixed,Barbados,British Citizen,AHP,Occupational Therapist,Critical Care & Anaesthesia,6,23.08,2023-09-11,2023-10-16,37.5,1.0,None,Fixed Term,On Leave,UD510517,2030-09-03,TD469825,2028-11-06,2026-10-30,2023-10-02
EMP0642-20260916_215328,Rosie,Black,richard88@example.org,1966-11-18,0117 4960023,"Flat 18n
Gregory Freeway
South Joshuamouth
B8 0PA",Female,Westborough Acute Care NHS Trust,Black,Kenya,ILR,Nursing,Ward Manager,Critical Care & Anaesthesia,8A,33.44,2024-10-24,2024-12-05,15.0,0.4,HCPC,Fixed Term,Inactive,ZO117047,2027-03-27,VH068335,2030-03-07,2026-11-09,2024-11-14
EMP0643-20260916_215328,Sean,Metcalfe,mark74@example.net,1992-04-16,+44(0)909 8790407,"7 Leanne Brooks
West Kimberley
BT45 3XW",Male,Eastfield Psychological Services NHS Trust,Mixed,India,Skilled Worker,Medical,GP,Surgery & Cancer,GP,49.85,2018-10-09,2018-11-06,30.0,0.8,HCPC,Bank,Suspended,OX975550,2029-11-17,BP633895,2029-01-20,2027-07-05,2018-10-30
EMP0644-20260916_215328,Thomas,Woods,daviesmark@example.net,2004-06-20,+44(0)28 9018 0018,"0 Dobson Union
Cliffordville
E1 4YR",Male,Southgate Community & Mental Health NHS Trust,Mixed,Kenya,ILR,Admin,Administrator,Medicine & Acute Care,3,14.88,2023-03-11,2023-04-08,30.0,0.8,GMC,Fixed Term,On Leave,DK416313,2031-08-23,OO162860,2027-01-16,2027-01-27,2023-04-01
EMP0645-20260916_215328,Jessica,Cook,hancockgareth@example.net,2006-07-14,(020)74960376,"Flat 4
Brown Fords
North Derekburgh
G87 9DD",Male,Broadfield Clinical Services NHS Trust,Black,Barbados,Skilled Worker,AHP,Physiologist,Clinical Support Services,6,26.41,2024-04-21,2024-06-02,20.0,0.53,NMC,Bank,Suspended,JP082379,2031-02-07,DG674682,2029-05-27,2027-08-18,2024-05-12
EMP0646-20260916_215328,Sheila,Hussain,brandonchadwick@example.net,1988-05-02,+44151 496 0853,"88 Wood Ramp
Tobytown
N03 6QG",Female,Valleyview Mental Wellness NHS Trust,Mixed,Barbados,Dependent,Medical,SHO,Critical Care & Anaesthesia,SHO,30.66,2026-08-22,2026-09-26,18.75,0.5,HCPC,Bank,Active,NM425485,2029-11-01,XD500742,2029-12-19,2027-04-30,2026-09-12
EMP0647-20260916_215328,Yvonne,Smith,barbara76@example.com,1988-08-26,(0116) 496 0715,"42 Davies Mill
Lake Luke
M44 8JD",Female,Southgate Community & Mental Health NHS Trust,White,United States,Dependent,AHP,Speech Therapist,Critical Care & Anaesthesia,6,23.12,2025-03-11,2025-04-22,18.75,0.5,None,Bank,Active,HO733327,2027-04-01,OP926993,2029-09-08,2027-05-21,2025-04-01
EMP0648-20260916_215328,Stanley,Woods,joshallen@example.org,1999-11-08,0191 4960295,"9 Brookes Cliffs
Taylorbury
SO1R 7RG",Female,Westmere Community Health NHS Trust,Asian,Japan,Dependent,Nursing,Nursery Nurse,Medicine & Acute Care,2,12.72,2020-05-13,2020-06-24,20.0,0.53,NMC,Permanent,On Leave,IU134763,2028-02-06,XG145500,2027-06-17,2027-04-04,2020-06-03
EMP0649-20260916_215328,Matthew,Marshall,opage@example.net,1972-07-22,(0118) 4960681,"Studio 7
Anne Course
North Dominic
E18 3TA",Female,Northshire University Hospitals NHS Trust,Asian,Japan,British Citizen,Nursing,Healthcare Assistant,Emergency & Urgent Care,2,13.85,2024-09-18,2024-10-30,30.0,0.8,HCPC,Bank,Suspended,KN481664,2030-01-07,GP637690,2029-06-21,2027-04-05,2024-10-09
EMP0650-20260916_215328,Lucy,Browne,hollychamberlain@example.org,1985-05-08,01174960733,"Studio 74
Jessica Garden
Lake Olivia
IM47 5SH",Female,Southvale Hospitals NHS Trust,White,Australia,British Citizen,AHP,Pharmacist,Women & Children,5,21.66,2024-09-11,2024-10-09,30.0,0.8,HCPC,Fixed Term,On Leave,PE357424,2027-08-15,CV877343,2026-10-04,2027-04-21,2024-10-02
EMP0651-20260916_215328,Anthony,Jones,fosterjordan@example.net,1975-12-24,(0113)4960391,"6 Deborah Square
Neiltown
L4H 9PU",Female,Southvale Hospitals NHS Trust,Mixed,India,ILR,Nursing,Healthcare Assistant,Women & Children,2,13.15,2026-05-05,2026-06-09,18.75,0.5,HCPC,Bank,Active,PL028917,2029-03-22,OB673053,2027-04-09,2027-08-15,2026-05-26
EMP0652-20260916_215328,Josephine,Watson,james48@example.net,1966-05-06,+44(0)1414960429,"1 Gemma Villages
Nathanton
L96 9XN",Female,Oakridge Community Services NHS Trust,Mixed,Ghana,Dependent,Medical,SHO,Emergency & Urgent Care,SHO,29.49,2021-05-30,2021-06-27,30.0,0.8,GMC,Permanent,Active,IQ485222,2031-07-01,FZ012559,2029-12-30,2027-04-30,2021-06-20
EMP0653-20260916_215328,Danielle,Page,kimberleywebster@example.org,1988-02-23,(0808)1570038,"Flat 8
Marcus Expressway
Byrnefort
B3 6BT",Male,Northwood Mental Health NHS Trust,White,Canada,Dependent,Nursing,Healthcare Assistant,Medicine & Acute Care,2,12.33,2021-07-09,2021-08-06,15.0,0.4,GMC,Bank,Active,VR050298,2029-03-27,JY551214,2027-11-22,2027-06-11,2021-07-30
EMP0654-20260916_215328,Rachel,Mills,owebb@example.com,1988-09-30,+44131 496 0972,"578 Wright Island
East Fionaborough
L5D 9HS",Male,Westborough Acute Care NHS Trust,White,United States,Skilled Worker,Admin,Receptionist,Critical Care & Anaesthesia,3,13.71,2020-01-01,2020-02-12,20.0,0.53,None,Permanent,Suspended,ZY105358,2028-01-20,WN605118,2029-05-25,2026-11-16,2020-01-22
EMP0655-20260916_215328,Carolyn,Carroll,callumhart@example.com,1969-09-13,+44(0)306 999 0821,"1 Burgess Parkways
Port Marion
S5 4TB",Female,Riverbank General Hospitals NHS Trust,Mixed,Ghana,Dependent,AHP,Pharmacist,Corporate Services,5,20.83,2018-04-08,2018-05-20,18.75,0.5,NMC,Permanent,On Leave,SH564343,2030-08-05,DM654009,2027-08-15,2027-02-24,2018-04-29
EMP0656-20260916_215328,Janet,Turner,walkervictoria@example.net,1996-06-25,01314960464,"26 Declan Unions
Barberchester
DH8 9TX",Female,Hillcrest Medical Centres NHS Trust,Black,Trinidad and Tobago,British Citizen,Medical,FY1/FY2,Critical Care & Anaesthesia,FY1,20.21,2021-02-17,2021-03-24,15.0,0.4,NMC,Bank,Active,RB202395,2027-04-30,YO245840,2030-02-11,2027-08-23,2021-03-10
EMP0657-20260916_215328,Chloe,Murphy,jdavis@example.com,2005-01-10,+44(0)20 7496 0838,"Studio 4
Bradley Unions
North Jodie
BT8H 4WD",Female,Riverside Integrated Care NHS Trust,White,New Zealand,British Citizen,AHP,Occupational Therapist,Critical Care & Anaesthesia,6,26.93,2018-05-27,2018-07-01,18.75,0.5,None,Permanent,Inactive,KL004105,2031-03-22,FS180809,2030-08-27,2027-07-24,2018-06-17
EMP0658-20260916_215328,Marcus,Hayes,griffinderek@example.com,1994-02-18,+441164960300,"Studio 48z
Lynda Alley
Margaretville
G54 4UR",Male,Riverbank General Hospitals NHS Trust,Black,Jamaica,ILR,AHP,Occupational Therapist,Critical Care & Anaesthesia,6,22.67,2021-06-19,2021-07-31,37.5,1.0,HCPC,Bank,Inactive,PP554122,2026-11-06,IJ092136,2028-04-06,2027-04-21,2021-07-10
EMP0659-20260916_215328,Gemma,Jones,thomasfrank@example.org,1998-06-14,+441144960206,"2 Sara Via
Graceview
HX1E 1DT",Male,Oakridge Community Services NHS Trust,White,Australia,British Citizen,Nursing,Nursery Nurse,Medicine & Acute Care,2,13.99,2026-04-28,2026-05-26,30.0,0.8,NMC,Bank,On Leave,JI820763,2028-08-24,TG045456,2031-03-11,2027-01-30,2026-05-19
EMP0660-20260916_215328,Gary,Cook,nwatson@example.net,1973-08-21,01154960862,"410 Colin Springs
Grahamside
RM76 9WP",Male,Westborough Acute Care NHS Trust,Asian,Japan,Skilled Worker,AHP,Physiologist,Corporate Services,6,27.53,2022-07-30,2022-09-10,37.5,1.0,NMC,Permanent,Active,WV214177,2031-04-21,PC043420,2028-07-28,2026-11-16,2022-08-20
EMP0661-20260916_215328,Hayley,Johnston,jake04@example.com,1987-10-27,(0115) 4960345,"142 Guy Shoals
West Ricky
WC4 3BZ",Female,Lakeside District Hospitals NHS Trust,Black,Nigeria,ILR,Nursing,Senior Staff Nurse,Surgery & Cancer,6,25.47,2021-06-28,2021-08-02,15.0,0.4,NMC,Fixed Term,Active,PI832901,2028-02-01,ZC164401,2029-01-31,2026-12-24,2021-07-19
EMP0662-20260916_215328,Stewart,Williams,howellscraig@example.com,1966-11-11,+44(0)29 2018 0310,"Flat 71
Benjamin Passage
Port Natalie
M0 2EU",Male,Westmere Community Health NHS Trust,Asian,Thailand,British Citizen,Medical,SHO,Corporate Services,SHO,25.44,2017-07-24,2017-09-04,18.75,0.5,None,Bank,On Leave,SK278790,2028-07-07,NC091475,2031-04-04,2027-09-11,2017-08-14
EMP0663-20260916_215328,Sandra,Smith,fpotter@example.org,1994-07-13,+44(0)306 999 0021,"49 Walsh Trace
Gailton
W5S 8UU",Male,Hillcrest Medical Centres NHS Trust,Mixed,Nigeria,British Citizen,AHP,Physiotherapist,Emergency & Urgent Care,6,22.82,2020-03-21,2020-04-25,15.0,0.4,NMC,Fixed Term,Inactive,GS699559,2027-01-17,YK909277,2029-06-30,2027-08-31,2020-04-11
EMP0664-20260916_215328,Natasha,Dunn,nsykes@example.org,1974-03-08,0121 496 0047,"578 Bradley Port
Simpsonstad
L1U 2UL",Male,Eastfield Psychological Services NHS Trust,Asian,China,Dependent,Nursing,Healthcare Assistant,Surgery & Cancer,2,12.82,2020-07-10,2020-08-14,18.75,0.5,HCPC,Bank,Inactive,OD822144,2027-08-16,XT120551,2031-07-01,2027-08-28,2020-07-31
EMP0665-20260916_215328,Alice,Hooper,evanschristopher@example.org,1986-11-21,(0115)4960672,"206 Bryan Points
Alexandramouth
B28 3ZN",Female,Valleyview Mental Wellness NHS Trust,White,Canada,British Citizen,Admin,Medical Secretary,Corporate Services,4,16.67,2021-09-09,2021-10-21,20.0,0.53,HCPC,Bank,On Leave,NL494794,2030-04-02,DI216167,2031-06-25,2027-04-14,2021-09-30
EMP0666-20260916_215328,Angela,Birch,sholland@example.com,1992-03-22,0151 496 0913,"Flat 08K
Jones Dam
Leonardside
FK27 0BL",Male,Southvale Hospitals NHS Trust,Black,Trinidad and Tobago,Skilled Worker,AHP,Pharmacist,Clinical Support Services,5,21.81,2023-02-04,2023-03-18,15.0,0.4,HCPC,Bank,Inactive,UD839305,2027-11-11,YJ313427,2030-05-24,2027-06-16,2023-02-25
EMP0667-20260916_215328,Alice,Morris,sheila21@example.net,1990-10-17,0141 4960359,"Studio 80
Colin Roads
Charleston
DE43 3FD",Male,Westmere Community Health NHS Trust,White,Canada,British Citizen,Admin,Administrator,Clinical Support Services,3,13.48,2024-04-08,2024-05-20,20.0,0.53,GMC,Bank,Active,OI559110,2030-05-08,UQ577575,2029-06-16,2027-02-27,2024-04-29
EMP0668-20260916_215328,Robin,Wood,billy76@example.org,2005-01-25,+441632 960 274,"878 Robinson Street
Shauntown
B0S 8ZW",Female,Midlands Central Hospitals NHS Trust,Black,South Africa,ILR,Medical,Registrar,Surgery & Cancer,SPR,33.55,2016-10-04,2016-11-01,20.0,0.53,NMC,Bank,Inactive,NG219342,2029-09-11,BG204266,2028-05-23,2026-10-16,2016-10-25
EMP0669-20260916_215328,Harriet,Wright,williamsbrenda@example.org,1988-07-22,+44161 496 0250,"Studio 32S
Jake Mews
Janetfort
G1 4JW",Male,Bluewater Community & Rehabilitation NHS Trust,Mixed,United Kingdom,Dependent,Medical,GP,Corporate Services,GP,52.52,2022-06-15,2022-07-20,20.0,0.53,NMC,Fixed Term,Suspended,RZ729227,2029-12-01,IK178838,2027-12-08,2026-09-19,2022-07-06
EMP0670-20260916_215328,Antony,Daly,amandastone@example.com,1971-04-26,(0151)4960756,"Studio 67W
Timothy Trafficway
Prestontown
N0 7NN",Female,Oakridge Community Services NHS Trust,Mixed,United States,ILR,Admin,Receptionist,Critical Care & Anaesthesia,3,15.61,2018-05-03,2018-05-31,30.0,0.8,NMC,Bank,On Leave,NW928569,2029-08-24,EO336325,2030-04-04,2027-02-09,2018-05-24
EMP0671-20260916_215328,Carolyn,Todd,jason42@example.com,2002-01-22,01632 960806,"155 Wilkins Walks
Stephaniefort
GY52 6WB",Male,Lakeside District Hospitals NHS Trust,White,New Zealand,British Citizen,Nursing,Ward Manager,Clinical Support Services,8A,29.42,2017-07-11,2017-08-22,37.5,1.0,GMC,Permanent,Suspended,DG676326,2031-02-26,AN856961,2030-06-04,2027-07-04,2017-08-01
EMP0672-20260916_215328,Trevor,Martin,joel64@example.net,1991-09-29,+44(0)909 8790753,"Studio 5
Bethan Ranch
East Ianbury
N00 2PH",Female,Bluewater Community & Rehabilitation NHS Trust,Asian,Thailand,ILR,Admin,Medical Secretary,Clinical Support Services,4,17.54,2021-01-04,2021-02-15,15.0,0.4,GMC,Fixed Term,On Leave,ON598483,2028-10-30,QN953598,2030-04-09,2026-11-27,2021-01-25
EMP0673-20260916_215328,Kathryn,Parkes,hewittamelia@example.org,1993-05-05,+44(0)1632960827,"2 Alexandra Lakes
North Jean
M29 1WJ",Male,Broadfield Clinical Services NHS Trust,White,Canada,British Citizen,Admin,Administrator,Medicine & Acute Care,3,16.22,2020-04-14,2020-05-26,15.0,0.4,None,Bank,Inactive,OT766753,2027-05-09,PJ234325,2031-04-09,2026-12-29,2020-05-05
EMP0674-20260916_215328,Stewart,Porter,thompsonbarry@example.org,1998-03-31,+44(0)1174960067,"365 Baldwin Manor
Harrismouth
WA7 7YN",Male,Midlands Central Hospitals NHS Trust,White,Australia,Dependent,Medical,SHO,Women & Children,SHO,29.33,2018-10-05,2018-11-02,30.0,0.8,NMC,Fixed Term,Inactive,KD682253,2029-02-12,AC827955,2031-03-03,2027-07-03,2018-10-26
EMP0675-20260916_215328,Katie,Martin,lydiamorris@example.com,2004-06-03,(0141) 496 0632,"35 Green Camp
Griffithsstad
DT6 7GJ",Female,Bluewater Community & Rehabilitation NHS Trust,White,United Kingdom,Dependent,Admin,Administrator,Critical Care & Anaesthesia,3,15.08,2018-08-17,2018-09-14,37.5,1.0,NMC,Permanent,On Leave,TN288960,2028-09-11,IS619616,2031-01-21,2027-09-08,2018-09-07
EMP0676-20260916_215328,Lynda,Butler,dunncarole@example.com,1999-12-19,0113 496 0884,"62 Smith Expressway
Bibichester
PL8A 1BJ",Female,Greenhaven Acute & Specialist Care NHS Trust,Black,Kenya,ILR,Admin,Receptionist,Emergency & Urgent Care,3,13.77,2018-11-13,2018-12-18,18.75,0.5,GMC,Bank,Active,FG669389,2031-08-19,SQ733915,2027-06-09,2026-11-02,2018-12-04
EMP0677-20260916_215328,Leigh,Gould,vanessa12@example.org,1961-06-10,+44(0)292018596,"Flat 27Z
Ellie Hill
Seanburgh
W1 7BD",Female,Riverside Integrated Care NHS Trust,Asian,Japan,Dependent,Nursing,Staff Nurse,Emergency & Urgent Care,5,21.52,2026-07-11,2026-08-08,37.5,1.0,NMC,Bank,Inactive,RA552635,2029-12-28,KR535341,2030-07-10,2026-11-17,2026-08-01
EMP0678-20260916_215328,Bryan,Kennedy,hilarytucker@example.com,2001-09-24,029 2018500,"Flat 9
Denis Estates
East Angelaport
G5H 9YB",Male,Riverbank General Hospitals NHS Trust,Mixed,New Zealand,British Citizen,Admin,Medical Secretary,Corporate Services,4,15.41,2025-01-13,2025-02-17,30.0,0.8,NMC,Permanent,Active,SM601798,2028-05-04,VP079437,2027-04-17,2027-04-05,2025-02-03
EMP0679-20260916_215328,Karl,Palmer,uroberts@example.com,1990-06-05,0116 496 0228,"51 Joseph Streets
Lake Linda
LN39 3AE",Male,Hillcrest Medical Centres NHS Trust,Black,Trinidad and Tobago,British Citizen,Nursing,Senior Staff Nurse,Clinical Support Services,6,23.27,2020-08-19,2020-09-16,15.0,0.4,None,Fixed Term,Inactive,RP940193,2028-09-23,RS722917,2030-04-05,2027-03-18,2020-09-09
EMP0680-20260916_215328,Roy,Spencer,jdickinson@example.net,1980-09-08,+44(0)116 496 0454,"Flat 94
Riley Common
Jordantown
LD33 5AF",Female,Midlands Central Hospitals NHS Trust,White,United States,ILR,Admin,Data Analyst,Women & Children,8A,32.08,2023-02-23,2023-03-30,20.0,0.53,NMC,Fixed Term,Suspended,SL571036,2031-05-16,FZ637189,2029-07-18,2027-03-11,2023-03-16
EMP0681-20260916_215328,Karen,Atkins,fwatson@example.net,1962-07-11,+44117 496 0107,"Flat 0
Julian Mountain
Jacksonport
DH2V 9AG",Female,Lakeside District Hospitals NHS Trust,Asian,Thailand,Dependent,Medical,FY1/FY2,Women & Children,FY1,20.26,2021-07-04,2021-08-15,37.5,1.0,NMC,Fixed Term,Suspended,RQ715174,2028-11-07,GY485859,2030-05-22,2027-03-13,2021-07-25
EMP0682-20260916_215328,Charlotte,Brady,granteric@example.com,2000-07-17,+441914960651,"821 Mohammed Mall
South Bethany
W7 9PP",Male,Valleyview Mental Wellness NHS Trust,Mixed,Canada,Dependent,AHP,Physiologist,Critical Care & Anaesthesia,6,25.34,2018-11-24,2018-12-29,30.0,0.8,GMC,Fixed Term,Active,WV752338,2026-10-05,RS899139,2027-06-23,2027-08-28,2018-12-15
EMP0683-20260916_215328,Annette,Clark,vbennett@example.net,1998-06-10,+44(0)292018389,"927 Declan Meadow
East Anthonyville
L7W 1UF",Female,Eastmoor Teaching Hospitals NHS Trust,Asian,China,British Citizen,Nursing,Charge Nurse,Surgery & Cancer,7,31.17,2016-10-04,2016-11-15,30.0,0.8,NMC,Permanent,Suspended,WH985786,2026-11-28,IH684107,2028-05-31,2027-09-11,2016-10-25
EMP0684-20260916_215328,Marcus,Conway,donna39@example.org,1983-06-13,+44909 879 0372,"4 Griffin Meadow
Lynneville
L5 4QU",Female,Oakridge Community Services NHS Trust,Asian,Thailand,British Citizen,AHP,Radiographer,Women & Children,6,27.49,2025-02-04,2025-03-18,37.5,1.0,NMC,Fixed Term,Active,RR904983,2029-04-29,ER885593,2030-10-25,2027-02-01,2025-02-25
EMP0685-20260916_215328,David,Hancock,vhill@example.net,1965-05-18,+441514960384,"Studio 68
Fiona Island
Stephanieborough
W09 2ZY",Female,Northwood Mental Health NHS Trust,White,Canada,Skilled Worker,AHP,Occupational Therapist,Surgery & Cancer,6,24.52,2019-12-15,2020-01-19,37.5,1.0,None,Permanent,Suspended,ZU780063,2028-09-22,WV782356,2031-03-12,2027-03-11,2020-01-05
EMP0686-20260916_215328,Sam,Goodwin,smithcarolyn@example.org,1989-03-10,+44(0)9098790472,"Flat 7
Valerie Fords
West Beverley
DA6A 4FG",Male,Southgate Community & Mental Health NHS Trust,Black,Nigeria,British Citizen,Admin,Medical Secretary,Medicine & Acute Care,4,16.97,2021-03-06,2021-04-17,20.0,0.53,HCPC,Permanent,Suspended,DD593270,2031-05-29,XG690258,2028-04-01,2026-12-05,2021-03-27
EMP0687-20260916_215328,Christian,Lewis,billy44@example.org,2003-06-27,+44191 496 0005,"19 Robert Mountains
Lake Joanna
PE00 4EU",Female,Eastmoor Teaching Hospitals NHS Trust,Mixed,United Kingdom,Dependent,Medical,FY1/FY2,Medicine & Acute Care,FY1,19.42,2020-08-12,2020-09-16,20.0,0.53,HCPC,Fixed Term,Suspended,ND326336,2028-02-29,VR323719,2030-10-14,2027-01-23,2020-09-02
EMP0688-20260916_215328,Allan,Collins,davismohammad@example.net,1981-01-20,01314960809,"218 Pauline Trafficway
Port Emilyland
PA2 0AA",Female,Riverside Integrated Care NHS Trust,Mixed,Ghana,ILR,AHP,Physiologist,Critical Care & Anaesthesia,6,25.72,2017-06-19,2017-07-31,30.0,0.8,HCPC,Permanent,On Leave,FP234885,2030-03-23,SU693719,2026-11-20,2026-12-20,2017-07-10
EMP0689-20260916_215328,Louise,Bird,morganmarilyn@example.org,1974-06-23,(0117) 4960609,"5 Zoe Bridge
Katieton
N7K 2WA",Male,Westborough Acute Care NHS Trust,White,New Zealand,ILR,Admin,Receptionist,Women & Children,3,15.95,2025-03-22,2025-04-19,37.5,1.0,NMC,Fixed Term,Active,JC966422,2027-01-07,WX187839,2028-08-11,2026-11-24,2025-04-12
EMP0690-20260916_215328,Dean,Simpson,nicole55@example.org,1960-11-03,+44292018161,"Studio 50h
Dorothy Dam
Lake Louisebury
ML98 4BF",Male,Greenhaven Acute & Specialist Care NHS Trust,White,Canada,Dependent,Admin,Medical Secretary,Emergency & Urgent Care,4,16.58,2017-10-14,2017-11-25,30.0,0.8,HCPC,Bank,Suspended,BY429477,2030-06-21,KH428603,2027-01-24,2026-11-15,2017-11-04
EMP0691-20260916_215328,Eric,Barnes,brettcampbell@example.com,1971-10-08,01514960806,"Flat 2
Collins Vista
West Jill
NE29 8PS",Male,Southvale Hospitals NHS Trust,White,New Zealand,Dependent,Medical,FY1/FY2,Corporate Services,FY1,21.1,2018-12-28,2019-02-08,18.75,0.5,NMC,Permanent,Suspended,KF307776,2029-06-14,LH506835,2027-03-10,2027-02-15,2019-01-18
EMP0692-20260916_215328,Gillian,Williamson,xjones@example.org,2001-08-29,01214960867,"Studio 66o
Raymond Mill
Angelatown
IG1N 8XX",Male,Eastmoor Teaching Hospitals NHS Trust,Mixed,Jamaica,ILR,Nursing,Ward Manager,Clinical Support Services,8A,32.81,2020-10-10,2020-11-14,20.0,0.53,HCPC,Fixed Term,Active,TA633555,2030-09-04,TZ203680,2030-09-01,2026-10-10,2020-10-31
EMP0693-20260916_215328,Julie,Pritchard,smarsh@example.net,1962-08-27,+44(0)131 4960784,"Studio 34i
Amy Mountains
West Lynnebury
S0U 6SZ",Male,Hillcrest Medical Centres NHS Trust,Mixed,New Zealand,Dependent,Nursing,Nursery Nurse,Clinical Support Services,2,13.4,2017-02-03,2017-03-10,37.5,1.0,None,Bank,On Leave,OF380087,2030-09-02,RU189287,2031-06-28,2027-05-16,2017-02-24
EMP0694-20260916_215328,Melanie,Johnson,morrisondawn@example.com,1978-04-15,+44(0)1632960973,"875 Bishop Green
Daviesshire
GU6E 3ZT",Male,Northshire University Hospitals NHS Trust,White,United States,Skilled Worker,AHP,Physiotherapist,Emergency & Urgent Care,6,23.98,2024-02-29,2024-03-28,30.0,0.8,None,Bank,Inactive,LE963712,2028-02-21,OA571862,2029-08-15,2027-01-19,2024-03-21
EMP0695-20260916_215328,Shane,Turner,grantkelly@example.com,1965-02-02,+441134960457,"795 Riley Rapids
West Bruce
M5 0RX",Male,Westborough Acute Care NHS Trust,Asian,China,Dependent,Nursing,Healthcare Assistant,Emergency & Urgent Care,2,12.96,2021-06-10,2021-07-22,15.0,0.4,None,Bank,Active,MC399081,2026-10-06,ZC958589,2028-01-10,2026-11-06,2021-07-01
EMP0696-20260916_215328,Brian,Doherty,andrewssean@example.net,1980-07-31,0118 496 0293,"Flat 71b
Barrett Gardens
Williamsmouth
FK5V 8GE",Female,Horizon Integrated Health Partnership NHS Trust,White,Canada,British Citizen,AHP,Occupational Therapist,Surgery & Cancer,6,25.92,2020-02-24,2020-03-30,20.0,0.53,HCPC,Bank,Suspended,EE825486,2029-12-19,RJ230969,2030-01-29,2027-06-28,2020-03-16
EMP0697-20260916_215328,Jenna,Smith,leighhall@example.com,1961-08-23,0131 4960994,"3 Steven Crescent
Charlenetown
E4 4UX",Male,Westborough Acute Care NHS Trust,Black,Barbados,ILR,Medical,SHO,Medicine & Acute Care,SHO,27.7,2019-05-13,2019-06-24,20.0,0.53,None,Bank,On Leave,DU249563,2031-02-21,HD897163,2031-09-10,2027-07-22,2019-06-03
EMP0698-20260916_215328,Karl,Parker,martinkim@example.com,1976-10-04,(0121)4960526,"546 Wilson Forges
Daviesport
PL64 0WR",Male,Eastmoor Teaching Hospitals NHS Trust,White,New Zealand,British Citizen,Medical,Registrar,Corporate Services,SPR,38.84,2020-06-19,2020-07-31,20.0,0.53,GMC,Bank,On Leave,MV578320,2028-01-23,FH553568,2030-11-26,2027-09-12,2020-07-10
EMP0699-20260916_215328,Jamie,Johnson,alicebarnett@example.org,2001-08-14,+44(0)131 496 0840,"Studio 3
Morris Ridge
South Ritashire
KA5V 1AJ",Male,Lakeside District Hospitals NHS Trust,White,Canada,Skilled Worker,Medical,Registrar,Surgery & Cancer,SPR,35.74,2026-09-07,2026-10-05,30.0,0.8,NMC,Bank,Active,PX858888,2029-08-14,AK808300,2030-07-15,2027-07-05,2026-09-28
EMP0700-20260916_215328,Nathan,Wheeler,trevorspencer@example.net,1969-03-07,01184960567,"Flat 20d
Dean Center
New Reeceshire
HR3 2WR",Male,Eastmoor Teaching Hospitals NHS Trust,Black,Ghana,ILR,Medical,FY1/FY2,Clinical Support Services,FY1,21.31,2021-07-30,2021-08-27,37.5,1.0,None,Fixed Term,Active,SG861017,2031-08-31,JA790812,2027-02-15,2026-11-04,2021-08-20
EMP0701-20260916_215328,Connor,Dale,carrelizabeth@example.net,1980-12-31,+44(0)292018078,"46 Amanda Port
Thorpebury
SA82 0LR",Male,Valleyview Mental Wellness NHS Trust,White,Canada,Skilled Worker,Medical,SHO,Critical Care & Anaesthesia,SHO,27.94,2016-12-09,2017-01-13,20.0,0.53,NMC,Bank,Active,TY022837,2030-01-14,GB017753,2027-04-13,2027-01-03,2016-12-30
EMP0702-20260916_215328,Mohammed,Fox,nicole97@example.org,1967-01-07,0114 4960731,"Flat 57
Clifford Meadow
New Beth
L7 0NX",Male,Southgate Community & Mental Health NHS Trust,Asian,China,ILR,AHP,Speech Therapist,Women & Children,6,24.47,2020-10-08,2020-11-12,18.75,0.5,HCPC,Fixed Term,Suspended,GP914156,2027-06-02,AI409417,2029-05-16,2027-04-18,2020-10-29
EMP0703-20260916_215328,Lauren,Scott,cgraham@example.org,1992-01-13,+44116 496 0461,"24 Hayley Mills
O'Brienmouth
N59 3RR",Female,Northshire University Hospitals NHS Trust,Black,Jamaica,Skilled Worker,Admin,Medical Secretary,Surgery & Cancer,4,16.9,2019-05-28,2019-07-09,37.5,1.0,GMC,Permanent,On Leave,GN353746,2030-01-19,PC715462,2030-07-30,2026-12-02,2019-06-18
EMP0704-20260916_215328,Kimberley,Wright,fraserclive@example.org,1995-04-16,+441414960350,"Studio 6
Henry River
Jamesborough
N37 7SS",Female,Riverside Integrated Care NHS Trust,Asian,China,Skilled Worker,Admin,Medical Secretary,Women & Children,4,18.3,2026-01-03,2026-02-14,30.0,0.8,GMC,Bank,Suspended,AP190981,2028-04-05,BE604487,2027-02-05,2027-07-11,2026-01-24
EMP0705-20260916_215328,Francis,Swift,diane35@example.net,1984-11-21,(0191)4960007,"5 Benjamin Square
West Leon
TQ0 1PY",Female,Westborough Acute Care NHS Trust,White,United Kingdom,Dependent,AHP,Occupational Therapist,Critical Care & Anaesthesia,6,24.51,2025-11-18,2025-12-30,20.0,0.53,None,Permanent,Suspended,NR505217,2029-05-28,IR464397,2030-12-30,2026-12-30,2025-12-09
EMP0706-20260916_215328,Dale,Johnson,ann00@example.com,1998-08-18,(01632) 960997,"6 Craig Centers
East Mohammedchester
E4D 1GD",Female,Oakridge Community Services NHS Trust,Asian,Japan,Skilled Worker,Admin,Data Analyst,Critical Care & Anaesthesia,8A,34.32,2024-04-14,2024-05-19,37.5,1.0,GMC,Fixed Term,Active,VX246858,2028-12-27,ZI694339,2030-06-15,2026-09-16,2024-05-05
EMP0707-20260916_215328,Denise,Reynolds,xtownsend@example.com,1969-10-07,0151 496 0026,"Flat 19
Elaine Port
Garryhaven
L1D 6RE",Female,Northwood Mental Health NHS Trust,Black,Ghana,Dependent,AHP,Physiotherapist,Women & Children,6,26.49,2021-07-29,2021-09-09,37.5,1.0,NMC,Bank,Active,WA039820,2028-08-20,KU999922,2030-07-29,2027-06-08,2021-08-19
EMP0708-20260916_215328,Nicola,Smith,westross@example.org,1988-12-04,01914960291,"27 Donald Forest
Port Tom
L0D 8AN",Female,Greenhaven Acute & Specialist Care NHS Trust,Mixed,Ghana,ILR,AHP,Occupational Therapist,Clinical Support Services,6,26.44,2023-02-09,2023-03-16,18.75,0.5,None,Fixed Term,Active,QU687126,2029-11-16,AK857798,2030-08-15,2027-03-27,2023-03-02
EMP0709-20260916_215328,Jamie,Anderson,maureen03@example.com,1984-04-19,(01632) 960 417,"504 Herbert Mountains
Patelside
L29 8AB",Female,Westmere Community Health NHS Trust,Asian,India,British Citizen,Medical,Consultant,Surgery & Cancer,CONS,57.14,2026-06-16,2026-07-14,20.0,0.53,NMC,Bank,On Leave,HP924360,2028-04-21,EO434612,2030-09-23,2027-03-12,2026-07-07
EMP0710-20260916_215328,Raymond,Robinson,mariahoughton@example.com,1985-07-07,+441914960447,"999 Adams Bridge
Woodsshire
ZE5 5FZ",Female,Westmere Community Health NHS Trust,Black,South Africa,Skilled Worker,AHP,Physiologist,Corporate Services,6,22.57,2018-08-29,2018-10-10,20.0,0.53,None,Permanent,Active,VZ884294,2027-06-22,CO547219,2027-05-22,2027-04-08,2018-09-19
EMP0711-20260916_215328,Mandy,Thompson,amylee@example.net,2004-08-18,+44(0)9098790784,"Studio 39
Holly Loaf
Alexanderview
LS5P 9HQ",Male,Eastmoor Teaching Hospitals NHS Trust,Black,Kenya,Skilled Worker,Medical,SHO,Critical Care & Anaesthesia,SHO,29.8,2022-09-14,2022-10-12,15.0,0.4,HCPC,Bank,On Leave,RV005900,2028-01-30,CS982102,2028-02-15,2027-01-22,2022-10-05
EMP0712-20260916_215328,Denise,Davidson,atkinsonpeter@example.org,1983-06-18,0151 496 0909,"0 Alison Lock
Lake George
B30 1QJ",Male,Riverside Integrated Care NHS Trust,Mixed,Kenya,Dependent,Nursing,Ward Manager,Surgery & Cancer,8A,31.17,2021-01-05,2021-02-16,15.0,0.4,NMC,Permanent,On Leave,EY493778,2029-10-12,QP059614,2027-08-27,2026-10-07,2021-01-26
EMP0713-20260916_215328,Ben,Perry,patrick14@example.net,1967-11-25,+44114 4960030,"9 Natalie Parks
Cooperview
DD1B 9DF",Male,Midlands Central Hospitals NHS Trust,Mixed,China,Dependent,Admin,Administrator,Critical Care & Anaesthesia,3,14.49,2022-02-08,2022-03-15,18.75,0.5,None,Permanent,Inactive,CK836185,2029-12-20,PZ107039,2029-01-03,2027-02-06,2022-03-01
EMP0714-20260916_215328,Fiona,Griffiths,chloe44@example.com,1966-04-08,+44(0)1414960500,"30 Bradshaw Summit
Lake Caroltown
LN1P 7BN",Male,Hillcrest Medical Centres NHS Trust,Asian,Japan,Dependent,Admin,Administrator,Surgery & Cancer,3,14.71,2024-06-06,2024-07-18,30.0,0.8,GMC,Permanent,Suspended,KU583783,2031-07-21,II581016,2030-03-10,2027-06-15,2024-06-27
EMP0715-20260916_215328,Kimberley,Richards,julianahmed@example.org,1986-08-30,(0114)4960723,"706 Holland Ford
New Liam
W2F 8JD",Male,Southgate Community & Mental Health NHS Trust,Black,Kenya,ILR,AHP,Radiographer,Critical Care & Anaesthesia,6,24.78,2017-10-15,2017-11-26,15.0,0.4,NMC,Bank,Active,TO937773,2027-08-31,OG283297,2026-12-16,2027-01-17,2017-11-05
EMP0716-20260916_215328,Mathew,Fowler,guysmith@example.com,1995-04-15,+44(0)306 999 0883,"706 Hall Harbors
Port Vincent
PH59 8PW",Female,Eastmoor Teaching Hospitals NHS Trust,Asian,China,ILR,Nursing,Nursery Nurse,Medicine & Acute Care,2,12.5,2018-03-01,2018-04-12,37.5,1.0,None,Fixed Term,Active,LH722753,2028-08-04,VF131053,2028-09-27,2026-12-29,2018-03-22
EMP0717-20260916_215328,Russell,Stewart,mark57@example.org,1990-04-02,+441184960494,"699 Pauline Turnpike
Lake Cameron
IV7 8GW",Male,Southvale Hospitals NHS Trust,Black,South Africa,Dependent,Nursing,Ward Manager,Clinical Support Services,8A,31.5,2020-06-21,2020-07-19,37.5,1.0,GMC,Bank,Suspended,PE167531,2028-03-02,LO509233,2030-10-16,2027-04-04,2020-07-12
EMP0718-20260916_215328,Christopher,Barker,jfletcher@example.net,1972-03-14,+44292018473,"120 Kemp Valley
Fosterside
KY3W 2ZS",Male,Eastmoor Teaching Hospitals NHS Trust,White,New Zealand,British Citizen,Admin,Administrator,Women & Children,3,13.55,2017-01-05,2017-02-09,20.0,0.53,None,Fixed Term,Active,ZM608404,2027-12-26,MU700849,2029-08-25,2026-12-16,2017-01-26
EMP0719-20260916_215328,Kieran,Palmer,sarah85@example.org,1977-09-18,(0113) 496 0541,"Flat 16u
Jean Walks
Melanieland
HD47 3PX",Female,Southgate Community & Mental Health NHS Trust,Mixed,Thailand,ILR,Admin,Receptionist,Critical Care & Anaesthesia,3,14.51,2025-01-04,2025-02-01,20.0,0.53,HCPC,Bank,Inactive,LP876582,2027-10-01,ZO711419,2029-08-05,2027-04-22,2025-01-25
EMP0720-20260916_215328,Jeffrey,Taylor,paige21@example.org,1970-08-15,(0131)4960959,"Flat 01
Wright Springs
New Joe
G9 7UX",Female,Bluewater Community & Rehabilitation NHS Trust,Black,Ghana,Skilled Worker,Medical,FY1/FY2,Critical Care & Anaesthesia,FY1,19.15,2023-11-04,2023-12-09,37.5,1.0,None,Permanent,Suspended,XP284640,2030-03-13,AJ805284,2029-06-04,2027-01-28,2023-11-25
EMP0721-20260916_215328,Helen,Hall,mnelson@example.org,1976-03-03,+44115 4960145,"Flat 5
Barnes Well
Jodiefurt
CM4 5ZZ",Male,Eastmoor Teaching Hospitals NHS Trust,White,New Zealand,Dependent,Admin,Administrator,Surgery & Cancer,3,13.97,2023-04-02,2023-04-30,20.0,0.53,GMC,Fixed Term,Inactive,QO681483,2028-03-24,LU654190,2030-03-02,2026-11-08,2023-04-23
EMP0722-20260916_215328,Kerry,Wood,vthompson@example.org,1970-04-08,(0306)9990638,"Studio 7
Quinn Ranch
New Daleberg
FK80 8HZ",Female,Greenhaven Acute & Specialist Care NHS Trust,Black,Kenya,British Citizen,Nursing,Staff Nurse,Clinical Support Services,5,20.56,2023-08-23,2023-09-20,37.5,1.0,HCPC,Fixed Term,On Leave,VB627789,2028-03-06,RW946080,2030-06-01,2027-06-22,2023-09-13
EMP0723-20260916_215328,Kerry,Wright,smetcalfe@example.org,1991-12-23,0191 4960749,"Studio 53
Stacey Flats
Wayneton
B7 0JF",Female,Lakeside District Hospitals NHS Trust,Asian,India,British Citizen,Nursing,Nursery Nurse,Surgery & Cancer,2,12.35,2024-02-05,2024-03-11,37.5,1.0,NMC,Permanent,On Leave,AM386236,2030-09-04,NB280348,2027-04-08,2027-03-01,2024-02-26
EMP0724-20260916_215328,Sophie,Simpson,josh54@example.com,1980-02-17,(0113)4960847,"Studio 64v
Giles Path
Port Jaytown
N9A 8EG",Female,Horizon Integrated Health Partnership NHS Trust,Mixed,Thailand,Dependent,AHP,Occupational Therapist,Medicine & Acute Care,6,25.0,2019-08-09,2019-09-06,20.0,0.53,HCPC,Permanent,On Leave,ZS294411,2028-05-09,QH462529,2028-12-19,2027-01-28,2019-08-30
EMP0725-20260916_215328,Jordan,Morris,bennettterry@example.com,1964-12-07,0121 4960296,"67 Alan Burg
New Garyberg
RM12 7ZY",Female,Southgate Community & Mental Health NHS Trust,White,New Zealand,Dependent,AHP,Speech Therapist,Emergency & Urgent Care,6,24.02,2016-10-16,2016-11-20,37.5,1.0,NMC,Bank,Suspended,RH375182,2027-09-21,OC483186,2027-09-24,2027-07-03,2016-11-06
EMP0726-20260916_215328,Lynn,Davies,nicole99@example.org,1990-04-15,+44(0)121 4960370,"Studio 7
Angela Forest
Michaelhaven
N6 9SB",Female,Riverbank General Hospitals NHS Trust,Mixed,Ghana,Skilled Worker,Nursing,Charge Nurse,Critical Care & Anaesthesia,7,30.04,2022-10-13,2022-11-17,37.5,1.0,NMC,Permanent,Active,DT904600,2030-07-07,HS750860,2029-08-31,2027-07-29,2022-11-03
EMP0727-20260916_215328,Laura,Mason,vlee@example.com,2002-11-09,+44(0)121 496 0539,"84 Davis Haven
North Leonard
DG48 2YU",Male,Meadowbrook Community Health NHS Trust,Black,Kenya,British Citizen,Nursing,Nursery Nurse,Corporate Services,2,12.88,2017-03-25,2017-04-22,20.0,0.53,NMC,Bank,Suspended,BT923900,2026-12-27,QZ914946,2029-06-29,2027-04-18,2017-04-15
EMP0728-20260916_215328,Angela,George,kmartin@example.net,1963-08-08,+44114 4960777,"Studio 30N
Quinn Mission
Gilesview
FK96 5BR",Female,Bluewater Community & Rehabilitation NHS Trust,White,Canada,Dependent,Nursing,Nursery Nurse,Clinical Support Services,2,14.35,2025-05-02,2025-05-30,20.0,0.53,NMC,Fixed Term,Suspended,VK436799,2030-06-03,VQ571129,2030-11-30,2026-11-29,2025-05-23
EMP0729-20260916_215328,Thomas,Short,brichards@example.org,2004-07-16,+44191 4960020,"Flat 85a
Hancock Parkways
West Leon
W4 4UJ",Female,Oakridge Community Services NHS Trust,Mixed,Australia,ILR,Nursing,Healthcare Assistant,Medicine & Acute Care,2,13.28,2022-11-04,2022-12-02,18.75,0.5,GMC,Bank,Suspended,RY511155,2031-07-04,SV490951,2030-09-28,2026-12-05,2022-11-25
EMP0730-20260916_215328,Sally,Harrison,hollie86@example.net,1979-04-19,08081570494,"7 Hugh Mills
Youngmouth
M3 5JG",Female,Broadfield Clinical Services NHS Trust,White,New Zealand,ILR,AHP,Pharmacist,Women & Children,5,21.06,2022-12-23,2023-01-27,20.0,0.53,GMC,Bank,On Leave,SM281747,2031-09-05,RE700447,2030-09-07,2027-08-27,2023-01-13
EMP0731-20260916_215328,Julia,Spencer,jspencer@example.net,1990-10-18,+44(0)118 496 0644,"380 Johnson Mews
Douglasland
B7S 4NL",Female,Northshire University Hospitals NHS Trust,White,Australia,Skilled Worker,Admin,Medical Secretary,Women & Children,4,17.94,2023-01-15,2023-02-12,37.5,1.0,NMC,Fixed Term,On Leave,YQ958372,2028-03-14,DA556708,2028-03-29,2027-03-06,2023-02-05
EMP0732-20260916_215328,Kim,Riley,ritagreen@example.org,2004-07-30,(0161)4960516,"646 Helen Turnpike
North Marion
L5 6DA",Female,Lakeside District Hospitals NHS Trust,Mixed,Japan,Dependent,AHP,Pharmacist,Clinical Support Services,5,22.04,2020-12-07,2021-01-04,15.0,0.4,None,Permanent,Suspended,QG187679,2029-10-30,OX090975,2028-10-01,2027-03-29,2020-12-28
EMP0733-20260916_215328,Sam,Carpenter,edwardsdouglas@example.org,1967-10-16,0115 4960508,"Flat 73U
Green Parks
Joneston
BT1 4FU",Male,Eastmoor Teaching Hospitals NHS Trust,Black,South Africa,British Citizen,Medical,SHO,Critical Care & Anaesthesia,SHO,24.23,2020-03-29,2020-04-26,20.0,0.53,HCPC,Bank,Inactive,AI610916,2026-10-10,GR185561,2028-12-14,2026-09-23,2020-04-19
EMP0734-20260916_215328,Janice,Wilson,alexandra63@example.org,1970-01-12,+44(0)151 496 0671,"79 Robin Pike
Smithfort
CO9 1BL",Male,Riverside Integrated Care NHS Trust,Black,Kenya,Skilled Worker,Medical,Consultant,Critical Care & Anaesthesia,CONS,62.29,2025-09-07,2025-10-05,18.75,0.5,None,Bank,On Leave,ZF709095,2029-04-23,LK296479,2031-03-23,2027-08-16,2025-09-28
EMP0735-20260916_215328,Pauline,Knowles,elliot00@example.com,1982-12-03,+44(0)20 74960365,"5 Iain Mountain
Carlyhaven
B25 7ZA",Male,Northshire University Hospitals NHS Trust,Asian,Thailand,British Citizen,Admin,Medical Secretary,Women & Children,4,17.42,2019-09-15,2019-10-20,15.0,0.4,GMC,Bank,On Leave,WC724836,2029-07-01,MJ913569,2030-07-24,2026-11-18,2019-10-06
EMP0736-20260916_215328,Marian,Brown,kathryn68@example.com,1980-07-14,+441414960788,"8 Brown Springs
Richardsonchester
W00 9EB",Female,Riverbank General Hospitals NHS Trust,White,Canada,Skilled Worker,Nursing,Senior Staff Nurse,Critical Care & Anaesthesia,6,27.65,2023-09-24,2023-11-05,18.75,0.5,GMC,Fixed Term,On Leave,RH696422,2030-07-23,LL216563,2028-01-18,2027-02-22,2023-10-15
EMP0737-20260916_215328,Graeme,Brookes,richard70@example.org,1972-05-29,01632 960931,"59 Annette Square
Williamsbury
E8 1DZ",Female,Southgate Community & Mental Health NHS Trust,Black,South Africa,Dependent,AHP,Physiotherapist,Women & Children,6,26.12,2018-10-02,2018-11-13,15.0,0.4,GMC,Bank,Suspended,YZ713416,2028-12-10,BW369059,2031-06-11,2026-11-12,2018-10-23
EMP0738-20260916_215328,Charlene,Watson,mortonsharon@example.net,1960-09-19,(01632)960784,"Studio 59
Kirby Hill
Robinsonburgh
SA4 4QW",Female,Hillcrest Medical Centres NHS Trust,Mixed,India,Dependent,Nursing,Healthcare Assistant,Emergency & Urgent Care,2,12.49,2023-04-17,2023-05-22,20.0,0.53,None,Bank,Active,PM971394,2031-04-06,PW069642,2026-10-03,2026-11-30,2023-05-08
EMP0739-20260916_215328,Martin,Johnson,neil45@example.net,1965-02-23,0121 496 0596,"Flat 9
Keith Radial
Port Simonburgh
TR1H 7BE",Female,Meadowbrook Community Health NHS Trust,Mixed,Nigeria,ILR,Admin,Administrator,Emergency & Urgent Care,3,15.05,2024-01-07,2024-02-11,37.5,1.0,NMC,Fixed Term,Inactive,XE730564,2028-08-17,UZ231467,2029-12-21,2027-02-01,2024-01-28
EMP0740-20260916_215328,Damian,Banks,scottgreen@example.com,1982-06-30,+44121 4960830,"Studio 44
Brown Fort
Woodview
G4K 1GZ",Female,Bluewater Community & Rehabilitation NHS Trust,White,Canada,ILR,AHP,Pharmacist,Emergency & Urgent Care,5,19.51,2016-12-22,2017-01-19,18.75,0.5,NMC,Bank,On Leave,WO503714,2028-07-29,PM055256,2028-09-29,2027-07-18,2017-01-12
EMP0741-20260916_215328,Stewart,Alexander,natalieryan@example.net,1978-06-09,+44191 4960611,"Studio 51
Gillian Springs
Gillianton
HU9A 3GD",Female,Riverside Integrated Care NHS Trust,Black,Ghana,ILR,Admin,Medical Secretary,Clinical Support Services,4,18.3,2018-04-26,2018-05-31,30.0,0.8,HCPC,Fixed Term,Active,IN172601,2029-07-19,KM018607,2028-08-04,2027-03-30,2018-05-17
EMP0742-20260916_215328,Mandy,Rees,palmerricky@example.com,1971-07-17,+44(0)28 9018 0429,"Studio 28
Wright Prairie
Abigailchester
B43 8UN",Male,Meadowbrook Community Health NHS Trust,Mixed,Nigeria,British Citizen,Admin,Medical Secretary,Women & Children,4,17.48,2020-02-02,2020-03-15,20.0,0.53,GMC,Bank,Suspended,UW176088,2031-02-26,EK239602,2027-07-21,2027-02-28,2020-02-23
EMP0743-20260916_215328,Jayne,Hope,evanskim@example.net,1979-03-20,0121 496 0107,"553 Conor Row
Markview
HU71 3LZ",Male,Westborough Acute Care NHS Trust,Mixed,Nigeria,Dependent,Nursing,Healthcare Assistant,Emergency & Urgent Care,2,13.49,2016-10-10,2016-11-21,15.0,0.4,GMC,Bank,On Leave,IK726437,2030-06-26,DW911433,2027-07-03,2027-05-26,2016-10-31
EMP0744-20260916_215328,Sylvia,Walker,reesanna@example.org,1983-08-29,+44(0)9098790275,"Flat 2
Louise Landing
East Jillshire
SE4W 4ET",Male,Lakeside District Hospitals NHS Trust,Black,Trinidad and Tobago,Dependent,Medical,SHO,Surgery & Cancer,SHO,27.58,2022-03-14,2022-04-18,15.0,0.4,HCPC,Fixed Term,On Leave,CI639922,2031-07-23,AK900347,2028-07-16,2027-05-13,2022-04-04
EMP0745-20260916_215328,Natalie,Stevenson,stonemichelle@example.org,2002-09-16,(0141)4960310,"541 Lucy Union
Nicolemouth
B2U 7UU",Female,Riverbank General Hospitals NHS Trust,Black,Jamaica,Dependent,Nursing,Nursery Nurse,Surgery & Cancer,2,13.72,2022-03-17,2022-04-14,37.5,1.0,GMC,Permanent,Active,UU702457,2026-09-19,DU583934,2031-05-12,2027-02-19,2022-04-07
EMP0746-20260916_215328,Rita,Brown,allan51@example.com,2006-04-08,+44808 1570276,"Studio 11h
Frances Parkway
Port Marytown
JE7 6LB",Female,Westmere Community Health NHS Trust,Mixed,Ghana,British Citizen,Medical,FY1/FY2,Corporate Services,FY1,18.87,2024-06-14,2024-07-12,37.5,1.0,NMC,Fixed Term,Suspended,KC953306,2030-11-17,BJ908878,2029-09-25,2027-02-08,2024-07-05
EMP0747-20260916_215328,Matthew,Bowen,brettharrison@example.com,1999-11-13,01632960320,"935 Stuart Cape
Lambtown
NP35 7JP",Male,Bluewater Community & Rehabilitation NHS Trust,Asian,Thailand,Dependent,Nursing,Senior Staff Nurse,Clinical Support Services,6,22.76,2019-11-03,2019-12-15,30.0,0.8,NMC,Fixed Term,On Leave,WD398342,2031-03-05,IJ442120,2027-06-03,2027-02-15,2019-11-24
EMP0748-20260916_215328,Marian,Richards,christopher65@example.net,2008-07-26,(0909)8790995,"996 Day Ports
Port Rogershire
PA07 4ZR",Female,Bluewater Community & Rehabilitation NHS Trust,Asian,China,Skilled Worker,Nursing,Charge Nurse,Emergency & Urgent Care,7,27.06,2024-08-17,2024-09-28,37.5,1.0,GMC,Permanent,On Leave,IZ015199,2029-11-03,TK573708,2028-10-26,2026-11-27,2024-09-07
EMP0749-20260916_215328,Mohamed,Norton,acole@example.org,1995-08-30,+44(0)121 4960700,"032 Armstrong Valley
Chapmanton
S21 9SP",Female,Westmere Community Health NHS Trust,Asian,China,British Citizen,AHP,Physiologist,Corporate Services,6,24.81,2018-09-11,2018-10-09,20.0,0.53,NMC,Permanent,On Leave,UE889131,2028-10-31,UI836101,2029-11-13,2026-12-17,2018-10-02
EMP0750-20260916_215328,Julia,Bell,cwallace@example.com,1992-01-26,+44(0)116 496 0543,"38 Evans Landing
Port Carolynland
DG0 3XW",Male,Oakridge Community Services NHS Trust,Mixed,New Zealand,ILR,AHP,Physiologist,Corporate Services,6,27.63,2024-05-12,2024-06-09,30.0,0.8,NMC,Bank,Suspended,ZE378679,2031-07-18,JX676656,2026-11-21,2026-12-16,2024-06-02
EMP0751-20260916_215328,Emma,Bailey,orussell@example.org,2007-04-21,+44(0)141 496 0791,"04 Jones Trace
Stevenport
RG7W 8WA",Male,Horizon Integrated Health Partnership NHS Trust,Black,Jamaica,ILR,AHP,Speech Therapist,Medicine & Acute Care,6,23.38,2026-03-18,2026-04-15,37.5,1.0,GMC,Fixed Term,Active,VK099422,2030-04-14,XC815076,2029-11-26,2027-04-19,2026-04-08
EMP0752-20260916_215328,Sean,Bishop,dglover@example.com,1989-10-23,+44161 4960927,"Studio 19X
Linda Route
West Amandamouth
S4 4DD",Male,Bluewater Community & Rehabilitation NHS Trust,Mixed,Trinidad and Tobago,Dependent,AHP,Occupational Therapist,Surgery & Cancer,6,22.71,2017-05-16,2017-06-13,15.0,0.4,HCPC,Permanent,Suspended,FD490776,2029-05-04,BI646685,2028-11-11,2027-07-19,2017-06-06
EMP0753-20260916_215328,Christian,Clark,iwatts@example.org,1965-06-27,0151 496 0353,"7 Stephens Greens
South Dominicstad
WA5 4FG",Male,Southvale Hospitals NHS Trust,White,United Kingdom,Dependent,Admin,Data Analyst,Clinical Support Services,8A,32.46,2021-01-10,2021-02-14,30.0,0.8,HCPC,Bank,Suspended,AJ929897,2030-07-20,JV562152,2030-01-18,2027-01-28,2021-01-31
EMP0754-20260916_215328,Anne,Owens,powelljodie@example.net,1985-12-31,01632 960 411,"Flat 09e
Dylan Forest
Jessicamouth
WV5 3HR",Female,Riverbank General Hospitals NHS Trust,Black,South Africa,Dependent,AHP,Physiologist,Emergency & Urgent Care,6,25.67,2026-01-06,2026-02-03,18.75,0.5,None,Bank,On Leave,IS819718,2028-05-05,RI277890,2028-01-21,2027-09-13,2026-01-27
EMP0755-20260916_215328,Kirsty,Richardson,gharris@example.com,1995-11-04,+44292018137,"716 Smith Vista
Peterfurt
L8H 0QN",Male,Greenhaven Acute & Specialist Care NHS Trust,Asian,Japan,British Citizen,Nursing,Senior Staff Nurse,Critical Care & Anaesthesia,6,24.58,2024-07-16,2024-08-27,18.75,0.5,HCPC,Fixed Term,Suspended,IY852002,2029-12-23,VP282682,2029-11-09,2027-07-12,2024-08-06
EMP0756-20260916_215328,Rosemary,Robertson,murraymarc@example.com,1986-02-07,+44(0)20 7496 0676,"Flat 13D
Leanne Junction
Wattsside
N9U 5NG",Female,Horizon Integrated Health Partnership NHS Trust,Black,Jamaica,British Citizen,AHP,Physiotherapist,Medicine & Acute Care,6,25.38,2020-09-01,2020-09-29,18.75,0.5,GMC,Bank,On Leave,CD763468,2029-12-15,RE064891,2027-09-28,2027-05-09,2020-09-22
EMP0757-20260916_215328,Jodie,Bailey,zpatel@example.com,2005-08-23,+44(0)1632960863,"Flat 8
Daly Road
Valeriebury
N7K 1LR",Male,Greenhaven Acute & Specialist Care NHS Trust,White,New Zealand,Dependent,Medical,Registrar,Emergency & Urgent Care,SPR,36.77,2023-12-03,2023-12-31,18.75,0.5,HCPC,Fixed Term,Active,FA043010,2027-05-05,QQ284363,2029-02-06,2027-07-07,2023-12-24
EMP0758-20260916_215328,Simon,Campbell,aaron17@example.net,1995-08-27,+44808 157 0294,"641 Cross Lights
Richardsonport
L01 2EU",Female,Southvale Hospitals NHS Trust,White,United Kingdom,British Citizen,Nursing,Staff Nurse,Emergency & Urgent Care,5,21.3,2022-01-25,2022-02-22,15.0,0.4,None,Bank,Active,SC263755,2030-11-23,MG075613,2028-01-10,2027-02-05,2022-02-15
EMP0759-20260916_215328,Martyn,Wilson,carly95@example.org,1980-06-16,+44(0)141 496 0479,"355 Tom Extension
Jennaberg
B72 4QR",Female,Hillcrest Medical Centres NHS Trust,White,United States,ILR,Nursing,Senior Staff Nurse,Critical Care & Anaesthesia,6,27.62,2021-11-22,2022-01-03,30.0,0.8,None,Bank,Inactive,LJ748023,2030-03-28,DM655671,2028-03-09,2027-05-19,2021-12-13
EMP0760-20260916_215328,Anthony,Lloyd,johndawson@example.net,1987-11-30,0113 4960529,"035 Boyle Pines
Port Nigel
M2U 6GH",Male,Northwood Mental Health NHS Trust,Asian,India,ILR,Medical,SHO,Women & Children,SHO,24.55,2017-01-04,2017-02-08,30.0,0.8,NMC,Fixed Term,Suspended,RY860592,2031-04-15,BG611944,2029-07-13,2027-06-23,2017-01-25
EMP0761-20260916_215328,Lydia,Mitchell,barkermichelle@example.net,1965-02-13,(0131)4960204,"Flat 1
Peacock Ford
Juneland
HA2R 4EZ",Female,Horizon Integrated Health Partnership NHS Trust,Asian,China,ILR,Admin,Administrator,Critical Care & Anaesthesia,3,14.03,2020-11-19,2020-12-31,15.0,0.4,HCPC,Bank,Suspended,NM036412,2028-06-18,NP047694,2030-03-19,2026-12-04,2020-12-10
EMP0762-20260916_215328,Leigh,Newton,obrienrosemary@example.net,1986-05-29,0161 496 0711,"Studio 04
Donna Mill
Port Garry
JE7 8LU",Male,Southgate Community & Mental Health NHS Trust,White,United Kingdom,ILR,Medical,Consultant,Emergency & Urgent Care,CONS,67.34,2026-07-25,2026-08-29,37.5,1.0,NMC,Fixed Term,Active,AF136297,2028-06-24,OB132630,2029-01-24,2027-05-18,2026-08-15
EMP0763-20260916_215328,Marilyn,Marsh,carterthomas@example.com,2008-03-05,+441632960299,"3 Evans Parkways
North Erictown
G1 1GW",Male,Riverside Integrated Care NHS Trust,Mixed,Nigeria,British Citizen,Admin,Data Analyst,Surgery & Cancer,8A,33.37,2022-10-06,2022-11-03,30.0,0.8,HCPC,Fixed Term,Active,PG851141,2030-08-23,ZY113127,2027-05-12,2027-06-13,2022-10-27
EMP0764-20260916_215328,Thomas,Dale,clarkpaige@example.com,1993-05-29,+4420 74960306,"Studio 15
Joanne Lake
Jonesburgh
PR89 3UB",Female,Eastfield Psychological Services NHS Trust,White,Canada,ILR,Medical,SHO,Corporate Services,SHO,27.87,2020-06-12,2020-07-17,18.75,0.5,HCPC,Permanent,On Leave,YY060929,2031-05-23,BN793854,2031-08-30,2027-08-19,2020-07-03
EMP0765-20260916_215328,Carly,McCarthy,olawrence@example.net,1966-09-30,(0121) 4960323,"097 Marcus River
Williamsberg
SL72 1DA",Male,Midlands Central Hospitals NHS Trust,Asian,China,ILR,Medical,Consultant,Critical Care & Anaesthesia,CONS,52.71,2026-03-02,2026-04-06,15.0,0.4,NMC,Bank,Suspended,ZM939074,2028-01-22,FZ826428,2030-10-19,2027-02-13,2026-03-23
EMP0766-20260916_215328,Gareth,Hall,sean33@example.net,1969-06-21,(0141) 4960673,"52 O'Sullivan Mountain
Adamfort
PR71 9AR",Female,Bluewater Community & Rehabilitation NHS Trust,White,New Zealand,Dependent,Nursing,Staff Nurse,Critical Care & Anaesthesia,5,20.3,2021-06-18,2021-07-16,20.0,0.53,NMC,Permanent,Inactive,QU749156,2029-07-13,YX372277,2029-07-08,2026-09-23,2021-07-09
EMP0767-20260916_215328,Lynne,Harris,williamsfrank@example.net,1968-08-24,+44(0)8081570889,"Flat 68m
Hayes Grove
Colliershire
CH4X 3YW",Female,Bluewater Community & Rehabilitation NHS Trust,Black,Kenya,Skilled Worker,Nursing,Nursery Nurse,Women & Children,2,13.66,2019-09-25,2019-10-23,20.0,0.53,None,Fixed Term,Active,ZS229500,2031-07-04,WL023523,2031-05-19,2027-03-02,2019-10-16
EMP0768-20260916_215328,Dominic,Cook,campbellgeraldine@example.com,1983-08-03,+44(0)1164960237,"66 Williams Ways
New Judith
WC96 7FS",Male,Riverbank General Hospitals NHS Trust,Black,South Africa,Dependent,Medical,FY1/FY2,Women & Children,FY1,19.58,2018-11-29,2018-12-27,15.0,0.4,GMC,Permanent,On Leave,NS557417,2026-10-27,DM334038,2030-07-10,2027-02-11,2018-12-20
EMP0769-20260916_215328,Anna,Hughes,fordterry@example.net,1991-12-22,+44(0)306 9990673,"Flat 0
Carr Pike
Lake Deniseton
B8 3LS",Male,Horizon Integrated Health Partnership NHS Trust,Black,Nigeria,Skilled Worker,Nursing,Senior Staff Nurse,Corporate Services,6,24.7,2021-12-02,2021-12-30,37.5,1.0,GMC,Bank,Suspended,CP229928,2028-03-07,ET143978,2027-11-13,2027-02-09,2021-12-23
EMP0770-20260916_215328,Sara,Simpson,sjones@example.net,1994-12-23,(0141) 4960209,"9 David Points
Mitchellchester
PR8R 7SR",Female,Riverbank General Hospitals NHS Trust,White,New Zealand,ILR,Nursing,Charge Nurse,Critical Care & Anaesthesia,7,31.0,2022-12-23,2023-01-20,37.5,1.0,HCPC,Fixed Term,Inactive,CC832444,2030-02-23,VA410366,2029-10-20,2027-02-27,2023-01-13
EMP0771-20260916_215328,Louis,Bailey,hphillips@example.com,1986-04-28,029 2018968,"Studio 9
Gillian Mountain
East Thomasview
S6 7XH",Female,Horizon Integrated Health Partnership NHS Trust,Mixed,New Zealand,ILR,AHP,Occupational Therapist,Women & Children,6,27.68,2018-11-08,2018-12-13,37.5,1.0,NMC,Permanent,Suspended,YZ215766,2026-10-27,BJ178750,2027-11-30,2027-08-18,2018-11-29
EMP0772-20260916_215328,Lorraine,Bailey,michellesykes@example.org,1996-02-21,+44(0)20 74960119,"209 Jane Mountain
Mariamouth
WN1M 6UJ",Female,Hillcrest Medical Centres NHS Trust,White,United States,British Citizen,Medical,SHO,Surgery & Cancer,SHO,25.97,2021-10-08,2021-11-12,15.0,0.4,GMC,Bank,Inactive,LO191558,2030-06-23,QQ509851,2028-12-21,2027-06-26,2021-10-29
EMP0773-20260916_215328,Alexander,Williamson,raymondhicks@example.org,1976-03-23,(0115) 496 0582,"Studio 59M
Macdonald Isle
Georgeside
BR39 5YE",Female,Oakridge Community Services NHS Trust,Black,Nigeria,ILR,Nursing,Nursery Nurse,Women & Children,2,13.72,2024-06-20,2024-07-25,15.0,0.4,HCPC,Fixed Term,On Leave,KX403757,2029-03-23,AY737054,2027-10-16,2027-08-28,2024-07-11
EMP0774-20260916_215328,Patrick,Brown,leonardevans@example.com,1971-07-06,01414960122,"Flat 20v
Eleanor Cliff
East Andreaville
IG3X 4TE",Female,Oakridge Community Services NHS Trust,White,United Kingdom,Dependent,AHP,Speech Therapist,Medicine & Acute Care,6,28.11,2021-10-07,2021-11-04,30.0,0.8,None,Permanent,Inactive,SK842464,2027-02-07,IH379223,2027-11-02,2026-12-01,2021-10-28
EMP0775-20260916_215328,Martin,Rogers,marionalexander@example.com,1967-10-25,(0113) 4960590,"76 James Springs
South Alex
L2 9LS",Female,Southgate Community & Mental Health NHS Trust,Mixed,Canada,Skilled Worker,Admin,Data Analyst,Women & Children,8A,32.12,2018-10-17,2018-11-14,15.0,0.4,NMC,Bank,Inactive,DZ130496,2026-10-13,OW611098,2027-02-14,2026-10-27,2018-11-07
EMP0776-20260916_215328,Duncan,Roberts,hilary84@example.org,1979-08-17,+441632 960 735,"Studio 87
Willis Road
Marieview
E2 0QP",Female,Bluewater Community & Rehabilitation NHS Trust,Black,South Africa,Skilled Worker,AHP,Physiologist,Emergency & Urgent Care,6,25.6,2026-06-14,2026-07-12,37.5,1.0,NMC,Bank,Inactive,NO675849,2026-11-04,DA878926,2028-03-24,2027-04-02,2026-07-05
EMP0777-20260916_215328,Gregory,Thomas,jacqueline27@example.net,1987-07-29,0292018703,"Studio 13
Whittaker Court
Marieport
CO5 2NS",Male,Meadowbrook Community Health NHS Trust,Asian,Thailand,ILR,Medical,SHO,Critical Care & Anaesthesia,SHO,24.82,2025-11-09,2025-12-14,20.0,0.53,None,Fixed Term,Inactive,JU850547,2026-11-08,UE493137,2030-06-12,2027-05-30,2025-11-30
EMP0778-20260916_215328,Ruth,Wilson,beth19@example.org,1972-11-05,+44(0)121 496 0697,"Flat 81J
Hamilton Divide
Port Reece
GL24 8WY",Male,Meadowbrook Community Health NHS Trust,Mixed,South Africa,ILR,Medical,Registrar,Critical Care & Anaesthesia,SPR,36.08,2021-10-31,2021-12-05,37.5,1.0,NMC,Permanent,On Leave,FO741482,2031-01-29,GH410997,2030-06-11,2027-06-19,2021-11-21
EMP0779-20260916_215328,Sally,Barlow,jay55@example.net,1969-06-08,+44(0)191 496 0876,"49 Watson Extensions
Akhtartown
IV3 8FA",Male,Westmere Community Health NHS Trust,White,Canada,ILR,Admin,Administrator,Clinical Support Services,3,14.91,2022-05-28,2022-06-25,30.0,0.8,NMC,Permanent,Active,HA773631,2030-01-09,GS423856,2028-01-26,2027-08-10,2022-06-18
EMP0780-20260916_215328,Jonathan,Hall,rduffy@example.net,1990-10-28,+44(0)161 496 0016,"Flat 62O
Roberts Ridges
North Naomi
G2J 6PL",Female,Northwood Mental Health NHS Trust,Black,Kenya,British Citizen,Medical,FY1/FY2,Corporate Services,FY1,21.42,2018-11-22,2018-12-20,18.75,0.5,HCPC,Permanent,Active,MN441642,2030-02-07,UX742204,2026-11-16,2027-04-21,2018-12-13
EMP0781-20260916_215328,Maria,Jones,bradleylewis@example.org,2006-02-21,+441164960225,"Studio 48
Bell Island
Juliaborough
GY38 7DG",Female,Broadfield Clinical Services NHS Trust,White,United States,British Citizen,AHP,Pharmacist,Women & Children,5,20.76,2018-06-07,2018-07-12,20.0,0.53,None,Fixed Term,On Leave,UK982059,2028-12-01,XN436038,2031-04-16,2027-04-20,2018-06-28
EMP0782-20260916_215328,Gary,West,gilliangoodwin@example.org,1980-01-03,(0161) 4960038,"69 Julia Fork
Port Franciston
NW3W 1WA",Female,Northshire University Hospitals NHS Trust,Mixed,New Zealand,British Citizen,Nursing,Senior Staff Nurse,Clinical Support Services,6,23.23,2021-09-13,2021-10-25,37.5,1.0,GMC,Fixed Term,On Leave,EN003724,2026-10-10,AW484511,2029-09-12,2027-07-15,2021-10-04
EMP0783-20260916_215328,Jason,Murray,sylvia79@example.org,2000-10-09,+44(0)161 496 0267,"Flat 5
Ben Motorway
North Lukefort
SE8 4XF",Female,Northwood Mental Health NHS Trust,Black,Jamaica,ILR,Nursing,Charge Nurse,Critical Care & Anaesthesia,7,30.75,2025-12-09,2026-01-20,15.0,0.4,GMC,Fixed Term,Suspended,UG735855,2027-08-06,PK568332,2030-10-22,2027-08-08,2025-12-30
EMP0784-20260916_215328,Maria,Wilson,martingarry@example.net,1973-01-16,03069990807,"Flat 7
Evans Crescent
Lake Gareth
DD8X 1TQ",Female,Westmere Community Health NHS Trust,Mixed,Nigeria,Dependent,Admin,Administrator,Corporate Services,3,15.61,2020-11-21,2020-12-19,30.0,0.8,HCPC,Fixed Term,On Leave,TH110215,2030-09-08,OO725250,2030-08-17,2027-05-14,2020-12-12
EMP0785-20260916_215328,Stewart,Allen,webbelliott@example.net,2007-03-09,+44(0)1632960990,"3 Campbell Plain
Whiteborough
M7 9HW",Female,Northshire University Hospitals NHS Trust,Black,Ghana,British Citizen,Admin,Data Analyst,Surgery & Cancer,8A,29.0,2018-08-26,2018-09-23,20.0,0.53,NMC,Bank,Active,CX987366,2030-05-30,TV908176,2028-09-06,2027-02-11,2018-09-16
EMP0786-20260916_215328,Valerie,Skinner,ereynolds@example.net,1986-01-13,+44(0)115 4960360,"Studio 7
Katy Point
Middletonton
DH75 7QX",Female,Midlands Central Hospitals NHS Trust,Asian,Japan,Dependent,Nursing,Senior Staff Nurse,Medicine & Acute Care,6,22.78,2025-07-07,2025-08-18,20.0,0.53,NMC,Bank,Suspended,BV893139,2028-07-21,ZM553403,2028-07-03,2027-07-02,2025-07-28
EMP0787-20260916_215328,Dean,Perry,jenna52@example.com,1993-04-17,(0191) 496 0168,"Studio 22
Harris Ports
Smithfort
W6 9UN",Female,Hillcrest Medical Centres NHS Trust,Asian,Japan,Skilled Worker,Nursing,Senior Staff Nurse,Women & Children,6,23.3,2017-01-20,2017-03-03,37.5,1.0,None,Permanent,Inactive,JF037957,2030-02-21,KE109980,2030-10-17,2027-06-22,2017-02-10
EMP0788-20260916_215328,Henry,Roberts,nwalker@example.net,1976-04-14,+441632 960954,"Flat 87x
Thompson Junctions
North Lynne
GL9N 6XL",Female,Broadfield Clinical Services NHS Trust,Black,Barbados,British Citizen,Nursing,Nursery Nurse,Emergency & Urgent Care,2,13.29,2023-03-19,2023-04-30,30.0,0.8,HCPC,Fixed Term,Suspended,NC761359,2027-01-31,DK928910,2028-10-17,2027-08-19,2023-04-09
EMP0789-20260916_215328,Kimberley,Green,grayharriet@example.org,1963-08-30,(0808)1570696,"Flat 90c
Cameron Fork
North Francesburgh
L00 8EL",Male,Midlands Central Hospitals NHS Trust,White,Canada,Skilled Worker,Admin,Administrator,Corporate Services,3,16.28,2017-11-24,2017-12-29,37.5,1.0,GMC,Fixed Term,Suspended,XV952393,2030-02-03,SA158820,2026-10-26,2027-07-11,2017-12-15
EMP0790-20260916_215328,Jacqueline,Smith,clarkmegan@example.net,1987-02-07,(0141) 496 0513,"Studio 48G
Coleman Drive
Parsonschester
SP7 0XZ",Male,Eastmoor Teaching Hospitals NHS Trust,White,Canada,British Citizen,Medical,SHO,Emergency & Urgent Care,SHO,24.52,2017-12-28,2018-01-25,30.0,0.8,NMC,Bank,Active,CC950314,2028-05-30,XN178977,2031-03-22,2027-03-20,2018-01-18
EMP0791-20260916_215328,Harry,Long,mthomas@example.com,1993-03-02,+44161 496 0909,"Flat 2
Lynda Fords
Ameliaburgh
PE43 5DR",Female,Riverbank General Hospitals NHS Trust,Asian,India,ILR,Nursing,Charge Nurse,Emergency & Urgent Care,7,31.69,2022-09-20,2022-10-18,15.0,0.4,GMC,Fixed Term,Suspended,FA886195,2031-06-25,OV517824,2030-06-26,2027-03-10,2022-10-11
EMP0792-20260916_215328,Harry,Graham,kellybeth@example.net,1961-09-25,0131 496 0201,"138 Smith Shore
Mossside
WV61 1HU",Female,Midlands Central Hospitals NHS Trust,White,Canada,British Citizen,Admin,Receptionist,Emergency & Urgent Care,3,15.79,2018-10-04,2018-11-01,20.0,0.53,None,Fixed Term,Active,BY970570,2029-11-18,IQ799137,2029-12-19,2027-01-31,2018-10-25
EMP0793-20260916_215328,George,Coleman,perryirene@example.com,1982-02-15,+44(0)116 4960792,"Flat 15n
Sian Gateway
Phillipbury
N6 8BF",Female,Oakridge Community Services NHS Trust,White,Australia,Dependent,Admin,Administrator,Critical Care & Anaesthesia,3,13.71,2025-10-15,2025-11-26,37.5,1.0,HCPC,Permanent,On Leave,OW129707,2030-03-15,MJ211765,2029-09-03,2026-09-24,2025-11-05
EMP0794-20260916_215328,Melanie,Stewart,ebarton@example.com,1999-07-21,+44(0)115 496 0549,"450 Lee Run
Lake Rachel
CH3 8XQ",Male,Midlands Central Hospitals NHS Trust,White,New Zealand,ILR,AHP,Physiotherapist,Women & Children,6,27.62,2021-07-01,2021-07-29,20.0,0.53,HCPC,Permanent,Active,YP243721,2029-09-21,BH089816,2029-08-24,2027-09-10,2021-07-22
EMP0795-20260916_215328,Maureen,Smith,chelsea81@example.org,1961-01-18,(020) 7496 0239,"582 Barnett Neck
East Nicholasburgh
TF9 5LX",Male,Broadfield Clinical Services NHS Trust,Black,Ghana,ILR,Nursing,Nursery Nurse,Critical Care & Anaesthesia,2,13.71,2019-09-16,2019-10-14,20.0,0.53,HCPC,Bank,On Leave,UZ558083,2031-06-05,VH777984,2028-09-15,2027-07-17,2019-10-07
EMP0796-20260916_215328,Sally,Hancock,naomi25@example.org,1963-01-05,+44131 496 0736,"Studio 8
Barbara Ranch
New Josephborough
B7 5SF",Male,Meadowbrook Community Health NHS Trust,Mixed,South Africa,British Citizen,Medical,FY1/FY2,Surgery & Cancer,FY1,21.01,2017-02-20,2017-04-03,15.0,0.4,None,Fixed Term,Suspended,YY761163,2029-09-18,YW002490,2029-05-26,2026-11-11,2017-03-13
EMP0797-20260916_215328,Caroline,Webster,wooderic@example.org,1996-12-27,(0141)4960981,"Studio 37C
Hopkins Path
Lake Tony
N8 8RQ",Female,Greenhaven Acute & Specialist Care NHS Trust,Mixed,Japan,Skilled Worker,Medical,Registrar,Critical Care & Anaesthesia,SPR,39.25,2020-06-12,2020-07-10,37.5,1.0,NMC,Fixed Term,Suspended,UX958229,2030-10-29,HB370255,2029-05-24,2027-02-23,2020-07-03
EMP0798-20260916_215328,Charlene,Begum,ebell@example.com,1990-11-14,09098790266,"216 Graham Parkways
Denisefort
B37 2DZ",Male,Broadfield Clinical Services NHS Trust,Black,Barbados,Dependent,Nursing,Charge Nurse,Critical Care & Anaesthesia,7,28.82,2018-10-15,2018-11-19,15.0,0.4,NMC,Permanent,Suspended,IE874925,2031-09-06,PA116664,2031-08-18,2026-10-18,2018-11-05
EMP0799-20260916_215328,Hugh,Davies,jean72@example.net,1978-08-16,+44808 157 0043,"Studio 64
Amy Rapid
Ericmouth
YO64 7NX",Male,Eastmoor Teaching Hospitals NHS Trust,Black,Trinidad and Tobago,British Citizen,Nursing,Staff Nurse,Women & Children,5,20.63,2019-03-24,2019-05-05,18.75,0.5,HCPC,Fixed Term,Inactive,YJ943080,2029-01-24,GZ998541,2029-09-06,2027-09-12,2019-04-14
EMP0800-20260916_215328,Nicola,Richards,wilkinsongeorge@example.com,1996-03-22,01614960592,"Studio 7
Adrian Gateway
South Shirley
SW56 4ZB",Female,Northshire University Hospitals NHS Trust,Black,Nigeria,ILR,Admin,Receptionist,Critical Care & Anaesthesia,3,14.69,2018-02-07,2018-03-07,30.0,0.8,NMC,Permanent,Active,LG346252,2029-02-26,YL510614,2029-07-31,2026-10-26,2018-02-28
EMP0801-20260916_215328,Nicola,Smith,kathleenwhite@example.org,1968-12-15,+44(0)28 9018 0041,"Studio 04M
Jones River
Williamsport
L9 4EB",Female,Northwood Mental Health NHS Trust,Asian,Japan,Skilled Worker,Admin,Receptionist,Women & Children,3,14.99,2016-12-28,2017-02-01,37.5,1.0,HCPC,Bank,Active,RE054568,2030-08-18,HQ610075,2030-04-30,2026-09-18,2017-01-18
EMP0802-20260916_215328,Annette,Ford,hhope@example.org,1963-12-26,+44(0)161 496 0339,"83 Jade Islands
Carolefurt
M1G 2WG",Female,Riverside Integrated Care NHS Trust,Asian,Japan,ILR,Admin,Receptionist,Medicine & Acute Care,3,15.04,2017-12-26,2018-01-30,37.5,1.0,GMC,Permanent,Suspended,TN700073,2028-05-13,JJ428061,2029-04-08,2027-04-10,2018-01-16
EMP0803-20260916_215328,Diane,Rowley,kaursally@example.net,2005-03-20,+441914960312,"Studio 1
Daniel Village
East Claireport
G82 8NB",Male,Riverside Integrated Care NHS Trust,Black,Nigeria,Skilled Worker,Nursing,Senior Staff Nurse,Clinical Support Services,6,24.28,2021-04-24,2021-06-05,18.75,0.5,None,Permanent,Active,YS397237,2030-05-08,YX209442,2029-10-27,2026-11-30,2021-05-15
EMP0804-20260916_215328,Reece,Peacock,ashleigh97@example.org,1969-12-09,(029)2018110,"Flat 11
Dorothy Trail
Kylemouth
LA0P 8LL",Male,Riverbank General Hospitals NHS Trust,Black,Ghana,British Citizen,Admin,Data Analyst,Medicine & Acute Care,8A,30.46,2026-03-01,2026-04-05,15.0,0.4,NMC,Bank,Suspended,ND144599,2027-04-03,CH770828,2027-05-15,2027-03-04,2026-03-22
EMP0805-20260916_215328,Victor,Bibi,whitekayleigh@example.net,1962-10-05,01144960893,"Flat 3
Louise Glens
Bethanfort
EH9X 0UD",Female,Midlands Central Hospitals NHS Trust,Mixed,Australia,Skilled Worker,Medical,GP,Surgery & Cancer,GP,61.0,2019-05-14,2019-06-25,18.75,0.5,NMC,Permanent,Suspended,DM601019,2028-05-30,CL884736,2031-02-25,2027-09-04,2019-06-04
EMP0806-20260916_215328,Helen,Daniels,ross20@example.com,1968-09-16,01632 960256,"912 Russell Flat
Colinview
IM2 8ZD",Female,Westmere Community Health NHS Trust,White,Canada,Dependent,Medical,Registrar,Corporate Services,SPR,38.03,2018-08-05,2018-09-16,37.5,1.0,NMC,Fixed Term,Suspended,KJ780755,2030-07-07,GP735181,2029-01-10,2026-10-08,2018-08-26
EMP0807-20260916_215328,Dorothy,Payne,robinsonalice@example.com,1981-01-05,+44116 4960240,"Studio 10
Harriet Lake
West Kathryn
B71 4HG",Female,Broadfield Clinical Services NHS Trust,Asian,India,Skilled Worker,Admin,Receptionist,Corporate Services,3,15.13,2023-08-25,2023-10-06,15.0,0.4,None,Bank,Suspended,AS683924,2031-02-10,YN146050,2029-12-30,2027-01-25,2023-09-15
EMP0808-20260916_215328,Kathleen,Jackson,oliviahunt@example.com,1978-03-13,(020)74960402,"934 Manning Cliffs
Jacksonberg
CW60 1DS",Female,Meadowbrook Community Health NHS Trust,Black,Trinidad and Tobago,British Citizen,AHP,Physiotherapist,Corporate Services,6,25.34,2016-12-07,2017-01-18,18.75,0.5,GMC,Permanent,Inactive,KA985207,2027-06-22,FB183604,2030-09-26,2026-11-25,2016-12-28
EMP0809-20260916_215328,John,Dunn,imorris@example.org,2003-11-14,+44116 496 0791,"3 Bailey Wall
Bethanystad
W9U 2DF",Female,Hillcrest Medical Centres NHS Trust,Black,Nigeria,Skilled Worker,AHP,Physiotherapist,Medicine & Acute Care,6,26.36,2019-04-29,2019-05-27,18.75,0.5,NMC,Bank,On Leave,VW086371,2027-07-13,QZ901097,2030-01-24,2026-12-22,2019-05-20
EMP0810-20260916_215328,Cheryl,Smith,smithjordan@example.com,2000-07-14,+441164960991,"659 Cameron Well
New Jamiebury
BL74 9XE",Female,Southvale Hospitals NHS Trust,White,United Kingdom,Dependent,Nursing,Charge Nurse,Emergency & Urgent Care,7,27.73,2019-02-25,2019-04-01,37.5,1.0,HCPC,Fixed Term,Suspended,MO401284,2028-08-15,PC054001,2029-12-21,2027-03-21,2019-03-18
EMP0811-20260916_215328,Ashleigh,Lewis,bradshawandrea@example.net,1971-02-04,+44(0)292018862,"69 Bradley Greens
New Sarah
EC8 5UA",Female,Northshire University Hospitals NHS Trust,White,Canada,Skilled Worker,Medical,Registrar,Critical Care & Anaesthesia,SPR,39.61,2024-03-11,2024-04-15,20.0,0.53,None,Fixed Term,Inactive,IA032508,2027-08-13,DK167854,2031-06-04,2027-06-20,2024-04-01
EMP0812-20260916_215328,Charlene,Connor,williskelly@example.net,1974-05-10,08081570307,"38 Bates Squares
Dorothyburgh
W8 4FR",Female,Riverbank General Hospitals NHS Trust,Black,Nigeria,British Citizen,Admin,Data Analyst,Critical Care & Anaesthesia,8A,34.22,2021-10-17,2021-11-14,37.5,1.0,GMC,Bank,Inactive,IY312357,2029-06-19,AA982420,2029-07-27,2027-01-03,2021-11-07
EMP0813-20260916_215328,Sally,Williams,benmoran@example.com,1975-03-12,+44141 496 0698,"Flat 2
Julia Terrace
Grahamhaven
G3 5UU",Female,Riverside Integrated Care NHS Trust,Black,Kenya,ILR,Medical,Consultant,Emergency & Urgent Care,CONS,68.63,2017-10-06,2017-11-10,37.5,1.0,None,Bank,Active,GG317095,2031-03-03,RG264179,2030-09-08,2027-05-02,2017-10-27
EMP0814-20260916_215328,Robin,Crawford,amoran@example.org,2007-02-17,+44(0)29 2018 0401,"65 Wilkinson Gardens
East Phillipchester
IP06 1RS",Female,Northshire University Hospitals NHS Trust,Mixed,Nigeria,ILR,Admin,Administrator,Women & Children,3,16.28,2017-05-06,2017-06-03,37.5,1.0,NMC,Fixed Term,Active,AX452774,2027-06-20,TI626206,2028-09-06,2026-11-14,2017-05-27
EMP0815-20260916_215328,Mohamed,Lee,porterlaura@example.com,1992-11-07,+44(0)1614960546,"0 Thompson Port
South Abdulbury
ME0R 3PT",Male,Northwood Mental Health NHS Trust,Asian,Japan,British Citizen,Medical,Consultant,Medicine & Acute Care,CONS,62.86,2018-05-17,2018-06-14,30.0,0.8,HCPC,Bank,Inactive,AA728851,2028-07-04,SQ505317,2031-01-09,2027-06-14,2018-06-07
EMP0816-20260916_215328,Jodie,Young,dominicsanders@example.org,1990-11-27,(0116) 496 0640,"1 Max Isle
Rosieside
L5W 7FZ",Male,Riverbank General Hospitals NHS Trust,Black,South Africa,ILR,Nursing,Staff Nurse,Clinical Support Services,5,22.85,2020-06-28,2020-08-09,30.0,0.8,GMC,Bank,On Leave,UR131071,2026-10-03,GI037235,2030-12-24,2026-09-27,2020-07-19
EMP0817-20260916_215328,Hollie,Ross,johnsonglen@example.com,2005-10-23,+44(0)117 4960690,"50 Morrison Springs
Chelseastad
EX8R 0YD",Female,Lakeside District Hospitals NHS Trust,White,Canada,ILR,Medical,GP,Corporate Services,GP,49.86,2019-07-22,2019-08-26,18.75,0.5,None,Bank,Active,UY831715,2027-04-07,SY643496,2031-05-21,2026-10-10,2019-08-12
EMP0818-20260916_215328,Jacqueline,Akhtar,vburgess@example.org,1993-04-18,01214960499,"Studio 15G
Janet Gateway
Charlottefurt
RM1P 0QQ",Female,Eastmoor Teaching Hospitals NHS Trust,White,Canada,Dependent,Nursing,Ward Manager,Critical Care & Anaesthesia,8A,34.54,2026-02-03,2026-03-10,18.75,0.5,NMC,Fixed Term,Active,QK257353,2030-07-25,KR733213,2029-06-13,2027-04-16,2026-02-24
EMP0819-20260916_215328,Peter,Stanley,williambrown@example.net,1996-04-09,+44(0)1514960724,"Studio 30
Craig Fort
Paulafurt
KY41 4WZ",Male,Bluewater Community & Rehabilitation NHS Trust,Asian,Japan,British Citizen,Medical,Consultant,Corporate Services,CONS,50.25,2020-02-10,2020-03-16,18.75,0.5,GMC,Permanent,Active,MN661732,2029-02-15,MW952110,2030-10-26,2027-06-21,2020-03-02
EMP0820-20260916_215328,Connor,Walsh,fwong@example.com,1979-08-11,(0141) 496 0407,"6 Stanley Lock
Greenshire
AL31 0EZ",Male,Horizon Integrated Health Partnership NHS Trust,Asian,China,Dependent,Admin,Medical Secretary,Women & Children,4,16.1,2016-11-27,2016-12-25,15.0,0.4,NMC,Fixed Term,Suspended,OV928531,2030-10-16,GF448764,2029-08-01,2026-09-23,2016-12-18
EMP0821-20260916_215328,Bryan,Jones,tlyons@example.com,1992-06-14,0117 4960833,"Flat 73s
Duncan Garden
Lake Gerardborough
HU2E 3NQ",Female,Meadowbrook Community Health NHS Trust,White,Canada,Dependent,Medical,Registrar,Medicine & Acute Care,SPR,37.9,2025-12-23,2026-01-27,30.0,0.8,None,Fixed Term,Inactive,EH019697,2029-01-21,WB394191,2030-04-01,2027-06-04,2026-01-13
EMP0822-20260916_215328,Clifford,Morgan,pevans@example.org,2007-11-20,(0161) 4960098,"0 Kate Mountain
Begumstad
L54 7RL",Female,Horizon Integrated Health Partnership NHS Trust,Mixed,Barbados,Dependent,Medical,Registrar,Clinical Support Services,SPR,38.11,2026-01-07,2026-02-18,20.0,0.53,None,Bank,On Leave,ZC318427,2027-08-28,VS620745,2027-01-08,2027-04-21,2026-01-28
EMP0823-20260916_215328,Ellie,Thomas,rachel02@example.com,2002-07-17,01514960907,"Studio 2
Justin Plaza
South Edwardbury
DD3 2FD",Male,Eastmoor Teaching Hospitals NHS Trust,Asian,India,Skilled Worker,AHP,Occupational Therapist,Corporate Services,6,23.36,2023-11-26,2024-01-07,18.75,0.5,NMC,Fixed Term,Active,QU232076,2028-06-22,BQ209908,2030-05-26,2027-07-18,2023-12-17
EMP0824-20260916_215328,Oliver,Morris,ronald77@example.com,1984-09-19,01632 960 876,"1 Danny Lodge
South Sandra
NN0X 0FZ",Female,Eastfield Psychological Services NHS Trust,Black,Ghana,Skilled Worker,Nursing,Healthcare Assistant,Corporate Services,2,12.58,2018-11-14,2018-12-12,15.0,0.4,GMC,Fixed Term,Suspended,SS844962,2030-09-11,YW434243,2029-11-19,2027-04-14,2018-12-05
EMP0825-20260916_215328,Carly,Bibi,diana93@example.net,1985-01-13,(0161) 4960723,"40 Armstrong Burgs
O'Connorfort
IM65 6YA",Male,Broadfield Clinical Services NHS Trust,Mixed,United Kingdom,ILR,Medical,GP,Surgery & Cancer,GP,52.67,2017-07-18,2017-08-15,30.0,0.8,None,Fixed Term,On Leave,DY592630,2030-08-31,NG267247,2026-09-21,2027-07-25,2017-08-08
EMP0826-20260916_215328,Gail,Storey,stephaniebarnett@example.net,1987-03-02,+44(0)909 879 0952,"42 Day Haven
South Michael
E3 7YX",Male,Bluewater Community & Rehabilitation NHS Trust,Mixed,China,British Citizen,AHP,Physiotherapist,Emergency & Urgent Care,6,24.48,2026-03-12,2026-04-16,30.0,0.8,GMC,Bank,Active,YU858398,2028-09-18,QY212436,2030-10-19,2027-05-09,2026-04-02
EMP0827-20260916_215328,Brett,Chadwick,valeriedavies@example.net,2002-01-07,+44131 496 0747,"Studio 82
Weston Throughway
Lake Mary
GU55 4SB",Female,Eastmoor Teaching Hospitals NHS Trust,White,New Zealand,Dependent,Nursing,Nursery Nurse,Corporate Services,2,13.17,2018-11-11,2018-12-16,37.5,1.0,HCPC,Permanent,Inactive,OD088709,2029-09-03,WQ407491,2028-03-15,2027-08-24,2018-12-02
EMP0828-20260916_215328,John,Reid,graham39@example.com,1982-08-09,+44121 4960974,"Flat 62
Grant Mission
Lake Jennifertown
E5T 8LL",Female,Valleyview Mental Wellness NHS Trust,Asian,Thailand,British Citizen,Nursing,Nursery Nurse,Critical Care & Anaesthesia,2,12.47,2019-07-24,2019-09-04,37.5,1.0,None,Bank,On Leave,KS697725,2030-01-25,QH170927,2031-03-19,2027-02-02,2019-08-14
EMP0829-20260916_215328,Gemma,Gill,janice05@example.org,2006-07-14,(0121) 4960914,"Flat 74
Deborah Coves
Carlystad
M10 5LD",Female,Hillcrest Medical Centres NHS Trust,Asian,Japan,ILR,Nursing,Healthcare Assistant,Critical Care & Anaesthesia,2,13.06,2026-07-08,2026-08-12,30.0,0.8,HCPC,Bank,Suspended,AC963463,2027-05-20,FB106809,2029-03-28,2026-09-24,2026-07-29
EMP0830-20260916_215328,Nathan,O'Neill,mdixon@example.net,1981-07-12,02074960175,"Flat 44
Kayleigh Spring
North Claire
M58 1HJ",Female,Oakridge Community Services NHS Trust,White,United States,Skilled Worker,Medical,Consultant,Surgery & Cancer,CONS,58.58,2017-10-30,2017-12-04,15.0,0.4,HCPC,Permanent,Active,OO903142,2028-10-14,MX855162,2027-03-29,2027-07-30,2017-11-20
EMP0831-20260916_215328,Amber,Davies,karen26@example.com,1993-04-16,(0121)4960021,"7 Lee Court
Boothchester
E1G 0BW",Male,Horizon Integrated Health Partnership NHS Trust,Mixed,Ghana,British Citizen,Medical,Consultant,Surgery & Cancer,CONS,65.81,2018-09-26,2018-10-31,37.5,1.0,NMC,Permanent,On Leave,NA377303,2026-11-23,AZ271815,2031-01-22,2027-01-29,2018-10-17
EMP0832-20260916_215328,Pauline,Harrison,valeriewilson@example.com,2005-06-15,+44(0)8081570326,"Flat 58r
Marion Brook
Jonestown
W5 0NY",Male,Hillcrest Medical Centres NHS Trust,White,United States,Skilled Worker,Nursing,Staff Nurse,Corporate Services,5,20.92,2021-08-26,2021-09-23,30.0,0.8,NMC,Permanent,Active,TB063449,2027-01-03,RB618816,2031-09-12,2027-06-29,2021-09-16
EMP0833-20260916_215328,Katie,Bell,julia01@example.net,2001-06-14,+44(0)116 4960842,"Studio 04
Keith Stream
East Samview
L0 1GY",Male,Lakeside District Hospitals NHS Trust,Black,Trinidad and Tobago,British Citizen,Admin,Receptionist,Critical Care & Anaesthesia,3,15.06,2021-06-07,2021-07-19,30.0,0.8,NMC,Bank,On Leave,GO406419,2029-06-27,AR597639,2030-06-13,2027-09-02,2021-06-28
EMP0834-20260916_215328,Sian,Bennett,jeremy91@example.net,1971-03-27,+44(0)1164960748,"97 Henry Landing
South Catherinefort
B7 7EE",Female,Midlands Central Hospitals NHS Trust,Asian,China,British Citizen,AHP,Physiologist,Clinical Support Services,6,27.94,2023-04-20,2023-05-25,15.0,0.4,HCPC,Fixed Term,Active,GQ362679,2029-12-27,XI671950,2026-11-11,2027-02-06,2023-05-11
EMP0835-20260916_215328,Jake,Fox,hrussell@example.org,1981-10-11,+44(0)306 999 0839,"Flat 30V
Suzanne Islands
Mooretown
M7E 5ZU",Female,Northwood Mental Health NHS Trust,Black,South Africa,British Citizen,Medical,SHO,Surgery & Cancer,SHO,24.1,2017-02-11,2017-03-25,37.5,1.0,None,Permanent,On Leave,GX239049,2028-08-26,XB357066,2028-05-24,2027-09-10,2017-03-04
EMP0836-20260916_215328,Sara,Wong,nicholsonannette@example.net,2001-01-01,+44(0)191 496 0658,"697 Marian Prairie
Sylviahaven
L9 5JB",Female,Northshire University Hospitals NHS Trust,Mixed,South Africa,Dependent,Medical,SHO,Emergency & Urgent Care,SHO,29.07,2017-02-11,2017-03-18,15.0,0.4,HCPC,Bank,On Leave,SE279762,2028-10-15,NM806882,2029-07-05,2027-07-07,2017-03-04
EMP0837-20260916_215328,Lesley,Poole,olivia00@example.com,1998-06-26,+441214960493,"Studio 11
Diana Unions
Lake Abdulchester
HD2 6AY",Female,Greenhaven Acute & Specialist Care NHS Trust,Mixed,China,ILR,Nursing,Ward Manager,Emergency & Urgent Care,8A,30.67,2020-01-29,2020-03-04,37.5,1.0,NMC,Fixed Term,Inactive,GS017580,2027-01-21,MN147319,2029-09-09,2026-11-21,2020-02-19
EMP0838-20260916_215328,Kate,Turner,donald89@example.org,1998-04-05,01214960781,"4 Tony Passage
Port Tina
M2 5XT",Female,Lakeside District Hospitals NHS Trust,Mixed,Ghana,British Citizen,Medical,Consultant,Critical Care & Anaesthesia,CONS,48.82,2018-03-10,2018-04-21,30.0,0.8,GMC,Permanent,Inactive,KF945285,2028-11-06,SA226475,2031-02-16,2026-09-26,2018-03-31
EMP0839-20260916_215328,Alex,Hall,judithdavies@example.net,1987-12-27,+44(0)1632960001,"13 Baxter Ways
Jayneshire
OX7H 4ZG",Male,Riverbank General Hospitals NHS Trust,Black,Jamaica,Dependent,Admin,Receptionist,Clinical Support Services,3,15.61,2017-06-07,2017-07-19,30.0,0.8,None,Fixed Term,Inactive,BL172870,2030-06-30,ID945223,2030-05-06,2027-03-11,2017-06-28
EMP0840-20260916_215328,Jacob,Ward,zjohnson@example.com,1965-04-27,028 9018417,"Flat 43
Douglas Parkway
North Melanie
SA3W 0YY",Female,Bluewater Community & Rehabilitation NHS Trust,White,New Zealand,ILR,Admin,Medical Secretary,Women & Children,4,17.45,2017-10-09,2017-11-13,20.0,0.53,NMC,Permanent,Active,YN071351,2029-09-28,EG056921,2031-04-06,2027-02-13,2017-10-30
EMP0841-20260916_215328,Norman,Gray,maureenthompson@example.com,1963-05-26,+44116 496 0610,"67 Nicole Knolls
Lake Sally
W22 6SR",Female,Eastfield Psychological Services NHS Trust,Mixed,United States,British Citizen,Nursing,Ward Manager,Corporate Services,8A,30.5,2022-10-29,2022-12-10,18.75,0.5,None,Fixed Term,On Leave,JX731145,2028-01-13,ZN173807,2028-03-01,2026-10-06,2022-11-19
EMP0842-20260916_215328,Nicola,Wilson,dreeves@example.net,1993-08-06,02074960061,"16 Deborah Ville
West Michaelton
HD4 5PU",Male,Southvale Hospitals NHS Trust,Black,Barbados,ILR,Admin,Medical Secretary,Medicine & Acute Care,4,18.47,2020-11-18,2020-12-16,18.75,0.5,None,Bank,Inactive,SQ009186,2027-09-30,KD611597,2027-12-11,2027-04-20,2020-12-09
EMP0843-20260916_215328,Marion,Bradley,phillipstorey@example.com,1963-01-24,+44(0)191 4960161,"9 Arthur Dam
Shanebury
BS9 8WX",Male,Valleyview Mental Wellness NHS Trust,Black,Barbados,Dependent,Admin,Receptionist,Clinical Support Services,3,15.48,2021-10-03,2021-10-31,15.0,0.4,HCPC,Bank,Inactive,PR295923,2027-09-15,VB634103,2027-05-07,2027-04-02,2021-10-24
EMP0844-20260916_215328,Suzanne,Hall,nicolasmith@example.net,1977-01-02,+44(0)1184960328,"Flat 51
Victor Garden
Lake Ann
TN92 1AB",Male,Eastfield Psychological Services NHS Trust,Black,Nigeria,Skilled Worker,AHP,Physiotherapist,Women & Children,6,22.69,2024-06-17,2024-07-29,18.75,0.5,GMC,Permanent,On Leave,OJ816267,2031-02-23,VY544498,2027-11-27,2027-01-03,2024-07-08
EMP0845-20260916_215328,Roy,Jones,ryanbuckley@example.com,1965-02-09,+44(0)116 4960044,"0 Fletcher Ranch
Mossbury
SG10 1ZQ",Female,Hillcrest Medical Centres NHS Trust,Asian,India,ILR,AHP,Physiologist,Medicine & Acute Care,6,24.61,2024-03-26,2024-05-07,37.5,1.0,NMC,Permanent,Suspended,TY263795,2031-05-14,YY753316,2028-10-20,2027-05-22,2024-04-16
EMP0846-20260916_215328,Douglas,Williams,archerguy@example.com,1968-09-27,+443069990734,"Flat 47
Katy Turnpike
Norristown
WV3V 2WS",Female,Westmere Community Health NHS Trust,White,Australia,Skilled Worker,Admin,Administrator,Critical Care & Anaesthesia,3,13.33,2023-06-20,2023-07-18,37.5,1.0,GMC,Permanent,On Leave,SO586074,2030-01-08,UX963752,2029-03-15,2026-10-06,2023-07-11
EMP0847-20260916_215328,Gemma,Clayton,jaytaylor@example.org,1968-11-24,(0161) 496 0071,"968 Adams Heights
Banksside
KW9 7FE",Male,Horizon Integrated Health Partnership NHS Trust,Mixed,Thailand,ILR,Medical,Registrar,Emergency & Urgent Care,SPR,39.68,2016-11-07,2016-12-12,30.0,0.8,NMC,Fixed Term,Active,PN829244,2028-02-02,HU593626,2029-03-26,2026-12-26,2016-11-28
EMP0848-20260916_215328,Dawn,Shaw,robinsonjames@example.org,1965-04-16,0306 9990872,"8 Justin Pass
Bethanyville
TQ16 6QT",Male,Valleyview Mental Wellness NHS Trust,Mixed,United States,Skilled Worker,Medical,SHO,Emergency & Urgent Care,SHO,24.72,2024-04-24,2024-05-22,30.0,0.8,None,Bank,Suspended,JT961033,2030-12-12,IR919114,2029-04-01,2026-12-20,2024-05-15
EMP0849-20260916_215328,Tracy,Johnson,wilsonhelen@example.com,2001-06-02,(029)2018503,"Flat 5
Roberts Harbor
Brownport
E13 0HR",Male,Riverside Integrated Care NHS Trust,Asian,China,Skilled Worker,AHP,Pharmacist,Medicine & Acute Care,5,21.69,2017-04-11,2017-05-09,18.75,0.5,NMC,Permanent,On Leave,WB658739,2030-08-21,MW531102,2031-09-01,2027-02-16,2017-05-02
EMP0850-20260916_215328,Abigail,Sullivan,jay10@example.org,2007-02-24,+44306 9990885,"Studio 46
Townsend Stream
West Hayley
LL2X 7SW",Female,Westmere Community Health NHS Trust,Mixed,Barbados,Skilled Worker,Admin,Administrator,Emergency & Urgent Care,3,14.19,2019-11-11,2019-12-09,18.75,0.5,HCPC,Permanent,On Leave,FK680766,2029-05-12,BC037666,2027-10-24,2027-08-03,2019-12-02
EMP0851-20260916_215328,Dean,Stevens,williamsruth@example.com,1970-04-22,+441174960558,"763 Rice Stravenue
North Michelle
B45 2GH",Female,Greenhaven Acute & Specialist Care NHS Trust,Asian,Japan,ILR,Admin,Receptionist,Critical Care & Anaesthesia,3,13.47,2026-01-23,2026-02-20,18.75,0.5,NMC,Permanent,On Leave,QF982883,2029-01-01,EB126782,2027-07-05,2027-05-25,2026-02-13
EMP0852-20260916_215328,Frances,Brooks,pbryant@example.com,1998-04-27,(0118) 496 0023,"30 Russell Brooks
West Paulafurt
N5 8BS",Female,Southvale Hospitals NHS Trust,Mixed,Kenya,Dependent,Admin,Administrator,Critical Care & Anaesthesia,3,15.47,2023-01-30,2023-03-13,18.75,0.5,None,Fixed Term,Inactive,GH156574,2029-07-09,QD803091,2030-09-16,2027-04-20,2023-02-20
EMP0853-20260916_215328,Ryan,Khan,nbennett@example.org,1962-07-19,(0116) 4960630,"Flat 9
Mohammad Alley
New Bernardside
DY8W 4JS",Male,Westborough Acute Care NHS Trust,Asian,Thailand,Dependent,Nursing,Nursery Nurse,Surgery & Cancer,2,12.42,2025-09-24,2025-10-22,15.0,0.4,GMC,Bank,On Leave,CB043923,2029-10-02,XE882303,2031-08-11,2027-09-05,2025-10-15
EMP0854-20260916_215328,Gerald,Kerr,ijones@example.com,1967-02-28,+44(0)808 1570991,"Flat 85
Geraldine Camp
West Simon
S4S 2SF",Male,Riverside Integrated Care NHS Trust,White,Canada,Skilled Worker,Admin,Administrator,Clinical Support Services,3,14.27,2021-05-14,2021-06-25,20.0,0.53,None,Permanent,Active,YG834983,2027-02-14,WL588895,2027-02-17,2026-10-17,2021-06-04
EMP0855-20260916_215328,Jordan,Johnson,fturner@example.net,1983-08-19,+44(0)909 879 0943,"Studio 3
Ricky Grove
Dominicburgh
S4 1BD",Female,Eastmoor Teaching Hospitals NHS Trust,Asian,Thailand,British Citizen,AHP,Pharmacist,Women & Children,5,21.83,2024-12-07,2025-01-04,20.0,0.53,HCPC,Bank,Active,WY482313,2029-08-14,UN425938,2029-09-11,2026-11-19,2024-12-28
EMP0856-20260916_215328,Suzanne,Carter,geraldinewilliams@example.org,1985-05-11,+44(0)1514960100,"Studio 97
Smith Hollow
North Jakeborough
NP60 2NT",Female,Greenhaven Acute & Specialist Care NHS Trust,White,Australia,Dependent,Medical,GP,Corporate Services,GP,61.4,2023-07-13,2023-08-10,15.0,0.4,NMC,Permanent,On Leave,ZW503828,2027-05-15,ZQ288743,2029-11-17,2027-07-22,2023-08-03
EMP0857-20260916_215328,Amelia,Jones,clarkegordon@example.net,1966-10-27,+44(0)191 4960467,"Studio 06
Parry Garden
West Abbie
WA5H 4TY",Female,Meadowbrook Community Health NHS Trust,White,New Zealand,Skilled Worker,Admin,Data Analyst,Emergency & Urgent Care,8A,30.61,2024-03-28,2024-05-09,30.0,0.8,NMC,Permanent,Inactive,YJ908372,2027-01-25,EW643390,2031-08-08,2026-10-11,2024-04-18
EMP0858-20260916_215328,Douglas,Smith,clive03@example.com,1975-08-24,+44(0)1514960059,"Studio 43T
Evans Forges
Watsonborough
HD34 9JG",Male,Lakeside District Hospitals NHS Trust,White,United Kingdom,British Citizen,Admin,Receptionist,Corporate Services,3,14.47,2019-06-16,2019-07-14,37.5,1.0,HCPC,Fixed Term,Active,GA461367,2029-11-29,QO736577,2031-03-14,2027-04-09,2019-07-07
EMP0859-20260916_215328,Marilyn,Berry,bharrison@example.net,1981-02-18,+44(0)1914960101,"Studio 37H
Carly Station
East Margaretborough
BB23 5QG",Female,Eastfield Psychological Services NHS Trust,Asian,India,Skilled Worker,AHP,Radiographer,Emergency & Urgent Care,6,26.03,2021-06-04,2021-07-02,15.0,0.4,None,Permanent,On Leave,KW849880,2027-11-08,LV810234,2029-04-18,2027-01-21,2021-06-25
EMP0860-20260916_215328,Paul,Lyons,mwhite@example.com,2001-11-07,01184960207,"Studio 81F
Peter Junctions
New Carlbury
M1 8HA",Female,Riverside Integrated Care NHS Trust,Black,Barbados,Dependent,AHP,Physiotherapist,Clinical Support Services,6,25.24,2021-03-27,2021-04-24,30.0,0.8,HCPC,Bank,Inactive,VT428087,2027-12-05,ZL707591,2027-07-06,2027-03-15,2021-04-17
EMP0861-20260916_215328,Alexander,Mann,bethany32@example.org,1971-09-08,(01632) 960 275,"Studio 94
Cooper Bridge
Debraland
B93 3LL",Female,Oakridge Community Services NHS Trust,Black,Barbados,Dependent,Medical,SHO,Clinical Support Services,SHO,28.03,2018-05-18,2018-06-15,20.0,0.53,NMC,Fixed Term,Inactive,PF726770,2029-03-04,QR848861,2028-08-02,2027-06-19,2018-06-08
EMP0862-20260916_215328,Yvonne,Heath,jacquelinerichards@example.com,1972-07-23,0191 4960011,"Studio 7
Williams Ports
Christopherburgh
M43 7JD",Male,Hillcrest Medical Centres NHS Trust,White,Canada,Skilled Worker,Nursing,Nursery Nurse,Surgery & Cancer,2,13.45,2018-02-23,2018-03-30,18.75,0.5,HCPC,Permanent,Inactive,VB526577,2030-03-21,II749408,2030-05-31,2027-03-28,2018-03-16
EMP0863-20260916_215328,Jodie,Dennis,morrisonsara@example.com,1974-08-12,+44(0)151 4960185,"Studio 61A
Marilyn Springs
New Donnahaven
SA78 5ZL",Female,Westborough Acute Care NHS Trust,Asian,Japan,Dependent,Medical,GP,Corporate Services,GP,52.02,2023-11-24,2024-01-05,15.0,0.4,None,Permanent,On Leave,YT350845,2031-04-02,KA527683,2027-09-09,2027-09-05,2023-12-15
EMP0864-20260916_215328,Margaret,Wallace,kieranreynolds@example.net,1982-01-14,+44(0)1414960259,"68 Freeman Estate
Lake Clare
E51 9AR",Female,Oakridge Community Services NHS Trust,Mixed,Canada,British Citizen,Admin,Receptionist,Surgery & Cancer,3,13.75,2017-02-25,2017-04-08,30.0,0.8,GMC,Permanent,Inactive,PT372742,2028-06-04,EM371282,2029-09-29,2027-05-14,2017-03-18
EMP0865-20260916_215328,Hazel,Kirby,pricejay@example.com,1961-09-06,+44(0)29 2018098,"1 Mark Forest
Karenfort
S3H 7JF",Female,Broadfield Clinical Services NHS Trust,Black,Trinidad and Tobago,Skilled Worker,AHP,Pharmacist,Critical Care & Anaesthesia,5,19.54,2016-11-28,2017-01-02,37.5,1.0,NMC,Bank,On Leave,FI691347,2030-06-08,GX237333,2027-10-30,2027-04-29,2016-12-19
EMP0866-20260916_215328,Michelle,Moore,brettharvey@example.com,1998-06-05,+441914960507,"3 Baxter Forks
South Rhysview
UB75 1HL",Female,Southvale Hospitals NHS Trust,Asian,Thailand,Skilled Worker,Medical,Registrar,Emergency & Urgent Care,SPR,37.19,2024-07-13,2024-08-24,15.0,0.4,HCPC,Fixed Term,Suspended,AU574822,2026-10-28,DX345218,2031-06-09,2027-08-28,2024-08-03
EMP0867-20260916_215328,Raymond,Dale,russelllouise@example.org,1987-10-25,(029) 2018 0334,"8 Suzanne Vista
New Tony
LU45 4JL",Male,Eastmoor Teaching Hospitals NHS Trust,Asian,India,Skilled Worker,Medical,SHO,Surgery & Cancer,SHO,28.51,2022-09-05,2022-10-10,37.5,1.0,NMC,Permanent,Inactive,AV453618,2029-02-23,IL861141,2027-03-05,2027-06-24,2022-09-26
EMP0868-20260916_215328,Zoe,Little,deniswebb@example.org,1975-08-01,+44(0)3069990236,"Studio 42
Humphreys Ports
Bradleyside
HA9H 9RD",Female,Eastfield Psychological Services NHS Trust,White,United States,Dependent,Admin,Receptionist,Clinical Support Services,3,14.59,2019-09-22,2019-11-03,20.0,0.53,GMC,Permanent,Suspended,EW090065,2029-02-20,MA652042,2029-02-21,2026-10-17,2019-10-13
EMP0869-20260916_215328,Louis,Wright,sean82@example.net,2004-01-17,01914960287,"Flat 8
Abbott Island
Leighville
N2 1DQ",Male,Horizon Integrated Health Partnership NHS Trust,Mixed,United States,British Citizen,Nursing,Charge Nurse,Medicine & Acute Care,7,27.44,2023-05-06,2023-06-17,30.0,0.8,HCPC,Bank,Active,RI665709,2028-11-17,CV997281,2027-01-24,2026-11-02,2023-05-27
EMP0870-20260916_215328,Nicole,McDonald,douglashayes@example.com,1993-04-08,+441632 960 800,"0 Jackson Dam
New Eleanor
G3S 6TX",Female,Lakeside District Hospitals NHS Trust,White,United Kingdom,Dependent,AHP,Physiologist,Corporate Services,6,28.11,2020-07-04,2020-08-08,18.75,0.5,HCPC,Fixed Term,Inactive,SF384961,2028-08-23,PR988562,2030-07-13,2027-02-09,2020-07-25
EMP0871-20260916_215328,Cameron,Brown,laura66@example.net,1983-07-14,0118 4960212,"9 Stevens Estates
Briggsmouth
L9 9XN",Male,Lakeside District Hospitals NHS Trust,Asian,Japan,British Citizen,Nursing,Staff Nurse,Critical Care & Anaesthesia,5,19.08,2024-06-29,2024-07-27,15.0,0.4,None,Permanent,Suspended,GC800332,2026-11-09,GV248254,2030-05-20,2027-03-18,2024-07-20
EMP0872-20260916_215328,Toby,Martin,fryan@example.org,1964-10-01,+441144960122,"81 Diana Roads
Lake Abdul
L74 7UA",Male,Midlands Central Hospitals NHS Trust,White,New Zealand,ILR,Nursing,Ward Manager,Clinical Support Services,8A,30.51,2020-03-24,2020-04-28,30.0,0.8,None,Bank,Active,UE591953,2029-07-26,BP983423,2030-08-09,2027-04-19,2020-04-14
EMP0873-20260916_215328,Mohammed,Taylor,pwatson@example.org,1991-02-14,0113 4960732,"99 Sarah Club
Campbellton
L4U 9SP",Male,Broadfield Clinical Services NHS Trust,Black,Trinidad and Tobago,ILR,Admin,Data Analyst,Surgery & Cancer,8A,33.06,2024-07-06,2024-08-03,37.5,1.0,None,Bank,Suspended,UO317302,2026-10-31,ZV809595,2027-03-25,2027-02-07,2024-07-27
EMP0874-20260916_215328,Jeremy,Wright,victoria36@example.com,1973-12-23,+44(0)117 4960050,"Studio 45y
Parry Hollow
Paulborough
SW82 8NQ",Male,Riverbank General Hospitals NHS Trust,Black,Barbados,Skilled Worker,Nursing,Senior Staff Nurse,Surgery & Cancer,6,22.78,2026-03-25,2026-04-22,18.75,0.5,GMC,Bank,Active,FD243460,2029-11-23,PO464545,2028-07-05,2026-11-22,2026-04-15
EMP0875-20260916_215328,Katie,Williamson,jacobjohnston@example.net,1979-07-31,(0116) 4960916,"Flat 4
Abigail Run
South Bethan
CW5 4SB",Female,Riverbank General Hospitals NHS Trust,Black,South Africa,Skilled Worker,Nursing,Healthcare Assistant,Medicine & Acute Care,2,13.79,2021-08-25,2021-09-22,20.0,0.53,NMC,Bank,On Leave,LO810549,2028-05-06,QI631434,2028-12-24,2027-05-27,2021-09-15
EMP0876-20260916_215328,Mary,Williams,lynnharris@example.com,1998-12-20,(01632)960600,"3 Nicholas Stravenue
Chambersland
WN0P 3LE",Male,Eastfield Psychological Services NHS Trust,White,United Kingdom,Skilled Worker,AHP,Radiographer,Surgery & Cancer,6,24.43,2022-07-13,2022-08-17,30.0,0.8,GMC,Permanent,On Leave,AA097051,2029-02-16,AE980210,2028-12-30,2026-12-29,2022-08-03
EMP0877-20260916_215328,Alice,Gardner,mileschristian@example.com,1966-03-11,0161 496 0478,"41 Tracy Wells
Roweville
N56 3FD",Female,Eastfield Psychological Services NHS Trust,Mixed,United Kingdom,British Citizen,Medical,Registrar,Women & Children,SPR,37.85,2018-10-10,2018-11-07,20.0,0.53,HCPC,Fixed Term,Suspended,ET861736,2028-05-04,HD635856,2030-09-03,2027-02-25,2018-10-31
EMP0878-20260916_215328,Karen,Page,leonard86@example.com,1976-09-09,(0113)4960519,"2 Jones Rapid
Murraymouth
FK9 6FF",Female,Westborough Acute Care NHS Trust,Mixed,Thailand,ILR,Medical,GP,Corporate Services,GP,49.34,2021-08-15,2021-09-12,15.0,0.4,GMC,Permanent,Inactive,GH277506,2028-05-29,AC633770,2031-09-12,2027-06-19,2021-09-05
EMP0879-20260916_215328,Keith,Page,robertgilbert@example.com,1990-08-19,0116 496 0297,"Flat 3
Laura Crossroad
Jamieton
BD31 1GH",Male,Broadfield Clinical Services NHS Trust,Mixed,South Africa,ILR,Nursing,Ward Manager,Emergency & Urgent Care,8A,28.74,2024-08-04,2024-09-08,20.0,0.53,None,Fixed Term,Suspended,BU122736,2030-05-03,IL557122,2028-09-29,2027-07-20,2024-08-25
EMP0880-20260916_215328,Donald,Green,stephaniemetcalfe@example.com,1985-11-16,+441632 960927,"Studio 0
Roberts Station
Port Frederick
B46 2SR",Male,Northshire University Hospitals NHS Trust,Mixed,Canada,Skilled Worker,Medical,GP,Critical Care & Anaesthesia,GP,56.62,2025-07-01,2025-08-12,18.75,0.5,GMC,Permanent,Suspended,CT955506,2031-02-25,MB543190,2030-04-11,2027-02-21,2025-07-22
EMP0881-20260916_215328,Georgia,Williams,xmorris@example.org,1988-01-28,(0909) 8790629,"Flat 02Y
Graham Point
East Gordonmouth
DT8 6HF",Female,Bluewater Community & Rehabilitation NHS Trust,Black,Kenya,ILR,Nursing,Senior Staff Nurse,Clinical Support Services,6,23.82,2025-04-11,2025-05-16,30.0,0.8,GMC,Bank,Active,AX026213,2027-01-31,WN148603,2031-08-13,2027-02-21,2025-05-02
EMP0882-20260916_215328,Lesley,Dunn,suzannehowe@example.com,1980-12-15,+44(0)191 4960065,"Studio 54
Harrison Prairie
Murphyfort
SS2 2FU",Female,Oakridge Community Services NHS Trust,Mixed,United States,Dependent,Medical,Consultant,Medicine & Acute Care,CONS,59.96,2020-05-15,2020-06-26,18.75,0.5,HCPC,Permanent,Active,CK128409,2029-03-28,WK954659,2027-05-07,2027-07-24,2020-06-05
EMP0883-20260916_215328,Keith,Price,gibsongemma@example.net,1985-02-22,+44(0)289018692,"Flat 60z
Adam Ports
Wardbury
G38 0QL",Male,Northwood Mental Health NHS Trust,Black,Nigeria,British Citizen,Nursing,Ward Manager,Women & Children,8A,28.28,2023-08-06,2023-09-03,30.0,0.8,NMC,Permanent,Active,NB374271,2030-10-09,PK271612,2031-09-11,2026-09-19,2023-08-27
EMP0884-20260916_215328,Gary,Davis,joannabibi@example.org,1982-02-17,+44(0)118 4960176,"48 Carol Trail
Daviesberg
G5 4JR",Male,Horizon Integrated Health Partnership NHS Trust,Mixed,China,British Citizen,Nursing,Ward Manager,Critical Care & Anaesthesia,8A,34.19,2018-05-06,2018-06-03,18.75,0.5,NMC,Fixed Term,On Leave,FB963969,2030-04-30,ZL979557,2029-05-19,2027-03-04,2018-05-27
EMP0885-20260916_215328,Henry,Lee,normansimpson@example.com,1989-08-09,(0141)4960029,"Flat 09
Booth Curve
Prattton
L09 6LN",Male,Northshire University Hospitals NHS Trust,Asian,Thailand,British Citizen,Nursing,Ward Manager,Surgery & Cancer,8A,33.47,2022-02-28,2022-04-04,37.5,1.0,None,Permanent,Active,TP369523,2029-09-09,ZN802824,2027-10-13,2027-07-18,2022-03-21
EMP0886-20260916_215328,Samantha,Foster,hughbishop@example.com,2001-09-08,+44191 4960675,"17 Julia Key
Samanthashire
LS97 8ZL",Male,Broadfield Clinical Services NHS Trust,White,Canada,Dependent,Nursing,Senior Staff Nurse,Surgery & Cancer,6,26.7,2024-03-04,2024-04-15,15.0,0.4,None,Permanent,Suspended,AF629886,2029-10-27,XV695383,2029-03-31,2027-09-04,2024-03-25
EMP0887-20260916_215328,Chloe,Hobbs,nmoss@example.com,1969-02-10,(0306)9990092,"Flat 82
Hughes Ferry
Jonesmouth
NR1Y 6EB",Female,Northwood Mental Health NHS Trust,Mixed,Australia,Skilled Worker,Admin,Medical Secretary,Women & Children,4,15.53,2024-05-30,2024-07-11,37.5,1.0,GMC,Fixed Term,Inactive,TM641761,2031-04-14,EI463469,2031-08-22,2026-09-17,2024-06-20
EMP0888-20260916_215328,Leslie,Bennett,xchapman@example.net,1962-07-01,029 2018 0973,"655 Gordon Ports
South Christopher
BD0H 4RP",Female,Eastfield Psychological Services NHS Trust,Black,Ghana,Dependent,Medical,FY1/FY2,Corporate Services,FY1,18.82,2026-09-03,2026-10-08,18.75,0.5,GMC,Fixed Term,Active,QI696403,2027-10-26,TB572995,2028-11-21,2027-07-12,2026-09-24
EMP0889-20260916_215328,Timothy,Thomas,mathew00@example.org,1985-01-05,(0141) 496 0660,"Flat 36
Jessica Ridge
Sianton
B30 4NZ",Female,Horizon Integrated Health Partnership NHS Trust,Black,Ghana,Dependent,Nursing,Staff Nurse,Clinical Support Services,5,21.9,2017-12-14,2018-01-18,30.0,0.8,HCPC,Permanent,Inactive,DY458804,2030-12-25,WS505992,2031-05-22,2026-11-11,2018-01-04
EMP0890-20260916_215328,Frank,Smith,goodwingeorgia@example.com,2006-06-26,+44(0)1134960111,"Flat 4
Smith Ridge
Tomstad
M4 9HZ",Male,Riverbank General Hospitals NHS Trust,White,United Kingdom,Skilled Worker,Admin,Receptionist,Corporate Services,3,15.21,2020-07-26,2020-08-30,30.0,0.8,NMC,Bank,Inactive,FN241073,2026-10-10,XV606205,2028-09-07,2027-09-11,2020-08-16
EMP0891-20260916_215328,David,Walton,guy47@example.org,1991-12-02,+441164960738,"Studio 78
Hill Rapid
Leahfurt
TA91 5FY",Female,Eastfield Psychological Services NHS Trust,Black,Barbados,British Citizen,Admin,Administrator,Emergency & Urgent Care,3,14.67,2022-02-13,2022-03-13,30.0,0.8,NMC,Bank,On Leave,NB560722,2029-01-10,AT911330,2026-10-08,2027-05-22,2022-03-06
EMP0892-20260916_215328,Tony,Hughes,jthomson@example.net,1970-05-03,0118 4960273,"8 Page Gateway
Edwardsmouth
LL30 5ZF",Female,Broadfield Clinical Services NHS Trust,White,United Kingdom,Skilled Worker,AHP,Physiologist,Clinical Support Services,6,24.41,2022-06-18,2022-07-30,15.0,0.4,None,Fixed Term,On Leave,VY874756,2027-06-08,TD489325,2029-11-18,2026-11-17,2022-07-09
EMP0893-20260916_215328,John,Humphries,pricebethan@example.org,1977-11-03,+44117 4960816,"Flat 63
Emily Village
Staceyfort
DH44 8QX",Female,Valleyview Mental Wellness NHS Trust,Asian,Thailand,Skilled Worker,AHP,Occupational Therapist,Emergency & Urgent Care,6,23.54,2017-08-29,2017-09-26,18.75,0.5,None,Bank,Suspended,CD831324,2028-07-13,BS347286,2029-01-19,2027-05-31,2017-09-19
EMP0894-20260916_215328,Joyce,Brown,harrisjordan@example.net,2001-10-12,+44808 157 0471,"Flat 45m
Lee Spur
Lake Thomasmouth
KW30 5SN",Female,Northshire University Hospitals NHS Trust,Asian,China,ILR,Medical,Registrar,Medicine & Acute Care,SPR,38.37,2024-11-11,2024-12-16,20.0,0.53,None,Bank,Suspended,VS144099,2027-09-27,JY268935,2030-01-27,2026-10-15,2024-12-02
EMP0895-20260916_215328,Sam,Roberts,kthornton@example.org,1972-03-24,(0151)4960201,"259 Taylor Orchard
New Kyle
HP4R 7GU",Male,Northshire University Hospitals NHS Trust,Black,Barbados,Skilled Worker,AHP,Speech Therapist,Surgery & Cancer,6,24.33,2020-02-05,2020-03-18,15.0,0.4,HCPC,Fixed Term,Active,KC984403,2028-06-03,IK179353,2029-12-03,2027-02-26,2020-02-26
EMP0896-20260916_215328,Joel,Wilson,alexander39@example.net,1990-12-05,+44(0)1914960078,"Studio 1
Clarke Villages
Tracyville
N51 8YT",Male,Greenhaven Acute & Specialist Care NHS Trust,White,United Kingdom,British Citizen,Medical,Registrar,Emergency & Urgent Care,SPR,40.02,2021-01-01,2021-02-05,18.75,0.5,NMC,Fixed Term,Active,TB015646,2028-10-10,BF172645,2026-12-07,2026-12-12,2021-01-22
EMP0897-20260916_215328,Amber,Buckley,harrissimon@example.net,1966-09-05,0131 4960638,"Studio 18
Parry Summit
Kentside
M90 5QU",Female,Riverbank General Hospitals NHS Trust,Black,Barbados,ILR,Nursing,Healthcare Assistant,Emergency & Urgent Care,2,12.46,2022-08-05,2022-09-02,15.0,0.4,None,Bank,On Leave,YD439746,2030-09-14,LR902392,2030-09-04,2027-08-02,2022-08-26
EMP0898-20260916_215328,Sheila,Nash,adrian68@example.org,1997-01-23,01174960393,"Flat 92
Gemma Forks
North Amytown
E4 0PP",Male,Eastfield Psychological Services NHS Trust,Asian,India,Dependent,Nursing,Senior Staff Nurse,Emergency & Urgent Care,6,27.04,2020-08-24,2020-10-05,18.75,0.5,HCPC,Fixed Term,On Leave,EW360566,2026-11-23,UW525323,2027-07-11,2026-12-27,2020-09-14
EMP0899-20260916_215328,Jeremy,Shaw,aaronwest@example.org,2004-12-18,(0909) 8790342,"71 Thomson Rest
Brownmouth
KT7 0EU",Male,Broadfield Clinical Services NHS Trust,Black,Ghana,British Citizen,Admin,Medical Secretary,Medicine & Acute Care,4,17.91,2024-12-30,2025-01-27,15.0,0.4,None,Permanent,Active,NN635859,2029-02-20,QT839281,2029-12-15,2027-04-03,2025-01-20
EMP0900-20260916_215328,Rebecca,Greenwood,brownwendy@example.net,1990-09-17,028 9018 0761,"10 Mark Gardens
Taylorshire
TD5V 2QN",Male,Riverbank General Hospitals NHS Trust,Asian,Japan,ILR,AHP,Physiotherapist,Medicine & Acute Care,6,27.62,2024-05-12,2024-06-23,37.5,1.0,GMC,Permanent,Suspended,CS826970,2031-07-08,OU477039,2027-12-27,2027-08-06,2024-06-02
EMP0901-20260916_215328,Ruth,Bell,dawnshaw@example.org,1967-02-24,0114 4960922,"95 Kevin Pines
Youngfort
G7 2AH",Male,Eastfield Psychological Services NHS Trust,Black,Nigeria,British Citizen,Medical,SHO,Medicine & Acute Care,SHO,23.17,2020-07-24,2020-09-04,15.0,0.4,GMC,Permanent,On Leave,IK256590,2030-07-30,FD275815,2029-06-22,2027-05-22,2020-08-14
EMP0902-20260916_215328,Holly,Anderson,williammanning@example.org,1989-02-20,+44(0)131 4960649,"Flat 93
Williams Causeway
Ashleyville
LS5M 3ZH",Male,Lakeside District Hospitals NHS Trust,White,Canada,Dependent,Admin,Receptionist,Surgery & Cancer,3,16.33,2024-08-22,2024-10-03,15.0,0.4,GMC,Fixed Term,On Leave,OC998851,2028-05-03,DW616667,2027-04-06,2027-01-16,2024-09-12
EMP0903-20260916_215328,Mary,Palmer,melissa37@example.net,2001-11-07,+44(0)20 7496 0872,"33 Smith Turnpike
Bellside
PR17 2TZ",Male,Westborough Acute Care NHS Trust,Black,Nigeria,British Citizen,Medical,SHO,Corporate Services,SHO,26.52,2026-04-23,2026-06-04,18.75,0.5,HCPC,Fixed Term,On Leave,FA911509,2028-01-07,ZH898073,2029-10-19,2027-04-09,2026-05-14
EMP0904-20260916_215328,Valerie,Turner,denisrichardson@example.com,1992-01-05,0151 496 0935,"Studio 8
Martyn Villages
Vanessafurt
NR01 8TP",Female,Bluewater Community & Rehabilitation NHS Trust,Asian,China,Dependent,Admin,Receptionist,Emergency & Urgent Care,3,15.5,2019-04-21,2019-06-02,18.75,0.5,HCPC,Fixed Term,Inactive,TD832935,2031-01-31,EW412966,2028-04-07,2026-10-30,2019-05-12
EMP0905-20260916_215328,Christopher,Smart,kennethsteele@example.com,1973-03-23,+44(0)114 496 0388,"Flat 20
Hilton Pike
Reesview
E5A 1FL",Male,Southvale Hospitals NHS Trust,Asian,India,Dependent,AHP,Pharmacist,Emergency & Urgent Care,5,19.44,2018-03-18,2018-04-29,30.0,0.8,None,Fixed Term,Suspended,QH707914,2027-05-16,FA291493,2030-03-26,2026-11-15,2018-04-08
EMP0906-20260916_215328,Ellie,Wilson,jenkinsashley@example.net,2007-04-25,+44(0)289018755,"39 Karl Fields
North Reeceborough
IM4 1PY",Female,Riverbank General Hospitals NHS Trust,Mixed,Nigeria,ILR,Admin,Medical Secretary,Clinical Support Services,4,16.13,2024-02-07,2024-03-06,20.0,0.53,HCPC,Permanent,On Leave,BS268540,2031-05-05,RL189828,2026-11-20,2027-07-20,2024-02-28
EMP0907-20260916_215328,Fiona,Butler,paige59@example.net,1987-11-16,(029)2018265,"87 Williams Stravenue
Josephstad
L9 9SE",Female,Broadfield Clinical Services NHS Trust,Mixed,Nigeria,British Citizen,Admin,Administrator,Medicine & Acute Care,3,13.5,2018-01-27,2018-03-03,18.75,0.5,NMC,Bank,On Leave,IF785168,2028-04-10,ML583954,2030-07-08,2027-02-16,2018-02-17
EMP0908-20260916_215328,Garry,Harding,zmorris@example.com,1984-04-23,+44115 496 0887,"709 Roberts Via
Lake Gary
G25 4UP",Male,Eastmoor Teaching Hospitals NHS Trust,Mixed,India,ILR,Medical,GP,Medicine & Acute Care,GP,51.95,2017-02-09,2017-03-16,15.0,0.4,NMC,Permanent,Inactive,FI430262,2028-02-15,GU425525,2031-04-07,2027-05-24,2017-03-02
EMP0909-20260916_215328,June,Khan,tharris@example.com,1977-05-01,(01632) 960 827,"Flat 87X
Arthur Spurs
Port Lorraine
N9W 0LJ",Female,Bluewater Community & Rehabilitation NHS Trust,Black,Nigeria,British Citizen,Nursing,Nursery Nurse,Surgery & Cancer,2,12.96,2021-05-08,2021-06-12,30.0,0.8,None,Permanent,Active,CM605541,2027-11-11,OO787791,2030-04-07,2026-09-21,2021-05-29
EMP0910-20260916_215328,Anna,Scott,colemanfrancesca@example.com,1970-02-22,+441514960008,"Flat 01J
Potter Burg
Kyleburgh
N9H 2RU",Male,Northwood Mental Health NHS Trust,Mixed,Japan,British Citizen,Nursing,Charge Nurse,Emergency & Urgent Care,7,33.18,2024-12-16,2025-01-27,20.0,0.53,HCPC,Bank,Inactive,PR804130,2029-08-24,VL250176,2030-10-05,2027-03-29,2025-01-06
EMP0911-20260916_215328,Lee,Perkins,smithcharlene@example.net,1997-12-14,+441164960489,"6 Paula View
Smithchester
E3H 1XR",Female,Valleyview Mental Wellness NHS Trust,Asian,Thailand,Dependent,AHP,Physiotherapist,Medicine & Acute Care,6,23.89,2022-09-20,2022-11-01,30.0,0.8,GMC,Bank,Inactive,QT178805,2027-06-11,XE889597,2027-07-18,2027-05-01,2022-10-11
EMP0912-20260916_215328,Lawrence,Young,susanhurst@example.net,1995-04-23,+4429 2018980,"77 Andrew Ridges
Harrisside
CB9E 8FN",Female,Bluewater Community & Rehabilitation NHS Trust,Asian,India,British Citizen,Admin,Receptionist,Emergency & Urgent Care,3,14.34,2017-08-11,2017-09-22,20.0,0.53,HCPC,Fixed Term,Suspended,SC702103,2027-05-19,FE426498,2027-10-29,2027-08-05,2017-09-01
EMP0913-20260916_215328,Toby,Wilson,joyce17@example.com,2001-07-04,+44(0)114 496 0269,"Flat 14
Morgan Lake
Port Ameliastad
SN9 4HD",Female,Riverbank General Hospitals NHS Trust,Asian,Japan,British Citizen,Medical,GP,Surgery & Cancer,GP,57.54,2026-02-22,2026-03-22,30.0,0.8,None,Fixed Term,Active,LS454934,2027-07-13,RP527855,2029-11-29,2026-10-16,2026-03-15
EMP0914-20260916_215328,Jeffrey,Johnson,cnicholls@example.com,1991-03-26,+44306 999 0260,"7 Curtis Prairie
West Neil
SP8W 4DP",Male,Hillcrest Medical Centres NHS Trust,Mixed,New Zealand,ILR,Medical,FY1/FY2,Medicine & Acute Care,FY1,19.64,2023-08-26,2023-10-07,20.0,0.53,None,Fixed Term,On Leave,ZW454861,2027-07-17,YC826424,2027-03-25,2026-12-22,2023-09-16
EMP0915-20260916_215328,Marilyn,Gordon,kieranking@example.com,1967-05-27,0151 496 0009,"69 Hannah Route
Port Philip
CV0N 1PQ",Female,Meadowbrook Community Health NHS Trust,Mixed,South Africa,Skilled Worker,Nursing,Staff Nurse,Critical Care & Anaesthesia,5,20.57,2025-08-13,2025-09-17,15.0,0.4,GMC,Fixed Term,On Leave,VW933812,2030-09-22,VY766246,2030-11-03,2027-07-09,2025-09-03
EMP0916-20260916_215328,Clifford,Johnston,metcalfechristine@example.net,1987-05-24,+441154960687,"Flat 65s
Gavin Summit
Port Robinstad
SK6 7BE",Male,Bluewater Community & Rehabilitation NHS Trust,Black,Barbados,Dependent,AHP,Occupational Therapist,Clinical Support Services,6,26.12,2025-01-03,2025-01-31,30.0,0.8,None,Bank,On Leave,DB032527,2028-07-12,QG528918,2028-08-04,2026-12-07,2025-01-24
EMP0917-20260916_215328,Joan,Williams,ihall@example.org,2007-08-27,+44161 496 0736,"Studio 58
Stanley Trace
Lake Joelchester
KY77 6HF",Female,Valleyview Mental Wellness NHS Trust,Black,Ghana,ILR,Medical,SHO,Women & Children,SHO,28.89,2017-02-18,2017-03-25,20.0,0.53,GMC,Permanent,Suspended,IS856587,2028-08-27,PX834368,2028-12-17,2027-01-26,2017-03-11
EMP0918-20260916_215328,Christine,Newman,hollywarner@example.net,2007-02-27,+44289018261,"58 Lucy Forge
Mayhaven
DN08 0JF",Male,Westmere Community Health NHS Trust,Asian,India,Dependent,Admin,Administrator,Medicine & Acute Care,3,13.43,2022-06-27,2022-08-01,20.0,0.53,GMC,Fixed Term,Suspended,VF699296,2027-03-19,UH125337,2031-08-07,2027-04-16,2022-07-18
EMP0919-20260916_215328,Clifford,Norris,brettwilliams@example.org,1992-12-01,(0191) 496 0919,"25 Howard Crescent
South Graeme
PL2X 4DJ",Male,Westmere Community Health NHS Trust,Mixed,Canada,British Citizen,Admin,Medical Secretary,Corporate Services,4,15.75,2025-06-09,2025-07-14,20.0,0.53,HCPC,Fixed Term,Active,UV961188,2030-11-30,OJ321492,2029-05-12,2027-08-21,2025-06-30
EMP0920-20260916_215328,Adam,Shepherd,ahmedmarian@example.org,1997-04-03,+44(0)1514960037,"Flat 17
Brown Well
Clarkbury
L0D 9AE",Female,Westborough Acute Care NHS Trust,Asian,India,Skilled Worker,Medical,GP,Surgery & Cancer,GP,49.32,2020-03-23,2020-04-27,15.0,0.4,None,Fixed Term,Inactive,KV103588,2029-11-17,QZ116449,2027-09-04,2026-12-02,2020-04-13
EMP0921-20260916_215328,Geraldine,Flynn,jaythompson@example.org,1978-01-28,+44292018009,"312 David Inlet
Paulastad
M3 6PF",Male,Eastfield Psychological Services NHS Trust,Black,Nigeria,ILR,Admin,Administrator,Corporate Services,3,13.61,2019-02-17,2019-03-24,15.0,0.4,GMC,Permanent,On Leave,WW990967,2031-06-15,IC850758,2029-11-21,2026-12-27,2019-03-10
EMP0922-20260916_215328,Mohamed,Davis,gfrancis@example.com,1978-12-07,(0306) 9990959,"Flat 4
Wood Prairie
West Nicola
G1T 2PB",Male,Bluewater Community & Rehabilitation NHS Trust,Mixed,Nigeria,British Citizen,Medical,Consultant,Critical Care & Anaesthesia,CONS,67.56,2023-10-29,2023-12-03,20.0,0.53,NMC,Fixed Term,Inactive,SO347964,2029-07-24,JV716911,2027-02-17,2026-12-18,2023-11-19
EMP0923-20260916_215328,Marilyn,Forster,srobinson@example.net,1978-07-10,+44(0)1614960754,"1 Ryan Garden
Lake Dominicshire
B9 4QN",Female,Eastmoor Teaching Hospitals NHS Trust,Asian,India,British Citizen,Medical,Registrar,Emergency & Urgent Care,SPR,35.55,2020-07-15,2020-08-19,15.0,0.4,None,Permanent,Inactive,PR795439,2028-06-18,GS428179,2027-04-22,2026-12-30,2020-08-05
EMP0924-20260916_215328,Christopher,Storey,zjackson@example.net,1968-07-10,+44(0)118 496 0052,"82 Mohammad Pass
Lake Conor
E50 9GS",Female,Midlands Central Hospitals NHS Trust,Black,Trinidad and Tobago,Dependent,Medical,Registrar,Women & Children,SPR,42.81,2024-09-16,2024-10-21,15.0,0.4,None,Fixed Term,Active,QW858908,2030-01-24,UZ089856,2028-05-29,2026-10-13,2024-10-07
EMP0925-20260916_215328,Paula,Chapman,glenn69@example.net,1976-11-28,+44(0)1414960313,"341 Harding Crescent
Allenbury
S1H 5GT",Male,Hillcrest Medical Centres NHS Trust,Mixed,Australia,Dependent,Admin,Receptionist,Surgery & Cancer,3,15.24,2026-07-08,2026-08-19,15.0,0.4,GMC,Fixed Term,Suspended,YU339681,2027-03-29,BD138161,2030-02-18,2026-10-28,2026-07-29
EMP0926-20260916_215328,Kerry,Rose,gregory82@example.org,1979-06-13,+44(0)1174960026,"Studio 5
Antony Drive
Shaunton
YO7Y 8UX",Female,Hillcrest Medical Centres NHS Trust,Black,Nigeria,Dependent,Medical,Registrar,Surgery & Cancer,SPR,42.21,2021-02-25,2021-04-01,18.75,0.5,GMC,Permanent,Active,YX822926,2028-03-25,HZ565697,2030-05-23,2027-01-21,2021-03-18
EMP0927-20260916_215328,Claire,Hargreaves,martin97@example.org,1985-04-16,+44306 9990040,"3 Rogers Meadows
Hallland
M9 5EZ",Female,Eastfield Psychological Services NHS Trust,Black,South Africa,Skilled Worker,Admin,Administrator,Medicine & Acute Care,3,15.3,2025-12-01,2026-01-12,15.0,0.4,HCPC,Permanent,Suspended,BM290179,2030-12-20,NE486656,2029-10-28,2026-10-30,2025-12-22
EMP0928-20260916_215328,Joel,Faulkner,richardsamanda@example.org,2000-07-17,(0113)4960611,"00 Thomas Extensions
Lake Kathleenfurt
E28 6PG",Female,Oakridge Community Services NHS Trust,Asian,India,ILR,Admin,Receptionist,Women & Children,3,15.65,2025-11-14,2025-12-26,18.75,0.5,NMC,Fixed Term,Active,NI837601,2028-08-10,RG941007,2028-09-08,2027-01-27,2025-12-05
EMP0929-20260916_215328,Marilyn,Ali,qodonnell@example.org,1981-03-29,0117 496 0593,"5 Anne Drive
Fraserfort
L89 7BS",Female,Eastfield Psychological Services NHS Trust,Mixed,South Africa,ILR,Nursing,Senior Staff Nurse,Critical Care & Anaesthesia,6,25.43,2023-08-31,2023-10-12,20.0,0.53,GMC,Permanent,On Leave,IL202292,2027-09-23,FS661985,2030-11-23,2027-04-07,2023-09-21
EMP0930-20260916_215328,Duncan,Jones,tanderson@example.org,1998-06-20,+44(0)141 496 0853,"232 Linda Lane
East Stanleyview
L0 8EP",Female,Eastfield Psychological Services NHS Trust,Mixed,Kenya,Skilled Worker,AHP,Speech Therapist,Clinical Support Services,6,26.28,2018-12-02,2019-01-13,30.0,0.8,None,Fixed Term,Active,NE911433,2028-08-01,JT115073,2028-05-03,2027-07-25,2018-12-23
EMP0931-20260916_215328,Molly,Jackson,sallypage@example.org,2004-08-13,+44116 4960127,"Flat 4
Fisher Plaza
New Carolynburgh
DG1N 2XQ",Female,Northwood Mental Health NHS Trust,White,United Kingdom,ILR,AHP,Physiologist,Corporate Services,6,25.23,2019-04-16,2019-05-14,20.0,0.53,GMC,Bank,Suspended,DG777487,2029-03-26,BX091782,2027-06-23,2027-06-03,2019-05-07
EMP0932-20260916_215328,Jennifer,Patel,jacquelinebennett@example.net,1975-06-29,+44(0)2074960217,"13 Christine Keys
Smithfurt
B7S 6UU",Female,Greenhaven Acute & Specialist Care NHS Trust,White,New Zealand,Skilled Worker,Nursing,Nursery Nurse,Critical Care & Anaesthesia,2,13.47,2019-12-07,2020-01-04,37.5,1.0,GMC,Bank,Inactive,LY172275,2026-09-22,ML948674,2029-07-26,2026-10-18,2019-12-28
EMP0933-20260916_215328,Marian,Lowe,eedwards@example.com,1972-05-21,+44115 4960606,"410 Cameron Mountains
Lake Robin
W2 1SQ",Male,Valleyview Mental Wellness NHS Trust,White,Canada,British Citizen,Admin,Receptionist,Corporate Services,3,13.57,2024-08-21,2024-10-02,30.0,0.8,None,Fixed Term,Active,EQ596152,2027-05-03,AQ173705,2030-07-13,2026-12-27,2024-09-11
EMP0934-20260916_215328,Emily,Hill,baxterdamian@example.com,1998-03-07,0118 4960540,"Studio 3
Bennett Valleys
Dawsonview
RH9 4FN",Female,Eastmoor Teaching Hospitals NHS Trust,White,United Kingdom,Skilled Worker,AHP,Pharmacist,Clinical Support Services,5,22.79,2022-09-05,2022-10-03,20.0,0.53,NMC,Bank,Inactive,VX711962,2030-08-08,EX747523,2027-01-09,2026-09-22,2022-09-26
EMP0935-20260916_215328,Margaret,Rees,vsmith@example.org,1963-07-15,+44(0)808 157 0833,"Studio 8
Josephine Junction
Lake Benville
PR6 3EF",Female,Eastfield Psychological Services NHS Trust,Black,Ghana,British Citizen,Nursing,Nursery Nurse,Critical Care & Anaesthesia,2,14.0,2023-10-27,2023-12-08,30.0,0.8,NMC,Fixed Term,On Leave,FD707958,2028-03-23,UG414808,2029-08-13,2027-08-16,2023-11-17
EMP0936-20260916_215328,Paula,Palmer,martinannette@example.com,1970-04-15,+441164960557,"301 Little Rest
Gregoryside
SE70 7PB",Male,Midlands Central Hospitals NHS Trust,White,United Kingdom,British Citizen,Nursing,Nursery Nurse,Surgery & Cancer,2,13.62,2022-12-30,2023-01-27,20.0,0.53,HCPC,Bank,Active,RK178646,2030-06-21,UA552367,2027-10-10,2027-06-15,2023-01-20
EMP0937-20260916_215328,Maria,Marshall,jsmith@example.com,1999-09-30,+44(0)121 4960529,"9 Debra Vista
Iaintown
KW9P 9JA",Female,Valleyview Mental Wellness NHS Trust,Black,Kenya,Dependent,Medical,Consultant,Corporate Services,CONS,66.26,2020-01-27,2020-02-24,30.0,0.8,HCPC,Bank,On Leave,RM091054,2029-11-30,PG638100,2028-07-25,2027-06-23,2020-02-17
EMP0938-20260916_215328,Terry,Wood,leahyoung@example.org,1971-11-15,(0117)4960664,"Flat 7
Alexander Cape
South Donnafurt
W65 7WB",Male,Westborough Acute Care NHS Trust,Black,Ghana,ILR,Nursing,Healthcare Assistant,Surgery & Cancer,2,13.19,2025-06-18,2025-07-30,18.75,0.5,GMC,Permanent,Inactive,TI028411,2030-11-06,WR073355,2030-09-12,2027-01-15,2025-07-09
EMP0939-20260916_215328,Irene,Allen,benosullivan@example.com,2006-02-01,+44(0)9098790259,"Studio 21A
Clifford Spurs
East Dean
N7 1ZH",Female,Meadowbrook Community Health NHS Trust,Mixed,China,Skilled Worker,AHP,Occupational Therapist,Surgery & Cancer,6,27.55,2023-09-03,2023-10-15,18.75,0.5,GMC,Fixed Term,On Leave,AP900766,2030-04-23,XF867306,2030-05-02,2027-09-07,2023-09-24
EMP0940-20260916_215328,Marie,Fox,pburton@example.org,1979-02-09,(0909) 879 0170,"044 Carter Loop
New Lindsey
TA9 0WU",Male,Westborough Acute Care NHS Trust,Black,Nigeria,British Citizen,Nursing,Charge Nurse,Women & Children,7,30.43,2020-05-10,2020-06-07,20.0,0.53,GMC,Permanent,Inactive,TB665612,2027-07-08,YW136435,2028-11-07,2027-06-05,2020-05-31
EMP0941-20260916_215328,Lawrence,Dean,leannesteele@example.net,1986-07-05,(0191) 4960349,"Studio 11
Kenneth Via
Cherylfurt
E32 1TN",Male,Oakridge Community Services NHS Trust,Black,Nigeria,British Citizen,Admin,Administrator,Corporate Services,3,15.86,2017-01-10,2017-02-21,30.0,0.8,NMC,Bank,Inactive,PU832672,2030-08-14,SR905125,2031-08-17,2027-04-28,2017-01-31
EMP0942-20260916_215328,Terry,Craig,graysamuel@example.net,1996-11-10,+44(0)141 496 0565,"272 Marian Groves
Lewischester
SW5Y 4RD",Female,Bluewater Community & Rehabilitation NHS Trust,Mixed,New Zealand,Dependent,Medical,Consultant,Women & Children,CONS,55.09,2025-05-25,2025-06-22,20.0,0.53,HCPC,Bank,On Leave,UZ552756,2030-05-03,IE939387,2030-06-01,2027-05-10,2025-06-15
EMP0943-20260916_215328,Sandra,Stewart,marcbruce@example.org,1999-09-28,(0191) 496 0082,"3 Jayne Extension
Marilynburgh
GU61 8UE",Female,Lakeside District Hospitals NHS Trust,White,New Zealand,Dependent,AHP,Pharmacist,Medicine & Acute Care,5,20.9,2022-03-11,2022-04-15,15.0,0.4,NMC,Permanent,On Leave,UW930228,2026-12-05,EC477428,2031-06-06,2026-12-01,2022-04-01
EMP0944-20260916_215328,Anthony,Davies,annafoster@example.org,1973-04-09,(0118) 496 0741,"3 Peter Rest
East Christopher
N91 4JQ",Male,Greenhaven Acute & Specialist Care NHS Trust,Asian,China,Dependent,Admin,Receptionist,Medicine & Acute Care,3,16.02,2022-02-02,2022-03-02,30.0,0.8,NMC,Fixed Term,Active,FQ304136,2030-10-07,OB411951,2029-11-26,2027-07-03,2022-02-23
EMP0945-20260916_215328,Marie,Atkins,nmurphy@example.org,1974-01-26,(0151) 4960491,"24 Douglas Bypass
Chelseaport
ST49 5DG",Female,Westmere Community Health NHS Trust,White,United Kingdom,Skilled Worker,Nursing,Ward Manager,Women & Children,8A,30.27,2025-04-22,2025-05-27,18.75,0.5,HCPC,Fixed Term,On Leave,MQ753696,2029-01-29,WU065698,2027-09-16,2026-11-28,2025-05-13
EMP0946-20260916_215328,Clifford,Taylor,bryan46@example.com,2007-10-01,0131 4960092,"Flat 23n
Cooper Summit
New Eric
CO26 3XZ",Male,Midlands Central Hospitals NHS Trust,Asian,China,Skilled Worker,Nursing,Staff Nurse,Clinical Support Services,5,20.02,2024-10-16,2024-11-20,30.0,0.8,NMC,Permanent,Active,ME583677,2027-06-11,FP486500,2027-07-20,2027-08-11,2024-11-06
EMP0947-20260916_215328,Paul,Quinn,nicholsonjeffrey@example.org,2007-02-24,+44(0)1632960844,"1 Parkinson Street
Mandyfort
E9U 4GW",Female,Bluewater Community & Rehabilitation NHS Trust,Mixed,United States,Dependent,AHP,Physiotherapist,Critical Care & Anaesthesia,6,26.82,2022-06-08,2022-07-20,15.0,0.4,None,Fixed Term,Suspended,NG923512,2029-08-02,AP647046,2030-02-01,2027-03-02,2022-06-29
EMP0948-20260916_215328,Edward,Bailey,marcus51@example.com,1984-10-20,+441144960162,"179 Victoria Green
Emmaview
BL7H 7QA",Female,Meadowbrook Community Health NHS Trust,Mixed,Barbados,British Citizen,Medical,Registrar,Critical Care & Anaesthesia,SPR,35.65,2022-09-19,2022-10-17,30.0,0.8,None,Fixed Term,Suspended,GC877887,2029-07-10,CM534972,2027-05-01,2026-09-28,2022-10-10
EMP0949-20260916_215328,Edward,Edwards,harrisnaomi@example.org,1986-10-27,+44115 4960044,"Studio 2
Aaron Road
Alexandraview
W62 4WX",Male,Eastfield Psychological Services NHS Trust,White,United States,Skilled Worker,AHP,Occupational Therapist,Emergency & Urgent Care,6,22.68,2023-02-12,2023-03-19,18.75,0.5,HCPC,Fixed Term,On Leave,LG588446,2031-03-20,MJ024135,2029-08-25,2026-12-08,2023-03-05
EMP0950-20260916_215328,Annette,Davis,melissa36@example.org,1967-09-02,+441214960063,"108 Samantha Manor
Cliveborough
S0B 0QG",Female,Bluewater Community & Rehabilitation NHS Trust,Black,South Africa,ILR,Medical,SHO,Surgery & Cancer,SHO,30.13,2020-06-16,2020-07-28,30.0,0.8,GMC,Bank,On Leave,RF678233,2031-05-27,BZ174549,2028-09-17,2026-11-04,2020-07-07
EMP0951-20260916_215328,Brian,Rogers,milesdenise@example.org,1998-11-20,+44(0)1632960357,"Flat 9
Simon Coves
Brookeston
WR6 1LG",Female,Hillcrest Medical Centres NHS Trust,Asian,China,British Citizen,Admin,Medical Secretary,Medicine & Acute Care,4,16.68,2020-02-13,2020-03-19,20.0,0.53,HCPC,Fixed Term,Suspended,LS822574,2030-05-09,SB993557,2028-07-22,2027-06-24,2020-03-05
EMP0952-20260916_215328,Malcolm,King,jdavies@example.org,1980-10-23,+44(0)161 4960803,"64 Margaret Street
Smithburgh
SN3 4LT",Male,Riverbank General Hospitals NHS Trust,Black,Ghana,Skilled Worker,AHP,Physiologist,Critical Care & Anaesthesia,6,27.33,2021-10-06,2021-11-10,15.0,0.4,NMC,Bank,Suspended,ZT006323,2029-06-18,JP667958,2028-12-20,2027-07-02,2021-10-27
EMP0953-20260916_215328,Marion,Palmer,tbishop@example.org,1996-01-10,+44(0)116 4960544,"760 Shaw Knoll
Bakerton
B3 7UZ",Female,Meadowbrook Community Health NHS Trust,White,United Kingdom,ILR,AHP,Radiographer,Clinical Support Services,6,24.9,2018-05-12,2018-06-16,15.0,0.4,None,Bank,On Leave,QO209360,2029-04-02,JQ753523,2027-10-11,2026-10-27,2018-06-02
EMP0954-20260916_215328,Harry,Sanders,taylorkeith@example.com,1998-10-05,(0115) 4960447,"1 Palmer Inlet
Thompsonton
E03 8XN",Female,Bluewater Community & Rehabilitation NHS Trust,Black,Nigeria,British Citizen,Admin,Data Analyst,Women & Children,8A,35.42,2020-05-05,2020-06-16,37.5,1.0,GMC,Permanent,Suspended,UK953211,2029-12-15,AM412170,2030-06-30,2027-01-07,2020-05-26
EMP0955-20260916_215328,Jonathan,Evans,gavin59@example.org,1966-12-23,(0191) 496 0162,"Studio 67
Dean Spring
Port Frederick
HP0W 8GP",Female,Midlands Central Hospitals NHS Trust,Mixed,India,British Citizen,Medical,Consultant,Clinical Support Services,CONS,68.73,2024-06-09,2024-07-14,20.0,0.53,NMC,Bank,On Leave,UE780284,2029-03-17,FZ265311,2028-10-27,2027-01-24,2024-06-30
EMP0956-20260916_215328,Graeme,Adams,robertsgarry@example.net,1984-05-28,0151 4960570,"Flat 9
Lynne Hills
Lake Clare
GU2W 8QF",Female,Southvale Hospitals NHS Trust,Asian,Japan,ILR,Admin,Administrator,Medicine & Acute Care,3,15.26,2026-05-24,2026-07-05,18.75,0.5,GMC,Fixed Term,Suspended,BT571612,2027-02-08,GL846211,2029-10-05,2026-10-06,2026-06-14
EMP0957-20260916_215328,Bryan,Davidson,sduffy@example.net,1998-07-01,+44(0)118 4960319,"5 Robert Cove
East Abdul
SS88 4AZ",Male,Midlands Central Hospitals NHS Trust,White,Australia,Skilled Worker,AHP,Occupational Therapist,Medicine & Acute Care,6,27.11,2021-03-22,2021-05-03,20.0,0.53,NMC,Bank,Suspended,QJ687776,2031-06-21,CX187716,2028-12-06,2026-11-07,2021-04-12
EMP0958-20260916_215328,Kim,Haynes,apeters@example.net,1967-10-15,+44(0)29 2018 0920,"9 Rachel Oval
West Sylviafort
HD8N 5YS",Male,Northwood Mental Health NHS Trust,Mixed,Thailand,ILR,AHP,Physiologist,Corporate Services,6,26.42,2017-11-09,2017-12-07,30.0,0.8,HCPC,Permanent,Suspended,JU860444,2029-11-07,LQ692424,2027-05-31,2027-08-09,2017-11-30
EMP0959-20260916_215328,Jane,Gregory,dennisbutler@example.com,1967-11-05,01632 960 950,"125 Lynn Oval
Patriciaburgh
NG3 0YL",Male,Hillcrest Medical Centres NHS Trust,Asian,Japan,British Citizen,Nursing,Nursery Nurse,Emergency & Urgent Care,2,13.06,2017-05-02,2017-05-30,37.5,1.0,None,Bank,On Leave,QT476536,2029-05-09,ZO743159,2027-03-30,2027-01-28,2017-05-23
EMP0960-20260916_215328,Graham,Phillips,tom80@example.org,1972-11-03,(0808) 1570872,"58 Douglas Skyway
Alicefort
TF02 4DR",Female,Riverbank General Hospitals NHS Trust,Black,Trinidad and Tobago,Skilled Worker,AHP,Physiologist,Women & Children,6,25.99,2025-12-04,2026-01-01,20.0,0.53,NMC,Bank,On Leave,BF452580,2031-08-09,XL701282,2028-06-13,2027-01-10,2025-12-25
EMP0961-20260916_215328,Marion,Reeves,smorris@example.com,2003-07-03,+44161 4960814,"Flat 1
Burrows Mission
Port Carlyhaven
KA5 2YY",Female,Oakridge Community Services NHS Trust,Mixed,Thailand,British Citizen,Nursing,Ward Manager,Critical Care & Anaesthesia,8A,35.88,2019-10-08,2019-11-19,20.0,0.53,HCPC,Bank,Active,PH202102,2031-09-06,RO762267,2030-06-14,2026-11-30,2019-10-29
EMP0962-20260916_215328,Linda,Thompson,richardsonmitchell@example.org,2004-08-21,(0141) 496 0890,"Studio 1
Williams Overpass
Natashaburgh
M65 8JH",Male,Broadfield Clinical Services NHS Trust,White,United States,Skilled Worker,Medical,Consultant,Critical Care & Anaesthesia,CONS,69.2,2020-05-13,2020-06-17,30.0,0.8,None,Bank,Inactive,DS106227,2030-11-24,LZ607187,2031-06-22,2027-08-22,2020-06-03
EMP0963-20260916_215328,Roy,Davies,zprice@example.com,1970-02-10,(0909)8790640,"735 Rosemary Light
South Alisonview
IG6P 5ZP",Female,Riverbank General Hospitals NHS Trust,Black,Ghana,ILR,Medical,Consultant,Medicine & Acute Care,CONS,63.1,2023-10-08,2023-11-19,30.0,0.8,None,Permanent,Suspended,SY876474,2029-06-22,KE762915,2029-12-21,2027-07-07,2023-10-29
EMP0964-20260916_215328,Denise,Richardson,morrisshane@example.com,2005-06-12,+44116 496 0122,"Flat 70
Jessica Stravenue
Port Mitchellshire
W67 8RT",Male,Westborough Acute Care NHS Trust,Mixed,Australia,ILR,AHP,Pharmacist,Women & Children,5,21.53,2023-02-15,2023-03-22,20.0,0.53,None,Permanent,Suspended,BT338392,2027-07-06,ZW378169,2029-10-31,2027-07-22,2023-03-08
EMP0965-20260916_215328,Michael,Hall,swilkinson@example.net,1997-11-11,01184960566,"7 Jonathan Streets
New Gemmaborough
LS02 8JH",Male,Northshire University Hospitals NHS Trust,White,Australia,Dependent,AHP,Occupational Therapist,Clinical Support Services,6,25.35,2025-01-27,2025-03-03,18.75,0.5,None,Bank,Suspended,OK623477,2026-12-18,EK167228,2031-06-09,2027-07-05,2025-02-17
EMP0966-20260916_215328,Katherine,Jenkins,cameron42@example.net,1967-11-12,(029) 2018790,"Flat 08
Walsh Common
Ellisville
PR88 8PF",Female,Eastmoor Teaching Hospitals NHS Trust,Black,Barbados,Dependent,Nursing,Ward Manager,Emergency & Urgent Care,8A,32.7,2017-07-16,2017-08-27,20.0,0.53,GMC,Bank,On Leave,SB277745,2029-06-13,ZT382606,2027-07-28,2027-06-02,2017-08-06
EMP0967-20260916_215328,Valerie,Taylor,bwatson@example.com,1989-01-17,01614960624,"365 Karl Villages
Lake Charlotte
E44 9TW",Male,Eastfield Psychological Services NHS Trust,Black,Nigeria,ILR,Admin,Medical Secretary,Corporate Services,4,18.88,2018-03-25,2018-04-29,18.75,0.5,None,Permanent,On Leave,YX545450,2028-08-19,QY876404,2031-01-13,2027-06-17,2018-04-15
EMP0968-20260916_215328,Geoffrey,Law,phillipsclive@example.com,1970-07-01,+44(0)289018324,"Flat 4
Watson Lane
Daniellestad
EN6R 6WG",Male,Northwood Mental Health NHS Trust,Black,Kenya,Skilled Worker,Medical,GP,Clinical Support Services,GP,54.34,2022-05-01,2022-05-29,20.0,0.53,HCPC,Permanent,Active,BD173516,2030-08-15,NH178422,2029-10-14,2027-03-17,2022-05-22
EMP0969-20260916_215328,Janice,Robinson,sara36@example.net,1972-07-14,0151 496 0996,"Flat 42D
Stevens Parks
Harrischester
KY70 4WH",Female,Northwood Mental Health NHS Trust,White,Australia,British Citizen,AHP,Physiotherapist,Critical Care & Anaesthesia,6,25.73,2024-12-16,2025-01-27,18.75,0.5,HCPC,Fixed Term,Active,RU113687,2030-09-30,QY364548,2030-02-16,2027-03-19,2025-01-06
EMP0970-20260916_215328,Sharon,Davis,hbarry@example.com,1983-12-13,0151 4960224,"512 Thompson Meadow
West Frankfort
S4 9BT",Male,Valleyview Mental Wellness NHS Trust,Asian,India,Skilled Worker,Admin,Administrator,Medicine & Acute Care,3,15.81,2016-12-08,2017-01-12,18.75,0.5,HCPC,Fixed Term,Suspended,IH868844,2029-08-10,BL816445,2030-02-03,2026-10-16,2016-12-29
EMP0971-20260916_215328,Ashleigh,Lewis,sharon11@example.com,2000-12-11,+44121 496 0686,"92 Toby Parkways
Kerrystad
E3E 4PQ",Female,Hillcrest Medical Centres NHS Trust,Black,Barbados,British Citizen,Admin,Administrator,Emergency & Urgent Care,3,15.24,2024-08-22,2024-09-26,20.0,0.53,None,Bank,Active,GP960738,2028-06-20,HL517625,2027-07-23,2027-08-06,2024-09-12
EMP0972-20260916_215328,Hayley,Sykes,patrick10@example.org,1967-05-02,+44121 4960626,"Flat 9
Chambers Islands
Lesleyberg
LN5 2LA",Male,Riverbank General Hospitals NHS Trust,Mixed,Barbados,British Citizen,AHP,Pharmacist,Medicine & Acute Care,5,19.48,2025-12-20,2026-01-31,30.0,0.8,None,Permanent,On Leave,BE588957,2027-12-29,YN812536,2031-09-01,2026-09-22,2026-01-10
EMP0973-20260916_215328,Sara,Barnett,frankdean@example.org,1997-11-07,02074960923,"72 Elliot Extension
East Juliestad
E5 9RT",Female,Broadfield Clinical Services NHS Trust,White,Australia,British Citizen,Medical,GP,Critical Care & Anaesthesia,GP,57.53,2016-11-10,2016-12-08,15.0,0.4,NMC,Permanent,Suspended,IR848381,2028-02-29,LW817559,2031-04-07,2027-07-23,2016-12-01
EMP0974-20260916_215328,Kelly,Moore,leannereeves@example.com,1998-08-05,+44(0)191 4960854,"94 Brett Lane
Brandonstad
UB1W 9XL",Male,Broadfield Clinical Services NHS Trust,Mixed,Ghana,ILR,Admin,Data Analyst,Clinical Support Services,8A,33.35,2023-04-19,2023-05-31,18.75,0.5,GMC,Fixed Term,On Leave,AA987964,2030-02-05,MP990480,2028-01-24,2026-10-21,2023-05-10
EMP0975-20260916_215328,Dennis,Lucas,suttonbeverley@example.org,1961-11-03,+441632960942,"993 Bell Common
Robertsmouth
N01 4NH",Male,Northwood Mental Health NHS Trust,White,Canada,Skilled Worker,Nursing,Healthcare Assistant,Clinical Support Services,2,13.35,2024-07-20,2024-08-17,18.75,0.5,GMC,Bank,Inactive,PI835388,2028-07-16,PL037254,2030-06-23,2027-05-30,2024-08-10
EMP0976-20260916_215328,Gemma,George,bdavis@example.com,1974-12-09,+44(0)117 496 0593,"7 Tom Light
West Allanmouth
CV2Y 0BF",Male,Riverbank General Hospitals NHS Trust,Asian,Japan,British Citizen,Medical,GP,Surgery & Cancer,GP,47.98,2018-02-02,2018-03-16,15.0,0.4,None,Fixed Term,On Leave,RC629002,2030-02-23,HO832336,2030-07-21,2027-07-27,2018-02-23
EMP0977-20260916_215328,Barbara,Smith,xanderson@example.net,1982-11-11,(0115)4960868,"Flat 22
Brown Walk
Smithberg
G1K 9AR",Male,Northshire University Hospitals NHS Trust,Black,Ghana,Skilled Worker,AHP,Pharmacist,Critical Care & Anaesthesia,5,19.1,2021-06-29,2021-08-03,37.5,1.0,None,Bank,On Leave,RH548218,2031-05-29,ZR283501,2031-08-25,2027-05-24,2021-07-20
EMP0978-20260916_215328,Eileen,Cox,lsaunders@example.net,1974-07-11,+44113 496 0257,"Flat 46x
Jordan Isle
Simmonschester
G96 1GE",Male,Riverbank General Hospitals NHS Trust,Mixed,New Zealand,ILR,Medical,SHO,Medicine & Acute Care,SHO,26.66,2023-03-31,2023-04-28,18.75,0.5,HCPC,Permanent,Suspended,BX244132,2029-01-29,RH058144,2027-04-23,2027-05-07,2023-04-21
EMP0979-20260916_215328,Timothy,King,sandra45@example.org,2001-04-02,(0117) 4960890,"700 Hussain Skyway
South Trevor
CB5H 3YP",Female,Greenhaven Acute & Specialist Care NHS Trust,White,Canada,British Citizen,Medical,GP,Corporate Services,GP,47.58,2017-03-19,2017-04-30,30.0,0.8,HCPC,Fixed Term,Suspended,TF808575,2030-10-21,KI685396,2028-05-03,2026-12-18,2017-04-09
EMP0980-20260916_215328,Emily,Butcher,gregoryjudith@example.org,1984-10-20,+44131 496 0558,"Flat 74
Eric Valley
North Holliehaven
WN7 2XL",Female,Riverbank General Hospitals NHS Trust,Mixed,Trinidad and Tobago,British Citizen,AHP,Speech Therapist,Women & Children,6,28.2,2024-07-10,2024-08-14,20.0,0.53,HCPC,Bank,Active,FL670259,2028-07-21,XW810389,2030-07-27,2026-11-11,2024-07-31
EMP0981-20260916_215328,Damian,Davies,woodtrevor@example.com,1982-08-14,01214960987,"200 Damian Island
South Jason
S6H 8BL",Male,Lakeside District Hospitals NHS Trust,Asian,Thailand,British Citizen,Admin,Receptionist,Medicine & Acute Care,3,14.63,2025-03-25,2025-04-29,20.0,0.53,HCPC,Bank,Suspended,EA106320,2027-01-20,YF878822,2029-07-15,2027-05-01,2025-04-15
EMP0982-20260916_215328,Tom,Murphy,mdavis@example.org,1961-03-08,+44116 496 0062,"Studio 13
Rosie Hills
Cherylton
KY8H 8YA",Female,Horizon Integrated Health Partnership NHS Trust,White,Canada,ILR,Medical,Registrar,Critical Care & Anaesthesia,SPR,36.83,2019-02-16,2019-03-30,30.0,0.8,HCPC,Permanent,Active,MD683866,2026-10-16,LQ767201,2031-04-26,2026-09-26,2019-03-09
EMP0983-20260916_215328,James,Hayes,cliffordbarnes@example.com,1995-09-03,+443069990491,"75 Edward Branch
Josephtown
W1 4RP",Female,Bluewater Community & Rehabilitation NHS Trust,Mixed,Barbados,British Citizen,AHP,Pharmacist,Corporate Services,5,22.25,2024-09-01,2024-09-29,20.0,0.53,None,Fixed Term,Inactive,JL781529,2028-01-14,HY224032,2026-10-31,2026-10-29,2024-09-22
EMP0984-20260916_215328,Louis,West,franklingeorgina@example.net,1975-01-25,+44(0)292018309,"0 Bradshaw Meadows
South Samantha
E6U 3RB",Male,Westmere Community Health NHS Trust,Asian,Thailand,ILR,AHP,Physiologist,Corporate Services,6,27.6,2024-11-11,2024-12-09,15.0,0.4,NMC,Fixed Term,Suspended,JK705382,2026-11-26,BJ732644,2029-06-09,2027-01-19,2024-12-02
EMP0985-20260916_215328,Malcolm,Reynolds,iwalker@example.com,1975-06-14,(0117) 4960171,"0 Guy Road
Lake Kylechester
W4H 2WW",Male,Broadfield Clinical Services NHS Trust,Asian,China,Skilled Worker,AHP,Physiologist,Medicine & Acute Care,6,22.87,2023-02-08,2023-03-08,15.0,0.4,NMC,Bank,Suspended,BF112475,2030-08-17,NZ701783,2031-05-14,2027-06-28,2023-03-01
EMP0986-20260916_215328,Callum,Brooks,sjohnson@example.com,1984-01-30,+44909 879 0336,"35 Trevor Place
Ritashire
S84 0LT",Male,Eastmoor Teaching Hospitals NHS Trust,Asian,Japan,British Citizen,AHP,Physiologist,Corporate Services,6,26.62,2021-02-14,2021-03-28,15.0,0.4,None,Bank,On Leave,YK341858,2029-05-01,HQ988588,2031-09-07,2027-04-21,2021-03-07
EMP0987-20260916_215328,Gemma,Grant,timothyhopkins@example.org,1994-06-05,+44(0)1514960875,"1 Mills Mill
Lake Paige
SE0A 1NG",Female,Westmere Community Health NHS Trust,Mixed,Australia,Dependent,Nursing,Ward Manager,Emergency & Urgent Care,8A,32.52,2018-12-04,2019-01-08,37.5,1.0,HCPC,Bank,Suspended,FV197898,2031-03-16,NX779397,2029-11-14,2027-08-20,2018-12-25
EMP0988-20260916_215328,Jamie,Hughes,sjenkins@example.com,1961-10-12,(0131) 4960979,"9 Jeffrey Ports
Paultown
NG93 7YJ",Male,Southvale Hospitals NHS Trust,Mixed,New Zealand,ILR,Admin,Medical Secretary,Women & Children,4,15.7,2025-10-26,2025-12-07,37.5,1.0,None,Permanent,Active,RU569473,2028-06-07,PV483187,2029-09-24,2026-09-21,2025-11-16
EMP0989-20260916_215328,Bradley,Cox,abigail68@example.com,1989-07-09,(0191)4960434,"004 Morgan Crossing
Lyndaside
TS65 7HT",Male,Valleyview Mental Wellness NHS Trust,Black,Barbados,Dependent,Medical,Consultant,Women & Children,CONS,51.46,2020-06-05,2020-07-10,18.75,0.5,GMC,Fixed Term,Inactive,RR473732,2028-01-21,UP975706,2030-03-27,2027-09-02,2020-06-26
EMP0990-20260916_215328,Matthew,Ali,robertsolivia@example.net,1999-10-04,08081570989,"237 Gould Drive
Thompsonburgh
IP0 3SG",Male,Southgate Community & Mental Health NHS Trust,White,Australia,ILR,Medical,GP,Clinical Support Services,GP,61.43,2026-03-30,2026-05-11,20.0,0.53,None,Permanent,Suspended,CJ340695,2031-04-09,BM842122,2029-12-07,2026-10-30,2026-04-20
EMP0991-20260916_215328,Josephine,Evans,cooperpauline@example.net,1978-09-06,+4428 9018 0353,"Studio 90
Tony Point
West Josephine
SE3 2AH",Male,Midlands Central Hospitals NHS Trust,Mixed,New Zealand,British Citizen,Admin,Medical Secretary,Critical Care & Anaesthesia,4,16.65,2026-01-29,2026-03-05,18.75,0.5,HCPC,Fixed Term,Active,VJ147270,2028-11-03,ZJ054070,2027-12-25,2027-07-16,2026-02-19
EMP0992-20260916_215328,Sam,Watts,charlie49@example.org,1965-11-30,+44191 496 0753,"Flat 58i
Walker Mill
Port Francis
S0 6SB",Male,Lakeside District Hospitals NHS Trust,Black,Ghana,ILR,Nursing,Ward Manager,Critical Care & Anaesthesia,8A,33.07,2019-02-01,2019-03-08,37.5,1.0,None,Permanent,Active,UF658036,2029-03-11,FO850284,2027-03-17,2027-08-05,2019-02-22
EMP0993-20260916_215328,Lydia,Chamberlain,teresaknight@example.org,1966-11-21,(0151)4960966,"6 Rosie Landing
Phillipsfort
N7T 0DN",Male,Valleyview Mental Wellness NHS Trust,Mixed,Thailand,Dependent,AHP,Physiologist,Surgery & Cancer,6,27.56,2019-11-21,2019-12-19,20.0,0.53,None,Fixed Term,On Leave,JP598727,2028-03-27,MI598768,2029-08-13,2027-06-28,2019-12-12
EMP0994-20260916_215328,Holly,Houghton,philip97@example.net,1994-03-14,(0121) 496 0461,"956 Eleanor Pines
New Hayleymouth
N9 1NY",Female,Northwood Mental Health NHS Trust,White,United Kingdom,Skilled Worker,Medical,GP,Emergency & Urgent Care,GP,46.69,2025-08-19,2025-09-30,37.5,1.0,GMC,Fixed Term,Suspended,GB217502,2029-08-10,TB309374,2027-08-08,2026-10-10,2025-09-09
EMP0995-20260916_215328,Robert,Brown,bjohnson@example.com,1985-02-28,+44115 496 0661,"Studio 88N
Atkins Garden
New Traceyview
E14 7ZT",Female,Eastmoor Teaching Hospitals NHS Trust,Asian,China,British Citizen,Nursing,Healthcare Assistant,Corporate Services,2,12.38,2019-04-21,2019-05-26,37.5,1.0,None,Fixed Term,Suspended,NC553403,2030-04-29,MS771351,2027-04-30,2027-03-11,2019-05-12
EMP0996-20260916_215328,Alison,Ashton,edwardscheryl@example.net,1990-10-28,0909 879 0578,"96 Rosie Locks
Lake Annettetown
E33 5TW",Female,Horizon Integrated Health Partnership NHS Trust,Mixed,Kenya,ILR,Medical,Consultant,Clinical Support Services,CONS,68.38,2022-07-22,2022-09-02,37.5,1.0,GMC,Bank,Active,AZ067820,2028-10-19,LZ593300,2029-09-17,2027-04-27,2022-08-12
EMP0997-20260916_215328,Ben,Coles,swatts@example.com,1970-08-26,+44(0)118 496 0755,"971 Payne Fords
Donnaton
BT81 0HP",Male,Oakridge Community Services NHS Trust,Asian,Japan,Dependent,Admin,Receptionist,Women & Children,3,15.43,2017-03-09,2017-04-06,20.0,0.53,HCPC,Bank,Active,LD270362,2028-08-07,OJ310673,2028-12-01,2027-09-06,2017-03-30
EMP0998-20260916_215328,Emily,Wright,francis64@example.com,2005-05-02,+44(0)116 496 0787,"Studio 16
Trevor Branch
Port Deanmouth
L4 0XX",Male,Lakeside District Hospitals NHS Trust,Mixed,United States,British Citizen,Nursing,Staff Nurse,Emergency & Urgent Care,5,20.64,2026-03-20,2026-04-17,18.75,0.5,GMC,Fixed Term,Suspended,AL946050,2029-08-20,UY870770,2031-05-15,2026-09-22,2026-04-10
EMP0999-20260916_215328,Sylvia,Herbert,christiancarr@example.org,1996-02-19,(0191)4960404,"746 Jones Union
Owenview
W1A 1QX",Male,Lakeside District Hospitals NHS Trust,White,New Zealand,Dependent,AHP,Occupational Therapist,Medicine & Acute Care,6,23.26,2025-09-14,2025-10-12,37.5,1.0,HCPC,Bank,Suspended,ZJ076294,2027-04-27,XK869087,2028-09-09,2026-10-09,2025-10-05
EMP1000-20260916_215328,Leah,Lyons,lewisbrian@example.net,1996-09-03,+44(0)1154960491,"037 Cunningham Center
Barnesmouth
G4G 7QY",Male,Bluewater Community & Rehabilitation NHS Trust,Mixed,Nigeria,Dependent,Medical,GP,Medicine & Acute Care,GP,46.82,2019-01-18,2019-02-22,15.0,0.4,HCPC,Bank,Inactive,KG300600,2028-10-11,UH067612,2030-10-13,2026-11-11,2019-02-08
EMP1001-20260916_215328,Yvonne,Mann,shannon78@example.net,1994-02-18,(01632)960180,"Studio 4
Adam Ports
Christianburgh
E3 3BP",Male,Westborough Acute Care NHS Trust,Asian,India,Skilled Worker,Medical,Registrar,Medicine & Acute Care,SPR,34.42,2021-07-07,2021-08-04,20.0,0.53,HCPC,Bank,Suspended,MX711707,2028-04-13,VE505801,2027-10-15,2027-02-11,2021-07-28
EMP1002-20260916_215328,Eileen,Burns,metcalfealexander@example.net,1965-05-25,02074960761,"602 Williams Cove
West Harryview
SP6N 0XR",Female,Eastmoor Teaching Hospitals NHS Trust,Asian,Japan,ILR,AHP,Radiographer,Surgery & Cancer,6,26.2,2018-06-04,2018-07-09,15.0,0.4,NMC,Fixed Term,Suspended,GM592000,2030-11-27,ER425038,2030-12-09,2027-02-14,2018-06-25
EMP1003-20260916_215328,Christine,Lee,allan60@example.org,1973-04-25,+4429 2018 0836,"Studio 8
Savage Meadow
Connorfort
SN07 2XW",Female,Valleyview Mental Wellness NHS Trust,Mixed,Trinidad and Tobago,ILR,Admin,Receptionist,Critical Care & Anaesthesia,3,16.28,2016-10-07,2016-11-04,20.0,0.53,NMC,Bank,On Leave,PA086475,2026-09-24,JF247288,2027-11-14,2027-08-28,2016-10-28
EMP1004-20260916_215328,Chloe,Ford,robertsrhys@example.com,1989-08-27,0909 879 0540,"Studio 83
Brown Springs
Rogerston
PA0 7NP",Male,Riverbank General Hospitals NHS Trust,Mixed,Barbados,ILR,Medical,Registrar,Corporate Services,SPR,42.88,2023-03-07,2023-04-11,15.0,0.4,GMC,Permanent,Suspended,TJ322479,2031-07-22,GC930768,2031-06-27,2027-04-30,2023-03-28
EMP1005-20260916_215328,Mark,Sharpe,hughday@example.org,2000-08-22,0117 496 0539,"631 Anderson Spring
South Mollyside
EC4 1QX",Female,Riverside Integrated Care NHS Trust,Asian,China,British Citizen,Nursing,Ward Manager,Women & Children,8A,28.53,2025-08-14,2025-09-25,20.0,0.53,GMC,Bank,Inactive,SG240865,2028-01-25,YR665405,2029-03-06,2026-11-14,2025-09-04
EMP1006-20260916_215328,Lee,Bull,pauline74@example.net,1985-04-21,(0161) 4960247,"8 Hayward Drive
New Callummouth
L6H 3FS",Female,Southgate Community & Mental Health NHS Trust,Mixed,Jamaica,Dependent,Medical,FY1/FY2,Medicine & Acute Care,FY1,20.81,2023-10-08,2023-11-19,20.0,0.53,NMC,Permanent,Inactive,YX668734,2027-12-06,OJ044387,2027-09-27,2027-04-22,2023-10-29
EMP1007-20260916_215328,Hayley,Rowley,susandouglas@example.com,1982-12-31,+44(0)1164960298,"Studio 60V
Brennan Ferry
Lake Emmachester
E6B 0XT",Female,Valleyview Mental Wellness NHS Trust,Black,Barbados,Dependent,AHP,Speech Therapist,Corporate Services,6,22.86,2016-11-05,2016-12-10,37.5,1.0,None,Bank,Suspended,HL023284,2027-08-12,DO202985,2027-06-27,2027-06-07,2016-11-26
EMP1008-20260916_215328,Derek,O'Brien,rhys38@example.org,2003-04-30,029 2018 0621,"Flat 9
Tucker Summit
Cartertown
WC6 7RZ",Male,Lakeside District Hospitals NHS Trust,Asian,Japan,Skilled Worker,Medical,GP,Surgery & Cancer,GP,56.34,2019-01-09,2019-02-13,20.0,0.53,GMC,Bank,Inactive,JR278960,2030-08-03,PO676704,2029-03-02,2026-12-07,2019-01-30
EMP1009-20260916_215328,Kathleen,Reynolds,ghaynes@example.net,1963-10-27,+44289018287,"401 Ryan Wall
Rogerside
B3U 1WX",Male,Lakeside District Hospitals NHS Trust,Mixed,Ghana,Dependent,Admin,Medical Secretary,Critical Care & Anaesthesia,4,16.63,2017-11-09,2017-12-21,18.75,0.5,HCPC,Fixed Term,On Leave,PG266760,2028-12-30,JC117059,2029-05-06,2027-05-13,2017-11-30
EMP1010-20260916_215328,Matthew,Joyce,colin89@example.net,1970-11-05,+44(0)2074960976,"3 Linda Burgs
West Marionstad
SP7W 2QP",Male,Valleyview Mental Wellness NHS Trust,White,United States,ILR,AHP,Speech Therapist,Critical Care & Anaesthesia,6,27.46,2017-07-04,2017-08-15,20.0,0.53,HCPC,Fixed Term,Active,HZ093650,2031-05-27,XZ025753,2030-09-18,2027-03-02,2017-07-25
EMP1011-20260916_215328,Janet,O'Brien,steelerebecca@example.net,1987-10-28,+441184960142,"2 Jones Square
Kington
TN8 9DJ",Male,Eastfield Psychological Services NHS Trust,Mixed,China,Dependent,Nursing,Ward Manager,Corporate Services,8A,32.0,2021-09-11,2021-10-16,30.0,0.8,NMC,Permanent,Inactive,BY907048,2029-10-23,TP242440,2030-03-22,2027-08-29,2021-10-02
EMP1012-20260916_215328,Jane,Rogers,neilcoates@example.org,1969-04-25,(020) 7496 0098,"6 Graham Roads
Alisonstad
N12 5XR",Male,Bluewater Community & Rehabilitation NHS Trust,Mixed,Barbados,Dependent,Admin,Receptionist,Medicine & Acute Care,3,16.24,2018-11-12,2018-12-17,20.0,0.53,GMC,Fixed Term,Suspended,XS566804,2027-06-22,MU893223,2026-11-30,2027-01-19,2018-12-03
EMP1013-20260916_215328,Jay,Fuller,louisebegum@example.org,1979-07-14,+44306 9990708,"Flat 1
Hawkins Fall
Lynneburgh
W8 1XF",Male,Horizon Integrated Health Partnership NHS Trust,Mixed,South Africa,Dependent,Admin,Data Analyst,Critical Care & Anaesthesia,8A,30.91,2024-04-19,2024-05-24,30.0,0.8,None,Fixed Term,On Leave,SF389865,2031-08-13,JI414318,2030-08-02,2027-01-01,2024-05-10
EMP1014-20260916_215328,Denis,Conway,frances71@example.com,1964-09-07,(0161) 4960408,"Studio 7
Jasmine Green
Port Chelsea
B6J 2XN",Female,Bluewater Community & Rehabilitation NHS Trust,Asian,India,British Citizen,AHP,Physiologist,Women & Children,6,27.38,2019-02-23,2019-03-30,18.75,0.5,HCPC,Fixed Term,Inactive,LR183277,2030-09-27,OO692824,2031-04-27,2027-09-11,2019-03-16
EMP1015-20260916_215328,Bryan,Sullivan,xnewman@example.com,1988-07-02,+44(0)1632 960928,"Studio 22C
Moore Common
East Mohammad
W98 2TL",Male,Valleyview Mental Wellness NHS Trust,White,United Kingdom,Dependent,Nursing,Senior Staff Nurse,Women & Children,6,25.75,2020-04-25,2020-05-23,30.0,0.8,NMC,Bank,Suspended,QO986350,2027-10-04,TR193662,2027-01-02,2026-09-30,2020-05-16
EMP1016-20260916_215328,Mohammad,Ward,coxelizabeth@example.com,1995-02-20,(0116) 4960991,"Flat 27J
Stevens Terrace
Perkinsberg
EH5E 1JB",Male,Broadfield Clinical Services NHS Trust,Asian,India,ILR,Nursing,Healthcare Assistant,Clinical Support Services,2,14.28,2022-07-14,2022-08-11,15.0,0.4,NMC,Bank,Active,TG178618,2026-11-09,TJ712093,2030-01-23,2027-02-28,2022-08-04
EMP1017-20260916_215328,Hayley,Patel,hussainderek@example.org,1988-05-23,+44(0)141 496 0823,"5 Cameron Springs
Westhaven
RH0Y 8QG",Female,Valleyview Mental Wellness NHS Trust,Black,Nigeria,British Citizen,Medical,FY1/FY2,Women & Children,FY1,18.8,2018-02-22,2018-04-05,20.0,0.53,HCPC,Permanent,Active,HN077490,2027-01-29,QR017599,2030-10-12,2026-10-12,2018-03-15
EMP1018-20260916_215328,Holly,Chamberlain,robertsonyvonne@example.org,1963-04-14,(0118) 4960428,"135 Matthews Land
Port Neilport
SL06 0WP",Female,Northwood Mental Health NHS Trust,White,Canada,British Citizen,Nursing,Ward Manager,Clinical Support Services,8A,29.54,2022-10-31,2022-12-05,37.5,1.0,None,Bank,On Leave,ZC457787,2030-11-15,GN398239,2029-07-15,2027-07-24,2022-11-21
EMP1019-20260916_215328,Bethan,Green,gavinpearce@example.net,1970-08-21,(0117) 4960131,"36 Scott Lake
Bellside
OX7H 9AP",Female,Northwood Mental Health NHS Trust,White,New Zealand,Dependent,Nursing,Staff Nurse,Clinical Support Services,5,19.56,2021-12-06,2022-01-03,15.0,0.4,NMC,Bank,Suspended,DV497483,2026-12-19,YY149127,2029-08-23,2027-02-22,2021-12-27
EMP1020-20260916_215328,Ryan,Carr,jacksonaimee@example.net,1973-04-05,(0117) 4960163,"9 Newton Dam
Hargreavesfort
M76 4HW",Male,Westborough Acute Care NHS Trust,Asian,Thailand,ILR,Nursing,Ward Manager,Emergency & Urgent Care,8A,33.11,2020-03-24,2020-04-28,18.75,0.5,HCPC,Bank,Inactive,RT039720,2027-11-11,JV116351,2031-04-01,2027-06-04,2020-04-14
EMP1021-20260916_215328,Edward,Turner,bibiphillip@example.com,1972-08-27,09098790543,"Flat 65
Marion Circles
Rhyshaven
OL64 6NE",Male,Riverbank General Hospitals NHS Trust,Asian,Thailand,British Citizen,Medical,SHO,Women & Children,SHO,28.35,2024-01-29,2024-02-26,30.0,0.8,None,Fixed Term,On Leave,MA284436,2027-07-11,OI158007,2028-10-04,2027-02-03,2024-02-19
EMP1022-20260916_215328,Stuart,Faulkner,dorothy89@example.com,1999-03-17,+44(0)141 496 0975,"Studio 8
Jayne Oval
Timothymouth
CV0 5ZH",Male,Riverside Integrated Care NHS Trust,Mixed,China,Dependent,Nursing,Ward Manager,Clinical Support Services,8A,29.14,2017-06-25,2017-07-30,18.75,0.5,NMC,Permanent,On Leave,QS420150,2027-04-23,TQ187089,2029-07-04,2027-04-07,2017-07-16
EMP1023-20260916_215328,Timothy,Walters,samuelknight@example.com,1962-10-29,01134960228,"1 Taylor Flats
Savagefurt
N2J 0ES",Male,Oakridge Community Services NHS Trust,Mixed,Thailand,Dependent,Admin,Receptionist,Critical Care & Anaesthesia,3,16.34,2022-06-21,2022-07-19,20.0,0.53,GMC,Permanent,Active,JY980035,2027-12-12,ZN591147,2028-11-16,2027-02-14,2022-07-12
EMP1024-20260916_215328,Damien,Roberts,waltersgareth@example.org,1962-12-08,+44(0)28 9018 0482,"Flat 6
Barry Throughway
Wrightstad
M76 2AW",Female,Oakridge Community Services NHS Trust,Black,Nigeria,British Citizen,Medical,SHO,Clinical Support Services,SHO,24.11,2019-11-24,2019-12-29,15.0,0.4,NMC,Permanent,Suspended,HT643936,2027-11-06,NG473811,2026-12-19,2027-04-30,2019-12-15
EMP1025-20260916_215328,Jay,King,kathryn04@example.org,1995-10-15,+44(0)1184960224,"173 Lyons Forks
Howarthbury
S29 8ES",Female,Valleyview Mental Wellness NHS Trust,Asian,Thailand,ILR,Medical,Consultant,Clinical Support Services,CONS,64.51,2022-12-01,2022-12-29,30.0,0.8,HCPC,Permanent,Suspended,ZX622466,2030-02-28,TF603207,2031-03-04,2026-11-18,2022-12-22
EMP1026-20260916_215328,Lydia,Cartwright,xlucas@example.net,1987-06-27,0909 8790311,"0 Reynolds Lake
West Dean
E0D 9EW",Female,Eastfield Psychological Services NHS Trust,White,Canada,British Citizen,Medical,SHO,Emergency & Urgent Care,SHO,30.41,2025-05-16,2025-06-13,30.0,0.8,NMC,Bank,On Leave,OG012107,2026-11-06,JM894460,2027-02-24,2026-11-11,2025-06-06
EMP1027-20260916_215328,Abdul,King,jeanbrady@example.org,2000-03-12,+4428 9018648,"23 Cunningham Cove
Port Timothyland
NG6E 9FX",Male,Riverside Integrated Care NHS Trust,Asian,India,Dependent,Nursing,Staff Nurse,Medicine & Acute Care,5,19.69,2023-12-03,2023-12-31,15.0,0.4,HCPC,Permanent,On Leave,EH884573,2031-07-21,ZD091580,2029-10-27,2027-02-13,2023-12-24
EMP1028-20260916_215328,Heather,Berry,williamhughes@example.org,1968-05-15,(020) 74960405,"Studio 7
Darren Streets
Daveybury
G9 8TN",Female,Northwood Mental Health NHS Trust,Asian,Japan,British Citizen,AHP,Pharmacist,Clinical Support Services,5,22.74,2023-10-08,2023-11-12,18.75,0.5,NMC,Bank,Inactive,RO699669,2026-12-23,BD289144,2029-04-06,2026-11-22,2023-10-29
EMP1029-20260916_215328,Norman,Stevenson,phillipsfrederick@example.com,2002-03-26,+44(0)1632960013,"Flat 57b
Wright Ville
North Malcolmmouth
SG6 5NW",Female,Midlands Central Hospitals NHS Trust,Mixed,Canada,Skilled Worker,AHP,Occupational Therapist,Women & Children,6,23.36,2020-04-29,2020-06-03,37.5,1.0,NMC,Bank,Active,XR679713,2029-04-25,CN496737,2028-02-19,2027-07-16,2020-05-20
EMP1030-20260916_215328,Ashley,Cole,denis32@example.org,1979-02-06,+44(0)8081570362,"7 Clifford Drives
North Leslie
CA9P 5DW",Male,Southvale Hospitals NHS Trust,Black,Nigeria,Dependent,Admin,Administrator,Women & Children,3,15.18,2022-11-29,2022-12-27,18.75,0.5,NMC,Permanent,Suspended,JE212721,2028-01-26,HP706385,2028-09-30,2026-10-26,2022-12-20
EMP1031-20260916_215328,Andrew,Price,gregorythomas@example.net,1993-11-25,(0121)4960733,"Studio 79C
Hazel Lane
Taylorside
LN8 8GQ",Female,Greenhaven Acute & Specialist Care NHS Trust,Black,Kenya,British Citizen,Medical,FY1/FY2,Critical Care & Anaesthesia,FY1,20.26,2023-04-21,2023-05-19,18.75,0.5,NMC,Fixed Term,Suspended,KZ956062,2029-07-03,KJ908122,2030-10-15,2027-08-16,2023-05-12
EMP1032-20260916_215328,Helen,Bond,chandlerantony@example.com,1992-06-09,+44113 496 0013,"Studio 3
Ryan Unions
Rogerchester
RH29 5FZ",Female,Hillcrest Medical Centres NHS Trust,Asian,Japan,ILR,Admin,Medical Secretary,Critical Care & Anaesthesia,4,19.19,2022-05-13,2022-06-24,37.5,1.0,None,Bank,Suspended,YY803631,2028-11-26,MM146281,2027-11-08,2026-10-29,2022-06-03
EMP1033-20260916_215328,Liam,Edwards,qstone@example.com,1980-12-10,+44(0)1184960533,"Flat 6
Teresa Haven
Andreaton
TA86 4SS",Female,Eastmoor Teaching Hospitals NHS Trust,Asian,China,British Citizen,AHP,Physiologist,Surgery & Cancer,6,22.72,2022-03-23,2022-04-20,30.0,0.8,None,Bank,Suspended,DF283965,2027-05-25,JA118323,2028-02-04,2026-11-24,2022-04-13
EMP1034-20260916_215328,Vincent,Miller,owalker@example.org,1997-03-04,+44118 4960640,"0 Barry Spur
Johnland
G3 8PZ",Male,Broadfield Clinical Services NHS Trust,Black,Ghana,Dependent,Admin,Receptionist,Clinical Support Services,3,15.69,2025-12-18,2026-01-22,18.75,0.5,HCPC,Permanent,Inactive,HL217928,2029-11-12,SO951080,2028-06-07,2027-06-14,2026-01-08
EMP1035-20260916_215328,Rachael,Hyde,kelly90@example.org,1965-04-30,(0117)4960894,"6 Reed Shore
North Craig
N26 4FU",Female,Horizon Integrated Health Partnership NHS Trust,Asian,India,British Citizen,Nursing,Nursery Nurse,Clinical Support Services,2,12.32,2022-11-11,2022-12-09,15.0,0.4,HCPC,Fixed Term,Suspended,DW718151,2031-02-17,BG201180,2027-08-04,2026-12-24,2022-12-02
EMP1036-20260916_215328,Donna,Price,jacobpatel@example.org,1961-06-18,(0141) 496 0083,"Studio 52I
Jason Cape
Stokeschester
IV7N 9LW",Female,Southvale Hospitals NHS Trust,Mixed,South Africa,ILR,AHP,Speech Therapist,Surgery & Cancer,6,26.67,2022-01-04,2022-02-15,30.0,0.8,GMC,Fixed Term,On Leave,PQ520479,2026-10-17,DF058471,2027-06-03,2027-06-03,2022-01-25
EMP1037-20260916_215328,Sandra,Murray,ben59@example.net,1963-08-20,+44(0)1632 960 601,"Flat 38
Thomas Meadow
North Bethantown
B9S 0AB",Male,Southgate Community & Mental Health NHS Trust,Black,Barbados,British Citizen,AHP,Speech Therapist,Clinical Support Services,6,25.83,2017-04-04,2017-05-02,18.75,0.5,HCPC,Permanent,Suspended,HN405680,2029-03-11,WP031716,2030-03-23,2027-07-13,2017-04-25
EMP1038-20260916_215328,Carl,Bell,kellis@example.com,1997-12-25,+44(0)113 496 0736,"52 Maureen Turnpike
Marybury
HX77 4PN",Male,Eastfield Psychological Services NHS Trust,White,Canada,Dependent,AHP,Occupational Therapist,Corporate Services,6,22.79,2023-05-20,2023-06-24,18.75,0.5,NMC,Fixed Term,Inactive,VW383663,2028-03-21,LJ150771,2029-08-22,2027-05-31,2023-06-10
EMP1039-20260916_215328,Joel,Khan,ffrancis@example.org,1966-11-14,(0191) 496 0455,"Studio 78
John Expressway
Ericport
BB8X 2JN",Female,Westborough Acute Care NHS Trust,Mixed,Japan,Dependent,Nursing,Healthcare Assistant,Surgery & Cancer,2,13.19,2026-04-16,2026-05-21,18.75,0.5,HCPC,Permanent,Inactive,SM721861,2031-04-11,HX276126,2027-02-17,2027-01-08,2026-05-07
EMP1040-20260916_215328,Lydia,Butler,eric45@example.com,1985-10-22,0113 4960237,"7 Lord Islands
West Nigeltown
EC06 5UJ",Male,Southvale Hospitals NHS Trust,White,Canada,Skilled Worker,Nursing,Charge Nurse,Women & Children,7,27.23,2016-11-26,2016-12-24,30.0,0.8,None,Fixed Term,Suspended,MF662722,2029-01-08,DB484358,2030-10-08,2027-01-24,2016-12-17
EMP1041-20260916_215328,Christine,Murray,whitevictor@example.org,2000-06-07,+44(0)114 496 0785,"906 Hope Alley
New Amandaside
N9B 4FG",Male,Northshire University Hospitals NHS Trust,Asian,China,Skilled Worker,AHP,Speech Therapist,Corporate Services,6,24.8,2024-06-26,2024-07-31,20.0,0.53,HCPC,Fixed Term,Inactive,VG365530,2027-03-20,AB606831,2028-11-28,2027-08-22,2024-07-17
EMP1042-20260916_215328,Grace,Tyler,dannywood@example.org,1994-07-22,+44(0)191 4960938,"Studio 27m
Geraldine Valleys
South Bryan
G0C 4QZ",Male,Greenhaven Acute & Specialist Care NHS Trust,White,Australia,Skilled Worker,Medical,Registrar,Emergency & Urgent Care,SPR,40.54,2017-08-02,2017-08-30,37.5,1.0,None,Permanent,On Leave,KC432618,2029-04-13,OH058417,2028-05-01,2027-01-02,2017-08-23
EMP1043-20260916_215328,Georgina,Bennett,morganpeter@example.com,2008-04-25,(0121) 4960427,"335 Brown Run
Ameliahaven
WD1 2AX",Female,Riverbank General Hospitals NHS Trust,Mixed,Trinidad and Tobago,Skilled Worker,AHP,Physiotherapist,Emergency & Urgent Care,6,27.43,2019-03-24,2019-04-21,18.75,0.5,None,Bank,On Leave,MV531814,2029-05-16,BW434552,2031-03-21,2027-06-12,2019-04-14
EMP1044-20260916_215328,Carolyn,Allan,daviesjordan@example.org,1962-05-05,+44(0)1184960098,"Studio 87
Hughes Flats
New Rosshaven
W2K 6HY",Female,Eastfield Psychological Services NHS Trust,Black,Nigeria,Skilled Worker,AHP,Occupational Therapist,Surgery & Cancer,6,26.01,2019-10-13,2019-11-10,18.75,0.5,NMC,Permanent,Suspended,PD719200,2030-05-29,ZN900033,2027-11-04,2027-06-22,2019-11-03
EMP1045-20260916_215328,Lee,King,mjohnston@example.net,1986-11-20,+44117 496 0182,"25 Scott Hollow
Frostbury
LE8A 5QJ",Male,Westmere Community Health NHS Trust,Black,South Africa,Dependent,Medical,FY1/FY2,Clinical Support Services,FY1,20.8,2024-11-02,2024-12-14,15.0,0.4,GMC,Fixed Term,Suspended,SL398944,2030-01-12,SJ918609,2028-11-27,2026-12-13,2024-11-23
EMP1046-20260916_215328,Amy,Roberts,leeann@example.org,1965-12-05,+44(0)1632 960 925,"19 Morgan Crescent
Kevinville
W1H 3LD",Female,Southvale Hospitals NHS Trust,Black,Ghana,ILR,Medical,Consultant,Critical Care & Anaesthesia,CONS,69.92,2023-01-13,2023-02-10,20.0,0.53,None,Permanent,Inactive,MC503389,2030-08-02,CX169946,2029-12-10,2026-12-10,2023-02-03
EMP1047-20260916_215328,Jane,Owens,kaykimberley@example.com,2008-06-26,(020) 7496 0577,"Studio 8
Morley Circles
West Carly
W1 1XU",Male,Southgate Community & Mental Health NHS Trust,Mixed,Canada,ILR,Nursing,Nursery Nurse,Women & Children,2,12.94,2017-03-30,2017-05-04,37.5,1.0,NMC,Bank,Active,EL391205,2027-09-22,EX261116,2027-11-19,2026-10-10,2017-04-20
EMP1048-20260916_215328,Carl,Barnett,kingdouglas@example.com,1983-01-19,+44(0)113 4960905,"4 Kieran Brooks
Port Anneton
CA2R 8WW",Male,Lakeside District Hospitals NHS Trust,Mixed,South Africa,ILR,Nursing,Staff Nurse,Critical Care & Anaesthesia,5,20.91,2022-06-08,2022-07-20,15.0,0.4,HCPC,Fixed Term,Active,YN668395,2029-10-23,LJ383519,2029-07-25,2027-07-30,2022-06-29
EMP1049-20260916_215328,Donna,Sims,jennifer45@example.net,1980-04-19,+44808 1570739,"23 Anderson Radial
Chelseaport
IM5N 0HL",Female,Lakeside District Hospitals NHS Trust,Black,Jamaica,Dependent,AHP,Physiotherapist,Emergency & Urgent Care,6,28.02,2021-10-07,2021-11-11,37.5,1.0,HCPC,Fixed Term,Active,QO087641,2030-04-16,JE051814,2030-08-09,2027-05-10,2021-10-28
EMP1050-20260916_215328,Nicholas,Wilkinson,yrichardson@example.org,1977-07-14,(01632) 960753,"330 Graham Spurs
Nicolaville
B1 0NG",Male,Northwood Mental Health NHS Trust,Asian,Japan,British Citizen,AHP,Physiotherapist,Medicine & Acute Care,6,24.08,2018-06-16,2018-07-28,37.5,1.0,GMC,Bank,Active,HT119088,2030-11-01,KH495948,2028-05-27,2027-02-07,2018-07-07
EMP1051-20260916_215328,Andrew,Dyer,rogersdamien@example.org,1981-10-27,0306 9990039,"Flat 55S
Hayward Walk
South Frankburgh
E1 6YU",Female,Southgate Community & Mental Health NHS Trust,Mixed,United Kingdom,ILR,Nursing,Charge Nurse,Women & Children,7,32.96,2018-11-13,2018-12-25,15.0,0.4,GMC,Fixed Term,On Leave,OE842349,2027-12-18,RQ494059,2028-04-22,2027-09-01,2018-12-04
EMP1052-20260916_215328,Bethan,Matthews,yallan@example.com,2006-07-21,+44(0)114 496 0927,"Flat 0
Hughes Haven
New Juneshire
RM1 2UB",Female,Horizon Integrated Health Partnership NHS Trust,Asian,India,British Citizen,Nursing,Charge Nurse,Emergency & Urgent Care,7,30.01,2025-01-18,2025-02-22,15.0,0.4,NMC,Bank,On Leave,WM859204,2028-03-18,CV329657,2027-02-19,2027-07-19,2025-02-08
EMP1053-20260916_215328,Gregory,Tomlinson,hhowells@example.com,1966-11-27,(0141) 496 0907,"Studio 4
Turner Center
Thompsonview
W3F 9EX",Male,Southvale Hospitals NHS Trust,Asian,Japan,British Citizen,Medical,Consultant,Corporate Services,CONS,55.73,2022-01-21,2022-03-04,30.0,0.8,HCPC,Permanent,Inactive,NX210584,2026-11-11,WP956403,2030-03-13,2027-01-15,2022-02-11
EMP1054-20260916_215328,Jill,Gibbs,xbrown@example.org,1994-05-02,+44289018841,"Flat 64X
Harrison Run
Watkinshaven
ST18 6XU",Male,Northshire University Hospitals NHS Trust,White,United Kingdom,ILR,AHP,Physiotherapist,Women & Children,6,25.64,2020-01-01,2020-02-12,20.0,0.53,HCPC,Permanent,Active,PK690469,2029-09-05,AU975583,2031-02-22,2027-04-09,2020-01-22
EMP1055-20260916_215328,Natasha,Grant,bpatel@example.com,2002-08-02,+44(0)29 2018 0704,"Flat 3
Schofield Port
North Trevorton
OL4H 9RD",Male,Eastfield Psychological Services NHS Trust,Asian,China,Skilled Worker,AHP,Physiologist,Women & Children,6,23.11,2018-12-08,2019-01-05,20.0,0.53,GMC,Fixed Term,Suspended,LE373708,2027-03-11,SX463557,2029-09-16,2027-04-26,2018-12-29
EMP1056-20260916_215328,Marilyn,Hammond,barmstrong@example.org,1994-06-10,+441514960855,"Flat 9
Steven Cove
Port Frank
HS2R 1UX",Female,Eastfield Psychological Services NHS Trust,Asian,Thailand,Skilled Worker,Admin,Data Analyst,Surgery & Cancer,8A,33.04,2022-06-04,2022-07-09,20.0,0.53,NMC,Bank,On Leave,KL540828,2029-11-24,CZ843207,2029-12-18,2027-06-28,2022-06-25
EMP1057-20260916_215328,Glen,Warren,cameronhunter@example.com,1986-06-25,(0131)4960879,"223 Mason Valley
East Geraldtown
TA54 3YP",Female,Riverside Integrated Care NHS Trust,Black,Jamaica,Skilled Worker,Medical,GP,Surgery & Cancer,GP,58.31,2021-05-07,2021-06-18,37.5,1.0,None,Permanent,Inactive,ZQ024074,2028-06-26,SS125261,2026-11-20,2026-11-07,2021-05-28
EMP1058-20260916_215328,Oliver,Williams,wthomson@example.net,1969-06-18,+44(0)1144960236,"24 Dodd Radial
Edwardsport
N1J 4RL",Male,Northshire University Hospitals NHS Trust,Mixed,Jamaica,Skilled Worker,Nursing,Charge Nurse,Women & Children,7,29.73,2026-08-31,2026-09-28,20.0,0.53,None,Permanent,Inactive,WD073524,2027-12-15,UG605537,2030-09-22,2027-07-20,2026-09-21
EMP1059-20260916_215328,Denise,Mills,wrightkimberley@example.net,2003-07-12,029 2018134,"Flat 8
Aaron Stravenue
East Joannefort
E42 8TB",Male,Westborough Acute Care NHS Trust,Asian,China,Skilled Worker,AHP,Physiotherapist,Emergency & Urgent Care,6,26.35,2021-03-16,2021-04-27,37.5,1.0,GMC,Bank,On Leave,XO873909,2029-11-13,RT494941,2029-12-29,2027-03-01,2021-04-06
EMP1060-20260916_215328,Arthur,Holmes,sheila65@example.net,2008-09-03,+44191 4960277,"Flat 72
Lydia Road
Stevensview
BS90 4SN",Female,Southgate Community & Mental Health NHS Trust,Mixed,United Kingdom,British Citizen,AHP,Physiologist,Critical Care & Anaesthesia,6,26.22,2019-11-01,2019-11-29,30.0,0.8,None,Permanent,Suspended,WY398640,2029-09-23,PS074872,2030-02-04,2027-06-27,2019-11-22
EMP1061-20260916_215328,Gordon,Marsh,grantgrace@example.net,2007-03-21,0131 4960112,"2 Caroline Rue
Bishophaven
B70 5EA",Female,Broadfield Clinical Services NHS Trust,White,Canada,Skilled Worker,Medical,FY1/FY2,Women & Children,FY1,20.16,2021-05-30,2021-07-04,30.0,0.8,GMC,Bank,Inactive,MY426885,2031-06-09,PG195880,2027-09-13,2026-09-17,2021-06-20
EMP1062-20260916_215328,Aaron,Jackson,nwilliams@example.net,1963-04-21,+44(0)151 496 0818,"Studio 9
Warren View
West Melaniechester
M0T 1XT",Male,Westmere Community Health NHS Trust,Mixed,India,British Citizen,Medical,Consultant,Women & Children,CONS,61.4,2021-10-01,2021-11-05,15.0,0.4,HCPC,Fixed Term,On Leave,ZA046599,2031-05-25,TI605199,2029-05-14,2027-01-30,2021-10-22
EMP1063-20260916_215328,Alison,Brown,hball@example.net,1965-05-19,(0114) 4960074,"Flat 25
Beverley Greens
Joneston
B0K 7LD",Female,Riverside Integrated Care NHS Trust,White,New Zealand,ILR,AHP,Physiotherapist,Medicine & Acute Care,6,24.01,2024-07-23,2024-08-20,30.0,0.8,GMC,Fixed Term,Active,ER368840,2028-05-10,BF182191,2031-09-01,2027-01-18,2024-08-13
EMP1064-20260916_215328,Vincent,Wilson,hughesrobin@example.org,1997-05-01,+44(0)29 2018 0014,"12 Peter Square
West Sam
SW30 8PP",Male,Horizon Integrated Health Partnership NHS Trust,Black,Trinidad and Tobago,Dependent,Nursing,Senior Staff Nurse,Corporate Services,6,23.41,2023-01-31,2023-02-28,15.0,0.4,GMC,Permanent,On Leave,KZ969542,2027-07-21,JR287272,2026-12-03,2026-12-03,2023-02-21
EMP1065-20260916_215328,Sara,White,trose@example.com,1965-02-15,+44131 4960551,"Studio 21M
Glover Extension
North Howard
E1 2RY",Male,Greenhaven Acute & Specialist Care NHS Trust,Black,Barbados,British Citizen,Nursing,Senior Staff Nurse,Women & Children,6,25.75,2017-03-26,2017-04-30,30.0,0.8,HCPC,Permanent,On Leave,SP251513,2029-03-03,RR633664,2028-11-17,2027-02-04,2017-04-16
EMP1066-20260916_215328,Donald,Gibson,xclark@example.org,1971-04-10,02074960490,"Flat 19K
Brown Wells
East Karen
HA40 7AA",Male,Oakridge Community Services NHS Trust,Black,Ghana,Skilled Worker,Medical,SHO,Emergency & Urgent Care,SHO,24.53,2019-05-17,2019-06-28,30.0,0.8,None,Permanent,On Leave,NU446102,2027-07-10,CN784854,2027-05-28,2027-05-09,2019-06-07
EMP1067-20260916_215328,Sara,Vaughan,joshua95@example.net,1985-04-01,+44(0)131 4960744,"15 Chambers Ways
Dianamouth
GU16 3TF",Male,Southgate Community & Mental Health NHS Trust,Asian,Japan,ILR,Nursing,Healthcare Assistant,Emergency & Urgent Care,2,13.75,2021-06-05,2021-07-17,20.0,0.53,HCPC,Fixed Term,On Leave,JH202355,2029-07-14,AG326033,2029-11-10,2027-06-18,2021-06-26
EMP1068-20260916_215328,Ashleigh,Lee,benjaminscott@example.com,2003-07-18,(0909) 879 0344,"7 Elaine Junctions
Mollytown
CB3 9YH",Female,Broadfield Clinical Services NHS Trust,Asian,India,British Citizen,Admin,Receptionist,Emergency & Urgent Care,3,14.62,2021-06-04,2021-07-02,37.5,1.0,None,Permanent,Inactive,GR785106,2031-04-30,YB891858,2027-04-08,2026-11-20,2021-06-25
EMP1069-20260916_215328,Ricky,Clarke,leonard92@example.com,1982-11-01,+44(0)1184960950,"23 Cunningham Drives
Lake Grahamtown
DH8W 6YY",Male,Riverbank General Hospitals NHS Trust,Mixed,India,ILR,Medical,Registrar,Clinical Support Services,SPR,33.96,2018-09-16,2018-10-14,20.0,0.53,NMC,Permanent,Active,CE797587,2027-05-15,ZB012582,2027-01-28,2027-08-11,2018-10-07
EMP1070-20260916_215328,Kate,Dean,nconnor@example.org,1981-03-03,+44(0)2074960648,"614 Holmes Knolls
Haleside
GY6M 1HB",Male,Midlands Central Hospitals NHS Trust,Mixed,Japan,ILR,Admin,Receptionist,Critical Care & Anaesthesia,3,13.43,2018-01-18,2018-03-01,37.5,1.0,NMC,Permanent,On Leave,DW899187,2029-08-15,UF443911,2030-11-02,2027-08-20,2018-02-08
EMP1071-20260916_215328,Henry,Booth,liam61@example.net,1974-04-03,+44(0)1414960286,"45 Alexander Lane
Paynefort
M6U 9BN",Female,Northshire University Hospitals NHS Trust,Asian,Thailand,Skilled Worker,Admin,Receptionist,Women & Children,3,15.44,2018-10-29,2018-11-26,20.0,0.53,GMC,Fixed Term,Suspended,TU367639,2026-11-05,VM139432,2027-05-15,2027-01-22,2018-11-19
EMP1072-20260916_215328,Paul,Walker,atkinsonkeith@example.org,1986-09-18,0191 4960773,"Studio 29
Williams Park
Port Robinland
BA6X 2XL",Male,Horizon Integrated Health Partnership NHS Trust,Black,Jamaica,Dependent,AHP,Physiotherapist,Critical Care & Anaesthesia,6,28.13,2017-05-26,2017-06-23,18.75,0.5,HCPC,Bank,On Leave,HL199257,2031-02-23,GQ689198,2030-01-26,2026-10-02,2017-06-16
EMP1073-20260916_215328,Kevin,Howell,hugheschristian@example.com,2007-06-27,01164960055,"43 Clarke Lakes
New Jacob
S41 7LP",Female,Meadowbrook Community Health NHS Trust,Black,Ghana,British Citizen,Medical,SHO,Surgery & Cancer,SHO,23.54,2023-03-23,2023-04-20,18.75,0.5,GMC,Permanent,On Leave,BV877473,2027-09-24,XA832408,2027-07-02,2026-11-27,2023-04-13
EMP1074-20260916_215328,June,Bates,brandon32@example.org,1985-01-08,(0131) 4960641,"993 Brown Gardens
West Malcolm
CB3 5FP",Female,Northwood Mental Health NHS Trust,White,Australia,Skilled Worker,Medical,GP,Emergency & Urgent Care,GP,54.1,2025-11-08,2025-12-06,18.75,0.5,None,Permanent,Suspended,AH920663,2031-05-16,TF678541,2029-07-31,2027-02-19,2025-11-29
EMP1075-20260916_215328,Carol,Khan,yshaw@example.com,1981-08-08,0289018195,"797 Griffiths Run
East Chelsea
GY0A 4PN",Male,Hillcrest Medical Centres NHS Trust,Black,Jamaica,British Citizen,AHP,Physiologist,Clinical Support Services,6,26.58,2023-10-01,2023-11-05,30.0,0.8,GMC,Permanent,On Leave,HA014308,2029-09-11,CM520766,2027-08-25,2027-04-13,2023-10-22
EMP1076-20260916_215328,Heather,Howard,jacksonlisa@example.com,1981-09-29,+44(0)1214960084,"Studio 95B
Mitchell Cliffs
South Josephland
L4 2WJ",Male,Eastfield Psychological Services NHS Trust,Asian,Japan,Dependent,Medical,FY1/FY2,Emergency & Urgent Care,FY1,19.76,2025-06-05,2025-07-10,18.75,0.5,NMC,Fixed Term,On Leave,ET421022,2027-06-15,UE401375,2028-09-02,2026-12-07,2025-06-26
EMP1077-20260916_215328,Pauline,Jones,irene24@example.net,1982-09-16,+441632 960648,"Studio 74p
West Ridge
Port Ryan
L4 9FR",Male,Valleyview Mental Wellness NHS Trust,Mixed,Barbados,British Citizen,Nursing,Staff Nurse,Critical Care & Anaesthesia,5,22.23,2022-07-01,2022-08-12,30.0,0.8,NMC,Permanent,Inactive,UN426551,2027-01-05,DB563851,2029-04-09,2027-09-01,2022-07-22
EMP1078-20260916_215328,Ben,Jones,ronaldbrennan@example.org,1996-01-18,(0116) 496 0729,"Studio 18N
Turner Station
Kylestad
HX04 8QZ",Male,Horizon Integrated Health Partnership NHS Trust,White,Australia,Skilled Worker,Admin,Data Analyst,Emergency & Urgent Care,8A,29.98,2018-08-06,2018-09-10,30.0,0.8,HCPC,Bank,On Leave,EG727897,2031-06-27,NE916185,2030-02-21,2027-06-10,2018-08-27
EMP1079-20260916_215328,Sheila,Matthews,hawkinshenry@example.org,1997-09-28,(0117) 4960591,"507 Evans Ports
Albertborough
M47 9TU",Male,Westmere Community Health NHS Trust,Black,South Africa,ILR,Admin,Data Analyst,Clinical Support Services,8A,29.43,2018-01-03,2018-02-07,15.0,0.4,HCPC,Fixed Term,Active,DO479706,2027-03-29,QO133728,2030-03-13,2027-07-29,2018-01-24
EMP1080-20260916_215328,Jacob,Hooper,nicole92@example.net,2004-12-25,+44(0)113 4960196,"Flat 9
Julian Views
Lake Andrea
N06 1BQ",Female,Lakeside District Hospitals NHS Trust,Asian,China,Dependent,Admin,Data Analyst,Corporate Services,8A,33.13,2023-08-04,2023-09-01,18.75,0.5,GMC,Fixed Term,On Leave,NG194747,2028-11-27,WN507259,2030-08-22,2026-10-21,2023-08-25
EMP1081-20260916_215328,Bethany,Khan,dominicharding@example.org,1967-04-05,+44161 496 0449,"Studio 55
Victor Divide
Andreastad
RM95 4JG",Female,Midlands Central Hospitals NHS Trust,Black,Kenya,ILR,Admin,Receptionist,Surgery & Cancer,3,15.08,2019-05-24,2019-06-21,20.0,0.53,None,Bank,Suspended,NI068461,2027-03-27,LM149613,2031-08-28,2026-12-21,2019-06-14
EMP1082-20260916_215328,Sam,Stevens,franciscolin@example.net,1969-09-25,(0115)4960107,"39 Jones Gateway
South Francescashire
B8 8XA",Female,Northwood Mental Health NHS Trust,Asian,China,Skilled Worker,Medical,Registrar,Emergency & Urgent Care,SPR,37.82,2023-11-24,2023-12-22,30.0,0.8,None,Fixed Term,Suspended,BL298308,2026-12-15,WT815590,2027-03-14,2027-06-04,2023-12-15
EMP1083-20260916_215328,Gerard,Hill,chelsea28@example.com,1969-10-19,020 7946 0052,"Studio 06
Susan Stream
Taylorfort
OL71 3EN",Male,Eastmoor Teaching Hospitals NHS Trust,Asian,China,Dependent,Nursing,Charge Nurse,Medicine & Acute Care,7,31.54,2021-10-08,2021-11-12,37.5,1.0,None,Bank,Suspended,DI148418,2027-10-07,HI828874,2028-05-19,2027-06-26,2021-10-29
EMP1084-20260916_215328,Adrian,Johnson,roysavage@example.com,1963-11-20,01632 960 388,"437 Charlie Green
Payneberg
WV3B 1EF",Male,Westborough Acute Care NHS Trust,Black,South Africa,ILR,Nursing,Senior Staff Nurse,Clinical Support Services,6,22.65,2022-02-04,2022-03-11,30.0,0.8,HCPC,Bank,On Leave,ON700510,2030-12-29,MQ313375,2031-08-06,2027-07-07,2022-02-25
EMP1085-20260916_215328,Rosemary,Pearce,clive31@example.net,1963-03-22,(0117)4960256,"8 Hunt Prairie
North Alanfurt
S0 5GL",Male,Westborough Acute Care NHS Trust,White,Canada,Dependent,Nursing,Nursery Nurse,Women & Children,2,12.66,2025-04-23,2025-06-04,18.75,0.5,HCPC,Bank,Inactive,LZ479513,2029-05-03,KK274568,2031-03-30,2027-09-13,2025-05-14
EMP1086-20260916_215328,Yvonne,Graham,aimee70@example.com,1967-11-28,(0141) 4960991,"9 Glenn Bridge
Curtisland
NR7 2QY",Female,Horizon Integrated Health Partnership NHS Trust,Asian,India,British Citizen,Medical,Consultant,Medicine & Acute Care,CONS,52.52,2024-01-20,2024-03-02,20.0,0.53,None,Fixed Term,Inactive,UL132863,2029-02-06,XA579306,2026-11-23,2027-01-04,2024-02-10
EMP1087-20260916_215328,Tina,Singh,carolyn32@example.net,1970-11-29,+44121 496 0595,"8 Jones Lake
New Stephen
N5E 3AT",Female,Northshire University Hospitals NHS Trust,Mixed,China,British Citizen,Admin,Receptionist,Emergency & Urgent Care,3,14.98,2020-03-25,2020-04-29,20.0,0.53,None,Fixed Term,Inactive,XH291375,2031-05-04,NV933980,2030-02-24,2026-09-21,2020-04-15
EMP1088-20260916_215328,Mohamed,Begum,hwhittaker@example.net,1964-08-02,(0118) 4960482,"Flat 16
Caroline Roads
New Denischester
GU4E 5UG",Male,Meadowbrook Community Health NHS Trust,Mixed,United Kingdom,ILR,Medical,FY1/FY2,Clinical Support Services,FY1,20.8,2025-05-20,2025-06-17,30.0,0.8,GMC,Permanent,Active,VQ912573,2030-06-17,GY223825,2027-10-02,2027-01-09,2025-06-10
EMP1089-20260916_215328,Stuart,May,kayleigh16@example.org,1966-09-27,0113 496 0925,"59 Christine Burg
Lake Victoria
JE84 8PS",Female,Northshire University Hospitals NHS Trust,White,New Zealand,Skilled Worker,Medical,FY1/FY2,Corporate Services,FY1,20.6,2025-05-20,2025-07-01,30.0,0.8,None,Bank,Inactive,QL746356,2027-10-02,GX319684,2027-03-22,2027-01-23,2025-06-10
EMP1090-20260916_215328,Lynne,Whitehead,powellsylvia@example.com,2007-05-17,+44118 4960034,"60 Clarke Junctions
Warrenshire
N3 3TA",Male,Lakeside District Hospitals NHS Trust,White,United States,ILR,Medical,Consultant,Medicine & Acute Care,CONS,51.98,2021-04-07,2021-05-05,20.0,0.53,NMC,Fixed Term,Suspended,LI802716,2029-09-10,HN300803,2026-10-26,2026-10-16,2021-04-28
EMP1091-20260916_215328,Ronald,Mason,cwilliams@example.com,2004-04-08,+44(0)9098790001,"Flat 9
Paige Divide
West Oliverport
L3 3HN",Female,Horizon Integrated Health Partnership NHS Trust,Asian,India,Dependent,Admin,Receptionist,Emergency & Urgent Care,3,14.82,2021-09-11,2021-10-23,30.0,0.8,HCPC,Permanent,Suspended,QP124486,2027-04-12,WT628035,2029-12-18,2027-01-29,2021-10-02
EMP1092-20260916_215328,Lorraine,Cooper,abbie37@example.org,1995-09-01,(0118)4960900,"68 Hart Cliff
New Paul
SE50 8TT",Female,Westborough Acute Care NHS Trust,Black,Barbados,Skilled Worker,Nursing,Charge Nurse,Corporate Services,7,29.06,2023-05-19,2023-06-16,20.0,0.53,GMC,Bank,Active,YO278530,2028-12-10,FQ381288,2028-01-16,2026-11-21,2023-06-09
EMP1093-20260916_215328,Leonard,Oliver,sfraser@example.net,1967-09-11,+44113 496 0920,"Studio 53o
Cooke Land
Sheilamouth
L76 9SX",Male,Southgate Community & Mental Health NHS Trust,Mixed,Jamaica,Skilled Worker,AHP,Radiographer,Emergency & Urgent Care,6,27.35,2019-08-29,2019-10-03,30.0,0.8,GMC,Bank,Suspended,TR827484,2027-07-11,IV500361,2029-07-17,2027-01-14,2019-09-19
EMP1094-20260916_215328,Clive,Patel,nriley@example.com,2008-09-06,+448081570109,"842 Gemma Run
Ellisport
TQ41 5DZ",Male,Hillcrest Medical Centres NHS Trust,Asian,China,ILR,AHP,Radiographer,Women & Children,6,22.93,2019-08-16,2019-09-13,20.0,0.53,GMC,Fixed Term,On Leave,RP279923,2030-07-17,BR960104,2030-07-21,2027-01-09,2019-09-06
EMP1095-20260916_215328,Bruce,Richardson,ellismolly@example.net,1997-11-02,(0909)8790069,"330 Joan Rue
South Kayleightown
CA1H 4XT",Male,Riverside Integrated Care NHS Trust,Asian,Japan,ILR,Medical,FY1/FY2,Clinical Support Services,FY1,20.82,2023-05-31,2023-06-28,30.0,0.8,NMC,Permanent,Active,FI573114,2028-11-07,OK310380,2027-12-04,2027-05-12,2023-06-21
EMP1096-20260916_215328,Toby,Johnson,rosemarywilliams@example.com,1984-07-28,(0808) 1570721,"Studio 72
Khan Place
Charlesfort
B4 4NH",Female,Valleyview Mental Wellness NHS Trust,Asian,Japan,ILR,Admin,Data Analyst,Critical Care & Anaesthesia,8A,29.16,2026-06-17,2026-07-22,18.75,0.5,HCPC,Permanent,Suspended,KE874327,2031-06-23,BN400142,2030-02-07,2027-04-19,2026-07-08
EMP1097-20260916_215328,Marian,French,edwardsjay@example.com,1995-12-01,(0116) 496 0015,"107 Wayne Drive
Lake Marilyn
S2E 7ET",Male,Meadowbrook Community Health NHS Trust,Asian,Thailand,Skilled Worker,AHP,Physiologist,Critical Care & Anaesthesia,6,26.98,2021-04-26,2021-06-07,18.75,0.5,GMC,Fixed Term,Inactive,FP705126,2029-12-17,VA565930,2028-12-02,2027-07-05,2021-05-17
EMP1098-20260916_215328,Dawn,McDonald,slaterkieran@example.net,1969-04-28,+441164960730,"79 Dale Meadows
Lake Anthony
LU5 5RW",Female,Hillcrest Medical Centres NHS Trust,White,New Zealand,ILR,AHP,Speech Therapist,Critical Care & Anaesthesia,6,26.48,2024-11-27,2025-01-08,30.0,0.8,None,Bank,Suspended,HQ761845,2031-01-31,SZ667375,2030-02-09,2026-11-22,2024-12-18
EMP1099-20260916_215328,Yvonne,Poole,daysara@example.net,1982-06-01,+44(0)118 496 0076,"Flat 0
Thompson Mountains
Aaronchester
NW8B 9JB",Male,Westmere Community Health NHS Trust,Mixed,Trinidad and Tobago,Dependent,Admin,Medical Secretary,Critical Care & Anaesthesia,4,15.56,2022-02-14,2022-03-14,15.0,0.4,GMC,Bank,Active,ZY409208,2027-06-10,KX942006,2026-11-29,2026-11-08,2022-03-07
EMP1100-20260916_215328,William,Morris,frederick16@example.net,1975-10-25,(0116) 496 0376,"Flat 49Y
Storey Lock
Millsshire
PA9 9NL",Male,Broadfield Clinical Services NHS Trust,Asian,Japan,Skilled Worker,Admin,Data Analyst,Women & Children,8A,31.52,2023-11-03,2023-12-15,20.0,0.53,GMC,Permanent,Active,BG098598,2027-04-12,YW977110,2029-11-06,2027-05-17,2023-11-24
EMP1101-20260916_215328,Donna,Whitehouse,tford@example.com,1976-06-30,+44(0)28 9018104,"Flat 62
Brooks Curve
Pearsonmouth
N0C 5PP",Male,Midlands Central Hospitals NHS Trust,Mixed,India,British Citizen,Nursing,Senior Staff Nurse,Surgery & Cancer,6,27.65,2020-05-30,2020-06-27,37.5,1.0,NMC,Bank,Suspended,SU333594,2027-01-27,TA170546,2029-11-20,2026-10-12,2020-06-20
EMP1102-20260916_215328,Natasha,Clark,normanmaureen@example.org,1984-12-03,0116 496 0682,"541 Mohammad Mountains
East Patriciabury
PL09 3PF",Female,Broadfield Clinical Services NHS Trust,Mixed,Jamaica,Dependent,Admin,Medical Secretary,Women & Children,4,17.35,2021-10-28,2021-11-25,18.75,0.5,None,Permanent,Inactive,SQ450879,2029-01-22,SQ565598,2030-12-16,2027-07-30,2021-11-18
EMP1103-20260916_215328,Damien,Hammond,ibutcher@example.net,1993-08-02,0115 496 0334,"Studio 94
Payne Rest
Port Carolineberg
N25 8PW",Male,Bluewater Community & Rehabilitation NHS Trust,White,New Zealand,Dependent,Medical,Consultant,Clinical Support Services,CONS,69.31,2022-04-07,2022-05-12,18.75,0.5,HCPC,Permanent,On Leave,BZ080808,2027-11-25,VZ096845,2029-07-18,2026-12-24,2022-04-28
EMP1104-20260916_215328,Julia,Hewitt,paulineevans@example.org,1991-07-01,+44161 4960355,"5 Vanessa Common
Lake Donald
NN2 5FA",Female,Southgate Community & Mental Health NHS Trust,White,Canada,Dependent,Nursing,Senior Staff Nurse,Clinical Support Services,6,27.1,2017-12-15,2018-01-12,20.0,0.53,HCPC,Permanent,Inactive,PW733168,2031-07-01,ZA913535,2030-08-19,2027-08-01,2018-01-05
EMP1105-20260916_215328,Dylan,Powell,samantha42@example.net,1963-08-21,+44(0)909 8790344,"2 Clare Prairie
North Ann
RH17 2YQ",Female,Greenhaven Acute & Specialist Care NHS Trust,Mixed,United Kingdom,Skilled Worker,Medical,Registrar,Medicine & Acute Care,SPR,37.34,2024-06-23,2024-08-04,20.0,0.53,NMC,Permanent,Active,YG634907,2030-09-02,GC214508,2027-11-14,2027-01-17,2024-07-14
EMP1106-20260916_215328,Brenda,Booth,fullerkarl@example.com,1969-08-06,+44(0)116 4960135,"Flat 48S
Abdul Trail
Port Georgia
G0 9RH",Female,Oakridge Community Services NHS Trust,Asian,India,British Citizen,Medical,Consultant,Surgery & Cancer,CONS,66.59,2018-03-23,2018-05-04,15.0,0.4,GMC,Fixed Term,Active,YG983507,2028-12-07,MI011207,2030-01-11,2027-02-23,2018-04-13
EMP1107-20260916_215328,Katherine,Douglas,smithcharlie@example.net,2002-05-19,+44(0)306 999 0040,"097 Farrell Street
Daviesville
YO9 2TX",Female,Riverside Integrated Care NHS Trust,Mixed,Jamaica,ILR,Admin,Administrator,Clinical Support Services,3,15.75,2021-01-02,2021-02-13,18.75,0.5,HCPC,Permanent,Active,IY753357,2030-08-22,VB694448,2027-10-05,2027-06-16,2021-01-23
EMP1108-20260916_215328,Graeme,O'Connor,declanstevenson@example.net,1999-03-21,(029)2018114,"70 White Radial
Prattport
W72 2DE",Female,Westmere Community Health NHS Trust,Mixed,Japan,British Citizen,AHP,Physiotherapist,Medicine & Acute Care,6,25.89,2022-04-12,2022-05-24,37.5,1.0,GMC,Fixed Term,Active,SK005584,2029-08-08,UG025109,2026-10-07,2026-11-20,2022-05-03
EMP1109-20260916_215328,Colin,O'Brien,abdulabbott@example.com,1984-12-19,+44(0)28 9018124,"920 Chamberlain Center
Stevenstad
LL3 4EF",Female,Riverside Integrated Care NHS Trust,Black,Trinidad and Tobago,ILR,Nursing,Healthcare Assistant,Clinical Support Services,2,12.51,2020-05-20,2020-06-17,37.5,1.0,HCPC,Bank,Active,VY802265,2031-05-28,GX048844,2028-07-11,2026-11-20,2020-06-10
EMP1110-20260916_215328,Clare,Thomas,lindabarrett@example.org,1995-01-31,0808 1570521,"46 Green Station
Lake Amanda
W71 1GG",Male,Meadowbrook Community Health NHS Trust,Black,Trinidad and Tobago,Dependent,Admin,Medical Secretary,Clinical Support Services,4,17.49,2025-09-30,2025-11-04,30.0,0.8,NMC,Bank,Active,XC669377,2029-02-25,NN413620,2030-04-29,2027-05-25,2025-10-21
EMP1111-20260916_215328,Jamie,Gray,joan40@example.org,2005-01-27,0191 498 0899,"Flat 1
Paula Shores
Stephensonhaven
B9 0GA",Female,Valleyview Mental Wellness NHS Trust,Mixed,Nigeria,ILR,AHP,Occupational Therapist,Corporate Services,6,27.96,2021-09-16,2021-10-21,15.0,0.4,HCPC,Bank,On Leave,VG945191,2029-03-12,UZ997145,2027-02-12,2027-02-04,2021-10-07
EMP1112-20260916_215328,Albert,Storey,carolbrown@example.net,1971-04-25,+44131 496 0344,"Studio 03
Mason Plains
East Patrickberg
WR14 4BU",Female,Southvale Hospitals NHS Trust,Black,Jamaica,British Citizen,Medical,SHO,Women & Children,SHO,25.97,2023-08-26,2023-10-07,18.75,0.5,HCPC,Bank,Active,AA110872,2028-05-05,AN603518,2031-01-30,2026-11-13,2023-09-16
EMP1113-20260916_215328,Gail,Brown,bwilson@example.com,1973-04-02,(029) 2018173,"Studio 3
Francis Mission
Dawnstad
S3 1XW",Male,Westborough Acute Care NHS Trust,Asian,India,Dependent,Admin,Administrator,Critical Care & Anaesthesia,3,14.04,2020-09-14,2020-10-19,15.0,0.4,HCPC,Permanent,Inactive,YE432142,2029-04-07,MR788786,2027-02-22,2027-04-18,2020-10-05
EMP1114-20260916_215328,Ronald,Reed,karenpatel@example.net,1996-09-11,+44(0)1914960277,"72 Jade Ridge
Port Joannastad
S25 2XB",Male,Westborough Acute Care NHS Trust,Black,Ghana,ILR,Admin,Receptionist,Women & Children,3,15.3,2024-06-16,2024-07-28,20.0,0.53,NMC,Bank,Active,ZC428839,2027-07-31,SP821785,2027-02-17,2026-11-22,2024-07-07
EMP1115-20260916_215328,Maurice,Khan,jonesshannon@example.org,1988-10-29,0118 4960532,"155 Amelia Springs
South Lucy
DA62 0UA",Female,Eastfield Psychological Services NHS Trust,Mixed,United Kingdom,ILR,Medical,Consultant,Corporate Services,CONS,69.86,2023-05-01,2023-06-05,15.0,0.4,HCPC,Permanent,Inactive,SX684120,2031-07-19,KF306649,2028-10-11,2027-06-28,2023-05-22
EMP1116-20260916_215328,Olivia,Fitzgerald,hazeljarvis@example.net,2004-06-13,+44(0)121 496 0093,"9 Owens Place
West Joshua
G5U 9SH",Male,Riverside Integrated Care NHS Trust,White,Australia,British Citizen,Admin,Administrator,Women & Children,3,14.02,2025-08-25,2025-09-29,20.0,0.53,GMC,Bank,Active,XH154629,2031-09-10,CR691837,2029-09-08,2027-05-06,2025-09-15
EMP1117-20260916_215328,Derek,Foster,ypowell@example.com,2008-02-26,(0116)4960421,"51 Craig Forest
Holdenside
KW82 7EB",Male,Southvale Hospitals NHS Trust,Black,Barbados,Skilled Worker,Admin,Data Analyst,Emergency & Urgent Care,8A,33.35,2022-05-30,2022-07-04,15.0,0.4,GMC,Permanent,Suspended,VC876223,2031-06-07,OL328826,2028-01-14,2027-01-21,2022-06-20
EMP1118-20260916_215328,Neil,Stevens,ggordon@example.net,1993-07-14,08081570906,"Studio 6
Jordan Flat
South Kate
HS3 4TR",Male,Southgate Community & Mental Health NHS Trust,Mixed,India,Dependent,AHP,Occupational Therapist,Corporate Services,6,26.53,2017-02-01,2017-03-01,18.75,0.5,HCPC,Permanent,Active,EU340446,2030-06-27,MP767427,2030-09-07,2027-04-05,2017-02-22
EMP1119-20260916_215328,Kelly,Brown,qlloyd@example.org,1993-01-25,0118 4960368,"Flat 47
Bray Heights
East Meganbury
S4 5UZ",Female,Northwood Mental Health NHS Trust,White,United Kingdom,ILR,Admin,Data Analyst,Surgery & Cancer,8A,33.15,2016-11-30,2016-12-28,37.5,1.0,GMC,Bank,Active,UI372646,2029-05-30,UK884900,2029-11-06,2026-11-09,2016-12-21
EMP1120-20260916_215328,Eric,Haynes,armstrongdawn@example.com,1991-02-02,+44(0)1214960281,"19 Stewart Unions
Vanessaside
CO0N 1DS",Female,Riverbank General Hospitals NHS Trust,Mixed,South Africa,ILR,Medical,GP,Emergency & Urgent Care,GP,58.65,2023-10-11,2023-11-22,18.75,0.5,None,Fixed Term,Suspended,VW058452,2027-01-03,UV510401,2029-08-27,2027-08-19,2023-11-01
EMP1121-20260916_215328,Marie,Craig,cliffordshaw@example.com,1986-03-08,+44(0)131 4960967,"5 Williams Prairie
East Timothy
L79 2JG",Male,Riverside Integrated Care NHS Trust,Mixed,Ghana,ILR,Admin,Receptionist,Emergency & Urgent Care,3,15.29,2024-09-15,2024-10-13,37.5,1.0,HCPC,Bank,On Leave,MM052872,2027-11-21,PG005429,2028-06-06,2026-09-18,2024-10-06
EMP1122-20260916_215328,Debra,Ford,russell15@example.com,1974-03-11,+4428 9018 0295,"797 Short Inlet
Kimview
BN2 7NR",Male,Valleyview Mental Wellness NHS Trust,Mixed,Trinidad and Tobago,Dependent,Nursing,Staff Nurse,Corporate Services,5,20.17,2019-09-17,2019-10-29,20.0,0.53,HCPC,Permanent,Inactive,ON434456,2030-08-28,WR744807,2031-09-03,2027-06-06,2019-10-08
EMP1123-20260916_215328,Charlie,Burton,amandanorton@example.com,1966-05-21,(0117) 4960257,"26 Rita Turnpike
South Gillian
G0 5JR",Male,Meadowbrook Community Health NHS Trust,Black,South Africa,ILR,AHP,Occupational Therapist,Corporate Services,6,24.37,2021-02-25,2021-04-01,15.0,0.4,NMC,Permanent,On Leave,RH185745,2031-07-23,AG966026,2027-02-14,2027-03-11,2021-03-18
EMP1124-20260916_215328,Carly,Cook,toby32@example.org,1998-12-13,+44(0)306 999 0341,"3 Sam Isle
West Billy
E7G 1FH",Female,Meadowbrook Community Health NHS Trust,Black,Trinidad and Tobago,ILR,Admin,Receptionist,Clinical Support Services,3,16.4,2016-12-30,2017-02-10,15.0,0.4,NMC,Fixed Term,Suspended,QM946152,2029-04-06,SK036867,2027-01-31,2026-10-09,2017-01-20
EMP1125-20260916_215328,Brandon,Wheeler,hughjones@example.org,1974-01-15,(0151) 4960272,"941 Aimee Meadows
Rahmanland
FY0 8GA",Male,Riverside Integrated Care NHS Trust,Mixed,Thailand,Skilled Worker,Admin,Data Analyst,Clinical Support Services,8A,34.36,2024-07-02,2024-08-06,37.5,1.0,NMC,Bank,Suspended,TW119865,2030-03-08,PJ601176,2029-01-25,2027-01-15,2024-07-23
EMP1126-20260916_215328,Martin,Thompson,colealbert@example.org,2005-07-05,+44(0)191 4960201,"46 Guy Street
East Margaretberg
M1G 9RF",Male,Riverside Integrated Care NHS Trust,White,Canada,British Citizen,Nursing,Charge Nurse,Critical Care & Anaesthesia,7,31.83,2024-04-04,2024-05-16,30.0,0.8,NMC,Fixed Term,Active,GS465629,2026-12-15,GX444763,2028-05-05,2027-03-23,2024-04-25
EMP1127-20260916_215328,Gillian,Cox,smithhenry@example.com,1989-07-23,+44(0)1632 960052,"Flat 42b
Smith Prairie
Parkerside
B2H 1FP",Female,Northshire University Hospitals NHS Trust,Asian,Japan,ILR,Medical,FY1/FY2,Critical Care & Anaesthesia,FY1,21.24,2020-03-20,2020-05-01,37.5,1.0,GMC,Permanent,On Leave,QL636842,2027-05-19,ZL593904,2028-12-20,2027-01-14,2020-04-10
EMP1128-20260916_215328,Graeme,Stephenson,keith93@example.com,1986-01-07,+44909 8790619,"15 Barber Vista
Smithstad
B5B 5SL",Male,Eastmoor Teaching Hospitals NHS Trust,Black,Nigeria,ILR,AHP,Speech Therapist,Surgery & Cancer,6,27.26,2017-09-23,2017-10-28,18.75,0.5,None,Fixed Term,Inactive,TH274439,2028-12-15,ZW687893,2030-11-05,2027-05-20,2017-10-14
EMP1129-20260916_215328,Elliot,Bolton,cliffordfox@example.org,2005-11-25,(01632) 960968,"Flat 86
Moore Turnpike
Liamtown
W1E 9LP",Female,Oakridge Community Services NHS Trust,Asian,Japan,British Citizen,Admin,Receptionist,Emergency & Urgent Care,3,16.16,2017-11-13,2017-12-11,20.0,0.53,GMC,Permanent,Inactive,BZ546285,2029-01-18,HV408597,2030-11-25,2027-04-04,2017-12-04
EMP1130-20260916_215328,Clare,Bates,lowehollie@example.org,1962-07-21,01164960988,"31 Evans Alley
McDonaldside
ZE4 3PG",Female,Southgate Community & Mental Health NHS Trust,White,United States,Skilled Worker,Admin,Medical Secretary,Emergency & Urgent Care,4,16.5,2026-01-19,2026-03-02,20.0,0.53,GMC,Bank,Suspended,YF763399,2030-08-07,NJ931272,2028-03-03,2027-02-25,2026-02-09
EMP1131-20260916_215328,Rita,Murphy,scoates@example.com,1983-07-16,+44161 496 0662,"2 Owen Vista
East Elaine
B98 1NB",Female,Horizon Integrated Health Partnership NHS Trust,Mixed,Ghana,Dependent,Admin,Receptionist,Medicine & Acute Care,3,13.85,2024-03-31,2024-05-05,18.75,0.5,None,Bank,Active,VG800347,2029-12-08,ZB594406,2031-03-25,2027-01-02,2024-04-21
EMP1132-20260916_215328,Nathan,Bartlett,terrysingh@example.org,1982-04-10,+44(0)117 4960192,"Studio 66Z
Jay Lock
North Wayneville
HX20 9LX",Male,Westmere Community Health NHS Trust,Mixed,Thailand,ILR,Admin,Receptionist,Critical Care & Anaesthesia,3,15.9,2022-02-15,2022-03-15,20.0,0.53,GMC,Bank,Suspended,LP320654,2027-09-03,LD989554,2029-07-11,2027-09-08,2022-03-08
EMP1133-20260916_215328,Joshua,Graham,jordanbegum@example.com,1969-12-17,+44131 496 0960,"Flat 64C
Timothy Greens
Zoeburgh
G54 3HP",Female,Valleyview Mental Wellness NHS Trust,Mixed,United States,Dependent,Nursing,Nursery Nurse,Women & Children,2,12.88,2022-10-15,2022-11-19,15.0,0.4,HCPC,Fixed Term,On Leave,RX061838,2028-08-12,MN174772,2029-09-12,2027-08-06,2022-11-05
EMP1134-20260916_215328,Dale,Hussain,denise63@example.net,1960-10-17,+44161 4960633,"2 Foster Harbor
Murphyburgh
EH44 2QQ",Female,Northshire University Hospitals NHS Trust,Asian,China,Dependent,Medical,GP,Clinical Support Services,GP,54.65,2017-01-15,2017-02-26,30.0,0.8,GMC,Permanent,Suspended,CF226191,2029-09-16,YV268593,2028-04-05,2027-01-19,2017-02-05
EMP1135-20260916_215328,Annette,Richards,bryanphillips@example.com,1984-12-17,(0191)4960234,"Studio 0
Peacock Mission
Hayesmouth
B2 4XY",Male,Lakeside District Hospitals NHS Trust,White,Canada,Dependent,Medical,SHO,Emergency & Urgent Care,SHO,28.14,2020-02-13,2020-03-12,37.5,1.0,HCPC,Permanent,Active,NQ178654,2028-05-16,QX370020,2028-12-25,2027-01-07,2020-03-05
EMP1136-20260916_215328,Henry,Joyce,bthomas@example.net,1968-02-11,(0161) 496 0409,"2 Damian Mount
Lake Naomiton
WF7 4LB",Female,Meadowbrook Community Health NHS Trust,Asian,India,ILR,AHP,Physiotherapist,Clinical Support Services,6,27.84,2020-12-31,2021-02-04,20.0,0.53,None,Fixed Term,On Leave,IC110614,2029-04-14,ZV827508,2027-04-06,2027-07-09,2021-01-21
EMP1137-20260916_215328,Molly,Hartley,alexander03@example.org,2006-02-24,(020) 7496 0551,"Studio 69S
Francesca Lodge
East Cliffordshire
CT4 0AY",Male,Bluewater Community & Rehabilitation NHS Trust,Mixed,Canada,British Citizen,AHP,Pharmacist,Medicine & Acute Care,5,21.67,2026-06-26,2026-07-24,37.5,1.0,NMC,Bank,On Leave,OU629991,2029-04-15,LB004785,2028-08-27,2027-05-07,2026-07-17
EMP1138-20260916_215328,Charlotte,Clarke,kirsty30@example.com,1990-08-25,(0191) 496 0066,"Studio 49J
Porter Vista
Hollyshire
L64 8AA",Female,Valleyview Mental Wellness NHS Trust,Asian,Japan,Dependent,Admin,Administrator,Surgery & Cancer,3,13.8,2023-02-07,2023-03-07,18.75,0.5,GMC,Permanent,On Leave,KJ017542,2029-10-27,RK037395,2027-04-05,2027-07-29,2023-02-28
EMP1139-20260916_215328,Alex,Howarth,tellis@example.net,1990-07-12,+44(0)191 4960858,"Studio 98
Chelsea Meadow
North Dennis
L0 0DJ",Male,Lakeside District Hospitals NHS Trust,Black,Barbados,ILR,Admin,Medical Secretary,Clinical Support Services,4,15.47,2018-02-10,2018-03-17,15.0,0.4,HCPC,Bank,Inactive,KD035271,2029-01-25,NW609171,2031-07-04,2027-04-18,2018-03-03
EMP1140-20260916_215328,Graham,Stewart,nicholsonmark@example.net,1989-07-02,01144960493,"671 Sarah Causeway
New Andrea
LD5 2GQ",Female,Eastfield Psychological Services NHS Trust,White,United Kingdom,British Citizen,AHP,Pharmacist,Surgery & Cancer,5,21.72,2022-06-27,2022-08-08,20.0,0.53,GMC,Bank,On Leave,QR461768,2029-08-20,MW646478,2030-06-08,2026-12-21,2022-07-18
EMP1141-20260916_215328,Nicola,Duncan,bentleyryan@example.com,1995-03-03,(028) 9018 0313,"Studio 70
Hooper Burgs
New Natasha
SY6B 5GU",Male,Riverside Integrated Care NHS Trust,Black,Jamaica,ILR,AHP,Occupational Therapist,Medicine & Acute Care,6,27.14,2020-12-27,2021-02-07,30.0,0.8,GMC,Bank,Active,TF197187,2028-08-14,TV567365,2028-06-06,2026-11-20,2021-01-17
EMP1142-20260916_215328,Mohammed,Davis,fletcherkyle@example.org,2005-11-22,020 74960540,"Studio 92
Hill Plains
East Stephanieberg
B1 8PF",Female,Lakeside District Hospitals NHS Trust,Asian,India,British Citizen,Admin,Administrator,Clinical Support Services,3,15.95,2020-04-15,2020-05-13,15.0,0.4,NMC,Permanent,On Leave,OH485913,2029-12-28,EX719674,2031-02-15,2027-04-02,2020-05-06
EMP1143-20260916_215328,Jessica,Morgan,mooreclare@example.org,1994-08-02,(01632)960593,"Flat 6
Pickering Underpass
Jeremytown
S3 4RQ",Female,Oakridge Community Services NHS Trust,Black,Jamaica,British Citizen,Admin,Medical Secretary,Women & Children,4,17.68,2024-12-12,2025-01-09,30.0,0.8,None,Bank,Active,IO399720,2029-03-25,AN004951,2026-11-06,2027-04-08,2025-01-02
EMP1144-20260916_215328,Shane,Sheppard,bartonhollie@example.com,2001-12-28,(0121) 496 0810,"Studio 87o
Walker Way
Dawsonmouth
E2K 9NQ",Male,Lakeside District Hospitals NHS Trust,Black,Nigeria,ILR,AHP,Physiotherapist,Surgery & Cancer,6,27.35,2025-02-22,2025-03-29,30.0,0.8,HCPC,Bank,Suspended,ZF768506,2031-04-06,TK355830,2029-06-06,2027-06-16,2025-03-15
EMP1145-20260916_215328,Mary,Wade,knightdouglas@example.com,1962-02-04,+44306 999 0195,"Flat 1
Miles Land
New Damian
BS4Y 0SQ",Female,Southgate Community & Mental Health NHS Trust,Black,South Africa,ILR,Nursing,Ward Manager,Medicine & Acute Care,8A,30.92,2020-11-16,2020-12-14,37.5,1.0,NMC,Bank,Active,TH264190,2027-04-22,ZZ120019,2030-03-28,2027-01-06,2020-12-07
EMP1146-20260916_215328,June,Rees,sian78@example.net,1995-03-12,(0115)4960048,"Flat 3
Richardson Center
Tinaborough
WF11 7ZP",Male,Meadowbrook Community Health NHS Trust,White,Canada,ILR,Admin,Administrator,Medicine & Acute Care,3,15.55,2026-05-23,2026-06-20,30.0,0.8,NMC,Permanent,Inactive,WS158363,2028-11-24,ZU228946,2031-04-21,2027-03-11,2026-06-13
EMP1147-20260916_215328,Arthur,Andrews,alisonhill@example.com,1990-04-08,+441184960440,"Studio 6
Emily Brooks
South Brandonfurt
SE9R 7RA",Male,Eastmoor Teaching Hospitals NHS Trust,Black,South Africa,ILR,Nursing,Staff Nurse,Corporate Services,5,22.47,2022-02-25,2022-03-25,18.75,0.5,NMC,Permanent,On Leave,TL081832,2027-11-26,NZ915276,2028-07-09,2027-05-16,2022-03-18
EMP1148-20260916_215328,Glenn,Robinson,epugh@example.org,1971-10-15,0306 999 0973,"Flat 7
Daniel Courts
Perkinsshire
M63 1NP",Female,Southgate Community & Mental Health NHS Trust,White,New Zealand,Skilled Worker,Nursing,Healthcare Assistant,Women & Children,2,12.9,2020-08-12,2020-09-09,18.75,0.5,HCPC,Bank,Active,UB744119,2027-07-28,XO291127,2029-01-03,2027-09-04,2020-09-02
EMP1149-20260916_215328,Antony,Brown,abigailwalker@example.org,1987-03-04,0161 4960148,"7 Carol Union
Wyatthaven
W89 0HA",Male,Eastfield Psychological Services NHS Trust,Asian,Japan,Skilled Worker,Admin,Administrator,Women & Children,3,15.77,2024-05-03,2024-05-31,15.0,0.4,GMC,Bank,Inactive,HL326254,2029-12-21,BT696232,2028-07-08,2027-08-14,2024-05-24
EMP1150-20260916_215328,Leonard,Connolly,edwardshollie@example.net,1990-06-23,+44909 8790328,"Flat 75
Marie Shore
Elliottmouth
IG2 4ZY",Female,Riverbank General Hospitals NHS Trust,Mixed,Japan,ILR,Admin,Data Analyst,Critical Care & Anaesthesia,8A,32.77,2023-02-23,2023-03-30,30.0,0.8,NMC,Fixed Term,Inactive,TZ129183,2028-04-07,DO800763,2031-01-07,2027-03-23,2023-03-16
EMP1151-20260916_215328,Anna,Williams,reece91@example.com,1973-09-18,+441134960360,"Studio 66o
Jones Cove
Morrisstad
OX8 8BX",Male,Oakridge Community Services NHS Trust,Mixed,Thailand,British Citizen,Nursing,Staff Nurse,Women & Children,5,20.76,2017-02-16,2017-03-30,30.0,0.8,GMC,Permanent,On Leave,AK384211,2031-02-13,ZA915003,2027-04-24,2026-10-21,2017-03-09
EMP1152-20260916_215328,Samantha,Moore,matthewbull@example.com,1964-08-24,+4429 2018 0236,"86 Michelle Overpass
West Mauriceton
TN41 7AG",Male,Westmere Community Health NHS Trust,Mixed,Jamaica,British Citizen,Nursing,Senior Staff Nurse,Medicine & Acute Care,6,25.19,2020-07-10,2020-08-07,18.75,0.5,GMC,Permanent,Inactive,JJ553423,2030-10-02,JK584470,2028-12-11,2027-04-20,2020-07-31
EMP1153-20260916_215328,Tracy,White,connortony@example.com,1981-11-09,029 2018677,"959 Oliver Avenue
West Julieton
LU4 9XX",Female,Westmere Community Health NHS Trust,Mixed,Australia,Skilled Worker,Medical,SHO,Medicine & Acute Care,SHO,27.41,2020-06-20,2020-07-18,15.0,0.4,HCPC,Permanent,Inactive,NS575333,2027-08-05,NK610372,2030-02-04,2027-06-20,2020-07-11
EMP1154-20260916_215328,Marian,Smith,georgemegan@example.org,1996-12-10,+44191 4960861,"Flat 15P
Jones Fort
Wattsport
L94 2LY",Female,Midlands Central Hospitals NHS Trust,Mixed,Nigeria,ILR,Nursing,Nursery Nurse,Corporate Services,2,13.22,2020-01-21,2020-03-03,18.75,0.5,GMC,Bank,On Leave,CF156073,2027-12-06,SI576924,2029-09-29,2027-05-15,2020-02-11
EMP1155-20260916_215328,Bryan,Walker,deborahmistry@example.org,2000-10-03,+44(0)306 9990586,"Studio 3
Thomas Radial
North Owentown
M7S 6YL",Male,Eastmoor Teaching Hospitals NHS Trust,Asian,China,British Citizen,Medical,Registrar,Clinical Support Services,SPR,38.14,2018-07-13,2018-08-24,30.0,0.8,GMC,Permanent,Suspended,EG812047,2027-11-24,KK077975,2030-04-11,2026-11-26,2018-08-03
EMP1156-20260916_215328,Stuart,Randall,kauramanda@example.net,1965-07-27,01314960327,"95 Rachel Circles
East Mathew
EC7 0XY",Male,Northshire University Hospitals NHS Trust,Mixed,United States,British Citizen,Nursing,Nursery Nurse,Critical Care & Anaesthesia,2,14.23,2025-09-23,2025-11-04,18.75,0.5,HCPC,Bank,Inactive,WZ050130,2028-07-16,KZ738463,2031-06-16,2026-11-14,2025-10-14
EMP1157-20260916_215328,Pauline,Murphy,ianwhite@example.net,1982-05-02,+4429 2018 0740,"Flat 86
Bethany Inlet
West Mandyville
CA90 7YP",Male,Southvale Hospitals NHS Trust,Mixed,Jamaica,Skilled Worker,Medical,FY1/FY2,Emergency & Urgent Care,FY1,20.62,2023-04-01,2023-05-06,15.0,0.4,GMC,Fixed Term,On Leave,EC336598,2030-04-13,SR537747,2027-07-11,2027-03-26,2023-04-22
EMP1158-20260916_215328,Terry,Foster,lorraineday@example.net,1984-11-13,+44(0)1614960111,"01 Heather Club
Lake Ryan
L1 9JL",Female,Southgate Community & Mental Health NHS Trust,Asian,Thailand,ILR,Admin,Data Analyst,Critical Care & Anaesthesia,8A,30.76,2020-04-14,2020-05-19,15.0,0.4,GMC,Fixed Term,Inactive,FR286828,2028-05-26,EV010975,2029-02-17,2027-04-14,2020-05-05
EMP1159-20260916_215328,Shaun,George,judithholland@example.net,1990-11-20,+44(0)1144960217,"Studio 08
Joan Land
Nicholsonhaven
N64 5FR",Female,Riverbank General Hospitals NHS Trust,White,United States,ILR,Nursing,Charge Nurse,Women & Children,7,27.51,2022-09-14,2022-10-12,37.5,1.0,NMC,Permanent,Active,MT105393,2031-09-11,WP009323,2026-12-29,2027-01-09,2022-10-05
EMP1160-20260916_215328,Lynda,Williams,osmith@example.com,1994-09-28,0151 4960883,"05 King Burgs
Joeberg
N52 4LD",Male,Northwood Mental Health NHS Trust,White,United Kingdom,Skilled Worker,Admin,Data Analyst,Medicine & Acute Care,8A,31.54,2025-07-23,2025-08-27,37.5,1.0,HCPC,Fixed Term,Inactive,HS995288,2031-01-27,ZN084560,2028-07-05,2027-04-24,2025-08-13
EMP1161-20260916_215328,Gail,Wright,robertsryan@example.net,1968-05-19,01632960784,"022 Lauren Course
Lake Ruthview
M97 1SQ",Female,Riverbank General Hospitals NHS Trust,Mixed,Kenya,British Citizen,AHP,Radiographer,Corporate Services,6,26.55,2016-12-08,2017-01-19,30.0,0.8,GMC,Permanent,Inactive,CJ999580,2028-02-03,YP542912,2027-06-02,2027-06-05,2016-12-29
EMP1162-20260916_215328,Abigail,Coleman,mckenzieannette@example.net,2002-04-05,+44292018887,"251 Wheeler Parkway
West Oliviaville
BT41 1QZ",Male,Westborough Acute Care NHS Trust,Mixed,New Zealand,British Citizen,Admin,Administrator,Emergency & Urgent Care,3,16.38,2018-09-20,2018-11-01,30.0,0.8,GMC,Bank,Suspended,AB541565,2030-12-22,RR086648,2031-05-22,2027-04-08,2018-10-11
EMP1163-20260916_215328,Denis,Holloway,hwheeler@example.org,1981-01-23,+44(0)2074960151,"Flat 74
King Manor
North Janicefort
L30 3AT",Female,Riverside Integrated Care NHS Trust,Asian,China,ILR,Nursing,Staff Nurse,Medicine & Acute Care,5,21.28,2020-02-06,2020-03-05,20.0,0.53,HCPC,Bank,Inactive,SO745434,2031-04-12,GN458974,2027-03-21,2026-09-29,2020-02-27
EMP1164-20260916_215328,Rhys,Goddard,vobrien@example.com,1990-09-01,+44306 9990937,"37 Harris Village
Daviesberg
E5F 9UU",Male,Northshire University Hospitals NHS Trust,White,United States,Dependent,Admin,Data Analyst,Corporate Services,8A,31.79,2020-07-24,2020-08-28,20.0,0.53,GMC,Permanent,Active,FR671989,2026-10-04,CM091746,2029-07-17,2026-10-10,2020-08-14
EMP1165-20260916_215328,Peter,Smith,hannah34@example.com,1983-11-29,03069990963,"1 Carl Isle
New Shane
SY04 7HW",Male,Westborough Acute Care NHS Trust,White,United States,ILR,Admin,Receptionist,Emergency & Urgent Care,3,13.99,2026-06-12,2026-07-24,18.75,0.5,GMC,Bank,Suspended,QT206991,2028-06-08,BR286471,2026-11-17,2027-01-22,2026-07-03
EMP1166-20260916_215328,Albert,Powell,sophiesimmons@example.net,1962-02-12,01154960798,"71 Debra Ridge
Port Francis
NR52 0SL",Male,Valleyview Mental Wellness NHS Trust,Asian,Thailand,Skilled Worker,Nursing,Staff Nurse,Clinical Support Services,5,20.27,2023-11-07,2023-12-12,20.0,0.53,GMC,Fixed Term,Inactive,OY398743,2027-12-13,YC116685,2030-02-03,2027-07-21,2023-11-28
EMP1167-20260916_215328,Beverley,Hudson,brownsean@example.org,1998-07-30,+44(0)116 496 0961,"Flat 52r
Aaron Station
Aliceland
B6 4WX",Male,Westmere Community Health NHS Trust,Mixed,United States,Dependent,AHP,Speech Therapist,Emergency & Urgent Care,6,25.03,2016-09-27,2016-11-01,30.0,0.8,HCPC,Fixed Term,On Leave,DE812499,2026-10-14,BM282149,2027-04-07,2027-01-29,2016-10-18
EMP1168-20260916_215328,Victor,Poole,rball@example.org,1971-05-15,(0116) 496 0872,"7 Smith Crossroad
Watsonport
E2H 3GP",Female,Southgate Community & Mental Health NHS Trust,Mixed,Nigeria,ILR,Nursing,Charge Nurse,Women & Children,7,33.32,2024-08-24,2024-09-21,18.75,0.5,NMC,Fixed Term,On Leave,YG144998,2028-08-02,GJ567976,2031-04-02,2026-12-20,2024-09-14
EMP1169-20260916_215328,Frances,Richardson,peter43@example.org,1989-02-13,(028)9018523,"Studio 23
Yvonne Lock
Hooperville
HR2A 5SW",Female,Broadfield Clinical Services NHS Trust,Mixed,Australia,ILR,AHP,Occupational Therapist,Corporate Services,6,23.08,2024-04-07,2024-05-05,18.75,0.5,GMC,Bank,Active,IJ973750,2031-01-27,BC611670,2027-04-21,2026-12-30,2024-04-28
EMP1170-20260916_215328,Andrea,Wyatt,jakebates@example.net,1977-04-13,(0151)4960051,"Flat 66u
Wyatt Springs
West Sharontown
E6 5DU",Female,Northshire University Hospitals NHS Trust,Mixed,China,ILR,AHP,Occupational Therapist,Medicine & Acute Care,6,27.26,2023-09-03,2023-10-01,37.5,1.0,HCPC,Bank,Active,UR689034,2030-07-25,FP051168,2028-03-29,2027-03-08,2023-09-24
EMP1171-20260916_215328,Eileen,Edwards,declanpickering@example.com,1998-01-20,+441184960935,"Flat 36r
Byrne Common
Katiemouth
SM8 7US",Female,Northwood Mental Health NHS Trust,Black,Ghana,ILR,Admin,Administrator,Critical Care & Anaesthesia,3,16.39,2023-02-19,2023-03-19,30.0,0.8,NMC,Bank,Active,TQ660299,2029-08-21,XC356675,2027-06-23,2026-12-01,2023-03-12
EMP1172-20260916_215328,Georgia,Jones,alisonmurphy@example.org,2000-08-04,(028) 9018 0514,"7 Danielle Village
Port Gordon
S40 4NT",Female,Riverside Integrated Care NHS Trust,White,United Kingdom,British Citizen,AHP,Pharmacist,Critical Care & Anaesthesia,5,19.55,2024-02-25,2024-03-24,30.0,0.8,None,Permanent,Suspended,SK551786,2031-09-11,XO716918,2028-07-11,2026-11-24,2024-03-17
EMP1173-20260916_215328,Terry,Hawkins,irenelittle@example.net,1969-09-12,01632 960478,"Flat 97e
Kemp Drive
East Stewartchester
DG6W 5RP",Male,Riverside Integrated Care NHS Trust,Asian,China,British Citizen,Nursing,Ward Manager,Critical Care & Anaesthesia,8A,32.45,2019-07-15,2019-08-26,20.0,0.53,NMC,Fixed Term,On Leave,WT697337,2031-04-07,VP786856,2026-12-09,2027-06-01,2019-08-05
EMP1174-20260916_215328,Marie,Miles,patricia43@example.org,2004-04-01,01174960970,"55 Dale Drives
New Linda
G47 6ZX",Female,Southgate Community & Mental Health NHS Trust,Asian,Thailand,Dependent,AHP,Pharmacist,Medicine & Acute Care,5,22.26,2025-10-17,2025-11-28,18.75,0.5,HCPC,Fixed Term,On Leave,JA644105,2027-05-05,SQ944110,2028-10-21,2027-07-24,2025-11-07
EMP1175-20260916_215328,Hollie,Wilson,lbailey@example.net,1979-02-15,(0151) 496 0469,"2 Sharp Skyway
Jonesside
B35 3UD",Male,Westborough Acute Care NHS Trust,Asian,Thailand,British Citizen,Medical,GP,Emergency & Urgent Care,GP,58.13,2024-06-14,2024-07-26,15.0,0.4,None,Fixed Term,On Leave,FJ788393,2031-08-03,XM299623,2029-07-27,2026-10-10,2024-07-05
EMP1176-20260916_215328,Stephanie,Myers,lcollins@example.com,1996-10-05,09098790636,"52 Lawson Orchard
Port Victoria
DD0W 6YF",Male,Bluewater Community & Rehabilitation NHS Trust,Asian,China,Skilled Worker,AHP,Speech Therapist,Corporate Services,6,24.45,2019-08-02,2019-09-06,30.0,0.8,NMC,Fixed Term,Suspended,AI559159,2031-08-31,TO184829,2028-10-09,2027-03-01,2019-08-23
EMP1177-20260916_215328,Kelly,Frost,amberlewis@example.com,1969-03-30,+44808 157 0181,"Flat 99
Brown Run
Grahamstad
DY4A 1HU",Male,Riverside Integrated Care NHS Trust,Black,Kenya,ILR,Medical,GP,Emergency & Urgent Care,GP,48.72,2026-06-11,2026-07-16,15.0,0.4,GMC,Fixed Term,Active,AR497919,2027-10-15,PI853768,2028-04-13,2027-03-16,2026-07-02
EMP1178-20260916_215328,Oliver,Pearce,patelsharon@example.net,1973-06-27,0141 496 0200,"Flat 33u
Kelly Radial
South Hugh
S2C 3PE",Male,Riverbank General Hospitals NHS Trust,Black,Barbados,Skilled Worker,Medical,FY1/FY2,Women & Children,FY1,18.95,2022-06-28,2022-08-09,30.0,0.8,NMC,Fixed Term,Inactive,LT202626,2028-12-01,GE232728,2027-05-12,2026-11-11,2022-07-19
EMP1179-20260916_215328,Antony,Wilkinson,dlittle@example.net,1976-02-02,01614960425,"Flat 1
Knight Lakes
Aaronbury
KY4 7WP",Female,Eastmoor Teaching Hospitals NHS Trust,Mixed,Kenya,Dependent,Medical,Registrar,Clinical Support Services,SPR,37.69,2023-05-20,2023-07-01,30.0,0.8,None,Bank,Suspended,TX609852,2027-04-28,QP161171,2030-09-05,2027-05-16,2023-06-10
EMP1180-20260916_215328,Katie,Wright,kerry78@example.org,1963-02-26,+44116 4960911,"Studio 26b
Harding Plains
New Graeme
CW35 0LX",Female,Valleyview Mental Wellness NHS Trust,White,Australia,British Citizen,Admin,Medical Secretary,Surgery & Cancer,4,15.83,2018-12-31,2019-02-04,20.0,0.53,HCPC,Permanent,Suspended,ST640578,2030-09-28,AX686911,2029-01-07,2027-08-01,2019-01-21
EMP1181-20260916_215328,Nigel,Little,vwhitehouse@example.org,2002-01-22,+441144960920,"752 Sean Tunnel
Westhaven
TD0M 2FT",Male,Hillcrest Medical Centres NHS Trust,Mixed,Australia,Dependent,Admin,Data Analyst,Emergency & Urgent Care,8A,29.42,2017-10-17,2017-11-14,37.5,1.0,None,Bank,Inactive,RE761968,2027-11-16,AP727956,2028-01-07,2027-03-01,2017-11-07
EMP1182-20260916_215328,Heather,Jones,ssmith@example.org,1965-07-07,028 9018113,"4 Glen Mills
Darrenstad
W8S 9YA",Male,Northwood Mental Health NHS Trust,Mixed,Nigeria,British Citizen,Nursing,Healthcare Assistant,Corporate Services,2,14.3,2019-10-01,2019-11-12,18.75,0.5,NMC,Permanent,Active,KV339830,2031-07-10,WQ691133,2029-11-16,2027-02-18,2019-10-22
EMP1183-20260916_215328,Paul,Jones,rdixon@example.net,1980-05-28,(0306)9990621,"4 Kieran Land
East Reece
DH5V 0JX",Female,Southvale Hospitals NHS Trust,Black,Nigeria,ILR,Nursing,Ward Manager,Corporate Services,8A,33.83,2019-01-04,2019-02-15,30.0,0.8,None,Bank,On Leave,RT305888,2027-01-25,OM076330,2030-07-10,2027-03-19,2019-01-25
EMP1184-20260916_215328,Sharon,Edwards,khanharriet@example.com,1994-12-02,(0151) 496 0747,"4 Bruce Station
Hughesborough
SA6 3ZY",Male,Midlands Central Hospitals NHS Trust,Mixed,Ghana,ILR,Medical,Consultant,Clinical Support Services,CONS,58.03,2017-02-07,2017-03-07,37.5,1.0,HCPC,Permanent,Suspended,CJ783150,2030-05-14,UG624822,2027-03-08,2027-03-28,2017-02-28
EMP1185-20260916_215328,Sara,Anderson,qscott@example.net,1991-11-15,0113 4960581,"Studio 06
Lewis Knoll
Gavinton
S2H 7RZ",Male,Meadowbrook Community Health NHS Trust,Asian,China,ILR,Nursing,Staff Nurse,Emergency & Urgent Care,5,20.21,2016-10-04,2016-11-01,15.0,0.4,NMC,Bank,On Leave,ZA322389,2028-08-12,VX239436,2027-04-11,2027-09-14,2016-10-25
EMP1186-20260916_215328,Adrian,Johnson,terrywright@example.net,1991-01-18,(0115) 496 0571,"Studio 18
Robson Road
Port Amandatown
NE9W 5WY",Female,Valleyview Mental Wellness NHS Trust,Black,Kenya,Skilled Worker,Nursing,Charge Nurse,Corporate Services,7,29.0,2021-11-13,2021-12-18,30.0,0.8,NMC,Permanent,Suspended,SA011200,2030-01-14,VI335977,2026-11-27,2026-12-03,2021-12-04
EMP1187-20260916_215328,Joe,Harding,declan02@example.org,1980-11-08,+44(0)306 999 0726,"4 Black Freeway
Tomlinsonfurt
BA56 3XD",Female,Bluewater Community & Rehabilitation NHS Trust,White,Canada,ILR,AHP,Speech Therapist,Clinical Support Services,6,26.89,2026-05-15,2026-06-19,20.0,0.53,NMC,Bank,Suspended,GR982368,2028-03-08,GH110428,2029-11-12,2026-12-16,2026-06-05
EMP1188-20260916_215328,Sandra,Fletcher,istevenson@example.net,1964-09-09,0151 4960319,"Flat 90
Williams Canyon
Bradleyhaven
N9 8TY",Female,Meadowbrook Community Health NHS Trust,Mixed,India,Dependent,Nursing,Nursery Nurse,Emergency & Urgent Care,2,13.51,2018-01-19,2018-02-16,37.5,1.0,NMC,Bank,Inactive,RI777900,2028-06-12,KQ014434,2030-05-27,2026-11-04,2018-02-09
EMP1189-20260916_215328,Maurice,Bartlett,nallen@example.org,2005-09-02,+44(0)1314960032,"Studio 48q
Wilson Station
South Vincent
DY5W 7UG",Female,Westborough Acute Care NHS Trust,Black,Nigeria,Skilled Worker,AHP,Physiotherapist,Medicine & Acute Care,6,25.35,2017-01-14,2017-02-18,18.75,0.5,GMC,Bank,On Leave,NK684841,2030-01-12,MQ160665,2029-03-22,2027-02-11,2017-02-04
EMP1190-20260916_215328,Maurice,Robinson,hjenkins@example.org,1978-01-19,(020)74960651,"733 Sian Ford
South David
S13 0NH",Male,Horizon Integrated Health Partnership NHS Trust,Black,Kenya,British Citizen,Medical,SHO,Corporate Services,SHO,30.18,2017-01-11,2017-02-22,15.0,0.4,HCPC,Permanent,On Leave,IB488886,2028-08-24,CX912759,2031-01-27,2027-08-22,2017-02-01
EMP1191-20260916_215328,Carole,Norman,oneillolivia@example.net,1980-11-23,(0808) 1570749,"Studio 4
Rosie Land
Julianmouth
E2 1TB",Male,Southgate Community & Mental Health NHS Trust,Black,Jamaica,ILR,Admin,Administrator,Emergency & Urgent Care,3,14.82,2023-10-23,2023-11-20,20.0,0.53,HCPC,Bank,Active,KZ327858,2028-03-04,SM753343,2026-12-31,2027-04-19,2023-11-13
EMP1192-20260916_215328,Mary,Moss,kaurjanice@example.net,1999-01-25,+4429 2018 0411,"Studio 26P
Barker Trail
North Darren
W0C 2PP",Male,Hillcrest Medical Centres NHS Trust,White,New Zealand,ILR,AHP,Speech Therapist,Women & Children,6,25.12,2021-10-27,2021-11-24,18.75,0.5,GMC,Permanent,Active,FI305419,2027-09-06,LE754932,2026-12-17,2027-09-11,2021-11-17
EMP1193-20260916_215328,Katherine,Barlow,tnorth@example.net,1975-03-19,0131 4960343,"388 Morris Harbor
West Lindseyfurt
PE6M 2UN",Male,Eastfield Psychological Services NHS Trust,Asian,Japan,Dependent,Nursing,Nursery Nurse,Clinical Support Services,2,13.56,2022-04-07,2022-05-19,37.5,1.0,None,Permanent,Inactive,LJ062913,2027-09-02,TN988198,2027-07-06,2027-06-19,2022-04-28
EMP1194-20260916_215328,Katie,Taylor,damianwoodward@example.com,1993-12-02,(0141)4960647,"16 Young Pass
Oliviafurt
E7 5PY",Male,Northwood Mental Health NHS Trust,Black,Barbados,Skilled Worker,Admin,Receptionist,Women & Children,3,14.19,2022-12-04,2023-01-01,18.75,0.5,HCPC,Permanent,On Leave,DT823572,2030-11-04,MV851586,2030-03-01,2027-03-25,2022-12-25
EMP1195-20260916_215328,Declan,Matthews,claire10@example.org,1996-05-09,+44(0)121 4960827,"39 Joan Squares
Port Leannechester
RH8 1TX",Male,Bluewater Community & Rehabilitation NHS Trust,Black,Kenya,British Citizen,Admin,Data Analyst,Medicine & Acute Care,8A,30.62,2024-03-10,2024-04-07,20.0,0.53,NMC,Fixed Term,Inactive,HR306319,2029-12-11,JA462940,2029-02-09,2027-03-15,2024-03-31
EMP1196-20260916_215328,Marc,Hodgson,eprice@example.org,1975-11-19,+44(0)161 496 0826,"88 Bates Stravenue
Lake Georgiaburgh
AL01 4RR",Male,Southgate Community & Mental Health NHS Trust,Asian,Japan,ILR,Admin,Administrator,Clinical Support Services,3,14.19,2020-01-21,2020-02-25,20.0,0.53,GMC,Permanent,Suspended,KZ829703,2028-11-16,KG059239,2029-12-20,2026-12-03,2020-02-11
EMP1197-20260916_215328,Stanley,Hall,guyball@example.org,1986-07-09,(01632)960721,"06 Amanda Inlet
Port Zoefort
M36 0GD",Female,Valleyview Mental Wellness NHS Trust,Mixed,United States,British Citizen,Medical,Registrar,Women & Children,SPR,42.64,2026-07-11,2026-08-22,37.5,1.0,GMC,Permanent,On Leave,QR359374,2026-10-11,IF958358,2030-06-05,2027-08-04,2026-08-01
EMP1198-20260916_215328,Carl,Barker,tracy57@example.org,1990-02-27,+44306 9990825,"Studio 6
Clayton Plaza
West Thomaschester
PR0 4NB",Female,Midlands Central Hospitals NHS Trust,Asian,Thailand,British Citizen,Nursing,Nursery Nurse,Medicine & Acute Care,2,12.6,2017-12-11,2018-01-15,30.0,0.8,GMC,Permanent,Suspended,PS115889,2028-12-17,TV090303,2028-08-23,2026-12-25,2018-01-01
EMP1199-20260916_215328,Francesca,Fox,anthony28@example.org,2001-04-12,(0113) 496 0307,"Studio 3
Mohammed Crest
Cookview
B7 8NU",Female,Riverside Integrated Care NHS Trust,Mixed,Trinidad and Tobago,British Citizen,Nursing,Nursery Nurse,Surgery & Cancer,2,13.98,2022-03-30,2022-05-11,30.0,0.8,HCPC,Fixed Term,Suspended,UU475849,2030-10-17,PV396124,2029-03-16,2027-02-10,2022-04-20
EMP1200-20260916_215328,Victor,Lewis,grahamanderson@example.net,1987-08-04,(0151) 4960809,"643 Yvonne Inlet
East Philip
S0 7TP",Female,Horizon Integrated Health Partnership NHS Trust,White,Canada,British Citizen,Medical,GP,Critical Care & Anaesthesia,GP,56.95,2022-04-01,2022-04-29,18.75,0.5,NMC,Permanent,On Leave,CU622497,2027-11-19,WZ908700,2027-03-29,2027-02-19,2022-04-22
