emp_id,first_name,last_name,email,dob,telephone,address,gender,trust,ethnicity,nationality,visa_status,staff_group,role,division,grade,salary,hire_date,contract_start,weekly_hours,fte,registration_type,contract_type,employment_status,registration_no,registration_expiry_date,ni,dbs_expiry_date,mandatory_training_expiry_date,profile_creation_date
EMP0001,Joe,Wright,eleanorsutton@example.org,1966-03-24,+44(0)121 496 0288,"063 Humphreys Well
Lake Aimee
G9 0LX",Female,Midlands Central Hospitals NHS Trust,White,New Zealand,ILR,Admin,Receptionist,Corporate Services,3,29979,2020-08-16,2020-09-27,15.0,0.4,GMC,Bank,Suspended,AA989366,2028-03-21,HH347280,2031-06-17,2027-07-09,2020-09-06
EMP0002,Dale,Bird,leanne15@example.net,1982-05-06,+44(0)1164960170,"2 Gareth Haven
Sheilaview
CW4 7HR",Female,Broadfield Clinical Services NHS Trust,Mixed,China,Dependent,Medical,GP,Critical Care & Anaesthesia,GP,95131,2024-09-11,2024-10-23,37.5,1.0,NMC,Permanent,Active,BW796151,2030-12-16,XX280533,2028-12-08,2027-02-08,2024-10-02
EMP0003,Lauren,Kirk,johnsonleon@example.net,1983-08-22,0121 4960060,"818 Bailey Stravenue
Palmerfurt
W67 4HQ",Female,Westmere Community Health NHS Trust,Asian,India,Dependent,Admin,Administrator,Medicine & Acute Care,3,29786,2020-08-03,2020-09-07,15.0,0.4,GMC,Fixed Term,On Leave,RT651431,2028-01-21,YA903245,2028-09-20,2027-07-19,2020-08-24
EMP0004,Ashleigh,Saunders,wrightjames@example.net,1980-05-31,0113 496 0681,"Flat 1
Marshall Villages
West Sophie
E4J 5YY",Female,Meadowbrook Community Health NHS Trust,Asian,Thailand,British Citizen,Nursing,Charge Nurse,Clinical Support Services,7,60180,2024-03-01,2024-04-05,15.0,0.4,NMC,Permanent,Active,PQ671352,2026-11-28,KL677859,2030-01-19,2027-04-29,2024-03-22
EMP0005,Charlene,Barlow,pearsonmax@example.org,2002-02-09,+4429 2018831,"Flat 08A
Nixon Walks
Zoeberg
G58 0ER",Male,Greenhaven Acute & Specialist Care NHS Trust,Mixed,New Zealand,Dependent,Nursing,Charge Nurse,Critical Care & Anaesthesia,7,59180,2020-10-05,2020-11-09,15.0,0.4,HCPC,Fixed Term,Suspended,MV563536,2028-12-21,IA192578,2028-06-13,2027-07-20,2020-10-26
EMP0006,Claire,Smith,sbrown@example.org,1975-02-09,+44117 4960648,"Studio 3
Sutton Hollow
Pearceburgh
TR73 9SU",Female,Riverside Integrated Care NHS Trust,Black,Kenya,ILR,Nursing,Ward Manager,Clinical Support Services,8A,59629,2018-11-03,2018-12-15,18.75,0.5,HCPC,Permanent,Active,CT452578,2030-08-09,NB154000,2029-05-12,2026-12-31,2018-11-24
EMP0007,Jennifer,George,mohammedhicks@example.net,1999-05-29,+44131 4960589,"Studio 54
Johnson Crest
Kirkbury
IV2M 7RL",Male,Broadfield Clinical Services NHS Trust,White,New Zealand,ILR,Nursing,Senior Staff Nurse,Surgery & Cancer,6,53527,2018-08-06,2018-09-10,37.5,1.0,None,Bank,On Leave,LQ003521,2030-05-02,AZ172228,2027-03-22,2026-12-12,2018-08-27
EMP0008,Keith,James,harriet65@example.com,1967-11-02,(0115)4960078,"915 Jarvis Glen
Port Yvonnebury
W0W 7QB",Female,Riverside Integrated Care NHS Trust,Mixed,United Kingdom,ILR,Nursing,Staff Nurse,Clinical Support Services,5,40309,2025-05-24,2025-06-21,18.75,0.5,NMC,Bank,Inactive,TB463249,2029-04-25,PA141784,2031-02-25,2027-01-21,2025-06-14
EMP0009,Bethany,Thomas,frances26@example.com,1974-08-29,+44(0)118 4960301,"Flat 10Y
Raymond Shoals
Waltonborough
PE7 6XH",Female,Broadfield Clinical Services NHS Trust,Black,Barbados,Dependent,Medical,FY1/FY2,Clinical Support Services,FY1,40280,2020-04-08,2020-05-20,20.0,0.53,NMC,Bank,On Leave,BG228637,2027-02-18,AU926863,2031-04-23,2027-05-25,2020-04-29
EMP0010,Shaun,Sanders,awebster@example.org,1964-03-31,+44(0)118 4960297,"28 Keith Orchard
Ruthhaven
SN7 0BQ",Female,Greenhaven Acute & Specialist Care NHS Trust,Mixed,Nigeria,Skilled Worker,Nursing,Staff Nurse,Corporate Services,5,40113,2022-11-08,2022-12-20,37.5,1.0,GMC,Bank,On Leave,AA548122,2026-12-05,VI779047,2027-08-20,2027-06-11,2022-11-29
EMP0011,Craig,Allan,alice86@example.com,1961-11-20,01514960471,"0 Ingram Knoll
Lake Francesca
LD82 8RN",Female,Southgate Community & Mental Health NHS Trust,White,United States,ILR,Nursing,Charge Nurse,Surgery & Cancer,7,57796,2017-11-01,2017-12-06,30.0,0.8,None,Permanent,Suspended,OA024308,2030-05-07,AC629794,2030-06-21,2027-01-01,2017-11-22
EMP0012,Abbie,Watts,ellieyates@example.org,1984-06-14,+44306 9990210,"Flat 2
O'Neill Bypass
Port Garethhaven
TW1P 9NF",Male,Northwood Mental Health NHS Trust,Asian,China,ILR,AHP,Radiographer,Surgery & Cancer,6,49403,2017-10-29,2017-12-03,18.75,0.5,NMC,Fixed Term,Suspended,TY797401,2028-03-17,KX918072,2028-10-11,2027-08-01,2017-11-19
EMP0013,Anna,Smith,doddstephen@example.net,1971-04-29,(0114)4960247,"Studio 68F
Saunders Mill
West Abbieview
L0 9LQ",Female,Bluewater Community & Rehabilitation NHS Trust,White,United States,ILR,Medical,SHO,Surgery & Cancer,SHO,45987,2018-04-30,2018-06-04,37.5,1.0,NMC,Bank,Active,TA309415,2029-03-01,EC121092,2031-04-25,2027-06-03,2018-05-21
EMP0014,Lawrence,Lewis,foxangela@example.org,2007-10-22,(01632)960323,"310 Fraser Village
Charlieshire
PL7W 1PA",Female,Riverbank General Hospitals NHS Trust,White,United States,British Citizen,Medical,SHO,Emergency & Urgent Care,SHO,54334,2026-06-07,2026-07-12,37.5,1.0,HCPC,Bank,Suspended,OT178150,2030-03-20,AX367145,2027-08-11,2027-01-19,2026-06-28
EMP0015,Sarah,Thomas,bethtaylor@example.org,1982-06-26,(020) 7496 0482,"Flat 08
Parker Canyon
South Angela
M7 6HW",Male,Westmere Community Health NHS Trust,Asian,India,ILR,Admin,Receptionist,Medicine & Acute Care,3,30223,2022-04-28,2022-06-09,30.0,0.8,NMC,Permanent,Suspended,GK783357,2029-01-26,QZ610111,2026-10-12,2027-02-18,2022-05-19
EMP0016,Sophie,Hewitt,rhodesabigail@example.net,1979-06-29,+44(0)131 496 0736,"Flat 49
Pearce Trace
Port Dylanhaven
G1 0AG",Female,Horizon Integrated Health Partnership NHS Trust,Black,Jamaica,ILR,Medical,Registrar,Corporate Services,SPR,83248,2018-05-14,2018-06-18,30.0,0.8,GMC,Fixed Term,On Leave,JW012247,2029-11-15,VS755406,2026-11-06,2027-02-13,2018-06-04
EMP0017,Frank,Griffin,zoespencer@example.org,1971-07-29,+44116 496 0395,"Studio 7
Rosie Fork
West Jenna
KT6P 0JT",Female,Eastmoor Teaching Hospitals NHS Trust,White,New Zealand,Dependent,Admin,Receptionist,Critical Care & Anaesthesia,3,29015,2018-09-13,2018-10-18,15.0,0.4,HCPC,Bank,Suspended,BZ807039,2029-11-20,QY148982,2026-09-23,2026-12-17,2018-10-04
EMP0018,Harriet,Hutchinson,reeshoward@example.org,1997-09-23,(0808)1570302,"7 Burton Shoal
Lake Ross
WA06 0BH",Male,Horizon Integrated Health Partnership NHS Trust,White,United States,ILR,AHP,Physiotherapist,Critical Care & Anaesthesia,6,44418,2024-05-05,2024-06-09,18.75,0.5,GMC,Permanent,Inactive,QE299559,2029-08-02,ZC152845,2030-11-10,2027-06-03,2024-05-26
EMP0019,Barry,Lawson,oshepherd@example.com,2002-08-26,+44(0)151 4960819,"60 Beverley Station
West Rebeccaburgh
UB4 5PJ",Male,Eastmoor Teaching Hospitals NHS Trust,Black,Kenya,British Citizen,AHP,Physiologist,Surgery & Cancer,6,48486,2018-02-11,2018-03-11,20.0,0.53,GMC,Bank,Active,OE856862,2027-08-28,HE788175,2028-08-21,2027-09-06,2018-03-04
EMP0020,Richard,Thompson,benprice@example.org,1976-10-24,0113 496 0397,"Studio 78E
Austin Prairie
East Emily
L8U 3ZD",Female,Southgate Community & Mental Health NHS Trust,Black,South Africa,Skilled Worker,AHP,Radiographer,Women & Children,6,47498,2020-03-21,2020-05-02,37.5,1.0,None,Fixed Term,Active,VX946710,2027-06-03,EB563759,2031-02-15,2026-09-13,2020-04-11
EMP0021,Mary,Wood,natasha22@example.org,2006-12-17,01154960512,"05 Aaron Hills
Carlville
SO3 6NN",Male,Hillcrest Medical Centres NHS Trust,Black,Barbados,ILR,Admin,Data Analyst,Corporate Services,8A,68123,2021-07-29,2021-09-02,20.0,0.53,GMC,Bank,Suspended,OI001403,2029-05-03,FN146436,2029-07-09,2027-01-22,2021-08-19
EMP0022,Mark,Rowe,owatson@example.org,1994-09-27,(029) 2018 0017,"Studio 26
Janet Mall
Davidfurt
S8H 4FQ",Female,Greenhaven Acute & Specialist Care NHS Trust,Black,Trinidad and Tobago,Skilled Worker,Nursing,Senior Staff Nurse,Corporate Services,6,47079,2021-02-05,2021-03-19,18.75,0.5,NMC,Fixed Term,On Leave,ED166983,2029-07-19,FT011170,2027-07-14,2026-11-13,2021-02-26
EMP0023,Clifford,Whitehouse,qjohnston@example.com,1962-11-06,(0115) 4960097,"575 Hill Inlet
Woodport
S8C 0XR",Female,Bluewater Community & Rehabilitation NHS Trust,Asian,India,British Citizen,AHP,Physiotherapist,Emergency & Urgent Care,6,51286,2018-08-25,2018-09-29,30.0,0.8,None,Fixed Term,Inactive,CF240826,2030-12-22,QF097120,2031-05-15,2027-06-23,2018-09-15
EMP0024,Roger,Fraser,janice90@example.net,1968-04-27,+44(0)28 9018 0321,"39 Rebecca Springs
Morristown
G5B 0UW",Male,Broadfield Clinical Services NHS Trust,Black,Jamaica,Skilled Worker,Admin,Data Analyst,Clinical Support Services,8A,67506,2025-05-22,2025-06-26,30.0,0.8,NMC,Bank,Inactive,WL518561,2029-12-21,KI721505,2028-05-14,2027-04-16,2025-06-12
EMP0025,Antony,Harrison,jodiekaur@example.org,1971-12-17,+44117 4960041,"08 Nicholson Corner
Westview
WV83 6WD",Male,Riverside Integrated Care NHS Trust,White,Canada,Dependent,AHP,Pharmacist,Clinical Support Services,5,39293,2026-05-19,2026-06-16,30.0,0.8,GMC,Bank,Inactive,XX464265,2027-04-05,PX154057,2026-11-21,2027-07-03,2026-06-09
EMP0026,Eleanor,Humphreys,eleanorvaughan@example.org,1996-10-25,0118 4960979,"060 Kayleigh Radial
North Alanbury
BR7V 6GN",Female,Eastfield Psychological Services NHS Trust,Mixed,China,Dependent,Admin,Administrator,Clinical Support Services,3,30255,2024-03-10,2024-04-14,18.75,0.5,HCPC,Fixed Term,Suspended,AC007348,2028-09-12,UT391698,2027-12-27,2026-11-17,2024-03-31
EMP0027,Glen,Bailey,jaynebrown@example.org,1990-06-24,+44(0)909 879 0686,"Studio 23
Parker Circles
Jonesberg
G97 5AL",Male,Hillcrest Medical Centres NHS Trust,Black,Trinidad and Tobago,Skilled Worker,Medical,Registrar,Corporate Services,SPR,74088,2019-01-29,2019-03-05,37.5,1.0,None,Permanent,Active,HJ221750,2028-02-16,JZ558608,2030-05-15,2026-11-18,2019-02-19
EMP0028,Emma,Andrews,unicholls@example.org,1962-04-22,08081570883,"Studio 2
Bird Lodge
Gailton
S1 7LE",Male,Southgate Community & Mental Health NHS Trust,Asian,India,Skilled Worker,AHP,Radiographer,Critical Care & Anaesthesia,6,54238,2022-01-09,2022-02-20,20.0,0.53,GMC,Bank,Suspended,YV161271,2030-11-15,CD314332,2030-06-17,2026-12-01,2022-01-30
EMP0029,Glenn,Allen,trussell@example.org,1980-03-12,01914960492,"Flat 84N
Kaur Wall
Baileyton
L83 2JZ",Female,Lakeside District Hospitals NHS Trust,Asian,India,Skilled Worker,Admin,Data Analyst,Emergency & Urgent Care,8A,62950,2023-10-27,2023-11-24,18.75,0.5,HCPC,Permanent,On Leave,WT683124,2029-04-05,KK772905,2031-08-23,2027-08-25,2023-11-17
EMP0030,Maria,Mistry,jonathancollins@example.com,1988-09-10,+44(0)118 4960824,"Studio 00C
Dean Cliff
Edwardshaven
N4U 4GD",Female,Southgate Community & Mental Health NHS Trust,Asian,Japan,Dependent,Medical,GP,Women & Children,GP,113151,2019-07-31,2019-09-11,18.75,0.5,NMC,Fixed Term,Suspended,RA542517,2029-06-10,UR466084,2030-01-30,2027-04-01,2019-08-21
EMP0031,Sam,Thomas,nathancameron@example.net,1967-12-30,+44(0)191 4960402,"Studio 79
Pamela Landing
Rowleyfort
BS40 9XG",Female,Northshire University Hospitals NHS Trust,Mixed,Ghana,Dependent,Admin,Administrator,Emergency & Urgent Care,3,27880,2021-05-01,2021-06-12,15.0,0.4,NMC,Bank,Suspended,MG579935,2028-04-09,RA012096,2029-05-20,2026-10-21,2021-05-22
EMP0032,Damien,Stanley,kayleighjohnson@example.org,1993-12-08,+4420 7496 0743,"760 Adams Parks
Lake Gail
DY0 4LN",Male,Horizon Integrated Health Partnership NHS Trust,Black,Trinidad and Tobago,Dependent,Medical,FY1/FY2,Corporate Services,FY1,39295,2021-03-12,2021-04-23,30.0,0.8,None,Permanent,Inactive,HW564977,2027-11-16,CY371922,2027-08-19,2026-12-31,2021-04-02
EMP0033,Shannon,Vincent,carlwhitehouse@example.net,1990-09-16,(0113) 496 0828,"Studio 44O
Marion Trafficway
South Samuel
EH34 1BU",Male,Midlands Central Hospitals NHS Trust,White,United Kingdom,British Citizen,Admin,Administrator,Medicine & Acute Care,3,27277,2026-03-18,2026-04-15,20.0,0.53,GMC,Fixed Term,On Leave,MZ686952,2030-07-28,MY254576,2029-09-20,2026-11-03,2026-04-08
EMP0034,Gareth,Peters,robertwood@example.net,1973-08-16,(0117) 4960501,"Studio 48
Stephen Groves
Seanland
N1 8GS",Male,Midlands Central Hospitals NHS Trust,Mixed,South Africa,Dependent,AHP,Speech Therapist,Corporate Services,6,51575,2017-09-27,2017-11-08,30.0,0.8,HCPC,Fixed Term,On Leave,HA505804,2027-01-03,ZW525877,2030-10-28,2027-03-09,2017-10-18
EMP0035,Nicholas,Mitchell,glennmartin@example.com,1981-04-27,(0115) 4960937,"08 George Islands
Emmabury
DA87 6WN",Male,Valleyview Mental Wellness NHS Trust,Black,Kenya,ILR,AHP,Speech Therapist,Clinical Support Services,6,50725,2022-08-27,2022-10-08,30.0,0.8,NMC,Permanent,Inactive,FU845593,2027-10-15,IW855676,2028-03-21,2027-01-27,2022-09-17
EMP0036,Mohammed,Yates,sarajones@example.org,1980-01-28,+4428 9018 0205,"Flat 4
Helen Square
Shahview
N68 0WJ",Female,Eastfield Psychological Services NHS Trust,White,Canada,Skilled Worker,Admin,Medical Secretary,Emergency & Urgent Care,4,34354,2021-03-21,2021-04-18,37.5,1.0,NMC,Bank,Inactive,EM912482,2029-04-15,DA431012,2029-06-19,2026-10-07,2021-04-11
EMP0037,Tracy,Kerr,sam09@example.net,1971-07-01,01184960091,"927 Griffiths Hills
Lake Angela
S2 2ZN",Male,Northwood Mental Health NHS Trust,Mixed,Japan,Skilled Worker,AHP,Radiographer,Clinical Support Services,6,53008,2024-08-30,2024-10-04,30.0,0.8,NMC,Permanent,Suspended,WY528091,2030-07-28,MO435652,2030-09-10,2027-07-27,2024-09-20
EMP0038,Aaron,Barber,pstephens@example.com,1965-07-04,0117 4960960,"Flat 56X
Helen Ports
Lake Aimeeside
E17 5XU",Female,Meadowbrook Community Health NHS Trust,Asian,China,ILR,Nursing,Ward Manager,Corporate Services,8A,62513,2023-04-16,2023-05-14,15.0,0.4,NMC,Bank,On Leave,LZ833433,2027-02-21,OP802122,2029-10-19,2027-03-12,2023-05-07
EMP0039,Keith,Jones,denis16@example.com,1972-06-01,028 9018855,"Flat 92
Teresa Rapid
New Albert
YO47 1YX",Female,Eastfield Psychological Services NHS Trust,Black,Trinidad and Tobago,British Citizen,Admin,Medical Secretary,Corporate Services,4,36600,2018-01-30,2018-03-13,30.0,0.8,None,Bank,Active,SV474560,2031-01-18,MU792311,2030-09-02,2026-11-16,2018-02-20
EMP0040,Andrea,Coates,uburton@example.com,1995-10-30,(0121) 496 0562,"8 Jones Via
Jodieton
EH9W 9ZT",Female,Riverbank General Hospitals NHS Trust,White,Australia,Skilled Worker,Nursing,Ward Manager,Emergency & Urgent Care,8A,56527,2021-06-22,2021-07-27,37.5,1.0,GMC,Permanent,Suspended,GD137537,2028-11-14,JX632902,2027-01-13,2027-06-14,2021-07-13
EMP0041,Shirley,Brown,dannywarren@example.net,1971-06-07,01632 960 195,"Studio 90E
Graham Tunnel
Louisemouth
PH2W 5LD",Male,Hillcrest Medical Centres NHS Trust,Asian,Japan,British Citizen,AHP,Physiotherapist,Surgery & Cancer,6,46304,2023-12-05,2024-01-16,18.75,0.5,NMC,Permanent,Suspended,IG281786,2029-01-09,PW975017,2026-11-22,2027-08-25,2023-12-26
EMP0042,Katy,Patel,robinsonbryan@example.com,1986-03-08,03069990874,"6 Mandy Pines
Woodshire
G85 8PH",Female,Oakridge Community Services NHS Trust,White,United States,Skilled Worker,Admin,Data Analyst,Medicine & Acute Care,8A,65262,2017-12-22,2018-01-19,15.0,0.4,None,Bank,Active,DL600011,2030-01-18,UQ796208,2030-05-02,2027-02-20,2018-01-12
EMP0043,Emma,Bryant,jonescharles@example.net,1969-11-14,+44(0)115 496 0323,"Flat 11N
Price Ports
West Nicolaville
G2 7FR",Male,Hillcrest Medical Centres NHS Trust,Black,Ghana,British Citizen,AHP,Radiographer,Medicine & Acute Care,6,49433,2025-01-26,2025-03-09,20.0,0.53,HCPC,Bank,Active,GK797944,2031-01-07,PL761216,2029-05-17,2026-10-13,2025-02-16
EMP0044,Joyce,Ellis,kennedygareth@example.org,1992-09-24,+44292018111,"468 Nicola Court
Robinview
B9 7EY",Male,Broadfield Clinical Services NHS Trust,Asian,Thailand,Skilled Worker,AHP,Physiologist,Corporate Services,6,52255,2025-11-02,2025-12-14,18.75,0.5,GMC,Permanent,Active,MQ034562,2027-04-18,UP196885,2027-03-02,2027-09-12,2025-11-23
EMP0045,Adrian,Jones,tnixon@example.net,1987-02-27,+44(0)1614960634,"Studio 80j
Haynes Prairie
New Carolynborough
S2 4NE",Male,Broadfield Clinical Services NHS Trust,Mixed,Jamaica,ILR,Admin,Administrator,Emergency & Urgent Care,3,27077,2016-09-14,2016-10-19,37.5,1.0,GMC,Permanent,Inactive,RW915620,2029-03-26,SR094676,2026-09-27,2026-12-20,2016-10-05
EMP0046,Leigh,Banks,waynepatel@example.com,1962-10-25,+441214960929,"Studio 2
Knowles Glen
East Joseph
ST8 8AB",Male,Northshire University Hospitals NHS Trust,White,United States,British Citizen,AHP,Occupational Therapist,Medicine & Acute Care,6,45527,2023-05-02,2023-05-30,20.0,0.53,None,Bank,Suspended,KV271832,2030-03-18,YN705379,2027-07-17,2027-04-24,2023-05-23
EMP0047,Joel,Barnes,tracysmith@example.org,1973-11-13,+44(0)118 4960930,"4 Pritchard Throughway
Stephaniefort
BA6 8AA",Female,Oakridge Community Services NHS Trust,Black,Ghana,Skilled Worker,Medical,Registrar,Surgery & Cancer,SPR,81433,2025-01-29,2025-03-05,30.0,0.8,None,Bank,Inactive,FY582991,2030-09-24,YE391574,2029-01-09,2027-02-12,2025-02-19
EMP0048,Michelle,Bennett,dbailey@example.org,2004-09-12,+441632 960 447,"Studio 1
John Forks
New Garry
S38 0RH",Male,Broadfield Clinical Services NHS Trust,White,United States,Dependent,Medical,Registrar,Critical Care & Anaesthesia,SPR,74778,2024-09-07,2024-10-05,20.0,0.53,HCPC,Fixed Term,Active,FF153228,2031-06-03,WI012706,2027-01-06,2027-07-17,2024-09-28
EMP0049,Jack,Andrews,youngnatasha@example.org,1962-07-22,+44292018549,"94 Ryan Valleys
East Nigelmouth
W84 5BQ",Female,Broadfield Clinical Services NHS Trust,Asian,India,Dependent,AHP,Pharmacist,Corporate Services,5,41642,2021-01-12,2021-02-23,37.5,1.0,None,Fixed Term,Active,JR158014,2027-06-19,GB395815,2026-12-22,2027-04-18,2021-02-02
EMP0050,Janet,Lee,ksmith@example.com,1986-09-03,+441514960271,"Studio 29
Grant Squares
New Howardton
S29 1ZP",Male,Westborough Acute Care NHS Trust,Mixed,Australia,British Citizen,Nursing,Ward Manager,Corporate Services,8A,59635,2021-10-19,2021-11-30,18.75,0.5,None,Bank,Suspended,KU711455,2029-02-12,PI867492,2026-12-14,2027-04-02,2021-11-09
EMP0051,John,Lowe,frederick89@example.com,1978-09-20,(0151) 496 0040,"85 John Pines
Bentleychester
FY4W 0SU",Male,Greenhaven Acute & Specialist Care NHS Trust,Black,Nigeria,Dependent,Admin,Data Analyst,Women & Children,8A,60373,2017-01-27,2017-02-24,20.0,0.53,HCPC,Permanent,Inactive,SU085582,2029-03-15,WU346389,2030-10-14,2027-04-09,2017-02-17
EMP0052,Judith,Porter,seanhughes@example.net,1975-06-25,+441632 960 862,"Flat 33
Scott Rapids
Port Abigailbury
CA7E 2BA",Male,Southgate Community & Mental Health NHS Trust,Black,Nigeria,Dependent,Nursing,Healthcare Assistant,Clinical Support Services,2,25312,2020-06-09,2020-07-07,30.0,0.8,NMC,Permanent,Active,UX969810,2027-04-17,TA515586,2028-01-26,2027-03-19,2020-06-30
EMP0053,Lynn,Adams,bhorton@example.org,1961-02-05,+441154960131,"577 Iain Inlet
West Geoffrey
GY06 5YW",Male,Southgate Community & Mental Health NHS Trust,White,United States,Dependent,Admin,Data Analyst,Critical Care & Anaesthesia,8A,69472,2020-06-07,2020-07-19,20.0,0.53,GMC,Permanent,Inactive,DK067230,2030-07-03,FY945591,2028-06-07,2027-03-08,2020-06-28
EMP0054,Rosemary,Ryan,stuart49@example.net,1986-04-12,+44(0)808 1570259,"Studio 1
Jodie Canyon
West Shaun
PH7A 0FZ",Female,Northshire University Hospitals NHS Trust,Mixed,New Zealand,ILR,Admin,Data Analyst,Medicine & Acute Care,8A,65500,2025-11-23,2025-12-21,30.0,0.8,GMC,Bank,Active,NN916226,2028-07-18,LZ221709,2027-05-01,2027-07-10,2025-12-14
EMP0055,Edward,Jackson,kcook@example.net,1966-04-02,+44113 4960005,"Flat 37N
Howells Grove
Lake Susanstad
DE5R 5UX",Female,Greenhaven Acute & Specialist Care NHS Trust,White,Australia,ILR,Admin,Data Analyst,Corporate Services,8A,64798,2026-01-20,2026-02-17,15.0,0.4,GMC,Fixed Term,On Leave,SJ941596,2028-08-01,QZ939716,2026-10-28,2027-04-16,2026-02-10
EMP0056,Joshua,Day,jadethomas@example.net,1996-04-04,08081570468,"8 Hudson Corners
New Sean
ST17 7NR",Male,Southvale Hospitals NHS Trust,Black,Kenya,ILR,Nursing,Ward Manager,Emergency & Urgent Care,8A,64445,2022-05-21,2022-06-25,37.5,1.0,HCPC,Permanent,On Leave,GB663281,2029-08-07,JM206761,2027-03-30,2027-08-17,2022-06-11
EMP0057,Elizabeth,Wong,willisdiana@example.net,1981-05-15,+44(0)1614960044,"21 Carl Canyon
Elainefort
S5 8DQ",Female,Midlands Central Hospitals NHS Trust,Black,Ghana,British Citizen,Medical,SHO,Critical Care & Anaesthesia,SHO,46163,2025-03-07,2025-04-18,15.0,0.4,HCPC,Fixed Term,Suspended,UU044998,2030-03-09,SA616126,2027-08-02,2027-06-13,2025-03-28
EMP0058,Ronald,Watson,geoffrey08@example.org,1961-02-18,(028) 9018 0973,"Studio 60
Walsh Ports
West Terenceborough
M16 5UW",Female,Lakeside District Hospitals NHS Trust,Asian,Thailand,British Citizen,AHP,Radiographer,Clinical Support Services,6,51119,2020-12-08,2021-01-19,20.0,0.53,NMC,Permanent,Inactive,GQ435105,2030-03-28,PL971683,2030-09-19,2026-11-20,2020-12-29
EMP0059,Eileen,Ferguson,oanderson@example.com,1985-04-15,(020) 74960089,"8 Ben Street
South Rickyview
LU10 3FQ",Female,Riverside Integrated Care NHS Trust,Asian,India,Dependent,Nursing,Staff Nurse,Emergency & Urgent Care,5,44083,2018-06-05,2018-07-17,15.0,0.4,GMC,Permanent,Suspended,XJ594777,2027-09-24,FW086710,2028-09-13,2027-05-11,2018-06-26
EMP0060,Robin,Graham,ricediana@example.net,1970-09-03,+44(0)29 2018 0695,"9 Bryan Meadows
Stewartburgh
TW5 8WU",Male,Eastmoor Teaching Hospitals NHS Trust,White,New Zealand,ILR,AHP,Physiologist,Clinical Support Services,6,51720,2021-07-28,2021-09-08,37.5,1.0,None,Bank,On Leave,KI883364,2031-03-13,NL588637,2028-05-27,2027-02-09,2021-08-18
EMP0061,Gareth,Lewis,jeremy76@example.org,2008-01-04,+44(0)151 496 0611,"Studio 73E
Cooper Loaf
Sullivanview
SE22 9FL",Male,Northwood Mental Health NHS Trust,Mixed,Ghana,ILR,Admin,Administrator,Surgery & Cancer,3,30990,2021-10-19,2021-11-23,37.5,1.0,HCPC,Fixed Term,Suspended,SI302683,2028-11-22,EY579698,2030-06-01,2027-07-01,2021-11-09
EMP0062,Rachael,Andrews,ucunningham@example.net,1972-06-10,+44909 8790929,"3 Pamela Village
Alexbury
M71 3WS",Male,Riverside Integrated Care NHS Trust,White,Canada,ILR,Nursing,Charge Nurse,Corporate Services,7,56865,2024-10-03,2024-10-31,18.75,0.5,HCPC,Bank,Inactive,JK101485,2027-07-31,EY982097,2027-03-05,2027-01-19,2024-10-24
EMP0063,Darren,Hill,wilkinseric@example.org,1981-08-24,(01632) 960901,"01 Walters Plains
Huntside
NW0E 1RJ",Male,Hillcrest Medical Centres NHS Trust,White,United States,British Citizen,Admin,Medical Secretary,Corporate Services,4,31595,2024-05-13,2024-06-24,30.0,0.8,None,Permanent,Inactive,HT478466,2030-05-10,WJ818085,2028-08-21,2027-06-24,2024-06-03
EMP0064,John,Stevens,annabryant@example.com,1978-10-04,+44(0)114 496 0320,"Studio 9
Smith River
Lake Joanfort
HP6 0LB",Male,Riverside Integrated Care NHS Trust,Black,Barbados,ILR,Nursing,Nursery Nurse,Emergency & Urgent Care,2,26293,2026-09-03,2026-10-08,30.0,0.8,NMC,Fixed Term,Inactive,QC583293,2027-12-07,XP416674,2027-09-26,2027-05-01,2026-09-24
EMP0065,Sam,Adams,fsmith@example.com,1993-07-21,(028) 9018722,"Studio 53T
Shaun Lodge
West Gavinfurt
LU24 6BF",Male,Greenhaven Acute & Specialist Care NHS Trust,Asian,Thailand,Skilled Worker,Medical,Consultant,Critical Care & Anaesthesia,CONS,116701,2025-01-11,2025-02-08,15.0,0.4,NMC,Permanent,On Leave,XU003421,2027-12-20,TP687552,2029-02-16,2027-06-21,2025-02-01
EMP0066,Frances,Gordon,sknowles@example.com,2001-11-19,(020)74960492,"Studio 90
Wright Rest
South Trevor
E11 0YA",Male,Eastfield Psychological Services NHS Trust,White,New Zealand,Dependent,Nursing,Senior Staff Nurse,Corporate Services,6,48820,2020-08-01,2020-09-05,15.0,0.4,NMC,Permanent,On Leave,MP106788,2029-04-10,JX073547,2031-04-11,2027-08-15,2020-08-22
EMP0067,Phillip,Morgan,chelseajenkins@example.net,2008-05-07,+441414960877,"157 Marsden Fall
Hayleyborough
KT7W 2AB",Female,Valleyview Mental Wellness NHS Trust,Asian,China,Skilled Worker,Nursing,Nursery Nurse,Medicine & Acute Care,2,26567,2023-03-26,2023-05-07,15.0,0.4,None,Permanent,Suspended,WN146833,2031-02-14,TA863526,2030-02-13,2027-05-26,2023-04-16
EMP0068,Lorraine,North,matthew93@example.com,2003-04-23,+441144960234,"Studio 31I
Stewart Squares
Josephhaven
M18 3BX",Male,Riverside Integrated Care NHS Trust,White,Canada,Skilled Worker,Nursing,Healthcare Assistant,Women & Children,2,27075,2019-03-16,2019-04-20,18.75,0.5,NMC,Permanent,Inactive,HX751218,2030-09-27,VC266724,2030-09-11,2027-06-03,2019-04-06
EMP0069,Beverley,Thomas,granttom@example.com,1989-01-31,(020) 7496 0208,"Studio 95T
Tina Hills
Morrisstad
E36 1NL",Female,Eastmoor Teaching Hospitals NHS Trust,Asian,China,ILR,Medical,GP,Critical Care & Anaesthesia,GP,112541,2018-06-28,2018-08-02,37.5,1.0,GMC,Permanent,Suspended,ZD381059,2030-01-07,HF916445,2030-10-27,2027-06-27,2018-07-19
EMP0070,Clifford,Richardson,tuckerlorraine@example.net,1991-06-29,(0121)4960895,"Flat 94
Lewis Mission
Powelltown
M8 7JQ",Female,Northshire University Hospitals NHS Trust,Asian,India,Dependent,Medical,FY1/FY2,Emergency & Urgent Care,FY1,38292,2019-11-05,2019-12-10,20.0,0.53,GMC,Permanent,Suspended,XU721538,2030-03-10,XH794076,2029-09-23,2027-03-26,2019-11-26
EMP0071,Mohammed,Brown,liamclarke@example.org,1985-05-03,+44808 157 0627,"142 Mohammed Groves
South Simon
B2K 7DB",Female,Southgate Community & Mental Health NHS Trust,Black,Kenya,ILR,AHP,Speech Therapist,Women & Children,6,53077,2017-04-18,2017-05-30,30.0,0.8,None,Fixed Term,Active,HZ370012,2030-10-24,VT106900,2029-03-29,2026-10-24,2017-05-09
EMP0072,Leonard,Evans,djones@example.com,1986-08-08,+44113 496 0976,"Studio 19S
Newton Cove
West Jillfort
CH0Y 5JU",Female,Broadfield Clinical Services NHS Trust,Mixed,Thailand,Skilled Worker,Nursing,Healthcare Assistant,Medicine & Acute Care,2,25810,2018-05-15,2018-06-19,20.0,0.53,GMC,Bank,Suspended,CA842164,2029-06-06,KB178408,2028-11-22,2027-02-05,2018-06-05
EMP0073,Stephen,Field,taylorsylvia@example.net,2008-06-22,+441154960577,"Flat 31y
Ashley Mills
Deanport
GY63 1ZJ",Male,Valleyview Mental Wellness NHS Trust,Black,Ghana,Dependent,Nursing,Nursery Nurse,Clinical Support Services,2,24050,2017-04-16,2017-05-21,20.0,0.53,None,Permanent,Active,CT192479,2031-03-24,IW726063,2030-05-03,2027-03-22,2017-05-07
EMP0074,Helen,Hall,carly70@example.org,1985-12-13,(0191)4960407,"1 Thomas Street
Oliverhaven
E9 9ZY",Male,Westmere Community Health NHS Trust,White,United States,ILR,Admin,Administrator,Clinical Support Services,3,28880,2024-11-13,2024-12-25,20.0,0.53,HCPC,Bank,Active,HA941994,2031-08-25,FH967770,2030-05-02,2026-09-22,2024-12-04
EMP0075,Damien,Jackson,linda46@example.com,1982-08-11,(0115) 496 0085,"18 Stevens Terrace
Lake Emily
E5G 5UZ",Male,Oakridge Community Services NHS Trust,Asian,China,British Citizen,Medical,SHO,Surgery & Cancer,SHO,47023,2017-05-04,2017-06-08,30.0,0.8,NMC,Fixed Term,Suspended,UF862236,2028-11-28,NW289860,2028-02-29,2027-06-04,2017-05-25
EMP0076,Yvonne,Barber,bodonnell@example.org,1967-03-09,+44909 8790229,"221 Briggs Falls
Clarechester
L16 4FE",Female,Eastfield Psychological Services NHS Trust,White,Canada,British Citizen,Nursing,Healthcare Assistant,Medicine & Acute Care,2,27855,2018-06-18,2018-07-16,20.0,0.53,HCPC,Fixed Term,Suspended,RG142781,2027-08-16,ZW964653,2027-11-05,2027-01-01,2018-07-09
EMP0077,Joel,Smith,stephensmaria@example.com,1983-04-24,(029)2018020,"Studio 55Y
Damien Mews
Lake Conorport
W26 9TZ",Female,Westmere Community Health NHS Trust,Black,Trinidad and Tobago,British Citizen,Medical,FY1/FY2,Critical Care & Anaesthesia,FY1,38827,2023-11-15,2023-12-27,30.0,0.8,HCPC,Fixed Term,Inactive,SE375778,2028-05-14,XI389581,2029-06-21,2027-05-28,2023-12-06
EMP0078,Steven,Allen,damienhunt@example.com,1972-01-21,(0161) 4960827,"16 Marcus Valley
Barlowville
L0 6YE",Female,Lakeside District Hospitals NHS Trust,Black,South Africa,Dependent,Medical,Consultant,Medicine & Acute Care,CONS,130405,2019-01-10,2019-02-14,30.0,0.8,None,Fixed Term,Suspended,XO860634,2027-08-26,JS007039,2030-05-19,2027-08-15,2019-01-31
EMP0079,Carl,Jackson,wheelerclare@example.net,1974-09-01,(0118) 496 0843,"Studio 61
Franklin Cliffs
Hollyburgh
HR21 5PT",Male,Eastmoor Teaching Hospitals NHS Trust,Mixed,Nigeria,ILR,Nursing,Nursery Nurse,Surgery & Cancer,2,24199,2020-09-30,2020-11-04,18.75,0.5,NMC,Permanent,Suspended,QO947419,2029-01-10,WR819806,2028-03-16,2027-06-30,2020-10-21
EMP0080,Ben,Riley,lisa89@example.com,1965-08-12,+4428 9018 0107,"Flat 00
Bennett Groves
North Lukeburgh
G57 9US",Female,Eastfield Psychological Services NHS Trust,Asian,India,British Citizen,AHP,Pharmacist,Clinical Support Services,5,43674,2022-11-14,2022-12-19,18.75,0.5,HCPC,Bank,On Leave,WX655052,2029-01-31,AM302919,2030-11-09,2027-01-31,2022-12-05
EMP0081,Grace,Roberts,mbrown@example.net,1989-07-05,+44(0)306 9990006,"711 Ellis Keys
South Naomimouth
YO5 3BR",Male,Eastfield Psychological Services NHS Trust,White,United Kingdom,British Citizen,Admin,Receptionist,Women & Children,3,27307,2019-06-05,2019-07-17,37.5,1.0,GMC,Permanent,Suspended,SI918159,2030-08-31,GP963776,2026-11-30,2026-11-07,2019-06-26
EMP0082,Marcus,Glover,collinsneil@example.com,1988-03-30,+44117 496 0373,"415 Douglas Courts
South Wayne
BL91 8YU",Female,Westborough Acute Care NHS Trust,Black,Trinidad and Tobago,British Citizen,Medical,Registrar,Surgery & Cancer,SPR,79393,2024-05-25,2024-06-22,37.5,1.0,GMC,Bank,On Leave,XX179443,2031-02-08,SO951556,2030-04-02,2027-08-04,2024-06-15
EMP0083,Marion,Todd,ematthews@example.com,2003-06-13,01614960103,"Studio 12p
Preston Meadows
Port Louiseview
E85 9RQ",Male,Horizon Integrated Health Partnership NHS Trust,Mixed,Trinidad and Tobago,ILR,Medical,FY1/FY2,Corporate Services,FY1,37410,2017-01-12,2017-02-16,20.0,0.53,None,Permanent,On Leave,TO481734,2030-04-19,UR487696,2027-09-30,2027-01-03,2017-02-02
EMP0084,Leigh,Dawson,handrews@example.net,2003-05-08,+4420 7496 0751,"77 Hutchinson Tunnel
East Leigh
WC3A 8BN",Female,Riverbank General Hospitals NHS Trust,Mixed,Kenya,Dependent,Admin,Receptionist,Emergency & Urgent Care,3,28617,2024-06-08,2024-07-06,30.0,0.8,HCPC,Fixed Term,Suspended,PT823734,2030-06-07,AN004084,2030-08-29,2027-07-19,2024-06-29
EMP0085,Christian,Parsons,afletcher@example.org,2003-06-15,+441514960457,"Flat 32
Liam Orchard
Curtiston
PH8B 9NN",Male,Broadfield Clinical Services NHS Trust,White,United States,Skilled Worker,AHP,Physiotherapist,Clinical Support Services,6,44739,2021-04-23,2021-06-04,15.0,0.4,GMC,Fixed Term,Inactive,KX347265,2031-01-29,AO700315,2030-12-06,2026-11-26,2021-05-14
EMP0086,Vanessa,Andrews,cdavies@example.com,1965-03-29,+441134960312,"Studio 82n
Jones Green
Lake Samuelshire
CF7 6NA",Male,Southgate Community & Mental Health NHS Trust,Black,Kenya,British Citizen,Nursing,Nursery Nurse,Critical Care & Anaesthesia,2,26749,2022-08-26,2022-09-30,30.0,0.8,NMC,Bank,On Leave,OY565937,2027-10-04,ZV266168,2026-11-27,2027-03-06,2022-09-16
EMP0087,Diane,Gardner,dshaw@example.net,2005-12-05,0118 4960094,"Studio 20
Anthony Dale
Shaneland
W33 4YU",Female,Southgate Community & Mental Health NHS Trust,Mixed,United Kingdom,ILR,Medical,Registrar,Women & Children,SPR,70233,2019-12-01,2020-01-12,30.0,0.8,None,Permanent,Suspended,XI332700,2027-09-23,IM625374,2027-04-01,2027-04-18,2019-12-22
EMP0088,Amber,Begum,allanbilly@example.net,1988-07-28,(020) 7496 0623,"839 Melissa Vista
Natashaville
RG5 6WP",Female,Riverbank General Hospitals NHS Trust,Asian,China,Skilled Worker,AHP,Radiographer,Medicine & Acute Care,6,45319,2020-05-24,2020-07-05,37.5,1.0,HCPC,Fixed Term,Active,PA544379,2027-05-17,UK731817,2028-06-18,2027-06-28,2020-06-14
EMP0089,Brandon,Williamson,ghall@example.org,1967-03-13,0141 4960639,"Flat 0
Taylor Heights
Conorshire
RM8 4WT",Male,Valleyview Mental Wellness NHS Trust,Asian,Thailand,ILR,Nursing,Charge Nurse,Emergency & Urgent Care,7,62698,2020-10-26,2020-11-30,15.0,0.4,HCPC,Bank,Inactive,PP752513,2031-01-24,VP103695,2028-01-31,2026-12-25,2020-11-16
EMP0090,Martyn,Barton,bryanmohamed@example.net,2007-10-06,0141 4960582,"Studio 01u
Adams Walk
North Nigel
S3 8DN",Male,Eastfield Psychological Services NHS Trust,Asian,India,Skilled Worker,AHP,Physiotherapist,Critical Care & Anaesthesia,6,48839,2016-12-12,2017-01-09,30.0,0.8,None,Permanent,Suspended,CJ208040,2031-01-27,BQ710506,2027-04-14,2027-06-30,2017-01-02
EMP0091,Beverley,Shah,bhammond@example.org,2007-05-16,+44(0)29 2018441,"Studio 65o
Payne Villages
Port Cameron
IP3 8FA",Female,Lakeside District Hospitals NHS Trust,Black,Barbados,ILR,Nursing,Healthcare Assistant,Medicine & Acute Care,2,26336,2023-07-18,2023-08-29,20.0,0.53,None,Fixed Term,Active,ZW795618,2028-11-25,HH684308,2031-05-29,2027-03-07,2023-08-08
EMP0092,Jade,Miller,alexclarke@example.org,1991-02-02,+44114 496 0356,"8 Middleton Valley
Richardston
B61 9TP",Female,Riverbank General Hospitals NHS Trust,White,United Kingdom,ILR,Medical,SHO,Clinical Support Services,SHO,50626,2022-04-04,2022-05-02,30.0,0.8,HCPC,Fixed Term,Suspended,GD389999,2029-07-29,MW843685,2027-05-05,2027-02-08,2022-04-25
EMP0093,Elliot,Jordan,mwilson@example.net,1986-05-29,+44(0)28 9018807,"Flat 78
Trevor Corners
South Amber
S50 5TE",Male,Northshire University Hospitals NHS Trust,Asian,India,Skilled Worker,Medical,FY1/FY2,Clinical Support Services,FY1,36715,2023-10-20,2023-11-24,15.0,0.4,None,Permanent,On Leave,BR731791,2031-03-19,MP150911,2031-07-20,2026-10-23,2023-11-10
EMP0094,Andrew,Davies,harrisonmaria@example.net,1963-02-21,0151 496 0333,"Flat 77
Pamela Points
Lewistown
HG8 5QP",Male,Eastfield Psychological Services NHS Trust,Black,Barbados,Skilled Worker,Admin,Administrator,Critical Care & Anaesthesia,3,31659,2025-04-30,2025-06-04,30.0,0.8,HCPC,Fixed Term,Inactive,UF556898,2028-02-08,YF117705,2029-03-18,2026-11-28,2025-05-21
EMP0095,Kyle,Collins,dannyparker@example.com,1977-12-16,+44(0)29 2018752,"58 Ferguson Grove
North Georginachester
NE9P 2GZ",Male,Lakeside District Hospitals NHS Trust,White,Canada,British Citizen,AHP,Speech Therapist,Surgery & Cancer,6,50291,2019-08-06,2019-09-10,37.5,1.0,NMC,Permanent,Active,QL059606,2027-07-09,VD284449,2030-09-26,2026-10-19,2019-08-27
EMP0096,Steven,Williams,june73@example.org,1962-09-21,(0118)4960159,"8 Adams Centers
Millerhaven
L4G 2GE",Male,Midlands Central Hospitals NHS Trust,White,United Kingdom,Skilled Worker,Medical,SHO,Clinical Support Services,SHO,58081,2020-10-12,2020-11-23,18.75,0.5,None,Bank,Active,GH580866,2027-07-28,LB030060,2029-02-23,2026-10-11,2020-11-02
EMP0097,Marie,Jones,awall@example.net,1984-11-28,(0116) 496 0479,"Studio 03
Raymond Ports
Port Debramouth
SK5 1XA",Male,Eastmoor Teaching Hospitals NHS Trust,Asian,Thailand,ILR,AHP,Physiologist,Critical Care & Anaesthesia,6,49929,2026-03-23,2026-04-27,18.75,0.5,HCPC,Fixed Term,Inactive,VV984256,2026-12-17,AY766073,2028-12-19,2026-10-21,2026-04-13
EMP0098,Maureen,Andrews,ross39@example.net,2007-09-29,+44(0)20 7496 0558,"Flat 1
Kimberley Corners
Paigestad
TQ99 4YP",Female,Riverside Integrated Care NHS Trust,Asian,Thailand,British Citizen,Medical,FY1/FY2,Surgery & Cancer,FY1,39936,2025-10-06,2025-11-17,15.0,0.4,NMC,Fixed Term,Active,PL855931,2027-08-11,IB037120,2029-07-01,2027-01-03,2025-10-27
EMP0099,Ellie,Morris,brandon75@example.net,1994-01-27,+4429 2018247,"Flat 0
Gerard Bridge
Goughshire
N69 6XH",Male,Riverbank General Hospitals NHS Trust,White,United States,ILR,Medical,Consultant,Emergency & Urgent Care,CONS,101209,2018-04-11,2018-05-16,20.0,0.53,GMC,Bank,On Leave,OP562805,2026-10-13,CB937418,2029-09-21,2027-06-19,2018-05-02
EMP0100,Cameron,Fisher,powellneil@example.com,1979-06-05,+44(0)2074960041,"889 Taylor Port
Morrismouth
MK41 1TD",Male,Northshire University Hospitals NHS Trust,Black,Jamaica,Skilled Worker,Nursing,Charge Nurse,Clinical Support Services,7,53813,2017-03-11,2017-04-08,18.75,0.5,NMC,Permanent,Suspended,VV036352,2027-12-21,TG376729,2028-07-26,2027-05-13,2017-04-01
EMP0101,Melissa,King,westonkeith@example.org,1973-02-20,(0131) 496 0864,"69 Marc Causeway
Scottport
G6 9SH",Male,Riverside Integrated Care NHS Trust,Black,Barbados,Dependent,AHP,Physiotherapist,Critical Care & Anaesthesia,6,47986,2017-12-26,2018-02-06,37.5,1.0,HCPC,Bank,Inactive,BD110474,2030-07-06,RJ457998,2031-04-17,2027-05-13,2018-01-16
EMP0102,Philip,Scott,rebecca48@example.org,1968-09-04,+44141 496 0098,"Studio 1
Heather Turnpike
Lake Kenneth
W2 0LZ",Male,Hillcrest Medical Centres NHS Trust,Asian,Japan,British Citizen,AHP,Occupational Therapist,Medicine & Acute Care,6,47264,2025-12-23,2026-01-27,30.0,0.8,GMC,Bank,Active,UM774289,2028-02-23,LJ029372,2026-10-27,2026-10-09,2026-01-13
EMP0103,Ellie,Stewart,david12@example.org,1986-10-23,(0151) 4960086,"Studio 1
Scott Estate
Lake George
SE7V 5SQ",Female,Riverside Integrated Care NHS Trust,Black,Jamaica,Skilled Worker,AHP,Physiotherapist,Corporate Services,6,53101,2019-07-31,2019-08-28,30.0,0.8,None,Permanent,On Leave,VF882587,2029-06-15,AJ218259,2028-10-13,2027-07-15,2019-08-21
EMP0104,Garry,Riley,michelle94@example.org,1961-04-08,(0161)4960991,"43 Chloe Points
Lake Jacob
ZE92 4XL",Female,Hillcrest Medical Centres NHS Trust,Black,Barbados,British Citizen,Medical,FY1/FY2,Emergency & Urgent Care,FY1,38932,2023-04-23,2023-05-21,30.0,0.8,GMC,Bank,On Leave,IC444040,2027-12-24,AY705590,2027-04-15,2027-04-16,2023-05-14
EMP0105,Vanessa,Walker,simon09@example.net,2002-10-23,(020) 74960251,"1 Marian Fords
Jeanshire
SE70 5GT",Male,Meadowbrook Community Health NHS Trust,Mixed,Australia,Skilled Worker,Nursing,Charge Nurse,Emergency & Urgent Care,7,59257,2021-01-11,2021-02-22,37.5,1.0,GMC,Permanent,Active,DP691207,2031-08-08,NZ868180,2027-06-08,2026-11-01,2021-02-01
EMP0106,Gemma,Lewis,donna96@example.com,1978-06-13,0131 4960470,"458 Ryan Forges
Whitemouth
M87 6BY",Male,Eastfield Psychological Services NHS Trust,Asian,Thailand,ILR,Admin,Administrator,Women & Children,3,30172,2023-10-23,2023-12-04,20.0,0.53,NMC,Permanent,Suspended,LK007415,2027-06-27,JP190795,2029-01-30,2027-05-20,2023-11-13
EMP0107,Frances,Graham,diane84@example.net,1982-05-25,+44(0)151 4960433,"0 Dyer Rapids
East Mark
G3 6PE",Male,Midlands Central Hospitals NHS Trust,Asian,China,Skilled Worker,AHP,Physiologist,Corporate Services,6,52351,2025-05-16,2025-06-27,15.0,0.4,NMC,Bank,Suspended,DZ010338,2026-11-13,WU387467,2030-04-16,2027-01-06,2025-06-06
EMP0108,Sam,Edwards,greenwoodrachael@example.net,1998-03-08,+44(0)28 9018257,"28 Kerry Inlet
Sharonchester
L4 2JD",Female,Lakeside District Hospitals NHS Trust,Asian,China,Skilled Worker,Nursing,Charge Nurse,Clinical Support Services,7,63528,2020-09-05,2020-10-03,18.75,0.5,GMC,Bank,Inactive,EP282911,2029-04-18,BL541724,2026-09-16,2027-08-31,2020-09-26
EMP0109,Kimberley,Richardson,ageorge@example.org,1972-12-10,+44(0)20 74960486,"Studio 1
Jacob Lodge
North Robertside
G6 5UJ",Male,Valleyview Mental Wellness NHS Trust,Mixed,India,Dependent,Admin,Administrator,Clinical Support Services,3,31577,2026-03-14,2026-04-11,30.0,0.8,GMC,Permanent,Active,QL101222,2029-02-05,VP050851,2027-09-03,2027-02-09,2026-04-04
EMP0110,Mohamed,Fletcher,hlord@example.org,1998-05-25,+44289018289,"Flat 16k
Harper Square
Marcshire
B27 8UW",Male,Riverside Integrated Care NHS Trust,Asian,Thailand,ILR,Medical,FY1/FY2,Surgery & Cancer,FY1,40378,2021-01-02,2021-02-13,37.5,1.0,HCPC,Bank,Active,HF978030,2027-09-30,IQ547523,2027-07-19,2027-05-20,2021-01-23
EMP0111,Annette,Thomas,debra14@example.com,1981-10-06,+44(0)118 496 0980,"0 Claire Plaza
Buckleyland
S6K 7UX",Female,Eastfield Psychological Services NHS Trust,Black,Barbados,Skilled Worker,Medical,FY1/FY2,Clinical Support Services,FY1,39348,2018-11-19,2018-12-24,15.0,0.4,None,Fixed Term,Inactive,ZK707549,2029-10-23,ZL381227,2029-08-12,2027-05-29,2018-12-10
EMP0112,Neil,Page,hillemma@example.com,1976-11-02,+441144960205,"14 Farrell Prairie
West Francis
EN2 0JQ",Female,Meadowbrook Community Health NHS Trust,Mixed,Trinidad and Tobago,ILR,Medical,Consultant,Critical Care & Anaesthesia,CONS,137112,2019-01-25,2019-03-08,37.5,1.0,None,Permanent,Suspended,AD419696,2029-09-05,EB164278,2028-03-01,2026-09-25,2019-02-15
EMP0113,Declan,Wood,trevorevans@example.org,1991-12-30,+44(0)151 496 0473,"Studio 3
Walsh Glens
Owenhaven
WA40 9XE",Male,Northwood Mental Health NHS Trust,Black,Nigeria,ILR,Nursing,Staff Nurse,Medicine & Acute Care,5,38332,2023-10-08,2023-11-05,20.0,0.53,NMC,Bank,Inactive,UY964469,2027-08-11,DE468385,2027-01-22,2026-12-13,2023-10-29
EMP0114,Martyn,Boyle,thomasemily@example.org,1967-11-14,+44(0)1314960337,"Flat 34
Jean Manor
New Kieran
L88 2TH",Female,Bluewater Community & Rehabilitation NHS Trust,Black,Ghana,Dependent,AHP,Speech Therapist,Surgery & Cancer,6,49163,2021-10-24,2021-12-05,20.0,0.53,HCPC,Bank,Inactive,UI922478,2028-02-06,GH600806,2030-04-12,2026-11-20,2021-11-14
EMP0115,Cameron,Smith,rdean@example.org,2005-03-31,020 74960425,"Studio 3
Leonard Mountain
Port Margaretview
PL91 6XX",Female,Southgate Community & Mental Health NHS Trust,Mixed,United Kingdom,Dependent,AHP,Pharmacist,Medicine & Acute Care,5,41402,2022-09-16,2022-10-14,20.0,0.53,HCPC,Permanent,On Leave,TP059243,2027-05-05,NB632911,2027-02-20,2027-02-02,2022-10-07
EMP0116,Brian,Davies,upower@example.net,2006-12-31,+44113 4960307,"089 Ross Shore
North Aimeeberg
W1C 9JT",Male,Eastmoor Teaching Hospitals NHS Trust,Mixed,Jamaica,Dependent,Medical,Consultant,Clinical Support Services,CONS,135734,2019-10-15,2019-11-19,30.0,0.8,NMC,Bank,Suspended,SS485965,2027-10-01,KS782535,2031-03-25,2026-10-27,2019-11-05
EMP0117,Kieran,Pritchard,pritchardlinda@example.com,2001-06-29,01184960455,"6 Gavin Ferry
North Harrietborough
SR1 4BL",Male,Hillcrest Medical Centres NHS Trust,White,United States,Skilled Worker,Nursing,Nursery Nurse,Medicine & Acute Care,2,24937,2020-11-04,2020-12-02,18.75,0.5,HCPC,Permanent,Suspended,GT789156,2031-04-16,XC624219,2030-05-15,2027-08-27,2020-11-25
EMP0118,Wendy,Hudson,akhtarcaroline@example.com,1982-02-23,+44(0)117 4960915,"Flat 7
Joe Wells
Port Joeburgh
N02 0EF",Female,Southvale Hospitals NHS Trust,Asian,Japan,British Citizen,Medical,Registrar,Women & Children,SPR,75584,2024-08-26,2024-10-07,30.0,0.8,HCPC,Fixed Term,Inactive,PF930377,2027-10-06,VZ267913,2027-11-03,2026-11-10,2024-09-16
EMP0119,Rosie,Dean,eholland@example.com,1974-09-28,+44(0)116 496 0318,"Flat 8
Denis Grove
Grantchester
PH11 1DH",Male,Hillcrest Medical Centres NHS Trust,White,Canada,Dependent,Medical,Consultant,Corporate Services,CONS,138913,2025-09-15,2025-10-13,15.0,0.4,None,Fixed Term,On Leave,FO304317,2030-08-07,WW092521,2031-09-01,2027-06-13,2025-10-06
EMP0120,Kyle,Bishop,robindavey@example.org,1993-05-01,+44(0)28 9018987,"835 Bailey Plains
South Lewis
B07 4ZZ",Female,Oakridge Community Services NHS Trust,White,Australia,ILR,AHP,Pharmacist,Medicine & Acute Care,5,37879,2017-02-06,2017-03-20,20.0,0.53,None,Bank,Suspended,XF404159,2030-11-03,FA005222,2030-09-30,2027-09-07,2017-02-27
EMP0121,Lucy,Dawson,uhayward@example.com,1970-04-30,+44118 4960728,"4 Joseph Brook
Harrietville
PO2M 9WH",Female,Westmere Community Health NHS Trust,White,United States,British Citizen,Nursing,Nursery Nurse,Critical Care & Anaesthesia,2,26201,2022-07-03,2022-08-14,30.0,0.8,HCPC,Permanent,Suspended,LC844583,2027-10-14,CV797288,2026-11-20,2027-03-12,2022-07-24
EMP0122,Natasha,Hill,melaniesimpson@example.org,2005-12-06,(0151) 496 0292,"5 Michael Highway
New Hollie
CM1 0JH",Female,Horizon Integrated Health Partnership NHS Trust,Asian,Japan,British Citizen,Medical,FY1/FY2,Critical Care & Anaesthesia,FY1,36695,2018-02-13,2018-03-20,30.0,0.8,None,Permanent,On Leave,PV183449,2029-09-21,OX692536,2030-10-14,2027-01-23,2018-03-06
EMP0123,Nigel,Ahmed,rsmith@example.com,1982-05-18,+44(0)8081570510,"7 Cook Oval
Port Glen
KT9Y 5FZ",Female,Riverbank General Hospitals NHS Trust,Mixed,Japan,Skilled Worker,AHP,Physiologist,Medicine & Acute Care,6,46860,2019-04-18,2019-05-23,37.5,1.0,HCPC,Bank,Suspended,HK596211,2027-09-26,CT311828,2031-02-25,2027-08-04,2019-05-09
EMP0124,Sally,Burrows,emily36@example.net,1969-05-05,0113 496 0631,"1 Lydia Spurs
Lake Lucybury
LE52 4XT",Female,Broadfield Clinical Services NHS Trust,Asian,Thailand,ILR,AHP,Physiotherapist,Emergency & Urgent Care,6,46369,2019-10-22,2019-11-19,18.75,0.5,GMC,Bank,Active,NH494093,2030-09-16,FD704608,2028-07-13,2026-11-09,2019-11-12
EMP0125,Carl,Hammond,spencerdouglas@example.org,1968-04-13,(0114) 4960257,"Studio 42O
Caroline Locks
Port Bradleyshire
BR85 8JR",Male,Lakeside District Hospitals NHS Trust,Mixed,New Zealand,ILR,Nursing,Healthcare Assistant,Corporate Services,2,25606,2022-01-04,2022-02-08,37.5,1.0,NMC,Permanent,Active,PC378747,2028-01-07,YL800061,2029-11-14,2027-02-08,2022-01-25
EMP0126,Hazel,Green,callumgreen@example.net,2006-12-02,+4420 74960116,"Studio 71
Darren Mall
Pottschester
WN4 9XX",Female,Valleyview Mental Wellness NHS Trust,Black,Nigeria,ILR,Medical,Consultant,Women & Children,CONS,95040,2017-10-11,2017-11-08,30.0,0.8,GMC,Bank,Suspended,KF789208,2028-10-29,NC682029,2031-05-23,2027-05-03,2017-11-01
EMP0127,Stephen,Rogers,gregorylane@example.com,1976-08-15,+44(0)1632 960 309,"179 Patel Junctions
East Lindaport
DA19 3DQ",Male,Northwood Mental Health NHS Trust,White,New Zealand,ILR,Nursing,Charge Nurse,Corporate Services,7,56689,2018-11-04,2018-12-16,15.0,0.4,HCPC,Bank,On Leave,ME153144,2031-03-12,OY456873,2027-10-20,2026-10-11,2018-11-25
EMP0128,Sheila,Slater,mwood@example.net,1967-04-16,+44(0)306 9990733,"Flat 4
Kyle Pine
Martynshire
SY8V 4RU",Female,Lakeside District Hospitals NHS Trust,Black,Kenya,Dependent,Nursing,Charge Nurse,Clinical Support Services,7,56529,2023-09-14,2023-10-26,37.5,1.0,GMC,Fixed Term,Inactive,UO685926,2031-05-16,SD873124,2029-10-11,2026-09-27,2023-10-05
EMP0129,Daniel,Sharpe,smartalice@example.com,1990-05-07,+4428 9018401,"255 Malcolm Walk
Lake Owenchester
HA8 1FU",Female,Midlands Central Hospitals NHS Trust,Asian,India,Skilled Worker,Medical,GP,Clinical Support Services,GP,95264,2020-03-10,2020-04-21,18.75,0.5,GMC,Permanent,Inactive,QS139863,2027-03-16,RN918482,2031-05-30,2027-02-11,2020-03-31
EMP0130,Barry,Wilson,pamela85@example.com,1992-12-05,+44191 496 0815,"Studio 15
Goodwin Lake
Joelside
IP2M 3UN",Male,Northwood Mental Health NHS Trust,White,New Zealand,ILR,Nursing,Ward Manager,Emergency & Urgent Care,8A,59452,2023-02-17,2023-03-24,37.5,1.0,None,Permanent,Inactive,UY879792,2030-06-08,ST880593,2027-12-15,2027-07-09,2023-03-10
EMP0131,Stewart,Green,michael27@example.org,1971-07-13,+44191 496 0283,"3 Gerald Turnpike
Chelsealand
IM0 8RG",Female,Hillcrest Medical Centres NHS Trust,Asian,China,Dependent,Nursing,Ward Manager,Surgery & Cancer,8A,68969,2020-07-18,2020-08-22,18.75,0.5,GMC,Permanent,Active,GG580931,2029-01-19,HV829059,2027-06-18,2027-03-18,2020-08-08
EMP0132,Carole,Sullivan,melanie87@example.org,1972-01-15,0118 4960793,"120 Reed Stream
Elliottburgh
M90 4WQ",Male,Northshire University Hospitals NHS Trust,Black,Nigeria,Skilled Worker,Nursing,Senior Staff Nurse,Emergency & Urgent Care,6,47848,2019-05-26,2019-06-30,20.0,0.53,HCPC,Bank,On Leave,HK887176,2030-11-21,DB692771,2027-04-15,2027-03-11,2019-06-16
EMP0133,Kathryn,Roberts,chloe57@example.com,1988-09-20,0131 496 0753,"7 Dawson Isle
New Anthony
S25 6TQ",Male,Riverbank General Hospitals NHS Trust,Asian,Japan,ILR,Admin,Medical Secretary,Women & Children,4,30068,2021-09-09,2021-10-21,18.75,0.5,None,Fixed Term,Active,SV440994,2028-08-05,NL598387,2031-04-15,2026-09-22,2021-09-30
EMP0134,Steven,Thornton,dreed@example.com,1963-09-15,0121 496 0114,"Studio 46k
Gerard Mills
Lydiaburgh
M7W 0PP",Male,Southgate Community & Mental Health NHS Trust,Mixed,Australia,Skilled Worker,AHP,Radiographer,Women & Children,6,45074,2026-01-03,2026-02-14,30.0,0.8,GMC,Fixed Term,Inactive,WA554619,2029-05-16,UQ342681,2029-06-29,2027-04-14,2026-01-24
EMP0135,Colin,Jones,jordan44@example.org,1991-05-16,01914960050,"Studio 64
Bethan Dam
South Ross
DY6Y 5ZA",Female,Bluewater Community & Rehabilitation NHS Trust,Black,Nigeria,ILR,Nursing,Healthcare Assistant,Emergency & Urgent Care,2,24408,2021-11-22,2021-12-20,20.0,0.53,HCPC,Permanent,Suspended,OS622508,2029-04-04,IA661347,2027-07-28,2027-09-02,2021-12-13
EMP0136,Roger,Williams,jackmarshall@example.com,1993-06-09,0151 496 0694,"691 Donna Branch
New Ashley
WC6 3ES",Male,Westborough Acute Care NHS Trust,White,United Kingdom,British Citizen,Nursing,Ward Manager,Critical Care & Anaesthesia,8A,66356,2020-06-22,2020-07-27,18.75,0.5,HCPC,Fixed Term,Active,ZV250176,2027-05-06,QK254351,2030-09-10,2027-05-01,2020-07-13
EMP0137,Margaret,Atkinson,claire38@example.org,1989-06-05,+44(0)1184960018,"80 Hill Dale
Elliotttown
PO5X 7HW",Male,Hillcrest Medical Centres NHS Trust,Mixed,South Africa,ILR,Nursing,Charge Nurse,Critical Care & Anaesthesia,7,57427,2025-06-18,2025-07-23,37.5,1.0,GMC,Fixed Term,Active,IJ287068,2026-12-22,KM477649,2030-07-06,2027-09-08,2025-07-09
EMP0138,Jason,Freeman,thomasadam@example.com,1984-01-02,+44(0)161 496 0371,"891 Bryan Terrace
East Gracehaven
S99 0FE",Female,Meadowbrook Community Health NHS Trust,Mixed,Jamaica,ILR,Medical,Registrar,Women & Children,SPR,74244,2019-02-28,2019-04-04,30.0,0.8,None,Fixed Term,Suspended,LO366083,2028-12-11,ZM799735,2030-10-12,2027-07-01,2019-03-21
EMP0139,Toby,McDonald,rebeccajenkins@example.net,1992-09-20,(0117)4960156,"Flat 83W
Wendy Forest
Harriethaven
L89 2JB",Male,Lakeside District Hospitals NHS Trust,Mixed,Kenya,Dependent,Nursing,Healthcare Assistant,Women & Children,2,27351,2020-12-03,2021-01-07,15.0,0.4,HCPC,Bank,On Leave,PB686127,2029-02-13,WC268766,2030-04-14,2027-04-01,2020-12-24
EMP0140,Karl,Jones,gemma66@example.net,1985-06-24,+44(0)191 4960270,"9 Clare Turnpike
East Dianeshire
E46 7LR",Male,Southgate Community & Mental Health NHS Trust,Mixed,South Africa,Skilled Worker,AHP,Pharmacist,Corporate Services,5,43346,2023-03-03,2023-04-14,20.0,0.53,None,Fixed Term,Suspended,UO685944,2028-10-18,PN637754,2027-03-03,2027-05-15,2023-03-24
EMP0141,Jeremy,Doherty,amberferguson@example.org,1965-10-24,+441314960225,"1 Turner Light
South Louiseburgh
LE1 3TY",Female,Northwood Mental Health NHS Trust,Mixed,Ghana,ILR,Medical,Registrar,Clinical Support Services,SPR,79197,2023-09-05,2023-10-03,15.0,0.4,GMC,Fixed Term,On Leave,RU938196,2027-03-27,QK123337,2028-11-23,2027-05-26,2023-09-26
EMP0142,Beth,Dawson,scott44@example.com,1983-04-12,+44(0)116 496 0298,"Flat 90
Stuart View
Port Thomas
CO4H 0RP",Male,Meadowbrook Community Health NHS Trust,Black,Trinidad and Tobago,British Citizen,Admin,Medical Secretary,Critical Care & Anaesthesia,4,31315,2024-02-13,2024-03-12,20.0,0.53,HCPC,Permanent,Active,YR674251,2027-09-27,OX200699,2031-08-17,2027-03-16,2024-03-05
EMP0143,Hayley,Palmer,maryroberts@example.net,1990-08-29,+44(0)118 4960864,"9 Graeme Fork
West Martin
L2 1ZS",Female,Westborough Acute Care NHS Trust,White,United Kingdom,ILR,Nursing,Nursery Nurse,Medicine & Acute Care,2,27516,2022-09-03,2022-10-15,18.75,0.5,HCPC,Permanent,Active,KU904156,2029-04-14,GV551386,2027-04-05,2027-07-03,2022-09-24
EMP0144,Bruce,Harrison,mmclean@example.org,1982-09-30,01214960343,"71 Williams Village
East Patricia
IP8M 8HD",Female,Northwood Mental Health NHS Trust,White,Canada,ILR,Medical,SHO,Emergency & Urgent Care,SHO,48186,2018-11-27,2019-01-08,20.0,0.53,GMC,Permanent,Inactive,LA147559,2026-11-28,UY563718,2028-11-14,2027-02-22,2018-12-18
EMP0145,Iain,Morris,taylorbethany@example.com,1961-01-10,03069990556,"Studio 08
Begum Vista
Campbellview
G5U 5NU",Male,Westborough Acute Care NHS Trust,Black,South Africa,British Citizen,Nursing,Ward Manager,Emergency & Urgent Care,8A,57135,2018-01-03,2018-01-31,20.0,0.53,GMC,Permanent,Suspended,IO630159,2029-05-02,IA502803,2027-09-27,2026-11-27,2018-01-24
EMP0146,Brenda,Robinson,laurenlane@example.org,1991-02-17,+44292018449,"Flat 4
Brooks Summit
Yvonnefort
B1 0TU",Male,Lakeside District Hospitals NHS Trust,Mixed,Jamaica,ILR,AHP,Pharmacist,Corporate Services,5,41531,2023-12-04,2024-01-01,18.75,0.5,None,Permanent,Inactive,SH300736,2031-03-24,PG309121,2026-10-01,2027-03-27,2023-12-25
EMP0147,Frances,Woodward,plloyd@example.net,2003-12-02,(0115) 496 0503,"Flat 30o
Georgia Turnpike
Lake Stuartchester
HP9B 3SF",Female,Eastfield Psychological Services NHS Trust,Asian,Japan,Dependent,AHP,Occupational Therapist,Emergency & Urgent Care,6,49582,2018-10-22,2018-11-26,15.0,0.4,GMC,Bank,Inactive,HK251290,2029-03-09,CD127664,2029-02-15,2027-09-06,2018-11-12
EMP0148,Diana,Lawrence,bchapman@example.org,1977-03-29,(0113)4960605,"070 Mathew Greens
Lake Leanne
L4T 1GH",Female,Southvale Hospitals NHS Trust,Black,Nigeria,British Citizen,Admin,Administrator,Surgery & Cancer,3,26533,2026-01-23,2026-03-06,18.75,0.5,HCPC,Permanent,On Leave,CF824000,2029-01-31,BI395200,2028-11-08,2026-11-29,2026-02-13
EMP0149,Robin,Coles,craigdaniels@example.org,1973-08-23,+44(0)292018036,"Studio 00Y
Burgess Spurs
Scotthaven
S7 0WT",Female,Riverside Integrated Care NHS Trust,Black,Jamaica,British Citizen,AHP,Radiographer,Clinical Support Services,6,50183,2024-09-05,2024-10-03,37.5,1.0,NMC,Fixed Term,On Leave,MA470236,2031-01-07,PF694641,2031-03-03,2027-03-06,2024-09-26
EMP0150,Ashley,Black,efletcher@example.com,1970-02-07,+441144960777,"Studio 7
Beverley Prairie
Port Seanchester
LA12 1DJ",Female,Horizon Integrated Health Partnership NHS Trust,Asian,India,Skilled Worker,Nursing,Nursery Nurse,Surgery & Cancer,2,26129,2026-06-15,2026-07-20,18.75,0.5,None,Permanent,Inactive,EC558377,2027-09-15,UT163277,2028-09-16,2026-09-17,2026-07-06
EMP0151,Raymond,French,robin66@example.com,1962-11-05,(0117)4960480,"Studio 86f
Susan Mount
Yvonnetown
WR1A 6AP",Female,Lakeside District Hospitals NHS Trust,Black,Barbados,British Citizen,Nursing,Ward Manager,Critical Care & Anaesthesia,8A,68761,2026-03-11,2026-04-22,37.5,1.0,GMC,Bank,Suspended,CW930743,2027-03-13,ZJ917283,2027-12-16,2026-10-09,2026-04-01
EMP0152,Malcolm,Pearson,cmurray@example.org,2006-07-24,+44(0)292018512,"Studio 58u
O'Neill Ranch
Prattstad
LL9P 7WD",Male,Eastmoor Teaching Hospitals NHS Trust,Asian,India,British Citizen,Nursing,Ward Manager,Medicine & Acute Care,8A,69112,2020-09-18,2020-10-23,18.75,0.5,HCPC,Bank,Active,OZ784498,2028-11-21,VL924483,2031-03-17,2027-04-25,2020-10-09
EMP0153,Janet,Little,mark73@example.org,1980-06-21,+44808 1570277,"5 Gavin Roads
East Joel
L8F 7LZ",Female,Southvale Hospitals NHS Trust,Asian,Thailand,Skilled Worker,Medical,GP,Critical Care & Anaesthesia,GP,109882,2020-01-31,2020-03-13,37.5,1.0,None,Permanent,Suspended,YV408836,2027-01-04,RZ236794,2030-01-29,2027-04-24,2020-02-21
EMP0154,Jessica,Sheppard,victoriapatel@example.com,1966-09-19,(0118) 4960553,"5 Roberts Oval
Hilaryville
BR8 3ET",Female,Southvale Hospitals NHS Trust,Mixed,Trinidad and Tobago,ILR,Nursing,Charge Nurse,Corporate Services,7,59863,2022-11-04,2022-12-09,30.0,0.8,None,Bank,Active,CN400424,2028-01-28,CY298350,2030-11-03,2027-06-12,2022-11-25
EMP0155,Vanessa,Bailey,fletchergeorgina@example.org,1977-07-03,01414960669,"92 Sheila Expressway
New Dominic
L3 4HN",Female,Southgate Community & Mental Health NHS Trust,Asian,India,Skilled Worker,Medical,FY1/FY2,Corporate Services,FY1,36844,2017-09-02,2017-09-30,37.5,1.0,None,Fixed Term,Suspended,EE236870,2029-07-02,FO261180,2031-02-10,2026-10-24,2017-09-23
EMP0156,Abigail,Jones,carolynmurray@example.net,1976-09-10,+44117 4960689,"Flat 37
Watson Burg
Maxland
L1U 6SQ",Female,Westborough Acute Care NHS Trust,Black,Trinidad and Tobago,Dependent,AHP,Radiographer,Clinical Support Services,6,49133,2020-08-18,2020-09-15,37.5,1.0,GMC,Bank,Active,MZ477956,2031-07-08,NV800122,2027-05-10,2027-04-26,2020-09-08
EMP0157,Chelsea,Hodgson,leanne42@example.com,1961-01-17,0121 4960544,"Flat 8
Melanie Rapids
Suzanneport
E7A 9LQ",Female,Midlands Central Hospitals NHS Trust,Mixed,Australia,British Citizen,Admin,Administrator,Women & Children,3,31711,2018-07-28,2018-08-25,18.75,0.5,None,Fixed Term,Suspended,SM476981,2029-08-29,LA345651,2028-03-11,2026-11-13,2018-08-18
EMP0158,Tony,Walker,gillianwebb@example.org,1971-02-12,(0131) 4960046,"Studio 5
Cook Wall
Port Martinbury
CO1V 1AS",Female,Midlands Central Hospitals NHS Trust,Mixed,United States,Skilled Worker,Medical,Consultant,Women & Children,CONS,127590,2025-11-23,2025-12-28,30.0,0.8,NMC,Permanent,Inactive,ZB552492,2030-04-17,CJ159118,2030-02-06,2026-11-15,2025-12-14
EMP0159,Luke,Bentley,abbottronald@example.net,1962-02-07,(0141)4960142,"20 Sally Road
North Geoffrey
S2S 3XG",Female,Greenhaven Acute & Specialist Care NHS Trust,Black,Ghana,ILR,Medical,Registrar,Critical Care & Anaesthesia,SPR,81558,2017-08-05,2017-09-09,30.0,0.8,GMC,Permanent,Suspended,HT728208,2031-04-07,ET862506,2028-11-11,2026-10-23,2017-08-26
EMP0160,Owen,Noble,nfreeman@example.org,1982-12-09,(0306) 9990967,"Studio 44
Donald Isle
West Molly
SG16 5DL",Male,Horizon Integrated Health Partnership NHS Trust,Mixed,United Kingdom,Dependent,Medical,Consultant,Clinical Support Services,CONS,112865,2021-05-10,2021-06-14,15.0,0.4,None,Fixed Term,Active,QC689276,2031-03-08,QZ989773,2028-07-06,2026-12-12,2021-05-31
EMP0161,David,Law,vharrison@example.com,1977-04-10,+44(0)808 1570903,"460 Craig Islands
New Lauren
DD6A 3RE",Female,Horizon Integrated Health Partnership NHS Trust,Asian,Japan,Skilled Worker,Admin,Receptionist,Medicine & Acute Care,3,30211,2022-07-04,2022-08-01,18.75,0.5,NMC,Fixed Term,On Leave,ZI977639,2029-12-18,DD015364,2029-10-23,2027-07-03,2022-07-25
EMP0162,Rachael,Greenwood,julie91@example.net,1982-07-26,+44(0)141 496 0853,"17 Jones Common
Readside
LE0 1ZN",Female,Midlands Central Hospitals NHS Trust,Black,Kenya,Dependent,AHP,Occupational Therapist,Clinical Support Services,6,54945,2023-10-12,2023-11-16,37.5,1.0,NMC,Permanent,Suspended,QS534966,2027-07-15,JO661781,2029-05-13,2027-03-11,2023-11-02
EMP0163,Barry,Nicholls,maureen17@example.net,1995-08-23,+44(0)808 1570154,"792 Bailey Fords
Slaterberg
TS5 5EP",Female,Southgate Community & Mental Health NHS Trust,White,Canada,Dependent,Nursing,Charge Nurse,Critical Care & Anaesthesia,7,62178,2021-07-05,2021-08-02,15.0,0.4,HCPC,Fixed Term,On Leave,TI532213,2027-07-21,TS707322,2030-05-14,2027-02-20,2021-07-26
EMP0164,Jonathan,West,haynessharon@example.net,2000-06-10,01314960898,"87 Saunders Path
North Darrentown
OL5B 1ZW",Male,Southvale Hospitals NHS Trust,Black,Barbados,Skilled Worker,AHP,Physiologist,Corporate Services,6,54228,2022-08-22,2022-09-19,30.0,0.8,GMC,Bank,Inactive,JJ924165,2029-04-09,LQ228884,2031-04-21,2027-09-08,2022-09-12
EMP0165,Mark,Robertson,kathryn09@example.net,1995-01-16,+44(0)29 2018531,"Studio 18a
Ashley Plains
Annaberg
SK96 3QU",Male,Southgate Community & Mental Health NHS Trust,Mixed,Japan,Skilled Worker,AHP,Speech Therapist,Corporate Services,6,46197,2025-02-21,2025-03-28,20.0,0.53,None,Fixed Term,Inactive,JG352899,2029-07-30,BN541461,2027-06-15,2027-05-05,2025-03-14
EMP0166,Adrian,Sutton,zharper@example.com,1975-07-18,+44(0)114 4960369,"Flat 7
Newman Divide
Bakerfurt
M87 1FL",Female,Bluewater Community & Rehabilitation NHS Trust,Mixed,Jamaica,Skilled Worker,Nursing,Senior Staff Nurse,Clinical Support Services,6,54148,2023-05-15,2023-06-12,37.5,1.0,HCPC,Fixed Term,On Leave,HV780414,2028-08-30,PF915847,2029-12-20,2027-05-02,2023-06-05
EMP0167,Amber,Smith,roysmith@example.net,1991-08-07,(0306) 9990304,"163 Reid Course
Lake Paulside
TF6 7PN",Male,Bluewater Community & Rehabilitation NHS Trust,Mixed,Australia,Dependent,Medical,GP,Surgery & Cancer,GP,95769,2021-09-05,2021-10-10,30.0,0.8,None,Permanent,Suspended,AY303293,2029-12-09,DY525195,2028-02-26,2027-01-19,2021-09-26
EMP0168,Geoffrey,Davies,ryan04@example.com,1995-10-08,03069990368,"Flat 24
Kelly Camp
Taylorbury
HA70 6BZ",Female,Eastfield Psychological Services NHS Trust,Asian,Thailand,British Citizen,Medical,GP,Critical Care & Anaesthesia,GP,104363,2022-03-22,2022-04-19,20.0,0.53,NMC,Permanent,Suspended,ZC791140,2031-05-04,GH990254,2027-04-09,2027-08-21,2022-04-12
EMP0169,Derek,Russell,bradymandy@example.net,1975-04-29,(029) 2018234,"052 Kate Pike
Lake Sharon
L4 1ZJ",Male,Hillcrest Medical Centres NHS Trust,Asian,Thailand,Skilled Worker,Nursing,Charge Nurse,Women & Children,7,53616,2022-05-06,2022-06-17,20.0,0.53,HCPC,Bank,Suspended,UE218565,2030-01-06,JM753175,2027-11-11,2027-07-22,2022-05-27
EMP0170,Ann,Davis,chowarth@example.com,2005-01-30,+449098790018,"5 Natasha Parks
Joneshaven
CA6 2FE",Male,Lakeside District Hospitals NHS Trust,Black,Barbados,ILR,Admin,Data Analyst,Surgery & Cancer,8A,59999,2025-04-17,2025-05-22,37.5,1.0,None,Bank,Suspended,OM864550,2030-12-01,UA511120,2026-10-01,2026-09-16,2025-05-08
EMP0171,Howard,Edwards,leslietaylor@example.net,1969-03-22,+44(0)1154960119,"600 James Place
Port Lindafurt
L1E 5FJ",Female,Valleyview Mental Wellness NHS Trust,Mixed,Australia,ILR,Medical,FY1/FY2,Clinical Support Services,FY1,36410,2023-08-24,2023-09-28,18.75,0.5,GMC,Fixed Term,On Leave,ZK579547,2030-03-04,OS550846,2030-11-19,2027-07-09,2023-09-14
EMP0172,Keith,Jones,dscott@example.org,1971-02-28,+44118 496 0263,"82 Saunders Track
Garryville
N0U 6LA",Male,Midlands Central Hospitals NHS Trust,Mixed,China,British Citizen,AHP,Pharmacist,Medicine & Acute Care,5,41438,2018-12-10,2019-01-14,18.75,0.5,None,Bank,On Leave,CV796067,2029-08-16,MZ747915,2030-09-25,2027-05-29,2018-12-31
EMP0173,Laura,Collins,hilaryfrench@example.net,1967-03-22,(0161) 4960119,"Flat 12y
Clifford Land
East Leighburgh
G4 8JJ",Male,Westborough Acute Care NHS Trust,Asian,China,Dependent,AHP,Occupational Therapist,Corporate Services,6,54355,2018-08-23,2018-10-04,15.0,0.4,HCPC,Fixed Term,Active,TD307183,2030-02-21,QW637804,2031-05-11,2027-03-12,2018-09-13
EMP0174,Nathan,Wilson,francesbrown@example.com,1965-03-08,(020)74960218,"Flat 95u
John Extensions
Daviesfurt
ZE8H 1NL",Male,Southvale Hospitals NHS Trust,Asian,Japan,Dependent,AHP,Physiotherapist,Corporate Services,6,49970,2018-03-31,2018-05-05,30.0,0.8,NMC,Permanent,Active,MI864995,2027-11-15,FW960019,2029-06-14,2026-12-09,2018-04-21
EMP0175,Rebecca,Lewis,evansmichael@example.org,1965-03-26,+441632960511,"006 Albert Crest
West Vanessa
CT9E 3JT",Female,Riverbank General Hospitals NHS Trust,Mixed,South Africa,British Citizen,Nursing,Nursery Nurse,Emergency & Urgent Care,2,26022,2020-08-29,2020-09-26,15.0,0.4,HCPC,Permanent,Suspended,YX604591,2031-01-05,CW447248,2029-03-01,2026-11-29,2020-09-19
EMP0176,Elliot,Simpson,lhowells@example.org,1997-04-22,0118 496 0183,"Studio 17o
Catherine Coves
Clementsborough
N6J 8NW",Female,Riverside Integrated Care NHS Trust,Mixed,United States,ILR,AHP,Speech Therapist,Critical Care & Anaesthesia,6,47894,2019-07-06,2019-08-10,15.0,0.4,GMC,Permanent,On Leave,EI546711,2027-01-18,MJ880120,2028-03-11,2027-04-30,2019-07-27
EMP0177,Amelia,Graham,bakergraham@example.com,1967-11-17,+44(0)1514960493,"Studio 15
Mary Rest
West Elizabeth
WF5A 8YZ",Male,Northwood Mental Health NHS Trust,Mixed,India,Skilled Worker,Medical,SHO,Clinical Support Services,SHO,47505,2017-05-11,2017-06-22,15.0,0.4,None,Bank,Active,NT069529,2028-11-17,TU566592,2030-02-05,2027-05-27,2017-06-01
EMP0178,Colin,Bailey,brookschristine@example.com,1991-01-30,0191 4960259,"Flat 78U
Glen Prairie
East Kathleenshire
G73 9TA",Female,Broadfield Clinical Services NHS Trust,Black,Ghana,British Citizen,Nursing,Nursery Nurse,Emergency & Urgent Care,2,25384,2026-04-21,2026-05-19,18.75,0.5,HCPC,Fixed Term,On Leave,RH011776,2029-02-03,WI406007,2029-09-02,2026-11-23,2026-05-12
EMP0179,Rachael,Burton,ricky93@example.com,1970-08-27,01632 960477,"Studio 45t
Lydia Club
Grahamland
M1 6HN",Female,Westmere Community Health NHS Trust,White,Australia,Dependent,Admin,Receptionist,Surgery & Cancer,3,29471,2025-10-08,2025-11-19,18.75,0.5,None,Bank,Inactive,CV198322,2028-05-27,UP027072,2027-05-09,2027-05-17,2025-10-29
EMP0180,Ellie,Evans,donnabutcher@example.com,1991-09-05,0191 498 0781,"Studio 40
Darren Islands
North Raymond
AB07 1LD",Male,Northwood Mental Health NHS Trust,Mixed,India,British Citizen,AHP,Physiotherapist,Medicine & Acute Care,6,47716,2025-02-13,2025-03-27,20.0,0.53,NMC,Bank,Inactive,OJ037789,2029-03-04,SK660013,2029-02-20,2027-09-04,2025-03-06
EMP0181,Danny,Evans,aimee73@example.net,1989-09-20,+44(0)113 496 0761,"415 Derek Terrace
Oliverside
N5 5DP",Female,Southgate Community & Mental Health NHS Trust,Asian,India,Dependent,Admin,Administrator,Women & Children,3,31081,2023-07-21,2023-08-25,30.0,0.8,NMC,Permanent,Suspended,SQ750577,2027-04-26,FH920313,2027-05-07,2027-04-19,2023-08-11
EMP0182,Barbara,Hayes,flemingrussell@example.com,2006-02-24,0808 1570683,"234 Benjamin Estate
Clarktown
E0 9RN",Male,Riverbank General Hospitals NHS Trust,Mixed,India,Skilled Worker,Medical,GP,Surgery & Cancer,GP,103577,2020-04-16,2020-05-28,30.0,0.8,GMC,Permanent,Suspended,DO607569,2027-12-09,HB733281,2030-01-19,2026-12-15,2020-05-07
EMP0183,Paula,Griffiths,zphillips@example.com,1983-04-24,0118 4960385,"Studio 11S
Gray Place
Nicholasstad
B2F 3DX",Female,Southvale Hospitals NHS Trust,White,Canada,British Citizen,Admin,Medical Secretary,Emergency & Urgent Care,4,32262,2023-01-16,2023-02-27,30.0,0.8,GMC,Bank,On Leave,FR618803,2028-10-28,BP365240,2029-07-02,2027-03-03,2023-02-06
EMP0184,Chelsea,Burrows,lewislauren@example.net,1981-01-17,0117 4960761,"Flat 0
Jemma Drives
Huntshire
CB9 1BY",Female,Lakeside District Hospitals NHS Trust,Mixed,United Kingdom,Dependent,Admin,Medical Secretary,Critical Care & Anaesthesia,4,34549,2024-03-28,2024-04-25,30.0,0.8,GMC,Fixed Term,Active,VT336540,2029-06-11,GY079678,2026-11-26,2026-10-17,2024-04-18
EMP0185,Hannah,Williams,anne42@example.net,1966-04-15,+44292018896,"436 Lord Extension
East Sarahmouth
W7 2UR",Female,Meadowbrook Community Health NHS Trust,Mixed,Trinidad and Tobago,Dependent,AHP,Radiographer,Surgery & Cancer,6,46904,2019-08-02,2019-09-06,20.0,0.53,NMC,Bank,On Leave,RP575766,2027-06-03,YW715013,2027-09-24,2026-11-11,2019-08-23
EMP0186,Linda,Dawson,ashleyking@example.org,1967-11-09,0131 4960567,"17 Barbara Union
Colinberg
E7E 1QP",Male,Lakeside District Hospitals NHS Trust,Black,Jamaica,Skilled Worker,Admin,Data Analyst,Medicine & Acute Care,8A,65097,2021-07-25,2021-08-29,37.5,1.0,GMC,Fixed Term,Active,EN142124,2030-07-14,VI779938,2030-06-01,2026-11-25,2021-08-15
EMP0187,Brian,Reed,rachelwood@example.com,1990-01-04,+44292018862,"Studio 86y
Kelly Unions
Leeburgh
NG9 1YP",Male,Riverside Integrated Care NHS Trust,White,Canada,Dependent,AHP,Physiologist,Women & Children,6,51295,2019-09-23,2019-10-21,18.75,0.5,NMC,Bank,On Leave,CY424865,2030-03-03,YM536716,2031-02-21,2027-04-10,2019-10-14
EMP0188,Reece,Hobbs,dyerglen@example.com,1962-12-28,(0161) 496 0214,"526 Griffiths Ford
Hayestown
SA68 4UY",Female,Lakeside District Hospitals NHS Trust,White,New Zealand,Dependent,AHP,Speech Therapist,Surgery & Cancer,6,52056,2026-08-12,2026-09-23,30.0,0.8,GMC,Bank,On Leave,UZ283246,2028-06-02,XK934637,2029-05-01,2026-10-30,2026-09-02
EMP0189,Gavin,Wilson,mandy81@example.net,1989-07-10,01632 960428,"Studio 7
Samantha Cape
East Kevin
W11 5AZ",Male,Hillcrest Medical Centres NHS Trust,Mixed,United States,Dependent,AHP,Physiotherapist,Clinical Support Services,6,46574,2023-06-03,2023-07-08,18.75,0.5,NMC,Bank,On Leave,BX720899,2030-11-25,KV776987,2030-05-01,2026-10-14,2023-06-24
EMP0190,Jenna,Atkinson,paulinerichardson@example.com,1964-10-01,+4429 2018039,"7 Evans Falls
New Hollyport
W41 6FR",Female,Westmere Community Health NHS Trust,White,Canada,British Citizen,Medical,FY1/FY2,Critical Care & Anaesthesia,FY1,38330,2024-08-12,2024-09-09,37.5,1.0,HCPC,Permanent,Inactive,BQ245470,2030-12-06,OQ717919,2030-08-03,2026-11-30,2024-09-02
EMP0191,Victoria,Lowe,dennis58@example.com,1963-12-10,+44(0)115 496 0063,"Flat 8
Charles River
Shirleyshire
M8B 8YW",Female,Riverside Integrated Care NHS Trust,White,Canada,Skilled Worker,Nursing,Ward Manager,Corporate Services,8A,57406,2025-09-13,2025-10-18,20.0,0.53,HCPC,Fixed Term,Active,AL750193,2029-05-20,PK386492,2027-01-21,2027-03-01,2025-10-04
EMP0192,Lydia,Parry,pgray@example.com,2006-01-17,+4420 7496 0358,"Studio 25
Patricia Fords
Randallville
L1 1YD",Male,Eastmoor Teaching Hospitals NHS Trust,Mixed,United Kingdom,ILR,Admin,Administrator,Surgery & Cancer,3,26067,2024-06-23,2024-07-21,20.0,0.53,None,Bank,Active,ZO782594,2027-07-15,QA838963,2027-12-23,2027-03-23,2024-07-14
EMP0193,Kerry,Harrison,annetteswift@example.com,1974-07-16,+44(0)306 9990350,"3 Chamberlain Corners
West Williamshire
WV7M 2FP",Female,Northwood Mental Health NHS Trust,Asian,Thailand,ILR,Nursing,Healthcare Assistant,Surgery & Cancer,2,27463,2018-10-14,2018-11-11,37.5,1.0,NMC,Bank,Suspended,ZD867207,2029-03-12,TN585012,2027-05-11,2027-03-07,2018-11-04
EMP0194,Shane,Davies,marian08@example.com,1987-03-20,+441214960019,"90 Saunders Groves
Angelaville
E1F 1YW",Male,Eastmoor Teaching Hospitals NHS Trust,White,United States,British Citizen,Admin,Administrator,Women & Children,3,26157,2021-01-07,2021-02-04,30.0,0.8,HCPC,Permanent,Suspended,EX239949,2029-06-25,ZL428194,2029-02-26,2027-02-28,2021-01-28
EMP0195,Wayne,Walton,harrisdarren@example.net,1965-09-09,0289018234,"Studio 9
Carl Trace
New Declan
SK15 6LP",Male,Hillcrest Medical Centres NHS Trust,White,United States,British Citizen,Admin,Administrator,Clinical Support Services,3,29778,2020-03-11,2020-04-15,20.0,0.53,HCPC,Fixed Term,Active,TH792481,2030-08-07,HX293091,2031-08-20,2026-12-03,2020-04-01
EMP0196,Kelly,Lambert,smithandrea@example.com,2007-03-25,0151 4960054,"Studio 30
Murphy Curve
Lake Simonhaven
G0D 7TF",Female,Greenhaven Acute & Specialist Care NHS Trust,Black,South Africa,Dependent,AHP,Physiotherapist,Medicine & Acute Care,6,47034,2022-12-04,2023-01-01,20.0,0.53,NMC,Bank,Inactive,HL010405,2029-10-19,EF898857,2030-03-28,2027-06-02,2022-12-25
EMP0197,Kate,Harrison,sarareynolds@example.org,1979-05-18,0151 4960815,"585 Sean Junction
Lake Patricia
UB8 5YA",Male,Valleyview Mental Wellness NHS Trust,Black,Trinidad and Tobago,Skilled Worker,AHP,Physiotherapist,Medicine & Acute Care,6,53072,2022-09-06,2022-10-04,37.5,1.0,HCPC,Permanent,Suspended,HY831757,2028-10-29,WB669693,2030-10-07,2027-07-07,2022-09-27
EMP0198,Ian,Davis,shunt@example.net,1984-01-29,(0118) 496 0935,"767 Melanie Valleys
Lake Howard
ST5 8JE",Male,Midlands Central Hospitals NHS Trust,White,Canada,ILR,Medical,GP,Corporate Services,GP,100626,2026-06-23,2026-08-04,15.0,0.4,None,Fixed Term,Active,QU625408,2030-05-28,VI635472,2028-11-30,2027-04-09,2026-07-14
EMP0199,Wendy,Turnbull,declanday@example.net,2001-02-23,+443069990124,"Studio 85
Armstrong Station
East Ronaldmouth
S6 3XH",Male,Meadowbrook Community Health NHS Trust,Asian,Japan,ILR,Medical,Consultant,Medicine & Acute Care,CONS,117234,2025-08-30,2025-10-11,20.0,0.53,None,Fixed Term,Inactive,AO356147,2029-11-25,AC769673,2031-07-02,2027-08-06,2025-09-20
EMP0200,Sara,Atkins,billy67@example.com,1982-11-19,0131 496 0699,"Flat 01
Hollie Knoll
Rhysfurt
IM2 2RQ",Female,Horizon Integrated Health Partnership NHS Trust,White,United Kingdom,British Citizen,Nursing,Nursery Nurse,Medicine & Acute Care,2,24637,2020-12-27,2021-01-24,15.0,0.4,NMC,Bank,Inactive,MZ691169,2029-11-25,YC569990,2031-08-06,2027-06-18,2021-01-17
EMP0201,Duncan,Finch,westonbrandon@example.com,1995-11-09,029 2018 0963,"Flat 80X
Heath Courts
Joneston
B9 9XB",Male,Eastfield Psychological Services NHS Trust,Black,Ghana,Dependent,Admin,Administrator,Clinical Support Services,3,31177,2024-09-10,2024-10-22,15.0,0.4,HCPC,Permanent,Inactive,QP375818,2029-04-20,OC264396,2027-01-08,2027-03-31,2024-10-01
EMP0202,Mark,Hunt,lyndalucas@example.org,1983-05-29,01632 960 550,"Flat 49w
Wyatt Fort
Owenhaven
L0G 3WU",Female,Northshire University Hospitals NHS Trust,Mixed,Thailand,British Citizen,AHP,Physiotherapist,Emergency & Urgent Care,6,52068,2025-04-30,2025-05-28,18.75,0.5,HCPC,Bank,Suspended,PU718715,2030-09-29,AW274065,2030-10-31,2026-10-01,2025-05-21
EMP0203,Mohammed,McKenzie,rosie70@example.net,1985-06-15,+44808 157 0490,"28 Jeremy Park
East Kenneth
TR5V 6WN",Female,Westborough Acute Care NHS Trust,White,New Zealand,ILR,Medical,Consultant,Corporate Services,CONS,107370,2017-03-26,2017-04-23,18.75,0.5,NMC,Bank,Suspended,OI149277,2030-09-02,XH658619,2028-10-29,2027-07-22,2017-04-16
EMP0204,Denis,Stevens,iainali@example.org,1994-06-06,+441514960658,"Studio 66e
Woodward Views
Parkinsonport
B7 7AE",Female,Meadowbrook Community Health NHS Trust,Asian,China,Skilled Worker,AHP,Speech Therapist,Medicine & Acute Care,6,46121,2024-05-06,2024-06-17,30.0,0.8,NMC,Permanent,On Leave,LM197024,2029-01-04,KO450196,2029-03-29,2027-05-28,2024-05-27
EMP0205,Georgia,Smith,gmorgan@example.org,1985-01-09,+44116 496 0000,"998 Quinn Lake
Katherinehaven
SM43 2HU",Male,Midlands Central Hospitals NHS Trust,Mixed,Canada,British Citizen,Admin,Receptionist,Medicine & Acute Care,3,27746,2019-09-04,2019-10-16,18.75,0.5,None,Fixed Term,Suspended,UN217731,2026-12-10,MA971378,2031-01-12,2027-05-26,2019-09-25
EMP0206,Kayleigh,Wood,griffithsnatalie@example.net,1980-12-31,+44(0)115 4960609,"Studio 3
Saunders Roads
New Normanmouth
N38 9BQ",Male,Valleyview Mental Wellness NHS Trust,White,Canada,ILR,AHP,Pharmacist,Critical Care & Anaesthesia,5,37627,2020-03-09,2020-04-06,37.5,1.0,HCPC,Bank,Active,UM959201,2028-04-18,HF300372,2028-10-01,2026-09-23,2020-03-30
EMP0207,Henry,West,hollandfrederick@example.org,1995-11-23,01214960060,"Studio 8
Lee Lock
South Beverleyport
N1G 8GE",Male,Eastmoor Teaching Hospitals NHS Trust,Black,Ghana,Dependent,Medical,GP,Women & Children,GP,101754,2022-08-25,2022-09-29,18.75,0.5,HCPC,Permanent,On Leave,DF666532,2030-05-21,OC651817,2028-06-17,2026-09-20,2022-09-15
EMP0208,Mohammed,Thompson,allenmatthew@example.com,1999-02-06,+44(0)808 157 0684,"Flat 64
Ashley Manor
Baxterhaven
M6 0FX",Female,Broadfield Clinical Services NHS Trust,Asian,Thailand,ILR,Medical,Registrar,Surgery & Cancer,SPR,70961,2025-02-16,2025-03-16,37.5,1.0,NMC,Bank,Active,BB606028,2027-08-08,CQ452136,2028-08-03,2027-02-12,2025-03-09
EMP0209,Deborah,Evans,qgray@example.org,1968-03-23,(0121)4960203,"29 Jayne Tunnel
Port Ross
W1H 3QT",Female,Riverside Integrated Care NHS Trust,Black,Ghana,Skilled Worker,Admin,Receptionist,Corporate Services,3,26290,2022-04-14,2022-05-19,15.0,0.4,HCPC,Permanent,On Leave,SU855206,2030-03-27,TN576735,2026-12-01,2027-02-26,2022-05-05
EMP0210,Jason,Clarke,sylviacarter@example.com,1976-06-01,+44(0)289018728,"Studio 02
Taylor Brook
Jemmaborough
N9F 8ZG",Female,Southgate Community & Mental Health NHS Trust,Black,South Africa,Dependent,Medical,Registrar,Critical Care & Anaesthesia,SPR,83738,2019-05-10,2019-06-07,18.75,0.5,HCPC,Bank,On Leave,CL449644,2030-11-16,SW022778,2029-06-14,2027-03-19,2019-05-31
EMP0211,Abbie,Arnold,beverley18@example.net,1985-08-10,(029) 2018060,"6 Aimee Common
North Gavin
WC9 6AT",Female,Southgate Community & Mental Health NHS Trust,Black,Trinidad and Tobago,Skilled Worker,Medical,GP,Medicine & Acute Care,GP,101159,2023-12-11,2024-01-15,15.0,0.4,HCPC,Fixed Term,Inactive,YL219450,2029-12-29,BT995611,2026-12-24,2027-04-22,2024-01-01
EMP0212,Colin,Conway,ltucker@example.org,1979-02-15,+441134960937,"Flat 4
Booth Court
West Frank
W64 2RT",Male,Horizon Integrated Health Partnership NHS Trust,White,Australia,Skilled Worker,Nursing,Nursery Nurse,Corporate Services,2,25261,2019-06-20,2019-07-25,30.0,0.8,HCPC,Bank,Inactive,OE170246,2030-07-17,HA630067,2028-03-23,2027-05-11,2019-07-11
EMP0213,Holly,Gibson,spencerbrandon@example.org,1967-12-07,+4420 7496 0772,"867 Jordan Harbor
Butlermouth
GU66 3GZ",Female,Greenhaven Acute & Specialist Care NHS Trust,Mixed,India,Skilled Worker,Medical,Registrar,Emergency & Urgent Care,SPR,67118,2024-04-07,2024-05-05,20.0,0.53,None,Fixed Term,Suspended,WM360355,2027-10-25,BG411821,2027-03-16,2026-12-09,2024-04-28
EMP0214,Hazel,Gordon,heather13@example.net,1995-09-21,(0161) 4960937,"Studio 94
Justin Trafficway
Natashashire
DH68 9HP",Female,Westmere Community Health NHS Trust,Black,Kenya,ILR,Admin,Medical Secretary,Clinical Support Services,4,32125,2021-02-16,2021-03-30,30.0,0.8,NMC,Fixed Term,On Leave,SH477209,2030-02-09,NQ169856,2031-03-14,2027-03-31,2021-03-09
EMP0215,Clifford,Edwards,vjones@example.com,2007-12-12,(01632)960054,"2 Burgess Island
Lake Charlotte
LS9P 2WF",Female,Westmere Community Health NHS Trust,White,United States,ILR,Admin,Receptionist,Corporate Services,3,27526,2023-09-03,2023-10-08,15.0,0.4,GMC,Permanent,Suspended,HG219684,2028-01-16,OA483306,2030-10-03,2027-02-27,2023-09-24
EMP0216,Geoffrey,Metcalfe,martyncook@example.net,1993-03-09,+44(0)1632960793,"4 Thompson Prairie
New Liam
TS5H 1SX",Male,Greenhaven Acute & Specialist Care NHS Trust,Black,South Africa,ILR,AHP,Physiologist,Clinical Support Services,6,52484,2023-03-15,2023-04-26,18.75,0.5,None,Bank,Suspended,MX987923,2031-05-12,SO129790,2029-02-07,2026-09-18,2023-04-05
EMP0217,Timothy,Watkins,thomasmelanie@example.com,1988-06-12,+44113 4960285,"61 Day Hill
Kingstad
SW34 4PE",Female,Southgate Community & Mental Health NHS Trust,Mixed,Ghana,British Citizen,Nursing,Senior Staff Nurse,Emergency & Urgent Care,6,53310,2017-05-12,2017-06-09,15.0,0.4,None,Bank,Inactive,II600452,2028-12-24,FO867927,2029-10-30,2026-12-19,2017-06-02
EMP0218,Stanley,Green,sam65@example.com,1962-04-11,0909 879 0247,"0 Richard Lake
South Damien
WR3 7ZZ",Male,Meadowbrook Community Health NHS Trust,Asian,India,Skilled Worker,AHP,Radiographer,Emergency & Urgent Care,6,46328,2022-12-30,2023-02-03,37.5,1.0,NMC,Bank,Suspended,VF476507,2030-06-13,HP357511,2031-05-23,2026-10-02,2023-01-20
EMP0219,Teresa,Kemp,chloe44@example.org,1981-03-21,(0141) 496 0560,"Flat 36E
Fletcher Summit
Port Aaronburgh
LD1 6QT",Male,Bluewater Community & Rehabilitation NHS Trust,Mixed,China,British Citizen,Medical,Registrar,Surgery & Cancer,SPR,72487,2023-06-17,2023-07-15,15.0,0.4,GMC,Permanent,Suspended,OA551469,2027-12-18,TB463637,2028-05-09,2026-12-21,2023-07-08
EMP0220,Louise,Connolly,colinchapman@example.com,1973-12-03,0141 496 0264,"Flat 57M
Margaret Bridge
Joannestad
M2 5HS",Female,Westborough Acute Care NHS Trust,Black,Barbados,Skilled Worker,Medical,FY1/FY2,Women & Children,FY1,41578,2021-11-26,2021-12-31,30.0,0.8,GMC,Bank,Suspended,PQ746300,2028-11-09,WF848140,2027-06-20,2026-09-13,2021-12-17
EMP0221,Aimee,Cole,allanjarvis@example.com,1977-02-08,0116 4960906,"Studio 92X
Clayton Rapids
Kimbury
WN6 6PG",Male,Hillcrest Medical Centres NHS Trust,Mixed,Barbados,Skilled Worker,Admin,Receptionist,Medicine & Acute Care,3,28707,2022-09-17,2022-10-29,20.0,0.53,HCPC,Bank,On Leave,RK106101,2029-12-07,LO012724,2027-05-11,2027-04-04,2022-10-08
EMP0222,June,Baker,smithantony@example.com,1983-02-01,+44(0)117 496 0912,"02 Georgina Crossroad
Williamschester
CH3H 8SU",Male,Broadfield Clinical Services NHS Trust,Black,Jamaica,ILR,Medical,GP,Corporate Services,GP,113407,2016-10-20,2016-11-17,37.5,1.0,None,Bank,Inactive,RD781705,2026-10-19,WD512053,2029-06-22,2027-05-12,2016-11-10
EMP0223,Jake,Edwards,dsmith@example.net,1973-06-15,+44(0)1134960787,"641 Kayleigh Glens
Smithtown
B2 3EG",Female,Southvale Hospitals NHS Trust,Black,Barbados,ILR,Nursing,Charge Nurse,Clinical Support Services,7,57651,2024-10-22,2024-11-19,18.75,0.5,HCPC,Permanent,On Leave,JS345485,2027-07-03,QT810119,2028-03-05,2027-02-16,2024-11-12
EMP0224,Laura,Clark,greenalexandra@example.org,1969-05-25,+44(0)1174960758,"Studio 8
Smith Walk
Elaineville
RH00 0BR",Female,Greenhaven Acute & Specialist Care NHS Trust,Mixed,South Africa,British Citizen,Admin,Data Analyst,Surgery & Cancer,8A,55961,2023-01-20,2023-02-24,15.0,0.4,NMC,Permanent,Suspended,EY794333,2027-04-28,WY352392,2027-07-18,2026-11-29,2023-02-10
EMP0225,Nicola,Nash,batesandrew@example.org,1974-02-22,0151 4960933,"3 Knight Gateway
West Beverley
E02 0NL",Male,Eastfield Psychological Services NHS Trust,White,Australia,British Citizen,Medical,SHO,Clinical Support Services,SHO,53218,2023-08-20,2023-09-17,30.0,0.8,GMC,Fixed Term,Inactive,XE864534,2028-10-19,KW577857,2030-02-01,2027-03-02,2023-09-10
EMP0226,Neil,Moran,bethanharvey@example.net,2005-10-29,0161 4960017,"671 Pope Pike
West Caroline
PA0 0RP",Male,Eastfield Psychological Services NHS Trust,Mixed,South Africa,Dependent,Nursing,Nursery Nurse,Critical Care & Anaesthesia,2,26650,2024-07-11,2024-08-15,20.0,0.53,NMC,Permanent,Active,NI595222,2031-03-27,QL655774,2030-06-10,2027-05-02,2024-08-01
EMP0227,Valerie,Baker,brookscharlene@example.com,1969-09-30,+44113 4960890,"6 Thomas Station
New Terence
L02 6RX",Female,Eastmoor Teaching Hospitals NHS Trust,Asian,China,ILR,Nursing,Healthcare Assistant,Women & Children,2,26548,2018-03-30,2018-04-27,15.0,0.4,NMC,Permanent,Inactive,JB118573,2029-06-06,NP758394,2030-07-07,2027-02-18,2018-04-20
EMP0228,Ronald,Barker,goliver@example.net,1969-04-16,+44(0)1514960063,"Studio 26O
Bell Loop
New Kennethstad
TD4 6TW",Male,Eastmoor Teaching Hospitals NHS Trust,White,United States,Skilled Worker,Nursing,Staff Nurse,Clinical Support Services,5,40523,2026-08-11,2026-09-08,37.5,1.0,None,Fixed Term,Inactive,OI107563,2029-05-03,RO680464,2030-03-09,2027-04-12,2026-09-01
EMP0229,Carly,Thompson,robincooper@example.net,1973-03-18,+44(0)131 496 0267,"Flat 0
Farrell Ports
Port Dennisborough
DA1 6WP",Female,Lakeside District Hospitals NHS Trust,Mixed,India,British Citizen,Medical,SHO,Women & Children,SHO,52126,2019-09-21,2019-10-26,18.75,0.5,GMC,Fixed Term,Active,RZ031849,2030-12-04,QE993862,2029-05-11,2027-03-19,2019-10-12
EMP0230,Dylan,Graham,harthannah@example.net,1964-04-03,+441184960772,"Flat 96r
Barry Streets
New Janiceborough
NG2B 2FY",Female,Horizon Integrated Health Partnership NHS Trust,Black,Kenya,Dependent,Medical,GP,Critical Care & Anaesthesia,GP,94300,2020-09-14,2020-10-12,15.0,0.4,GMC,Permanent,On Leave,TC730553,2027-09-01,OK166853,2031-07-27,2027-02-06,2020-10-05
EMP0231,Tracy,Turner,wallispaul@example.com,2002-04-20,+44(0)1134960226,"251 Harris Land
Huntermouth
CB1N 7PD",Female,Valleyview Mental Wellness NHS Trust,Black,Kenya,Dependent,Nursing,Nursery Nurse,Corporate Services,2,25074,2020-01-06,2020-02-10,37.5,1.0,GMC,Fixed Term,Suspended,EN628695,2028-02-03,LQ631105,2031-06-29,2027-08-14,2020-01-27
EMP0232,Francis,Morton,knewman@example.net,1976-11-06,+44(0)161 496 0233,"Flat 58l
Nigel Trafficway
Parkesberg
TR27 1WA",Female,Hillcrest Medical Centres NHS Trust,Black,Barbados,British Citizen,AHP,Speech Therapist,Women & Children,6,50654,2023-08-06,2023-09-17,37.5,1.0,None,Fixed Term,On Leave,JN682122,2029-04-30,IU181047,2027-06-21,2027-07-05,2023-08-27
EMP0233,Jasmine,Hardy,benjamin57@example.net,1977-04-23,(0191) 496 0063,"7 Eric View
Youngshire
N9A 9DB",Female,Eastfield Psychological Services NHS Trust,Asian,China,British Citizen,Medical,Registrar,Critical Care & Anaesthesia,SPR,69891,2022-06-16,2022-07-21,18.75,0.5,NMC,Fixed Term,Suspended,UO807622,2027-02-13,WR156949,2027-09-07,2026-09-21,2022-07-07
EMP0234,Katie,Fletcher,louisesmith@example.com,1980-04-17,+4429 2018938,"274 Curtis Oval
Milesside
NW19 6WP",Female,Southvale Hospitals NHS Trust,Black,Kenya,British Citizen,Medical,Registrar,Surgery & Cancer,SPR,65674,2019-06-02,2019-06-30,20.0,0.53,GMC,Bank,Suspended,ER615551,2028-01-01,GD467552,2030-10-08,2027-05-29,2019-06-23
EMP0235,Frederick,Lee,ycook@example.com,1984-02-06,(0117) 496 0134,"31 Marian Wells
Leanneshire
M7 8EN",Female,Eastfield Psychological Services NHS Trust,Black,South Africa,British Citizen,Medical,SHO,Critical Care & Anaesthesia,SHO,55363,2020-12-24,2021-02-04,37.5,1.0,HCPC,Bank,Suspended,DY412280,2027-02-06,MV709009,2031-05-12,2027-07-14,2021-01-14
EMP0236,Glenn,Payne,cmanning@example.net,1962-12-21,+44114 496 0269,"08 Kimberley Knoll
West Natalie
W72 3LW",Male,Greenhaven Acute & Specialist Care NHS Trust,Mixed,South Africa,Skilled Worker,AHP,Occupational Therapist,Surgery & Cancer,6,46424,2017-04-04,2017-05-02,37.5,1.0,None,Permanent,Suspended,JW132951,2026-10-13,BL848032,2029-12-06,2026-12-31,2017-04-25
EMP0237,Ben,Coleman,dwoods@example.org,1967-12-06,(0151) 496 0676,"Flat 54L
Holly Station
Lake Andrew
S13 6WH",Male,Riverbank General Hospitals NHS Trust,Asian,Thailand,British Citizen,Nursing,Ward Manager,Medicine & Acute Care,8A,55772,2017-09-20,2017-10-25,18.75,0.5,GMC,Fixed Term,On Leave,NR402173,2028-07-23,GN295698,2027-09-15,2027-04-01,2017-10-11
EMP0238,June,Richards,tmurray@example.org,1984-05-05,029 2018 0834,"Studio 69
Eleanor Pike
Abbiemouth
E7K 9BG",Male,Meadowbrook Community Health NHS Trust,Mixed,Trinidad and Tobago,ILR,AHP,Physiotherapist,Clinical Support Services,6,51400,2023-09-22,2023-10-27,18.75,0.5,NMC,Permanent,On Leave,YF830538,2028-06-06,KI398210,2028-12-03,2027-04-01,2023-10-13
EMP0239,Mitchell,Ellis,lyonselliot@example.net,2001-12-27,+442074960428,"Flat 1
Allan Ridge
Port Jade
OL5 6YD",Male,Greenhaven Acute & Specialist Care NHS Trust,White,New Zealand,British Citizen,Nursing,Senior Staff Nurse,Women & Children,6,46537,2021-07-31,2021-08-28,18.75,0.5,NMC,Permanent,Inactive,MY762946,2027-01-06,LT433066,2026-12-06,2027-09-04,2021-08-21
EMP0240,Duncan,Reid,khoward@example.com,1991-02-28,0161 4960289,"Studio 4
Baker Prairie
Robertsonville
CW1N 0TQ",Male,Westborough Acute Care NHS Trust,Asian,Japan,Dependent,Medical,SHO,Surgery & Cancer,SHO,57590,2016-11-20,2016-12-18,15.0,0.4,NMC,Bank,On Leave,QP146182,2031-09-07,HC686280,2027-03-03,2027-03-02,2016-12-11
EMP0241,Timothy,Waters,khandominic@example.org,1988-06-20,0116 4960833,"Studio 07
Amber Green
North Samantha
S55 1LG",Female,Northwood Mental Health NHS Trust,White,New Zealand,British Citizen,AHP,Occupational Therapist,Critical Care & Anaesthesia,6,50991,2024-07-03,2024-08-07,15.0,0.4,GMC,Permanent,Suspended,GB062199,2030-01-21,LQ570196,2028-11-19,2026-10-28,2024-07-24
EMP0242,Christopher,Taylor,sking@example.org,1966-05-31,(0116)4960955,"Studio 75p
Stephanie Fields
Atkinsport
WS7 8UG",Male,Oakridge Community Services NHS Trust,White,United Kingdom,Skilled Worker,AHP,Physiotherapist,Emergency & Urgent Care,6,44457,2017-04-30,2017-05-28,37.5,1.0,None,Permanent,Active,OM112857,2026-12-07,LH389364,2030-01-20,2026-10-05,2017-05-21
EMP0243,Mohamed,Lloyd,saundersleonard@example.net,2008-01-01,01632960546,"05 Moore Fields
Elliotttown
S68 5AY",Male,Riverside Integrated Care NHS Trust,White,New Zealand,Dependent,Medical,SHO,Emergency & Urgent Care,SHO,45469,2021-03-25,2021-04-22,15.0,0.4,HCPC,Permanent,Suspended,VW840690,2029-11-28,BI197205,2028-01-16,2027-02-26,2021-04-15
EMP0244,Lewis,Jones,chelseasykes@example.org,2001-04-07,+44909 879 0302,"Flat 25S
Marcus Camp
Harrietbury
IM7V 9RW",Female,Northshire University Hospitals NHS Trust,White,United Kingdom,Dependent,Admin,Data Analyst,Medicine & Acute Care,8A,63520,2018-10-12,2018-11-16,30.0,0.8,NMC,Fixed Term,Inactive,NE179041,2026-12-12,XD750016,2030-09-02,2026-10-09,2018-11-02
EMP0245,Bethan,Ahmed,rosshawkins@example.org,1997-06-16,(0117)4960213,"Studio 23s
Morris Curve
South Tomshire
N5F 3FU",Female,Southvale Hospitals NHS Trust,Mixed,Nigeria,Skilled Worker,Admin,Administrator,Clinical Support Services,3,29147,2018-10-29,2018-11-26,20.0,0.53,NMC,Bank,Suspended,TP652874,2030-01-11,QW181083,2027-03-16,2027-02-11,2018-11-19
EMP0246,Holly,Evans,hpritchard@example.com,1961-05-23,+441214960525,"Flat 79
Hugh Radial
South Lynda
PA52 8LH",Male,Lakeside District Hospitals NHS Trust,Black,Kenya,Skilled Worker,Nursing,Staff Nurse,Emergency & Urgent Care,5,37272,2020-10-29,2020-12-10,15.0,0.4,None,Permanent,Active,SQ898741,2028-03-23,GF173727,2031-05-05,2026-11-13,2020-11-19
EMP0247,Jasmine,Kemp,laurenjones@example.org,2007-04-16,+44(0)131 496 0914,"Studio 0
Alice Overpass
Lake Kathrynberg
KW6R 0WQ",Female,Broadfield Clinical Services NHS Trust,Mixed,Trinidad and Tobago,Skilled Worker,AHP,Pharmacist,Medicine & Acute Care,5,40244,2021-05-13,2021-06-24,30.0,0.8,NMC,Fixed Term,Active,SL141320,2030-11-13,UO896939,2027-08-14,2027-06-09,2021-06-03
EMP0248,Annette,Cooper,alexander26@example.com,1977-03-13,0116 496 0458,"Studio 62
Hammond Flats
North Bethanfort
S69 9FA",Male,Westborough Acute Care NHS Trust,Black,Ghana,Dependent,Nursing,Staff Nurse,Surgery & Cancer,5,37161,2019-01-01,2019-02-05,30.0,0.8,HCPC,Bank,Active,HQ841294,2027-12-02,RM530693,2028-11-19,2026-11-10,2019-01-22
EMP0249,Brenda,Gilbert,eflynn@example.net,2005-07-10,+44151 4960562,"5 George Crossroad
Scottburgh
G09 8DD",Male,Westmere Community Health NHS Trust,Black,Trinidad and Tobago,Dependent,Medical,FY1/FY2,Surgery & Cancer,FY1,41930,2022-06-21,2022-07-26,15.0,0.4,GMC,Fixed Term,Suspended,NH166396,2027-08-02,RW168830,2029-10-17,2026-09-14,2022-07-12
EMP0250,Amelia,Thompson,ruth08@example.org,1978-03-20,+44114 4960053,"749 Kay Pine
Evansbury
HP51 5LZ",Female,Bluewater Community & Rehabilitation NHS Trust,White,Canada,British Citizen,Medical,GP,Emergency & Urgent Care,GP,93598,2025-07-09,2025-08-20,20.0,0.53,GMC,Bank,Inactive,IW569854,2029-02-12,TB123407,2027-10-14,2026-11-08,2025-07-30
EMP0251,Dawn,Stanley,iclayton@example.net,1965-01-26,+44909 879 0326,"903 Wendy Shoals
Port Owen
KY2B 3NP",Male,Hillcrest Medical Centres NHS Trust,Mixed,Kenya,ILR,Admin,Receptionist,Women & Children,3,28729,2021-04-26,2021-06-07,18.75,0.5,NMC,Bank,Inactive,PS561547,2029-08-21,LP815139,2030-07-16,2027-02-19,2021-05-17
EMP0252,Oliver,Sutton,charleneallen@example.net,1963-08-23,+441164960997,"Studio 31
Trevor Mountain
Vincentton
IG88 4AP",Male,Greenhaven Acute & Specialist Care NHS Trust,Asian,Thailand,British Citizen,Medical,Registrar,Emergency & Urgent Care,SPR,65344,2025-06-13,2025-07-11,15.0,0.4,GMC,Permanent,Active,ZV057730,2029-01-04,OD510580,2031-01-16,2026-12-14,2025-07-04
EMP0253,Alan,Roberts,kathleen99@example.com,2002-09-26,(0121) 496 0312,"Flat 7
Richardson Plaza
South Staceyview
S41 4WL",Female,Lakeside District Hospitals NHS Trust,Mixed,Kenya,Skilled Worker,Admin,Administrator,Emergency & Urgent Care,3,26959,2023-02-09,2023-03-09,30.0,0.8,None,Permanent,On Leave,YO888380,2031-05-12,VT147998,2027-12-27,2027-04-20,2023-03-02
EMP0254,Declan,Hughes,anthony14@example.com,2000-05-26,(0909) 8790561,"Studio 48
Jenkins Curve
Lake Leannefurt
CW8H 6UN",Female,Southgate Community & Mental Health NHS Trust,Asian,Thailand,ILR,AHP,Occupational Therapist,Corporate Services,6,52277,2025-12-08,2026-01-19,15.0,0.4,HCPC,Permanent,Suspended,ME537942,2028-07-20,YP074749,2029-06-03,2027-03-02,2025-12-29
EMP0255,Stacey,Davies,smithsharon@example.org,2001-12-01,+44121 4960613,"72 Ashley Stravenue
Thompsontown
N6C 5TN",Male,Greenhaven Acute & Specialist Care NHS Trust,White,New Zealand,British Citizen,AHP,Physiotherapist,Women & Children,6,45898,2025-12-16,2026-01-13,37.5,1.0,HCPC,Fixed Term,Active,OV204002,2027-09-21,CF711813,2030-05-07,2027-02-03,2026-01-06
EMP0256,Gail,Watson,wtomlinson@example.com,1973-01-29,0909 879 0928,"360 Duncan Rest
Port Stacey
S5U 1TE",Female,Valleyview Mental Wellness NHS Trust,White,Australia,British Citizen,Admin,Medical Secretary,Critical Care & Anaesthesia,4,30152,2017-10-18,2017-11-29,30.0,0.8,GMC,Permanent,Inactive,VH629298,2028-10-24,KL036177,2031-05-24,2026-11-06,2017-11-08
EMP0257,Lindsey,Bryant,jadebishop@example.com,1971-03-25,0289018549,"91 Doyle Trafficway
South Caroline
W30 3FB",Male,Bluewater Community & Rehabilitation NHS Trust,White,United States,ILR,Nursing,Ward Manager,Surgery & Cancer,8A,60866,2020-08-31,2020-10-12,18.75,0.5,GMC,Permanent,Active,TL716926,2030-08-25,LK811993,2027-10-11,2027-03-03,2020-09-21
EMP0258,Julia,Hughes,bwilliams@example.net,1969-05-22,+44(0)113 496 0669,"Flat 1
Daniel Branch
Garrystad
PO1 5NY",Female,Westmere Community Health NHS Trust,Mixed,China,Skilled Worker,AHP,Pharmacist,Medicine & Acute Care,5,37418,2021-02-02,2021-03-02,37.5,1.0,GMC,Fixed Term,Active,SJ084276,2030-09-29,OA313602,2029-11-07,2026-10-14,2021-02-23
EMP0259,Linda,Taylor,ukelly@example.com,1963-06-10,(028) 9018 0371,"24 Lewis Hill
North Alisonmouth
S0J 6UZ",Male,Lakeside District Hospitals NHS Trust,Black,South Africa,Dependent,AHP,Physiologist,Medicine & Acute Care,6,44471,2017-02-15,2017-03-15,20.0,0.53,HCPC,Fixed Term,On Leave,AL195689,2027-11-10,EO728294,2027-04-10,2026-09-24,2017-03-08
EMP0260,Dean,Hudson,philip05@example.com,1974-02-26,+44(0)28 9018 0172,"Flat 9
Peters Run
West Leslie
OX1A 1YE",Female,Riverside Integrated Care NHS Trust,Mixed,Australia,ILR,Nursing,Ward Manager,Emergency & Urgent Care,8A,66727,2023-06-09,2023-07-21,20.0,0.53,GMC,Fixed Term,Suspended,EO201304,2027-09-13,GL593871,2029-10-18,2027-03-21,2023-06-30
EMP0261,Rachael,Fox,barnesglenn@example.com,1987-03-08,+44114 4960519,"Studio 47E
Davies Plains
Antonyberg
EH2 9RQ",Female,Bluewater Community & Rehabilitation NHS Trust,White,United Kingdom,Dependent,Nursing,Charge Nurse,Emergency & Urgent Care,7,56734,2023-06-20,2023-08-01,18.75,0.5,None,Permanent,Inactive,VS852090,2029-11-14,QU953322,2029-02-18,2027-04-06,2023-07-11
EMP0262,Colin,Craig,gbegum@example.com,1986-05-23,+44(0)2074960755,"Studio 48i
May Islands
New Kathryn
LS7A 6XP",Male,Midlands Central Hospitals NHS Trust,Black,Barbados,ILR,Medical,Consultant,Critical Care & Anaesthesia,CONS,101601,2024-02-20,2024-03-19,30.0,0.8,NMC,Bank,On Leave,IN429268,2031-08-03,ZS241890,2031-05-10,2027-07-26,2024-03-12
EMP0263,Kathryn,Curtis,david24@example.com,1970-06-30,+44(0)161 4960098,"2 Holt Garden
Burtonport
W9 2TQ",Female,Broadfield Clinical Services NHS Trust,Black,Ghana,Skilled Worker,Admin,Data Analyst,Clinical Support Services,8A,62218,2023-10-07,2023-11-18,15.0,0.4,NMC,Fixed Term,Suspended,OX504768,2027-05-23,JZ447036,2029-08-24,2027-06-03,2023-10-28
EMP0264,William,King,jasmine86@example.net,1974-11-27,+44(0)909 879 0237,"68 Kyle Camp
Dalyfort
CV3 9HD",Male,Meadowbrook Community Health NHS Trust,Black,Barbados,British Citizen,AHP,Radiographer,Critical Care & Anaesthesia,6,45423,2026-08-18,2026-09-29,37.5,1.0,NMC,Fixed Term,On Leave,ZY600168,2028-01-04,ZT575695,2030-07-08,2027-03-07,2026-09-08
EMP0265,Henry,Kaur,pughraymond@example.org,1977-02-15,+44(0)118 4960898,"19 Haynes Coves
South Ameliaville
W1 0DY",Female,Meadowbrook Community Health NHS Trust,White,Canada,Skilled Worker,Admin,Medical Secretary,Clinical Support Services,4,33895,2016-11-25,2017-01-06,37.5,1.0,GMC,Permanent,Inactive,EI421040,2031-01-20,EL927501,2029-03-24,2027-04-16,2016-12-16
EMP0266,Andrew,Harris,markevans@example.com,1994-04-16,0117 496 0543,"13 Sylvia Prairie
South Janiceville
KW26 9SQ",Male,Eastmoor Teaching Hospitals NHS Trust,Mixed,Barbados,Skilled Worker,Nursing,Charge Nurse,Clinical Support Services,7,55041,2024-07-10,2024-08-14,15.0,0.4,GMC,Bank,Inactive,WX638436,2030-04-02,IB849963,2027-03-29,2027-06-28,2024-07-31
EMP0267,Emma,Knight,bmartin@example.net,1996-10-03,+441614960132,"81 Graham Groves
Armstrongfurt
SL44 3ZD",Female,Horizon Integrated Health Partnership NHS Trust,White,New Zealand,British Citizen,Nursing,Ward Manager,Surgery & Cancer,8A,64541,2018-07-31,2018-08-28,18.75,0.5,NMC,Bank,Inactive,OF608597,2029-10-26,UY445882,2030-05-27,2027-07-30,2018-08-21
EMP0268,Gordon,Hughes,marie04@example.org,1978-09-21,+44(0)8081570411,"74 Ross Points
New Markburgh
S4 3NB",Female,Northshire University Hospitals NHS Trust,Asian,Japan,ILR,AHP,Occupational Therapist,Emergency & Urgent Care,6,54393,2022-10-19,2022-11-16,20.0,0.53,NMC,Bank,On Leave,FT628955,2027-09-13,VT155725,2027-06-23,2027-04-17,2022-11-09
EMP0269,Tracey,Jones,jadematthews@example.net,1994-08-06,+44151 496 0385,"38 Oliver Circles
Jennifermouth
E45 2TP",Male,Riverbank General Hospitals NHS Trust,Mixed,United States,Skilled Worker,Admin,Data Analyst,Clinical Support Services,8A,66852,2021-09-11,2021-10-16,18.75,0.5,NMC,Bank,Suspended,MI910353,2029-08-21,HH322331,2029-05-26,2027-05-11,2021-10-02
EMP0270,Francesca,Moss,jasmineburke@example.org,1979-01-17,01632 960190,"Flat 78
Chloe Road
Port Sarah
B8K 6BY",Female,Broadfield Clinical Services NHS Trust,White,Australia,ILR,AHP,Pharmacist,Women & Children,5,37303,2024-06-03,2024-07-15,30.0,0.8,HCPC,Permanent,Inactive,VP323223,2026-11-03,QS311695,2029-01-06,2026-10-09,2024-06-24
EMP0271,Kimberley,Carter,kclements@example.com,2006-01-16,+44161 4960247,"844 Jeffrey Unions
Brendaland
E5 2HQ",Female,Riverbank General Hospitals NHS Trust,Black,Nigeria,Dependent,AHP,Physiologist,Corporate Services,6,50345,2024-01-21,2024-03-03,20.0,0.53,NMC,Permanent,Active,AI795350,2027-12-16,IK616823,2029-10-05,2027-06-24,2024-02-11
EMP0272,Gail,Gibson,duncan05@example.org,1977-10-16,(0114) 496 0400,"Studio 18n
Gray Ways
Smithstad
M1B 0NY",Male,Eastfield Psychological Services NHS Trust,Asian,India,Skilled Worker,Admin,Administrator,Critical Care & Anaesthesia,3,30424,2019-05-24,2019-07-05,20.0,0.53,NMC,Bank,On Leave,SD448766,2028-08-01,ZT794367,2028-06-13,2027-01-29,2019-06-14
EMP0273,Danielle,Cooper,clarkehoward@example.net,1983-09-28,02074960284,"Flat 4
Roberts Terrace
Lake Declanburgh
DT3P 4ZA",Female,Greenhaven Acute & Specialist Care NHS Trust,Asian,China,British Citizen,Medical,SHO,Emergency & Urgent Care,SHO,50726,2020-09-22,2020-10-27,18.75,0.5,None,Fixed Term,Inactive,TY836981,2030-02-06,LO148913,2029-02-21,2026-11-14,2020-10-13
EMP0274,Olivia,Thompson,mathew53@example.net,1985-12-09,0306 9990609,"953 Nicholson Park
Smithton
N90 7DQ",Male,Bluewater Community & Rehabilitation NHS Trust,Black,Ghana,Dependent,AHP,Radiographer,Clinical Support Services,6,52353,2018-08-09,2018-09-20,15.0,0.4,None,Permanent,Suspended,OH631338,2029-02-10,QC081785,2030-07-22,2027-01-21,2018-08-30
EMP0275,Amy,Roberts,justinmartin@example.org,1988-11-14,(0141) 4960495,"3 Rachael Crescent
New Bryanstad
CF12 7TG",Male,Greenhaven Acute & Specialist Care NHS Trust,Mixed,Barbados,British Citizen,AHP,Occupational Therapist,Critical Care & Anaesthesia,6,47972,2020-05-10,2020-06-21,30.0,0.8,GMC,Permanent,Inactive,DH194309,2031-01-14,ZN912048,2031-04-19,2027-06-30,2020-05-31
EMP0276,Lynn,Hargreaves,deborahsmart@example.org,1966-04-19,0191 4960059,"Studio 20k
Irene Park
New Traceyshire
G80 6PH",Male,Broadfield Clinical Services NHS Trust,White,United Kingdom,British Citizen,Admin,Medical Secretary,Medicine & Acute Care,4,31371,2022-12-12,2023-01-23,20.0,0.53,NMC,Fixed Term,On Leave,CE880437,2030-11-25,IT349079,2031-02-19,2027-03-04,2023-01-02
EMP0277,Alison,Cook,whiteheadsylvia@example.com,2008-06-09,(0116)4960799,"Studio 2
Lynne Club
Richardshaven
SR83 1WW",Female,Westborough Acute Care NHS Trust,Mixed,Japan,British Citizen,Medical,Registrar,Corporate Services,SPR,67371,2021-11-06,2021-12-04,15.0,0.4,HCPC,Permanent,Inactive,PX622520,2030-06-07,IF189784,2029-05-28,2027-02-02,2021-11-27
EMP0278,Marcus,Smith,robinsonkaren@example.com,2003-01-21,+44(0)116 4960737,"Studio 44u
Blackburn Crescent
Kennethtown
PA0B 3GA",Male,Eastfield Psychological Services NHS Trust,Mixed,Kenya,Skilled Worker,AHP,Physiologist,Surgery & Cancer,6,53442,2019-10-24,2019-12-05,15.0,0.4,None,Fixed Term,On Leave,KG629502,2029-12-31,CU969715,2030-06-25,2027-07-20,2019-11-14
EMP0279,Stewart,Whittaker,dhayes@example.com,2005-05-07,+44131 496 0099,"Flat 08
Jemma Park
South Lynn
G19 8TN",Male,Valleyview Mental Wellness NHS Trust,Asian,Japan,British Citizen,AHP,Occupational Therapist,Women & Children,6,47166,2026-04-03,2026-05-15,20.0,0.53,GMC,Fixed Term,Active,HQ150701,2029-09-30,TH593981,2028-08-01,2027-06-02,2026-04-24
EMP0280,Eric,Williams,zlawrence@example.org,1961-04-19,+44(0)9098790840,"Flat 79l
Christine Mount
Jenniferberg
E6C 1HY",Male,Hillcrest Medical Centres NHS Trust,Mixed,Barbados,British Citizen,Nursing,Senior Staff Nurse,Surgery & Cancer,6,52969,2025-06-11,2025-07-23,37.5,1.0,HCPC,Bank,Suspended,TP272101,2030-01-31,XR030930,2030-06-01,2027-07-28,2025-07-02
EMP0281,Claire,Owen,geoffreyhughes@example.org,1998-12-25,+44(0)141 496 0362,"930 Lee Way
New Aaron
WV6 8RU",Female,Meadowbrook Community Health NHS Trust,Asian,Thailand,Dependent,Admin,Medical Secretary,Surgery & Cancer,4,37251,2019-07-26,2019-09-06,18.75,0.5,GMC,Bank,Suspended,UM009804,2030-09-09,BK103496,2031-08-05,2027-05-21,2019-08-16
EMP0282,Trevor,Smith,carolwade@example.org,1974-05-21,+4429 2018816,"Flat 55O
Jacob Alley
East Geraldfort
WF8 2FB",Male,Westmere Community Health NHS Trust,Mixed,India,Dependent,Admin,Medical Secretary,Medicine & Acute Care,4,36860,2019-06-22,2019-07-27,15.0,0.4,HCPC,Bank,Suspended,XZ792885,2028-02-25,NJ068079,2029-11-06,2027-04-12,2019-07-13
EMP0283,Jill,Green,harristracey@example.net,2002-06-20,+44808 157 0288,"Studio 98b
Bolton Court
Taylorland
RG2R 3FW",Female,Southgate Community & Mental Health NHS Trust,Asian,Thailand,ILR,Admin,Administrator,Women & Children,3,27282,2018-09-30,2018-11-11,18.75,0.5,GMC,Fixed Term,Suspended,XJ069201,2031-06-02,GV251746,2028-11-08,2026-11-16,2018-10-21
EMP0284,Lewis,North,josephinegibson@example.net,1991-12-03,+441144960730,"152 Richardson Circle
Port Karen
S7 4GR",Male,Northwood Mental Health NHS Trust,Black,Kenya,ILR,AHP,Speech Therapist,Women & Children,6,44800,2017-10-10,2017-11-14,15.0,0.4,NMC,Bank,Inactive,NT936232,2030-09-18,NO195421,2030-06-07,2026-11-07,2017-10-31
EMP0285,Wayne,Howard,marilyn46@example.org,1973-08-10,+44(0)116 496 0787,"4 Green Row
Port Valerie
TN4 2GS",Female,Greenhaven Acute & Specialist Care NHS Trust,Mixed,Australia,ILR,Medical,GP,Critical Care & Anaesthesia,GP,106958,2018-06-16,2018-07-28,37.5,1.0,GMC,Permanent,Active,OX112465,2028-11-04,MH841701,2027-02-18,2027-06-23,2018-07-07
EMP0286,Amanda,Green,fwatts@example.com,1999-11-04,+44(0)1914960625,"Studio 59
Joe Fords
Abbottland
DL7 5FX",Female,Riverside Integrated Care NHS Trust,Mixed,Canada,British Citizen,Medical,Consultant,Medicine & Acute Care,CONS,114963,2017-11-26,2018-01-07,18.75,0.5,GMC,Permanent,Inactive,RQ455375,2027-01-17,CJ299103,2027-01-21,2027-07-15,2017-12-17
EMP0287,Ricky,Richards,mary35@example.com,1961-06-07,+44(0)141 4960000,"Flat 1
Nicole Drive
Amymouth
RH6 9BS",Male,Hillcrest Medical Centres NHS Trust,Mixed,Barbados,British Citizen,Medical,GP,Clinical Support Services,GP,109333,2022-07-18,2022-08-15,37.5,1.0,HCPC,Bank,Active,ZJ328846,2028-11-26,KC378504,2028-06-16,2027-05-31,2022-08-08
EMP0288,Kim,Smith,joshuaburton@example.org,2007-06-30,+44(0)1414960982,"02 Allan Knolls
Bruceton
G90 0BD",Male,Greenhaven Acute & Specialist Care NHS Trust,Asian,China,ILR,AHP,Physiologist,Emergency & Urgent Care,6,52876,2025-05-10,2025-06-14,18.75,0.5,NMC,Fixed Term,Active,ZU652163,2027-02-01,XV927155,2030-03-12,2027-01-04,2025-05-31
EMP0289,Donald,Stewart,justin02@example.net,2004-07-21,+44(0)9098790635,"Studio 83r
Brown Trafficway
Lake Barbaraville
W3A 4ZL",Female,Oakridge Community Services NHS Trust,Asian,China,British Citizen,Medical,FY1/FY2,Emergency & Urgent Care,FY1,40943,2020-05-03,2020-06-14,18.75,0.5,GMC,Bank,Inactive,VW254549,2031-07-18,BI313026,2031-03-21,2027-04-09,2020-05-24
EMP0290,Danny,Miller,nicholas88@example.org,2008-04-03,+441134960868,"14 Bruce Roads
Cameronmouth
SA87 3QS",Male,Valleyview Mental Wellness NHS Trust,Asian,Thailand,British Citizen,AHP,Occupational Therapist,Clinical Support Services,6,50124,2021-06-24,2021-07-22,15.0,0.4,None,Bank,Inactive,DP415571,2029-06-04,JJ591998,2028-09-13,2027-09-02,2021-07-15
EMP0291,Molly,Powell,aburns@example.net,1967-06-12,+44(0)9098790459,"Flat 75v
Ann Branch
Barbaraport
EN3 7WE",Male,Oakridge Community Services NHS Trust,White,United Kingdom,British Citizen,Admin,Receptionist,Corporate Services,3,28425,2026-02-25,2026-04-01,15.0,0.4,NMC,Fixed Term,Suspended,KK098715,2030-12-11,YY000378,2029-07-03,2027-07-04,2026-03-18
EMP0292,Terence,Griffiths,mknight@example.org,1977-01-11,(01632)960847,"Studio 22
Toby Parkway
Adamshaven
E0 4TP",Male,Eastfield Psychological Services NHS Trust,Mixed,India,British Citizen,Nursing,Senior Staff Nurse,Medicine & Acute Care,6,48321,2022-05-08,2022-06-12,18.75,0.5,None,Permanent,Active,AJ852121,2028-12-31,YP225674,2027-03-27,2027-01-24,2022-05-29
EMP0293,Lynda,Watson,denniswoodward@example.net,1996-10-25,+44131 4960565,"Studio 89
Mellor Mountains
Port Garryland
M50 6PN",Female,Westborough Acute Care NHS Trust,White,United Kingdom,British Citizen,Admin,Medical Secretary,Medicine & Acute Care,4,31597,2021-05-16,2021-06-20,18.75,0.5,None,Fixed Term,Active,ZT382312,2031-06-01,UN221649,2028-10-13,2026-11-11,2021-06-06
EMP0294,Joshua,Young,omurphy@example.org,1986-02-14,+441914960649,"56 Eileen Spurs
Tuckerview
RH7E 2HY",Male,Riverbank General Hospitals NHS Trust,Asian,India,British Citizen,AHP,Physiologist,Surgery & Cancer,6,44764,2019-02-16,2019-03-23,18.75,0.5,HCPC,Permanent,Inactive,GA878137,2029-06-21,EZ699707,2028-07-21,2026-09-16,2019-03-09
EMP0295,Mark,Edwards,claytonvanessa@example.net,1975-01-24,0114 4960650,"Flat 5
Arthur Roads
Griffithsburgh
UB79 0NR",Male,Westmere Community Health NHS Trust,Asian,India,British Citizen,Medical,GP,Women & Children,GP,101926,2021-10-29,2021-12-10,18.75,0.5,HCPC,Bank,Active,BC240034,2028-11-10,MA514202,2029-04-05,2027-02-16,2021-11-19
EMP0296,Roger,Powell,waynewoods@example.org,1993-03-08,0191 498 0205,"Flat 6
O'Neill Haven
Jacquelineton
IV2X 9ZT",Male,Eastfield Psychological Services NHS Trust,Asian,India,Skilled Worker,Medical,Consultant,Corporate Services,CONS,96190,2025-04-04,2025-05-02,30.0,0.8,GMC,Bank,Active,UC032091,2029-06-15,JG017707,2028-03-01,2026-09-26,2025-04-25
EMP0297,Mathew,Johnson,maureen51@example.net,1978-04-12,+44131 4960654,"Flat 18s
Bolton Harbors
Josephhaven
SR2 5RW",Female,Westmere Community Health NHS Trust,Black,Nigeria,British Citizen,AHP,Physiotherapist,Corporate Services,6,51725,2025-04-10,2025-05-22,30.0,0.8,GMC,Fixed Term,Suspended,OC966021,2027-06-30,FO375167,2030-03-10,2026-11-19,2025-05-01
EMP0298,Wayne,Harvey,timothywhite@example.org,1991-08-23,0116 496 0613,"10 Richards Hollow
Christophertown
L5 6HR",Female,Southvale Hospitals NHS Trust,Mixed,United States,Skilled Worker,Nursing,Staff Nurse,Clinical Support Services,5,40543,2019-07-03,2019-08-14,30.0,0.8,None,Fixed Term,Active,ZC712135,2028-05-18,AG291749,2028-01-16,2027-02-10,2019-07-24
EMP0299,Katie,Rogers,connollymegan@example.net,2006-04-24,029 2018 0943,"Studio 3
Marshall Hill
Clarkehaven
CM8N 8AH",Female,Greenhaven Acute & Specialist Care NHS Trust,Black,Nigeria,Skilled Worker,Admin,Receptionist,Critical Care & Anaesthesia,3,31329,2022-12-11,2023-01-08,20.0,0.53,HCPC,Permanent,On Leave,NX758662,2030-11-20,BE200413,2027-08-12,2027-01-24,2023-01-01
EMP0300,Kenneth,Curtis,trevorfox@example.net,2007-09-25,+44118 496 0557,"060 Brown Centers
Wardmouth
OL7 3UY",Male,Riverbank General Hospitals NHS Trust,Black,Nigeria,British Citizen,Medical,Consultant,Corporate Services,CONS,130034,2023-03-13,2023-04-24,20.0,0.53,GMC,Permanent,Suspended,YD192307,2027-12-23,FP731836,2030-06-08,2027-06-28,2023-04-03
EMP0301,Darren,Green,bethgill@example.net,1985-03-25,+44113 496 0785,"Flat 8
Alex Valleys
West Paige
WN8 5PD",Male,Riverside Integrated Care NHS Trust,Black,Trinidad and Tobago,British Citizen,Nursing,Staff Nurse,Medicine & Acute Care,5,40316,2023-08-02,2023-08-30,37.5,1.0,None,Bank,Active,VC990680,2028-04-13,EB984317,2030-01-31,2027-03-12,2023-08-23
EMP0302,Lauren,Wilkins,nallan@example.org,1984-03-14,+441632 960046,"640 Marian Bypass
Annettemouth
HR3 9QG",Female,Horizon Integrated Health Partnership NHS Trust,Asian,China,British Citizen,Nursing,Staff Nurse,Women & Children,5,40546,2022-04-04,2022-05-09,37.5,1.0,HCPC,Permanent,Suspended,QQ035524,2027-07-01,IH677569,2031-07-02,2027-05-20,2022-04-25
EMP0303,Brett,Martin,paul70@example.org,1991-03-19,+44(0)113 496 0335,"Flat 21n
Joshua Cliff
Edwardsland
NW9B 2BZ",Female,Riverbank General Hospitals NHS Trust,Asian,China,British Citizen,Nursing,Senior Staff Nurse,Corporate Services,6,52177,2020-08-11,2020-09-15,20.0,0.53,NMC,Fixed Term,Inactive,HA463014,2030-05-24,WC140798,2030-11-16,2026-12-16,2020-09-01
EMP0304,Pauline,Doyle,millerjeffrey@example.org,1996-05-18,+441632 960357,"Flat 74
Gerard Tunnel
Allanport
B0C 6RN",Female,Westborough Acute Care NHS Trust,Asian,Thailand,Dependent,Medical,SHO,Emergency & Urgent Care,SHO,48567,2026-02-28,2026-04-04,30.0,0.8,GMC,Fixed Term,Active,HA147180,2027-06-26,JP603178,2030-07-05,2027-02-13,2026-03-21
EMP0305,Samuel,Hughes,shortsian@example.net,2001-03-27,(0151) 4960883,"Flat 88
Griffiths Passage
Sheilaborough
NN32 0FG",Female,Greenhaven Acute & Specialist Care NHS Trust,Asian,China,Skilled Worker,Nursing,Healthcare Assistant,Critical Care & Anaesthesia,2,25307,2022-11-23,2022-12-28,20.0,0.53,HCPC,Bank,Suspended,NS467383,2030-11-10,KW051043,2029-09-21,2026-10-30,2022-12-14
EMP0306,Alexandra,Robinson,sslater@example.net,1979-11-20,+44(0)20 7496 0309,"Studio 01r
Mandy Tunnel
Lukemouth
N4E 2DW",Female,Greenhaven Acute & Specialist Care NHS Trust,White,United Kingdom,British Citizen,AHP,Pharmacist,Surgery & Cancer,5,42237,2023-08-01,2023-09-12,20.0,0.53,HCPC,Bank,Active,NR291384,2030-03-31,JN848593,2029-04-25,2027-06-30,2023-08-22
EMP0307,Sophie,Cooper,smithleigh@example.com,1967-12-27,(0191) 4960536,"815 Dean Road
Lake Connor
S2C 4EB",Female,Westmere Community Health NHS Trust,Black,Jamaica,Skilled Worker,AHP,Speech Therapist,Emergency & Urgent Care,6,53243,2025-03-24,2025-04-21,20.0,0.53,HCPC,Permanent,Suspended,EF253596,2026-12-01,YF530670,2030-05-15,2026-11-11,2025-04-14
EMP0308,Russell,Lamb,timothy57@example.net,1966-02-25,+44(0)20 7496 0544,"90 Simpson Park
East Stacey
EH3 5LU",Male,Bluewater Community & Rehabilitation NHS Trust,Mixed,Jamaica,Dependent,Nursing,Charge Nurse,Corporate Services,7,55790,2020-11-01,2020-12-06,30.0,0.8,HCPC,Permanent,Suspended,BO939938,2027-01-21,DC521370,2030-01-11,2026-10-05,2020-11-22
EMP0309,Maureen,Kaur,tomkirk@example.net,1971-12-12,+44(0)191 4960296,"376 James Dale
Teresaside
M4 8JQ",Female,Valleyview Mental Wellness NHS Trust,Mixed,Thailand,ILR,Nursing,Staff Nurse,Emergency & Urgent Care,5,43850,2016-10-22,2016-11-26,15.0,0.4,NMC,Permanent,Suspended,SK405361,2030-10-09,CU048371,2027-04-06,2027-08-02,2016-11-12
EMP0310,Danny,Lord,butlerdenis@example.com,2008-01-30,+44(0)1632960556,"97 Jones Road
West Ian
S6 1JW",Female,Riverbank General Hospitals NHS Trust,Black,Jamaica,British Citizen,Nursing,Ward Manager,Corporate Services,8A,57659,2017-11-07,2017-12-05,15.0,0.4,NMC,Permanent,Inactive,NE655903,2027-03-11,FI269019,2029-07-16,2027-09-08,2017-11-28
EMP0311,Justin,Smith,ubutler@example.net,1973-04-19,01614960792,"Studio 3
Robinson Heights
Teresachester
N8K 3DW",Female,Midlands Central Hospitals NHS Trust,Black,Ghana,Skilled Worker,AHP,Physiotherapist,Corporate Services,6,46018,2026-04-28,2026-06-09,18.75,0.5,NMC,Fixed Term,Suspended,FE562264,2028-04-11,VN080981,2029-03-27,2027-08-09,2026-05-19
EMP0312,Gerard,Wood,teresajohnson@example.net,1996-03-30,(0306) 9990433,"9 Rosemary Valley
Port Natashaland
M9 1TB",Male,Riverbank General Hospitals NHS Trust,White,United Kingdom,Dependent,Admin,Administrator,Medicine & Acute Care,3,29215,2018-02-09,2018-03-23,30.0,0.8,GMC,Fixed Term,On Leave,RZ544525,2031-01-04,FI456322,2031-03-26,2027-05-02,2018-03-02
EMP0313,Caroline,Akhtar,urees@example.com,1971-12-17,029 2018 0724,"902 Sheila Dale
New Rhysberg
S6G 0YX",Female,Westborough Acute Care NHS Trust,Black,Jamaica,British Citizen,AHP,Physiotherapist,Corporate Services,6,47131,2023-02-17,2023-03-31,18.75,0.5,HCPC,Bank,Inactive,ZO849750,2028-08-06,JZ845991,2029-02-05,2027-01-21,2023-03-10
EMP0314,Iain,Manning,rhyde@example.net,1977-03-17,01164960519,"6 Diane Garden
Lake Jessica
WS0 5QA",Male,Hillcrest Medical Centres NHS Trust,Black,Barbados,Skilled Worker,Admin,Administrator,Critical Care & Anaesthesia,3,31782,2022-02-28,2022-03-28,20.0,0.53,NMC,Permanent,Active,SS403795,2031-08-23,IB724289,2028-09-29,2026-10-15,2022-03-21
EMP0315,Roger,Harris,brownlinda@example.com,1965-08-31,+44151 496 0737,"870 Jeffrey Burg
West Brendafurt
L5U 3ER",Female,Southvale Hospitals NHS Trust,Mixed,Nigeria,ILR,Admin,Administrator,Corporate Services,3,28850,2019-09-21,2019-10-19,15.0,0.4,HCPC,Bank,Inactive,UE640325,2030-04-20,UM827281,2029-08-24,2027-06-16,2019-10-12
EMP0316,Simon,Barnes,wonghollie@example.com,1972-08-27,+44(0)808 157 0238,"8 Mitchell Junction
Turnbullstad
EX7V 4YJ",Female,Northshire University Hospitals NHS Trust,Mixed,United States,Dependent,AHP,Pharmacist,Medicine & Acute Care,5,44366,2023-10-27,2023-12-01,18.75,0.5,NMC,Fixed Term,Inactive,IJ725012,2027-06-14,UI012122,2028-07-05,2027-02-17,2023-11-17
EMP0317,Emma,Wilson,mary72@example.com,1992-10-29,+441632960975,"6 Perry Plain
West Donaldview
SW3Y 2LZ",Female,Northwood Mental Health NHS Trust,Mixed,Thailand,ILR,AHP,Speech Therapist,Surgery & Cancer,6,49137,2022-01-05,2022-02-02,37.5,1.0,GMC,Bank,Suspended,IY246106,2027-02-03,WN898224,2029-03-13,2027-03-27,2022-01-26
EMP0318,Toby,Cook,hparry@example.net,1971-07-10,(0808) 1570426,"9 Guy Avenue
New Leonville
G55 5SG",Male,Eastmoor Teaching Hospitals NHS Trust,Mixed,United Kingdom,British Citizen,Medical,GP,Emergency & Urgent Care,GP,106992,2017-08-22,2017-09-19,18.75,0.5,None,Bank,Suspended,CP833198,2030-02-18,OR856101,2031-08-16,2026-12-26,2017-09-12
EMP0319,Trevor,Murphy,ogordon@example.com,1990-11-15,+44113 4960233,"528 Morris Crest
Murphyside
NR2 8YN",Male,Eastmoor Teaching Hospitals NHS Trust,Black,Ghana,Dependent,Admin,Administrator,Critical Care & Anaesthesia,3,27873,2018-12-21,2019-01-18,30.0,0.8,GMC,Fixed Term,Suspended,KZ616922,2026-11-11,WJ042875,2030-10-04,2026-12-29,2019-01-11
EMP0320,Jamie,Duffy,wevans@example.com,1985-10-19,(0191) 496 0007,"4 Nixon Mission
Jaychester
G9 2TR",Female,Valleyview Mental Wellness NHS Trust,Black,Jamaica,British Citizen,AHP,Physiologist,Emergency & Urgent Care,6,48013,2024-12-08,2025-01-12,15.0,0.4,HCPC,Permanent,On Leave,EL858564,2029-11-07,HT067988,2031-08-09,2027-06-09,2024-12-29
EMP0321,Linda,Short,hayneschristine@example.org,1967-02-25,01184960225,"115 Cook Mill
Port Yvonnestad
S92 1AG",Male,Northwood Mental Health NHS Trust,Black,Kenya,Dependent,Nursing,Senior Staff Nurse,Women & Children,6,44312,2026-03-10,2026-04-21,30.0,0.8,None,Fixed Term,Suspended,BJ026191,2028-03-30,PH733561,2031-03-19,2027-05-11,2026-03-31
EMP0322,Damien,Hicks,amber33@example.net,2001-05-29,+44(0)909 879 0069,"Flat 84C
Abigail Harbors
Derekside
AB2N 6HJ",Female,Eastfield Psychological Services NHS Trust,Black,Jamaica,Dependent,Nursing,Staff Nurse,Corporate Services,5,37830,2020-11-27,2020-12-25,37.5,1.0,HCPC,Bank,On Leave,CK202432,2030-08-30,NI376097,2030-02-01,2026-09-27,2020-12-18
EMP0323,Ben,Mitchell,jill72@example.net,1980-04-02,+44(0)141 4960863,"Flat 4
Hurst Hollow
North Tina
ME07 2QY",Female,Southvale Hospitals NHS Trust,White,New Zealand,Skilled Worker,AHP,Physiotherapist,Surgery & Cancer,6,46298,2022-04-22,2022-05-20,18.75,0.5,None,Fixed Term,Inactive,PU629519,2027-05-07,SQ830936,2027-02-17,2027-06-02,2022-05-13
EMP0324,Georgina,Carter,maureen97@example.com,1979-01-13,+44(0)1154960192,"1 Kayleigh Views
Lake Abigailfurt
EC1X 8JH",Male,Southgate Community & Mental Health NHS Trust,Mixed,New Zealand,British Citizen,Admin,Administrator,Surgery & Cancer,3,29075,2023-12-06,2024-01-03,37.5,1.0,HCPC,Fixed Term,Active,XD153596,2028-06-25,CC079156,2029-01-18,2027-09-06,2023-12-27
EMP0325,Kayleigh,Thomas,barrettleslie@example.org,1972-02-07,0131 496 0850,"Studio 25P
Elizabeth Springs
Coxmouth
M4C 0DB",Male,Greenhaven Acute & Specialist Care NHS Trust,White,United Kingdom,ILR,Medical,Consultant,Medicine & Acute Care,CONS,118353,2021-12-18,2022-01-15,37.5,1.0,NMC,Bank,On Leave,BX692779,2028-12-12,HC692786,2028-01-18,2026-10-06,2022-01-08
EMP0326,Hazel,Bailey,evansiain@example.net,1988-12-27,0117 496 0360,"Flat 0
Grant Route
South Lesley
E4 8LX",Female,Horizon Integrated Health Partnership NHS Trust,Black,Jamaica,Dependent,Nursing,Charge Nurse,Surgery & Cancer,7,55135,2024-12-21,2025-01-25,15.0,0.4,NMC,Bank,Active,DT109361,2027-11-29,BX777130,2029-07-12,2026-12-30,2025-01-11
EMP0327,Patrick,Bond,ronald08@example.com,2001-06-08,0292018932,"473 Wright Islands
New Charliechester
DD76 4XJ",Male,Broadfield Clinical Services NHS Trust,Mixed,Ghana,Dependent,Medical,FY1/FY2,Medicine & Acute Care,FY1,38807,2023-07-04,2023-08-01,37.5,1.0,GMC,Permanent,On Leave,PC859772,2030-12-05,FR653758,2030-05-30,2026-09-19,2023-07-25
EMP0328,Karl,Clarke,lyndawilliams@example.net,1983-11-22,0191 498 0074,"87 Francis Lakes
New Arthurton
BD1A 5DD",Male,Riverside Integrated Care NHS Trust,Mixed,South Africa,ILR,Nursing,Healthcare Assistant,Corporate Services,2,26305,2025-02-02,2025-03-02,18.75,0.5,None,Fixed Term,Active,DC217281,2031-05-20,GF084657,2030-11-30,2027-03-08,2025-02-23
EMP0329,Marcus,Bradley,dunnjill@example.com,2001-03-10,(01632)960252,"884 Murphy Plaza
North Jayne
B5G 9FQ",Male,Meadowbrook Community Health NHS Trust,Asian,Japan,ILR,Admin,Data Analyst,Critical Care & Anaesthesia,8A,68510,2023-08-29,2023-10-10,30.0,0.8,None,Bank,Inactive,NP331464,2029-05-25,CM165060,2027-09-26,2027-05-04,2023-09-19
EMP0330,Joyce,Hudson,hazel72@example.net,1982-10-18,0121 4960680,"878 Justin Mountains
North Lisa
LL0 0TT",Female,Broadfield Clinical Services NHS Trust,Mixed,Kenya,British Citizen,Nursing,Senior Staff Nurse,Women & Children,6,50889,2026-05-25,2026-07-06,20.0,0.53,HCPC,Fixed Term,Active,CS062769,2030-03-13,YF488719,2031-05-01,2026-11-21,2026-06-15
EMP0331,Chelsea,Harrison,gillianlewis@example.net,1978-07-12,+44(0)909 879 0616,"05 Fisher Loop
Watsonborough
N36 8XT",Female,Southgate Community & Mental Health NHS Trust,Asian,India,Skilled Worker,Admin,Data Analyst,Corporate Services,8A,69445,2022-07-02,2022-07-30,18.75,0.5,NMC,Bank,Suspended,AT024127,2031-07-18,PA586601,2031-09-05,2027-08-01,2022-07-23
EMP0332,Maureen,Wright,pwalters@example.com,1970-10-22,+44(0)113 4960779,"64 Stewart Locks
New Alison
N2G 2QF",Female,Riverbank General Hospitals NHS Trust,Asian,Japan,Skilled Worker,Admin,Administrator,Critical Care & Anaesthesia,3,30917,2023-08-16,2023-09-13,15.0,0.4,None,Bank,Inactive,BL446545,2029-03-05,FA435069,2031-06-21,2026-10-05,2023-09-06
EMP0333,Elizabeth,Watson,gbennett@example.com,1979-08-11,0115 4960228,"Flat 60O
Janice Trafficway
New Joycechester
TS67 3SZ",Female,Broadfield Clinical Services NHS Trust,Asian,Japan,British Citizen,Admin,Receptionist,Surgery & Cancer,3,29817,2023-06-16,2023-07-28,15.0,0.4,HCPC,Permanent,On Leave,YG172536,2028-06-05,JW849308,2031-07-10,2026-12-20,2023-07-07
EMP0334,Gareth,Williams,mmoore@example.com,1981-07-09,020 7946 0773,"Studio 14P
Gibbons Loaf
Port Shannon
W03 2ER",Male,Riverside Integrated Care NHS Trust,White,United Kingdom,British Citizen,Medical,Registrar,Critical Care & Anaesthesia,SPR,80235,2018-11-22,2018-12-27,37.5,1.0,NMC,Bank,Suspended,JD919961,2029-05-12,AN541222,2027-02-06,2027-05-01,2018-12-13
EMP0335,Charles,Jones,louis98@example.org,1980-12-06,(0161) 496 0835,"Studio 9
Amelia Greens
Port Tobyside
N77 6SH",Female,Northshire University Hospitals NHS Trust,Black,Ghana,Dependent,Admin,Medical Secretary,Surgery & Cancer,4,37328,2020-04-15,2020-05-13,20.0,0.53,NMC,Permanent,Inactive,SD321235,2031-02-20,HC849865,2028-09-01,2026-12-30,2020-05-06
EMP0336,Carolyn,Kennedy,clarebuckley@example.org,1966-03-08,+44131 4960947,"Flat 03c
Burrows Crossroad
South Patrick
G2 8NG",Male,Midlands Central Hospitals NHS Trust,Asian,Japan,Skilled Worker,Nursing,Healthcare Assistant,Medicine & Acute Care,2,25071,2017-11-11,2017-12-16,37.5,1.0,None,Fixed Term,Suspended,ZP311857,2029-08-19,FH308343,2029-04-08,2027-05-14,2017-12-02
EMP0337,Angela,Saunders,ryan74@example.net,1980-07-19,0161 496 0776,"7 Donna Flats
New Craigside
L6B 7LT",Female,Valleyview Mental Wellness NHS Trust,Mixed,United Kingdom,British Citizen,Admin,Receptionist,Women & Children,3,29501,2017-10-09,2017-11-13,37.5,1.0,GMC,Permanent,Suspended,KU835868,2027-04-10,EE372732,2027-01-08,2027-02-01,2017-10-30
EMP0338,Gerald,Smith,yjames@example.com,1976-08-09,01154960640,"5 Georgina Garden
West Henryberg
S32 4BL",Male,Eastfield Psychological Services NHS Trust,White,New Zealand,Dependent,Medical,Consultant,Clinical Support Services,CONS,103747,2024-05-01,2024-05-29,15.0,0.4,None,Fixed Term,Inactive,XH420582,2027-09-24,ZY386835,2029-09-15,2026-11-25,2024-05-22
EMP0339,Joanna,Taylor,hewittanna@example.org,2007-08-11,+44(0)151 496 0092,"Flat 4
June Stream
Singhstad
G27 6SP",Female,Northshire University Hospitals NHS Trust,Mixed,Barbados,Dependent,Nursing,Ward Manager,Medicine & Acute Care,8A,67894,2023-05-28,2023-06-25,20.0,0.53,HCPC,Fixed Term,On Leave,IZ960939,2027-05-09,QC072359,2027-09-02,2026-12-16,2023-06-18
EMP0340,Max,Hughes,wardannette@example.org,1962-01-12,(0113)4960377,"50 Frost Port
West Connorton
DA7 2XG",Female,Northwood Mental Health NHS Trust,Black,Kenya,Dependent,Admin,Receptionist,Critical Care & Anaesthesia,3,29854,2017-06-12,2017-07-17,37.5,1.0,None,Bank,Suspended,NH442182,2031-05-29,XN631227,2027-08-18,2026-11-26,2017-07-03
EMP0341,Sharon,O'Connor,henrymatthews@example.com,2005-09-29,0306 9990496,"Studio 53
Diana Route
Edwardsstad
N4D 3XL",Male,Valleyview Mental Wellness NHS Trust,Asian,China,Dependent,Admin,Administrator,Corporate Services,3,30012,2019-10-23,2019-11-27,30.0,0.8,HCPC,Bank,Inactive,OI970453,2028-10-04,HG313661,2028-10-25,2027-04-26,2019-11-13
EMP0342,Andrea,Smith,zreynolds@example.org,2004-06-09,(0141) 496 0601,"02 Reece Lock
Mooreville
N84 8FQ",Female,Westmere Community Health NHS Trust,White,United Kingdom,Skilled Worker,Nursing,Nursery Nurse,Women & Children,2,26597,2018-12-31,2019-01-28,18.75,0.5,NMC,Fixed Term,On Leave,CZ341496,2031-01-08,VK120194,2029-08-22,2027-09-02,2019-01-21
EMP0343,Teresa,Fletcher,joseph18@example.com,1971-08-05,+441144960529,"2 Russell Dam
Natalieton
M5 4GP",Male,Valleyview Mental Wellness NHS Trust,Asian,Thailand,Skilled Worker,Admin,Medical Secretary,Medicine & Acute Care,4,37203,2017-11-08,2017-12-20,37.5,1.0,NMC,Bank,Active,QU938408,2029-10-15,HW613685,2029-02-27,2026-12-10,2017-11-29
EMP0344,Amanda,King,awilliams@example.com,1983-08-01,+44306 9990320,"Studio 9
Graham Mount
New Peter
B31 9QF",Male,Eastmoor Teaching Hospitals NHS Trust,Black,Ghana,ILR,Nursing,Healthcare Assistant,Women & Children,2,24661,2021-01-14,2021-02-11,20.0,0.53,HCPC,Permanent,Active,DT687133,2027-12-13,XJ189690,2031-09-08,2027-02-10,2021-02-04
EMP0345,Heather,Lyons,neil43@example.net,1961-05-18,09098790269,"96 Philip Meadow
South Duncan
L8 4QL",Male,Hillcrest Medical Centres NHS Trust,Black,Ghana,ILR,AHP,Physiologist,Corporate Services,6,54429,2024-11-16,2024-12-21,20.0,0.53,GMC,Fixed Term,On Leave,BK211741,2028-07-08,WC011661,2027-05-26,2027-05-05,2024-12-07
EMP0346,Jemma,Ward,jaderobinson@example.org,1982-01-23,0151 496 0154,"47 Clarke Extension
Samuelmouth
SN6B 6DL",Female,Northwood Mental Health NHS Trust,Mixed,India,ILR,Nursing,Staff Nurse,Critical Care & Anaesthesia,5,39793,2022-01-06,2022-02-17,18.75,0.5,GMC,Fixed Term,Inactive,TO080375,2028-06-01,PK454300,2030-08-21,2026-10-31,2022-01-27
EMP0347,Henry,Stokes,cameronhart@example.net,2003-03-15,+44(0)118 4960299,"Flat 8
Patricia Drive
Lake Dale
N7 3ZZ",Male,Riverside Integrated Care NHS Trust,Asian,India,Skilled Worker,Medical,SHO,Medicine & Acute Care,SHO,55287,2021-03-18,2021-04-15,30.0,0.8,NMC,Permanent,Active,BX546012,2027-07-04,MZ011971,2030-05-19,2027-01-24,2021-04-08
EMP0348,Jennifer,Taylor,georgiapayne@example.com,1972-10-03,+441174960687,"Flat 08
Dawson Burg
Colinport
E85 5AG",Female,Midlands Central Hospitals NHS Trust,Asian,Japan,Dependent,Nursing,Healthcare Assistant,Corporate Services,2,25999,2023-01-28,2023-02-25,18.75,0.5,HCPC,Fixed Term,Inactive,XQ709362,2030-01-25,RH728523,2029-05-05,2027-04-28,2023-02-18
EMP0349,Callum,McDonald,jennifergibbs@example.com,1984-02-17,+4420 74960349,"Flat 99
Marian Knolls
East Aimeemouth
CO68 7UQ",Female,Broadfield Clinical Services NHS Trust,White,New Zealand,Dependent,AHP,Physiotherapist,Emergency & Urgent Care,6,49845,2026-05-11,2026-06-22,18.75,0.5,GMC,Fixed Term,On Leave,YX307369,2027-07-16,LT834872,2027-08-09,2027-03-24,2026-06-01
EMP0350,Max,Smith,alice16@example.com,1978-05-26,+441134960769,"Studio 10Q
James Manors
Georginahaven
ZE8V 1PQ",Female,Broadfield Clinical Services NHS Trust,White,Canada,Dependent,Admin,Data Analyst,Corporate Services,8A,66404,2021-03-21,2021-04-25,30.0,0.8,NMC,Permanent,Active,IX231025,2029-12-12,AQ251676,2028-10-16,2026-12-15,2021-04-11
EMP0351,Peter,Wilson,marydavis@example.net,1961-03-30,0808 1570577,"09 Fox Branch
West Craig
W3 5BB",Male,Westmere Community Health NHS Trust,White,Canada,Dependent,Admin,Medical Secretary,Corporate Services,4,32860,2023-05-28,2023-07-02,30.0,0.8,HCPC,Fixed Term,On Leave,WO253992,2030-09-10,FK900444,2031-04-29,2027-03-14,2023-06-18
EMP0352,Damian,Perkins,zjones@example.com,1966-01-30,+44(0)20 74960927,"87 Yvonne Pines
Joanland
S52 8GJ",Female,Hillcrest Medical Centres NHS Trust,White,Australia,Skilled Worker,Admin,Data Analyst,Critical Care & Anaesthesia,8A,69193,2025-12-26,2026-02-06,18.75,0.5,NMC,Permanent,Suspended,KO168287,2029-08-19,UZ728582,2030-09-19,2026-11-15,2026-01-16
EMP0353,Brian,Macdonald,nlee@example.org,1980-04-01,01144960741,"2 Beth Squares
Lake Jean
B17 2WP",Male,Eastmoor Teaching Hospitals NHS Trust,Black,Nigeria,ILR,Admin,Medical Secretary,Emergency & Urgent Care,4,31288,2017-03-25,2017-04-22,15.0,0.4,NMC,Bank,On Leave,DB518043,2028-06-17,CN351017,2030-08-31,2027-07-12,2017-04-15
EMP0354,Phillip,Haynes,janicearcher@example.org,1969-02-03,0116 496 0866,"Flat 79
Howarth Grove
Grantborough
L4K 3XY",Male,Southgate Community & Mental Health NHS Trust,White,United States,Skilled Worker,AHP,Occupational Therapist,Women & Children,6,47633,2017-03-23,2017-04-27,20.0,0.53,GMC,Bank,Active,IB589144,2029-08-20,HU032383,2028-11-02,2026-10-31,2017-04-13
EMP0355,David,Jones,conwaycallum@example.com,1982-10-14,(0116) 496 0371,"3 Day Coves
Dianechester
TN76 6HZ",Female,Broadfield Clinical Services NHS Trust,Mixed,China,Dependent,Nursing,Nursery Nurse,Corporate Services,2,25278,2021-02-26,2021-04-02,18.75,0.5,None,Fixed Term,On Leave,NA946680,2027-06-05,CR551812,2030-02-28,2027-06-07,2021-03-19
EMP0356,Jamie,Collier,tconway@example.org,1972-12-01,0116 4960469,"Studio 10
Gardner Shore
Lynchshire
IP8 8GH",Male,Westborough Acute Care NHS Trust,Black,Kenya,Dependent,Medical,FY1/FY2,Critical Care & Anaesthesia,FY1,39797,2023-07-20,2023-08-31,20.0,0.53,NMC,Permanent,Inactive,XC689638,2031-08-22,ED623843,2027-02-23,2027-08-28,2023-08-10
EMP0357,Geraldine,Pearce,wharrison@example.com,1984-05-06,(0161)4960307,"Flat 1
Robinson Freeway
Port Marcusland
B57 0LY",Female,Valleyview Mental Wellness NHS Trust,Asian,India,Skilled Worker,AHP,Speech Therapist,Women & Children,6,51191,2021-04-19,2021-05-31,18.75,0.5,HCPC,Permanent,Suspended,WE087309,2030-10-20,IV074846,2029-02-14,2026-09-30,2021-05-10
EMP0358,Antony,Mitchell,houghtonjessica@example.com,1987-09-22,+44(0)115 4960306,"Flat 6
Rachel Alley
West Christopher
CH1P 3SE",Male,Horizon Integrated Health Partnership NHS Trust,Asian,India,Dependent,Nursing,Healthcare Assistant,Clinical Support Services,2,24319,2022-07-17,2022-08-21,30.0,0.8,HCPC,Permanent,Suspended,VR587900,2026-12-19,UJ924430,2027-03-24,2026-12-09,2022-08-07
EMP0359,Craig,Browne,lday@example.com,1970-06-10,020 74960362,"Flat 11
Kim Brooks
North Bruce
S65 8XH",Male,Westmere Community Health NHS Trust,Mixed,Australia,British Citizen,Medical,SHO,Corporate Services,SHO,51888,2021-06-05,2021-07-03,18.75,0.5,HCPC,Bank,Inactive,AV661496,2030-09-12,LL627875,2027-09-04,2026-11-02,2021-06-26
EMP0360,Grace,Hyde,djones@example.net,1982-09-13,+44115 4960785,"Studio 6
Nicole Courts
Toddbury
DL7P 3QU",Male,Eastmoor Teaching Hospitals NHS Trust,Black,Jamaica,Skilled Worker,Admin,Medical Secretary,Critical Care & Anaesthesia,4,35394,2022-07-21,2022-09-01,20.0,0.53,None,Fixed Term,Active,HQ003926,2027-11-24,FW281208,2029-10-03,2027-05-22,2022-08-11
EMP0361,Jade,King,mortonmartyn@example.com,1978-07-28,+44(0)1614960755,"Studio 52
Lynne Harbor
East Chloe
L51 5GG",Male,Greenhaven Acute & Specialist Care NHS Trust,Mixed,Canada,Dependent,AHP,Occupational Therapist,Medicine & Acute Care,6,50618,2018-07-04,2018-08-08,30.0,0.8,NMC,Bank,On Leave,EW557888,2030-06-05,DB814528,2029-12-06,2026-12-08,2018-07-25
EMP0362,Leslie,Todd,normancooper@example.com,1996-01-16,(0116) 4960987,"Flat 5
Bethany Field
New George
M3C 8TN",Female,Southgate Community & Mental Health NHS Trust,Black,Nigeria,British Citizen,Nursing,Charge Nurse,Critical Care & Anaesthesia,7,52686,2019-04-30,2019-06-11,18.75,0.5,HCPC,Permanent,Active,HC341438,2031-06-19,AV565534,2029-05-23,2027-03-09,2019-05-21
EMP0363,Abdul,Ellis,damiengreen@example.com,1987-09-08,(020) 7496 0242,"Studio 82j
Lynch Parkway
Lake Stanley
DY7E 2AQ",Female,Northshire University Hospitals NHS Trust,White,United Kingdom,British Citizen,Nursing,Senior Staff Nurse,Clinical Support Services,6,51079,2018-10-09,2018-11-06,37.5,1.0,HCPC,Bank,Inactive,VC005605,2027-08-30,HE097155,2027-10-25,2026-10-07,2018-10-30
EMP0364,Dawn,Joyce,janice08@example.net,1999-08-26,+4428 9018053,"3 Hughes Common
Port Oliverburgh
GU2 2BW",Male,Bluewater Community & Rehabilitation NHS Trust,White,Australia,ILR,Nursing,Ward Manager,Surgery & Cancer,8A,59563,2024-01-22,2024-02-26,30.0,0.8,HCPC,Permanent,Inactive,IC752764,2031-07-10,JH923652,2029-01-11,2026-12-17,2024-02-12
EMP0365,Samantha,Holmes,judithchapman@example.org,1979-05-01,(0141)4960104,"Studio 77
Kim Mill
East Marian
E9F 0WH",Female,Valleyview Mental Wellness NHS Trust,Asian,India,Dependent,AHP,Pharmacist,Women & Children,5,38939,2017-01-06,2017-02-17,15.0,0.4,None,Fixed Term,Inactive,YY666182,2029-03-13,EH547768,2027-05-15,2027-05-16,2017-01-27
EMP0366,Norman,Barker,ameliadale@example.org,1966-09-27,(0808) 1570222,"Flat 01u
Pamela Mountains
Birdtown
RH7E 8SZ",Female,Meadowbrook Community Health NHS Trust,Asian,China,Skilled Worker,AHP,Physiologist,Surgery & Cancer,6,44572,2016-11-11,2016-12-09,30.0,0.8,NMC,Bank,Active,WF642056,2030-02-06,BE206046,2028-06-19,2027-05-20,2016-12-02
EMP0367,Stanley,Ali,saunderslee@example.com,1986-09-21,+44909 879 0636,"89 Maurice Brooks
East Francisville
S2C 1DY",Male,Oakridge Community Services NHS Trust,Asian,China,British Citizen,Admin,Data Analyst,Surgery & Cancer,8A,57984,2020-04-04,2020-05-02,37.5,1.0,None,Permanent,Suspended,EX491067,2030-01-24,ZT949471,2031-04-23,2026-12-10,2020-04-25
EMP0368,Hollie,Kelly,singhmelanie@example.org,1997-07-23,+44(0)116 496 0946,"Flat 92A
Blackburn Ferry
New Charleneland
E77 4UR",Male,Eastfield Psychological Services NHS Trust,White,United Kingdom,ILR,Nursing,Senior Staff Nurse,Emergency & Urgent Care,6,49534,2020-07-23,2020-08-27,37.5,1.0,GMC,Fixed Term,Active,HW519836,2028-04-24,KB617992,2026-12-04,2027-01-24,2020-08-13
EMP0369,Jay,Robinson,eahmed@example.net,1992-06-11,+44(0)8081570711,"Flat 2
Taylor Lock
Julianfurt
WN8Y 2PU",Male,Bluewater Community & Rehabilitation NHS Trust,Mixed,Canada,Dependent,Nursing,Nursery Nurse,Medicine & Acute Care,2,25162,2021-01-16,2021-02-27,18.75,0.5,GMC,Permanent,Active,HU506354,2028-07-27,HU400346,2031-05-11,2026-09-14,2021-02-06
EMP0370,Beth,Owen,heather92@example.com,2002-12-24,+44(0)1174960946,"Studio 57
Townsend Mission
Martinshire
G21 3LS",Female,Westmere Community Health NHS Trust,White,Canada,ILR,Admin,Administrator,Critical Care & Anaesthesia,3,26777,2019-12-09,2020-01-06,18.75,0.5,HCPC,Bank,On Leave,ZO023745,2027-10-05,VY926093,2030-12-26,2027-04-08,2019-12-30
EMP0371,Tom,Bates,smithfrancesca@example.net,1964-04-09,020 7946 0098,"868 Leon Brooks
Port Lynda
HA24 1WL",Male,Southgate Community & Mental Health NHS Trust,Mixed,Kenya,Dependent,Admin,Receptionist,Clinical Support Services,3,28458,2020-10-08,2020-11-05,15.0,0.4,None,Fixed Term,Active,IP391229,2029-04-14,TC964639,2030-02-15,2026-10-17,2020-10-29
EMP0372,Denise,Gould,stokeselliott@example.org,2003-06-12,+441614960226,"Studio 95
Mohammed Grove
Hartleyland
E5 6BE",Male,Greenhaven Acute & Specialist Care NHS Trust,Black,Trinidad and Tobago,British Citizen,AHP,Speech Therapist,Emergency & Urgent Care,6,52174,2026-02-01,2026-03-08,20.0,0.53,NMC,Bank,On Leave,QW612530,2030-01-05,OD574912,2030-12-16,2026-11-22,2026-02-22
EMP0373,Alison,Little,wlowe@example.org,1964-07-13,+44151 4960765,"20 Tom Loaf
Hooperborough
LL1 1HH",Female,Northwood Mental Health NHS Trust,White,Canada,Skilled Worker,Medical,Consultant,Critical Care & Anaesthesia,CONS,113538,2019-02-27,2019-04-10,30.0,0.8,HCPC,Bank,Suspended,FW353604,2026-10-31,GG826854,2027-07-05,2027-08-02,2019-03-20
EMP0374,Gary,Davies,jade88@example.net,2001-06-22,(01632) 960 558,"29 Robinson Via
Port Louisefort
W8H 6BR",Female,Valleyview Mental Wellness NHS Trust,Mixed,South Africa,ILR,Admin,Medical Secretary,Clinical Support Services,4,37118,2018-12-29,2019-01-26,18.75,0.5,GMC,Fixed Term,Suspended,MM193661,2026-11-28,GJ984130,2030-08-18,2027-09-08,2019-01-19
EMP0375,Lynda,Hall,mariareid@example.net,1998-11-23,(028)9018675,"Studio 6
Martin Center
Deanstad
ML4 7BW",Female,Northshire University Hospitals NHS Trust,Asian,India,British Citizen,Medical,GP,Medicine & Acute Care,GP,98230,2017-11-16,2017-12-14,18.75,0.5,None,Fixed Term,Inactive,US379456,2031-04-17,IX194586,2026-12-10,2027-07-18,2017-12-07
EMP0376,Ian,Jones,elliottryan@example.com,2008-04-25,+44(0)1214960791,"Studio 43r
Shane Alley
North Iainburgh
PL3 1WY",Female,Bluewater Community & Rehabilitation NHS Trust,Mixed,Trinidad and Tobago,ILR,AHP,Speech Therapist,Corporate Services,6,44294,2016-10-20,2016-11-17,37.5,1.0,GMC,Permanent,Inactive,YH763088,2030-02-03,ZV832463,2029-04-29,2027-08-09,2016-11-10
EMP0377,Guy,Jackson,jasmine20@example.net,1989-11-29,0121 4960209,"50 Danielle Causeway
Damianfurt
N22 2GA",Female,Riverbank General Hospitals NHS Trust,Mixed,Thailand,ILR,AHP,Pharmacist,Emergency & Urgent Care,5,40569,2023-04-27,2023-06-01,30.0,0.8,GMC,Fixed Term,Suspended,OQ924260,2029-06-22,ZS640826,2028-09-22,2027-06-07,2023-05-18
EMP0378,Raymond,Pearce,zstevens@example.org,1998-09-08,+44808 1570617,"Flat 01Y
Lewis Viaduct
Georginaborough
L0 0YG",Male,Valleyview Mental Wellness NHS Trust,Black,Trinidad and Tobago,Dependent,Nursing,Ward Manager,Surgery & Cancer,8A,58973,2024-09-18,2024-10-30,18.75,0.5,NMC,Bank,Inactive,PV448505,2028-04-30,WZ179648,2029-09-16,2026-10-22,2024-10-09
EMP0379,Alexander,Shaw,frederick44@example.org,2004-11-21,03069990652,"Flat 26
Alexander Brooks
Gordonland
LN96 8WQ",Female,Riverside Integrated Care NHS Trust,Mixed,Trinidad and Tobago,Dependent,Nursing,Staff Nurse,Medicine & Acute Care,5,38517,2022-01-03,2022-02-14,30.0,0.8,GMC,Bank,Inactive,SB329344,2029-11-05,VT047021,2031-04-19,2027-05-19,2022-01-24
EMP0380,Kimberley,Elliott,shawcolin@example.org,1961-05-28,(0808) 1570598,"Flat 26
Jade Path
South Declan
TD7W 9YR",Female,Southvale Hospitals NHS Trust,Black,Kenya,British Citizen,Nursing,Healthcare Assistant,Critical Care & Anaesthesia,2,27566,2024-12-01,2025-01-12,30.0,0.8,None,Permanent,Active,DE266944,2028-07-19,VR040492,2031-02-24,2027-03-05,2024-12-22
EMP0381,Phillip,Holloway,srowe@example.org,1968-03-12,+44115 4960324,"Studio 91U
Barnes Island
Forstertown
RH8X 6YJ",Female,Meadowbrook Community Health NHS Trust,Black,Ghana,ILR,Admin,Data Analyst,Emergency & Urgent Care,8A,58291,2020-01-10,2020-02-14,15.0,0.4,None,Bank,Active,IN003555,2028-06-17,GK012084,2026-11-24,2027-07-30,2020-01-31
EMP0382,Anna,Moore,isingh@example.org,1967-05-25,+442074960815,"349 Smith Turnpike
Johnsonstad
W7C 6DU",Male,Valleyview Mental Wellness NHS Trust,White,Australia,Skilled Worker,AHP,Pharmacist,Emergency & Urgent Care,5,38020,2017-02-18,2017-03-18,37.5,1.0,NMC,Permanent,Active,FE358609,2029-09-28,TV365201,2029-01-11,2027-03-05,2017-03-11
EMP0383,John,Perry,josh47@example.org,1993-05-18,(0306)9990229,"36 Johnston Gateway
Eleanorchester
N9 8TJ",Female,Eastmoor Teaching Hospitals NHS Trust,Mixed,Australia,Dependent,Nursing,Charge Nurse,Emergency & Urgent Care,7,52897,2020-02-23,2020-03-22,15.0,0.4,None,Fixed Term,Active,TL330832,2029-10-12,IQ460959,2030-07-29,2026-12-26,2020-03-15
EMP0384,Jade,Taylor,normanwalker@example.org,1966-06-26,0151 4960186,"9 Judith Neck
Lake Gavin
ME9E 1LB",Female,Hillcrest Medical Centres NHS Trust,Asian,India,Skilled Worker,Medical,FY1/FY2,Critical Care & Anaesthesia,FY1,41255,2025-06-24,2025-08-05,18.75,0.5,NMC,Fixed Term,Inactive,JO121072,2031-01-31,AY682419,2029-01-01,2026-10-17,2025-07-15
EMP0385,Marion,Watson,vwright@example.org,1967-12-27,+441914960636,"2 Armstrong Glens
Hurstton
LS4N 6RE",Male,Greenhaven Acute & Specialist Care NHS Trust,Black,Barbados,Skilled Worker,AHP,Pharmacist,Emergency & Urgent Care,5,42664,2024-08-06,2024-09-17,18.75,0.5,NMC,Bank,Inactive,HW181645,2031-06-27,IX875697,2029-02-01,2026-10-27,2024-08-27
EMP0386,Richard,Roberts,murphyphilip@example.org,1994-10-10,+44114 496 0919,"Studio 9
Taylor Neck
Johnsonside
DD7 1YX",Male,Northwood Mental Health NHS Trust,Mixed,Canada,Dependent,Medical,SHO,Women & Children,SHO,51533,2023-06-11,2023-07-23,30.0,0.8,NMC,Fixed Term,Active,DD279552,2027-05-15,QB788635,2028-03-14,2027-05-12,2023-07-02
EMP0387,Alice,Fletcher,ghenderson@example.org,2004-12-07,(0306)9990744,"70 Myers Rapid
Brucefurt
TQ30 4QX",Male,Horizon Integrated Health Partnership NHS Trust,Black,Trinidad and Tobago,Dependent,Nursing,Ward Manager,Corporate Services,8A,57370,2023-01-30,2023-03-06,18.75,0.5,NMC,Permanent,On Leave,OQ706520,2030-04-03,YO658877,2027-11-11,2026-12-19,2023-02-20
EMP0388,Fiona,Mills,stevensamber@example.org,1962-02-15,01174960134,"Flat 47w
James Rapid
New Emilyhaven
PR1 8HW",Female,Westmere Community Health NHS Trust,Mixed,Japan,ILR,Nursing,Healthcare Assistant,Critical Care & Anaesthesia,2,26976,2019-10-12,2019-11-09,18.75,0.5,NMC,Bank,Inactive,UM343862,2027-08-11,VS087380,2031-05-01,2027-01-22,2019-11-02
EMP0389,Catherine,Lewis,scottcatherine@example.org,1975-04-23,+44(0)1184960630,"37 Peter Ridges
Port Abigailfurt
NW2 0EJ",Male,Midlands Central Hospitals NHS Trust,Black,Barbados,Skilled Worker,Admin,Administrator,Corporate Services,3,31467,2022-03-01,2022-04-12,20.0,0.53,None,Permanent,Inactive,EH579136,2029-12-24,EB686349,2030-09-24,2027-04-14,2022-03-22
EMP0390,Clifford,Thompson,smithemma@example.net,1989-04-17,+44114 4960949,"3 Webb Well
North Cherylmouth
N9J 4EU",Male,Northwood Mental Health NHS Trust,Black,Ghana,British Citizen,Nursing,Healthcare Assistant,Surgery & Cancer,2,24914,2025-04-03,2025-05-08,18.75,0.5,NMC,Permanent,Suspended,VS929701,2030-05-29,OB669158,2029-10-21,2027-01-27,2025-04-24
EMP0391,Geraldine,Cross,woodjoel@example.com,1968-08-02,(028)9018723,"1 Olivia Course
Powellstad
YO1 2RU",Male,Westborough Acute Care NHS Trust,Mixed,Japan,British Citizen,Nursing,Senior Staff Nurse,Critical Care & Anaesthesia,6,45760,2021-07-21,2021-08-25,20.0,0.53,None,Fixed Term,Active,MV402022,2028-07-18,YE458703,2029-09-05,2027-04-15,2021-08-11
EMP0392,Charlotte,Reynolds,nicholsonluke@example.net,1964-02-27,(0151)4960181,"545 Ward River
East Angela
WC67 6XY",Female,Oakridge Community Services NHS Trust,Asian,Thailand,Dependent,AHP,Occupational Therapist,Corporate Services,6,45800,2026-06-05,2026-07-10,30.0,0.8,HCPC,Permanent,On Leave,ZW982880,2027-12-01,YQ000359,2029-09-13,2027-06-18,2026-06-26
EMP0393,Emma,Price,edwardshoward@example.com,1982-05-07,(0306) 999 0987,"Studio 89S
Taylor Ways
North Matthew
BL1 5LW",Female,Westborough Acute Care NHS Trust,Mixed,South Africa,British Citizen,Medical,FY1/FY2,Medicine & Acute Care,FY1,37364,2025-06-11,2025-07-23,30.0,0.8,None,Permanent,Inactive,VA479580,2031-05-13,OT640138,2027-03-01,2026-10-25,2025-07-02
EMP0394,Lee,McDonald,gmarshall@example.com,1986-09-25,+44(0)1314960038,"68 Clark Road
Lake Frankville
W2 7SP",Female,Broadfield Clinical Services NHS Trust,White,Australia,British Citizen,AHP,Occupational Therapist,Clinical Support Services,6,50375,2024-03-22,2024-04-26,20.0,0.53,GMC,Bank,Inactive,FM709700,2027-05-18,GG799304,2028-01-27,2027-06-28,2024-04-12
EMP0395,Chelsea,West,irobinson@example.net,1980-04-24,+443069990896,"Studio 3
Mohamed Passage
Wardfort
NR0 6PG",Female,Meadowbrook Community Health NHS Trust,Black,Nigeria,Dependent,Nursing,Healthcare Assistant,Emergency & Urgent Care,2,24897,2026-07-29,2026-09-02,30.0,0.8,HCPC,Permanent,Suspended,CC917045,2027-07-26,XQ270350,2028-12-05,2027-05-18,2026-08-19
EMP0396,Kerry,Johnson,mmiddleton@example.org,1960-12-16,+44(0)131 496 0477,"74 Roberts Overpass
Sylviafort
ML98 1XA",Female,Southgate Community & Mental Health NHS Trust,Mixed,Australia,British Citizen,Nursing,Staff Nurse,Critical Care & Anaesthesia,5,44574,2017-11-20,2017-12-25,18.75,0.5,HCPC,Fixed Term,Active,LP167326,2031-04-15,VR048527,2028-01-27,2027-02-22,2017-12-11
EMP0397,Iain,Power,droberts@example.org,1964-03-15,(029)2018088,"Studio 95
Lydia Rapid
Chloeside
W80 0ES",Female,Westmere Community Health NHS Trust,Mixed,India,Dependent,Nursing,Staff Nurse,Corporate Services,5,43587,2024-07-01,2024-08-05,20.0,0.53,HCPC,Bank,Inactive,SB327946,2031-04-17,SH489328,2027-04-02,2027-01-30,2024-07-22
EMP0398,Wayne,Reeves,barnesmichelle@example.net,1965-11-30,(0161) 496 0830,"9 Victoria Camp
South Fiona
IP3 6ZP",Female,Meadowbrook Community Health NHS Trust,Mixed,South Africa,Skilled Worker,Nursing,Staff Nurse,Women & Children,5,39078,2022-10-18,2022-11-22,37.5,1.0,NMC,Bank,On Leave,JL067045,2030-08-30,EY991882,2028-09-16,2027-01-12,2022-11-08
EMP0399,Amy,Oliver,cartermax@example.com,1990-01-17,(0115) 4960226,"65 Sutton Path
New Henryshire
E8 9SP",Male,Westborough Acute Care NHS Trust,Black,Trinidad and Tobago,British Citizen,AHP,Occupational Therapist,Corporate Services,6,52521,2025-11-05,2025-12-17,37.5,1.0,NMC,Permanent,Suspended,QI163716,2029-12-20,FN746721,2028-11-04,2027-03-11,2025-11-26
EMP0400,Kelly,Moss,xcollins@example.net,2003-03-04,(0191) 496 0366,"4 Pearson Viaduct
New Henry
DH5V 5AA",Male,Northwood Mental Health NHS Trust,Black,Ghana,Skilled Worker,AHP,Pharmacist,Corporate Services,5,40527,2022-04-25,2022-05-23,15.0,0.4,None,Fixed Term,Inactive,MR029931,2026-10-03,KF328813,2031-06-21,2026-10-29,2022-05-16
EMP0401,Yvonne,Butler,cgray@example.org,2003-07-11,+44141 496 0398,"7 Roy Port
Andersonville
LU5 9YY",Female,Southvale Hospitals NHS Trust,White,United Kingdom,Skilled Worker,Admin,Receptionist,Corporate Services,3,30904,2022-03-17,2022-04-21,20.0,0.53,GMC,Bank,Suspended,MG155348,2030-09-01,HM885443,2029-08-23,2027-08-22,2022-04-07
EMP0402,Leanne,Chapman,leah86@example.com,1966-07-09,+44(0)20 74960111,"Flat 0
Eleanor Gardens
Richardsonmouth
HR49 4AR",Male,Horizon Integrated Health Partnership NHS Trust,Mixed,Thailand,Dependent,Medical,FY1/FY2,Corporate Services,FY1,41770,2023-11-18,2023-12-23,37.5,1.0,HCPC,Permanent,Active,ZR364010,2031-04-15,ZW877939,2030-03-03,2026-10-02,2023-12-09
EMP0403,Colin,Walker,ritagill@example.net,2001-11-09,0141 496 0065,"341 Diane Row
Alisonfort
B3T 7NF",Female,Valleyview Mental Wellness NHS Trust,White,Australia,Skilled Worker,Medical,Consultant,Women & Children,CONS,96642,2020-12-01,2020-12-29,20.0,0.53,HCPC,Permanent,Suspended,EY785276,2030-09-18,XB608588,2031-07-19,2027-06-11,2020-12-22
EMP0404,Marc,Singh,blakeglen@example.org,2006-08-06,+44161 496 0134,"766 Myers Trail
Oliverview
LA43 1YN",Female,Midlands Central Hospitals NHS Trust,Mixed,Thailand,British Citizen,Medical,FY1/FY2,Clinical Support Services,FY1,37971,2021-10-16,2021-11-13,15.0,0.4,NMC,Bank,On Leave,FR507194,2027-07-24,CV907648,2028-12-06,2026-09-24,2021-11-06
EMP0405,Jennifer,Ward,westjonathan@example.net,1977-03-09,+44(0)118 4960027,"708 Jeffrey Ways
Port Caroline
M3B 3WS",Male,Oakridge Community Services NHS Trust,White,Australia,Dependent,Nursing,Charge Nurse,Clinical Support Services,7,64472,2022-03-08,2022-04-05,18.75,0.5,GMC,Permanent,Suspended,MN745053,2030-05-16,OR155676,2027-02-25,2026-11-19,2022-03-29
EMP0406,Chelsea,Wallis,oedwards@example.org,2008-05-23,01914960231,"210 Yvonne Ridge
Port Fiona
CO33 2JX",Female,Westborough Acute Care NHS Trust,Asian,Japan,ILR,Nursing,Senior Staff Nurse,Medicine & Acute Care,6,44453,2023-10-20,2023-11-17,20.0,0.53,HCPC,Bank,Active,LR343464,2028-11-28,UQ101763,2027-10-10,2027-02-25,2023-11-10
EMP0407,Sandra,Patel,karl88@example.org,2004-12-11,0118 4960344,"3 Hilary Ridges
Port Jeffreystad
HX41 1ET",Male,Eastfield Psychological Services NHS Trust,Black,Ghana,ILR,AHP,Occupational Therapist,Corporate Services,6,51978,2018-05-10,2018-06-07,15.0,0.4,GMC,Fixed Term,On Leave,FX610185,2028-01-17,OA669236,2026-10-19,2027-01-19,2018-05-31
EMP0408,Lorraine,Williams,williamsedward@example.org,1968-12-13,+44141 4960083,"6 Rose Branch
Clarkeborough
N12 4ED",Female,Northwood Mental Health NHS Trust,Asian,Thailand,ILR,Nursing,Ward Manager,Medicine & Acute Care,8A,65501,2026-01-19,2026-03-02,30.0,0.8,HCPC,Permanent,On Leave,WX024202,2027-07-03,LU490026,2027-06-27,2027-05-17,2026-02-09
EMP0409,Victor,Doyle,mauricerobinson@example.com,1987-04-24,+44(0)3069990515,"777 Sally Flats
Martinchester
CV40 6GJ",Female,Valleyview Mental Wellness NHS Trust,Black,South Africa,Dependent,AHP,Occupational Therapist,Clinical Support Services,6,44467,2018-08-05,2018-09-02,15.0,0.4,GMC,Permanent,Suspended,CV798792,2031-02-27,CT603907,2031-09-09,2026-11-16,2018-08-26
EMP0410,Brandon,Martin,njohnson@example.org,2003-03-04,+44(0)28 9018 0023,"Flat 04M
Lloyd Land
Flynnside
S9 5SG",Male,Oakridge Community Services NHS Trust,Black,Nigeria,Dependent,Nursing,Charge Nurse,Critical Care & Anaesthesia,7,60711,2019-04-11,2019-05-16,15.0,0.4,GMC,Permanent,Inactive,PE470028,2029-10-19,EZ862959,2030-03-08,2026-10-15,2019-05-02
EMP0411,Deborah,Baxter,morgantracy@example.org,2004-01-05,01632960119,"Studio 07P
Fry Motorway
Port Oliverborough
W8J 5GT",Male,Oakridge Community Services NHS Trust,Asian,Japan,Skilled Worker,Nursing,Ward Manager,Women & Children,8A,62079,2025-05-01,2025-06-05,30.0,0.8,NMC,Bank,Active,QU289429,2029-12-08,BQ132059,2029-06-11,2027-05-12,2025-05-22
EMP0412,Joanne,Pearce,brandon25@example.com,1990-06-01,+44(0)121 496 0223,"57 Green Loop
South Lauraberg
L5 7JR",Male,Westmere Community Health NHS Trust,Mixed,Japan,Skilled Worker,AHP,Pharmacist,Surgery & Cancer,5,44457,2024-03-26,2024-04-23,30.0,0.8,NMC,Fixed Term,Active,XI306401,2026-12-14,JB930117,2029-11-04,2026-11-04,2024-04-16
EMP0413,Maureen,Hill,uallen@example.net,1964-12-18,+44289018183,"7 Max Landing
Toddtown
L6 4RY",Female,Riverbank General Hospitals NHS Trust,Black,Ghana,British Citizen,AHP,Speech Therapist,Clinical Support Services,6,52928,2016-12-10,2017-01-14,18.75,0.5,GMC,Bank,Suspended,AD657493,2030-05-12,LY888080,2030-01-02,2026-12-13,2016-12-31
EMP0414,William,Jones,lberry@example.net,1971-01-14,(0121) 496 0689,"731 Scott Fall
South Shannonland
N6 0UG",Male,Westborough Acute Care NHS Trust,Black,Jamaica,ILR,AHP,Speech Therapist,Critical Care & Anaesthesia,6,53515,2020-05-24,2020-07-05,20.0,0.53,HCPC,Bank,Suspended,MH086887,2031-04-30,UF727514,2027-02-15,2027-08-10,2020-06-14
EMP0415,Joanne,Freeman,jordan45@example.com,2007-06-21,+44151 4960604,"13 Marilyn Green
Mathewfort
EX8 1UR",Female,Eastfield Psychological Services NHS Trust,Asian,Japan,ILR,Nursing,Staff Nurse,Clinical Support Services,5,37500,2020-08-02,2020-09-06,18.75,0.5,HCPC,Fixed Term,Inactive,TE052732,2027-11-14,CL178624,2028-07-04,2027-01-12,2020-08-23
EMP0416,Brenda,Stokes,joanstokes@example.org,1971-06-30,0161 496 0814,"145 Jeremy View
Ianview
HD29 8DS",Male,Bluewater Community & Rehabilitation NHS Trust,Mixed,Thailand,Skilled Worker,Medical,FY1/FY2,Medicine & Acute Care,FY1,38884,2023-02-09,2023-03-23,20.0,0.53,NMC,Permanent,Suspended,RC411169,2027-01-19,TS226200,2031-04-27,2027-08-13,2023-03-02
EMP0417,Jade,Reynolds,rhyssims@example.com,1987-03-01,(0117) 4960608,"44 Eric Isle
North Kirsty
CO09 2PT",Male,Southgate Community & Mental Health NHS Trust,Black,Jamaica,Skilled Worker,Nursing,Senior Staff Nurse,Corporate Services,6,47074,2024-08-11,2024-09-08,37.5,1.0,None,Permanent,Inactive,RH988445,2031-07-05,HZ118877,2029-06-05,2027-08-19,2024-09-01
EMP0418,Simon,Davies,dawn11@example.org,1979-08-22,+44(0)113 496 0587,"Flat 16
Pugh Courts
New Mary
CM7N 3RY",Female,Northwood Mental Health NHS Trust,Asian,Japan,Skilled Worker,Medical,GP,Emergency & Urgent Care,GP,117433,2020-10-10,2020-11-21,37.5,1.0,None,Fixed Term,Inactive,OG863947,2028-02-22,ZV128432,2028-08-03,2027-01-07,2020-10-31
EMP0419,Roger,Walker,archerkatherine@example.com,1995-09-13,0131 496 0883,"Flat 47
Elliot Ridges
West Hazelberg
L0W 2BG",Male,Eastmoor Teaching Hospitals NHS Trust,White,Canada,ILR,Nursing,Nursery Nurse,Clinical Support Services,2,26913,2026-04-10,2026-05-15,37.5,1.0,NMC,Permanent,On Leave,EA238878,2029-06-25,NH076531,2029-03-04,2027-03-02,2026-05-01
EMP0420,Lesley,Stokes,dohertyrosie@example.net,1973-03-11,+44292018549,"5 Cox Points
Hopeville
B19 0ER",Female,Westborough Acute Care NHS Trust,Asian,China,Dependent,Admin,Data Analyst,Medicine & Acute Care,8A,56617,2022-10-19,2022-11-30,30.0,0.8,GMC,Bank,Active,KU596642,2030-08-23,XS708338,2031-07-17,2027-03-19,2022-11-09
EMP0421,Benjamin,Pearson,janet28@example.net,1962-11-01,+44(0)1214960934,"Studio 9
Callum Squares
South Denisemouth
E2U 5WJ",Female,Eastfield Psychological Services NHS Trust,Black,Kenya,Skilled Worker,AHP,Speech Therapist,Surgery & Cancer,6,54367,2023-07-17,2023-08-21,37.5,1.0,HCPC,Permanent,Inactive,GX471992,2027-01-14,DD760388,2028-04-07,2027-01-13,2023-08-07
EMP0422,Ben,Akhtar,wmanning@example.com,1979-08-02,+44113 496 0467,"786 Shirley Knoll
East Garry
PO05 6GE",Female,Oakridge Community Services NHS Trust,Mixed,Thailand,British Citizen,Admin,Administrator,Corporate Services,3,31080,2022-08-10,2022-09-07,30.0,0.8,GMC,Permanent,On Leave,YN665816,2028-09-19,NS432165,2028-03-30,2027-08-01,2022-08-31
EMP0423,Stewart,Moore,shaneporter@example.com,1990-06-01,+44(0)121 496 0528,"0 Kate Curve
Lake Garry
WN4X 4PP",Male,Westmere Community Health NHS Trust,Asian,China,Skilled Worker,AHP,Speech Therapist,Medicine & Acute Care,6,50248,2018-12-23,2019-01-20,18.75,0.5,HCPC,Fixed Term,Active,UK793771,2030-09-24,MZ062467,2030-08-04,2027-07-04,2019-01-13
EMP0424,Sally,Walker,robertward@example.org,1998-10-20,0292018565,"Flat 5
Raymond Valleys
Port Peterview
IV3 5ZZ",Female,Riverbank General Hospitals NHS Trust,White,Australia,ILR,Nursing,Staff Nurse,Medicine & Acute Care,5,43445,2021-10-21,2021-11-18,15.0,0.4,HCPC,Fixed Term,Active,OU112830,2031-07-14,EU155897,2027-02-11,2026-11-12,2021-11-11
EMP0425,Stuart,Harrison,rdale@example.com,2005-05-12,+441174960773,"Studio 16m
Marie Hills
North Rosschester
L2 0PS",Male,Oakridge Community Services NHS Trust,Black,Barbados,British Citizen,Medical,GP,Women & Children,GP,111993,2017-09-18,2017-10-30,30.0,0.8,None,Permanent,Active,QP975815,2027-09-01,EA419692,2028-02-08,2027-08-22,2017-10-09
EMP0426,Stephanie,Brown,frances01@example.org,2000-05-02,01184960762,"187 Albert Port
Hicksmouth
BD1 4SF",Male,Horizon Integrated Health Partnership NHS Trust,Mixed,New Zealand,ILR,Medical,SHO,Corporate Services,SHO,59225,2023-08-27,2023-10-01,15.0,0.4,None,Permanent,Suspended,ZH758133,2031-04-24,TM468921,2029-12-13,2027-06-01,2023-09-17
EMP0427,Glen,Taylor,aaronmccarthy@example.net,1963-04-13,(0115)4960867,"Flat 6
Lawson Ports
East Jay
G62 1TG",Female,Northshire University Hospitals NHS Trust,Mixed,Australia,Skilled Worker,Nursing,Ward Manager,Critical Care & Anaesthesia,8A,60574,2018-05-29,2018-06-26,15.0,0.4,GMC,Bank,Inactive,QX958567,2031-08-12,CL003579,2027-10-13,2026-10-24,2018-06-19
EMP0428,Trevor,Miller,lsmith@example.net,2003-04-22,028 9018 0378,"Flat 12
Lisa Mount
Brayland
BH3B 4LX",Male,Riverbank General Hospitals NHS Trust,Asian,Japan,ILR,AHP,Occupational Therapist,Clinical Support Services,6,48184,2026-02-02,2026-03-16,20.0,0.53,None,Permanent,On Leave,QX947122,2027-04-02,EO999452,2026-09-15,2027-07-02,2026-02-23
EMP0429,Christopher,Marsden,sylviamoss@example.net,1975-12-09,+44(0)118 4960809,"903 Sara Spring
Stephenburgh
AB7 2BJ",Female,Riverside Integrated Care NHS Trust,White,New Zealand,ILR,Admin,Receptionist,Women & Children,3,30057,2024-08-06,2024-09-03,20.0,0.53,NMC,Bank,On Leave,KP414526,2029-09-23,IN079818,2029-06-06,2026-09-14,2024-08-27
EMP0430,Megan,Walsh,rebeccahutchinson@example.org,1966-10-31,+44808 157 0922,"Flat 99L
Glenn Unions
West Amandaville
LD4P 2EN",Male,Westborough Acute Care NHS Trust,White,New Zealand,Dependent,Admin,Data Analyst,Critical Care & Anaesthesia,8A,60284,2024-06-12,2024-07-17,30.0,0.8,GMC,Fixed Term,Suspended,LY837080,2030-10-25,KT869768,2031-07-22,2027-01-27,2024-07-03
EMP0431,Leslie,Wilson,trevor28@example.com,1971-11-19,(0151) 4960202,"4 Chelsea Street
Griffithsbury
CA99 0FQ",Male,Westborough Acute Care NHS Trust,Black,Ghana,ILR,Medical,Registrar,Medicine & Acute Care,SPR,79522,2026-05-25,2026-06-29,15.0,0.4,HCPC,Permanent,Suspended,FC396320,2028-08-05,TO689201,2028-05-21,2027-07-08,2026-06-15
EMP0432,Anthony,Brown,ctaylor@example.org,1986-09-08,(0118)4960002,"Studio 96
Wells Points
Smithburgh
NW2N 4LB",Male,Bluewater Community & Rehabilitation NHS Trust,White,Canada,ILR,Medical,FY1/FY2,Emergency & Urgent Care,FY1,40043,2019-10-02,2019-11-06,18.75,0.5,GMC,Permanent,Suspended,XJ878825,2031-08-31,TR273349,2027-07-29,2027-09-02,2019-10-23
EMP0433,Leah,Hughes,scampbell@example.net,1979-04-17,+44(0)116 4960637,"Flat 46F
Gardner Dale
North Julian
BB7 5TR",Male,Eastmoor Teaching Hospitals NHS Trust,Asian,China,Dependent,AHP,Radiographer,Emergency & Urgent Care,6,45698,2024-02-27,2024-03-26,37.5,1.0,None,Fixed Term,Active,EY302000,2028-10-27,XY759410,2030-09-20,2026-09-28,2024-03-19
EMP0434,Diane,Cook,watsonalice@example.org,1976-01-24,01632960910,"Flat 81
Shannon Meadow
Daviesberg
SL8 5UY",Female,Lakeside District Hospitals NHS Trust,Mixed,Ghana,British Citizen,AHP,Physiologist,Critical Care & Anaesthesia,6,45060,2025-06-15,2025-07-13,20.0,0.53,HCPC,Bank,Suspended,ZU288682,2028-01-17,GJ753725,2029-12-09,2026-11-28,2025-07-06
EMP0435,Stephanie,Roberts,rhall@example.org,2003-03-15,+443069990602,"Studio 2
Smith Squares
Kinghaven
S9 7AB",Male,Broadfield Clinical Services NHS Trust,Mixed,Japan,ILR,AHP,Occupational Therapist,Women & Children,6,48320,2025-05-19,2025-06-16,37.5,1.0,None,Fixed Term,On Leave,HN378596,2027-11-18,JY111114,2026-11-29,2027-04-18,2025-06-09
EMP0436,Max,Evans,steven70@example.com,1993-12-04,+44151 496 0556,"Studio 07
Rowe Crossroad
South Suzanne
DL2 6FH",Female,Eastmoor Teaching Hospitals NHS Trust,White,New Zealand,British Citizen,AHP,Physiologist,Emergency & Urgent Care,6,49988,2018-09-21,2018-10-26,30.0,0.8,GMC,Permanent,On Leave,QH837398,2030-06-09,PG789292,2030-10-11,2027-07-31,2018-10-12
EMP0437,Stephen,Clarke,morgangary@example.org,1963-06-03,(0117) 496 0277,"Flat 31
Walton Points
Robertsview
IG7X 2SQ",Male,Greenhaven Acute & Specialist Care NHS Trust,Mixed,Australia,British Citizen,Admin,Receptionist,Surgery & Cancer,3,30961,2024-04-04,2024-05-09,18.75,0.5,GMC,Permanent,Active,AK790877,2031-07-19,YK018096,2027-06-16,2027-03-02,2024-04-25
EMP0438,Colin,Mills,diane25@example.net,2002-04-18,01154960870,"Flat 55e
Ellis Rue
South Julianshire
SK5 0YJ",Female,Riverbank General Hospitals NHS Trust,Mixed,Barbados,Skilled Worker,Admin,Medical Secretary,Women & Children,4,36864,2025-03-01,2025-04-05,18.75,0.5,HCPC,Permanent,On Leave,RB101934,2028-05-11,JL574071,2029-09-15,2027-01-10,2025-03-22
EMP0439,Gillian,Mason,helen73@example.com,1978-09-08,01632 960279,"16 Jones Creek
Lake Damienside
B42 5NE",Male,Valleyview Mental Wellness NHS Trust,Black,Barbados,Skilled Worker,Medical,SHO,Corporate Services,SHO,49146,2023-04-14,2023-05-12,18.75,0.5,HCPC,Permanent,On Leave,ZH180347,2027-08-30,KJ684184,2027-07-03,2027-08-08,2023-05-05
EMP0440,Jamie,Walker,doneill@example.com,1962-08-05,0121 496 0484,"Flat 18
Murray Summit
New Jill
GL20 8LA",Female,Northshire University Hospitals NHS Trust,Mixed,Ghana,ILR,Nursing,Healthcare Assistant,Critical Care & Anaesthesia,2,26180,2017-01-17,2017-02-21,15.0,0.4,NMC,Permanent,Suspended,TL227511,2027-08-24,UI494727,2029-08-09,2027-01-02,2017-02-07
EMP0441,Melanie,Browne,mohamediqbal@example.net,1977-04-09,(0909) 879 0510,"281 Stevens Viaduct
Edwardtown
DD54 0GG",Female,Midlands Central Hospitals NHS Trust,Mixed,Nigeria,Skilled Worker,Nursing,Nursery Nurse,Emergency & Urgent Care,2,27240,2017-09-24,2017-11-05,18.75,0.5,GMC,Bank,Active,FU293419,2027-04-11,QE254498,2029-05-12,2026-09-27,2017-10-15
EMP0442,Jacob,Cross,iparker@example.net,2006-03-27,+44(0)113 496 0797,"82 Watkins Glen
West Emilyland
M8G 8BX",Male,Westborough Acute Care NHS Trust,Asian,Thailand,British Citizen,Admin,Medical Secretary,Surgery & Cancer,4,33286,2021-11-20,2021-12-25,20.0,0.53,None,Bank,Inactive,XX689638,2028-07-08,UQ315550,2029-05-28,2027-04-21,2021-12-11
EMP0443,Kerry,Chapman,julie73@example.org,1994-09-20,+4428 9018 0004,"778 Connor Prairie
Port Scott
IV53 0TN",Male,Westborough Acute Care NHS Trust,White,Australia,Skilled Worker,Nursing,Staff Nurse,Corporate Services,5,38841,2020-05-13,2020-06-10,20.0,0.53,HCPC,Fixed Term,Suspended,KU473203,2030-10-18,ZC755618,2028-04-05,2027-08-04,2020-06-03
EMP0444,Shannon,Day,deniseknowles@example.com,1991-04-17,+44(0)1914960094,"663 Kirsty Roads
Patelbury
MK9 0RU",Female,Westmere Community Health NHS Trust,Black,Jamaica,Skilled Worker,Admin,Receptionist,Critical Care & Anaesthesia,3,28872,2025-12-01,2026-01-05,30.0,0.8,GMC,Bank,Inactive,ZN802231,2029-06-24,BE521716,2028-04-06,2027-08-06,2025-12-22
EMP0445,Janet,Newman,james72@example.org,1973-06-11,+44(0)1144960313,"Studio 0
Matthew Inlet
New Paulberg
W9C 8TB",Female,Northwood Mental Health NHS Trust,Mixed,Canada,British Citizen,Admin,Medical Secretary,Medicine & Acute Care,4,36711,2018-01-01,2018-02-05,30.0,0.8,None,Bank,Suspended,OZ929258,2027-04-01,FI618669,2028-06-27,2027-02-01,2018-01-22
EMP0446,Rhys,Taylor,warddonna@example.com,1968-06-08,(0117) 496 0602,"272 Caroline Cove
Burgessfort
M3T 5EE",Female,Westborough Acute Care NHS Trust,Mixed,United States,Dependent,Admin,Data Analyst,Surgery & Cancer,8A,66114,2017-01-26,2017-02-23,20.0,0.53,None,Fixed Term,Suspended,HT849739,2029-04-04,II607562,2030-05-02,2027-02-08,2017-02-16
EMP0447,Zoe,Parker,donnabuckley@example.org,1963-04-29,(0116)4960356,"Flat 86
Howarth Mills
Lake Lee
IG1W 3GH",Male,Southgate Community & Mental Health NHS Trust,Black,Barbados,ILR,AHP,Physiologist,Emergency & Urgent Care,6,48868,2022-06-02,2022-07-07,30.0,0.8,NMC,Bank,Inactive,UX806002,2028-07-30,AS838119,2030-12-03,2027-03-10,2022-06-23
EMP0448,Gail,Oliver,ojackson@example.org,1977-07-16,+44(0)1134960141,"Studio 49y
Jonathan View
Garrymouth
LE67 4JX",Male,Oakridge Community Services NHS Trust,White,United Kingdom,ILR,AHP,Physiologist,Critical Care & Anaesthesia,6,45230,2024-03-09,2024-04-13,37.5,1.0,None,Bank,On Leave,SH713571,2030-11-15,IC320213,2029-11-02,2027-07-02,2024-03-30
EMP0449,Ronald,Smith,ttaylor@example.org,1965-06-10,0115 496 0925,"4 Smith Dale
Vincenttown
L3J 5BW",Male,Oakridge Community Services NHS Trust,Black,Nigeria,Dependent,Medical,FY1/FY2,Clinical Support Services,FY1,40721,2024-01-29,2024-02-26,18.75,0.5,NMC,Permanent,Inactive,OF224683,2027-10-24,SD067672,2029-01-19,2026-10-11,2024-02-19
EMP0450,Christopher,Gould,heathergardiner@example.org,1963-03-08,(0808) 157 0280,"5 Tucker Road
Port Geraldhaven
BA9E 1GX",Female,Northshire University Hospitals NHS Trust,Black,Kenya,Dependent,AHP,Physiologist,Clinical Support Services,6,53457,2020-05-05,2020-06-16,18.75,0.5,None,Permanent,Suspended,OI812134,2026-09-22,WG747128,2026-11-07,2026-11-27,2020-05-26
EMP0451,Carole,Howard,dlewis@example.net,2006-01-22,+44(0)2074960558,"Flat 61W
Stanley Creek
East Donaldshire
WC9A 1RL",Female,Westborough Acute Care NHS Trust,Mixed,Thailand,Dependent,Nursing,Healthcare Assistant,Emergency & Urgent Care,2,27876,2017-10-26,2017-12-07,18.75,0.5,HCPC,Permanent,Inactive,AJ810334,2028-10-08,VQ035301,2029-08-04,2027-03-18,2017-11-16
EMP0452,Deborah,Patel,pmorris@example.org,1974-11-28,029 2018 0206,"Studio 98
Rahman Via
Donnaberg
NN5 2LT",Male,Broadfield Clinical Services NHS Trust,Asian,China,British Citizen,Nursing,Ward Manager,Medicine & Acute Care,8A,68524,2020-08-13,2020-09-10,37.5,1.0,None,Bank,Active,KJ607221,2027-12-01,JC086623,2029-11-17,2027-05-03,2020-09-03
EMP0453,Andrea,Carter,paynemohammad@example.com,2006-10-15,+44(0)29 2018649,"104 Dennis Union
Nashmouth
S7 5EU",Male,Northwood Mental Health NHS Trust,Mixed,Japan,British Citizen,Admin,Data Analyst,Corporate Services,8A,59145,2018-05-10,2018-06-14,37.5,1.0,HCPC,Fixed Term,Suspended,HM470063,2026-12-22,SL045542,2029-08-27,2027-01-31,2018-05-31
EMP0454,Gordon,Ross,lynne88@example.org,1998-08-10,(0115) 4960668,"Studio 33
Griffiths Rapids
Turnerport
SN8 7TW",Female,Eastfield Psychological Services NHS Trust,Mixed,Jamaica,ILR,Medical,SHO,Clinical Support Services,SHO,46262,2025-08-17,2025-09-14,18.75,0.5,NMC,Permanent,On Leave,IJ867555,2029-03-24,YD815002,2029-12-13,2027-03-09,2025-09-07
EMP0455,Terence,Foster,carrjayne@example.com,1990-07-16,(0909) 8790564,"09 Leonard Oval
Eleanorport
SY4B 1NQ",Female,Oakridge Community Services NHS Trust,White,New Zealand,ILR,AHP,Radiographer,Critical Care & Anaesthesia,6,52304,2024-11-07,2024-12-12,30.0,0.8,NMC,Bank,On Leave,RA519007,2030-02-10,UR236409,2028-11-11,2027-07-20,2024-11-28
EMP0456,Stephen,Glover,ellismarion@example.net,1980-04-02,0292018494,"Studio 87p
Lloyd Tunnel
South Conorview
CF6H 8SN",Male,Northwood Mental Health NHS Trust,Black,Kenya,British Citizen,Medical,SHO,Surgery & Cancer,SHO,49321,2024-08-06,2024-09-03,37.5,1.0,GMC,Fixed Term,On Leave,DG815219,2030-04-12,ED828755,2028-07-22,2027-09-02,2024-08-27
EMP0457,Charlie,Gordon,debra56@example.net,1986-06-25,(0808)1570606,"Flat 74n
Webb Branch
Kirstyburgh
ML5X 2DW",Female,Bluewater Community & Rehabilitation NHS Trust,Black,Nigeria,British Citizen,Medical,GP,Clinical Support Services,GP,91347,2020-01-14,2020-02-11,15.0,0.4,GMC,Fixed Term,On Leave,PE162878,2031-03-27,OP577223,2027-11-03,2026-11-18,2020-02-04
EMP0458,Jamie,Taylor,owen15@example.com,1987-06-24,0306 9990336,"2 Wayne Groves
Jasmineport
M04 1NZ",Male,Greenhaven Acute & Specialist Care NHS Trust,Asian,Japan,Dependent,Nursing,Ward Manager,Medicine & Acute Care,8A,62996,2024-05-01,2024-05-29,18.75,0.5,HCPC,Bank,Active,LG299188,2030-01-27,ET263685,2030-05-26,2026-11-17,2024-05-22
EMP0459,Gary,Wall,juliawilson@example.org,1994-04-24,+44(0)121 4960566,"2 Ford Brook
Debramouth
S39 4QB",Male,Valleyview Mental Wellness NHS Trust,Mixed,United Kingdom,ILR,Admin,Medical Secretary,Medicine & Acute Care,4,33991,2021-02-12,2021-03-12,15.0,0.4,NMC,Bank,Active,QQ272759,2031-04-07,DO183146,2031-02-09,2027-07-08,2021-03-05
EMP0460,Jay,Cook,dfinch@example.org,1993-05-01,0117 496 0709,"293 Porter Path
Elliottport
L4J 5BJ",Male,Eastmoor Teaching Hospitals NHS Trust,Mixed,Canada,Skilled Worker,Nursing,Senior Staff Nurse,Women & Children,6,48568,2020-06-17,2020-07-15,37.5,1.0,HCPC,Fixed Term,On Leave,UL269104,2027-02-12,QD559645,2031-08-24,2027-08-24,2020-07-08
EMP0461,Liam,Clark,denisoliver@example.com,1988-10-05,01414960454,"8 Harriet Meadow
Smartport
L9 6SF",Female,Greenhaven Acute & Specialist Care NHS Trust,Mixed,China,British Citizen,Nursing,Nursery Nurse,Emergency & Urgent Care,2,26614,2023-09-02,2023-10-07,37.5,1.0,HCPC,Bank,Inactive,KC621529,2029-05-18,ZF992547,2030-02-01,2027-08-06,2023-09-23
EMP0462,Georgina,Robinson,phillipfuller@example.org,1995-10-20,(0141) 496 0091,"Flat 48g
Smith Mountain
Lake Gordonview
E9W 5PG",Female,Westborough Acute Care NHS Trust,Black,Jamaica,Skilled Worker,Medical,SHO,Medicine & Acute Care,SHO,46510,2019-10-29,2019-12-03,30.0,0.8,NMC,Permanent,Inactive,CV427829,2027-10-14,FO089127,2027-11-06,2027-03-19,2019-11-19
EMP0463,Joe,Morris,ecarey@example.net,1963-03-03,+441154960023,"80 Scott Summit
New Annette
L4B 6LF",Male,Midlands Central Hospitals NHS Trust,White,United Kingdom,Dependent,Admin,Data Analyst,Emergency & Urgent Care,8A,59573,2026-05-30,2026-07-11,18.75,0.5,GMC,Fixed Term,Suspended,LL998017,2028-06-21,WA580451,2028-01-16,2027-05-19,2026-06-20
EMP0464,Rachael,Reeves,kyleduffy@example.com,1985-08-08,(0141) 4960162,"6 Williams Haven
Deniseton
BH1 7HJ",Female,Bluewater Community & Rehabilitation NHS Trust,White,United Kingdom,British Citizen,AHP,Occupational Therapist,Surgery & Cancer,6,49366,2022-11-02,2022-12-07,30.0,0.8,NMC,Permanent,On Leave,BF703293,2030-10-19,HM131084,2028-09-16,2027-03-31,2022-11-23
EMP0465,Valerie,Jones,victorcampbell@example.net,1981-02-11,(029) 2018 0800,"98 Cook Cliff
Stephensport
L84 3ZL",Female,Westmere Community Health NHS Trust,Asian,China,British Citizen,Nursing,Ward Manager,Corporate Services,8A,60301,2025-10-17,2025-11-21,30.0,0.8,NMC,Bank,Suspended,HF680306,2027-06-09,RV658518,2031-04-08,2026-10-05,2025-11-07
EMP0466,Sally,Singh,gavingreen@example.net,1995-03-01,+441314960821,"9 Rachel Course
Mitchellstad
E57 4BP",Female,Valleyview Mental Wellness NHS Trust,Asian,China,Skilled Worker,Admin,Receptionist,Clinical Support Services,3,30298,2017-02-20,2017-04-03,20.0,0.53,NMC,Permanent,Active,LT647746,2031-06-07,GE671496,2029-05-15,2027-02-03,2017-03-13
EMP0467,Chloe,Stewart,lpollard@example.com,1977-12-11,+44161 496 0337,"Flat 12y
Alexander Roads
Smithfort
UB50 5WX",Male,Valleyview Mental Wellness NHS Trust,Mixed,Ghana,British Citizen,Nursing,Staff Nurse,Emergency & Urgent Care,5,42403,2018-10-02,2018-11-06,18.75,0.5,GMC,Permanent,Suspended,BP835804,2026-09-27,LR592212,2027-03-03,2027-03-04,2018-10-23
EMP0468,Nicola,Abbott,qturner@example.com,1987-04-01,+44(0)114 496 0931,"Studio 81
Moss Corner
South Cliffordmouth
KA44 6EG",Female,Southvale Hospitals NHS Trust,Mixed,India,Dependent,Admin,Medical Secretary,Critical Care & Anaesthesia,4,33732,2022-07-21,2022-08-18,20.0,0.53,None,Bank,Active,YM522630,2028-12-07,VL740303,2029-02-22,2027-03-14,2022-08-11
EMP0469,Lynn,Berry,chopkins@example.org,1978-09-12,0292018589,"6 Howard Inlet
Hardingfurt
LU8V 2HD",Female,Midlands Central Hospitals NHS Trust,White,Canada,British Citizen,Admin,Data Analyst,Surgery & Cancer,8A,67729,2016-09-21,2016-11-02,15.0,0.4,None,Fixed Term,Inactive,GP730335,2031-02-18,CR050643,2028-11-05,2027-07-02,2016-10-12
EMP0470,Jemma,Russell,woodsdominic@example.org,1969-02-02,+4428 9018549,"189 Long Valley
New Gillianland
PA9 9FQ",Female,Northwood Mental Health NHS Trust,White,Canada,Skilled Worker,Medical,FY1/FY2,Surgery & Cancer,FY1,38410,2020-12-31,2021-01-28,18.75,0.5,HCPC,Permanent,On Leave,EH709423,2027-04-21,BV822217,2030-03-20,2027-06-25,2021-01-21
EMP0471,Callum,Graham,mooregeoffrey@example.com,1981-06-09,01632 960918,"690 Natalie Spur
Iqbalview
S9 1WN",Male,Broadfield Clinical Services NHS Trust,Black,Kenya,British Citizen,Medical,Consultant,Corporate Services,CONS,125682,2017-04-28,2017-06-09,20.0,0.53,HCPC,Fixed Term,Inactive,VV393328,2030-08-23,RC895142,2031-03-08,2027-04-09,2017-05-19
EMP0472,Scott,Reeves,shortsophie@example.net,1998-04-06,+44151 4960732,"4 Robertson Court
Joyceborough
M1 1JU",Male,Valleyview Mental Wellness NHS Trust,Black,Kenya,Skilled Worker,AHP,Physiologist,Women & Children,6,52611,2020-11-05,2020-12-03,15.0,0.4,None,Fixed Term,Suspended,AH101074,2030-12-02,XT776512,2027-04-26,2026-09-24,2020-11-26
EMP0473,Sian,Brown,lisataylor@example.net,1972-01-13,0141 4960363,"44 Law Burgs
South Glenmouth
G2 9RD",Female,Bluewater Community & Rehabilitation NHS Trust,Black,Ghana,Dependent,Nursing,Staff Nurse,Surgery & Cancer,5,41458,2024-11-11,2024-12-23,20.0,0.53,None,Permanent,Active,LI811661,2030-03-07,AM465451,2028-03-24,2027-01-09,2024-12-02
EMP0474,Lynn,Baker,dennis93@example.org,2005-01-18,+44(0)909 879 0641,"Flat 6
Cunningham Mill
New Justin
CH25 0WL",Female,Oakridge Community Services NHS Trust,Black,Nigeria,British Citizen,Admin,Medical Secretary,Clinical Support Services,4,33331,2023-12-29,2024-02-09,18.75,0.5,NMC,Fixed Term,On Leave,EO146375,2029-03-31,HX387383,2029-12-13,2027-06-02,2024-01-19
EMP0475,Brenda,Hughes,dfranklin@example.com,1990-06-16,+44(0)909 8790896,"Studio 1
Diane Vista
New Jeanbury
SL72 4UY",Female,Hillcrest Medical Centres NHS Trust,White,Australia,British Citizen,Nursing,Staff Nurse,Corporate Services,5,39332,2019-09-10,2019-10-22,15.0,0.4,NMC,Bank,Suspended,CO962146,2028-09-15,UD467465,2031-01-15,2027-03-21,2019-10-01
EMP0476,Kirsty,Moss,xmoran@example.com,1974-10-16,0117 4960467,"1 Rita Square
East Chelseaport
TR22 8HH",Male,Bluewater Community & Rehabilitation NHS Trust,Mixed,Trinidad and Tobago,British Citizen,Admin,Administrator,Emergency & Urgent Care,3,28260,2017-03-20,2017-05-01,30.0,0.8,GMC,Bank,Inactive,UA902195,2030-09-16,LZ040556,2030-06-30,2027-06-19,2017-04-10
EMP0477,Lisa,Savage,cedwards@example.com,1978-04-23,+44(0)115 496 0256,"Studio 48
Charles Forge
Allenfort
WS47 3FH",Female,Riverbank General Hospitals NHS Trust,Black,South Africa,ILR,Medical,SHO,Clinical Support Services,SHO,49771,2019-08-28,2019-10-09,18.75,0.5,HCPC,Bank,Active,JE170055,2028-06-24,IX503052,2027-03-14,2027-03-23,2019-09-18
EMP0478,Antony,Warren,matthewbutler@example.org,1974-06-17,(0115) 4960321,"Flat 81
Elliott Grove
Joanfort
B2 5JB",Male,Eastmoor Teaching Hospitals NHS Trust,Black,Ghana,ILR,Nursing,Senior Staff Nurse,Surgery & Cancer,6,52740,2019-06-07,2019-07-12,20.0,0.53,GMC,Fixed Term,On Leave,XQ000826,2031-04-29,NK780906,2026-09-26,2027-06-19,2019-06-28
EMP0479,Shaun,Young,qmatthews@example.org,1971-06-06,+44(0)1144960577,"116 Glover Lock
West Kevinberg
FY0H 8AD",Male,Bluewater Community & Rehabilitation NHS Trust,Mixed,Nigeria,British Citizen,Medical,FY1/FY2,Corporate Services,FY1,38875,2019-12-21,2020-02-01,20.0,0.53,GMC,Fixed Term,Inactive,KL302316,2029-10-14,OF832587,2027-05-06,2027-08-18,2020-01-11
EMP0480,Roger,Freeman,kennedykelly@example.net,1973-06-20,01134960736,"Flat 57C
Aaron Centers
Lake Marcus
W8H 1HJ",Male,Riverbank General Hospitals NHS Trust,Black,Ghana,ILR,Medical,Registrar,Emergency & Urgent Care,SPR,72048,2022-09-12,2022-10-17,37.5,1.0,GMC,Permanent,Active,UF169375,2028-02-29,EY857951,2028-08-05,2027-06-20,2022-10-03
EMP0481,Nicole,Wall,craig76@example.com,2004-05-02,+44(0)1914960755,"Flat 5
Burton Street
Hillville
W72 2LG",Male,Greenhaven Acute & Specialist Care NHS Trust,Black,Ghana,Dependent,Admin,Receptionist,Clinical Support Services,3,28560,2022-09-29,2022-11-10,30.0,0.8,None,Fixed Term,On Leave,TJ210567,2028-04-16,VB091721,2030-08-16,2027-02-27,2022-10-20
EMP0482,Terence,Davies,hthompson@example.org,1983-03-31,(0909) 8790828,"Flat 26
Ryan Street
Farmerbury
B0 5QQ",Male,Southgate Community & Mental Health NHS Trust,Asian,Japan,British Citizen,Nursing,Staff Nurse,Surgery & Cancer,5,42875,2021-09-21,2021-10-26,15.0,0.4,GMC,Permanent,Suspended,OH915545,2029-12-02,BM779314,2030-10-20,2027-05-19,2021-10-12
EMP0483,Rita,Clark,patrickclark@example.com,1961-02-01,(0808)1570801,"06 White Stream
Danielleview
S5C 7JG",Male,Westborough Acute Care NHS Trust,Asian,Thailand,ILR,Admin,Medical Secretary,Critical Care & Anaesthesia,4,32258,2020-08-03,2020-09-14,18.75,0.5,None,Bank,Active,EK497672,2027-06-13,AO205571,2030-10-23,2026-11-30,2020-08-24
EMP0484,Amy,Dickinson,robertsjoanne@example.net,1984-08-06,+441632 960043,"Studio 1
Annette Courts
Chambershaven
PE60 4XQ",Female,Lakeside District Hospitals NHS Trust,White,Australia,British Citizen,AHP,Physiotherapist,Women & Children,6,44023,2024-09-01,2024-10-13,30.0,0.8,HCPC,Bank,Active,IX082553,2027-01-31,WC366700,2027-12-17,2027-06-30,2024-09-22
EMP0485,Paige,Simpson,frosttom@example.net,2005-03-31,+441184960060,"Flat 4
Tom Stravenue
Scottstad
UB3 9TR",Male,Southgate Community & Mental Health NHS Trust,Asian,China,Dependent,Medical,FY1/FY2,Corporate Services,FY1,36776,2020-11-01,2020-11-29,20.0,0.53,GMC,Permanent,Inactive,AM179040,2028-04-04,RT110423,2027-05-26,2026-10-31,2020-11-22
EMP0486,Edward,Johnson,jason10@example.net,1984-06-20,+441414960557,"Flat 06
Stewart Estate
Fisherside
ME0 8TU",Male,Westborough Acute Care NHS Trust,White,United States,British Citizen,Nursing,Staff Nurse,Critical Care & Anaesthesia,5,44492,2018-11-18,2018-12-23,18.75,0.5,NMC,Bank,On Leave,QU793362,2027-03-06,DA298464,2028-04-20,2027-05-11,2018-12-09
EMP0487,Toby,Howarth,joycehall@example.net,1973-06-06,+44(0)121 496 0972,"Studio 39C
White Knoll
New Liamshire
N0J 4WR",Male,Southvale Hospitals NHS Trust,White,New Zealand,British Citizen,AHP,Physiologist,Critical Care & Anaesthesia,6,49627,2024-09-01,2024-10-13,15.0,0.4,NMC,Fixed Term,On Leave,YB268404,2027-03-02,EU197777,2028-01-19,2027-02-02,2024-09-22
EMP0488,Georgia,Stewart,ocarr@example.com,1988-04-06,(0141) 4960132,"107 Taylor Landing
Hollyhaven
G71 2PS",Male,Eastfield Psychological Services NHS Trust,Asian,India,ILR,Admin,Administrator,Corporate Services,3,26783,2019-06-04,2019-07-02,30.0,0.8,NMC,Bank,Inactive,WV462146,2028-10-23,YP897909,2030-12-29,2027-07-17,2019-06-25
EMP0489,Arthur,Vaughan,geoffrey16@example.net,1965-05-27,0141 4960307,"03 Julia Ferry
East Amberview
CO43 8TN",Male,Southgate Community & Mental Health NHS Trust,Black,Barbados,ILR,Admin,Administrator,Clinical Support Services,3,31707,2026-05-08,2026-06-12,20.0,0.53,None,Permanent,On Leave,AK667423,2028-05-02,YC248862,2029-10-26,2027-07-16,2026-05-29
EMP0490,Jay,Bailey,clare82@example.com,1962-08-08,+44289018024,"2 Gail Loop
Coxtown
W8A 2XN",Female,Westmere Community Health NHS Trust,Black,Jamaica,ILR,Admin,Receptionist,Surgery & Cancer,3,26184,2020-02-14,2020-03-13,15.0,0.4,NMC,Bank,Active,VU527406,2026-11-26,RD542539,2026-12-28,2026-11-24,2020-03-06
EMP0491,Danielle,Scott,rachel31@example.net,1979-03-04,+44306 999 0085,"892 Davies Crossroad
Carolview
NR59 0SS",Male,Westmere Community Health NHS Trust,Black,Trinidad and Tobago,British Citizen,AHP,Physiologist,Emergency & Urgent Care,6,49230,2020-12-30,2021-02-03,20.0,0.53,GMC,Fixed Term,Inactive,HZ025228,2028-10-04,OO561785,2027-01-21,2027-03-24,2021-01-20
EMP0492,Declan,Hall,lordglenn@example.net,2003-01-06,01134960963,"218 Gerard Port
North Leighberg
M46 8SU",Male,Bluewater Community & Rehabilitation NHS Trust,White,Canada,ILR,AHP,Pharmacist,Corporate Services,5,43858,2017-02-28,2017-03-28,37.5,1.0,HCPC,Fixed Term,Active,YG563658,2031-04-04,TY345316,2031-07-22,2026-10-20,2017-03-21
EMP0493,Kerry,Berry,davisondiana@example.org,1974-06-16,+44(0)118 496 0174,"91 Craig Lights
Kylehaven
B3 8HR",Female,Westborough Acute Care NHS Trust,Mixed,Nigeria,Skilled Worker,Medical,Consultant,Critical Care & Anaesthesia,CONS,112621,2017-06-11,2017-07-23,15.0,0.4,None,Fixed Term,On Leave,FL307206,2027-08-02,ZE422183,2030-02-01,2027-09-04,2017-07-02
EMP0494,Beth,Davies,raymondwilson@example.net,1962-10-13,(01632)960645,"Studio 74K
Clements Glens
Jeffreychester
E2 7WE",Female,Riverbank General Hospitals NHS Trust,Asian,Japan,British Citizen,Medical,SHO,Emergency & Urgent Care,SHO,52077,2018-01-26,2018-03-02,18.75,0.5,None,Permanent,Active,XO156594,2027-03-29,OP551922,2028-10-23,2027-05-11,2018-02-16
EMP0495,Melanie,Smith,louisespencer@example.org,2008-03-01,(0114) 4960550,"2 Joel Orchard
West Christopherview
IP5E 8ZA",Male,Riverside Integrated Care NHS Trust,White,United Kingdom,British Citizen,Nursing,Staff Nurse,Emergency & Urgent Care,5,39390,2026-08-05,2026-09-02,15.0,0.4,NMC,Bank,On Leave,JP850032,2026-10-06,UH509749,2031-06-20,2026-11-25,2026-08-26
EMP0496,Christine,Barber,craig18@example.org,2006-12-06,+44(0)1914960405,"Studio 73
Murphy Harbors
Shortfurt
S82 2LS",Female,Northshire University Hospitals NHS Trust,Mixed,Australia,British Citizen,AHP,Speech Therapist,Corporate Services,6,47176,2022-10-16,2022-11-27,18.75,0.5,GMC,Permanent,On Leave,SJ083826,2027-10-22,AW257910,2029-09-24,2027-09-12,2022-11-06
EMP0497,Amber,Smith,katherinegill@example.net,1986-11-27,(0161) 4960045,"67 Toby Fork
East Shirleyfurt
HS04 0FR",Female,Lakeside District Hospitals NHS Trust,Asian,China,Dependent,Admin,Administrator,Surgery & Cancer,3,29273,2025-09-30,2025-11-04,20.0,0.53,GMC,Bank,Active,SF242303,2029-04-04,BO130681,2028-06-09,2027-02-03,2025-10-21
EMP0498,Deborah,Taylor,irenebrown@example.com,1996-01-10,(0115)4960749,"Flat 79G
Myers Village
West Ianport
S3H 5PB",Male,Oakridge Community Services NHS Trust,Black,Trinidad and Tobago,British Citizen,Admin,Receptionist,Women & Children,3,28924,2021-06-14,2021-07-12,18.75,0.5,NMC,Fixed Term,Active,DX973617,2030-06-21,LY848841,2031-01-03,2027-02-28,2021-07-05
EMP0499,Marcus,Heath,emason@example.com,1991-06-01,01314960363,"Flat 7
Ahmed Harbor
Patelbury
SK6 7AP",Male,Broadfield Clinical Services NHS Trust,Black,South Africa,Skilled Worker,Admin,Administrator,Critical Care & Anaesthesia,3,28386,2023-11-28,2024-01-02,37.5,1.0,NMC,Permanent,Active,YL573113,2026-12-10,MO135264,2027-04-05,2026-10-24,2023-12-19
EMP0500,Abbie,Hughes,gkaur@example.org,2008-01-16,+44(0)808 157 0535,"Flat 17J
Turner Ford
Joshmouth
TQ1N 7TB",Female,Westborough Acute Care NHS Trust,Mixed,United States,Skilled Worker,AHP,Speech Therapist,Clinical Support Services,6,46089,2024-02-20,2024-03-19,37.5,1.0,NMC,Bank,Suspended,CA191397,2030-07-08,NG293493,2029-03-06,2027-01-23,2024-03-12
EMP0501,Richard,Brookes,gibsonlaura@example.com,1979-08-04,+4420 74960538,"7 Hartley Cape
Port Brettborough
SE7 9TG",Male,Northwood Mental Health NHS Trust,Mixed,New Zealand,Skilled Worker,Nursing,Nursery Nurse,Surgery & Cancer,2,26490,2018-10-06,2018-11-10,30.0,0.8,None,Permanent,Active,CC727777,2029-04-26,SQ076765,2030-12-16,2027-06-22,2018-10-27
EMP0502,Marion,Simpson,donald49@example.com,2007-11-25,0115 4960243,"Studio 05C
Rice Unions
West Kerry
PL14 8EZ",Female,Lakeside District Hospitals NHS Trust,Asian,Thailand,Dependent,AHP,Physiologist,Corporate Services,6,44958,2018-06-07,2018-07-12,15.0,0.4,NMC,Permanent,Suspended,BF432025,2027-04-13,BJ181790,2029-07-23,2027-07-02,2018-06-28
EMP0503,Chelsea,Edwards,boliver@example.net,1976-07-22,+44(0)1154960905,"Flat 26
Hicks Orchard
West Shanetown
LU3B 0FE",Male,Northwood Mental Health NHS Trust,Black,Kenya,Dependent,Admin,Medical Secretary,Medicine & Acute Care,4,32342,2019-08-24,2019-09-28,20.0,0.53,GMC,Fixed Term,Inactive,NB361727,2028-10-02,KR387139,2027-11-06,2027-06-17,2019-09-14
EMP0504,Dale,Barker,gregoryfoster@example.net,1995-06-21,0808 157 0488,"528 Moore Course
Port Clive
SW64 5DQ",Female,Northwood Mental Health NHS Trust,Black,Jamaica,ILR,Nursing,Nursery Nurse,Women & Children,2,24498,2021-11-10,2021-12-22,20.0,0.53,HCPC,Bank,Suspended,FW907011,2030-11-20,IS021272,2030-02-22,2027-03-10,2021-12-01
EMP0505,Robin,Stone,abanks@example.net,2003-01-01,01164960725,"61 Fisher Square
Collinsberg
WN8V 2XT",Female,Meadowbrook Community Health NHS Trust,Mixed,Ghana,Skilled Worker,Medical,Consultant,Women & Children,CONS,112338,2025-02-01,2025-03-15,37.5,1.0,GMC,Fixed Term,Active,PZ685912,2029-11-16,ZX769024,2026-11-12,2027-08-24,2025-02-22
EMP0506,Joseph,Leach,jayhughes@example.org,1980-09-03,+44(0)1144960648,"Studio 92
Pritchard Common
West Harriet
W4B 8NT",Female,Midlands Central Hospitals NHS Trust,White,United States,British Citizen,Admin,Data Analyst,Critical Care & Anaesthesia,8A,69904,2018-03-29,2018-04-26,30.0,0.8,GMC,Bank,Suspended,YL959349,2027-10-13,EI906389,2030-09-03,2026-11-04,2018-04-19
EMP0507,Lee,Elliott,ruthcooper@example.com,2008-08-13,+44113 496 0934,"Flat 22K
Rachel Estate
Carolineborough
B1 6UA",Female,Northshire University Hospitals NHS Trust,Mixed,South Africa,Dependent,Admin,Receptionist,Emergency & Urgent Care,3,27759,2017-12-15,2018-01-12,20.0,0.53,HCPC,Fixed Term,Inactive,KW536436,2027-07-30,JY626182,2029-03-25,2027-06-27,2018-01-05
EMP0508,Ann,Turner,earmstrong@example.com,2001-01-18,+44151 4960384,"Flat 39
Tracy Orchard
South Robert
WF17 4XD",Male,Riverbank General Hospitals NHS Trust,White,United Kingdom,ILR,AHP,Physiotherapist,Emergency & Urgent Care,6,50673,2025-01-20,2025-02-24,37.5,1.0,NMC,Bank,On Leave,MT541017,2027-11-24,PH034055,2029-11-01,2027-05-16,2025-02-10
EMP0509,Rosie,Holmes,vhenderson@example.com,2003-09-17,+441314960482,"1 Roger Common
Port Fiona
G82 1EA",Female,Hillcrest Medical Centres NHS Trust,White,New Zealand,British Citizen,Admin,Receptionist,Corporate Services,3,30710,2018-01-31,2018-02-28,37.5,1.0,NMC,Bank,Active,EW901003,2027-07-08,KN959459,2029-03-27,2026-11-14,2018-02-21
EMP0510,Jamie,Jackson,daviesnigel@example.org,1986-10-20,+44(0)9098790994,"59 Jay Heights
East Howard
G3 3BH",Female,Southvale Hospitals NHS Trust,Black,Trinidad and Tobago,British Citizen,AHP,Physiologist,Surgery & Cancer,6,52925,2022-04-21,2022-06-02,18.75,0.5,NMC,Permanent,Suspended,GC217249,2028-08-16,OP874827,2028-08-08,2026-12-16,2022-05-12
EMP0511,Charles,Hanson,matthewfletcher@example.com,1974-01-09,+441154960654,"635 Jonathan Crescent
Oliviabury
BD09 6RR",Male,Horizon Integrated Health Partnership NHS Trust,Black,Jamaica,British Citizen,Nursing,Nursery Nurse,Medicine & Acute Care,2,26931,2016-09-29,2016-11-03,37.5,1.0,HCPC,Bank,On Leave,ZJ182939,2028-12-13,AX695202,2030-08-18,2027-01-08,2016-10-20
EMP0512,Sean,Coleman,dawnsimpson@example.net,1991-08-20,(0306)9990225,"365 O'Brien Lake
West Nicholas
LS4X 5YL",Female,Eastfield Psychological Services NHS Trust,Mixed,Ghana,British Citizen,Nursing,Charge Nurse,Corporate Services,7,61894,2019-03-01,2019-03-29,20.0,0.53,None,Fixed Term,On Leave,NY449376,2031-02-02,AP933545,2030-03-18,2027-06-04,2019-03-22
EMP0513,Iain,Hunt,june28@example.net,1983-07-13,+44(0)29 2018 0088,"Studio 02J
Martin Parks
North Roy
B4H 0XX",Male,Westborough Acute Care NHS Trust,Mixed,Australia,ILR,Admin,Data Analyst,Medicine & Acute Care,8A,67973,2026-05-29,2026-07-03,37.5,1.0,GMC,Permanent,Active,IZ500621,2027-05-20,BM206138,2029-04-10,2026-10-03,2026-06-19
EMP0514,Andrea,Wall,neilstevenson@example.org,1990-05-10,0306 9990968,"Studio 35q
Naomi Mountains
West Annfort
WR3X 6EA",Female,Midlands Central Hospitals NHS Trust,Asian,China,ILR,Admin,Data Analyst,Medicine & Acute Care,8A,58700,2018-10-08,2018-11-19,30.0,0.8,None,Permanent,Active,AT574277,2027-11-05,GI760648,2030-08-10,2027-08-03,2018-10-29
EMP0515,Charlotte,Davies,kylethompson@example.com,1971-03-23,(029)2018089,"74 Nicholson Motorway
Maureenfurt
S34 3BL",Male,Southvale Hospitals NHS Trust,Black,Jamaica,Skilled Worker,Nursing,Healthcare Assistant,Clinical Support Services,2,27584,2018-02-17,2018-03-24,30.0,0.8,GMC,Fixed Term,Suspended,PD903051,2030-04-30,BS617589,2031-04-28,2026-11-18,2018-03-10
EMP0516,Lawrence,Reeves,sdavis@example.com,2008-07-10,+44116 4960813,"9 Judith Course
Stephensville
B26 7SU",Female,Riverbank General Hospitals NHS Trust,Black,Jamaica,British Citizen,Medical,Registrar,Surgery & Cancer,SPR,81837,2018-06-15,2018-07-13,20.0,0.53,None,Bank,Active,HL019664,2027-06-28,XX981179,2029-12-07,2027-03-21,2018-07-06
EMP0517,Hayley,Wood,mollywalton@example.com,1985-03-28,+44116 496 0029,"20 Amber Unions
New Gordonmouth
WA7 5LR",Male,Southgate Community & Mental Health NHS Trust,Black,Nigeria,Skilled Worker,Nursing,Staff Nurse,Women & Children,5,37284,2023-11-01,2023-12-06,37.5,1.0,NMC,Fixed Term,Inactive,RD133496,2027-06-04,VZ274283,2031-08-07,2027-02-06,2023-11-22
EMP0518,Dylan,Bird,leealexandra@example.net,1988-04-19,+44(0)118 4960877,"1 Carroll Shore
Sallyshire
SG4W 5ZX",Female,Broadfield Clinical Services NHS Trust,Black,Jamaica,British Citizen,AHP,Pharmacist,Corporate Services,5,38716,2017-03-10,2017-04-21,20.0,0.53,None,Permanent,On Leave,FC610104,2027-11-12,ZK358570,2029-10-31,2027-05-13,2017-03-31
EMP0519,Geraldine,Jenkins,osullivannatasha@example.net,1986-04-01,0151 496 0791,"Flat 6
Hill Corners
Davidstad
BL08 8SN",Female,Greenhaven Acute & Specialist Care NHS Trust,Asian,China,ILR,AHP,Occupational Therapist,Clinical Support Services,6,45980,2026-05-01,2026-05-29,37.5,1.0,NMC,Bank,Inactive,HL935271,2029-11-11,TD384905,2027-01-28,2027-02-05,2026-05-22
EMP0520,Georgina,Roberts,timothy80@example.net,1978-06-27,+44131 4960433,"0 Jones Flat
Port Ireneshire
BN3N 1XS",Female,Bluewater Community & Rehabilitation NHS Trust,Mixed,Ghana,Dependent,Medical,Registrar,Emergency & Urgent Care,SPR,65392,2016-10-17,2016-11-21,37.5,1.0,None,Bank,Active,MH738813,2028-10-30,AL405727,2029-02-08,2027-06-07,2016-11-07
EMP0521,Lindsey,Roberts,bradleycooper@example.com,2003-11-26,(0131) 4960313,"Studio 74
Donald Village
West Jasmineport
RM9 8SZ",Female,Riverside Integrated Care NHS Trust,Black,Kenya,ILR,AHP,Radiographer,Corporate Services,6,49190,2022-08-03,2022-08-31,15.0,0.4,GMC,Permanent,Active,SS640914,2028-02-21,LI172614,2027-11-12,2027-08-20,2022-08-24
EMP0522,Danny,Mistry,nashmathew@example.org,1963-07-11,+44191 4960003,"19 Lee Mills
Jonesland
G0S 4XN",Female,Greenhaven Acute & Specialist Care NHS Trust,White,United Kingdom,Skilled Worker,AHP,Pharmacist,Emergency & Urgent Care,5,42935,2026-01-01,2026-02-12,37.5,1.0,HCPC,Fixed Term,On Leave,II905833,2029-12-04,HB291303,2028-07-22,2027-05-25,2026-01-22
EMP0523,Sean,Green,gallaghersuzanne@example.net,1984-03-13,0117 496 0647,"9 Helen Burgs
Lake Lawrenceburgh
S6 0SQ",Female,Southvale Hospitals NHS Trust,Asian,China,Dependent,Nursing,Charge Nurse,Clinical Support Services,7,56857,2017-06-13,2017-07-18,30.0,0.8,GMC,Fixed Term,On Leave,HM080922,2031-02-19,KS587185,2028-12-27,2027-04-11,2017-07-04
EMP0524,Martin,Nash,phoward@example.com,2006-08-14,0117 496 0138,"Flat 3
Murray Prairie
Jameshaven
S38 5EP",Male,Southvale Hospitals NHS Trust,White,United Kingdom,Dependent,AHP,Occupational Therapist,Corporate Services,6,54724,2026-03-01,2026-04-12,18.75,0.5,None,Bank,Inactive,ML684510,2029-02-22,VH756219,2029-12-24,2027-02-02,2026-03-22
EMP0525,Lindsey,Wade,moorecameron@example.net,1972-03-12,+44(0)1164960503,"56 Liam Locks
South Connorshire
SP0W 8ZX",Male,Eastmoor Teaching Hospitals NHS Trust,Black,Nigeria,Dependent,Admin,Receptionist,Women & Children,3,27177,2017-06-15,2017-07-27,18.75,0.5,GMC,Permanent,Suspended,CJ236961,2028-12-25,QN105511,2027-09-14,2027-04-03,2017-07-06
EMP0526,Anna,Howell,xpage@example.org,1989-04-11,+44(0)1214960815,"209 Beth Mission
New Tomville
N2U 0JB",Male,Lakeside District Hospitals NHS Trust,White,Australia,British Citizen,Nursing,Healthcare Assistant,Emergency & Urgent Care,2,26493,2018-11-14,2018-12-26,30.0,0.8,NMC,Bank,Active,GM150682,2028-02-06,CU383237,2029-01-06,2026-11-14,2018-12-05
EMP0527,Duncan,Thornton,tomtalbot@example.net,2000-11-27,(0116) 4960221,"Flat 1
David Ridge
Lake Jordanfort
S65 9WU",Female,Greenhaven Acute & Specialist Care NHS Trust,Asian,Thailand,ILR,Medical,SHO,Medicine & Acute Care,SHO,50988,2020-06-21,2020-08-02,15.0,0.4,None,Bank,On Leave,VM082546,2029-06-09,BR784969,2029-01-22,2026-10-20,2020-07-12
EMP0528,Bethan,Daly,peterschristian@example.org,1993-02-26,+44117 4960962,"055 Johnston Rue
Patrickfurt
N63 5ZD",Male,Southgate Community & Mental Health NHS Trust,Asian,Thailand,Dependent,Nursing,Ward Manager,Surgery & Cancer,8A,64310,2023-01-16,2023-02-27,15.0,0.4,NMC,Fixed Term,On Leave,XI506155,2026-12-14,LB483249,2027-10-03,2026-12-31,2023-02-06
EMP0529,Hollie,Fox,coxlynne@example.com,1984-03-11,+44(0)1314960638,"101 Dobson Spring
New Lucy
G9 9HE",Male,Northwood Mental Health NHS Trust,Black,Nigeria,Dependent,AHP,Radiographer,Medicine & Acute Care,6,54188,2018-04-13,2018-05-18,37.5,1.0,None,Bank,Inactive,MA830788,2030-08-04,JE732821,2028-03-19,2026-12-22,2018-05-04
EMP0530,Craig,Haynes,gordon55@example.com,1996-08-09,(0306) 9990343,"7 Holly Mountains
North Charlesview
G1U 7SX",Male,Bluewater Community & Rehabilitation NHS Trust,Mixed,Kenya,Skilled Worker,AHP,Pharmacist,Emergency & Urgent Care,5,38922,2022-04-14,2022-05-26,20.0,0.53,None,Fixed Term,Suspended,HO599352,2029-02-18,FU715588,2029-06-16,2027-07-13,2022-05-05
EMP0531,Robert,Walker,derekblackburn@example.net,2000-11-07,+44131 4960584,"937 Warren Prairie
Billytown
SG2V 7WN",Female,Riverside Integrated Care NHS Trust,White,United Kingdom,British Citizen,AHP,Speech Therapist,Surgery & Cancer,6,46870,2018-12-18,2019-01-22,20.0,0.53,GMC,Permanent,Suspended,ST550840,2029-10-15,YI934626,2028-09-17,2027-01-13,2019-01-08
EMP0532,Kenneth,Graham,janice31@example.net,2001-07-27,0141 4960351,"1 Marilyn Spur
Griffithsfurt
NP2 5SB",Female,Riverside Integrated Care NHS Trust,Mixed,United Kingdom,ILR,Medical,Registrar,Corporate Services,SPR,71486,2026-06-10,2026-07-22,30.0,0.8,HCPC,Bank,Active,IM572143,2030-11-23,HG767225,2027-03-07,2026-12-30,2026-07-01
EMP0533,Max,Jones,hjones@example.com,2001-12-20,+44(0)116 496 0073,"192 Aimee Forge
Lake Derekburgh
G42 4GX",Male,Bluewater Community & Rehabilitation NHS Trust,Mixed,Jamaica,Skilled Worker,Nursing,Senior Staff Nurse,Critical Care & Anaesthesia,6,50414,2020-11-04,2020-12-16,20.0,0.53,HCPC,Fixed Term,On Leave,KG877953,2028-09-18,WT508871,2029-06-16,2026-11-03,2020-11-25
EMP0534,Callum,Davis,sandersmartyn@example.org,1980-04-03,+44(0)113 4960553,"577 Matthew Prairie
Jadefurt
CH2W 5XF",Male,Riverside Integrated Care NHS Trust,Black,Trinidad and Tobago,ILR,Medical,Consultant,Critical Care & Anaesthesia,CONS,107428,2026-07-28,2026-08-25,20.0,0.53,GMC,Bank,Active,VP266185,2030-07-14,CT862433,2028-03-10,2026-10-17,2026-08-18
EMP0535,Laura,Anderson,mrees@example.com,1977-04-08,+44(0)131 496 0448,"215 Jamie Station
Robertsstad
S3D 8PQ",Male,Greenhaven Acute & Specialist Care NHS Trust,White,Canada,ILR,Medical,FY1/FY2,Clinical Support Services,FY1,41471,2017-07-29,2017-08-26,15.0,0.4,None,Fixed Term,Suspended,IO517229,2030-08-04,CG169460,2029-05-12,2027-06-23,2017-08-19
EMP0536,Elaine,Fisher,moorehoward@example.net,1967-07-17,+44116 4960879,"Studio 0
Kenneth Rue
Roseview
UB2 3JA",Male,Broadfield Clinical Services NHS Trust,Black,Barbados,ILR,AHP,Speech Therapist,Critical Care & Anaesthesia,6,52081,2018-04-29,2018-06-10,15.0,0.4,HCPC,Permanent,On Leave,AQ170543,2029-06-01,FL749700,2029-07-29,2027-04-03,2018-05-20
EMP0537,Josephine,King,mooresuzanne@example.com,2002-10-26,+44(0)116 496 0694,"Flat 54H
Williamson Isle
West Naomi
S78 9YT",Female,Horizon Integrated Health Partnership NHS Trust,Black,Nigeria,ILR,Nursing,Ward Manager,Emergency & Urgent Care,8A,58380,2019-06-15,2019-07-20,18.75,0.5,GMC,Permanent,Suspended,KN619573,2027-04-02,ZH131419,2029-02-17,2027-08-31,2019-07-06
EMP0538,Jeffrey,Davies,mohammadcooper@example.net,1973-10-29,+4429 2018387,"Flat 12c
Alan Neck
New Francistown
SE0Y 5RB",Male,Oakridge Community Services NHS Trust,White,United Kingdom,British Citizen,Medical,SHO,Critical Care & Anaesthesia,SHO,55935,2023-04-27,2023-05-25,18.75,0.5,None,Fixed Term,On Leave,BV587362,2027-07-25,SE701582,2028-10-15,2027-07-04,2023-05-18
EMP0539,Dennis,Allen,kfrancis@example.com,1961-12-10,0191 498 0541,"98 Moore Fords
Michaelville
N5G 3LZ",Male,Riverside Integrated Care NHS Trust,Asian,China,ILR,Admin,Receptionist,Emergency & Urgent Care,3,31031,2021-09-17,2021-10-15,15.0,0.4,NMC,Fixed Term,Active,RA900387,2031-06-02,HT192710,2030-05-05,2026-10-17,2021-10-08
EMP0540,Ann,Morris,victoria62@example.org,1993-12-06,(029) 2018 0727,"Flat 57
Hugh Lodge
Allanmouth
S3H 1DF",Female,Northwood Mental Health NHS Trust,Black,Barbados,Skilled Worker,Admin,Receptionist,Medicine & Acute Care,3,30807,2021-07-04,2021-08-01,15.0,0.4,NMC,Fixed Term,Inactive,LA079679,2030-07-02,SD909946,2026-10-28,2026-12-03,2021-07-25
EMP0541,Hollie,Hutchinson,bishopgordon@example.net,1966-11-09,0141 4960700,"Studio 1
Yvonne Lake
East Leslie
LU28 4YR",Female,Horizon Integrated Health Partnership NHS Trust,White,New Zealand,ILR,Medical,GP,Clinical Support Services,GP,99222,2021-06-27,2021-08-08,18.75,0.5,None,Bank,On Leave,NQ149749,2029-11-18,YZ695199,2028-02-17,2027-06-11,2021-07-18
EMP0542,Gerard,Winter,brianhorton@example.net,1989-12-15,0118 496 0436,"Studio 64
Callum Brooks
Smithview
SS21 6LW",Female,Horizon Integrated Health Partnership NHS Trust,Asian,China,Dependent,Nursing,Charge Nurse,Medicine & Acute Care,7,58390,2024-08-23,2024-09-20,15.0,0.4,NMC,Fixed Term,Active,XA379605,2030-03-20,MY672528,2027-12-23,2027-07-31,2024-09-13
EMP0543,Robert,Taylor,garybirch@example.com,1997-09-14,+441632 960413,"Flat 17Y
Maureen Glens
South Joelbury
B2 0SF",Male,Riverbank General Hospitals NHS Trust,Mixed,Nigeria,British Citizen,Admin,Medical Secretary,Clinical Support Services,4,35379,2025-04-07,2025-05-05,37.5,1.0,NMC,Fixed Term,On Leave,XJ172890,2029-07-05,VN989971,2029-07-23,2026-09-25,2025-04-28
EMP0544,Robert,Barker,leesjasmine@example.org,2003-06-18,(0909) 8790729,"324 O'Sullivan Overpass
Hancockborough
NR5 4BD",Male,Hillcrest Medical Centres NHS Trust,White,Australia,Skilled Worker,Medical,Registrar,Corporate Services,SPR,83502,2019-05-25,2019-06-29,37.5,1.0,HCPC,Fixed Term,Inactive,LI348466,2028-04-28,GC433121,2030-06-09,2027-08-23,2019-06-15
EMP0545,Nathan,Ryan,ruth39@example.org,2002-06-23,01184960709,"29 Newton Viaduct
West Raymond
S44 8PS",Male,Riverbank General Hospitals NHS Trust,Black,Trinidad and Tobago,Dependent,Medical,FY1/FY2,Women & Children,FY1,40155,2017-03-05,2017-04-16,18.75,0.5,GMC,Permanent,Inactive,FB672860,2030-03-31,IH579363,2028-08-25,2027-05-06,2017-03-26
EMP0546,Josh,Clark,obarker@example.net,1989-05-03,0191 4960986,"3 Jill Ramp
North Jasmine
G15 0JW",Female,Southgate Community & Mental Health NHS Trust,White,New Zealand,Dependent,Admin,Medical Secretary,Women & Children,4,30556,2019-06-17,2019-07-29,30.0,0.8,GMC,Bank,Inactive,SM234414,2027-09-21,JO257652,2029-11-19,2027-09-11,2019-07-08
EMP0547,Louise,Brown,iangordon@example.org,1982-06-30,0191 4960949,"Flat 48
Thomas Vista
Colefurt
WC33 3XJ",Female,Riverbank General Hospitals NHS Trust,White,Canada,ILR,Medical,FY1/FY2,Clinical Support Services,FY1,39115,2023-06-12,2023-07-17,20.0,0.53,HCPC,Bank,Active,AC662296,2030-02-14,QL483133,2030-09-11,2027-04-10,2023-07-03
EMP0548,Judith,Green,glenn44@example.net,1988-10-10,+4420 74960471,"2 Ali Circles
Lake Russell
E5J 3JS",Male,Southgate Community & Mental Health NHS Trust,White,United Kingdom,Skilled Worker,Medical,GP,Clinical Support Services,GP,105828,2022-10-31,2022-12-12,30.0,0.8,GMC,Bank,Inactive,DV327129,2028-10-30,LG352270,2031-05-17,2026-11-09,2022-11-21
EMP0549,Philip,Mann,graychelsea@example.net,1983-08-24,+44141 496 0029,"Studio 3
Hill Square
South Jacobtown
DL5M 7UN",Male,Southvale Hospitals NHS Trust,Mixed,New Zealand,Dependent,Medical,GP,Clinical Support Services,GP,100474,2019-05-22,2019-07-03,20.0,0.53,None,Bank,On Leave,FG023481,2028-05-14,MZ047667,2031-04-08,2027-06-20,2019-06-12
EMP0550,Josephine,Campbell,dtaylor@example.com,2004-12-17,0808 157 0157,"Flat 0
Dawn Place
East Melissachester
G9C 5EG",Male,Valleyview Mental Wellness NHS Trust,Black,Kenya,British Citizen,AHP,Occupational Therapist,Corporate Services,6,44355,2024-07-13,2024-08-10,37.5,1.0,NMC,Permanent,On Leave,CG525421,2031-06-12,SS987269,2031-01-25,2027-01-14,2024-08-03
EMP0551,Gordon,Doyle,younggary@example.net,1964-12-03,+44115 4960284,"5 Bowen Meadow
Jenkinsberg
NR96 7ZX",Female,Hillcrest Medical Centres NHS Trust,White,United Kingdom,ILR,Nursing,Staff Nurse,Emergency & Urgent Care,5,41728,2022-01-21,2022-02-25,37.5,1.0,None,Bank,Active,GP924713,2029-09-26,KQ652706,2029-06-19,2027-05-01,2022-02-11
EMP0552,Robert,Doyle,bankshugh@example.net,1975-08-27,+4428 9018 0633,"Studio 5
Norman Plaza
Walkerberg
W1E 8GT",Female,Westmere Community Health NHS Trust,Asian,China,British Citizen,Medical,SHO,Surgery & Cancer,SHO,55292,2021-09-25,2021-10-23,30.0,0.8,HCPC,Bank,Inactive,OJ616945,2027-11-10,PB295030,2028-07-20,2027-04-15,2021-10-16
EMP0553,Pamela,Goddard,mohammedchapman@example.com,1973-07-09,0161 496 0740,"296 Barrett Canyon
Lake Cherylburgh
AL3 4DR",Female,Valleyview Mental Wellness NHS Trust,Mixed,Ghana,Skilled Worker,Admin,Data Analyst,Medicine & Acute Care,8A,65424,2023-11-14,2023-12-12,18.75,0.5,HCPC,Bank,Suspended,VH981151,2027-11-01,RA164800,2028-03-26,2026-11-18,2023-12-05
EMP0554,Connor,Smith,fgriffin@example.net,2000-11-14,(0118)4960978,"Flat 7
Harper Crescent
New Rosieburgh
DT7 5SB",Male,Eastmoor Teaching Hospitals NHS Trust,Mixed,Japan,British Citizen,Admin,Medical Secretary,Emergency & Urgent Care,4,30789,2021-12-25,2022-01-29,37.5,1.0,HCPC,Permanent,Active,AK224659,2027-09-03,FY653486,2027-03-22,2027-02-02,2022-01-15
EMP0555,Natasha,Shaw,nicholas22@example.com,1973-11-08,(0151) 496 0268,"Studio 31
Elliott Village
Elliotberg
PA4 0GH",Male,Southvale Hospitals NHS Trust,White,Canada,ILR,Nursing,Charge Nurse,Women & Children,7,56597,2020-07-20,2020-08-17,20.0,0.53,GMC,Bank,Inactive,KL988128,2031-06-29,FW419275,2027-08-11,2027-05-30,2020-08-10
EMP0556,Sandra,Butcher,debrarandall@example.com,1964-11-26,+44131 496 0827,"Studio 29
Singh Street
Declanburgh
S2C 1QX",Female,Eastmoor Teaching Hospitals NHS Trust,Black,Nigeria,Skilled Worker,Admin,Data Analyst,Women & Children,8A,57498,2019-10-31,2019-12-12,20.0,0.53,HCPC,Bank,Suspended,YK577767,2030-06-23,AF651134,2028-05-15,2027-07-03,2019-11-21
EMP0557,Charlene,Gibbs,carrdarren@example.com,1977-09-29,01632960259,"634 Skinner Stream
East Reecetown
M8C 8HJ",Male,Northshire University Hospitals NHS Trust,Asian,Japan,Skilled Worker,AHP,Physiotherapist,Medicine & Acute Care,6,52267,2022-05-22,2022-06-26,30.0,0.8,None,Bank,Inactive,IQ741609,2031-02-21,PA876569,2030-11-15,2027-01-20,2022-06-12
EMP0558,Roy,Wilson,geraldinewong@example.com,1984-02-27,+44117 4960123,"676 Hugh Station
South Natalie
M70 5YN",Female,Eastfield Psychological Services NHS Trust,White,United States,Dependent,Admin,Data Analyst,Women & Children,8A,62803,2018-02-21,2018-04-04,20.0,0.53,None,Fixed Term,On Leave,JW653636,2028-01-02,RE904211,2028-01-23,2027-01-15,2018-03-14
EMP0559,Phillip,Burke,walkerbernard@example.net,1962-05-26,028 9018010,"93 Williams Grove
Mitchellside
SY8 4WZ",Female,Meadowbrook Community Health NHS Trust,Mixed,China,ILR,Admin,Data Analyst,Critical Care & Anaesthesia,8A,60392,2022-12-06,2023-01-03,15.0,0.4,NMC,Fixed Term,Active,VC579660,2030-12-29,PA491786,2031-03-29,2027-08-18,2022-12-27
EMP0560,Malcolm,Morley,yfry@example.com,1994-03-21,+44292018133,"161 Carole Ranch
New Kevinville
L35 8PJ",Male,Greenhaven Acute & Specialist Care NHS Trust,White,New Zealand,Dependent,Admin,Administrator,Critical Care & Anaesthesia,3,28508,2025-12-31,2026-01-28,18.75,0.5,GMC,Permanent,Suspended,HQ863054,2031-08-24,OW449619,2027-12-27,2026-12-23,2026-01-21
EMP0561,Kevin,Griffiths,uking@example.net,2001-05-16,020 7946 0299,"Flat 0
West Valleys
Wilsonborough
E4D 6QY",Male,Meadowbrook Community Health NHS Trust,Asian,India,Skilled Worker,Nursing,Healthcare Assistant,Surgery & Cancer,2,25192,2017-12-15,2018-01-12,30.0,0.8,GMC,Permanent,Inactive,SL977419,2031-05-25,VQ480456,2027-10-20,2026-12-11,2018-01-05
EMP0562,Sandra,Barrett,daviesruth@example.com,1990-10-06,+44(0)161 496 0192,"Studio 84J
Jason Crescent
Griffithsborough
SG2 1XL",Female,Riverside Integrated Care NHS Trust,Mixed,United Kingdom,British Citizen,Nursing,Senior Staff Nurse,Surgery & Cancer,6,53162,2021-10-02,2021-11-06,30.0,0.8,GMC,Bank,Suspended,RA682726,2026-11-16,VR843545,2028-06-15,2026-09-26,2021-10-23
EMP0563,Henry,Todd,dylanburrows@example.com,1980-11-09,01632 960728,"147 Parker Rest
Philipland
NN1V 0PN",Female,Eastfield Psychological Services NHS Trust,Mixed,Australia,ILR,Admin,Medical Secretary,Corporate Services,4,32369,2020-02-16,2020-03-22,20.0,0.53,NMC,Fixed Term,Active,MQ077918,2029-01-30,OE905730,2028-03-12,2027-06-16,2020-03-08
EMP0564,Nicholas,Sharpe,benjamingrant@example.org,1963-02-08,+44(0)2074960345,"Flat 9
Pauline Pike
New Laurenland
EH9 9AZ",Male,Eastmoor Teaching Hospitals NHS Trust,Asian,China,ILR,Medical,Registrar,Critical Care & Anaesthesia,SPR,75090,2016-10-29,2016-11-26,15.0,0.4,NMC,Bank,On Leave,PT245973,2027-08-08,DZ905344,2031-02-04,2027-05-15,2016-11-19
EMP0565,Mary,Taylor,max23@example.com,1967-06-13,(0191)4960395,"3 Joe Ports
North Ameliaview
L86 7ZG",Female,Oakridge Community Services NHS Trust,White,United States,British Citizen,Medical,GP,Critical Care & Anaesthesia,GP,92849,2016-11-23,2016-12-28,20.0,0.53,HCPC,Permanent,Inactive,WZ073777,2027-02-18,RX266073,2029-05-03,2026-11-30,2016-12-14
EMP0566,Ruth,Miller,ashleighbarnes@example.com,2007-10-24,(0131) 4960148,"788 Bruce Trail
New Lindseyborough
KA75 3YX",Female,Broadfield Clinical Services NHS Trust,Black,South Africa,Skilled Worker,Admin,Receptionist,Surgery & Cancer,3,27837,2022-05-10,2022-06-07,30.0,0.8,HCPC,Permanent,Active,EO911315,2029-01-02,HV323385,2027-06-15,2027-03-15,2022-05-31
EMP0567,Joanne,Osborne,scott49@example.net,1987-11-18,+44(0)131 496 0335,"Flat 28N
Lewis Mews
Aaronville
LN27 6PS",Female,Lakeside District Hospitals NHS Trust,Mixed,United Kingdom,Skilled Worker,Nursing,Senior Staff Nurse,Critical Care & Anaesthesia,6,44808,2024-06-25,2024-07-23,18.75,0.5,HCPC,Permanent,Active,PM300782,2031-02-07,FZ841139,2029-09-21,2026-12-08,2024-07-16
EMP0568,Carol,White,joneshayley@example.net,1997-10-21,(0115)4960160,"7 Williams Causeway
North Carole
W1F 5YU",Male,Riverside Integrated Care NHS Trust,Mixed,Canada,British Citizen,AHP,Occupational Therapist,Emergency & Urgent Care,6,44114,2020-01-19,2020-02-16,18.75,0.5,GMC,Permanent,On Leave,DV159252,2029-12-03,QR486508,2028-06-13,2027-03-20,2020-02-09
EMP0569,Abdul,Ward,woodlauren@example.net,1960-10-02,+44(0)909 8790091,"Studio 3
Cameron Causeway
South Margaretside
W2K 5XA",Male,Riverbank General Hospitals NHS Trust,White,Australia,British Citizen,Nursing,Healthcare Assistant,Medicine & Acute Care,2,27399,2022-05-04,2022-06-08,18.75,0.5,NMC,Permanent,Active,OE949940,2029-07-04,MG490654,2030-01-02,2026-10-04,2022-05-25
EMP0570,Justin,Morgan,butlershaun@example.com,2002-10-29,+441164960921,"90 Williams Gateway
Zoefort
MK2 2NB",Female,Lakeside District Hospitals NHS Trust,Black,South Africa,Skilled Worker,Admin,Medical Secretary,Critical Care & Anaesthesia,4,35971,2023-06-27,2023-07-25,20.0,0.53,GMC,Bank,Suspended,CD990183,2027-11-19,FN463924,2029-08-17,2027-05-10,2023-07-18
EMP0571,Amanda,Ryan,mrichardson@example.org,1995-01-24,(0141) 4960473,"682 Irene Mountains
Potterside
M4D 6HQ",Female,Eastmoor Teaching Hospitals NHS Trust,Black,Kenya,ILR,Medical,FY1/FY2,Medicine & Acute Care,FY1,38197,2025-03-11,2025-04-15,18.75,0.5,GMC,Permanent,Suspended,JN759974,2027-06-22,QK594687,2028-08-12,2026-11-24,2025-04-01
EMP0572,Paul,Anderson,macdonaldkerry@example.org,1967-03-05,(0115) 496 0670,"514 Allen Loaf
South Ashleyland
N4 4TU",Female,Southvale Hospitals NHS Trust,Asian,India,British Citizen,AHP,Pharmacist,Medicine & Acute Care,5,40675,2019-07-22,2019-08-26,18.75,0.5,GMC,Fixed Term,Inactive,BY679927,2030-04-25,LZ112205,2027-01-11,2027-02-01,2019-08-12
EMP0573,Leigh,Kelly,webbjosh@example.org,1988-10-27,(028) 9018 0657,"342 Nicola Pine
Stanleymouth
TF3R 2BE",Female,Hillcrest Medical Centres NHS Trust,Asian,Thailand,Dependent,Nursing,Charge Nurse,Women & Children,7,53734,2023-05-19,2023-06-23,30.0,0.8,GMC,Bank,Suspended,VC611605,2030-09-01,HM451250,2028-08-24,2026-11-14,2023-06-09
EMP0574,Craig,Sharpe,sylvia82@example.com,1973-01-05,+44(0)808 1570490,"906 Tony Bridge
Summersville
CV3 7BT",Male,Northshire University Hospitals NHS Trust,Mixed,Canada,Skilled Worker,Nursing,Nursery Nurse,Clinical Support Services,2,25086,2020-11-21,2021-01-02,20.0,0.53,HCPC,Fixed Term,Active,QM338403,2030-02-14,HF604717,2027-10-24,2027-06-27,2020-12-12
EMP0575,Francesca,Davis,stephaniesmith@example.org,1985-03-21,(0113) 4960875,"56 Mistry Turnpike
Carolynland
TN24 6HH",Male,Oakridge Community Services NHS Trust,Mixed,Japan,Skilled Worker,Admin,Medical Secretary,Emergency & Urgent Care,4,36017,2017-10-26,2017-11-30,18.75,0.5,NMC,Permanent,Inactive,NN562266,2030-03-04,WZ161632,2029-12-15,2027-01-01,2017-11-16
EMP0576,Jane,Jarvis,greenwoodemily@example.net,1977-12-25,(0121) 496 0080,"86 Sian Ferry
Connorberg
WF4H 2HP",Male,Eastfield Psychological Services NHS Trust,Asian,China,Skilled Worker,AHP,Occupational Therapist,Medicine & Acute Care,6,48412,2026-03-29,2026-04-26,18.75,0.5,HCPC,Fixed Term,On Leave,OH310411,2031-08-01,EY087463,2030-12-20,2027-06-29,2026-04-19
EMP0577,Nicole,Porter,woodfrank@example.net,1962-10-22,(0141)4960733,"Studio 8
Ward Valleys
Dylanport
SE31 5QZ",Female,Northshire University Hospitals NHS Trust,Black,Kenya,Dependent,AHP,Physiotherapist,Emergency & Urgent Care,6,51079,2019-12-06,2020-01-10,18.75,0.5,NMC,Fixed Term,Active,WA153546,2031-01-05,LV371164,2028-03-24,2027-03-31,2019-12-27
EMP0578,Michael,Francis,mccarthymaureen@example.com,1965-05-11,(0115)4960462,"Flat 4
Hussain Turnpike
North Sharon
G2U 1ZT",Male,Westborough Acute Care NHS Trust,Asian,India,British Citizen,Medical,GP,Corporate Services,GP,107240,2025-08-22,2025-10-03,30.0,0.8,NMC,Fixed Term,Active,PR849772,2029-06-14,EV902672,2027-05-04,2027-02-20,2025-09-12
EMP0579,Alex,Rose,denniscollier@example.org,2007-03-27,+44909 879 0556,"0 Wilkinson Isle
Port Lindsey
GL0X 2ZA",Female,Northwood Mental Health NHS Trust,White,United Kingdom,Skilled Worker,Medical,FY1/FY2,Medicine & Acute Care,FY1,40207,2017-02-25,2017-03-25,30.0,0.8,NMC,Bank,On Leave,PO320803,2029-02-11,EG679562,2030-03-05,2027-04-15,2017-03-18
EMP0580,Alex,Whitehead,caroline66@example.net,2000-07-22,01514960911,"Flat 5
Stone Brook
New Conor
CA62 4GW",Female,Eastmoor Teaching Hospitals NHS Trust,Asian,Japan,Dependent,AHP,Radiographer,Critical Care & Anaesthesia,6,46263,2018-10-19,2018-11-16,18.75,0.5,None,Permanent,Active,WE168583,2028-03-01,VM212195,2027-03-11,2026-10-15,2018-11-09
EMP0581,Kerry,Ali,naustin@example.org,1963-02-26,+441134960755,"43 Harvey Glen
Denisside
WV7 1LA",Male,Bluewater Community & Rehabilitation NHS Trust,Mixed,Nigeria,Skilled Worker,Nursing,Senior Staff Nurse,Emergency & Urgent Care,6,54399,2022-07-19,2022-08-16,20.0,0.53,GMC,Fixed Term,Active,OS350085,2026-10-25,ZO313564,2030-06-12,2027-07-01,2022-08-09
EMP0582,Abdul,Ross,ryannicholson@example.net,1994-03-02,+44(0)1214960239,"16 Darren Street
Davidsonfurt
SA4R 9QG",Male,Riverside Integrated Care NHS Trust,Mixed,Canada,Skilled Worker,Medical,Registrar,Emergency & Urgent Care,SPR,83818,2019-09-10,2019-10-08,15.0,0.4,GMC,Bank,Suspended,LE862542,2027-08-11,CC392878,2030-11-23,2027-03-22,2019-10-01
EMP0583,Alice,Kelly,bondjasmine@example.com,2000-04-24,(0151)4960994,"Flat 04g
Leonard Highway
Matthewland
HS7 6PU",Female,Eastfield Psychological Services NHS Trust,Black,Jamaica,ILR,AHP,Radiographer,Emergency & Urgent Care,6,47115,2023-09-16,2023-10-14,30.0,0.8,None,Fixed Term,On Leave,QO434067,2028-10-20,JX104006,2030-08-17,2027-08-06,2023-10-07
EMP0584,Deborah,Bell,jonesmaureen@example.com,1969-02-10,02074960538,"099 Burns Trail
New Alexandrashire
G76 3DB",Female,Greenhaven Acute & Specialist Care NHS Trust,White,Canada,ILR,AHP,Physiologist,Surgery & Cancer,6,50677,2022-10-09,2022-11-20,18.75,0.5,NMC,Bank,Inactive,VD055994,2028-04-29,NW272243,2027-09-16,2027-06-12,2022-10-30
EMP0585,Louis,Evans,nashfrances@example.org,1964-11-01,(0118) 496 0916,"Flat 47
Taylor Lodge
Armstrongmouth
S69 3HQ",Male,Bluewater Community & Rehabilitation NHS Trust,Mixed,Nigeria,British Citizen,Medical,SHO,Corporate Services,SHO,54398,2021-11-29,2022-01-10,37.5,1.0,None,Fixed Term,Active,JB327255,2030-03-11,ZK978676,2028-12-10,2027-07-20,2021-12-20
EMP0586,Ben,Cook,ifreeman@example.com,1969-09-21,01314960112,"Studio 57A
Clive Summit
Arthurton
AB20 1YQ",Male,Riverbank General Hospitals NHS Trust,White,Australia,British Citizen,Nursing,Senior Staff Nurse,Emergency & Urgent Care,6,48495,2025-03-30,2025-05-11,15.0,0.4,GMC,Fixed Term,Inactive,RR241104,2028-06-06,HW602088,2027-05-27,2026-12-17,2025-04-20
EMP0587,Karen,Clarke,oconnorkate@example.com,1995-08-27,+44(0)909 8790218,"610 Victoria Ranch
West Garytown
N3B 4DF",Male,Valleyview Mental Wellness NHS Trust,Black,Nigeria,ILR,Nursing,Nursery Nurse,Women & Children,2,27368,2018-07-31,2018-09-11,15.0,0.4,GMC,Fixed Term,Suspended,GS268528,2030-05-20,CA559484,2029-08-18,2027-01-25,2018-08-21
EMP0588,Kayleigh,Sharpe,kanderson@example.net,1995-05-05,+44161 496 0432,"Flat 3
Kent Skyway
Lake Damianland
BN25 9QW",Male,Bluewater Community & Rehabilitation NHS Trust,White,United Kingdom,British Citizen,Admin,Receptionist,Surgery & Cancer,3,30041,2017-02-11,2017-03-25,15.0,0.4,HCPC,Bank,On Leave,MO835447,2029-02-02,OX440201,2027-02-21,2027-06-22,2017-03-04
EMP0589,Janice,Sanders,ilewis@example.org,2001-08-02,+44(0)306 999 0595,"4 Jade Manors
Andreatown
OL3W 3NY",Female,Greenhaven Acute & Specialist Care NHS Trust,Asian,Japan,British Citizen,AHP,Physiologist,Women & Children,6,49853,2020-05-11,2020-06-22,20.0,0.53,GMC,Permanent,Inactive,SU004349,2031-02-24,TT409797,2028-08-22,2026-12-03,2020-06-01
EMP0590,Mitchell,Coles,katierobson@example.org,1968-11-19,+44(0)141 4960198,"Flat 8
Conor Falls
Billyville
DH4H 0WN",Female,Westmere Community Health NHS Trust,Black,Ghana,Dependent,Admin,Data Analyst,Emergency & Urgent Care,8A,59900,2022-06-21,2022-08-02,15.0,0.4,NMC,Bank,On Leave,GM273841,2029-08-12,SH396366,2028-12-03,2026-12-23,2022-07-12
EMP0591,Nicole,Sanderson,davislauren@example.net,1964-05-04,09098790437,"5 Christian Island
Howardville
CB84 8FD",Male,Westborough Acute Care NHS Trust,White,Canada,British Citizen,Medical,FY1/FY2,Critical Care & Anaesthesia,FY1,36836,2020-10-05,2020-11-02,20.0,0.53,GMC,Permanent,On Leave,BR815564,2027-10-20,ZK622859,2030-05-30,2027-05-31,2020-10-26
EMP0592,Kyle,Nelson,smithsally@example.org,1997-07-29,+44(0)1914960101,"7 Damian Plaza
North Staceyfort
E10 5TT",Male,Horizon Integrated Health Partnership NHS Trust,Asian,China,ILR,AHP,Radiographer,Surgery & Cancer,6,52067,2019-08-12,2019-09-16,37.5,1.0,GMC,Fixed Term,On Leave,LJ899446,2028-10-11,CE626485,2030-09-29,2026-12-22,2019-09-02
EMP0593,Brenda,Hayes,adammason@example.org,1991-09-14,+441914960192,"79 Oliver Route
South Abigailchester
NR55 6DH",Male,Bluewater Community & Rehabilitation NHS Trust,Mixed,Ghana,ILR,Admin,Administrator,Emergency & Urgent Care,3,27858,2021-04-17,2021-05-15,18.75,0.5,None,Permanent,Suspended,DT437602,2030-11-23,SF679228,2027-02-23,2027-02-05,2021-05-08
EMP0594,Clive,Taylor,rosskimberley@example.com,1980-02-09,+44(0)20 7496 0828,"Studio 24R
Wood Run
Austinside
HG5 1WS",Male,Horizon Integrated Health Partnership NHS Trust,Mixed,Canada,Skilled Worker,AHP,Radiographer,Women & Children,6,53020,2018-07-16,2018-08-27,15.0,0.4,HCPC,Bank,On Leave,IB558045,2031-07-28,ML670273,2031-05-24,2027-08-08,2018-08-06
EMP0595,Marie,Thomas,carpenteramelia@example.net,1992-05-21,(0161) 4960504,"0 Hughes Brook
South Sean
SO15 2BE",Male,Valleyview Mental Wellness NHS Trust,Black,Barbados,ILR,AHP,Radiographer,Clinical Support Services,6,49362,2023-02-01,2023-03-08,30.0,0.8,NMC,Fixed Term,On Leave,ZG169704,2030-03-07,DY457821,2030-09-28,2026-11-27,2023-02-22
EMP0596,Allan,Long,jholt@example.org,1992-06-29,+44114 496 0061,"22 Day Estate
Helenport
SG98 8JD",Male,Horizon Integrated Health Partnership NHS Trust,Mixed,Australia,Dependent,Medical,FY1/FY2,Corporate Services,FY1,40346,2017-11-04,2017-12-09,30.0,0.8,None,Permanent,Suspended,WM977307,2028-07-05,DH261726,2030-10-15,2027-03-21,2017-11-25
EMP0597,Christopher,Bentley,richardsonglen@example.net,1998-11-29,+4429 2018 0074,"Flat 43
Kerr Springs
New Amelia
WN8 1FA",Male,Lakeside District Hospitals NHS Trust,Black,Barbados,Dependent,Medical,Consultant,Corporate Services,CONS,135770,2016-09-18,2016-10-16,37.5,1.0,NMC,Fixed Term,On Leave,WG399137,2030-10-24,QA485588,2028-06-28,2027-09-09,2016-10-09
EMP0598,Malcolm,Hyde,armstrongmark@example.com,2008-04-16,(028) 9018 0067,"Studio 6
Holden Views
Port Terry
W1C 6US",Female,Greenhaven Acute & Specialist Care NHS Trust,White,United States,Skilled Worker,Admin,Medical Secretary,Medicine & Acute Care,4,31768,2020-02-22,2020-03-28,37.5,1.0,None,Bank,Active,BN692817,2030-08-23,XK733750,2028-03-21,2026-12-20,2020-03-14
EMP0599,Charlie,Hunt,stewartgillian@example.com,1969-07-03,+44(0)292018736,"Studio 13n
Morris Terrace
Curtismouth
HR2A 9JA",Female,Greenhaven Acute & Specialist Care NHS Trust,Black,Barbados,British Citizen,AHP,Physiologist,Clinical Support Services,6,45371,2019-10-28,2019-12-02,30.0,0.8,GMC,Fixed Term,Active,EO697634,2028-01-01,YN398815,2027-02-24,2027-05-17,2019-11-18
EMP0600,Joel,Graham,charlene63@example.net,1984-07-18,+44306 9990909,"1 Paula Fords
South Trevor
N1D 4XE",Female,Westmere Community Health NHS Trust,White,United States,British Citizen,Medical,Consultant,Corporate Services,CONS,114014,2026-06-03,2026-07-01,18.75,0.5,HCPC,Fixed Term,On Leave,UH740075,2030-11-19,AZ310299,2028-10-26,2026-10-25,2026-06-24
EMP0601,Rosemary,Reeves,websterlouise@example.com,1984-04-15,0115 4960467,"Studio 7
Duffy Hollow
Andersonport
OX2W 1WN",Male,Bluewater Community & Rehabilitation NHS Trust,Black,Kenya,Skilled Worker,Medical,Registrar,Medicine & Acute Care,SPR,69704,2017-09-08,2017-10-06,37.5,1.0,NMC,Bank,Suspended,RB974723,2031-05-16,AZ233526,2029-12-20,2027-02-12,2017-09-29
EMP0602,Lesley,Baldwin,hhewitt@example.net,1998-03-31,0115 4960188,"978 Danielle Circle
West Samantha
CV8Y 2NB",Male,Northshire University Hospitals NHS Trust,Black,Kenya,Dependent,Admin,Medical Secretary,Medicine & Acute Care,4,35040,2021-04-11,2021-05-09,37.5,1.0,None,Permanent,Active,RF710756,2027-09-23,ZQ921427,2028-09-02,2026-10-02,2021-05-02
EMP0603,Frank,Winter,jeffreyrobinson@example.org,1978-01-09,(0909)8790246,"Studio 6
Fletcher Cliff
East Jasonton
L0C 8QG",Male,Broadfield Clinical Services NHS Trust,White,Canada,Dependent,AHP,Speech Therapist,Surgery & Cancer,6,50036,2026-09-06,2026-10-04,30.0,0.8,HCPC,Bank,Suspended,XJ447013,2027-03-09,EA867202,2029-11-14,2026-12-29,2026-09-27
EMP0604,Lisa,Brown,adavies@example.org,1986-01-13,(0121) 4960227,"Flat 95
Julia Lodge
South Ritaport
IP36 1ZF",Female,Meadowbrook Community Health NHS Trust,Asian,Japan,British Citizen,Medical,Consultant,Medicine & Acute Care,CONS,123930,2016-10-01,2016-11-05,30.0,0.8,HCPC,Bank,Suspended,EQ952647,2030-07-05,OQ844678,2027-05-15,2027-04-03,2016-10-22
EMP0605,Pamela,Young,damienmarsh@example.com,1981-09-10,+441632 960 256,"Studio 2
Barry Port
New Glenmouth
M7A 5QS",Male,Broadfield Clinical Services NHS Trust,Asian,Thailand,Dependent,AHP,Occupational Therapist,Medicine & Acute Care,6,53117,2024-06-05,2024-07-17,37.5,1.0,None,Bank,Suspended,TR276487,2031-02-06,BE149684,2027-09-12,2027-06-05,2024-06-26
EMP0606,Jill,Brooks,joyceingram@example.org,1986-01-22,+44(0)3069990791,"554 Macdonald Meadows
Billymouth
B5 3HJ",Female,Lakeside District Hospitals NHS Trust,White,New Zealand,Skilled Worker,Medical,Consultant,Corporate Services,CONS,131894,2025-02-11,2025-03-11,20.0,0.53,NMC,Fixed Term,Active,HH079092,2031-04-12,WZ905643,2030-12-11,2027-03-31,2025-03-04
EMP0607,Vanessa,Patel,mohamed97@example.net,1975-11-19,0306 999 0861,"942 Fisher Lights
New Oliviaville
S49 0US",Female,Southgate Community & Mental Health NHS Trust,Mixed,China,Skilled Worker,Nursing,Ward Manager,Women & Children,8A,60932,2017-10-22,2017-11-26,15.0,0.4,HCPC,Fixed Term,Suspended,QD808886,2028-06-20,JY326579,2029-11-01,2026-10-24,2017-11-12
EMP0608,Hollie,Murray,johnsonmax@example.org,1991-04-07,+44(0)131 4960345,"0 Hazel Brook
Jacksonshire
DT0M 9ND",Male,Westborough Acute Care NHS Trust,Black,Kenya,British Citizen,AHP,Speech Therapist,Emergency & Urgent Care,6,46019,2022-07-29,2022-08-26,18.75,0.5,GMC,Bank,Inactive,XJ098329,2031-05-31,US902703,2030-03-09,2026-11-27,2022-08-19
EMP0609,Adrian,Johnson,greenwoodrussell@example.com,1991-01-29,+441214960003,"Studio 52U
Abbie Islands
Port Beverleyton
E5C 8XG",Male,Hillcrest Medical Centres NHS Trust,Black,Nigeria,Dependent,Medical,Registrar,Critical Care & Anaesthesia,SPR,77007,2016-12-06,2017-01-03,37.5,1.0,GMC,Fixed Term,On Leave,VB800980,2027-09-28,SF017802,2029-05-21,2027-06-01,2016-12-27
EMP0610,Zoe,Jones,geoffrey78@example.org,1978-04-28,0141 4960464,"82 Stephenson Vista
Hughesland
TQ3X 1YH",Female,Westmere Community Health NHS Trust,Mixed,South Africa,Dependent,Medical,Consultant,Women & Children,CONS,98529,2018-11-02,2018-12-14,20.0,0.53,None,Permanent,On Leave,YG172161,2027-05-26,FI274437,2027-05-15,2027-07-18,2018-11-23
EMP0611,Yvonne,Steele,gwatts@example.net,1979-03-26,+44(0)1632960663,"159 Craig Overpass
Banksview
EH1 5NR",Male,Lakeside District Hospitals NHS Trust,White,New Zealand,Dependent,Nursing,Staff Nurse,Clinical Support Services,5,38209,2023-12-19,2024-01-23,37.5,1.0,GMC,Fixed Term,Inactive,DU192663,2029-11-10,YW469433,2030-11-06,2026-11-13,2024-01-09
EMP0612,Sarah,Harris,amandamason@example.net,1987-04-09,(029)2018288,"33 Nicholson Trail
Gregoryburgh
N00 0SN",Male,Westborough Acute Care NHS Trust,Mixed,United Kingdom,Skilled Worker,AHP,Occupational Therapist,Corporate Services,6,50074,2018-08-17,2018-09-21,20.0,0.53,GMC,Fixed Term,Suspended,TZ062387,2031-09-04,AP183391,2026-10-30,2027-09-07,2018-09-07
EMP0613,Yvonne,Giles,terence76@example.com,2005-02-14,+4428 9018 0191,"Flat 5
Rachel Springs
Nicolaville
IM91 7PD",Female,Lakeside District Hospitals NHS Trust,Mixed,Australia,Skilled Worker,Admin,Receptionist,Women & Children,3,26327,2026-07-20,2026-08-17,15.0,0.4,NMC,Permanent,Active,SS146378,2029-01-08,DO834822,2029-09-24,2027-04-03,2026-08-10
EMP0614,Chloe,Graham,imoran@example.org,2004-08-03,+441154960860,"Flat 47
Katherine Road
North Conor
SP7 5TH",Male,Westborough Acute Care NHS Trust,White,United States,Dependent,Admin,Administrator,Medicine & Acute Care,3,30514,2022-08-31,2022-09-28,37.5,1.0,GMC,Fixed Term,Active,OA555489,2027-08-14,PN889249,2030-04-18,2027-02-08,2022-09-21
EMP0615,Julia,Henderson,taylorjack@example.org,1965-09-06,0117 496 0260,"71 Nicholls Alley
Edwardsland
G28 6JZ",Female,Midlands Central Hospitals NHS Trust,Black,Nigeria,Dependent,Nursing,Charge Nurse,Women & Children,7,63221,2020-12-27,2021-01-24,20.0,0.53,None,Permanent,Active,IJ461640,2027-10-22,NA556726,2031-01-01,2027-02-08,2021-01-17
EMP0616,Jacob,Thornton,walkerkaty@example.net,1978-10-16,0191 4960701,"735 Chadwick Terrace
Garethberg
S4T 7EE",Male,Westmere Community Health NHS Trust,White,United States,British Citizen,Nursing,Ward Manager,Women & Children,8A,69370,2026-08-18,2026-09-22,18.75,0.5,NMC,Permanent,Inactive,YW688650,2028-11-09,YU270271,2026-12-27,2027-01-30,2026-09-08
EMP0617,Mark,Robinson,georgina28@example.com,1987-04-05,028 9018 0618,"992 Callum Gateway
Rachelmouth
M0 7JG",Female,Valleyview Mental Wellness NHS Trust,Mixed,New Zealand,British Citizen,Admin,Administrator,Clinical Support Services,3,31834,2016-10-28,2016-12-02,30.0,0.8,None,Permanent,Suspended,NM349155,2029-06-24,GQ115370,2029-08-31,2027-02-07,2016-11-18
EMP0618,Georgia,Richards,nwhitehead@example.com,1979-05-11,029 2018 0391,"Flat 74w
Ashleigh Isle
Briggschester
SG0 0AU",Male,Hillcrest Medical Centres NHS Trust,White,New Zealand,British Citizen,Admin,Data Analyst,Clinical Support Services,8A,58052,2023-05-21,2023-07-02,20.0,0.53,HCPC,Permanent,On Leave,MU109681,2031-01-16,QW684266,2029-11-18,2027-01-16,2023-06-11
EMP0619,Jake,Wood,lambertmartin@example.com,2001-10-20,+44(0)306 999 0774,"Studio 87d
Todd Street
Brookesstad
LA7 7LA",Male,Meadowbrook Community Health NHS Trust,Asian,China,ILR,Admin,Administrator,Emergency & Urgent Care,3,30700,2017-05-12,2017-06-09,30.0,0.8,None,Bank,Active,DB644926,2029-09-05,OF947586,2029-03-01,2027-04-11,2017-06-02
EMP0620,Catherine,Carter,colephilip@example.com,1970-07-16,+44117 496 0054,"16 Fisher Mill
Harveytown
B22 0SH",Female,Lakeside District Hospitals NHS Trust,Mixed,China,Dependent,AHP,Physiologist,Women & Children,6,50867,2024-05-18,2024-06-29,30.0,0.8,GMC,Permanent,Inactive,GV645296,2027-09-01,PP279254,2028-03-03,2026-09-19,2024-06-08
EMP0621,Guy,Slater,nstevens@example.org,1964-07-06,(0121) 496 0967,"3 Black Drive
North Kevin
W5 5AL",Male,Southgate Community & Mental Health NHS Trust,White,United Kingdom,British Citizen,Medical,Registrar,Medicine & Acute Care,SPR,66580,2021-09-26,2021-10-31,30.0,0.8,NMC,Fixed Term,On Leave,CB779362,2028-01-23,PK324844,2029-12-06,2027-04-30,2021-10-17
EMP0622,Mandy,Walker,josephinegilbert@example.net,1980-10-09,0191 4960051,"199 Patel Forges
New Gavinland
DA5 5BU",Male,Greenhaven Acute & Specialist Care NHS Trust,White,New Zealand,ILR,Medical,Consultant,Clinical Support Services,CONS,109951,2022-01-29,2022-03-12,30.0,0.8,GMC,Permanent,Suspended,VE690307,2028-06-18,DZ510393,2031-06-18,2027-08-01,2022-02-19
EMP0623,Toby,Johnson,leannehiggins@example.com,1980-03-08,+44(0)2074960158,"Studio 37T
Terence Square
Port Jeffrey
W96 4QL",Female,Lakeside District Hospitals NHS Trust,White,United Kingdom,Skilled Worker,Admin,Receptionist,Surgery & Cancer,3,29026,2022-12-25,2023-01-29,20.0,0.53,HCPC,Fixed Term,Suspended,JB301430,2031-03-27,EH639423,2028-10-16,2027-06-17,2023-01-15
EMP0624,Joel,Allen,schofieldalex@example.net,1986-05-24,01914960685,"6 Bowen Rapid
Elainemouth
S3W 0LT",Male,Eastfield Psychological Services NHS Trust,White,Canada,British Citizen,AHP,Physiotherapist,Critical Care & Anaesthesia,6,51547,2019-08-04,2019-09-15,37.5,1.0,NMC,Permanent,Suspended,QP644215,2029-12-28,ZQ732004,2027-07-27,2027-07-18,2019-08-25
EMP0625,Sean,Johnson,leahclayton@example.org,1990-03-09,+44909 8790885,"9 Jodie Mission
West Clifford
N58 4GD",Male,Westmere Community Health NHS Trust,White,Canada,British Citizen,Admin,Administrator,Women & Children,3,26924,2020-07-31,2020-09-04,20.0,0.53,GMC,Bank,Inactive,NK968258,2029-02-08,JE930052,2030-10-27,2027-01-10,2020-08-21
EMP0626,Janet,Smith,xhussain@example.com,2000-10-25,(0116) 496 0728,"811 Christine Radial
Alanview
SK8 7FL",Female,Riverside Integrated Care NHS Trust,Asian,Japan,ILR,Nursing,Nursery Nurse,Corporate Services,2,25861,2022-11-16,2022-12-28,15.0,0.4,NMC,Fixed Term,On Leave,DS824677,2028-02-23,MO362518,2029-03-14,2026-12-20,2022-12-07
EMP0627,Kayleigh,Collins,afuller@example.com,1975-01-11,+44161 496 0851,"Studio 48p
Pamela Via
East Francesca
CF2 8FG",Female,Riverside Integrated Care NHS Trust,Black,Ghana,ILR,Nursing,Healthcare Assistant,Corporate Services,2,26401,2025-06-27,2025-08-08,15.0,0.4,None,Permanent,Active,SY528682,2029-05-28,OD035274,2027-09-08,2027-01-10,2025-07-18
EMP0628,Georgina,Williams,ysanders@example.com,1999-02-26,0114 4960945,"Studio 75
Stanley Corner
East Leanneton
BB86 6BW",Male,Meadowbrook Community Health NHS Trust,Mixed,Kenya,ILR,Medical,Consultant,Surgery & Cancer,CONS,101809,2018-10-31,2018-12-05,30.0,0.8,None,Fixed Term,On Leave,DN143602,2027-10-03,WK893563,2028-04-03,2027-03-06,2018-11-21
EMP0629,Abdul,Jones,adamsamelia@example.net,1968-02-20,+44(0)116 496 0205,"1 Humphreys Lakes
West Marcusside
W62 8BB",Female,Southgate Community & Mental Health NHS Trust,Black,South Africa,British Citizen,Nursing,Ward Manager,Emergency & Urgent Care,8A,60552,2025-11-11,2025-12-16,30.0,0.8,None,Fixed Term,Active,VJ332095,2028-02-14,CL711812,2028-07-06,2027-05-13,2025-12-02
EMP0630,Iain,Harris,ymiller@example.org,1983-01-06,01174960303,"542 Riley Terrace
Port Conorville
KA0 7BF",Male,Hillcrest Medical Centres NHS Trust,White,United States,Skilled Worker,AHP,Physiotherapist,Medicine & Acute Care,6,48935,2023-01-11,2023-02-22,18.75,0.5,GMC,Bank,On Leave,HX228191,2029-05-09,VI308606,2028-12-16,2027-04-22,2023-02-01
EMP0631,Scott,Jones,kaurdenise@example.com,1985-06-24,(0151) 4960208,"13 Wilson Views
Port Maureen
E6 9EA",Female,Hillcrest Medical Centres NHS Trust,White,New Zealand,British Citizen,Nursing,Healthcare Assistant,Medicine & Acute Care,2,24352,2018-01-16,2018-02-13,15.0,0.4,GMC,Bank,On Leave,UV384370,2026-12-29,XP352871,2031-05-04,2027-08-01,2018-02-06
EMP0632,Marian,Smith,masonkeith@example.com,1993-04-08,+449098790730,"Studio 52
Gillian Road
Baileyfurt
DL4 5ZX",Female,Northwood Mental Health NHS Trust,Asian,China,British Citizen,Medical,Consultant,Surgery & Cancer,CONS,120585,2026-03-18,2026-04-29,15.0,0.4,NMC,Bank,Inactive,DP751276,2028-06-01,BS741723,2029-05-06,2027-05-30,2026-04-08
EMP0633,Charlotte,Martin,alexpritchard@example.net,2003-03-08,+44(0)115 4960108,"111 Clifford Light
Briggsborough
LN41 9WT",Female,Westmere Community Health NHS Trust,Asian,India,ILR,Nursing,Senior Staff Nurse,Surgery & Cancer,6,50764,2019-01-02,2019-02-13,30.0,0.8,HCPC,Permanent,Suspended,RO671479,2028-01-02,KY534922,2026-09-19,2027-08-04,2019-01-23
EMP0634,Jenna,Turner,sarawilson@example.org,2001-07-15,+44909 879 0927,"Flat 11L
Smith Rapids
North Geraldine
B3D 4AX",Female,Riverbank General Hospitals NHS Trust,Black,South Africa,Dependent,Nursing,Charge Nurse,Surgery & Cancer,7,53498,2017-05-01,2017-05-29,20.0,0.53,NMC,Permanent,Active,DB087581,2030-07-17,ZI999425,2027-12-09,2027-03-29,2017-05-22
EMP0635,Jenna,Day,karen84@example.net,1994-09-27,020 7946 0794,"Flat 60U
Jane Islands
Loweside
S7K 5JT",Male,Riverbank General Hospitals NHS Trust,White,Australia,ILR,Admin,Data Analyst,Clinical Support Services,8A,62135,2026-06-24,2026-07-22,37.5,1.0,HCPC,Permanent,Active,FF622226,2028-04-26,DL642263,2031-02-03,2027-09-06,2026-07-15
EMP0636,Cameron,Morris,donnaholt@example.com,1967-08-16,0118 496 0682,"3 Young Stream
South Sianmouth
G6K 3TY",Female,Eastfield Psychological Services NHS Trust,Mixed,Barbados,Skilled Worker,Nursing,Senior Staff Nurse,Women & Children,6,52084,2018-11-04,2018-12-09,18.75,0.5,HCPC,Bank,On Leave,PD437845,2029-07-17,RU519648,2029-09-10,2027-02-19,2018-11-25
EMP0637,Katherine,Brown,tony51@example.net,1978-06-15,+44(0)116 496 0880,"Studio 8
Jeremy Cape
New Martyn
CM0 8ZZ",Female,Westborough Acute Care NHS Trust,Asian,Thailand,Skilled Worker,Admin,Data Analyst,Surgery & Cancer,8A,59111,2020-05-01,2020-06-12,37.5,1.0,NMC,Fixed Term,On Leave,DM721949,2031-04-22,DE626682,2027-03-20,2027-06-20,2020-05-22
EMP0638,William,Jarvis,bnewton@example.net,1983-06-20,+441632 960063,"Studio 96L
May Pass
Donaldshire
SY10 0YA",Male,Riverside Integrated Care NHS Trust,Asian,China,ILR,Admin,Medical Secretary,Clinical Support Services,4,33997,2020-10-30,2020-12-11,20.0,0.53,NMC,Bank,On Leave,NL252874,2029-03-21,PR303398,2030-01-27,2027-04-14,2020-11-20
EMP0639,Judith,Osborne,ugoodwin@example.net,1961-11-28,+44(0)121 496 0090,"81 Barnett Extensions
Billychester
M33 8ZX",Male,Eastfield Psychological Services NHS Trust,Black,Trinidad and Tobago,Skilled Worker,AHP,Physiologist,Medicine & Acute Care,6,44529,2023-05-28,2023-07-09,37.5,1.0,HCPC,Permanent,Active,AS239105,2030-09-21,BA885418,2030-11-18,2026-09-15,2023-06-18
EMP0640,Ronald,Gill,baileyrachael@example.net,1993-10-01,+44121 496 0543,"4 Jacqueline Rapid
New Alanchester
CT0 2SZ",Male,Westmere Community Health NHS Trust,Mixed,New Zealand,British Citizen,Nursing,Healthcare Assistant,Clinical Support Services,2,27653,2019-04-30,2019-06-04,15.0,0.4,None,Permanent,Suspended,BA723922,2026-10-11,ZL177982,2026-10-13,2026-12-27,2019-05-21
EMP0641,Lawrence,Stevens,cartwrightrobin@example.com,1985-04-19,+44(0)1414960816,"4 Jones Curve
Bartonbury
BD3B 1ZX",Female,Northwood Mental Health NHS Trust,Asian,India,British Citizen,Nursing,Nursery Nurse,Corporate Services,2,27072,2019-06-15,2019-07-20,15.0,0.4,HCPC,Fixed Term,Active,GT121815,2027-12-23,CC328378,2026-11-17,2026-09-14,2019-07-06
EMP0642,Ashley,Williams,thompsonmarie@example.org,1975-12-31,(0191) 4960876,"Studio 64
Mitchell Ridges
Newtonburgh
WA91 9HH",Male,Northshire University Hospitals NHS Trust,Black,Ghana,Dependent,Medical,SHO,Women & Children,SHO,57299,2017-09-19,2017-10-17,18.75,0.5,NMC,Fixed Term,Inactive,GR701606,2027-06-16,HV413345,2029-10-29,2027-07-27,2017-10-10
EMP0643,Nigel,Holland,molly81@example.net,1974-03-27,+44(0)121 496 0356,"Studio 65X
Stephanie Estate
Taylorbury
E74 9DE",Female,Westborough Acute Care NHS Trust,White,United States,Skilled Worker,Admin,Data Analyst,Clinical Support Services,8A,63038,2022-10-02,2022-11-06,18.75,0.5,GMC,Fixed Term,Active,NE151026,2029-07-17,EX238737,2027-01-16,2027-01-21,2022-10-23
EMP0644,Dennis,James,gillianhart@example.org,1980-03-17,01514960000,"Studio 32
Heather Prairie
New Dominic
M2A 2QF",Female,Bluewater Community & Rehabilitation NHS Trust,White,New Zealand,British Citizen,AHP,Radiographer,Critical Care & Anaesthesia,6,48394,2026-02-22,2026-03-29,37.5,1.0,NMC,Permanent,Suspended,GC558206,2029-11-30,GH336806,2029-07-23,2026-09-16,2026-03-15
EMP0645,Bradley,McCarthy,francescamartin@example.net,1982-08-26,+441632 960 747,"452 Lydia Trail
Josephinechester
HP8N 1RG",Male,Northshire University Hospitals NHS Trust,Black,South Africa,Dependent,Admin,Receptionist,Surgery & Cancer,3,26689,2026-07-25,2026-09-05,20.0,0.53,None,Permanent,Active,SG130164,2030-10-23,HY368850,2026-11-23,2027-01-08,2026-08-15
EMP0646,Edward,Wilson,jamesjoyce@example.com,1993-10-21,(0808)1570031,"47 Bailey Run
Wendytown
W97 9YG",Male,Eastmoor Teaching Hospitals NHS Trust,White,Australia,Skilled Worker,Nursing,Staff Nurse,Clinical Support Services,5,41582,2019-11-25,2019-12-23,30.0,0.8,None,Fixed Term,Active,RZ693742,2030-12-16,WM047407,2030-09-27,2027-06-08,2019-12-16
EMP0647,Leigh,Hussain,marianflynn@example.com,1971-05-03,+44(0)1174960939,"25 Taylor Coves
Wilsonmouth
RG48 2WB",Female,Northshire University Hospitals NHS Trust,Asian,China,ILR,Nursing,Nursery Nurse,Women & Children,2,25528,2020-11-06,2020-12-18,30.0,0.8,GMC,Fixed Term,Suspended,PR695295,2031-01-28,JA161610,2030-02-08,2027-09-04,2020-11-27
EMP0648,Paula,Winter,alexandrastevenson@example.org,1979-09-29,+44117 496 0248,"588 Laura Path
Lake Lynne
DE66 4TN",Female,Midlands Central Hospitals NHS Trust,Asian,India,British Citizen,Admin,Administrator,Surgery & Cancer,3,29558,2019-02-26,2019-04-09,20.0,0.53,None,Bank,Suspended,KZ878579,2029-06-07,UP396381,2030-06-20,2027-04-26,2019-03-19
EMP0649,Jordan,Watkins,christopher17@example.com,1966-02-26,01134960685,"279 Francis Mill
Connorville
S3B 8NL",Male,Greenhaven Acute & Specialist Care NHS Trust,White,Canada,Dependent,Admin,Administrator,Women & Children,3,31983,2023-11-20,2023-12-25,37.5,1.0,None,Bank,On Leave,DO344987,2029-05-09,AR162846,2028-11-04,2026-10-01,2023-12-11
EMP0650,Sarah,Gibson,aliceford@example.net,1981-02-02,(0115) 4960151,"8 Christopher Radial
Alanview
G6J 0YD",Female,Westborough Acute Care NHS Trust,Black,South Africa,Dependent,AHP,Pharmacist,Medicine & Acute Care,5,43299,2021-12-01,2022-01-05,20.0,0.53,None,Permanent,Inactive,MM811051,2027-08-12,PE611073,2030-03-13,2027-04-25,2021-12-22
EMP0651,Nicholas,Bibi,dorothyroberts@example.net,1973-11-22,+44306 999 0529,"Studio 01z
Ahmed Inlet
Clarkeshire
M0K 7FG",Male,Hillcrest Medical Centres NHS Trust,Mixed,Canada,ILR,Nursing,Senior Staff Nurse,Emergency & Urgent Care,6,54988,2024-03-29,2024-05-10,30.0,0.8,GMC,Bank,Suspended,HN117974,2029-11-15,JU054222,2027-09-03,2027-06-09,2024-04-19
EMP0652,Sarah,Morgan,ghall@example.org,1964-03-04,+44(0)1632960517,"767 Moss Summit
South Hazelview
LS4A 7WF",Male,Greenhaven Acute & Specialist Care NHS Trust,Asian,Japan,Skilled Worker,AHP,Physiologist,Clinical Support Services,6,48327,2017-12-18,2018-01-22,37.5,1.0,HCPC,Fixed Term,Inactive,FJ235842,2028-04-04,JU458472,2027-11-27,2027-09-05,2018-01-08
EMP0653,Garry,Knight,nathan15@example.com,1986-07-16,+44(0)151 4960064,"Flat 94o
Terence Fork
North Andrew
BA9 6BZ",Male,Riverbank General Hospitals NHS Trust,Asian,China,British Citizen,AHP,Occupational Therapist,Emergency & Urgent Care,6,49172,2019-08-30,2019-09-27,18.75,0.5,GMC,Bank,On Leave,GF240530,2026-11-09,JU471914,2030-09-24,2026-11-22,2019-09-20
EMP0654,Philip,Clarke,kingmarion@example.org,1990-06-10,+44121 4960283,"46 Chloe Club
Port Gordonville
DH15 3NP",Female,Northwood Mental Health NHS Trust,Mixed,Trinidad and Tobago,Skilled Worker,Nursing,Charge Nurse,Corporate Services,7,56422,2023-03-18,2023-04-22,37.5,1.0,NMC,Bank,Active,ZE615125,2028-03-26,UN938554,2028-05-19,2027-02-08,2023-04-08
EMP0655,Holly,Heath,zlynch@example.com,1975-03-29,+44(0)118 496 0055,"Flat 99
Charlotte Pines
East Pamela
B3C 4NS",Female,Midlands Central Hospitals NHS Trust,White,New Zealand,ILR,Medical,FY1/FY2,Emergency & Urgent Care,FY1,37660,2018-08-17,2018-09-21,20.0,0.53,GMC,Fixed Term,Inactive,DS236209,2027-06-29,CD618560,2030-10-10,2027-09-12,2018-09-07
EMP0656,Ruth,Brown,lisanewton@example.org,2002-11-01,0292018670,"2 Natalie Run
East Dorothyport
SM3R 6PL",Male,Hillcrest Medical Centres NHS Trust,Mixed,Kenya,British Citizen,AHP,Physiologist,Critical Care & Anaesthesia,6,45206,2023-11-16,2023-12-28,20.0,0.53,HCPC,Bank,Active,IC491173,2029-07-05,MZ035718,2029-10-10,2027-03-28,2023-12-07
EMP0657,Dennis,Bailey,mohamed50@example.net,1989-03-06,+44113 4960374,"Studio 67q
Walker Views
South Christinemouth
B4D 9UL",Female,Broadfield Clinical Services NHS Trust,Asian,India,British Citizen,Medical,Registrar,Emergency & Urgent Care,SPR,78386,2024-07-03,2024-08-07,18.75,0.5,None,Permanent,Inactive,XA027986,2028-05-21,AY644764,2027-03-04,2027-07-24,2024-07-24
EMP0658,Jodie,Williams,jeremysmith@example.com,1964-10-05,(0151)4960966,"Flat 46
Kathryn Branch
Leonville
UB07 0QY",Female,Southgate Community & Mental Health NHS Trust,Black,Nigeria,Dependent,AHP,Physiotherapist,Critical Care & Anaesthesia,6,46569,2017-06-05,2017-07-10,15.0,0.4,None,Bank,Suspended,XP704836,2026-12-03,ST106376,2031-07-22,2026-12-27,2017-06-26
EMP0659,Michelle,Kent,wrobinson@example.org,1979-12-12,(0113) 4960083,"48 Mann Square
New Sharon
B3C 9TX",Female,Northshire University Hospitals NHS Trust,Black,Trinidad and Tobago,British Citizen,Nursing,Charge Nurse,Critical Care & Anaesthesia,7,62231,2020-02-20,2020-03-26,30.0,0.8,HCPC,Permanent,Suspended,JZ235252,2028-06-10,HW787766,2029-06-17,2026-12-14,2020-03-12
EMP0660,Naomi,Lee,abrown@example.com,1963-06-17,(0141)4960460,"Flat 1
Hyde Union
Harrisbury
SA5M 4RL",Female,Riverside Integrated Care NHS Trust,Mixed,China,British Citizen,Nursing,Healthcare Assistant,Critical Care & Anaesthesia,2,26866,2018-12-03,2019-01-14,15.0,0.4,None,Bank,On Leave,DD026945,2030-05-18,YI386665,2029-08-05,2027-05-02,2018-12-24
EMP0661,Sharon,Watson,marie57@example.net,1982-03-31,(0113) 4960904,"708 Bryan Glen
North Vanessa
B02 7LB",Male,Riverbank General Hospitals NHS Trust,Black,Barbados,ILR,Admin,Receptionist,Corporate Services,3,31685,2017-05-29,2017-07-03,37.5,1.0,None,Fixed Term,Active,HD531310,2028-07-23,VM742226,2031-08-20,2027-06-21,2017-06-19
EMP0662,Ian,Weston,ryanparker@example.com,1961-05-27,(0151) 496 0637,"82 Taylor Fork
East Jessica
NR17 8AJ",Male,Riverside Integrated Care NHS Trust,Black,Barbados,Dependent,Nursing,Senior Staff Nurse,Women & Children,6,44355,2020-11-02,2020-12-14,30.0,0.8,NMC,Permanent,Active,EL776415,2027-09-09,MQ839407,2028-01-27,2027-06-15,2020-11-23
EMP0663,Bethany,Taylor,damientaylor@example.org,1983-02-10,(01632) 960 234,"Studio 5
Stewart Streets
Lisatown
L85 9SJ",Female,Southvale Hospitals NHS Trust,Asian,Thailand,Skilled Worker,AHP,Speech Therapist,Women & Children,6,49655,2017-10-14,2017-11-18,30.0,0.8,GMC,Fixed Term,Suspended,LF970334,2027-03-27,BH897010,2031-07-20,2027-07-28,2017-11-04
EMP0664,Mathew,Wilson,hardyvanessa@example.net,1985-02-08,+44(0)113 4960675,"Studio 56b
Anna Shores
New Maureenshire
HX69 9RY",Female,Westmere Community Health NHS Trust,Mixed,New Zealand,Skilled Worker,Nursing,Nursery Nurse,Surgery & Cancer,2,25635,2020-09-29,2020-11-03,37.5,1.0,HCPC,Bank,On Leave,OD156834,2030-07-06,VQ597114,2031-05-01,2027-01-01,2020-10-20
EMP0665,Allan,Miller,goughnicholas@example.org,1995-07-22,+44(0)808 1570592,"Flat 78k
Wood Hill
Taylorville
BB1A 3RB",Male,Riverside Integrated Care NHS Trust,Asian,Thailand,ILR,Nursing,Ward Manager,Emergency & Urgent Care,8A,55339,2025-02-13,2025-03-27,18.75,0.5,None,Bank,Active,RJ426496,2026-09-28,YK165422,2028-01-10,2026-12-30,2025-03-06
EMP0666,Martyn,Wood,ihewitt@example.org,1967-11-14,+44(0)28 9018887,"Flat 88b
Cooper Fall
South Gemmaton
EH4B 1XG",Male,Bluewater Community & Rehabilitation NHS Trust,Mixed,Ghana,Skilled Worker,Medical,Consultant,Critical Care & Anaesthesia,CONS,130707,2022-02-12,2022-03-12,15.0,0.4,None,Bank,Inactive,KF394336,2028-05-28,XT167643,2028-08-15,2027-01-03,2022-03-05
EMP0667,Declan,Jones,rosie52@example.org,1997-12-14,+44118 4960813,"5 Hill Mountains
Lawrenceside
S6J 5BZ",Male,Greenhaven Acute & Specialist Care NHS Trust,Asian,Japan,British Citizen,Nursing,Senior Staff Nurse,Corporate Services,6,48548,2017-07-15,2017-08-12,18.75,0.5,None,Bank,Inactive,UK664538,2031-03-27,JT889965,2028-03-24,2026-12-28,2017-08-05
EMP0668,Callum,Lawson,metcalfesharon@example.net,1992-03-07,+44(0)1214960670,"Studio 62
Palmer Islands
Owentown
B4 9YU",Male,Southgate Community & Mental Health NHS Trust,White,Canada,British Citizen,AHP,Radiographer,Emergency & Urgent Care,6,53772,2025-08-24,2025-10-05,20.0,0.53,GMC,Permanent,Suspended,VO246321,2029-06-12,YV713176,2027-01-11,2027-03-31,2025-09-14
EMP0669,Alison,Chambers,debra10@example.com,1984-11-19,+44141 4960197,"26 Heather Crossroad
New Jacobtown
S53 0AT",Female,Horizon Integrated Health Partnership NHS Trust,Asian,India,ILR,Medical,Registrar,Women & Children,SPR,76542,2020-12-10,2021-01-07,37.5,1.0,None,Permanent,Active,IJ147958,2030-02-24,PP578975,2031-03-23,2026-09-27,2020-12-31
EMP0670,Edward,Parker,vwright@example.com,1964-04-03,+44(0)1134960576,"Studio 2
Wilson Common
Mitchellmouth
BT38 2YZ",Male,Lakeside District Hospitals NHS Trust,Asian,Thailand,British Citizen,AHP,Occupational Therapist,Corporate Services,6,52791,2026-03-18,2026-04-29,15.0,0.4,None,Bank,Suspended,ID239642,2031-04-07,NO920448,2030-10-31,2027-02-01,2026-04-08
EMP0671,Alison,Marsh,grace21@example.net,2003-08-17,0161 496 0034,"89 Colin Ridge
Port Ruthburgh
L5U 0EH",Female,Eastmoor Teaching Hospitals NHS Trust,Mixed,Thailand,Dependent,Admin,Administrator,Medicine & Acute Care,3,29414,2026-08-27,2026-09-24,15.0,0.4,HCPC,Permanent,Active,JZ296875,2028-07-18,VM019322,2029-02-15,2027-02-07,2026-09-17
EMP0672,Megan,Nash,edavidson@example.org,1969-01-18,01174960869,"Flat 83
Richard Canyon
Bowenborough
EH8 6XX",Male,Midlands Central Hospitals NHS Trust,White,United States,Dependent,Admin,Administrator,Surgery & Cancer,3,29990,2020-03-10,2020-04-14,15.0,0.4,GMC,Fixed Term,Suspended,EP527035,2030-12-28,AW340603,2030-06-07,2026-10-22,2020-03-31
EMP0673,Margaret,Smith,natasha15@example.com,1967-07-15,(0808)1570386,"Studio 6
Bethan Ports
Port Denisberg
PR9R 3EJ",Female,Horizon Integrated Health Partnership NHS Trust,Asian,China,British Citizen,AHP,Physiotherapist,Emergency & Urgent Care,6,54590,2024-04-30,2024-06-04,18.75,0.5,GMC,Permanent,On Leave,XJ906777,2027-09-21,WX295083,2029-04-01,2027-06-05,2024-05-21
EMP0674,Diane,Spencer,gardnerrussell@example.com,1976-02-25,(0151) 496 0960,"389 Adam Rapids
New Connorville
W6 3DW",Female,Bluewater Community & Rehabilitation NHS Trust,Black,Kenya,ILR,AHP,Speech Therapist,Women & Children,6,46002,2017-06-18,2017-07-23,15.0,0.4,HCPC,Permanent,On Leave,LT829955,2031-01-28,LH258611,2027-10-05,2027-06-14,2017-07-09
EMP0675,Alexander,Roberts,louis18@example.net,1992-09-22,(0114)4960045,"Studio 0
Graeme Bypass
East Kieranchester
E92 7DY",Male,Westmere Community Health NHS Trust,Mixed,China,ILR,AHP,Occupational Therapist,Medicine & Acute Care,6,54567,2019-12-31,2020-02-11,15.0,0.4,NMC,Bank,Suspended,DJ779734,2027-06-09,YX896516,2028-08-02,2026-11-13,2020-01-21
EMP0676,Olivia,Barnes,jane22@example.net,1985-06-26,+44118 496 0556,"Flat 0
Lee Bridge
Lake Eleanorville
W1 5YD",Female,Northwood Mental Health NHS Trust,Black,Ghana,ILR,Medical,FY1/FY2,Critical Care & Anaesthesia,FY1,38534,2023-10-19,2023-11-16,37.5,1.0,None,Permanent,Suspended,MC107678,2027-07-13,OM083089,2028-07-20,2026-09-28,2023-11-09
EMP0677,Amber,Pearson,bethandunn@example.net,1999-12-23,0113 496 0342,"5 Jones Cove
New Carolefort
PA0W 9PG",Male,Valleyview Mental Wellness NHS Trust,Mixed,China,British Citizen,Nursing,Staff Nurse,Surgery & Cancer,5,44418,2018-05-07,2018-06-18,18.75,0.5,None,Bank,On Leave,FZ126141,2028-04-10,UZ939887,2030-01-16,2026-10-15,2018-05-28
EMP0678,Kathleen,Morrison,scottshort@example.net,1960-12-25,+44(0)28 9018478,"Flat 59h
Smith Rue
South Lesleychester
L0 3PS",Female,Broadfield Clinical Services NHS Trust,Asian,India,British Citizen,Admin,Medical Secretary,Corporate Services,4,32529,2018-08-29,2018-09-26,20.0,0.53,HCPC,Bank,On Leave,BX228669,2029-08-15,BV219629,2031-01-25,2027-02-18,2018-09-19
EMP0679,Alex,Hunter,sjones@example.com,2003-05-22,+44(0)1614960825,"Flat 12d
Lindsey Crossroad
East Frank
L1 6QG",Male,Horizon Integrated Health Partnership NHS Trust,Asian,Japan,ILR,AHP,Pharmacist,Women & Children,5,39416,2019-10-23,2019-12-04,15.0,0.4,None,Permanent,Active,OI553585,2028-06-07,RY845192,2030-02-12,2026-12-25,2019-11-13
EMP0680,Deborah,Holmes,beverleyread@example.com,2007-12-29,+44141 496 0613,"Studio 78
Coates Mall
East Nigelland
JE06 6QU",Male,Midlands Central Hospitals NHS Trust,Asian,Japan,British Citizen,Admin,Medical Secretary,Critical Care & Anaesthesia,4,31152,2025-05-07,2025-06-18,18.75,0.5,NMC,Bank,On Leave,ZT379679,2027-08-06,AJ579565,2030-05-24,2027-02-13,2025-05-28
EMP0681,Jason,Turner,hughesabigail@example.net,1961-09-14,+441514960886,"08 Thomas Burgs
Port Jade
DY5 6ZF",Female,Oakridge Community Services NHS Trust,Mixed,Jamaica,British Citizen,Medical,SHO,Emergency & Urgent Care,SHO,59856,2021-04-07,2021-05-12,18.75,0.5,GMC,Bank,Active,PU975149,2026-09-24,SA566321,2030-04-18,2026-12-27,2021-04-28
EMP0682,Joe,Bond,carterneil@example.org,2006-03-10,0289018534,"Flat 86
Laura Lane
South Yvonneshire
B83 3HD",Female,Westmere Community Health NHS Trust,White,Australia,ILR,Nursing,Senior Staff Nurse,Critical Care & Anaesthesia,6,54712,2017-05-14,2017-06-25,15.0,0.4,HCPC,Permanent,Active,UU050539,2028-11-24,WQ594710,2030-02-26,2027-06-07,2017-06-04
EMP0683,Rita,Price,stanleywilson@example.net,2003-09-23,+44118 496 0985,"Studio 0
Jones Trafficway
New Johnville
B41 3LZ",Male,Westborough Acute Care NHS Trust,Asian,Thailand,British Citizen,Nursing,Senior Staff Nurse,Emergency & Urgent Care,6,45702,2019-06-01,2019-06-29,15.0,0.4,HCPC,Bank,On Leave,YU827874,2029-05-09,FX521666,2030-06-07,2027-03-01,2019-06-22
EMP0684,Geraldine,Robinson,tthornton@example.net,1995-03-10,+44289018663,"091 Ashleigh Brook
Watkinsbury
NG3B 6AR",Male,Northwood Mental Health NHS Trust,Black,Nigeria,British Citizen,Nursing,Nursery Nurse,Medicine & Acute Care,2,24967,2023-10-29,2023-11-26,15.0,0.4,HCPC,Permanent,Suspended,EG750292,2029-09-02,AH645479,2030-10-17,2027-03-14,2023-11-19
EMP0685,Hayley,Wells,rachaelwright@example.com,1968-09-07,0113 4960372,"Flat 75
Jordan Roads
Victorborough
B98 2DH",Female,Northshire University Hospitals NHS Trust,Asian,Thailand,Dependent,Admin,Administrator,Critical Care & Anaesthesia,3,31001,2025-01-19,2025-03-02,15.0,0.4,HCPC,Permanent,On Leave,WW060606,2031-05-05,WW227940,2027-06-24,2026-12-20,2025-02-09
EMP0686,Jill,Williams,taylorsylvia@example.com,1983-11-06,+441214960417,"Studio 35
Whitehead Walks
Abdulport
HX2 6EU",Female,Northshire University Hospitals NHS Trust,Black,Ghana,Dependent,Medical,Consultant,Emergency & Urgent Care,CONS,95101,2024-02-26,2024-04-08,18.75,0.5,NMC,Permanent,On Leave,DI831378,2030-08-23,PN316750,2028-05-15,2027-03-23,2024-03-18
EMP0687,Ellie,Lucas,wrightnicole@example.org,1974-10-27,0141 496 0010,"Flat 5
Young Lock
Buckleymouth
PR5M 1EB",Male,Eastmoor Teaching Hospitals NHS Trust,Asian,India,Skilled Worker,AHP,Physiologist,Medicine & Acute Care,6,44707,2021-07-23,2021-09-03,37.5,1.0,NMC,Bank,On Leave,NY021657,2031-05-23,IQ295968,2027-11-10,2026-12-20,2021-08-13
EMP0688,Lynda,Lewis,jemmadavies@example.com,1982-08-24,+44(0)909 879 0396,"49 Phillip Ford
East Mohammadton
BR7 9TT",Female,Northshire University Hospitals NHS Trust,Mixed,Thailand,British Citizen,Medical,FY1/FY2,Corporate Services,FY1,38861,2022-06-10,2022-07-15,37.5,1.0,HCPC,Fixed Term,Suspended,YH783227,2031-05-29,QZ407150,2031-03-16,2027-04-15,2022-07-01
EMP0689,Jamie,Davies,suzanne16@example.org,1968-02-19,(0115) 496 0593,"Studio 6
Parker Highway
East Jamesland
CT7 4BS",Male,Eastfield Psychological Services NHS Trust,Black,Kenya,ILR,Admin,Administrator,Clinical Support Services,3,30301,2022-03-11,2022-04-22,20.0,0.53,None,Permanent,Active,GV309504,2028-08-05,KO409108,2027-12-23,2027-04-19,2022-04-01
EMP0690,Paul,Waters,sanderssusan@example.org,1996-01-25,+44(0)131 4960638,"24 Gilbert Tunnel
Andersontown
CF6 1TD",Female,Riverbank General Hospitals NHS Trust,Mixed,Australia,Skilled Worker,Nursing,Ward Manager,Clinical Support Services,8A,63990,2023-12-04,2024-01-01,37.5,1.0,GMC,Fixed Term,Inactive,ID823688,2030-11-22,VU572355,2029-04-15,2027-05-11,2023-12-25
EMP0691,Jake,Green,nwest@example.net,1977-06-26,0113 4960438,"Studio 82
Williamson Vista
West Vincentberg
PL9V 1SX",Female,Horizon Integrated Health Partnership NHS Trust,White,Australia,ILR,Nursing,Nursery Nurse,Medicine & Acute Care,2,27118,2017-04-03,2017-05-01,15.0,0.4,HCPC,Permanent,Active,LS851821,2028-01-14,SC155885,2028-03-14,2027-05-23,2017-04-24
EMP0692,John,Riley,hperry@example.com,1999-07-25,0115 496 0921,"Flat 36
Fiona Courts
North Ben
TN0 2UG",Female,Valleyview Mental Wellness NHS Trust,White,New Zealand,Skilled Worker,Medical,Registrar,Critical Care & Anaesthesia,SPR,78573,2022-06-08,2022-07-13,37.5,1.0,HCPC,Bank,Inactive,JL055834,2030-04-11,JX486978,2030-12-17,2026-11-07,2022-06-29
EMP0693,Jay,Smith,leahriley@example.org,1973-08-15,0161 4960572,"7 Hill Canyon
Lake Hollie
HU77 5XP",Male,Oakridge Community Services NHS Trust,Mixed,Nigeria,ILR,Medical,Consultant,Clinical Support Services,CONS,118721,2020-01-20,2020-03-02,30.0,0.8,None,Permanent,Active,AN353440,2028-11-19,PZ555131,2029-01-27,2027-05-25,2020-02-10
EMP0694,Charlene,Williams,barry48@example.com,1997-03-30,028 9018 0352,"8 Nash Heights
New Stewart
LD54 0YL",Male,Broadfield Clinical Services NHS Trust,White,Australia,British Citizen,AHP,Physiologist,Medicine & Acute Care,6,52126,2018-09-07,2018-10-05,18.75,0.5,NMC,Fixed Term,On Leave,MR532851,2028-06-25,YF601656,2030-01-29,2026-10-30,2018-09-28
EMP0695,Katie,Jackson,rebecca38@example.net,1974-12-05,0114 496 0633,"39 Begum Unions
Karlmouth
NW26 1BR",Male,Greenhaven Acute & Specialist Care NHS Trust,White,United Kingdom,Dependent,Admin,Administrator,Clinical Support Services,3,30462,2019-06-25,2019-07-23,30.0,0.8,HCPC,Bank,Active,HO708066,2028-04-07,ZX518303,2030-02-10,2027-05-28,2019-07-16
EMP0696,Hollie,Ward,meganashton@example.net,1978-04-16,+44(0)9098790059,"5 Jeremy Ways
New Hayley
HA7A 1DF",Female,Riverside Integrated Care NHS Trust,Black,Trinidad and Tobago,British Citizen,Nursing,Staff Nurse,Critical Care & Anaesthesia,5,38062,2022-05-07,2022-06-18,18.75,0.5,NMC,Fixed Term,Suspended,QA969923,2027-10-01,ID887472,2028-10-15,2027-05-27,2022-05-28
EMP0697,Howard,Gill,garry03@example.org,1969-06-06,020 7946 0498,"Studio 10
Valerie Burg
South Conor
E3J 1HQ",Male,Southgate Community & Mental Health NHS Trust,Black,Trinidad and Tobago,British Citizen,Nursing,Healthcare Assistant,Women & Children,2,24352,2020-05-02,2020-06-13,18.75,0.5,HCPC,Permanent,Active,MI745551,2028-09-25,VB041969,2030-02-20,2027-06-16,2020-05-23
EMP0698,Lawrence,Daniels,henry57@example.com,1995-06-02,0141 496 0872,"333 Douglas Crescent
Francisside
YO64 8QW",Female,Midlands Central Hospitals NHS Trust,Asian,India,Dependent,Nursing,Staff Nurse,Corporate Services,5,40399,2026-05-17,2026-06-28,15.0,0.4,None,Bank,Active,EL894136,2030-07-08,IE402895,2028-11-03,2027-03-11,2026-06-07
EMP0699,Tracey,Blackburn,elliottandrew@example.net,1960-12-19,(0151)4960188,"Flat 0
Jenkins Valley
West Wendy
M02 4AX",Female,Southgate Community & Mental Health NHS Trust,Asian,Thailand,ILR,Medical,Registrar,Corporate Services,SPR,73464,2026-05-29,2026-06-26,37.5,1.0,HCPC,Permanent,Inactive,FI462318,2028-04-04,FW876731,2031-04-04,2027-06-07,2026-06-19
EMP0700,Raymond,Russell,coneill@example.net,2002-06-15,+44121 496 0194,"Studio 35h
Parsons Square
Stanleyhaven
N40 6FH",Female,Northshire University Hospitals NHS Trust,Asian,India,Skilled Worker,AHP,Physiotherapist,Surgery & Cancer,6,48257,2024-04-03,2024-05-08,15.0,0.4,GMC,Bank,Active,NA409555,2027-11-01,RH856887,2028-03-31,2027-07-30,2024-04-24
EMP0701,Susan,Dobson,annette55@example.org,1965-07-02,0121 496 0024,"Flat 0
Carter Skyway
Port Toby
L8E 8JZ",Male,Broadfield Clinical Services NHS Trust,Asian,Thailand,ILR,Nursing,Senior Staff Nurse,Women & Children,6,45404,2020-12-29,2021-02-02,18.75,0.5,None,Fixed Term,Suspended,YU733488,2031-05-05,WV890257,2027-07-01,2027-04-15,2021-01-19
EMP0702,Alexander,Dodd,jonesgarry@example.net,2002-08-08,02074960932,"526 Alan Heights
Lake Ireneton
GL3H 3SZ",Female,Hillcrest Medical Centres NHS Trust,Mixed,United States,ILR,Nursing,Nursery Nurse,Medicine & Acute Care,2,24756,2023-05-07,2023-06-04,20.0,0.53,None,Fixed Term,Inactive,PF307741,2029-07-23,FG356799,2029-03-18,2026-11-22,2023-05-28
EMP0703,Keith,Scott,orobertson@example.net,1989-12-29,+44118 4960824,"Studio 7
Ross Neck
East Elaine
N8U 5AY",Female,Meadowbrook Community Health NHS Trust,White,United States,ILR,Nursing,Staff Nurse,Clinical Support Services,5,39317,2021-07-22,2021-08-26,15.0,0.4,GMC,Bank,Inactive,DM920326,2027-08-17,CB227209,2030-11-10,2026-09-28,2021-08-12
EMP0704,Margaret,Iqbal,birdmolly@example.net,1975-06-15,01184960525,"25 Andrew Overpass
East Christineview
M2K 0HQ",Male,Northwood Mental Health NHS Trust,White,New Zealand,ILR,Admin,Administrator,Surgery & Cancer,3,26657,2018-11-28,2018-12-26,30.0,0.8,NMC,Permanent,On Leave,OZ087716,2027-05-03,AF743285,2029-10-23,2027-03-08,2018-12-19
EMP0705,Kate,Evans,marc15@example.com,1963-01-22,(0151) 4960840,"Flat 52C
Mohamed Manor
Cartwrightton
E22 6LZ",Female,Westmere Community Health NHS Trust,Black,Ghana,Skilled Worker,Admin,Medical Secretary,Surgery & Cancer,4,32160,2023-01-10,2023-02-21,30.0,0.8,None,Bank,Suspended,QO859365,2029-01-20,NK253310,2030-05-21,2026-10-12,2023-01-31
EMP0706,Jake,Tomlinson,chill@example.com,1971-04-22,+44(0)909 8790947,"93 Shannon Dam
East Georgia
HS5 7QS",Male,Riverside Integrated Care NHS Trust,Mixed,India,British Citizen,Medical,Registrar,Corporate Services,SPR,75880,2016-11-04,2016-12-16,37.5,1.0,HCPC,Fixed Term,Active,BS716315,2030-01-16,HF561849,2030-10-09,2027-04-04,2016-11-25
EMP0707,Sean,Roberts,gregoryhopkins@example.net,1978-02-02,+44(0)191 496 0433,"Flat 95e
Joan Tunnel
Dianeburgh
B9S 5YE",Male,Westmere Community Health NHS Trust,Asian,China,Dependent,Nursing,Staff Nurse,Critical Care & Anaesthesia,5,38780,2017-04-27,2017-06-01,37.5,1.0,GMC,Permanent,Inactive,DG149668,2030-10-03,IC901897,2027-03-20,2027-02-07,2017-05-18
EMP0708,Pamela,Davies,rebeccalee@example.org,1971-06-28,(0116) 4960074,"321 Malcolm Valleys
Susanmouth
S0E 2BF",Male,Broadfield Clinical Services NHS Trust,Asian,China,Dependent,Medical,GP,Women & Children,GP,116409,2025-06-27,2025-08-01,30.0,0.8,HCPC,Permanent,Active,AY292250,2028-04-16,MJ485764,2027-06-15,2027-03-22,2025-07-18
EMP0709,Jordan,Williams,mohammadevans@example.org,1966-02-28,(020) 74960340,"02 Charles Station
Lake Rosie
N7 1DW",Male,Midlands Central Hospitals NHS Trust,Black,Barbados,ILR,Medical,SHO,Women & Children,SHO,50430,2025-09-16,2025-10-14,30.0,0.8,NMC,Fixed Term,Inactive,OT692828,2026-10-19,LG072845,2030-12-27,2026-11-09,2025-10-07
EMP0710,Donna,Webb,brett98@example.org,1983-01-15,+44909 8790204,"83 Fowler Valley
East Anne
N45 6XQ",Female,Valleyview Mental Wellness NHS Trust,White,New Zealand,ILR,Admin,Data Analyst,Medicine & Acute Care,8A,62058,2018-06-04,2018-07-09,20.0,0.53,GMC,Fixed Term,Active,PM726647,2028-06-13,VA985831,2028-08-11,2027-02-26,2018-06-25
EMP0711,Debra,Bennett,vbrown@example.com,1961-09-19,01914960548,"47 Leanne Harbor
Port Frederickstad
SG0 3NN",Female,Greenhaven Acute & Specialist Care NHS Trust,Asian,India,Dependent,Nursing,Healthcare Assistant,Corporate Services,2,27997,2023-06-24,2023-07-29,37.5,1.0,None,Fixed Term,Active,RP243578,2031-07-21,OO955831,2031-08-09,2027-03-08,2023-07-15
EMP0712,Connor,Jenkins,dwood@example.org,1987-07-29,0117 4960307,"55 Connor Gateway
Lake Eric
RM21 3PA",Female,Riverbank General Hospitals NHS Trust,White,United States,ILR,Nursing,Nursery Nurse,Corporate Services,2,26993,2020-02-19,2020-04-01,18.75,0.5,GMC,Permanent,Inactive,RM535116,2027-12-02,OP449366,2030-02-15,2027-06-22,2020-03-11
EMP0713,Richard,John,leon79@example.org,1967-11-07,+44191 4960594,"Studio 57
Patricia Center
East Jennachester
G4 5AD",Male,Eastmoor Teaching Hospitals NHS Trust,Asian,Thailand,ILR,AHP,Pharmacist,Corporate Services,5,43114,2020-03-10,2020-04-21,18.75,0.5,HCPC,Permanent,Suspended,NI235573,2027-03-09,EX083351,2031-01-13,2027-08-12,2020-03-31
EMP0714,Amanda,O'Neill,martyn44@example.org,1984-02-09,+44(0)113 4960194,"704 Damien Views
West Michaelport
DL2 8LG",Female,Southvale Hospitals NHS Trust,Mixed,Trinidad and Tobago,ILR,AHP,Pharmacist,Clinical Support Services,5,39638,2025-03-16,2025-04-27,18.75,0.5,HCPC,Permanent,Active,LT386140,2031-07-31,FV305670,2031-04-23,2027-04-16,2025-04-06
EMP0715,Harriet,Allen,paige86@example.org,1988-06-30,+44131 496 0907,"55 Jemma Villages
Port Josephport
NN47 3FT",Female,Valleyview Mental Wellness NHS Trust,Black,Kenya,ILR,Nursing,Healthcare Assistant,Critical Care & Anaesthesia,2,27860,2017-08-14,2017-09-18,30.0,0.8,GMC,Bank,Active,ZA023281,2028-12-08,VL029019,2028-03-25,2026-11-03,2017-09-04
EMP0716,Sharon,Fox,yatesdenis@example.net,1987-10-16,+441184960305,"Flat 9
Philip Haven
Victorland
G80 0BW",Female,Greenhaven Acute & Specialist Care NHS Trust,Mixed,Trinidad and Tobago,British Citizen,Admin,Data Analyst,Emergency & Urgent Care,8A,55186,2017-07-30,2017-09-10,30.0,0.8,GMC,Permanent,Inactive,WY416391,2027-03-18,TQ742032,2031-06-25,2027-08-20,2017-08-20
EMP0717,Damian,Hawkins,craig51@example.org,1962-02-24,02074960310,"503 Patrick Summit
Lake Olivia
CF3 6NB",Male,Riverside Integrated Care NHS Trust,Black,Barbados,British Citizen,Admin,Receptionist,Critical Care & Anaesthesia,3,28180,2024-03-31,2024-05-05,30.0,0.8,HCPC,Bank,Active,JT140769,2031-09-12,AX394489,2027-01-11,2027-07-18,2024-04-21
EMP0718,Joanna,Hill,lcampbell@example.com,1997-10-31,(0115) 496 0622,"Flat 41
Aimee Shoals
Warrenchester
M20 9JJ",Female,Lakeside District Hospitals NHS Trust,Black,Ghana,ILR,Medical,Registrar,Critical Care & Anaesthesia,SPR,73121,2019-07-15,2019-08-26,18.75,0.5,None,Bank,Suspended,BJ697478,2027-02-08,VL636506,2027-04-18,2027-03-19,2019-08-05
EMP0719,Mohammed,Morgan,sfreeman@example.net,1969-12-25,(01632)960650,"53 Nicole Rue
West Shirley
SN5M 9JF",Male,Hillcrest Medical Centres NHS Trust,Mixed,United States,British Citizen,Nursing,Staff Nurse,Clinical Support Services,5,42979,2021-07-06,2021-08-17,20.0,0.53,None,Permanent,Active,GH380175,2028-03-26,MO394658,2030-08-14,2027-03-19,2021-07-27
EMP0720,Paula,Harris,gardnerlouis@example.org,1965-07-15,(0117) 496 0135,"90 Adams Falls
New Kayleighchester
HP4R 0XU",Female,Midlands Central Hospitals NHS Trust,Mixed,United Kingdom,Skilled Worker,Admin,Receptionist,Clinical Support Services,3,26687,2020-08-28,2020-10-02,20.0,0.53,GMC,Bank,Active,PZ360669,2030-10-06,VX915892,2028-01-12,2027-05-01,2020-09-18
EMP0721,Lynn,Phillips,iain48@example.com,1993-06-27,+44306 999 0426,"Studio 5
Marian Common
South Jacqueline
CW0 9RN",Female,Northshire University Hospitals NHS Trust,Black,South Africa,Dependent,Nursing,Healthcare Assistant,Medicine & Acute Care,2,27577,2017-10-14,2017-11-25,20.0,0.53,GMC,Bank,Active,BN139840,2028-11-17,WX889602,2030-12-15,2026-12-18,2017-11-04
EMP0722,Ruth,Scott,daleward@example.net,1976-04-20,0808 1570504,"1 Jeremy Route
East Steven
WF10 4LQ",Female,Oakridge Community Services NHS Trust,White,United States,British Citizen,Admin,Data Analyst,Clinical Support Services,8A,58105,2017-02-14,2017-03-14,30.0,0.8,HCPC,Fixed Term,Inactive,VY252793,2028-10-21,AL415649,2028-05-29,2027-06-26,2017-03-07
EMP0723,Diana,Williams,qkemp@example.com,2002-11-13,+44(0)292018401,"Flat 35K
Taylor Pines
East Robin
TW02 2TA",Female,Eastfield Psychological Services NHS Trust,Black,Nigeria,ILR,Nursing,Healthcare Assistant,Corporate Services,2,26969,2026-04-25,2026-06-06,18.75,0.5,HCPC,Fixed Term,Suspended,ZY848714,2026-10-03,QS804746,2030-05-04,2027-09-11,2026-05-16
EMP0724,Scott,Watson,nmitchell@example.com,1968-06-19,(020)74960307,"Studio 85
Ford Curve
Royview
HG5 6UA",Female,Valleyview Mental Wellness NHS Trust,Mixed,India,British Citizen,Nursing,Senior Staff Nurse,Surgery & Cancer,6,52686,2019-11-24,2019-12-29,18.75,0.5,NMC,Fixed Term,Suspended,FK117384,2027-06-05,WY595704,2029-11-20,2027-02-08,2019-12-15
EMP0725,Phillip,Booth,stephenjohnson@example.org,1971-10-05,(0151)4960057,"Flat 82j
Dominic Valley
Trevorborough
S8 4LH",Female,Bluewater Community & Rehabilitation NHS Trust,Mixed,Japan,ILR,Nursing,Nursery Nurse,Critical Care & Anaesthesia,2,24667,2022-09-01,2022-09-29,18.75,0.5,GMC,Fixed Term,On Leave,BQ460740,2027-03-19,YR326599,2029-11-28,2026-11-28,2022-09-22
EMP0726,Jemma,White,wcarey@example.net,1963-04-03,0131 496 0229,"76 Leslie Road
South Jacqueline
LU06 0WL",Male,Riverbank General Hospitals NHS Trust,Black,Trinidad and Tobago,Skilled Worker,AHP,Physiologist,Women & Children,6,53614,2024-01-10,2024-02-07,30.0,0.8,HCPC,Fixed Term,On Leave,IE617414,2029-11-20,IE788065,2027-01-04,2026-12-01,2024-01-31
EMP0727,Victoria,Hilton,fcunningham@example.com,1980-12-27,(0909) 879 0719,"062 Hayley Lane
North Juliebury
CR5 1TD",Female,Southvale Hospitals NHS Trust,Black,South Africa,Dependent,Nursing,Ward Manager,Medicine & Acute Care,8A,56390,2017-06-23,2017-07-21,30.0,0.8,None,Bank,Active,NS008843,2030-11-18,SH742072,2028-10-10,2026-12-29,2017-07-14
EMP0728,Brett,Williams,clive67@example.com,1972-04-01,+44(0)1632960973,"Flat 1
Jones Alley
West Carolyn
W0A 9ZF",Male,Southgate Community & Mental Health NHS Trust,White,Australia,ILR,AHP,Pharmacist,Surgery & Cancer,5,38168,2022-05-03,2022-06-14,15.0,0.4,None,Fixed Term,Suspended,ZJ166618,2027-09-04,KV227305,2027-01-15,2027-02-28,2022-05-24
EMP0729,Clare,Cooper,sylviasmith@example.net,1977-03-18,0161 4960527,"Flat 96d
Katie Isle
West Cameron
NR91 9BT",Male,Westmere Community Health NHS Trust,White,Australia,Skilled Worker,Nursing,Ward Manager,Medicine & Acute Care,8A,56587,2018-04-13,2018-05-11,20.0,0.53,NMC,Permanent,On Leave,UM519460,2027-04-21,QB025628,2026-10-14,2026-12-22,2018-05-04
EMP0730,Charles,Haynes,katygibson@example.org,2007-04-25,+441314960466,"8 Martin Vista
South Rachel
L7D 0TW",Male,Southvale Hospitals NHS Trust,Black,Kenya,British Citizen,Medical,SHO,Medicine & Acute Care,SHO,54832,2017-12-18,2018-01-15,30.0,0.8,HCPC,Bank,Suspended,QH546901,2029-05-26,HH666188,2031-03-06,2027-06-11,2018-01-08
EMP0731,Simon,Hunter,edwardsjohn@example.net,2000-09-15,(0121) 4960558,"Flat 03
Pamela Glen
East Nicola
L5B 1FU",Female,Midlands Central Hospitals NHS Trust,Black,Nigeria,British Citizen,Nursing,Nursery Nurse,Medicine & Acute Care,2,24046,2021-10-05,2021-11-09,18.75,0.5,None,Fixed Term,Suspended,KF392569,2027-07-23,NN231168,2031-01-17,2027-03-06,2021-10-26
EMP0732,Martin,Price,mahmoodhoward@example.net,1998-11-24,+441632 960419,"57 Matthew Route
Buckleystad
HP27 0YH",Male,Riverside Integrated Care NHS Trust,Black,Ghana,ILR,Admin,Receptionist,Critical Care & Anaesthesia,3,28419,2021-09-23,2021-11-04,15.0,0.4,NMC,Fixed Term,Inactive,HH472903,2031-06-04,RS417896,2028-05-20,2027-05-18,2021-10-14
EMP0733,Marian,Hudson,sandraedwards@example.net,1998-01-29,0116 4960873,"Flat 82Y
Brett Tunnel
Murrayville
JE5W 7SB",Female,Greenhaven Acute & Specialist Care NHS Trust,Asian,India,ILR,Admin,Medical Secretary,Medicine & Acute Care,4,35415,2021-06-06,2021-07-18,20.0,0.53,NMC,Bank,Suspended,UJ610194,2026-11-23,AB301509,2030-08-08,2026-12-25,2021-06-27
EMP0734,Louise,Chapman,mhussain@example.com,2003-02-20,+44116 4960509,"752 Davies Underpass
Port Clareton
IV1 2NB",Male,Broadfield Clinical Services NHS Trust,Mixed,Canada,Dependent,Admin,Administrator,Clinical Support Services,3,26371,2016-12-16,2017-01-27,30.0,0.8,NMC,Permanent,Suspended,LJ542921,2027-09-12,YE807069,2028-12-20,2026-10-26,2017-01-06
EMP0735,Amy,Taylor,vsimpson@example.org,2006-11-18,(0909) 879 0653,"61 Eric Loop
North Roy
IM4V 0ED",Male,Westmere Community Health NHS Trust,Asian,Thailand,British Citizen,Admin,Receptionist,Medicine & Acute Care,3,29447,2018-10-22,2018-11-26,15.0,0.4,GMC,Fixed Term,Inactive,UT154738,2028-09-24,JL884487,2027-10-20,2026-11-08,2018-11-12
EMP0736,Josh,Bradley,pateltrevor@example.com,2004-03-13,+44(0)909 8790267,"11 Leon Way
Warnerburgh
G14 4ZA",Male,Valleyview Mental Wellness NHS Trust,Black,South Africa,Dependent,Nursing,Nursery Nurse,Surgery & Cancer,2,25520,2023-11-29,2023-12-27,18.75,0.5,None,Bank,Inactive,AN749927,2029-11-20,YX076433,2027-12-19,2027-01-05,2023-12-20
EMP0737,Hugh,Austin,npatel@example.org,1995-03-31,01174960759,"Studio 66
Williams Locks
Alanburgh
N0T 6LA",Male,Hillcrest Medical Centres NHS Trust,White,Australia,ILR,Nursing,Staff Nurse,Women & Children,5,39109,2023-11-02,2023-11-30,37.5,1.0,NMC,Bank,Inactive,NS413785,2027-11-13,YX557577,2029-09-18,2026-11-21,2023-11-23
EMP0738,Ashleigh,Patel,sandra91@example.org,1993-09-21,029 2018 0299,"652 Allan Cliff
Port Robert
LN56 4GA",Female,Midlands Central Hospitals NHS Trust,Asian,Thailand,Skilled Worker,Medical,Consultant,Critical Care & Anaesthesia,CONS,106091,2022-03-21,2022-05-02,37.5,1.0,GMC,Fixed Term,Active,PP739148,2029-09-03,GJ346358,2027-12-18,2027-06-22,2022-04-11
EMP0739,Barbara,Ryan,smithjeffrey@example.org,2002-05-21,0113 4960509,"77 Donna Villages
East Josephport
RM8 1TS",Male,Hillcrest Medical Centres NHS Trust,Black,Kenya,ILR,Medical,GP,Clinical Support Services,GP,109905,2022-11-19,2022-12-17,15.0,0.4,HCPC,Bank,Inactive,JJ607940,2027-02-27,LM244370,2030-03-29,2027-01-12,2022-12-10
EMP0740,Sally,Smith,baileyjoan@example.com,1990-01-09,(0808) 157 0317,"Flat 29I
Begum Springs
Garethborough
MK5R 1TW",Male,Eastfield Psychological Services NHS Trust,White,Canada,Dependent,Admin,Receptionist,Critical Care & Anaesthesia,3,30498,2018-07-26,2018-08-23,15.0,0.4,GMC,Bank,On Leave,ZO610868,2029-06-27,GM814635,2031-04-08,2027-05-31,2018-08-16
EMP0741,Kenneth,Morris,annoconnor@example.org,1961-04-05,(0161) 4960491,"Studio 83Y
Elaine Expressway
Adamland
ST3 8QP",Female,Broadfield Clinical Services NHS Trust,Black,Jamaica,Skilled Worker,Admin,Receptionist,Clinical Support Services,3,30767,2022-07-12,2022-08-09,37.5,1.0,HCPC,Fixed Term,On Leave,ES072537,2031-02-27,ZM861572,2031-03-22,2027-04-15,2022-08-02
EMP0742,Victoria,Coles,caroline09@example.com,1978-07-31,(0141)4960888,"Studio 1
Davies Locks
North Andrew
KT22 8LT",Male,Riverbank General Hospitals NHS Trust,Mixed,South Africa,Skilled Worker,Nursing,Nursery Nurse,Women & Children,2,24876,2025-07-14,2025-08-25,18.75,0.5,HCPC,Bank,Active,HM536812,2030-11-07,KX216876,2031-04-22,2027-05-16,2025-08-04
EMP0743,Nicola,Morris,janiceturner@example.com,1965-05-28,01184960371,"Flat 99
Jemma Crossing
Port Kimberleyville
KY80 0NY",Male,Eastfield Psychological Services NHS Trust,Black,Jamaica,ILR,Nursing,Charge Nurse,Corporate Services,7,63531,2024-08-30,2024-10-11,37.5,1.0,None,Fixed Term,On Leave,JT203177,2028-11-23,NR694299,2030-11-10,2026-09-28,2024-09-20
EMP0744,Bryan,Williams,jacksonluke@example.org,1973-10-25,+44191 496 0130,"Flat 5
Adams Views
Williamsfort
N2H 6LE",Female,Bluewater Community & Rehabilitation NHS Trust,White,Canada,ILR,Admin,Data Analyst,Surgery & Cancer,8A,64515,2018-04-03,2018-05-15,20.0,0.53,None,Fixed Term,Suspended,JV251538,2028-12-25,FJ430023,2030-07-16,2027-04-30,2018-04-24
EMP0745,Jacqueline,Faulkner,woodkieran@example.org,1993-12-12,020 74960090,"21 Nathan Forest
Nigelbury
N0K 5HE",Male,Lakeside District Hospitals NHS Trust,Asian,India,Skilled Worker,Nursing,Staff Nurse,Medicine & Acute Care,5,44097,2023-05-01,2023-06-12,15.0,0.4,None,Bank,On Leave,ZV241210,2029-05-19,JV598408,2027-03-11,2027-01-27,2023-05-22
EMP0746,Brian,Moore,wgough@example.net,1963-10-25,(0306) 999 0566,"47 Dale Lake
Port Rosie
SS8 2LW",Female,Greenhaven Acute & Specialist Care NHS Trust,White,United Kingdom,British Citizen,Nursing,Nursery Nurse,Corporate Services,2,27561,2024-12-21,2025-01-25,18.75,0.5,NMC,Bank,On Leave,UO376975,2030-07-31,KY952072,2031-01-30,2027-06-12,2025-01-11
EMP0747,Josh,Jones,katherine61@example.com,2007-08-31,+44306 9990188,"Flat 6
Yates Mission
Brendashire
W18 5ZX",Male,Eastmoor Teaching Hospitals NHS Trust,Mixed,Japan,ILR,Nursing,Senior Staff Nurse,Medicine & Acute Care,6,51249,2024-11-12,2024-12-10,15.0,0.4,GMC,Permanent,Active,YH561261,2029-11-10,BM294636,2027-11-08,2026-12-08,2024-12-03
EMP0748,Brenda,Williams,miahphilip@example.org,2005-09-17,+44(0)292018787,"515 Murray Drive
New Lynda
YO0 9YJ",Female,Westborough Acute Care NHS Trust,Asian,Thailand,Dependent,AHP,Speech Therapist,Medicine & Acute Care,6,50284,2016-10-10,2016-11-07,15.0,0.4,None,Fixed Term,Inactive,IK664882,2031-08-21,UW336576,2028-11-24,2027-08-02,2016-10-31
EMP0749,Gerard,Kennedy,abdulbutler@example.org,2007-09-03,+4429 2018 0796,"Studio 3
Linda Greens
West Ann
S7 2BL",Female,Riverside Integrated Care NHS Trust,Mixed,Ghana,ILR,Nursing,Ward Manager,Medicine & Acute Care,8A,63053,2026-08-09,2026-09-13,18.75,0.5,GMC,Bank,Inactive,VB011946,2031-06-15,KX754526,2027-08-05,2026-10-21,2026-08-30
EMP0750,Andrew,Thompson,ucunningham@example.com,2003-09-03,+441164960872,"Flat 97
Morris Field
West Patriciabury
LD72 1NS",Female,Eastmoor Teaching Hospitals NHS Trust,Black,Barbados,Dependent,Admin,Administrator,Women & Children,3,31849,2023-12-16,2024-01-20,20.0,0.53,GMC,Bank,Inactive,CV260780,2027-05-18,LX621612,2030-05-31,2027-08-02,2024-01-06
EMP0751,Alexander,Tyler,kimberley45@example.com,1984-05-01,0808 1570099,"Studio 14o
Welch Square
North Tinaburgh
M4B 4UQ",Female,Horizon Integrated Health Partnership NHS Trust,White,New Zealand,Dependent,Medical,Consultant,Critical Care & Anaesthesia,CONS,98865,2021-12-04,2022-01-15,15.0,0.4,None,Permanent,Suspended,UZ812571,2027-12-11,PE295159,2027-12-28,2027-06-11,2021-12-25
EMP0752,Susan,Schofield,patelashleigh@example.org,2003-07-12,+44(0)115 496 0403,"870 Jackson Cove
Tinaport
G6J 9BU",Female,Riverbank General Hospitals NHS Trust,Black,Nigeria,Dependent,Medical,SHO,Clinical Support Services,SHO,58405,2026-05-11,2026-06-15,18.75,0.5,NMC,Bank,Active,YZ357081,2027-07-29,JD838715,2027-12-27,2027-08-04,2026-06-01
EMP0753,Kate,Thompson,conorwalker@example.net,1986-11-12,+44(0)117 4960953,"7 Susan Extensions
Eileenton
G63 6JL",Male,Lakeside District Hospitals NHS Trust,White,Canada,British Citizen,AHP,Speech Therapist,Surgery & Cancer,6,46797,2018-06-10,2018-07-15,37.5,1.0,None,Permanent,Suspended,MW744061,2026-10-21,OZ099386,2027-02-03,2027-02-06,2018-07-01
EMP0754,Gary,Smith,stewart88@example.org,1969-09-28,+44(0)1614960528,"Flat 05Y
Martyn Stravenue
West Scott
E9W 3YY",Male,Greenhaven Acute & Specialist Care NHS Trust,Asian,India,British Citizen,Nursing,Nursery Nurse,Critical Care & Anaesthesia,2,26674,2025-03-08,2025-04-05,18.75,0.5,HCPC,Fixed Term,Suspended,OG152176,2029-11-01,GF947983,2029-02-06,2027-05-24,2025-03-29
EMP0755,Natasha,Taylor,kburton@example.net,1977-08-18,+44161 4960638,"741 Joe Valley
Hillburgh
S1 4YA",Female,Horizon Integrated Health Partnership NHS Trust,Black,Barbados,British Citizen,AHP,Speech Therapist,Corporate Services,6,51170,2020-07-20,2020-08-31,30.0,0.8,HCPC,Permanent,Suspended,UI426184,2028-02-16,XL186720,2030-04-16,2026-12-08,2020-08-10
EMP0756,Julie,White,susan43@example.net,1995-12-15,(029) 2018540,"901 Nelson Village
North Geoffreyfurt
NG99 8PU",Male,Riverbank General Hospitals NHS Trust,Mixed,India,Skilled Worker,Nursing,Healthcare Assistant,Surgery & Cancer,2,26551,2023-07-27,2023-08-24,15.0,0.4,GMC,Bank,Suspended,PJ714049,2028-07-24,YH424549,2030-03-25,2027-04-17,2023-08-17
EMP0757,Louis,Allen,connor98@example.org,1970-11-21,0114 4960712,"Studio 89
Gerard Fall
East Paige
LD7V 1TY",Male,Northwood Mental Health NHS Trust,Asian,China,British Citizen,Nursing,Charge Nurse,Critical Care & Anaesthesia,7,60016,2018-11-11,2018-12-16,18.75,0.5,None,Fixed Term,Suspended,PE093813,2030-01-12,TL456662,2026-10-31,2027-01-23,2018-12-02
EMP0758,Beverley,Smith,emorris@example.com,2008-02-03,0191 4960701,"Flat 70
Watts Spur
Robinsontown
HX61 8BA",Male,Southgate Community & Mental Health NHS Trust,Mixed,United Kingdom,ILR,AHP,Speech Therapist,Corporate Services,6,47050,2022-12-19,2023-01-23,18.75,0.5,None,Bank,Suspended,NF975696,2027-01-11,ZR586347,2030-04-11,2027-06-10,2023-01-09
EMP0759,Lydia,Watts,elizabethwilson@example.org,1975-04-01,+44(0)114 496 0133,"2 Hayes Throughway
Port Joseph
M0B 8BQ",Female,Meadowbrook Community Health NHS Trust,White,New Zealand,British Citizen,Nursing,Senior Staff Nurse,Clinical Support Services,6,47456,2022-02-06,2022-03-13,18.75,0.5,NMC,Permanent,On Leave,UR960014,2030-01-17,EO442230,2030-09-11,2027-08-29,2022-02-27
EMP0760,Lewis,Smith,kenneth82@example.com,1980-07-26,(0113) 496 0871,"Flat 15p
Nicholson Courts
South Denise
L2 4XP",Male,Northwood Mental Health NHS Trust,Asian,Thailand,Dependent,Admin,Receptionist,Critical Care & Anaesthesia,3,29693,2025-09-22,2025-11-03,18.75,0.5,GMC,Bank,Inactive,DA446146,2031-08-24,XR475167,2026-11-12,2027-08-28,2025-10-13
EMP0761,Bethany,Benson,shanewilson@example.org,2001-09-15,0131 4960809,"Studio 45
Evans Walk
Lake Mohammad
OX43 0BB",Male,Greenhaven Acute & Specialist Care NHS Trust,Black,Jamaica,British Citizen,AHP,Pharmacist,Critical Care & Anaesthesia,5,38421,2024-05-04,2024-06-15,20.0,0.53,NMC,Permanent,On Leave,OV593857,2030-11-19,CB582367,2028-12-17,2026-11-11,2024-05-25
EMP0762,Alex,Summers,hcooper@example.org,2001-12-13,0306 9990078,"7 Dunn Mount
Kingstad
W2C 5JU",Female,Southvale Hospitals NHS Trust,White,New Zealand,Dependent,Medical,FY1/FY2,Emergency & Urgent Care,FY1,37204,2018-08-11,2018-09-22,20.0,0.53,GMC,Fixed Term,Suspended,WJ557272,2029-11-11,JU604947,2029-02-07,2027-03-16,2018-09-01
EMP0763,Stanley,Greenwood,sarah31@example.org,1989-04-09,+44161 4960995,"Studio 36s
Bowen Cape
Kingstad
N55 8XX",Male,Midlands Central Hospitals NHS Trust,White,New Zealand,Skilled Worker,Nursing,Ward Manager,Surgery & Cancer,8A,58507,2022-10-16,2022-11-20,20.0,0.53,GMC,Bank,Active,CQ285747,2026-12-09,QW635064,2030-08-23,2027-07-18,2022-11-06
EMP0764,Hilary,Henry,lynneconway@example.net,1997-11-26,+441632960150,"670 Susan Throughway
Millstown
HS5X 4BT",Female,Southvale Hospitals NHS Trust,Black,Kenya,Dependent,AHP,Pharmacist,Surgery & Cancer,5,39321,2020-05-06,2020-06-03,37.5,1.0,HCPC,Permanent,Active,HA691742,2030-01-27,IV230445,2028-01-29,2027-02-12,2020-05-27
EMP0765,Sally,Walker,chloedennis@example.com,1965-06-16,0114 496 0426,"07 Daniels Roads
Anthonystad
S71 3DR",Female,Riverbank General Hospitals NHS Trust,Black,Kenya,ILR,Medical,GP,Emergency & Urgent Care,GP,109036,2020-07-15,2020-08-26,30.0,0.8,HCPC,Fixed Term,Suspended,ME415447,2028-01-25,EI384386,2026-12-15,2027-06-26,2020-08-05
EMP0766,Maurice,Payne,darren65@example.net,1974-05-03,(0114) 4960182,"Studio 51u
Mason Radial
East Leonton
M2 0AU",Male,Midlands Central Hospitals NHS Trust,Asian,India,Skilled Worker,Medical,Registrar,Clinical Support Services,SPR,66090,2022-01-28,2022-03-04,30.0,0.8,HCPC,Fixed Term,Suspended,HR671466,2027-10-14,HD347229,2027-10-29,2027-02-26,2022-02-18
EMP0767,Darren,McKenzie,jacksonchloe@example.org,2001-10-02,+44118 496 0844,"2 Melissa Street
Emmafort
DY3V 0HZ",Female,Eastfield Psychological Services NHS Trust,White,United Kingdom,ILR,AHP,Physiotherapist,Emergency & Urgent Care,6,44007,2025-07-31,2025-08-28,37.5,1.0,NMC,Permanent,On Leave,WX725196,2031-06-28,RY322202,2027-06-12,2027-01-31,2025-08-21
EMP0768,Joel,Warner,megan44@example.com,2007-07-28,0114 496 0105,"91 Higgins Stravenue
Garryfurt
PA28 4EH",Male,Northwood Mental Health NHS Trust,White,Canada,British Citizen,Admin,Administrator,Medicine & Acute Care,3,31769,2016-09-27,2016-11-01,37.5,1.0,NMC,Fixed Term,On Leave,YM017221,2030-06-03,LD758623,2030-05-09,2027-02-02,2016-10-18
EMP0769,Joanne,Johnson,oliver66@example.com,2003-06-18,+44(0)1134960698,"Studio 88
Mitchell Viaduct
Dawsonmouth
SE53 3HH",Female,Northwood Mental Health NHS Trust,White,United Kingdom,Skilled Worker,Nursing,Charge Nurse,Surgery & Cancer,7,64130,2016-09-24,2016-10-22,30.0,0.8,GMC,Bank,On Leave,VJ098843,2028-08-01,RQ529814,2029-04-17,2027-08-12,2016-10-15
EMP0770,Josh,Coates,zherbert@example.org,1964-06-10,(0141) 496 0079,"576 Judith Crossroad
Watkinshaven
HS2 9GP",Female,Westborough Acute Care NHS Trust,Asian,China,Dependent,Nursing,Staff Nurse,Surgery & Cancer,5,42506,2017-10-28,2017-11-25,18.75,0.5,GMC,Permanent,Suspended,CI148180,2028-10-21,HH551231,2030-02-25,2027-01-20,2017-11-18
EMP0771,Gail,Johnston,lthomas@example.com,2002-01-04,0113 4960382,"197 Philip Inlet
Lydiahaven
S0 9YB",Male,Southgate Community & Mental Health NHS Trust,White,Australia,Dependent,Nursing,Senior Staff Nurse,Emergency & Urgent Care,6,46067,2021-03-20,2021-04-24,30.0,0.8,HCPC,Fixed Term,Suspended,SU293600,2027-11-21,GH465781,2028-11-25,2026-10-13,2021-04-10
EMP0772,Bethan,Hall,enoble@example.net,1968-07-05,0161 496 0954,"Studio 5
Sam Port
Youngport
CT8P 4DF",Female,Lakeside District Hospitals NHS Trust,Black,Kenya,Skilled Worker,Admin,Receptionist,Corporate Services,3,29521,2025-08-17,2025-09-28,20.0,0.53,NMC,Permanent,Suspended,FD764917,2030-08-05,NE766664,2029-12-08,2026-12-06,2025-09-07
EMP0773,Robin,Abbott,mark91@example.net,1988-01-24,01414960267,"3 Geoffrey Key
Port Joeport
E6 7LQ",Female,Lakeside District Hospitals NHS Trust,Mixed,Nigeria,ILR,Medical,GP,Corporate Services,GP,101922,2019-04-10,2019-05-22,30.0,0.8,HCPC,Fixed Term,Suspended,HF309720,2027-09-13,CH745134,2030-05-11,2027-03-27,2019-05-01
EMP0774,Bethan,Nixon,emily70@example.net,2000-11-14,+44(0)289018795,"Studio 34
Macdonald Curve
East Wendy
IG8Y 9SU",Male,Hillcrest Medical Centres NHS Trust,Black,Nigeria,Skilled Worker,Nursing,Senior Staff Nurse,Medicine & Acute Care,6,52559,2023-11-01,2023-11-29,15.0,0.4,HCPC,Fixed Term,Inactive,PU264385,2027-06-25,UE794576,2029-05-01,2027-02-15,2023-11-22
EMP0775,Carly,Reed,ruth56@example.net,1982-07-07,08081570185,"42 Glenn Springs
Port Joshburgh
ZE90 7UG",Male,Meadowbrook Community Health NHS Trust,White,United States,ILR,Admin,Medical Secretary,Medicine & Acute Care,4,31300,2024-03-23,2024-04-20,37.5,1.0,HCPC,Fixed Term,Suspended,AB573588,2029-07-05,LF100065,2028-04-19,2027-08-30,2024-04-13
EMP0776,Charlie,Dyer,aimee02@example.org,1965-04-13,+441414960607,"Studio 4
Joanna Circle
Wendyhaven
CB1 3GZ",Female,Southgate Community & Mental Health NHS Trust,White,United Kingdom,British Citizen,AHP,Pharmacist,Clinical Support Services,5,41129,2026-08-07,2026-09-04,18.75,0.5,GMC,Fixed Term,Inactive,GO376634,2027-05-05,VW731503,2026-11-15,2026-12-22,2026-08-28
EMP0777,Joanne,Taylor,annette51@example.com,1997-06-08,(020) 74960997,"017 Michael Pines
Doddfort
S0 3FX",Female,Horizon Integrated Health Partnership NHS Trust,Black,Trinidad and Tobago,Skilled Worker,Medical,SHO,Corporate Services,SHO,47307,2026-05-03,2026-05-31,20.0,0.53,None,Fixed Term,Inactive,OJ052975,2031-02-23,TS248858,2027-04-08,2027-05-02,2026-05-24
EMP0778,Terence,Cartwright,rtaylor@example.org,2002-02-14,+44(0)1184960818,"953 Darren Fork
New Tony
E3 4LA",Female,Horizon Integrated Health Partnership NHS Trust,White,United States,British Citizen,Admin,Receptionist,Women & Children,3,26109,2024-11-21,2025-01-02,30.0,0.8,NMC,Fixed Term,On Leave,WX535164,2030-11-19,CF644126,2026-09-21,2026-11-15,2024-12-12
EMP0779,Jacob,Ford,dianaandrews@example.org,1983-11-27,0113 496 0297,"327 Walker Parkways
Daniellefurt
IP7 4AR",Female,Greenhaven Acute & Specialist Care NHS Trust,White,New Zealand,ILR,Nursing,Senior Staff Nurse,Corporate Services,6,45650,2026-02-07,2026-03-14,37.5,1.0,GMC,Bank,Suspended,FV811723,2028-02-22,SN122207,2031-03-21,2026-12-14,2026-02-28
EMP0780,Malcolm,Wheeler,sthompson@example.com,1961-12-11,0909 8790906,"Flat 26
Rhys Inlet
West Karl
JE5P 9DF",Female,Riverside Integrated Care NHS Trust,White,United Kingdom,Dependent,Nursing,Senior Staff Nurse,Clinical Support Services,6,48670,2023-01-09,2023-02-13,37.5,1.0,HCPC,Fixed Term,Inactive,XL647404,2029-11-02,VK142975,2030-03-12,2027-04-12,2023-01-30
EMP0781,Dylan,Carr,whitejonathan@example.com,1995-08-15,+44808 157 0190,"Studio 1
Howarth Radial
South Russell
W39 8GJ",Female,Westmere Community Health NHS Trust,Mixed,New Zealand,Skilled Worker,Admin,Receptionist,Medicine & Acute Care,3,26890,2020-05-02,2020-06-06,18.75,0.5,HCPC,Bank,Inactive,UF600950,2026-11-03,EJ983874,2027-10-08,2026-12-04,2020-05-23
EMP0782,Scott,Hartley,gerard31@example.net,1984-03-06,(0114) 496 0731,"7 Kenneth Isle
Johnborough
UB98 1DR",Female,Westmere Community Health NHS Trust,Mixed,United Kingdom,Dependent,AHP,Speech Therapist,Surgery & Cancer,6,54842,2018-12-10,2019-01-21,37.5,1.0,HCPC,Bank,Inactive,YL014199,2030-10-25,GK458253,2029-02-23,2027-01-05,2018-12-31
EMP0783,Michael,Wilson,mathewsingh@example.com,1970-06-18,+44(0)114 496 0230,"Flat 4
Joshua Run
Royfort
RG9H 7EU",Female,Broadfield Clinical Services NHS Trust,Black,Jamaica,Skilled Worker,Admin,Data Analyst,Emergency & Urgent Care,8A,65927,2017-07-16,2017-08-13,20.0,0.53,None,Permanent,Active,AW434349,2027-06-21,WV945523,2027-01-10,2027-07-13,2017-08-06
EMP0784,Gerald,Bond,ppickering@example.com,1988-01-14,+44(0)118 496 0643,"47 Gerard Extensions
Joyceton
CW6W 4BL",Female,Northshire University Hospitals NHS Trust,White,United States,British Citizen,Nursing,Nursery Nurse,Surgery & Cancer,2,26647,2021-10-04,2021-11-08,30.0,0.8,HCPC,Permanent,Inactive,JR244966,2027-05-22,VT953267,2030-02-11,2027-02-20,2021-10-25
EMP0785,Tracey,White,robertsmarilyn@example.org,1976-07-17,+44(0)8081570815,"702 Collier Extensions
East Jacob
IM6A 2JE",Male,Greenhaven Acute & Specialist Care NHS Trust,Asian,Thailand,Dependent,Nursing,Healthcare Assistant,Critical Care & Anaesthesia,2,25458,2020-09-12,2020-10-10,20.0,0.53,GMC,Bank,On Leave,HK131966,2029-10-04,UY412721,2029-07-28,2026-12-26,2020-10-03
EMP0786,Paula,Clarke,georgecrawford@example.net,2000-04-24,0116 4960298,"Studio 84
Francesca Mews
East Clare
DE6R 9AA",Male,Westmere Community Health NHS Trust,Mixed,New Zealand,Skilled Worker,Nursing,Healthcare Assistant,Corporate Services,2,26774,2019-07-27,2019-08-24,20.0,0.53,None,Bank,Inactive,SC267231,2026-09-27,AL377829,2031-08-18,2027-04-18,2019-08-17
EMP0787,Ian,Price,nathan17@example.net,1980-11-03,+44(0)1314960575,"Studio 19U
Melissa Shore
Terryport
N0H 3HL",Female,Eastfield Psychological Services NHS Trust,White,United Kingdom,Skilled Worker,Admin,Data Analyst,Clinical Support Services,8A,60106,2025-10-17,2025-11-28,18.75,0.5,NMC,Permanent,On Leave,OY574390,2027-06-26,DN897895,2026-09-23,2027-05-09,2025-11-07
EMP0788,Bruce,Wood,balljosephine@example.com,1989-10-02,(0161) 496 0186,"36 Mark Parks
O'Brienberg
N4E 0EL",Female,Valleyview Mental Wellness NHS Trust,Mixed,Nigeria,British Citizen,Medical,FY1/FY2,Critical Care & Anaesthesia,FY1,36460,2022-09-18,2022-10-16,37.5,1.0,HCPC,Fixed Term,On Leave,VD893137,2028-08-04,AQ181575,2026-12-08,2027-01-29,2022-10-09
EMP0789,Valerie,Lowe,smithalan@example.org,2003-12-26,+44115 496 0287,"236 Hopkins Turnpike
Watsonberg
M16 2BX",Female,Riverside Integrated Care NHS Trust,Mixed,Barbados,Skilled Worker,AHP,Radiographer,Emergency & Urgent Care,6,44497,2021-10-06,2021-11-17,20.0,0.53,HCPC,Permanent,Active,FM527225,2030-11-16,BN604354,2027-10-12,2027-05-17,2021-10-27
EMP0790,Charlotte,Pratt,melissaprice@example.com,2000-02-26,01144960801,"Studio 32
Abbott Squares
Simonmouth
LN7 2ZD",Female,Riverbank General Hospitals NHS Trust,Black,Nigeria,Dependent,Admin,Medical Secretary,Women & Children,4,31758,2019-08-06,2019-09-03,20.0,0.53,NMC,Fixed Term,Suspended,ES235927,2029-06-10,DM170885,2029-05-26,2027-05-08,2019-08-27
EMP0791,Phillip,Brookes,mary71@example.org,1978-10-08,+44(0)306 9990226,"Flat 36b
Kerr Spur
Maxfurt
B8W 3HX",Female,Meadowbrook Community Health NHS Trust,Black,Trinidad and Tobago,British Citizen,Nursing,Charge Nurse,Surgery & Cancer,7,61899,2022-09-18,2022-10-30,15.0,0.4,GMC,Bank,Inactive,OU324346,2030-04-07,PH781552,2027-09-14,2027-02-22,2022-10-09
EMP0792,Shirley,Roberts,vanessawilliams@example.com,1966-05-12,(029)2018187,"1 Taylor Land
Bibiburgh
G29 1EG",Male,Lakeside District Hospitals NHS Trust,Black,Barbados,Skilled Worker,Admin,Administrator,Critical Care & Anaesthesia,3,26306,2020-05-13,2020-06-24,18.75,0.5,None,Permanent,On Leave,NV705880,2030-01-20,CT099578,2027-05-05,2027-01-17,2020-06-03
EMP0793,Phillip,Harris,usimmons@example.net,1967-11-22,+441514960325,"Studio 86k
Denis Courts
Brucemouth
N8D 1AW",Male,Valleyview Mental Wellness NHS Trust,Asian,China,ILR,Admin,Receptionist,Surgery & Cancer,3,31505,2019-08-29,2019-10-10,30.0,0.8,GMC,Permanent,Active,LV532776,2030-02-11,HM216673,2027-02-06,2027-05-13,2019-09-19
EMP0794,Sophie,Smith,alexanderkaur@example.net,2007-04-20,0909 8790701,"Studio 64
Williams Valleys
Turnerborough
E70 2RG",Male,Westborough Acute Care NHS Trust,Black,Barbados,ILR,AHP,Physiologist,Women & Children,6,52007,2025-08-26,2025-09-23,37.5,1.0,None,Bank,On Leave,JM947746,2028-07-12,AX109780,2027-07-18,2026-10-19,2025-09-16
EMP0795,John,Smith,tina99@example.com,1978-12-18,0161 4960028,"03 Farmer Manors
East Joseph
MK1V 7SE",Female,Oakridge Community Services NHS Trust,White,United Kingdom,British Citizen,Admin,Data Analyst,Emergency & Urgent Care,8A,68450,2024-11-14,2024-12-12,20.0,0.53,GMC,Bank,On Leave,RN933595,2029-07-29,VW181732,2030-12-29,2026-09-24,2024-12-05
EMP0796,Josh,Evans,wardgerard@example.org,1962-08-19,(0121)4960233,"Studio 64
Fiona Fields
Woodsbury
G0 3ES",Male,Hillcrest Medical Centres NHS Trust,White,Canada,Skilled Worker,Medical,SHO,Surgery & Cancer,SHO,46750,2017-06-16,2017-07-21,30.0,0.8,NMC,Permanent,Suspended,JW131198,2030-08-07,YE057302,2027-08-19,2027-03-05,2017-07-07
EMP0797,Samuel,Lees,hazelwilliams@example.com,1978-08-15,+44(0)808 157 0619,"9 Holly Walk
Lake Darren
G7U 0NN",Female,Horizon Integrated Health Partnership NHS Trust,Mixed,United Kingdom,Dependent,Medical,Consultant,Critical Care & Anaesthesia,CONS,102420,2020-02-07,2020-03-20,30.0,0.8,None,Fixed Term,On Leave,HK036361,2030-02-18,PP896390,2027-04-18,2027-03-01,2020-02-28
EMP0798,Elliot,Quinn,edward66@example.net,1982-06-08,+4428 9018 0950,"05 Deborah Trafficway
Port Kathryn
W5A 9ZR",Male,Eastmoor Teaching Hospitals NHS Trust,White,United Kingdom,British Citizen,Medical,GP,Medicine & Acute Care,GP,91484,2018-04-27,2018-06-01,18.75,0.5,None,Fixed Term,Suspended,ES217848,2028-03-21,HS921832,2026-12-08,2026-11-14,2018-05-18
EMP0799,Matthew,Lowe,kathleen37@example.com,1997-01-30,0121 496 0474,"Flat 28u
Megan Roads
South Alison
W55 9SJ",Male,Horizon Integrated Health Partnership NHS Trust,Asian,India,British Citizen,Medical,Registrar,Emergency & Urgent Care,SPR,66857,2019-08-01,2019-09-05,15.0,0.4,HCPC,Fixed Term,Inactive,OS015870,2027-01-19,RH797860,2027-12-10,2027-08-03,2019-08-22
EMP0800,Robin,Wilson,pcook@example.org,1983-01-05,020 7946 0801,"Studio 01
Melanie Mews
Joyceberg
W79 6YS",Female,Eastfield Psychological Services NHS Trust,Asian,Thailand,ILR,AHP,Occupational Therapist,Critical Care & Anaesthesia,6,44207,2024-08-24,2024-10-05,15.0,0.4,GMC,Bank,On Leave,DV495609,2031-04-20,ZL242024,2030-12-09,2027-03-31,2024-09-14
EMP0801,Alex,Rowe,mitchell44@example.org,1982-12-04,(029) 2018068,"Flat 19
Cooke Summit
Joannefurt
B9 4PU",Male,Oakridge Community Services NHS Trust,White,New Zealand,ILR,AHP,Radiographer,Critical Care & Anaesthesia,6,46035,2026-01-05,2026-02-16,18.75,0.5,GMC,Bank,Inactive,LI522640,2027-07-18,WE120872,2031-03-02,2027-06-24,2026-01-26
EMP0802,Dorothy,Ford,brobinson@example.com,1977-03-12,0306 9990443,"49 Mary Roads
Stewartborough
WC4X 5GL",Female,Midlands Central Hospitals NHS Trust,Mixed,New Zealand,Skilled Worker,Nursing,Ward Manager,Clinical Support Services,8A,64305,2022-09-13,2022-10-25,18.75,0.5,HCPC,Bank,Suspended,YV265675,2029-07-28,MR204127,2027-06-23,2027-06-01,2022-10-04
EMP0803,Mohamed,Hurst,bernard33@example.com,1963-07-27,(01632) 960100,"8 Leon Street
West William
S57 7AT",Male,Southvale Hospitals NHS Trust,White,United Kingdom,Dependent,Medical,GP,Surgery & Cancer,GP,90679,2024-11-23,2024-12-28,30.0,0.8,HCPC,Bank,On Leave,LX700445,2027-02-08,AA533250,2027-05-08,2027-04-03,2024-12-14
EMP0804,Victor,Gray,zrussell@example.net,1970-03-14,0114 496 0626,"298 Shirley Squares
Farmerport
E6W 7UA",Male,Meadowbrook Community Health NHS Trust,Black,Jamaica,Dependent,Medical,GP,Critical Care & Anaesthesia,GP,93969,2026-05-11,2026-06-08,37.5,1.0,None,Fixed Term,Suspended,SB245122,2029-04-30,KN249986,2027-10-25,2027-02-03,2026-06-01
EMP0805,Guy,Robinson,wrichards@example.org,1988-11-12,0151 4960518,"20 Phillip Cove
South Graceview
AL5 7HX",Male,Valleyview Mental Wellness NHS Trust,Mixed,United States,Skilled Worker,AHP,Physiotherapist,Critical Care & Anaesthesia,6,50733,2017-08-27,2017-09-24,18.75,0.5,GMC,Fixed Term,Suspended,YT617306,2026-10-10,HN064562,2028-11-21,2026-10-26,2017-09-17
EMP0806,Maureen,Parker,newtondawn@example.com,1967-02-06,+4429 2018583,"85 Chadwick Green
Callummouth
TA5 1AQ",Male,Southgate Community & Mental Health NHS Trust,Asian,Japan,Dependent,Medical,FY1/FY2,Clinical Support Services,FY1,36978,2017-05-02,2017-06-13,37.5,1.0,None,Bank,Inactive,GH970629,2030-04-05,SR417386,2030-07-09,2027-05-31,2017-05-23
EMP0807,Lee,Winter,dwalsh@example.com,1972-03-02,+44191 4960977,"7 Charlie Crescent
Greenland
N03 4UX",Male,Hillcrest Medical Centres NHS Trust,White,United Kingdom,Dependent,Medical,SHO,Corporate Services,SHO,57926,2022-06-19,2022-07-31,15.0,0.4,NMC,Fixed Term,Suspended,VL379023,2028-12-28,QO228500,2027-01-16,2026-10-05,2022-07-10
EMP0808,Hannah,Fisher,lchandler@example.net,1977-04-12,01174960795,"Studio 42
Middleton Harbor
North Jasmineport
M2 4JN",Female,Riverside Integrated Care NHS Trust,White,Australia,ILR,Admin,Medical Secretary,Medicine & Acute Care,4,34726,2025-12-31,2026-01-28,37.5,1.0,None,Bank,Inactive,SR003639,2030-05-19,RY934963,2028-08-08,2027-01-27,2026-01-21
EMP0809,Marcus,Smith,ewebster@example.net,1966-08-24,01614960990,"Studio 74
Russell Dam
Natashachester
G1 4SA",Female,Southvale Hospitals NHS Trust,Asian,India,Dependent,Admin,Administrator,Clinical Support Services,3,27922,2018-09-02,2018-10-14,37.5,1.0,HCPC,Permanent,Inactive,DR962896,2030-01-21,IS765029,2027-03-10,2026-09-25,2018-09-23
EMP0810,Dylan,Wells,olambert@example.org,1965-10-06,02074960248,"Flat 5
Steven Throughway
Andreaview
FK88 3AG",Female,Southvale Hospitals NHS Trust,White,United Kingdom,ILR,Admin,Medical Secretary,Medicine & Acute Care,4,32792,2021-03-01,2021-04-05,18.75,0.5,GMC,Bank,Active,YL209582,2031-02-06,DU890596,2027-05-10,2027-07-19,2021-03-22
EMP0811,Jake,Simpson,wattsmandy@example.org,1960-11-21,(0116) 496 0338,"6 Frances Canyon
Port Traceyside
PR6A 5HD",Female,Westmere Community Health NHS Trust,White,Canada,Dependent,Medical,GP,Medicine & Acute Care,GP,90116,2024-07-06,2024-08-10,30.0,0.8,HCPC,Fixed Term,Active,FJ830477,2030-02-07,AL424927,2027-10-05,2027-06-10,2024-07-27
EMP0812,Billy,Taylor,qknight@example.org,1971-04-28,(0116) 496 0276,"Studio 34a
Gavin Prairie
South Gordon
TD4 1PB",Male,Riverbank General Hospitals NHS Trust,Black,Kenya,ILR,Nursing,Charge Nurse,Critical Care & Anaesthesia,7,62583,2019-06-17,2019-07-15,20.0,0.53,GMC,Bank,Active,AS779080,2028-03-17,GN828865,2027-12-30,2027-08-29,2019-07-08
EMP0813,Barbara,Watson,smithcatherine@example.org,1980-03-22,(0151) 496 0023,"793 Kathryn Brook
South Paul
SG24 4EJ",Female,Horizon Integrated Health Partnership NHS Trust,Asian,Thailand,Dependent,Admin,Data Analyst,Corporate Services,8A,62296,2024-08-02,2024-09-13,30.0,0.8,GMC,Fixed Term,Inactive,JH265230,2028-09-12,UB574329,2028-11-06,2027-07-23,2024-08-23
EMP0814,Barbara,Palmer,bengibson@example.com,1992-10-09,+44(0)141 4960073,"Flat 56q
Alison Camp
South Douglasmouth
M85 2JR",Male,Eastmoor Teaching Hospitals NHS Trust,Asian,Japan,British Citizen,Admin,Medical Secretary,Medicine & Acute Care,4,33670,2022-03-08,2022-04-19,30.0,0.8,None,Bank,Suspended,ZB458727,2028-08-10,IU650767,2029-08-08,2027-02-13,2022-03-29
EMP0815,Sarah,Holmes,louis01@example.com,1985-07-14,020 74960007,"Flat 71
Hunter Turnpike
East Leahfort
DT26 2HH",Male,Hillcrest Medical Centres NHS Trust,Asian,Thailand,British Citizen,AHP,Physiologist,Surgery & Cancer,6,49160,2019-04-04,2019-05-09,30.0,0.8,NMC,Fixed Term,On Leave,VA549945,2028-05-31,ER438560,2030-09-05,2027-06-04,2019-04-25
EMP0816,Norman,Green,zthompson@example.com,2008-07-31,+44115 496 0872,"73 Pauline Tunnel
South Sylviaborough
L32 1YF",Male,Hillcrest Medical Centres NHS Trust,Black,Kenya,Skilled Worker,Medical,GP,Emergency & Urgent Care,GP,95291,2022-05-01,2022-06-12,30.0,0.8,NMC,Bank,Suspended,PR797957,2028-03-05,PN497664,2028-09-13,2026-10-26,2022-05-22
EMP0817,Henry,Stewart,kateellis@example.org,1961-04-30,01614960930,"Flat 02
Paige Forges
Lake Jillmouth
L22 8BY",Female,Westborough Acute Care NHS Trust,Black,Nigeria,Skilled Worker,Nursing,Nursery Nurse,Surgery & Cancer,2,26014,2026-07-31,2026-09-11,20.0,0.53,GMC,Permanent,Suspended,NO711466,2030-06-23,BJ109346,2030-07-24,2026-11-12,2026-08-21
EMP0818,Joanna,Gibbs,woodnigel@example.net,1960-11-29,+44808 1570677,"Flat 78q
Anna Cliffs
Youngshire
B2H 6BL",Female,Greenhaven Acute & Specialist Care NHS Trust,Black,South Africa,Skilled Worker,Admin,Administrator,Clinical Support Services,3,27146,2025-08-02,2025-08-30,20.0,0.53,None,Permanent,Suspended,KL533191,2028-07-14,ZT491391,2027-09-15,2027-08-12,2025-08-23
EMP0819,Nigel,Swift,flemingheather@example.org,1997-07-04,+44(0)118 4960334,"Studio 32Q
Booth Square
Port Mauricemouth
NP6 2XP",Female,Eastmoor Teaching Hospitals NHS Trust,Mixed,Japan,ILR,Medical,Registrar,Surgery & Cancer,SPR,73454,2017-01-17,2017-02-21,15.0,0.4,GMC,Permanent,Inactive,LV486521,2030-11-03,AK608162,2028-12-30,2027-03-03,2017-02-07
EMP0820,Hugh,Hall,harrisonjordan@example.org,2005-08-21,029 2018 0322,"Studio 63
Cooper Trail
Ericmouth
G5 7FD",Male,Oakridge Community Services NHS Trust,Black,Jamaica,Dependent,Medical,GP,Women & Children,GP,118152,2022-08-24,2022-10-05,37.5,1.0,NMC,Bank,Inactive,DV354315,2028-07-26,YD711026,2026-10-18,2027-07-28,2022-09-14
EMP0821,June,Hope,julianpalmer@example.org,1979-08-09,(0121) 496 0267,"5 Cole Throughway
Millerfurt
L4B 9WY",Female,Meadowbrook Community Health NHS Trust,Black,Trinidad and Tobago,ILR,Medical,GP,Critical Care & Anaesthesia,GP,106715,2023-08-01,2023-08-29,15.0,0.4,None,Bank,Suspended,PU887445,2029-06-08,DZ580795,2029-06-10,2027-07-13,2023-08-22
EMP0822,Bradley,Brown,kingnorman@example.com,1979-05-11,(0306) 9990871,"Studio 18
Edwards Corner
Port Yvonneside
EC3A 9ZG",Male,Oakridge Community Services NHS Trust,Black,Trinidad and Tobago,British Citizen,Nursing,Senior Staff Nurse,Emergency & Urgent Care,6,46476,2021-11-06,2021-12-04,20.0,0.53,HCPC,Permanent,Inactive,LE642308,2031-07-11,VH114558,2027-09-04,2027-06-25,2021-11-27
EMP0823,Clifford,Davis,bwarren@example.com,1960-11-27,+441514960687,"Studio 40
Kirby Lane
Jasmineton
LA6 6TX",Male,Eastfield Psychological Services NHS Trust,Asian,Thailand,ILR,Admin,Medical Secretary,Surgery & Cancer,4,34487,2017-10-23,2017-11-20,15.0,0.4,GMC,Bank,Suspended,BC073430,2027-01-04,WE304382,2028-04-21,2027-07-05,2017-11-13
EMP0824,Janet,Matthews,amber45@example.org,1994-06-17,0808 157 0443,"493 Alice Points
Ryanside
IM5B 6UL",Male,Hillcrest Medical Centres NHS Trust,Asian,Japan,Skilled Worker,AHP,Radiographer,Clinical Support Services,6,54828,2017-02-06,2017-03-06,30.0,0.8,GMC,Permanent,Active,BL961940,2030-11-04,LB609013,2027-09-16,2027-02-04,2017-02-27
EMP0825,Caroline,Marshall,karlburns@example.com,1972-05-11,(0141) 4960571,"741 O'Brien Ridge
Karlport
L6 7DU",Male,Broadfield Clinical Services NHS Trust,Mixed,Trinidad and Tobago,British Citizen,Nursing,Senior Staff Nurse,Corporate Services,6,52543,2019-10-30,2019-11-27,20.0,0.53,HCPC,Fixed Term,Suspended,NE920589,2031-07-25,OS856880,2028-10-13,2026-10-21,2019-11-20
EMP0826,Trevor,Walker,ameliabull@example.net,1962-12-22,+44(0)117 496 0326,"960 Danielle Plain
Port Karlbury
W8 3SX",Female,Horizon Integrated Health Partnership NHS Trust,White,United States,Skilled Worker,Nursing,Ward Manager,Women & Children,8A,63359,2026-03-13,2026-04-24,37.5,1.0,NMC,Bank,Inactive,TH014621,2027-05-25,BV940246,2027-10-05,2027-01-27,2026-04-03
EMP0827,Iain,Lee,paula70@example.net,1961-03-22,+44(0)151 4960572,"Studio 32I
Myers Pass
Julieview
B6U 2EU",Male,Lakeside District Hospitals NHS Trust,White,United States,ILR,Medical,GP,Medicine & Acute Care,GP,114365,2025-12-05,2026-01-02,18.75,0.5,HCPC,Fixed Term,Inactive,JY252745,2027-04-11,HA906469,2028-03-31,2027-08-12,2025-12-26
EMP0828,Lesley,Gibson,reecebyrne@example.org,1999-12-07,0909 879 0420,"Flat 29k
Wood Road
Pageport
BT47 1GU",Male,Westmere Community Health NHS Trust,Black,Ghana,British Citizen,Medical,GP,Corporate Services,GP,102230,2023-07-06,2023-08-17,30.0,0.8,NMC,Bank,Inactive,MC994880,2030-11-28,WD591774,2029-11-03,2027-01-25,2023-07-27
EMP0829,Gail,Lloyd,wswift@example.net,1964-06-03,(0113)4960483,"Flat 4
Patrick Dale
Kimberleyburgh
HD10 3WE",Male,Lakeside District Hospitals NHS Trust,White,New Zealand,ILR,Nursing,Healthcare Assistant,Critical Care & Anaesthesia,2,24929,2023-12-28,2024-01-25,30.0,0.8,GMC,Fixed Term,Suspended,HT930856,2028-11-05,QZ886131,2031-07-07,2027-03-21,2024-01-18
EMP0830,Russell,Payne,tracy45@example.org,1976-06-27,0114 4960347,"9 Thomas Tunnel
Morganfort
LU3 4BG",Male,Lakeside District Hospitals NHS Trust,White,Australia,Skilled Worker,Medical,FY1/FY2,Medicine & Acute Care,FY1,37657,2021-01-10,2021-02-07,30.0,0.8,NMC,Permanent,Active,VH261487,2030-12-16,QN955453,2029-02-02,2026-12-08,2021-01-31
EMP0831,Joe,Horton,darren76@example.org,1964-11-04,+44(0)29 2018 0584,"Studio 29M
Lee Isle
West Catherine
N85 3UR",Female,Hillcrest Medical Centres NHS Trust,Mixed,South Africa,ILR,Nursing,Nursery Nurse,Medicine & Acute Care,2,26014,2026-05-07,2026-06-18,18.75,0.5,NMC,Permanent,Active,WR788578,2031-08-22,GM127052,2031-02-28,2027-07-27,2026-05-28
EMP0832,Graham,O'Donnell,ben49@example.com,1962-07-06,(0113) 4960495,"2 Christine Turnpike
New Shannonmouth
WC8E 1NT",Male,Lakeside District Hospitals NHS Trust,White,New Zealand,British Citizen,Medical,GP,Critical Care & Anaesthesia,GP,119025,2018-11-20,2019-01-01,37.5,1.0,None,Fixed Term,Inactive,TE688619,2031-09-07,CQ670867,2027-08-05,2027-04-29,2018-12-11
EMP0833,Tracy,Pearson,quinnjoan@example.org,2006-03-04,0808 1570756,"323 Cook Route
New Tom
S9D 5TF",Female,Midlands Central Hospitals NHS Trust,White,United States,ILR,Medical,Registrar,Medicine & Acute Care,SPR,82364,2023-12-05,2024-01-02,37.5,1.0,GMC,Permanent,Inactive,VH533299,2029-02-19,RO993508,2026-12-23,2027-08-16,2023-12-26
EMP0834,Patricia,Reynolds,staylor@example.net,1963-12-06,0191 498 0692,"Flat 8
Gordon Glen
Justinburgh
HS23 9AH",Female,Valleyview Mental Wellness NHS Trust,Black,Kenya,ILR,Nursing,Nursery Nurse,Corporate Services,2,25910,2019-09-25,2019-11-06,18.75,0.5,NMC,Fixed Term,On Leave,PO134270,2026-11-18,DP856222,2027-09-19,2026-12-19,2019-10-16
EMP0835,Mark,Brown,owen20@example.com,1972-09-15,(029)2018759,"Flat 12m
Rhys Crest
Haywardmouth
DH7 2RL",Male,Eastfield Psychological Services NHS Trust,Black,South Africa,Dependent,Nursing,Staff Nurse,Surgery & Cancer,5,43582,2024-12-02,2025-01-13,15.0,0.4,NMC,Permanent,Inactive,ZH269177,2028-01-15,RT202635,2028-10-27,2027-02-08,2024-12-23
EMP0836,Melissa,Hussain,uhope@example.com,2006-03-22,(0306) 999 0388,"Studio 4
Elizabeth Path
New Donna
BH14 7DG",Male,Southvale Hospitals NHS Trust,Black,Trinidad and Tobago,ILR,AHP,Pharmacist,Critical Care & Anaesthesia,5,40101,2020-05-14,2020-06-11,15.0,0.4,GMC,Fixed Term,Inactive,KL425510,2030-05-18,QJ764572,2030-07-01,2027-05-23,2020-06-04
EMP0837,Joe,Payne,brownejordan@example.net,1996-11-01,0306 9990541,"Flat 39P
Adrian Park
Bradleyfurt
RG1H 0NX",Female,Northwood Mental Health NHS Trust,Asian,Thailand,Dependent,Medical,Registrar,Clinical Support Services,SPR,84841,2024-07-11,2024-08-22,15.0,0.4,GMC,Permanent,On Leave,FM048201,2027-06-11,IZ225967,2030-08-16,2026-09-29,2024-08-01
EMP0838,Debra,Graham,ross26@example.org,1998-12-02,0113 496 0008,"98 Mitchell Spurs
West Kyle
L10 9JX",Male,Southvale Hospitals NHS Trust,Asian,Japan,Dependent,Medical,Registrar,Corporate Services,SPR,81570,2021-09-24,2021-10-22,18.75,0.5,HCPC,Bank,Inactive,CU191501,2028-05-01,RU258679,2031-07-30,2027-08-26,2021-10-15
EMP0839,Leah,Smith,harrylucas@example.net,1972-01-18,+44(0)141 496 0676,"18 Gray Islands
South Bethhaven
NR6V 9RP",Male,Southgate Community & Mental Health NHS Trust,Black,Barbados,British Citizen,AHP,Radiographer,Emergency & Urgent Care,6,47200,2021-10-14,2021-11-25,30.0,0.8,None,Bank,Suspended,SO561309,2031-04-07,VO302821,2030-08-25,2026-12-27,2021-11-04
EMP0840,Roy,Williams,callum09@example.com,1994-09-02,+441632 960566,"93 Stephens Plaza
West Leslieborough
W98 4AA",Female,Valleyview Mental Wellness NHS Trust,Black,Kenya,British Citizen,Admin,Receptionist,Surgery & Cancer,3,27965,2017-04-10,2017-05-22,20.0,0.53,None,Bank,Suspended,ED396125,2031-01-23,XR427230,2030-06-11,2026-09-17,2017-05-01
EMP0841,Stephen,James,valerie30@example.net,1962-04-22,0289018386,"Flat 34d
Stephanie Villages
East Jeremyfort
G2G 4XA",Female,Westmere Community Health NHS Trust,Mixed,Nigeria,Dependent,Nursing,Healthcare Assistant,Corporate Services,2,27525,2019-04-02,2019-05-14,20.0,0.53,None,Fixed Term,On Leave,QU321640,2028-08-07,SS933142,2028-05-18,2026-11-09,2019-04-23
EMP0842,Debra,Johnson,andersonphillip@example.net,1997-06-27,(0114) 4960331,"083 James Path
Elliottside
TW6V 4DQ",Female,Valleyview Mental Wellness NHS Trust,White,United States,ILR,Nursing,Nursery Nurse,Women & Children,2,27062,2023-10-27,2023-12-08,18.75,0.5,NMC,Permanent,Inactive,KF601740,2029-05-13,JR715662,2029-06-03,2026-10-11,2023-11-17
EMP0843,Julian,Smith,nrees@example.org,1990-02-24,(0115) 496 0985,"9 Joshua Flat
East Bethan
G3B 2GT",Male,Westmere Community Health NHS Trust,White,United Kingdom,ILR,Nursing,Nursery Nurse,Women & Children,2,25556,2023-01-01,2023-02-05,18.75,0.5,GMC,Permanent,On Leave,AD779885,2028-11-10,PI658430,2028-02-06,2027-07-29,2023-01-22
EMP0844,Lisa,Anderson,eharris@example.org,1963-02-17,+44(0)141 4960838,"42 Francesca Harbors
East Sandraville
E44 2RQ",Male,Broadfield Clinical Services NHS Trust,Asian,China,British Citizen,AHP,Occupational Therapist,Corporate Services,6,47357,2020-04-14,2020-05-19,18.75,0.5,GMC,Permanent,Suspended,YV148455,2027-03-29,MD764908,2029-10-06,2027-07-08,2020-05-05
EMP0845,Roy,Kirby,thomas10@example.org,1998-03-24,(0909)8790952,"Flat 5
Duncan Bridge
Donaldshire
TN7V 6WY",Male,Greenhaven Acute & Specialist Care NHS Trust,Mixed,Trinidad and Tobago,Skilled Worker,Nursing,Senior Staff Nurse,Clinical Support Services,6,53034,2025-12-13,2026-01-17,15.0,0.4,HCPC,Permanent,Suspended,UP294265,2027-08-31,TE034640,2026-10-30,2027-02-15,2026-01-03
EMP0846,Sian,Evans,qbennett@example.com,1980-05-08,+44(0)28 9018 0839,"863 Hunt Ramp
West Charles
M8J 8NP",Female,Northwood Mental Health NHS Trust,Asian,China,ILR,AHP,Radiographer,Critical Care & Anaesthesia,6,52409,2022-05-19,2022-06-23,15.0,0.4,GMC,Bank,Active,XF621472,2029-04-22,HZ751694,2026-12-30,2027-08-11,2022-06-09
EMP0847,Mohammed,Turnbull,nicholasrose@example.net,1970-03-31,(0121)4960812,"Flat 4
Edwards Corners
Port Edward
E29 5EH",Male,Broadfield Clinical Services NHS Trust,Asian,India,Dependent,AHP,Physiotherapist,Corporate Services,6,46078,2026-04-02,2026-05-07,30.0,0.8,GMC,Permanent,Inactive,VO794414,2027-12-01,EN527874,2026-11-04,2027-06-24,2026-04-23
EMP0848,Annette,Green,phillipthomas@example.net,2006-10-12,(0116)4960403,"Flat 3
Peacock Squares
South Frederickchester
E79 7ZG",Female,Northshire University Hospitals NHS Trust,Black,Nigeria,Dependent,AHP,Physiologist,Corporate Services,6,47924,2022-03-19,2022-04-16,20.0,0.53,NMC,Bank,On Leave,PX152487,2029-04-26,CQ374352,2030-04-28,2026-11-28,2022-04-09
EMP0849,Nicholas,Walker,mgreen@example.net,1975-07-14,(0151)4960808,"49 Nash Estate
Karenburgh
E00 6ZP",Female,Horizon Integrated Health Partnership NHS Trust,Asian,Japan,Skilled Worker,AHP,Radiographer,Emergency & Urgent Care,6,50061,2018-09-09,2018-10-07,15.0,0.4,None,Bank,Inactive,TJ312692,2028-10-14,GQ273593,2031-03-29,2027-05-11,2018-09-30
EMP0850,Nigel,Johnston,elliotthaynes@example.org,1991-08-06,(0115)4960162,"Flat 1
Smart Bypass
New Anthony
G89 3NH",Female,Broadfield Clinical Services NHS Trust,Black,Jamaica,British Citizen,Admin,Medical Secretary,Corporate Services,4,34948,2019-04-04,2019-05-02,37.5,1.0,None,Bank,Inactive,TT434097,2028-07-17,BY470585,2028-06-16,2027-07-20,2019-04-25
EMP0851,Paula,Howells,abdul41@example.net,2006-12-17,+44121 4960188,"Studio 2
Ruth Haven
North Leigh
B1K 4AT",Male,Riverside Integrated Care NHS Trust,Asian,India,ILR,Medical,SHO,Corporate Services,SHO,55524,2021-12-12,2022-01-09,15.0,0.4,GMC,Permanent,Inactive,OO858553,2027-04-14,NK901398,2029-01-24,2026-12-11,2022-01-02
EMP0852,Roy,Lewis,holly17@example.org,2006-05-04,+44808 157 0659,"Studio 4
Brown Heights
Lake Marc
S8 5GZ",Female,Eastmoor Teaching Hospitals NHS Trust,Asian,India,Dependent,Admin,Data Analyst,Emergency & Urgent Care,8A,55770,2024-03-25,2024-04-29,37.5,1.0,None,Permanent,Inactive,IC461940,2028-01-25,WI154830,2029-01-04,2026-10-02,2024-04-15
EMP0853,Diane,Armstrong,obrienjean@example.com,1996-07-11,(0141)4960499,"Studio 7
Richardson Vista
Samuelview
W2 3XA",Male,Northwood Mental Health NHS Trust,Asian,Japan,ILR,AHP,Physiotherapist,Women & Children,6,47819,2021-11-01,2021-11-29,15.0,0.4,None,Fixed Term,Suspended,QW572034,2028-08-16,GB890774,2028-09-17,2027-07-20,2021-11-22
EMP0854,Leanne,Wyatt,donnaward@example.com,1991-01-30,0289018941,"Studio 54i
Pearson Freeway
Patelbury
NP9 1AL",Female,Hillcrest Medical Centres NHS Trust,Asian,Japan,Dependent,Medical,SHO,Clinical Support Services,SHO,57920,2021-09-17,2021-10-15,30.0,0.8,None,Permanent,On Leave,VL255897,2030-04-06,CY058198,2029-04-15,2027-04-27,2021-10-08
EMP0855,Eleanor,Austin,gcarter@example.net,1971-04-25,(0117)4960275,"67 Sharp Drive
North Rogerborough
N9 8XT",Female,Midlands Central Hospitals NHS Trust,White,New Zealand,ILR,AHP,Physiologist,Clinical Support Services,6,51264,2023-03-06,2023-04-10,30.0,0.8,HCPC,Permanent,Active,JM201873,2029-10-17,AU533706,2028-03-16,2026-11-08,2023-03-27
EMP0856,Leonard,Richards,singhcatherine@example.net,1994-10-13,0131 4960490,"Studio 68h
Trevor Well
North Eileenberg
N1 1AY",Male,Hillcrest Medical Centres NHS Trust,Asian,India,Skilled Worker,Medical,FY1/FY2,Surgery & Cancer,FY1,40726,2020-12-04,2021-01-01,37.5,1.0,NMC,Permanent,Active,IG676539,2029-05-10,TX096303,2026-11-15,2027-02-03,2020-12-25
EMP0857,Kate,Wright,mitchelljanice@example.net,1989-09-13,+44(0)1164960237,"41 Bradley Road
West Megan
M90 4WR",Female,Bluewater Community & Rehabilitation NHS Trust,Black,Barbados,Dependent,Nursing,Healthcare Assistant,Medicine & Acute Care,2,25995,2018-01-25,2018-03-01,18.75,0.5,None,Fixed Term,Active,BC143487,2031-05-12,UM365395,2029-05-17,2026-09-26,2018-02-15
EMP0858,Clive,Jackson,aaronsmith@example.net,1968-03-20,(029) 2018 0009,"35 Zoe Plain
South Tina
SW3 3LS",Female,Greenhaven Acute & Specialist Care NHS Trust,Asian,China,British Citizen,Medical,FY1/FY2,Surgery & Cancer,FY1,37309,2025-05-31,2025-07-05,37.5,1.0,HCPC,Fixed Term,Active,FR019300,2027-11-22,FN848179,2029-03-19,2026-11-01,2025-06-21
EMP0859,Terry,West,whitelindsey@example.org,1968-10-22,0191 498 0561,"Studio 74g
Douglas Pines
Walshshire
HR7N 6DZ",Male,Northshire University Hospitals NHS Trust,White,United Kingdom,British Citizen,AHP,Physiotherapist,Women & Children,6,47100,2020-01-25,2020-03-07,30.0,0.8,None,Bank,Suspended,GP719365,2028-09-03,SN947214,2027-11-23,2026-11-13,2020-02-15
EMP0860,Michelle,Webb,shahhollie@example.org,1975-08-30,+44113 496 0121,"852 Slater Point
Lake Carlville
M1J 4AW",Female,Hillcrest Medical Centres NHS Trust,Black,Jamaica,ILR,Nursing,Senior Staff Nurse,Medicine & Acute Care,6,47570,2020-08-10,2020-09-21,15.0,0.4,GMC,Fixed Term,Inactive,XS986417,2030-11-21,DM274967,2028-07-12,2027-08-11,2020-08-31
EMP0861,Jessica,O'Neill,clarkjayne@example.com,1984-08-19,+441514960595,"Flat 1
Thomas Expressway
Iainbury
CF57 5AL",Female,Oakridge Community Services NHS Trust,Black,Ghana,ILR,Admin,Receptionist,Surgery & Cancer,3,26237,2021-03-12,2021-04-09,20.0,0.53,None,Permanent,Suspended,IQ633379,2028-01-29,LA840111,2029-05-28,2027-03-29,2021-04-02
EMP0862,Emily,Graham,paula38@example.org,1964-01-22,(0121) 4960657,"014 Hamilton Prairie
Mohamedstad
BS6V 3BR",Male,Oakridge Community Services NHS Trust,White,Australia,British Citizen,Admin,Receptionist,Critical Care & Anaesthesia,3,26856,2019-04-03,2019-05-01,30.0,0.8,HCPC,Permanent,Inactive,GG546114,2029-12-14,RY971546,2028-03-15,2027-05-29,2019-04-24
EMP0863,Lydia,Hughes,russellobrien@example.com,2002-08-20,+44(0)151 496 0353,"Studio 55
Green Harbor
Iainchester
HR3P 9RR",Male,Greenhaven Acute & Specialist Care NHS Trust,Black,Nigeria,Skilled Worker,AHP,Radiographer,Medicine & Acute Care,6,49938,2017-04-29,2017-05-27,20.0,0.53,None,Fixed Term,Suspended,IU747155,2027-12-16,FN310569,2029-03-30,2027-09-08,2017-05-20
EMP0864,Steven,Hutchinson,antonyweston@example.com,1966-04-24,+44(0)1614960180,"88 Carter Fall
Lake Gailmouth
L4H 8BH",Male,Riverbank General Hospitals NHS Trust,Asian,Japan,British Citizen,AHP,Speech Therapist,Critical Care & Anaesthesia,6,51547,2024-08-31,2024-09-28,20.0,0.53,GMC,Permanent,Inactive,SB791600,2026-12-21,DY380106,2031-01-30,2027-04-09,2024-09-21
EMP0865,Jade,Smith,prattjulia@example.org,1967-06-16,(0114) 496 0529,"457 Matthew Hill
Susanhaven
E9 1AX",Male,Bluewater Community & Rehabilitation NHS Trust,White,Canada,Dependent,Nursing,Healthcare Assistant,Corporate Services,2,24166,2019-02-23,2019-03-23,18.75,0.5,HCPC,Permanent,On Leave,SE765039,2028-01-01,NT928811,2031-06-20,2027-04-04,2019-03-16
EMP0866,Shane,Osborne,ccampbell@example.org,1999-10-02,+441514960153,"Studio 7
Barlow Square
Phillipmouth
OL0 6TL",Female,Southvale Hospitals NHS Trust,Mixed,Japan,ILR,Medical,GP,Clinical Support Services,GP,91589,2018-03-10,2018-04-21,30.0,0.8,HCPC,Bank,Suspended,VJ886260,2028-08-30,EJ279073,2030-01-29,2027-06-11,2018-03-31
EMP0867,Joshua,Lawrence,qmarsh@example.com,2004-10-16,(0113) 496 0704,"953 Connolly Parks
Williamsshire
WC78 5AB",Female,Broadfield Clinical Services NHS Trust,Mixed,India,Dependent,Medical,SHO,Surgery & Cancer,SHO,56491,2020-11-13,2020-12-18,15.0,0.4,None,Fixed Term,On Leave,ID610413,2027-10-07,CO150406,2030-08-25,2026-12-13,2020-12-04
EMP0868,Josephine,Chapman,mauricehargreaves@example.org,2001-01-21,+44(0)1184960635,"9 Rita Island
Bowentown
B1G 3SR",Female,Northwood Mental Health NHS Trust,Mixed,United States,ILR,AHP,Radiographer,Emergency & Urgent Care,6,48152,2017-09-18,2017-10-23,37.5,1.0,HCPC,Bank,Active,IM917017,2030-06-25,OA636003,2030-05-14,2027-01-02,2017-10-09
EMP0869,Jacob,Phillips,dominicsmith@example.org,1981-04-21,+44(0)306 999 0010,"77 Debra Ferry
Lake Jamieport
B86 2UH",Male,Eastfield Psychological Services NHS Trust,White,Australia,British Citizen,Medical,FY1/FY2,Critical Care & Anaesthesia,FY1,38785,2018-10-26,2018-11-30,18.75,0.5,None,Fixed Term,Active,TQ045362,2028-08-19,VP598428,2031-07-04,2026-12-20,2018-11-16
EMP0870,Lynn,Townsend,vharrison@example.com,1995-02-06,01134960242,"Studio 3
Joel Ridges
Jamieside
SS9X 1AA",Female,Hillcrest Medical Centres NHS Trust,Mixed,United Kingdom,ILR,AHP,Pharmacist,Emergency & Urgent Care,5,37546,2022-03-17,2022-04-28,18.75,0.5,NMC,Fixed Term,Active,SQ055239,2028-05-31,IS166505,2031-01-29,2026-10-29,2022-04-07
EMP0871,Gillian,Hurst,geraldineporter@example.com,1967-12-21,+441314960068,"Flat 90
Field Prairie
Port Ashleigh
N4 6DR",Female,Southgate Community & Mental Health NHS Trust,Asian,Thailand,Skilled Worker,AHP,Physiotherapist,Emergency & Urgent Care,6,47089,2024-06-04,2024-07-09,15.0,0.4,NMC,Permanent,Inactive,TU942763,2030-03-03,CT367915,2028-10-12,2027-04-12,2024-06-25
EMP0872,Charles,Kay,hsmith@example.org,1978-08-13,+44118 496 0387,"Flat 60n
Ruth Shoal
Rossstad
SN1M 0AP",Male,Westborough Acute Care NHS Trust,White,Australia,ILR,Nursing,Charge Nurse,Corporate Services,7,57844,2022-05-07,2022-06-11,20.0,0.53,None,Bank,Inactive,MX492738,2027-06-29,GZ825215,2028-10-06,2026-10-03,2022-05-28
EMP0873,Craig,Walker,simongreenwood@example.net,1964-04-27,0292018818,"Flat 91
Wilson Parks
East Billy
BB6X 1RZ",Male,Oakridge Community Services NHS Trust,Mixed,India,British Citizen,AHP,Speech Therapist,Corporate Services,6,52335,2024-10-19,2024-11-23,37.5,1.0,HCPC,Fixed Term,On Leave,OA991771,2030-03-09,VX815565,2029-02-02,2026-09-23,2024-11-09
EMP0874,Stuart,Mason,beverleyknowles@example.org,2001-04-25,0151 496 0635,"Flat 2
Lynne Views
Louisfort
DA3 4JL",Female,Valleyview Mental Wellness NHS Trust,White,Canada,ILR,AHP,Physiotherapist,Surgery & Cancer,6,47848,2021-06-08,2021-07-06,15.0,0.4,NMC,Fixed Term,Inactive,UK845705,2029-04-26,ZA272742,2031-03-26,2027-08-29,2021-06-29
EMP0875,Eileen,Morris,sheilaellis@example.net,2005-10-07,+44(0)151 496 0872,"0 Brookes Bypass
Port Lucy
TR9 5YL",Female,Riverside Integrated Care NHS Trust,Asian,Thailand,Dependent,Medical,SHO,Emergency & Urgent Care,SHO,54579,2016-12-07,2017-01-11,18.75,0.5,NMC,Bank,Suspended,WI089399,2027-07-29,LI357141,2029-12-08,2027-06-26,2016-12-28
EMP0876,Joanne,Osborne,lewis47@example.org,1963-10-27,0161 4960405,"1 Manning Point
Lake Kimberleymouth
SL4W 9TQ",Female,Oakridge Community Services NHS Trust,White,United States,Skilled Worker,Nursing,Nursery Nurse,Critical Care & Anaesthesia,2,26491,2020-06-15,2020-07-27,20.0,0.53,HCPC,Permanent,Active,LE528852,2029-05-04,CX669411,2029-05-03,2027-05-08,2020-07-06
EMP0877,Clifford,Reid,dwright@example.org,1967-03-26,+44(0)1134960984,"13 Wilkinson Isle
South Gary
WN9 7RD",Male,Northwood Mental Health NHS Trust,Mixed,Barbados,ILR,AHP,Pharmacist,Emergency & Urgent Care,5,41475,2026-07-18,2026-08-29,15.0,0.4,None,Bank,On Leave,DD414185,2027-08-15,SS550372,2027-03-03,2026-12-01,2026-08-08
EMP0878,Damien,Armstrong,robinsonamber@example.com,1991-12-18,0289018576,"9 Neil Corner
South Bethanfort
B0 4YT",Male,Northshire University Hospitals NHS Trust,Black,Ghana,ILR,Admin,Administrator,Corporate Services,3,28492,2025-05-06,2025-06-03,37.5,1.0,None,Fixed Term,Active,ZP329477,2031-04-17,KZ833747,2028-07-09,2027-03-18,2025-05-27
EMP0879,Mathew,Owen,youngvictoria@example.com,1987-04-16,(020)74960570,"Studio 01K
Blackburn Locks
Priceshire
SS1 6LF",Male,Meadowbrook Community Health NHS Trust,Black,Kenya,British Citizen,Nursing,Staff Nurse,Clinical Support Services,5,38140,2016-11-28,2016-12-26,30.0,0.8,HCPC,Permanent,On Leave,KQ968091,2027-04-28,VK456204,2030-05-25,2027-09-07,2016-12-19
EMP0880,Wayne,Bell,alisonjohnson@example.org,1973-03-18,+44131 496 0330,"Studio 60
Brandon Ports
Ellistown
DG8Y 3AZ",Male,Meadowbrook Community Health NHS Trust,White,New Zealand,Dependent,AHP,Physiologist,Corporate Services,6,52762,2021-02-17,2021-03-31,37.5,1.0,NMC,Bank,On Leave,IU541911,2030-01-22,NI630788,2028-01-01,2027-01-12,2021-03-10
EMP0881,Heather,Baker,djennings@example.net,1980-02-09,+44(0)292018348,"Studio 85K
Jemma Crossroad
Reidshire
BR0 5FB",Female,Meadowbrook Community Health NHS Trust,Asian,Thailand,ILR,AHP,Physiologist,Medicine & Acute Care,6,46619,2023-05-11,2023-06-08,20.0,0.53,None,Permanent,Active,FT734010,2029-08-10,WS090626,2030-12-12,2027-05-26,2023-06-01
EMP0882,Diane,Davies,zturner@example.com,1981-07-13,0141 4960991,"7 Roger Crest
Jonathanbury
DN6 9JH",Male,Midlands Central Hospitals NHS Trust,White,New Zealand,Skilled Worker,AHP,Physiotherapist,Medicine & Acute Care,6,45975,2023-10-03,2023-11-14,20.0,0.53,GMC,Fixed Term,Suspended,HH976137,2031-03-06,LZ578872,2029-07-14,2027-06-19,2023-10-24
EMP0883,Rosemary,Howard,wendy13@example.com,1986-03-29,+441164960347,"74 Steven Burg
Wilkinsontown
IG73 1UY",Male,Eastfield Psychological Services NHS Trust,White,Australia,British Citizen,Medical,FY1/FY2,Emergency & Urgent Care,FY1,40897,2023-03-24,2023-04-21,15.0,0.4,GMC,Bank,Suspended,FO374330,2030-09-03,JR765584,2029-12-29,2026-12-07,2023-04-14
EMP0884,Gerald,Clark,nclark@example.org,1980-06-02,+44114 496 0223,"0 Norman Shore
West Gerald
W0F 3WT",Female,Greenhaven Acute & Specialist Care NHS Trust,Asian,China,ILR,Nursing,Charge Nurse,Clinical Support Services,7,59070,2020-08-30,2020-10-11,20.0,0.53,GMC,Fixed Term,On Leave,EC240192,2030-06-19,GC286213,2030-01-18,2026-09-14,2020-09-20
EMP0885,Brian,O'Neill,hholden@example.net,1983-06-22,(0131) 4960667,"298 Williams Motorway
Francescatown
E4 9WN",Female,Riverbank General Hospitals NHS Trust,Mixed,Thailand,Dependent,AHP,Physiologist,Medicine & Acute Care,6,50656,2025-04-27,2025-06-08,15.0,0.4,GMC,Fixed Term,On Leave,GY984215,2028-06-28,AJ925991,2029-02-04,2027-08-18,2025-05-18
EMP0886,Jasmine,Hall,alisonvaughan@example.net,1982-11-26,+44(0)141 4960552,"808 Richardson Place
West Donald
KT4 1RX",Male,Northshire University Hospitals NHS Trust,Asian,Japan,Dependent,AHP,Physiotherapist,Corporate Services,6,45689,2021-11-12,2021-12-24,20.0,0.53,GMC,Fixed Term,Inactive,TT491760,2028-12-31,UT727559,2028-01-07,2027-07-20,2021-12-03
EMP0887,Albert,Reed,pparsons@example.org,1992-04-22,+44151 4960017,"94 Jessica Circle
Josephineside
M00 1PW",Female,Westmere Community Health NHS Trust,White,United Kingdom,British Citizen,Nursing,Charge Nurse,Clinical Support Services,7,52804,2025-03-18,2025-04-29,15.0,0.4,HCPC,Bank,Inactive,FZ873366,2026-11-23,GK259057,2030-07-19,2027-06-03,2025-04-08
EMP0888,Jemma,Fowler,kathrynprice@example.com,1979-01-24,08081570456,"Flat 6
Ricky Throughway
North Mohammedmouth
S54 3UU",Female,Southvale Hospitals NHS Trust,Mixed,India,Skilled Worker,Admin,Receptionist,Critical Care & Anaesthesia,3,31584,2022-03-16,2022-04-20,30.0,0.8,NMC,Permanent,Inactive,ZF780775,2027-07-30,EC742152,2026-09-19,2026-09-23,2022-04-06
EMP0889,Stuart,Nelson,onicholson@example.org,1981-09-26,(0115)4960351,"Studio 2
Butcher Common
Andreashire
WD6 8NX",Female,Eastmoor Teaching Hospitals NHS Trust,Mixed,Jamaica,Dependent,Medical,Registrar,Medicine & Acute Care,SPR,84170,2023-08-11,2023-09-22,15.0,0.4,GMC,Bank,Active,WF193329,2027-01-29,LA140612,2027-09-25,2026-11-03,2023-09-01
EMP0890,Brett,Thomas,frobinson@example.com,2002-10-01,+44(0)3069990151,"Studio 3
Thompson Oval
East Alexandratown
L0S 3QG",Male,Bluewater Community & Rehabilitation NHS Trust,Asian,India,British Citizen,AHP,Pharmacist,Critical Care & Anaesthesia,5,44319,2025-07-06,2025-08-10,37.5,1.0,NMC,Fixed Term,Inactive,IV841380,2027-10-01,MW615506,2027-02-09,2027-03-16,2025-07-27
EMP0891,Hannah,Barber,michellewilliams@example.com,1998-09-23,0115 4960313,"Flat 9
Emily Street
Lake Reecestad
E7 8JN",Male,Northwood Mental Health NHS Trust,Black,Nigeria,ILR,Medical,SHO,Women & Children,SHO,49093,2018-11-04,2018-12-16,37.5,1.0,HCPC,Permanent,Active,IJ792216,2027-09-18,VB636843,2030-05-02,2027-07-28,2018-11-25
EMP0892,Deborah,Turner,christopher48@example.net,2004-11-22,+44(0)116 496 0570,"00 Eric Port
South Gillianbury
BL1W 1LT",Female,Southvale Hospitals NHS Trust,Asian,China,ILR,Nursing,Staff Nurse,Women & Children,5,37786,2018-08-31,2018-09-28,37.5,1.0,NMC,Fixed Term,Active,QA363004,2027-12-06,PU023417,2027-03-22,2027-07-10,2018-09-21
EMP0893,Kim,Singh,rmills@example.net,1981-12-03,+44151 4960082,"Flat 5
Lane Forges
New Aimee
E9 3FZ",Male,Horizon Integrated Health Partnership NHS Trust,White,United Kingdom,ILR,Nursing,Staff Nurse,Emergency & Urgent Care,5,41162,2025-05-15,2025-06-19,15.0,0.4,GMC,Fixed Term,Inactive,UJ796145,2027-11-01,CR203954,2027-12-16,2027-09-01,2025-06-05
EMP0894,Julie,Taylor,craigrobinson@example.net,2001-06-19,029 2018 0910,"99 Arthur Lake
Melissaside
G5 3ZT",Male,Eastmoor Teaching Hospitals NHS Trust,White,New Zealand,Skilled Worker,AHP,Pharmacist,Emergency & Urgent Care,5,40083,2021-06-09,2021-07-21,37.5,1.0,HCPC,Fixed Term,Active,MV112605,2028-05-15,PO546625,2031-02-06,2026-12-31,2021-06-30
EMP0895,Stephen,Green,maureen61@example.com,1970-08-19,(0117)4960596,"055 Wilson Mountain
North Annette
W53 7XS",Female,Eastfield Psychological Services NHS Trust,Mixed,Barbados,Dependent,Medical,SHO,Emergency & Urgent Care,SHO,54573,2024-10-13,2024-11-24,37.5,1.0,NMC,Fixed Term,Inactive,GI143388,2030-08-08,MO926613,2029-12-23,2027-07-12,2024-11-03
EMP0896,Brett,Akhtar,atkinsontracy@example.com,1975-04-19,+44(0)9098790841,"Studio 46y
William Land
East Liamhaven
LU53 0PU",Female,Midlands Central Hospitals NHS Trust,Mixed,Trinidad and Tobago,Skilled Worker,AHP,Pharmacist,Clinical Support Services,5,38183,2025-02-13,2025-03-27,30.0,0.8,HCPC,Permanent,Active,TP227386,2029-06-07,ZJ943989,2029-04-28,2026-10-11,2025-03-06
EMP0897,Valerie,Foster,obrienjane@example.net,1987-10-28,+44292018343,"54 Stacey Mountain
Hannahchester
E5G 0SZ",Male,Riverside Integrated Care NHS Trust,Black,Kenya,Dependent,Medical,SHO,Corporate Services,SHO,49932,2023-03-28,2023-05-09,20.0,0.53,None,Bank,On Leave,HF823758,2028-03-09,HS670771,2030-09-13,2027-08-09,2023-04-18
EMP0898,Ross,Steele,ellieross@example.com,1987-11-21,+44(0)117 496 0114,"Studio 7
Julia Heights
Katherinemouth
M1 8ZX",Female,Northwood Mental Health NHS Trust,Mixed,India,Dependent,Admin,Data Analyst,Emergency & Urgent Care,8A,58469,2021-02-17,2021-03-24,18.75,0.5,None,Fixed Term,Inactive,KR269565,2031-05-28,SR120429,2031-08-23,2027-03-18,2021-03-10
EMP0899,Emma,Roberts,dorothy88@example.org,1975-01-12,01614960751,"Studio 56W
Ashton Row
East Jacob
SK5X 5XP",Male,Southgate Community & Mental Health NHS Trust,Mixed,Jamaica,Skilled Worker,Medical,FY1/FY2,Women & Children,FY1,36852,2017-06-03,2017-07-08,15.0,0.4,GMC,Fixed Term,On Leave,DU716478,2029-02-01,IX523650,2031-02-11,2027-07-24,2017-06-24
EMP0900,Joe,Smith,douglas01@example.net,2002-03-25,0116 4960952,"Flat 78l
Shirley Park
Julianbury
HA8 4GZ",Male,Horizon Integrated Health Partnership NHS Trust,Asian,Thailand,British Citizen,Medical,FY1/FY2,Corporate Services,FY1,38377,2022-12-03,2023-01-07,18.75,0.5,None,Bank,On Leave,IY550395,2028-06-21,KH556914,2027-12-11,2027-05-07,2022-12-24
EMP0901,Ashleigh,Taylor,daviesjacqueline@example.com,1969-04-07,+44114 4960735,"Flat 6
Reeves Pine
Youngburgh
IP4 4DY",Male,Greenhaven Acute & Specialist Care NHS Trust,White,New Zealand,ILR,Medical,SHO,Corporate Services,SHO,47539,2021-06-18,2021-07-23,37.5,1.0,NMC,Fixed Term,Active,FF028925,2027-02-20,VU795787,2029-07-22,2027-05-27,2021-07-09
EMP0902,Jodie,Miller,julian62@example.com,1994-01-16,+44117 4960759,"Studio 20P
Donald Throughway
Annetteberg
PE1 2NN",Male,Midlands Central Hospitals NHS Trust,Asian,China,British Citizen,AHP,Radiographer,Critical Care & Anaesthesia,6,49021,2017-10-25,2017-11-22,15.0,0.4,NMC,Fixed Term,Active,QP995228,2030-09-01,JP538296,2030-01-22,2027-04-24,2017-11-15
EMP0903,Lee,Hughes,natalie89@example.net,1977-12-14,029 2018 0134,"618 Johnson Cape
Smithton
DL7W 3JS",Female,Bluewater Community & Rehabilitation NHS Trust,Mixed,Trinidad and Tobago,Dependent,Nursing,Senior Staff Nurse,Medicine & Acute Care,6,45643,2020-03-23,2020-04-20,37.5,1.0,HCPC,Bank,On Leave,UI494114,2029-04-29,KQ921702,2027-02-20,2026-11-11,2020-04-13
EMP0904,Frank,Bell,kimconnolly@example.org,1993-04-30,(0131) 496 0540,"Studio 75E
Arnold Trafficway
East Martyn
HG9W 7EY",Male,Lakeside District Hospitals NHS Trust,Asian,China,Dependent,AHP,Occupational Therapist,Corporate Services,6,47449,2025-04-02,2025-04-30,18.75,0.5,None,Permanent,Suspended,AX754988,2028-10-08,PH074310,2029-07-20,2027-06-29,2025-04-23
EMP0905,Sally,Stone,smithcallum@example.org,1973-12-11,+44(0)909 879 0819,"Studio 89Z
Adrian Summit
North Diana
L60 1SP",Female,Eastmoor Teaching Hospitals NHS Trust,Mixed,Japan,Skilled Worker,AHP,Physiologist,Emergency & Urgent Care,6,44483,2021-07-15,2021-08-12,18.75,0.5,HCPC,Fixed Term,Suspended,AU784196,2028-08-08,CI857798,2028-10-05,2026-10-25,2021-08-05
EMP0906,Howard,Herbert,zhumphries@example.com,2008-09-03,+44(0)8081570093,"42 Bryan Island
Kevinborough
W05 4XS",Female,Riverside Integrated Care NHS Trust,White,New Zealand,British Citizen,Nursing,Healthcare Assistant,Medicine & Acute Care,2,27169,2023-05-13,2023-06-24,30.0,0.8,GMC,Permanent,Inactive,AU052401,2026-11-16,BF783344,2031-05-22,2027-07-06,2023-06-03
EMP0907,Geraldine,Jennings,ameliamartin@example.net,1968-09-05,(0113)4960413,"395 Johnson Springs
Curtisfurt
JE8 8PP",Male,Eastfield Psychological Services NHS Trust,Asian,India,British Citizen,Medical,Registrar,Clinical Support Services,SPR,71299,2019-02-11,2019-03-11,20.0,0.53,HCPC,Bank,Inactive,CQ991345,2028-05-28,FU735358,2027-05-30,2026-11-19,2019-03-04
EMP0908,Lydia,Roberts,thompsonlauren@example.com,1968-02-19,01514960949,"Studio 44
Jasmine Neck
Leanneview
M7H 0UT",Male,Oakridge Community Services NHS Trust,Mixed,United Kingdom,Dependent,Nursing,Nursery Nurse,Critical Care & Anaesthesia,2,25196,2018-05-07,2018-06-11,20.0,0.53,NMC,Permanent,On Leave,KL458795,2029-05-13,GX905555,2028-06-07,2027-01-14,2018-05-28
EMP0909,Hollie,Khan,fhale@example.net,1969-06-21,+449098790686,"0 Cooper View
Whiteborough
SW19 8FW",Male,Northshire University Hospitals NHS Trust,Asian,Japan,Skilled Worker,Medical,FY1/FY2,Medicine & Acute Care,FY1,38639,2025-06-16,2025-07-14,15.0,0.4,HCPC,Permanent,Active,LG054674,2026-10-06,LY154083,2031-09-01,2027-05-26,2025-07-07
EMP0910,Russell,Harding,carolewood@example.net,1974-06-26,01632 960936,"18 Dennis Drives
Shanetown
WD8 0RL",Male,Lakeside District Hospitals NHS Trust,Black,Barbados,Dependent,Nursing,Staff Nurse,Emergency & Urgent Care,5,41076,2022-07-30,2022-09-10,18.75,0.5,NMC,Permanent,On Leave,GB458886,2029-11-08,UZ081333,2030-10-30,2026-10-13,2022-08-20
EMP0911,Mitchell,Grant,hollygrant@example.net,1976-02-08,(029) 2018 0631,"Flat 72
Chamberlain Locks
Blackburnberg
NN5M 4TH",Female,Oakridge Community Services NHS Trust,Black,Kenya,ILR,AHP,Physiotherapist,Corporate Services,6,48015,2020-10-12,2020-11-09,15.0,0.4,HCPC,Fixed Term,Suspended,EB220335,2031-03-06,RN040285,2027-10-28,2027-05-03,2020-11-02
EMP0912,Jade,Turnbull,linda89@example.org,2006-03-06,+44113 4960136,"904 Marion Hills
North Douglasmouth
E5 1PN",Male,Eastfield Psychological Services NHS Trust,Asian,China,ILR,Admin,Data Analyst,Clinical Support Services,8A,58178,2025-06-14,2025-07-19,18.75,0.5,HCPC,Fixed Term,On Leave,WN672681,2029-01-31,LC730086,2031-03-15,2027-06-17,2025-07-05
EMP0913,Francesca,Ali,lynne17@example.net,1970-12-13,+4428 9018 0300,"Studio 09
Hollie Trail
Lake Arthur
CW7 4ZR",Female,Riverbank General Hospitals NHS Trust,White,New Zealand,Dependent,AHP,Radiographer,Corporate Services,6,48614,2025-03-21,2025-04-18,20.0,0.53,HCPC,Permanent,Active,IG828741,2029-01-11,JB802244,2028-05-09,2027-08-02,2025-04-11
EMP0914,Joseph,Collins,rhysburton@example.net,1965-04-27,01914960408,"699 Davis Road
Lake Carolbury
CW86 1ZG",Male,Valleyview Mental Wellness NHS Trust,Mixed,Ghana,Dependent,Medical,FY1/FY2,Emergency & Urgent Care,FY1,41558,2021-11-13,2021-12-25,37.5,1.0,NMC,Fixed Term,Inactive,AH700425,2030-10-14,LE560266,2028-07-07,2027-01-20,2021-12-04
EMP0915,Matthew,Berry,jack57@example.net,2004-10-11,+44909 879 0350,"96 Leonard Mountains
Brownhaven
PA8 2YT",Female,Riverside Integrated Care NHS Trust,Black,Trinidad and Tobago,Dependent,Admin,Administrator,Critical Care & Anaesthesia,3,27417,2023-09-13,2023-10-11,15.0,0.4,GMC,Permanent,On Leave,MF863613,2026-10-12,BP157933,2030-11-22,2026-11-08,2023-10-04
EMP0916,Jessica,Farrell,whitemary@example.org,1972-12-14,(0114) 496 0646,"Flat 30e
Davidson Glens
South Eric
KT6V 6EG",Female,Midlands Central Hospitals NHS Trust,Mixed,India,Skilled Worker,Nursing,Nursery Nurse,Critical Care & Anaesthesia,2,24188,2017-06-01,2017-07-13,15.0,0.4,HCPC,Fixed Term,Active,BU447862,2029-02-21,CR580275,2027-05-01,2026-12-21,2017-06-22
EMP0917,James,Brennan,bakerowen@example.org,2008-08-25,+44(0)306 999 0082,"32 Natalie Falls
Jacobshire
SL7 1WP",Male,Westborough Acute Care NHS Trust,White,Australia,Dependent,Admin,Administrator,Corporate Services,3,26533,2024-03-18,2024-04-15,15.0,0.4,HCPC,Fixed Term,Suspended,TL741436,2030-04-30,IY681907,2027-11-01,2027-02-19,2024-04-08
EMP0918,Victoria,Wright,fbarlow@example.org,1987-02-25,+44116 496 0053,"Studio 6
Harry Canyon
South Paul
CA48 9FJ",Female,Horizon Integrated Health Partnership NHS Trust,Asian,Japan,Skilled Worker,Medical,FY1/FY2,Emergency & Urgent Care,FY1,37007,2017-02-18,2017-03-18,30.0,0.8,HCPC,Fixed Term,On Leave,YJ337502,2030-05-09,QZ959259,2028-04-20,2027-03-28,2017-03-11
EMP0919,Timothy,Taylor,robinsonrobin@example.org,1976-04-10,+44808 1570997,"Flat 0
Wilson Villages
Walkerview
W3H 5UX",Female,Hillcrest Medical Centres NHS Trust,Asian,Thailand,British Citizen,Nursing,Ward Manager,Emergency & Urgent Care,8A,56472,2024-05-12,2024-06-23,30.0,0.8,NMC,Bank,On Leave,EA457200,2030-12-13,KG472362,2027-02-12,2027-02-19,2024-06-02
EMP0920,Nicole,Evans,denis05@example.com,2000-05-05,+441632960886,"8 Atkins Wells
New Dylanburgh
SN66 0AP",Male,Westmere Community Health NHS Trust,Asian,China,Dependent,AHP,Speech Therapist,Women & Children,6,49724,2025-11-22,2025-12-27,30.0,0.8,HCPC,Fixed Term,Suspended,KU273432,2030-01-18,GE205969,2027-12-24,2026-10-05,2025-12-13
EMP0921,Mathew,Rogers,ryanrussell@example.org,1978-11-07,+44151 4960093,"Flat 4
Martin Causeway
North Lydia
BA6M 4JP",Male,Southgate Community & Mental Health NHS Trust,Black,Nigeria,Skilled Worker,AHP,Physiotherapist,Women & Children,6,45912,2021-05-28,2021-06-25,20.0,0.53,NMC,Permanent,Suspended,ZR939370,2030-11-02,WY552273,2028-08-09,2027-05-30,2021-06-18
EMP0922,Christian,Scott,grahamclare@example.org,1981-05-14,029 2018866,"90 May Harbors
West Mathewburgh
CH98 3UJ",Male,Horizon Integrated Health Partnership NHS Trust,Mixed,Trinidad and Tobago,ILR,Medical,SHO,Clinical Support Services,SHO,48122,2018-10-15,2018-11-26,15.0,0.4,None,Fixed Term,Inactive,CU694108,2027-01-17,YQ131918,2027-11-20,2027-03-29,2018-11-05
EMP0923,Graeme,Fitzgerald,samantha01@example.org,1973-08-04,(0118) 496 0564,"04 Dennis Key
West Rachael
E3 6JE",Male,Oakridge Community Services NHS Trust,Black,Nigeria,ILR,Admin,Administrator,Surgery & Cancer,3,26894,2025-09-25,2025-11-06,15.0,0.4,GMC,Fixed Term,Suspended,BH670872,2029-03-24,OB894266,2029-10-20,2027-06-27,2025-10-16
EMP0924,Susan,Pearson,campbellrachel@example.net,1996-05-08,0115 496 0436,"Flat 64
Beverley Lakes
Hudsonchester
N95 8GL",Male,Westmere Community Health NHS Trust,White,United Kingdom,Skilled Worker,Admin,Medical Secretary,Critical Care & Anaesthesia,4,31645,2020-05-05,2020-06-02,37.5,1.0,GMC,Permanent,Suspended,QF142917,2027-02-05,VE985031,2029-08-10,2026-10-27,2020-05-26
EMP0925,Gemma,McDonald,wilsontina@example.net,1993-09-25,0116 4960679,"Studio 0
Amanda Land
Dianaview
G19 0ZD",Male,Valleyview Mental Wellness NHS Trust,Black,Kenya,British Citizen,Admin,Medical Secretary,Corporate Services,4,36949,2021-10-02,2021-10-30,20.0,0.53,None,Permanent,On Leave,AC487882,2030-09-25,FB842871,2029-02-17,2027-02-02,2021-10-23
EMP0926,Alex,Bates,ocarey@example.com,1961-10-26,+441214960644,"Studio 66
Williams Lights
Jamiemouth
S2B 0SJ",Female,Broadfield Clinical Services NHS Trust,White,United States,Dependent,Admin,Receptionist,Women & Children,3,30360,2018-11-03,2018-12-15,30.0,0.8,GMC,Fixed Term,On Leave,RN440529,2030-08-08,MW275731,2030-12-24,2027-09-09,2018-11-24
EMP0927,Diane,Lee,kjones@example.org,1967-02-20,+44(0)115 496 0974,"Flat 88
Lee Passage
Laurenstad
W8B 3DT",Female,Valleyview Mental Wellness NHS Trust,Asian,Thailand,Dependent,Medical,FY1/FY2,Medicine & Acute Care,FY1,37109,2018-01-11,2018-02-08,30.0,0.8,HCPC,Fixed Term,Inactive,XI959534,2030-05-01,RG745968,2028-09-28,2027-03-08,2018-02-01
EMP0928,Sharon,Henry,irichardson@example.net,1994-08-18,+44(0)113 496 0613,"Studio 56
Oliver Summit
Francescafort
B9G 4NL",Female,Southgate Community & Mental Health NHS Trust,Black,Ghana,Skilled Worker,Medical,Registrar,Women & Children,SPR,78319,2019-03-16,2019-04-13,15.0,0.4,None,Bank,Active,QZ356212,2030-03-25,MI702546,2031-03-29,2026-11-27,2019-04-06
EMP0929,Dawn,Whitehead,thomashall@example.net,1964-09-25,+44808 1570771,"Studio 49b
Wall Shore
East Rhys
EX5N 8HH",Female,Southvale Hospitals NHS Trust,White,United States,Dependent,Admin,Medical Secretary,Women & Children,4,36454,2018-01-12,2018-02-23,30.0,0.8,HCPC,Fixed Term,Active,ON846244,2026-11-26,GC371638,2031-07-15,2027-07-22,2018-02-02
EMP0930,Abbie,Fisher,raymond04@example.org,1990-05-14,+441154960423,"Studio 81p
Dobson Loaf
Annettefurt
N5 2ZA",Male,Greenhaven Acute & Specialist Care NHS Trust,Mixed,Canada,Dependent,Medical,Registrar,Emergency & Urgent Care,SPR,65553,2022-07-25,2022-08-29,15.0,0.4,None,Fixed Term,Inactive,FO133718,2027-08-24,GX995092,2026-09-26,2026-12-04,2022-08-15
EMP0931,Dale,Thompson,xphillips@example.org,2008-07-17,+44114 4960305,"87 Harry Locks
Brettshire
S90 8EH",Male,Greenhaven Acute & Specialist Care NHS Trust,Mixed,Kenya,ILR,Nursing,Healthcare Assistant,Medicine & Acute Care,2,25342,2026-09-03,2026-10-01,37.5,1.0,None,Fixed Term,On Leave,SB751726,2031-08-19,WM665260,2029-12-20,2027-03-24,2026-09-24
EMP0932,Allan,Fleming,beverleythomas@example.com,1966-07-30,+44(0)3069990823,"Studio 72
Evans Unions
East Irenemouth
LS9 5YJ",Female,Valleyview Mental Wellness NHS Trust,Asian,Japan,ILR,Medical,Registrar,Medicine & Acute Care,SPR,83483,2019-07-13,2019-08-17,37.5,1.0,None,Fixed Term,Active,TF088904,2029-10-03,KY757938,2030-09-13,2027-04-22,2019-08-03
EMP0933,Marian,King,morrisliam@example.net,1966-08-07,+44289018208,"Studio 8
Houghton Ramp
North Dylanland
L1E 3FW",Female,Lakeside District Hospitals NHS Trust,Black,Ghana,Skilled Worker,Medical,Registrar,Surgery & Cancer,SPR,69607,2025-08-20,2025-09-17,20.0,0.53,GMC,Permanent,Suspended,VF170569,2029-10-14,US218491,2030-03-23,2027-03-22,2025-09-10
EMP0934,Maria,Jackson,llamb@example.net,1965-10-31,+44(0)117 4960778,"023 Nash Mills
Port Ronaldmouth
KY7 8FU",Male,Southvale Hospitals NHS Trust,Mixed,Canada,Skilled Worker,Nursing,Staff Nurse,Emergency & Urgent Care,5,39053,2023-06-06,2023-07-04,37.5,1.0,GMC,Bank,Active,WT096345,2030-08-20,NR163195,2030-10-27,2027-05-21,2023-06-27
EMP0935,Sheila,Clarke,tclarke@example.com,1973-06-14,+442074960344,"8 Swift Bridge
Cameronmouth
NP72 8TD",Female,Northshire University Hospitals NHS Trust,White,United Kingdom,Dependent,AHP,Occupational Therapist,Medicine & Acute Care,6,49016,2019-11-29,2020-01-10,37.5,1.0,HCPC,Bank,On Leave,OC485742,2031-01-31,LO278091,2030-08-16,2027-05-06,2019-12-20
EMP0936,Darren,Hargreaves,morganvictor@example.com,1974-01-25,(0909) 879 0049,"65 Donald Square
Lloydview
S81 0HD",Male,Northwood Mental Health NHS Trust,White,Canada,ILR,Medical,Consultant,Surgery & Cancer,CONS,112405,2017-05-21,2017-07-02,30.0,0.8,None,Bank,Inactive,NB114248,2027-09-08,KW555469,2028-02-09,2027-08-06,2017-06-11
EMP0937,Frank,Hughes,reece83@example.net,1961-08-24,(0909) 879 0422,"35 Kerry Parkways
Lewisview
S10 4SQ",Male,Horizon Integrated Health Partnership NHS Trust,White,Canada,British Citizen,AHP,Radiographer,Clinical Support Services,6,47949,2021-09-18,2021-10-16,15.0,0.4,NMC,Bank,On Leave,MP403152,2029-07-14,GO420953,2030-12-01,2026-10-09,2021-10-09
EMP0938,Frederick,Evans,aimeemartin@example.net,1976-07-27,+44(0)20 7496 0865,"Flat 8
Leah Pine
New Ameliaville
EC4R 3DG",Male,Oakridge Community Services NHS Trust,Mixed,United Kingdom,Dependent,Medical,GP,Medicine & Acute Care,GP,107533,2018-08-06,2018-09-17,18.75,0.5,NMC,Fixed Term,Inactive,LQ403289,2029-01-06,MZ515027,2028-04-14,2026-11-11,2018-08-27
EMP0939,Lynda,Vaughan,louisegordon@example.org,1976-02-01,0116 4960577,"Flat 55
Hilary Overpass
Spencerfort
E2 9AT",Male,Southvale Hospitals NHS Trust,Mixed,Trinidad and Tobago,Dependent,AHP,Radiographer,Corporate Services,6,54004,2019-07-12,2019-08-23,37.5,1.0,NMC,Permanent,Active,JD085446,2031-03-18,RI747600,2027-11-12,2027-05-07,2019-08-02
EMP0940,Melissa,Williams,xstevens@example.net,1993-06-02,+44121 4960869,"34 Nicole Dam
Port Lewis
B0W 5FU",Male,Eastfield Psychological Services NHS Trust,Mixed,Jamaica,Skilled Worker,Medical,Registrar,Women & Children,SPR,67010,2020-09-15,2020-10-20,20.0,0.53,GMC,Bank,On Leave,PX475059,2030-06-10,JG852367,2031-02-02,2027-04-20,2020-10-06
EMP0941,Mark,James,ruthholt@example.org,2006-10-20,+44(0)1214960664,"Flat 48r
Collins Wells
North Stewart
E8 4BX",Male,Oakridge Community Services NHS Trust,Mixed,Thailand,Skilled Worker,AHP,Occupational Therapist,Critical Care & Anaesthesia,6,52106,2020-06-10,2020-07-22,18.75,0.5,HCPC,Bank,Active,XI327388,2028-06-11,GM659791,2028-04-25,2027-06-04,2020-07-01
EMP0942,Leanne,Smith,howardjones@example.com,1985-06-05,0161 496 0083,"Flat 62
White Ramp
West Donna
S6J 1EF",Male,Riverside Integrated Care NHS Trust,Mixed,Jamaica,Dependent,Nursing,Nursery Nurse,Corporate Services,2,24253,2023-09-16,2023-10-28,30.0,0.8,HCPC,Fixed Term,Inactive,CR712117,2030-12-21,HE956199,2027-06-12,2027-03-15,2023-10-07
EMP0943,Stephen,Smith,angelaanderson@example.com,1999-01-25,+44131 4960598,"Studio 1
Clarke Park
Port Grahamshire
B5W 6BH",Male,Southvale Hospitals NHS Trust,Mixed,Barbados,ILR,Medical,FY1/FY2,Emergency & Urgent Care,FY1,39442,2020-01-25,2020-02-22,30.0,0.8,NMC,Bank,Inactive,XC099579,2029-11-18,UM257502,2026-11-24,2027-07-08,2020-02-15
EMP0944,Julie,Doyle,nallen@example.net,1992-04-29,+44(0)151 4960903,"79 Beth Views
Lake Ricky
M2 2AL",Male,Northwood Mental Health NHS Trust,Asian,India,British Citizen,AHP,Physiotherapist,Medicine & Acute Care,6,51586,2017-08-18,2017-09-15,30.0,0.8,NMC,Fixed Term,On Leave,PT974292,2029-12-11,IY203131,2026-10-01,2027-02-25,2017-09-08
EMP0945,Patricia,Smith,gerald41@example.org,1969-05-15,(0113) 4960127,"Studio 58
Lauren Vista
North Peterborough
CH17 5EX",Male,Greenhaven Acute & Specialist Care NHS Trust,White,United Kingdom,British Citizen,AHP,Speech Therapist,Emergency & Urgent Care,6,51948,2026-01-12,2026-02-23,15.0,0.4,HCPC,Permanent,On Leave,YI828475,2031-06-15,OQ058248,2027-04-26,2027-05-07,2026-02-02
EMP0946,Reece,McDonald,mwillis@example.org,2008-08-09,(0161) 496 0233,"Studio 6
Barry Estates
Elliottport
NN63 4DH",Male,Westmere Community Health NHS Trust,Asian,Thailand,Dependent,Nursing,Ward Manager,Emergency & Urgent Care,8A,57860,2024-12-03,2024-12-31,15.0,0.4,None,Bank,On Leave,SN866038,2029-10-18,FB893320,2028-01-28,2026-10-05,2024-12-24
EMP0947,Donna,Lawrence,allendeclan@example.net,1990-10-10,+44114 496 0952,"Studio 6
Craig View
Bondshire
PE9A 2SL",Male,Westmere Community Health NHS Trust,Asian,India,ILR,Admin,Receptionist,Emergency & Urgent Care,3,28587,2016-12-10,2017-01-07,18.75,0.5,None,Bank,Inactive,YQ817498,2030-12-20,JK747817,2030-06-16,2026-10-09,2016-12-31
EMP0948,Geraldine,Thomson,wattsdaniel@example.com,1973-01-10,+44(0)1414960586,"Studio 09
Anna Valleys
East Raymond
E3 0PP",Female,Westmere Community Health NHS Trust,Mixed,New Zealand,Skilled Worker,Medical,GP,Emergency & Urgent Care,GP,114965,2026-02-04,2026-03-11,15.0,0.4,GMC,Fixed Term,Active,NR925185,2031-04-19,HO332091,2030-05-16,2026-10-31,2026-02-25
EMP0949,Jennifer,Long,jonesterence@example.net,2000-12-04,0306 9990905,"Flat 60B
Barry Junctions
Dennistown
S3 7UA",Female,Hillcrest Medical Centres NHS Trust,Asian,Japan,Skilled Worker,AHP,Pharmacist,Emergency & Urgent Care,5,39667,2017-01-07,2017-02-04,37.5,1.0,GMC,Fixed Term,Active,AJ683679,2031-03-03,ZN034087,2028-06-03,2026-12-15,2017-01-28
EMP0950,Josephine,Hammond,staceybrown@example.org,1995-12-30,(0116) 496 0812,"Flat 15
Leah Common
Alexanderchester
G5F 6ZU",Male,Hillcrest Medical Centres NHS Trust,White,Australia,Skilled Worker,Medical,SHO,Medicine & Acute Care,SHO,56116,2024-02-23,2024-03-29,37.5,1.0,NMC,Fixed Term,Inactive,LN603055,2027-09-19,OJ581781,2029-12-30,2027-07-10,2024-03-15
EMP0951,David,Woodward,lauren66@example.com,1967-04-09,+441184960638,"627 Marian Extensions
West Annafort
L1 2SG",Female,Northwood Mental Health NHS Trust,White,United States,ILR,Medical,Consultant,Surgery & Cancer,CONS,115127,2025-08-18,2025-09-29,20.0,0.53,None,Fixed Term,Active,QF326025,2031-07-25,GW628743,2028-07-01,2026-10-17,2025-09-08
EMP0952,Maria,Wilson,dglover@example.com,1960-12-27,+44161 496 0997,"Studio 33
Dickinson Lodge
Irenefort
KT9W 9AQ",Male,Lakeside District Hospitals NHS Trust,Mixed,New Zealand,Dependent,AHP,Physiotherapist,Emergency & Urgent Care,6,50519,2023-09-12,2023-10-10,30.0,0.8,GMC,Bank,Suspended,BN884693,2027-04-26,AU843769,2030-11-26,2027-05-01,2023-10-03
EMP0953,Joyce,Patel,stanleypaul@example.com,1982-06-01,+44115 4960338,"05 Maurice Union
Tinamouth
M7 9SZ",Female,Riverside Integrated Care NHS Trust,Asian,Thailand,Skilled Worker,Nursing,Healthcare Assistant,Emergency & Urgent Care,2,27394,2019-10-17,2019-11-14,15.0,0.4,None,Fixed Term,Inactive,WR347052,2030-05-30,XF874991,2031-09-03,2026-10-14,2019-11-07
EMP0954,Eleanor,Dixon,fgraham@example.net,1974-10-02,+44151 496 0923,"857 Taylor Road
Port Hollymouth
M6D 1JW",Male,Valleyview Mental Wellness NHS Trust,Asian,Japan,Dependent,Nursing,Charge Nurse,Corporate Services,7,58373,2016-09-23,2016-10-21,18.75,0.5,None,Fixed Term,On Leave,PJ505792,2028-10-10,HA938372,2026-10-08,2027-01-05,2016-10-14
EMP0955,Amelia,Fox,hannah24@example.org,1977-11-22,+44(0)1632 960 285,"Studio 5
Coleman Haven
Browntown
RM73 3GE",Female,Horizon Integrated Health Partnership NHS Trust,White,United States,British Citizen,Admin,Administrator,Emergency & Urgent Care,3,30727,2020-04-30,2020-05-28,15.0,0.4,GMC,Fixed Term,Active,XG142831,2030-02-23,DX745551,2027-10-13,2026-09-16,2020-05-21
EMP0956,Fiona,Williams,dean08@example.com,1984-10-24,(029)2018473,"183 Shane Point
Juliachester
B6K 3TR",Male,Northshire University Hospitals NHS Trust,Black,Jamaica,Skilled Worker,Admin,Administrator,Corporate Services,3,31448,2018-04-17,2018-05-22,30.0,0.8,None,Permanent,Active,VC804089,2031-02-28,NT039992,2027-02-28,2026-10-13,2018-05-08
EMP0957,Oliver,Ali,louisbrown@example.org,1971-09-13,+44114 4960510,"26 Scott Crescent
Rachelhaven
LA72 5ZD",Female,Midlands Central Hospitals NHS Trust,Asian,Thailand,Dependent,Medical,Consultant,Corporate Services,CONS,100580,2022-04-09,2022-05-14,15.0,0.4,None,Bank,Inactive,FP759142,2030-09-20,TG479263,2028-03-07,2027-05-29,2022-04-30
EMP0958,Natalie,Williamson,wilsonjade@example.net,1965-11-05,+44(0)1632960039,"0 Edward Ports
Josephmouth
SE80 9XQ",Female,Hillcrest Medical Centres NHS Trust,White,Canada,Skilled Worker,AHP,Radiographer,Critical Care & Anaesthesia,6,48243,2025-11-08,2025-12-20,30.0,0.8,HCPC,Fixed Term,Inactive,UM776212,2027-08-20,AB443588,2030-06-02,2027-08-08,2025-11-29
EMP0959,Gerard,Parry,bmorley@example.com,1999-02-01,(0121)4960199,"Flat 0
Simon Dale
North Leanne
M3 6DJ",Male,Westmere Community Health NHS Trust,White,United States,British Citizen,Nursing,Staff Nurse,Corporate Services,5,37622,2022-10-09,2022-11-20,15.0,0.4,NMC,Bank,Active,RC927457,2030-03-06,VX079451,2028-04-06,2027-07-23,2022-10-30
EMP0960,Toby,Tyler,kathrynthompson@example.org,1961-09-27,+44(0)114 4960000,"Studio 88A
Richardson Neck
Port Teresa
TA15 4RA",Female,Northwood Mental Health NHS Trust,Black,Kenya,Skilled Worker,Nursing,Healthcare Assistant,Corporate Services,2,25053,2025-08-15,2025-09-12,30.0,0.8,HCPC,Bank,Suspended,DU414055,2027-11-13,PD409575,2029-04-21,2027-09-01,2025-09-05
EMP0961,Margaret,Burton,mday@example.org,2007-12-30,+44(0)113 496 0427,"7 Stewart Heights
Port Geraldhaven
BL0R 9WH",Male,Oakridge Community Services NHS Trust,White,United Kingdom,Skilled Worker,Medical,GP,Medicine & Acute Care,GP,106026,2017-03-15,2017-04-26,37.5,1.0,None,Fixed Term,Active,IO172431,2029-03-06,PL071224,2027-08-26,2026-12-19,2017-04-05
EMP0962,Elliot,Jones,xlee@example.org,1991-10-08,+44(0)131 496 0733,"561 Benjamin Extensions
Janeside
EH05 5GE",Male,Riverbank General Hospitals NHS Trust,Asian,Japan,Dependent,Medical,Consultant,Medicine & Acute Care,CONS,116632,2018-10-14,2018-11-25,18.75,0.5,GMC,Bank,Inactive,FD158413,2027-08-18,FM247986,2026-10-05,2027-04-27,2018-11-04
EMP0963,Sarah,Khan,barlowbarbara@example.com,2007-07-21,01632 960 336,"94 Hardy Route
West Charlie
L5T 2BH",Female,Horizon Integrated Health Partnership NHS Trust,Mixed,United States,ILR,Nursing,Charge Nurse,Corporate Services,7,52281,2022-10-20,2022-11-24,37.5,1.0,HCPC,Permanent,Active,WE315077,2030-11-05,JU597610,2026-12-09,2026-12-08,2022-11-10
EMP0964,Jasmine,Cook,hardingcarole@example.org,1978-07-06,0808 1570822,"Flat 69
Wood Mission
Ryanstad
L27 7UJ",Male,Northshire University Hospitals NHS Trust,Mixed,Nigeria,ILR,Nursing,Charge Nurse,Critical Care & Anaesthesia,7,64085,2025-08-31,2025-09-28,30.0,0.8,None,Fixed Term,Active,SG014202,2030-04-01,PY759672,2029-11-20,2027-04-10,2025-09-21
EMP0965,Ruth,Robinson,jodie61@example.org,1973-06-19,0117 4960540,"Studio 85r
Graeme Burg
New Leslie
G2 3NN",Male,Lakeside District Hospitals NHS Trust,Mixed,Japan,ILR,AHP,Physiologist,Emergency & Urgent Care,6,51634,2019-08-05,2019-09-02,20.0,0.53,GMC,Permanent,Active,YK258297,2030-03-08,WG050863,2026-10-16,2027-04-09,2019-08-26
EMP0966,Norman,Williams,wendy04@example.org,1969-06-14,(0909)8790035,"Flat 04
Tyler Pass
Farmerville
L7 5GX",Female,Eastmoor Teaching Hospitals NHS Trust,White,Canada,British Citizen,Admin,Administrator,Corporate Services,3,26500,2024-06-27,2024-08-01,37.5,1.0,HCPC,Permanent,Suspended,GH165472,2028-05-15,HK853633,2029-11-30,2027-01-13,2024-07-18
EMP0967,Marc,Knight,kingbethan@example.org,1989-10-07,+441164960691,"Studio 2
Knowles Plaza
New Donald
TW0 9YB",Male,Horizon Integrated Health Partnership NHS Trust,Black,Trinidad and Tobago,Skilled Worker,Medical,Registrar,Clinical Support Services,SPR,70047,2020-12-02,2021-01-13,30.0,0.8,GMC,Bank,Active,MH146954,2029-01-20,KT170266,2027-01-24,2027-06-25,2020-12-23
EMP0968,Katie,Ward,shirleywalton@example.com,1990-08-08,(01632) 960 637,"84 Jones Branch
Joshuaborough
M30 7YH",Female,Bluewater Community & Rehabilitation NHS Trust,Mixed,Jamaica,Dependent,Nursing,Charge Nurse,Clinical Support Services,7,60482,2023-03-28,2023-05-09,37.5,1.0,HCPC,Fixed Term,Suspended,YT018106,2031-01-01,LG121389,2030-10-27,2027-04-26,2023-04-18
EMP0969,Anthony,Edwards,lawrencefrancis@example.org,1970-09-16,+44(0)1914960636,"8 Shannon Ports
Warrenshire
S6 5TD",Female,Riverbank General Hospitals NHS Trust,Asian,Thailand,British Citizen,Admin,Administrator,Corporate Services,3,29003,2021-12-16,2022-01-20,15.0,0.4,HCPC,Bank,Active,MS996040,2027-02-20,KB982401,2031-03-11,2027-01-27,2022-01-06
EMP0970,Christine,Wood,daniellefox@example.net,1975-02-16,+44161 496 0484,"38 Graham Freeway
North Carolynview
B4D 0SF",Female,Westmere Community Health NHS Trust,Mixed,New Zealand,British Citizen,AHP,Physiotherapist,Critical Care & Anaesthesia,6,51133,2020-03-02,2020-04-06,20.0,0.53,HCPC,Fixed Term,Active,LN049361,2031-05-14,YY982183,2028-03-10,2027-07-23,2020-03-23
EMP0971,Nicole,Wilkinson,frank00@example.net,1977-09-02,+44(0)121 496 0171,"Flat 8
Hunter Mill
Hallview
PA9 0GJ",Male,Bluewater Community & Rehabilitation NHS Trust,Mixed,United Kingdom,Dependent,AHP,Occupational Therapist,Critical Care & Anaesthesia,6,53011,2021-07-03,2021-08-07,20.0,0.53,HCPC,Permanent,Active,NO411574,2029-05-04,SF693435,2030-06-28,2026-10-02,2021-07-24
EMP0972,Paige,Thomas,lewisjamie@example.org,1962-01-18,+44141 4960948,"Flat 95h
Michael Divide
Coxchester
N0A 5XJ",Male,Lakeside District Hospitals NHS Trust,Black,South Africa,ILR,Nursing,Ward Manager,Surgery & Cancer,8A,59780,2026-06-16,2026-07-28,18.75,0.5,NMC,Bank,Suspended,AO752151,2028-08-19,YX452477,2027-01-10,2026-12-30,2026-07-07
EMP0973,Beth,Jones,watsonjodie@example.com,1975-06-03,(0191) 496 0028,"Flat 40u
Goodwin Shores
South Susanmouth
CT3 2JT",Female,Riverside Integrated Care NHS Trust,Mixed,Thailand,Skilled Worker,Nursing,Ward Manager,Medicine & Acute Care,8A,58947,2021-02-12,2021-03-12,37.5,1.0,NMC,Bank,Active,NX429579,2029-06-27,DZ707136,2027-02-07,2026-12-25,2021-03-05
EMP0974,Lesley,Craig,williamskatherine@example.com,1981-09-13,+44909 879 0470,"76 Jackson Canyon
East Ross
TF34 8ZQ",Male,Westmere Community Health NHS Trust,White,United Kingdom,Skilled Worker,Admin,Medical Secretary,Corporate Services,4,34748,2020-08-26,2020-09-23,30.0,0.8,NMC,Bank,Inactive,YK980470,2030-11-29,DX326367,2030-09-23,2026-10-29,2020-09-16
EMP0975,Shannon,Hart,xcoleman@example.org,1964-01-03,0116 496 0652,"Studio 99
Bell Terrace
Leonardmouth
N3 0ZR",Female,Oakridge Community Services NHS Trust,Asian,Japan,Dependent,AHP,Physiologist,Critical Care & Anaesthesia,6,54399,2018-04-28,2018-05-26,37.5,1.0,NMC,Permanent,On Leave,XT350120,2030-08-04,MP387644,2027-08-03,2026-12-01,2018-05-19
EMP0976,Jane,Jackson,kayleigh74@example.org,1963-11-02,+44115 4960746,"Flat 31
Flynn Trail
Duffyview
RM35 1HU",Male,Broadfield Clinical Services NHS Trust,Black,Barbados,ILR,Nursing,Charge Nurse,Critical Care & Anaesthesia,7,59267,2024-12-30,2025-01-27,18.75,0.5,GMC,Fixed Term,Suspended,TC077113,2029-06-05,NA538254,2029-01-05,2027-05-04,2025-01-20
EMP0977,Elliot,James,gread@example.com,1987-03-14,(0131)4960393,"063 King Stream
South Francis
M4 1YQ",Male,Midlands Central Hospitals NHS Trust,Black,Jamaica,ILR,Nursing,Nursery Nurse,Women & Children,2,25828,2019-10-10,2019-11-07,20.0,0.53,HCPC,Permanent,Inactive,QU425179,2029-05-31,WD603735,2028-09-06,2027-05-09,2019-10-31
EMP0978,Jane,Page,rhall@example.net,1973-10-12,+44(0)1314960592,"Flat 3
John Station
South Aaronhaven
M39 7LN",Female,Bluewater Community & Rehabilitation NHS Trust,White,New Zealand,ILR,AHP,Occupational Therapist,Emergency & Urgent Care,6,44571,2024-09-14,2024-10-12,15.0,0.4,NMC,Permanent,On Leave,JS620242,2027-11-05,GV949962,2028-01-03,2027-01-05,2024-10-05
EMP0979,Lauren,Moore,clifford54@example.net,1996-08-21,+44(0)1144960721,"Flat 2
Dean Fort
Port Patriciaborough
BH7B 2NS",Female,Westborough Acute Care NHS Trust,White,United States,Skilled Worker,AHP,Occupational Therapist,Surgery & Cancer,6,52436,2026-04-09,2026-05-21,30.0,0.8,NMC,Permanent,Active,JT161058,2029-06-11,WU736313,2028-06-16,2027-02-01,2026-04-30
EMP0980,Peter,Morgan,ryanbriggs@example.net,1979-12-25,+44(0)118 496 0348,"Studio 8
Lawrence Haven
Jonesburgh
B7W 3UX",Male,Midlands Central Hospitals NHS Trust,Black,Ghana,ILR,Admin,Medical Secretary,Emergency & Urgent Care,4,32978,2023-06-06,2023-07-18,18.75,0.5,GMC,Permanent,Active,WH749484,2028-09-29,AW491800,2031-03-14,2027-07-23,2023-06-27
EMP0981,Max,Oliver,francis95@example.org,1968-05-30,01174960060,"Studio 82E
Gareth Lake
New Rosemary
BL3 4GQ",Female,Eastmoor Teaching Hospitals NHS Trust,Asian,Thailand,Skilled Worker,AHP,Radiographer,Emergency & Urgent Care,6,53989,2023-02-05,2023-03-05,20.0,0.53,NMC,Permanent,On Leave,XI753491,2028-10-01,NC590606,2027-06-25,2027-07-23,2023-02-26
EMP0982,Aimee,Smith,valerie38@example.net,1969-04-07,(0909) 879 0810,"456 Robinson Lake
Glennburgh
W4E 6WB",Male,Greenhaven Acute & Specialist Care NHS Trust,Asian,India,Skilled Worker,AHP,Radiographer,Medicine & Acute Care,6,44168,2026-05-19,2026-06-23,37.5,1.0,None,Permanent,Active,LL258430,2028-05-05,LF458989,2030-01-28,2027-06-20,2026-06-09
EMP0983,Clare,Thompson,zmoss@example.net,1969-07-12,(0161) 4960880,"Studio 3
Tina Key
Kathleenmouth
N9S 9LZ",Female,Riverbank General Hospitals NHS Trust,White,Australia,Dependent,AHP,Radiographer,Surgery & Cancer,6,47832,2024-10-29,2024-11-26,30.0,0.8,None,Bank,Suspended,IH399059,2030-01-23,AO740477,2029-05-20,2027-04-23,2024-11-19
EMP0984,Gemma,Harding,adam31@example.net,1969-10-30,01314960933,"1 Irene Shoal
Howardfort
M52 4WF",Female,Midlands Central Hospitals NHS Trust,Asian,India,ILR,Nursing,Staff Nurse,Women & Children,5,40027,2020-02-04,2020-03-03,30.0,0.8,None,Permanent,Inactive,BE059965,2029-07-27,OD754476,2027-01-29,2027-08-12,2020-02-25
EMP0985,Rita,Watkins,smithdennis@example.com,1964-01-03,(020)74960371,"Studio 7
Ellis Parks
Shawview
WF3 3DY",Male,Broadfield Clinical Services NHS Trust,Mixed,Jamaica,Dependent,Medical,FY1/FY2,Medicine & Acute Care,FY1,36140,2018-01-09,2018-02-20,15.0,0.4,NMC,Bank,Inactive,GI857358,2027-11-22,RH408215,2028-03-25,2027-07-27,2018-01-30
EMP0986,Stewart,Davies,naomi96@example.net,1991-02-08,01184960823,"Flat 3
Kathryn Lock
East Graemefurt
S9K 7BH",Female,Southvale Hospitals NHS Trust,Black,Barbados,ILR,Admin,Data Analyst,Medicine & Acute Care,8A,56949,2022-12-31,2023-01-28,37.5,1.0,GMC,Fixed Term,On Leave,FY495620,2028-06-05,IL775362,2029-10-07,2026-11-22,2023-01-21
EMP0987,Charlotte,Williams,stonestacey@example.org,1986-11-09,+44(0)1414960213,"9 Nash Glens
Lake Dylanfort
G68 4LG",Female,Horizon Integrated Health Partnership NHS Trust,Black,Ghana,ILR,AHP,Physiotherapist,Critical Care & Anaesthesia,6,44405,2025-10-29,2025-12-03,37.5,1.0,HCPC,Fixed Term,Inactive,GQ321750,2029-07-23,WK808336,2031-04-05,2027-03-30,2025-11-19
EMP0988,Leslie,Brady,smithcallum@example.net,2004-11-01,+4429 2018 0475,"5 Davies Route
Newmanstad
NN7M 7XY",Female,Valleyview Mental Wellness NHS Trust,Asian,China,Skilled Worker,Nursing,Staff Nurse,Critical Care & Anaesthesia,5,39311,2019-12-22,2020-01-19,30.0,0.8,None,Permanent,On Leave,YX139211,2027-08-28,ZJ157847,2029-10-28,2027-03-09,2020-01-12
EMP0989,Julian,Savage,scottcartwright@example.org,1965-11-17,(0121)4960764,"2 Foster Forks
South Graham
L2A 9NJ",Female,Hillcrest Medical Centres NHS Trust,Asian,Japan,Skilled Worker,Admin,Receptionist,Medicine & Acute Care,3,29790,2021-11-28,2021-12-26,15.0,0.4,None,Fixed Term,Active,BZ956398,2028-02-14,TT132437,2029-07-14,2026-12-25,2021-12-19
EMP0990,Antony,Green,harveyshannon@example.net,1986-11-15,+441214960894,"105 Carol Extensions
West Margaretville
WC62 8BP",Male,Southvale Hospitals NHS Trust,Mixed,South Africa,Dependent,AHP,Physiologist,Emergency & Urgent Care,6,49976,2024-08-01,2024-09-05,30.0,0.8,None,Permanent,Inactive,PV721779,2026-11-07,ZF844016,2031-04-10,2027-05-10,2024-08-22
EMP0991,Thomas,Nicholson,turnerrichard@example.com,1995-09-28,+44151 4960311,"28 Amelia Track
New Julianshire
IG01 1DY",Male,Midlands Central Hospitals NHS Trust,White,Canada,ILR,Nursing,Nursery Nurse,Clinical Support Services,2,25683,2025-12-01,2025-12-29,15.0,0.4,HCPC,Bank,Suspended,YJ383025,2029-06-16,PB569722,2030-06-03,2027-08-26,2025-12-22
EMP0992,Donna,Baker,robertstanley@example.com,2005-01-26,0115 496 0396,"17 Francis Curve
Bibichester
W2 4QE",Male,Northwood Mental Health NHS Trust,White,Canada,British Citizen,Admin,Administrator,Medicine & Acute Care,3,29806,2019-08-14,2019-09-18,37.5,1.0,GMC,Fixed Term,Suspended,GL490848,2027-12-25,KB961565,2028-08-20,2027-03-12,2019-09-04
EMP0993,Victoria,Richards,sandra95@example.org,2007-07-19,01164960791,"979 Douglas Extension
Rickytown
FK9X 2QX",Female,Southvale Hospitals NHS Trust,White,United States,ILR,Medical,FY1/FY2,Women & Children,FY1,36127,2024-04-02,2024-05-07,18.75,0.5,HCPC,Permanent,On Leave,YI944605,2027-03-18,EV439826,2028-07-19,2027-03-08,2024-04-23
EMP0994,Kelly,Mills,janicerogers@example.com,1986-12-28,+442074960540,"696 Clive Springs
East Christianborough
RG7E 1LR",Male,Southvale Hospitals NHS Trust,White,New Zealand,British Citizen,AHP,Radiographer,Surgery & Cancer,6,49249,2022-09-04,2022-10-16,37.5,1.0,NMC,Permanent,Active,DS985992,2027-10-17,LN451349,2030-08-20,2027-03-12,2022-09-25
EMP0995,Marcus,Davey,neil73@example.com,1973-05-17,(029) 2018 0420,"69 Bradshaw Underpass
Naylorland
DL81 8RL",Female,Eastmoor Teaching Hospitals NHS Trust,Black,Trinidad and Tobago,ILR,Nursing,Nursery Nurse,Clinical Support Services,2,24877,2021-12-08,2022-01-05,15.0,0.4,NMC,Fixed Term,Active,MN601536,2031-05-18,MJ392342,2029-01-18,2026-10-01,2021-12-29
EMP0996,Joe,Walker,victoriahill@example.net,1972-03-17,01632960870,"845 Paula Park
Port Catherine
HP98 2QX",Female,Westborough Acute Care NHS Trust,White,New Zealand,Dependent,Medical,SHO,Emergency & Urgent Care,SHO,50834,2024-07-19,2024-08-23,30.0,0.8,HCPC,Fixed Term,Active,QX438358,2028-09-03,WI867843,2031-01-10,2027-06-25,2024-08-09
EMP0997,Aaron,Cook,traceysmith@example.com,1986-04-07,+44(0)306 999 0796,"4 Lord Forks
Stanleyfort
E1 0FL",Female,Eastfield Psychological Services NHS Trust,White,Australia,Dependent,Nursing,Nursery Nurse,Clinical Support Services,2,24813,2020-10-29,2020-11-26,20.0,0.53,HCPC,Fixed Term,Suspended,SD930315,2030-03-11,YI866493,2027-01-03,2027-01-04,2020-11-19
EMP0998,Lee,Atkinson,francisnoble@example.net,1993-07-16,(0114) 496 0181,"424 Declan Roads
Popeberg
SM6H 0TU",Male,Valleyview Mental Wellness NHS Trust,Mixed,Barbados,Dependent,AHP,Speech Therapist,Emergency & Urgent Care,6,47964,2023-12-28,2024-01-25,18.75,0.5,GMC,Bank,Suspended,WA198641,2029-05-23,TP055813,2029-11-29,2027-04-27,2024-01-18
EMP0999,Simon,Williams,sharvey@example.net,1969-02-12,0141 4960910,"Studio 0
Lee Plain
South Rita
IV11 8GG",Female,Northshire University Hospitals NHS Trust,Asian,Japan,Dependent,Medical,SHO,Critical Care & Anaesthesia,SHO,46704,2018-09-27,2018-11-01,30.0,0.8,HCPC,Bank,Suspended,UF765411,2031-05-17,SY191075,2026-11-04,2026-11-12,2018-10-18
EMP1000,Alex,Leonard,staceyoliver@example.net,1962-01-12,01164960611,"5 Ellie Squares
Knightside
W8K 6QR",Female,Valleyview Mental Wellness NHS Trust,Black,South Africa,British Citizen,Admin,Receptionist,Emergency & Urgent Care,3,29995,2022-01-11,2022-02-08,37.5,1.0,NMC,Fixed Term,Active,EO437929,2028-08-22,YH786161,2030-06-01,2027-02-28,2022-02-01
EMP1001,Tom,Gill,savageshaun@example.com,1990-09-27,+44(0)28 9018 0062,"Studio 52
Fisher Knoll
Gerardtown
CV9 0ZW",Female,Eastfield Psychological Services NHS Trust,White,New Zealand,Skilled Worker,Admin,Receptionist,Clinical Support Services,3,28367,2024-11-28,2025-01-02,20.0,0.53,None,Fixed Term,Active,LD815450,2030-04-19,GQ375931,2031-05-28,2027-03-18,2024-12-19
EMP1002,Dylan,Potter,halldouglas@example.net,1990-01-21,0115 4960400,"Studio 33D
Wood Roads
Pughland
G0 9LB",Female,Bluewater Community & Rehabilitation NHS Trust,Mixed,China,ILR,Medical,Registrar,Medicine & Acute Care,SPR,76566,2025-09-01,2025-10-13,37.5,1.0,None,Permanent,Inactive,AL357870,2030-01-21,ZR563297,2026-12-31,2027-05-20,2025-09-22
EMP1003,Joshua,Pearce,frobinson@example.com,1989-02-25,+44117 496 0643,"Flat 35w
Davies Courts
Kayleighshire
CT3 8HD",Female,Southvale Hospitals NHS Trust,Black,Barbados,British Citizen,Medical,FY1/FY2,Women & Children,FY1,39142,2020-01-25,2020-02-22,18.75,0.5,None,Fixed Term,On Leave,BD522954,2031-01-07,EF049549,2029-07-09,2027-03-13,2020-02-15
EMP1004,Jacob,Owen,hawkinsaimee@example.net,1979-12-29,+44(0)115 4960074,"02 Raymond Passage
Lake Marcus
SG8W 8US",Female,Bluewater Community & Rehabilitation NHS Trust,White,New Zealand,ILR,Medical,Registrar,Corporate Services,SPR,73913,2025-09-19,2025-10-24,30.0,0.8,HCPC,Bank,Suspended,DI181852,2031-08-22,XS855617,2028-09-04,2027-05-02,2025-10-10
EMP1005,Simon,Peters,antonymitchell@example.com,1961-12-05,01134960513,"66 Yates Port
North Frederickberg
BL8 4XF",Male,Bluewater Community & Rehabilitation NHS Trust,Black,Barbados,ILR,Admin,Data Analyst,Women & Children,8A,59404,2018-06-16,2018-07-28,37.5,1.0,GMC,Bank,Suspended,PP401606,2029-08-13,IV774773,2028-08-21,2027-05-19,2018-07-07
EMP1006,Jade,Morris,katherine75@example.org,2003-06-09,(0141) 496 0834,"Studio 58
Sophie Key
Annettehaven
FY49 6NB",Male,Valleyview Mental Wellness NHS Trust,Mixed,India,Skilled Worker,Admin,Medical Secretary,Emergency & Urgent Care,4,34359,2024-03-10,2024-04-14,18.75,0.5,HCPC,Permanent,Inactive,TN035346,2028-04-23,EC647681,2029-08-13,2027-07-01,2024-03-31
EMP1007,Lydia,Rogers,jonesalice@example.net,1977-05-17,+44121 496 0131,"80 Adam Ferry
East Paula
E4H 4TR",Female,Hillcrest Medical Centres NHS Trust,Asian,Japan,Dependent,AHP,Speech Therapist,Women & Children,6,45568,2018-11-01,2018-11-29,37.5,1.0,NMC,Bank,Inactive,XQ827438,2027-01-24,IM641817,2031-01-31,2026-09-17,2018-11-22
EMP1008,Ryan,Savage,yrobinson@example.net,1965-08-25,+441632 960 855,"1 Valerie Lodge
Harrisfort
NR54 6GA",Female,Westmere Community Health NHS Trust,Mixed,Nigeria,ILR,Nursing,Charge Nurse,Critical Care & Anaesthesia,7,64087,2025-07-29,2025-08-26,15.0,0.4,None,Fixed Term,On Leave,QP878533,2028-04-19,KX863054,2029-01-29,2027-03-08,2025-08-19
EMP1009,Christian,Fisher,kelly67@example.org,1997-10-16,+44(0)121 496 0747,"57 Simpson Wall
Davismouth
HR47 6PY",Male,Lakeside District Hospitals NHS Trust,Black,Jamaica,British Citizen,Nursing,Ward Manager,Clinical Support Services,8A,59576,2023-09-06,2023-10-04,15.0,0.4,NMC,Bank,On Leave,PT751267,2028-02-24,WC607387,2027-12-22,2027-05-04,2023-09-27
EMP1010,Frances,Dobson,barbara40@example.org,1987-04-12,+44(0)141 4960036,"5 Joan Meadow
New Bryanburgh
SN1 2LR",Male,Southvale Hospitals NHS Trust,White,United States,Dependent,Admin,Administrator,Emergency & Urgent Care,3,31585,2023-06-01,2023-06-29,30.0,0.8,GMC,Bank,Suspended,UF831105,2027-10-14,WK631747,2027-04-18,2027-06-08,2023-06-22
EMP1011,Louise,Richards,doddrachael@example.net,1996-02-04,+44808 1570429,"130 Ward Isle
Williamsonhaven
SA9X 2RA",Male,Bluewater Community & Rehabilitation NHS Trust,Asian,India,Skilled Worker,Nursing,Nursery Nurse,Medicine & Acute Care,2,26344,2022-01-02,2022-02-06,15.0,0.4,GMC,Permanent,Suspended,IQ370570,2030-08-28,FT825417,2028-12-16,2027-04-03,2022-01-23
EMP1012,Ruth,Perkins,astewart@example.org,1971-08-11,+44(0)29 2018889,"Flat 45
Watkins Stravenue
Stoneshire
BS7V 1SX",Male,Meadowbrook Community Health NHS Trust,Black,South Africa,ILR,Admin,Receptionist,Women & Children,3,26817,2018-03-12,2018-04-23,18.75,0.5,None,Fixed Term,On Leave,WK425046,2027-04-20,UA327485,2027-08-31,2027-07-24,2018-04-02
EMP1013,Emily,Harrison,beverley24@example.org,1983-06-14,+449098790762,"4 Sarah Parkways
Spencerport
TS7E 9XS",Male,Riverside Integrated Care NHS Trust,White,New Zealand,Skilled Worker,Admin,Data Analyst,Medicine & Acute Care,8A,66123,2020-08-16,2020-09-13,30.0,0.8,NMC,Permanent,Active,CM996849,2026-10-07,VC448240,2030-03-26,2026-12-17,2020-09-06
EMP1014,Elliot,Jackson,hugheschristian@example.org,1995-12-04,+44(0)117 4960008,"Flat 55
King Summit
Khanview
KW5 9UJ",Female,Southvale Hospitals NHS Trust,Asian,India,Dependent,Nursing,Senior Staff Nurse,Critical Care & Anaesthesia,6,45792,2018-11-04,2018-12-09,37.5,1.0,GMC,Fixed Term,On Leave,VG727677,2030-11-08,RJ190116,2028-04-05,2027-06-25,2018-11-25
EMP1015,Nicole,Day,bbradley@example.net,1964-06-15,+44(0)2074960650,"Flat 4
Smith Freeway
Clareshire
E2S 4QS",Female,Westmere Community Health NHS Trust,Asian,Japan,British Citizen,AHP,Speech Therapist,Emergency & Urgent Care,6,49207,2022-05-03,2022-06-14,30.0,0.8,None,Permanent,On Leave,CX723708,2027-11-14,PT376578,2028-12-08,2026-10-26,2022-05-24
EMP1016,Kirsty,Armstrong,jane18@example.net,1972-11-30,+443069990218,"Studio 51X
Taylor Crescent
East Bryanville
G65 7TS",Female,Eastmoor Teaching Hospitals NHS Trust,Asian,Thailand,ILR,AHP,Physiotherapist,Medicine & Acute Care,6,53589,2024-02-05,2024-03-04,15.0,0.4,HCPC,Fixed Term,On Leave,CS187553,2027-11-28,KX231219,2029-10-10,2027-02-28,2024-02-26
EMP1017,Jenna,Price,smithguy@example.org,1965-10-29,+44115 4960044,"Flat 55
Adrian Trail
Williamsonhaven
E97 8GN",Male,Northshire University Hospitals NHS Trust,Asian,India,ILR,Nursing,Senior Staff Nurse,Medicine & Acute Care,6,46211,2017-05-05,2017-06-09,37.5,1.0,None,Bank,On Leave,HH122486,2030-10-24,QL026058,2028-01-20,2027-03-10,2017-05-26
EMP1018,Louise,Jones,zpage@example.org,1968-07-30,01314960349,"Studio 1
Bowen Isle
North Judithberg
GU1 9JP",Male,Eastfield Psychological Services NHS Trust,Mixed,United States,Dependent,Medical,Registrar,Emergency & Urgent Care,SPR,79638,2022-03-24,2022-04-28,15.0,0.4,HCPC,Permanent,Suspended,QF366368,2031-01-27,JF716984,2029-02-26,2027-08-14,2022-04-14
EMP1019,Rebecca,Johnson,emmamorris@example.net,1975-07-28,+44161 496 0433,"Studio 60C
Warner Hills
Lake Carly
TR66 7BW",Male,Bluewater Community & Rehabilitation NHS Trust,White,United Kingdom,British Citizen,Admin,Administrator,Critical Care & Anaesthesia,3,27689,2025-03-05,2025-04-02,15.0,0.4,NMC,Bank,Suspended,LD580604,2027-09-09,AE226060,2027-06-20,2027-03-11,2025-03-26
EMP1020,Michael,Jones,alexanderward@example.org,1974-10-16,+44(0)117 496 0662,"Flat 1
Josh Center
East Natashaberg
TR42 4SJ",Female,Northshire University Hospitals NHS Trust,White,Australia,Skilled Worker,Nursing,Healthcare Assistant,Clinical Support Services,2,25322,2017-09-23,2017-11-04,30.0,0.8,None,Fixed Term,Active,NH050422,2029-09-15,KP278198,2028-09-29,2026-11-08,2017-10-14
EMP1021,Trevor,Lewis,louiswatson@example.org,2008-07-02,(0151) 496 0836,"Flat 70X
Kelly Views
Kimberleyhaven
DY7 1AX",Female,Southgate Community & Mental Health NHS Trust,Asian,India,Dependent,Medical,FY1/FY2,Women & Children,FY1,41704,2025-12-08,2026-01-19,20.0,0.53,NMC,Bank,Inactive,LC533453,2030-09-16,TY839531,2030-12-12,2027-06-04,2025-12-29
EMP1022,Henry,Green,dbrown@example.net,2005-12-09,0141 4960527,"Flat 51f
Evans Islands
Parkerton
BR29 3NN",Male,Lakeside District Hospitals NHS Trust,Mixed,United Kingdom,Skilled Worker,AHP,Physiotherapist,Emergency & Urgent Care,6,49312,2018-09-23,2018-11-04,20.0,0.53,GMC,Permanent,Suspended,VN753531,2027-12-26,AW682036,2028-04-28,2027-07-19,2018-10-14
EMP1023,Ben,Walker,louiserogers@example.org,1994-03-09,0121 4960738,"174 Edward Islands
Jadeville
CF81 3RS",Male,Bluewater Community & Rehabilitation NHS Trust,Black,South Africa,Dependent,Admin,Receptionist,Women & Children,3,28823,2017-10-14,2017-11-11,37.5,1.0,HCPC,Bank,On Leave,SZ913715,2027-08-06,DB627180,2028-04-05,2027-05-07,2017-11-04
EMP1024,Mohamed,Taylor,briandoyle@example.com,1998-10-21,+44117 4960279,"Flat 56
Alex Hill
Morrisontown
S54 2ZB",Male,Eastfield Psychological Services NHS Trust,Mixed,South Africa,British Citizen,AHP,Physiologist,Critical Care & Anaesthesia,6,54517,2022-03-18,2022-04-22,18.75,0.5,None,Bank,On Leave,BF308458,2026-09-23,MF550368,2031-05-13,2027-01-25,2022-04-08
EMP1025,Deborah,Cooper,heatherfield@example.org,1973-08-26,01134960502,"Flat 58W
Hayley Way
Simpsonfort
BB5W 6FU",Female,Midlands Central Hospitals NHS Trust,Black,Kenya,ILR,Nursing,Staff Nurse,Emergency & Urgent Care,5,37928,2022-09-12,2022-10-17,20.0,0.53,None,Permanent,On Leave,UT752414,2029-09-10,AB708298,2027-08-25,2027-04-06,2022-10-03
EMP1026,Joel,Jones,carolewebster@example.org,1974-02-23,+441614960085,"1 Clayton Ridge
Port Ryan
S1C 7JH",Male,Broadfield Clinical Services NHS Trust,White,United States,Skilled Worker,Nursing,Healthcare Assistant,Medicine & Acute Care,2,25896,2024-04-21,2024-06-02,15.0,0.4,HCPC,Bank,Suspended,ZS534324,2030-10-22,DL171407,2028-10-11,2027-08-02,2024-05-12
EMP1027,Ann,Wilson,conorhowell@example.org,2008-01-28,+441134960492,"Flat 24
Sylvia Mill
East Mohamed
GY4 0LE",Male,Westborough Acute Care NHS Trust,Asian,China,Skilled Worker,AHP,Pharmacist,Clinical Support Services,5,43276,2022-09-22,2022-10-20,15.0,0.4,GMC,Permanent,Active,YK167378,2031-04-09,YQ323781,2031-02-05,2027-07-12,2022-10-13
EMP1028,Louis,Rhodes,hlaw@example.com,2000-09-28,+44191 4960388,"Studio 21
Robin Rest
New Seanstad
WV6V 1PQ",Male,Eastfield Psychological Services NHS Trust,Asian,Thailand,Dependent,AHP,Physiotherapist,Women & Children,6,44407,2017-05-15,2017-06-26,18.75,0.5,HCPC,Fixed Term,Inactive,CS502011,2028-11-03,JK449303,2028-07-26,2026-12-29,2017-06-05
EMP1029,Gillian,Smith,georgestewart@example.org,2006-10-23,(0116) 4960792,"318 Clark Manor
Lake Carlyfort
N9 4HW",Female,Hillcrest Medical Centres NHS Trust,Mixed,Thailand,British Citizen,AHP,Speech Therapist,Surgery & Cancer,6,44872,2022-07-01,2022-08-12,20.0,0.53,None,Bank,Active,BM430862,2031-05-15,ST386651,2026-10-04,2026-10-17,2022-07-22
EMP1030,Natasha,Summers,craigshaw@example.org,1990-12-10,01632 960 005,"73 Billy View
Alanburgh
FK6R 1GU",Male,Westmere Community Health NHS Trust,Mixed,Australia,ILR,Medical,FY1/FY2,Medicine & Acute Care,FY1,40382,2023-12-16,2024-01-27,20.0,0.53,GMC,Permanent,Active,EQ205563,2029-04-17,JZ400145,2029-07-28,2027-05-31,2024-01-06
EMP1031,Susan,North,josephford@example.com,1990-04-07,+442074960835,"3 Jonathan Ramp
Nicoleton
N7K 7EF",Male,Riverside Integrated Care NHS Trust,Black,Nigeria,British Citizen,Nursing,Senior Staff Nurse,Medicine & Acute Care,6,47908,2017-10-30,2017-12-11,18.75,0.5,None,Fixed Term,On Leave,JW072534,2028-03-04,WR820332,2030-01-30,2027-03-29,2017-11-20
EMP1032,Alice,Davies,antonycampbell@example.com,1962-04-17,0151 4960946,"Flat 0
Maurice Village
South Gillian
SG7 7WE",Male,Riverbank General Hospitals NHS Trust,White,Australia,Dependent,Admin,Administrator,Corporate Services,3,28879,2017-07-20,2017-08-24,20.0,0.53,None,Permanent,Inactive,KR179197,2027-09-14,EG465323,2026-12-03,2026-12-24,2017-08-10
EMP1033,Louise,Smith,leedavid@example.com,2000-03-02,0909 8790824,"02 Allen Forks
Johnburgh
PA5 0UG",Male,Lakeside District Hospitals NHS Trust,White,United Kingdom,Dependent,Medical,Registrar,Clinical Support Services,SPR,66909,2016-12-02,2017-01-13,37.5,1.0,HCPC,Permanent,On Leave,CU690566,2026-10-27,GV805074,2027-11-27,2027-05-29,2016-12-23
EMP1034,Karen,Gilbert,smithchristian@example.com,2001-07-12,+441134960861,"Studio 91
Cooper Drives
Lake Garry
WF1 0YU",Female,Riverbank General Hospitals NHS Trust,Asian,Japan,Skilled Worker,Nursing,Ward Manager,Emergency & Urgent Care,8A,62166,2026-08-24,2026-10-05,30.0,0.8,HCPC,Bank,Active,OF092407,2030-01-23,OZ527743,2029-06-26,2027-05-09,2026-09-14
EMP1035,Max,Newman,helenfrancis@example.net,2007-07-18,0151 4960582,"454 Morris Gateway
Joannaside
CV0M 9RH",Female,Eastfield Psychological Services NHS Trust,Asian,Thailand,Skilled Worker,Nursing,Staff Nurse,Critical Care & Anaesthesia,5,37306,2022-09-20,2022-11-01,30.0,0.8,GMC,Bank,Active,GK538300,2027-02-01,NF417793,2029-02-06,2027-03-07,2022-10-11
EMP1036,Aimee,Owens,francescathompson@example.net,1976-08-27,(0113) 496 0201,"0 Jackson Track
Chelseahaven
N5 4AW",Male,Midlands Central Hospitals NHS Trust,Black,Nigeria,Dependent,AHP,Radiographer,Critical Care & Anaesthesia,6,51744,2026-01-23,2026-02-20,15.0,0.4,NMC,Permanent,Active,OH886720,2026-12-14,NI386704,2030-07-03,2027-02-05,2026-02-13
EMP1037,Alison,Robertson,fthompson@example.net,1962-06-07,+44(0)113 4960786,"Studio 68V
Leslie Streets
West Harrystad
MK57 1ZQ",Female,Midlands Central Hospitals NHS Trust,White,United States,Dependent,Medical,SHO,Emergency & Urgent Care,SHO,58408,2023-09-09,2023-10-21,18.75,0.5,HCPC,Permanent,Suspended,AT451012,2030-10-25,XX377340,2030-12-26,2026-11-13,2023-09-30
EMP1038,Raymond,Elliott,zjones@example.com,1996-03-25,0191 4960654,"755 Oliver Squares
Hawkinsport
CR6E 0HS",Male,Riverbank General Hospitals NHS Trust,Black,Nigeria,Skilled Worker,Medical,FY1/FY2,Women & Children,FY1,39750,2022-04-15,2022-05-27,37.5,1.0,GMC,Permanent,On Leave,SS116071,2027-08-01,TG657741,2027-02-01,2027-04-18,2022-05-06
EMP1039,Charlotte,Wallis,chapmanantony@example.net,1984-05-11,(0909) 8790707,"Studio 39T
Edward Knoll
North Anthony
L2D 3HJ",Female,Midlands Central Hospitals NHS Trust,Asian,Japan,British Citizen,AHP,Occupational Therapist,Corporate Services,6,51903,2017-03-08,2017-04-05,20.0,0.53,None,Fixed Term,Suspended,WP795999,2030-07-12,TZ731151,2028-11-07,2027-01-01,2017-03-29
EMP1040,Derek,Morgan,ryanjamie@example.com,1986-10-16,02074960697,"60 Dean Branch
North Hollie
B9 4WF",Female,Hillcrest Medical Centres NHS Trust,Black,Trinidad and Tobago,Dependent,Nursing,Nursery Nurse,Medicine & Acute Care,2,27553,2023-01-01,2023-02-12,18.75,0.5,None,Fixed Term,Inactive,DA940963,2028-07-11,VY558443,2028-10-09,2026-11-07,2023-01-22
EMP1041,Andrea,Warren,freemanmark@example.com,1989-11-26,01214960272,"Flat 36
Barber Neck
North Heatherton
TF0 8YR",Female,Midlands Central Hospitals NHS Trust,Mixed,Thailand,Skilled Worker,AHP,Occupational Therapist,Critical Care & Anaesthesia,6,47810,2020-10-23,2020-11-20,18.75,0.5,HCPC,Permanent,Inactive,XA283859,2028-04-20,UE672299,2030-03-27,2027-08-10,2020-11-13
EMP1042,Paul,Evans,bernardjarvis@example.net,1995-08-11,0117 4960758,"Studio 53J
Joseph Crossroad
Gibsonland
EC4A 3GA",Female,Valleyview Mental Wellness NHS Trust,Mixed,Canada,British Citizen,Medical,Registrar,Medicine & Acute Care,SPR,70106,2024-02-07,2024-03-13,15.0,0.4,GMC,Bank,Suspended,DA329010,2028-01-27,UF255511,2027-05-05,2027-05-23,2024-02-28
EMP1043,Jill,Shaw,alice93@example.net,1967-09-04,+441144960082,"Flat 49V
Tony Freeway
East Keithmouth
L6 2JP",Female,Southgate Community & Mental Health NHS Trust,White,New Zealand,Dependent,Admin,Administrator,Emergency & Urgent Care,3,28938,2017-06-05,2017-07-10,37.5,1.0,HCPC,Fixed Term,Suspended,YY517448,2026-10-18,UF482459,2030-10-26,2027-09-10,2017-06-26
EMP1044,Valerie,Brooks,chloe63@example.net,1970-12-03,+44(0)808 157 0009,"Flat 7
Sylvia Court
Louisbury
DE59 2YL",Female,Bluewater Community & Rehabilitation NHS Trust,White,United States,British Citizen,Admin,Receptionist,Surgery & Cancer,3,28421,2023-09-21,2023-10-26,18.75,0.5,None,Permanent,On Leave,XS989613,2029-10-12,JA017163,2029-07-08,2027-08-22,2023-10-12
EMP1045,Damien,Jennings,gail18@example.org,1972-10-06,0118 496 0236,"Flat 99
O'Sullivan Summit
Dorothyfort
JE8 3GJ",Male,Greenhaven Acute & Specialist Care NHS Trust,Mixed,New Zealand,British Citizen,Admin,Data Analyst,Corporate Services,8A,56512,2025-12-01,2025-12-29,30.0,0.8,NMC,Bank,Inactive,OW103199,2030-06-17,ZK689924,2027-12-24,2026-10-12,2025-12-22
EMP1046,Denis,Miles,nixonlinda@example.net,1962-06-05,0115 4960349,"850 Shane Islands
Martinfort
B5E 3GL",Female,Midlands Central Hospitals NHS Trust,Asian,Japan,Skilled Worker,Medical,Consultant,Women & Children,CONS,126737,2020-02-27,2020-04-09,18.75,0.5,HCPC,Fixed Term,Suspended,AB588810,2030-08-19,ZM984650,2028-10-03,2026-11-17,2020-03-19
EMP1047,Gemma,Parkinson,ymoore@example.com,1961-09-01,(029) 2018724,"91 Lewis Views
Hopeside
DG3 1XL",Female,Bluewater Community & Rehabilitation NHS Trust,White,New Zealand,ILR,Nursing,Nursery Nurse,Critical Care & Anaesthesia,2,25908,2021-11-20,2021-12-18,37.5,1.0,HCPC,Fixed Term,Suspended,UE107574,2029-12-05,TZ389018,2029-06-15,2027-03-13,2021-12-11
EMP1048,Danny,Jones,marshalljill@example.com,2005-01-15,(0118)4960042,"53 Nicola Bridge
Lake Graeme
M2A 8WS",Male,Northwood Mental Health NHS Trust,Black,Barbados,Skilled Worker,AHP,Physiotherapist,Clinical Support Services,6,47716,2023-05-29,2023-07-10,20.0,0.53,HCPC,Bank,Suspended,NZ218698,2026-12-20,MM594423,2027-09-24,2027-03-11,2023-06-19
EMP1049,Maurice,Robinson,maria31@example.net,1964-05-18,+4420 74960802,"Flat 4
Young Haven
Lake Martin
KT44 5NY",Female,Southvale Hospitals NHS Trust,Black,Barbados,Skilled Worker,Medical,Registrar,Surgery & Cancer,SPR,67759,2023-09-25,2023-10-23,18.75,0.5,None,Fixed Term,On Leave,VX637478,2028-08-31,PJ434418,2030-07-30,2027-01-20,2023-10-16
EMP1050,Gerald,Bird,garywilliams@example.net,1984-11-01,(0113)4960327,"20 Samantha Ways
Clarkstad
W37 9YA",Male,Meadowbrook Community Health NHS Trust,Mixed,South Africa,British Citizen,AHP,Occupational Therapist,Critical Care & Anaesthesia,6,51006,2021-04-02,2021-04-30,37.5,1.0,GMC,Fixed Term,Active,PO403655,2027-02-17,MB551442,2030-06-15,2027-07-27,2021-04-23
EMP1051,Owen,Smith,sarahgilbert@example.net,2005-05-15,0141 496 0404,"09 Glenn Parkways
Jackville
S8T 2FG",Female,Meadowbrook Community Health NHS Trust,Asian,Thailand,Skilled Worker,AHP,Speech Therapist,Critical Care & Anaesthesia,6,44473,2025-05-28,2025-06-25,30.0,0.8,HCPC,Fixed Term,Inactive,TO652014,2028-09-09,UP887241,2029-10-22,2026-11-07,2025-06-18
EMP1052,Shane,Kelly,adamsbilly@example.com,1984-09-21,+44(0)1632 960250,"Studio 10
Adam Fork
New Melissafurt
DL4W 9AP",Female,Broadfield Clinical Services NHS Trust,Mixed,United States,Skilled Worker,Medical,Registrar,Women & Children,SPR,84461,2026-04-21,2026-06-02,20.0,0.53,HCPC,Bank,Suspended,RX843690,2030-07-28,PY739232,2028-01-13,2027-01-27,2026-05-12
EMP1053,Gregory,Woods,jrees@example.com,2008-03-01,+441134960661,"1 Declan Islands
Dannybury
YO6 5JD",Male,Southgate Community & Mental Health NHS Trust,Mixed,Japan,British Citizen,Admin,Medical Secretary,Medicine & Acute Care,4,32268,2023-04-27,2023-05-25,18.75,0.5,NMC,Permanent,Suspended,ZZ471410,2029-03-24,TY238774,2030-03-09,2026-11-25,2023-05-18
EMP1054,Jason,Reed,fholt@example.net,1997-11-12,0141 4960606,"Flat 2
Rebecca Island
Ameliatown
L9 5GP",Female,Hillcrest Medical Centres NHS Trust,Asian,China,ILR,Medical,Consultant,Emergency & Urgent Care,CONS,136552,2019-12-20,2020-01-24,37.5,1.0,None,Permanent,Active,YY796289,2030-08-05,LQ301038,2030-11-20,2027-03-01,2020-01-10
EMP1055,Russell,Wood,donnawilkins@example.net,1987-04-30,(0909) 879 0422,"Studio 63
Cross Trail
Cameronland
GL4H 9WY",Male,Valleyview Mental Wellness NHS Trust,Black,Barbados,Dependent,AHP,Occupational Therapist,Surgery & Cancer,6,45686,2025-11-10,2025-12-22,15.0,0.4,GMC,Permanent,Suspended,DG348417,2028-06-10,SL777868,2030-03-18,2027-08-07,2025-12-01
EMP1056,Joan,Sullivan,yprice@example.org,2002-02-05,(0117)4960788,"Flat 97Z
Wood Passage
Neilview
G68 4GY",Male,Hillcrest Medical Centres NHS Trust,Black,Ghana,ILR,Medical,SHO,Surgery & Cancer,SHO,50400,2022-05-15,2022-06-26,20.0,0.53,GMC,Fixed Term,Active,OO388162,2029-11-07,NH313406,2027-07-07,2027-03-18,2022-06-05
EMP1057,Anthony,Scott,nigel37@example.net,1967-07-26,+44(0)117 4960633,"945 Black River
Lake Ellie
NW4 5LF",Female,Eastmoor Teaching Hospitals NHS Trust,Black,Barbados,Dependent,Nursing,Senior Staff Nurse,Emergency & Urgent Care,6,46733,2018-03-06,2018-04-17,18.75,0.5,NMC,Fixed Term,Active,GZ013761,2028-08-20,LV796192,2027-03-09,2027-05-08,2018-03-27
EMP1058,Gordon,Robinson,matthew56@example.org,1962-10-30,0191 498 0747,"Studio 98
Parry Vista
South Cliffordhaven
W5 3DD",Male,Lakeside District Hospitals NHS Trust,White,Australia,Dependent,AHP,Occupational Therapist,Critical Care & Anaesthesia,6,52075,2021-11-13,2021-12-11,30.0,0.8,NMC,Fixed Term,On Leave,WT021494,2031-01-12,PM712614,2030-11-19,2027-04-17,2021-12-04
EMP1059,Michael,Lambert,karlmatthews@example.net,2001-07-05,+44(0)28 9018537,"3 Clive Canyon
South Jeffreyside
B0H 2ZR",Female,Southvale Hospitals NHS Trust,White,Australia,British Citizen,Medical,Consultant,Women & Children,CONS,113143,2017-04-27,2017-06-01,20.0,0.53,None,Fixed Term,Inactive,MT096476,2030-08-21,MP056832,2029-08-03,2027-02-15,2017-05-18
EMP1060,Caroline,White,crichardson@example.net,1975-07-21,(0121) 496 0520,"8 Ann Locks
East Francescamouth
W9 9GD",Female,Hillcrest Medical Centres NHS Trust,Mixed,Nigeria,Skilled Worker,AHP,Radiographer,Surgery & Cancer,6,54859,2019-12-22,2020-01-26,15.0,0.4,HCPC,Permanent,Active,LK848368,2030-07-22,XF108120,2029-03-30,2027-09-03,2020-01-12
EMP1061,Clare,Johnson,andrewsdouglas@example.com,1965-10-22,+44808 1570706,"Studio 75K
Graeme Island
Williamschester
LA3X 6QL",Male,Lakeside District Hospitals NHS Trust,White,New Zealand,ILR,Medical,Registrar,Surgery & Cancer,SPR,74513,2020-04-17,2020-05-15,20.0,0.53,NMC,Bank,On Leave,YD821535,2028-06-23,DY743303,2030-07-17,2026-12-02,2020-05-08
EMP1062,Francis,Stone,frostdeborah@example.com,1974-07-13,+44114 496 0219,"Studio 7
Kelly Valley
Christianburgh
W71 7JR",Male,Northshire University Hospitals NHS Trust,Mixed,India,Dependent,Nursing,Ward Manager,Critical Care & Anaesthesia,8A,55589,2025-01-21,2025-02-25,15.0,0.4,NMC,Fixed Term,On Leave,FO867765,2031-03-02,HH634247,2026-11-19,2026-11-18,2025-02-11
EMP1063,Sally,Bailey,kevinhewitt@example.com,1980-02-07,(0117)4960895,"Flat 47C
Charlotte Roads
North Oliverport
ZE2N 1XE",Female,Broadfield Clinical Services NHS Trust,Black,Kenya,Skilled Worker,Nursing,Healthcare Assistant,Emergency & Urgent Care,2,26278,2025-10-13,2025-11-24,20.0,0.53,None,Permanent,Active,IL831655,2031-05-22,DJ222491,2030-10-04,2027-02-23,2025-11-03
EMP1064,Jamie,Whittaker,wbaker@example.org,1991-06-15,+44(0)191 4960433,"8 Preston Wall
New Tracy
SM8X 2QE",Female,Hillcrest Medical Centres NHS Trust,Mixed,Thailand,ILR,AHP,Pharmacist,Emergency & Urgent Care,5,37011,2017-09-05,2017-10-10,37.5,1.0,HCPC,Permanent,Inactive,LR412999,2029-02-20,JU911964,2031-05-14,2026-09-18,2017-09-26
EMP1065,Leah,Atkinson,richardsonross@example.com,2001-12-17,(0118) 4960731,"Studio 3
Cameron Summit
Lake Phillipside
N5 8AF",Male,Eastmoor Teaching Hospitals NHS Trust,Mixed,Ghana,Skilled Worker,Nursing,Senior Staff Nurse,Surgery & Cancer,6,51729,2022-01-01,2022-02-12,37.5,1.0,GMC,Bank,On Leave,SN060455,2028-03-04,EO558702,2028-04-06,2027-03-07,2022-01-22
EMP1066,Beverley,Smith,lesleyhoward@example.org,1966-07-06,+44(0)131 496 0041,"749 Paige Drive
Marcborough
SN6 2RP",Female,Eastfield Psychological Services NHS Trust,Black,Trinidad and Tobago,Dependent,Admin,Administrator,Surgery & Cancer,3,28459,2019-06-01,2019-06-29,30.0,0.8,HCPC,Permanent,Inactive,AB804418,2029-06-13,PH564347,2028-07-28,2026-12-12,2019-06-22
EMP1067,Diana,Khan,kerry12@example.com,2005-06-13,(01632)960297,"Flat 6
Wilson Alley
West Geraldine
B4 9RR",Male,Southgate Community & Mental Health NHS Trust,Asian,China,British Citizen,Nursing,Senior Staff Nurse,Medicine & Acute Care,6,52602,2021-11-25,2021-12-30,18.75,0.5,NMC,Fixed Term,On Leave,DZ615081,2027-03-20,CP727953,2026-10-19,2026-09-18,2021-12-16
EMP1068,Carl,Potts,craig17@example.org,1996-11-14,(0116) 4960875,"280 Holly Green
Abdulberg
DL4P 6AH",Male,Hillcrest Medical Centres NHS Trust,Mixed,South Africa,ILR,Nursing,Charge Nurse,Corporate Services,7,62930,2021-05-10,2021-06-14,20.0,0.53,None,Fixed Term,Suspended,KL541933,2029-05-30,ZP811678,2030-04-28,2026-10-16,2021-05-31
EMP1069,Hayley,Russell,mbarlow@example.net,1978-03-08,0306 9990173,"2 Garry Branch
North Abdul
ST4Y 0XJ",Female,Northshire University Hospitals NHS Trust,Black,Barbados,Skilled Worker,Nursing,Nursery Nurse,Women & Children,2,25251,2020-05-02,2020-06-13,18.75,0.5,GMC,Bank,Active,AU570245,2028-01-08,ET793161,2027-04-12,2026-10-01,2020-05-23
EMP1070,Alexandra,Ellis,amartin@example.net,1987-11-21,(0116) 4960254,"Studio 69A
Francesca Mountains
South Anna
E1 0SY",Female,Riverbank General Hospitals NHS Trust,Mixed,China,Skilled Worker,Admin,Data Analyst,Women & Children,8A,66166,2022-12-09,2023-01-06,37.5,1.0,GMC,Fixed Term,Active,SK568357,2031-07-28,UK372743,2028-06-28,2027-03-30,2022-12-30
EMP1071,Valerie,Richards,elizabeth48@example.com,2002-02-21,+44131 4960706,"650 Bell Bridge
Kingview
B6E 3DG",Female,Westborough Acute Care NHS Trust,Asian,India,Skilled Worker,AHP,Speech Therapist,Surgery & Cancer,6,49930,2018-08-21,2018-09-18,20.0,0.53,NMC,Fixed Term,On Leave,ZK438536,2028-06-18,ZX041561,2027-01-02,2027-09-05,2018-09-11
EMP1072,Kathleen,Wilkins,naylorjulie@example.net,1992-08-18,+4429 2018533,"Studio 7
Sean Mountain
Port Gracetown
HX5P 0GX",Female,Westmere Community Health NHS Trust,Black,Trinidad and Tobago,ILR,Nursing,Healthcare Assistant,Critical Care & Anaesthesia,2,26383,2021-11-23,2021-12-28,20.0,0.53,None,Bank,Suspended,GY212921,2027-05-10,FG356502,2027-01-23,2027-05-03,2021-12-14
EMP1073,Maria,Fuller,bethspencer@example.net,1983-07-28,(0131) 4960875,"123 Clifford Canyon
Williamsland
G0 4YY",Female,Northwood Mental Health NHS Trust,Black,Trinidad and Tobago,Skilled Worker,Nursing,Staff Nurse,Critical Care & Anaesthesia,5,38760,2021-06-28,2021-07-26,15.0,0.4,None,Permanent,On Leave,IK767568,2026-11-17,AC354801,2031-07-03,2026-12-31,2021-07-19
EMP1074,Pamela,Bradley,drichards@example.net,1981-03-02,+441514960081,"824 Garry Parkways
Hilarymouth
HA34 5YR",Female,Oakridge Community Services NHS Trust,Mixed,New Zealand,Skilled Worker,Admin,Medical Secretary,Critical Care & Anaesthesia,4,31802,2019-08-12,2019-09-16,15.0,0.4,None,Permanent,On Leave,AM351334,2030-09-01,CQ222443,2030-03-22,2026-10-03,2019-09-02
EMP1075,Josh,Bailey,farmerlynda@example.com,1990-07-22,+441414960606,"Studio 8
Dean Row
Faulknerberg
CM7B 5GT",Female,Riverside Integrated Care NHS Trust,Black,Ghana,ILR,Medical,SHO,Emergency & Urgent Care,SHO,56057,2025-10-03,2025-10-31,37.5,1.0,GMC,Fixed Term,On Leave,QC217512,2029-10-03,YP915861,2030-02-02,2026-09-28,2025-10-24
EMP1076,Phillip,Wood,staceyhamilton@example.net,1980-06-11,029 2018550,"Studio 28
Quinn Canyon
Smithport
KA6V 5BY",Male,Valleyview Mental Wellness NHS Trust,Black,Nigeria,Skilled Worker,Nursing,Staff Nurse,Medicine & Acute Care,5,37949,2018-07-08,2018-08-12,15.0,0.4,NMC,Permanent,Suspended,SG289257,2030-03-10,WO537233,2031-06-21,2026-12-11,2018-07-29
EMP1077,Dorothy,Rice,junesmith@example.net,1986-01-10,(0116) 4960982,"0 Wright Place
Lake Joelmouth
S0 0FR",Male,Broadfield Clinical Services NHS Trust,White,New Zealand,Dependent,AHP,Radiographer,Corporate Services,6,52539,2024-02-14,2024-03-27,15.0,0.4,NMC,Fixed Term,Active,BK687847,2029-02-12,GB569027,2030-01-23,2027-02-13,2024-03-06
EMP1078,Nigel,Jackson,christian93@example.com,2001-12-09,+441614960187,"5 Scott Center
Nichollsview
M4 9AZ",Female,Northwood Mental Health NHS Trust,White,New Zealand,British Citizen,Nursing,Senior Staff Nurse,Women & Children,6,52798,2018-03-03,2018-04-07,37.5,1.0,GMC,Permanent,Active,JN474775,2026-11-29,BS320357,2030-06-02,2027-04-08,2018-03-24
EMP1079,Lynne,Barnes,joshua66@example.com,1982-01-31,(028) 9018 0972,"Studio 19l
Reid Inlet
East Barbara
OX1A 1UY",Male,Greenhaven Acute & Specialist Care NHS Trust,Black,South Africa,Dependent,Nursing,Ward Manager,Surgery & Cancer,8A,55236,2021-08-18,2021-09-29,18.75,0.5,GMC,Fixed Term,Suspended,JO133951,2029-10-09,JS487338,2031-02-12,2027-05-16,2021-09-08
EMP1080,Kieran,Holden,sbartlett@example.org,1999-04-09,01154960043,"Flat 65T
Michelle Terrace
Marcport
IP5Y 4EL",Female,Westmere Community Health NHS Trust,Asian,Japan,Skilled Worker,Nursing,Charge Nurse,Clinical Support Services,7,53001,2018-07-11,2018-08-08,30.0,0.8,HCPC,Fixed Term,On Leave,LD443321,2027-08-19,ZY832243,2030-07-19,2026-12-25,2018-08-01
EMP1081,Natasha,Dunn,birchhannah@example.org,2002-02-22,0121 4960768,"62 Gill Squares
Clarkville
M5H 4DW",Female,Westmere Community Health NHS Trust,White,New Zealand,ILR,AHP,Pharmacist,Emergency & Urgent Care,5,37471,2021-06-07,2021-07-12,20.0,0.53,None,Permanent,Active,MU866623,2030-01-23,GF611748,2029-09-08,2027-07-11,2021-06-28
EMP1082,Timothy,Douglas,apowell@example.org,2006-07-07,(0141) 496 0774,"8 Richards Plains
Barryport
NE8A 1XD",Female,Valleyview Mental Wellness NHS Trust,Black,Jamaica,ILR,Medical,GP,Corporate Services,GP,92735,2022-05-29,2022-07-10,37.5,1.0,HCPC,Bank,Active,PU725650,2031-03-10,TX047137,2028-08-24,2027-05-16,2022-06-19
EMP1083,Damien,Davies,baustin@example.org,2006-05-20,(0909) 879 0649,"Flat 5
Watts Orchard
Johnsonfurt
CV4X 8HP",Male,Midlands Central Hospitals NHS Trust,White,United States,Dependent,AHP,Pharmacist,Corporate Services,5,41335,2022-08-07,2022-09-18,37.5,1.0,GMC,Permanent,On Leave,RW131957,2028-07-14,WF324974,2030-06-17,2026-12-22,2022-08-28
EMP1084,Toby,Mills,kday@example.net,1996-11-13,+44115 496 0592,"045 Robinson Lake
Lesliehaven
N4B 6TF",Female,Lakeside District Hospitals NHS Trust,Asian,Thailand,ILR,Medical,SHO,Critical Care & Anaesthesia,SHO,46219,2025-12-12,2026-01-23,20.0,0.53,HCPC,Fixed Term,Inactive,HR568393,2030-05-22,AI681608,2028-10-23,2026-11-27,2026-01-02
EMP1085,Dale,Coleman,dorothybell@example.org,1995-02-04,(0115)4960108,"34 Thornton Glen
Dawnchester
IV65 3XP",Female,Bluewater Community & Rehabilitation NHS Trust,Black,Nigeria,British Citizen,AHP,Radiographer,Surgery & Cancer,6,45629,2021-09-14,2021-10-12,15.0,0.4,NMC,Bank,Inactive,GJ228585,2031-07-09,FI100120,2031-01-05,2027-02-15,2021-10-05
EMP1086,Graham,Burke,mburke@example.net,1968-10-20,0113 4960406,"90 Owen Burgs
Kellyburgh
N25 0SN",Male,Southgate Community & Mental Health NHS Trust,Mixed,India,Dependent,AHP,Physiologist,Women & Children,6,50237,2022-09-12,2022-10-24,15.0,0.4,None,Bank,On Leave,FG246799,2028-05-10,RS740345,2028-06-30,2027-05-28,2022-10-03
EMP1087,Barry,Carey,malcolmroberts@example.com,1969-02-11,(029)2018684,"Flat 24
Stephanie Rue
North Jasmine
TW2V 3ZB",Male,Valleyview Mental Wellness NHS Trust,White,New Zealand,British Citizen,Admin,Receptionist,Critical Care & Anaesthesia,3,31469,2025-11-02,2025-12-14,20.0,0.53,None,Bank,Suspended,BY645844,2031-03-27,YK638292,2031-08-26,2027-09-01,2025-11-23
EMP1088,Dean,Walker,janicelewis@example.net,1986-05-13,08081570894,"Flat 01H
Beverley Forks
New Valerie
B4 8GA",Female,Lakeside District Hospitals NHS Trust,Asian,India,British Citizen,Admin,Medical Secretary,Critical Care & Anaesthesia,4,34885,2021-02-21,2021-03-21,30.0,0.8,GMC,Permanent,On Leave,ZN141099,2028-12-31,RZ525362,2028-10-02,2027-04-12,2021-03-14
EMP1089,Natalie,Holmes,stanley87@example.net,1997-07-25,+44(0)1614960975,"Flat 82
Guy Corner
Holmesshire
TN31 4RE",Male,Northwood Mental Health NHS Trust,Asian,India,British Citizen,Admin,Administrator,Corporate Services,3,27242,2026-01-08,2026-02-12,30.0,0.8,GMC,Permanent,Inactive,AG642315,2028-10-17,CY618440,2027-08-30,2026-10-09,2026-01-29
EMP1090,Katherine,Goodwin,sarahduffy@example.net,2006-07-02,+44161 4960364,"Flat 7
Gilbert Grove
Lake Carlymouth
E1G 5SU",Female,Southgate Community & Mental Health NHS Trust,Black,South Africa,Skilled Worker,AHP,Pharmacist,Clinical Support Services,5,39611,2020-09-29,2020-11-10,15.0,0.4,NMC,Bank,On Leave,HS858230,2030-11-25,VS001556,2026-09-17,2026-12-31,2020-10-20
EMP1091,Bruce,White,danielleconway@example.com,2002-09-03,0306 999 0012,"345 Davies Place
Hussainhaven
E6F 2UU",Male,Eastmoor Teaching Hospitals NHS Trust,Asian,China,Skilled Worker,Medical,SHO,Medicine & Acute Care,SHO,50868,2019-03-08,2019-04-19,18.75,0.5,NMC,Bank,Suspended,DP687708,2030-04-26,SC066232,2028-05-07,2026-11-13,2019-03-29
EMP1092,Graham,Smith,johnsonjoe@example.net,1969-04-30,+441632 960 423,"77 Carter Mills
Dennisside
NG36 1HZ",Female,Bluewater Community & Rehabilitation NHS Trust,Mixed,United Kingdom,ILR,AHP,Occupational Therapist,Emergency & Urgent Care,6,45037,2026-07-30,2026-09-03,20.0,0.53,GMC,Bank,Active,JA731021,2028-07-23,ZK028481,2028-04-12,2027-03-30,2026-08-20
EMP1093,Kim,Long,jjohn@example.com,1967-12-21,+441184960510,"6 Palmer Alley
Lake Harriet
WC3 4LP",Female,Northwood Mental Health NHS Trust,Mixed,South Africa,ILR,Medical,SHO,Surgery & Cancer,SHO,53943,2025-08-19,2025-09-23,30.0,0.8,NMC,Bank,Inactive,TC990100,2029-05-11,WU560341,2031-08-15,2027-09-05,2025-09-09
EMP1094,Scott,Evans,powercarol@example.com,1977-01-22,+44289018625,"Flat 21
Harrison Squares
Charlieburgh
E7C 3XT",Female,Greenhaven Acute & Specialist Care NHS Trust,Mixed,Jamaica,Skilled Worker,Admin,Medical Secretary,Women & Children,4,37283,2017-03-24,2017-05-05,15.0,0.4,HCPC,Bank,Inactive,KD908665,2026-09-16,EC915632,2028-12-25,2026-09-19,2017-04-14
EMP1095,Gemma,Howard,shawkins@example.org,1974-03-08,(0306)9990668,"8 Abigail Knolls
Tracymouth
ME5 8GN",Female,Eastmoor Teaching Hospitals NHS Trust,Asian,Japan,Skilled Worker,AHP,Physiologist,Surgery & Cancer,6,52938,2024-09-18,2024-10-30,15.0,0.4,NMC,Fixed Term,On Leave,IS472960,2029-07-15,XV432436,2029-11-25,2026-11-20,2024-10-09
EMP1096,Eileen,Clark,damien88@example.com,1986-12-18,(0191)4960996,"34 Graham Glen
Edwardsshire
RM2 5JZ",Female,Eastfield Psychological Services NHS Trust,Mixed,Thailand,ILR,Nursing,Charge Nurse,Corporate Services,7,59722,2021-09-25,2021-11-06,15.0,0.4,GMC,Permanent,Active,XW643278,2030-11-24,LI546343,2027-07-15,2026-10-31,2021-10-16
EMP1097,Harriet,Nelson,lynnsims@example.net,1981-10-18,(0117) 496 0906,"Studio 88n
Webb Prairie
New Adamborough
EH2 5HP",Female,Horizon Integrated Health Partnership NHS Trust,White,Canada,ILR,Admin,Administrator,Women & Children,3,27095,2017-08-27,2017-09-24,20.0,0.53,NMC,Bank,Active,UK683176,2031-06-30,ML129732,2026-12-13,2026-12-08,2017-09-17
EMP1098,Sylvia,Evans,ryanpatricia@example.com,1960-10-23,+44(0)121 4960232,"2 Abbie Plains
Chloeshire
BN0 8BQ",Male,Horizon Integrated Health Partnership NHS Trust,White,Australia,Skilled Worker,AHP,Speech Therapist,Critical Care & Anaesthesia,6,54036,2019-02-07,2019-03-07,15.0,0.4,NMC,Permanent,Inactive,YX808957,2031-04-23,QX795610,2026-11-11,2027-09-08,2019-02-28
EMP1099,Cheryl,McDonald,kenneth04@example.com,1976-09-22,09098790044,"Flat 35
Howarth Bypass
Fordchester
S18 5PG",Male,Riverside Integrated Care NHS Trust,Mixed,Kenya,ILR,AHP,Speech Therapist,Women & Children,6,49407,2022-09-13,2022-10-25,20.0,0.53,NMC,Fixed Term,Suspended,QI215106,2030-08-12,AK770428,2031-02-20,2026-09-20,2022-10-04
EMP1100,Irene,Day,declan25@example.org,2006-12-02,(0141) 4960299,"Studio 14
Taylor Glens
South Kathryntown
B6J 5NS",Male,Southgate Community & Mental Health NHS Trust,White,United Kingdom,ILR,Nursing,Staff Nurse,Corporate Services,5,43255,2023-10-11,2023-11-15,30.0,0.8,GMC,Bank,Active,UA151534,2031-08-28,XL052945,2031-02-20,2026-12-20,2023-11-01
EMP1101,Shaun,Jones,ian00@example.net,2002-06-24,01214960185,"87 Wilson Coves
West Dawnborough
HS8 4TQ",Female,Eastfield Psychological Services NHS Trust,White,Canada,ILR,Medical,FY1/FY2,Women & Children,FY1,37250,2022-08-07,2022-09-11,30.0,0.8,None,Permanent,Suspended,SD284091,2028-12-06,QH802344,2031-04-28,2027-02-12,2022-08-28
EMP1102,Hazel,Hughes,ericallen@example.com,1984-02-14,+44116 496 0460,"77 Barbara Trail
Terenceton
WF5 1RG",Male,Riverbank General Hospitals NHS Trust,Asian,China,ILR,Nursing,Senior Staff Nurse,Clinical Support Services,6,52764,2022-04-21,2022-05-19,18.75,0.5,HCPC,Bank,Suspended,MS346247,2029-03-17,JM222427,2028-04-17,2027-03-07,2022-05-12
EMP1103,Ashley,White,danielle27@example.org,2005-09-25,+443069990896,"Flat 01u
Eleanor Extensions
New Gregory
OX83 6LS",Male,Northwood Mental Health NHS Trust,White,United Kingdom,British Citizen,Nursing,Healthcare Assistant,Critical Care & Anaesthesia,2,24488,2024-03-30,2024-05-04,37.5,1.0,None,Fixed Term,Inactive,BC850096,2030-08-21,PK676282,2030-10-01,2027-02-27,2024-04-20
EMP1104,Kayleigh,Cooper,mohamed20@example.com,1982-08-09,(028)9018246,"Flat 24z
Richard Loop
Perkinsburgh
B4G 6EW",Female,Greenhaven Acute & Specialist Care NHS Trust,Black,Kenya,Skilled Worker,Nursing,Staff Nurse,Corporate Services,5,43888,2018-12-30,2019-01-27,18.75,0.5,NMC,Bank,Suspended,JQ724733,2026-12-30,FJ941299,2031-05-20,2026-10-02,2019-01-20
EMP1105,Joseph,Bailey,georgiajackson@example.net,1964-01-03,0131 496 0295,"2 Rowe Crescent
Port Paulafort
BR3Y 1JT",Male,Greenhaven Acute & Specialist Care NHS Trust,Mixed,India,ILR,AHP,Radiographer,Surgery & Cancer,6,45918,2024-04-24,2024-05-29,30.0,0.8,HCPC,Bank,Inactive,KW878060,2028-01-21,FJ562900,2028-02-19,2027-05-07,2024-05-15
EMP1106,Samuel,Morgan,joneschristopher@example.net,1970-08-21,+44(0)1632 960872,"Studio 51i
Ryan Neck
Marieland
G4 6JN",Male,Valleyview Mental Wellness NHS Trust,Asian,China,Dependent,Admin,Data Analyst,Clinical Support Services,8A,55947,2024-06-26,2024-08-07,30.0,0.8,NMC,Fixed Term,Inactive,GD850219,2029-03-19,FZ444522,2028-09-05,2027-04-22,2024-07-17
EMP1107,Gillian,Atkinson,richard52@example.com,2008-07-24,(0131) 4960542,"Flat 96
Thomas Green
Lake Stevenside
S2 0LG",Male,Southgate Community & Mental Health NHS Trust,Black,Nigeria,Dependent,AHP,Occupational Therapist,Emergency & Urgent Care,6,52449,2025-08-06,2025-09-10,30.0,0.8,NMC,Bank,Suspended,KC170991,2030-05-03,BU525712,2028-01-03,2027-07-26,2025-08-27
EMP1108,Helen,Dennis,antonyfrost@example.net,2004-01-12,029 2018 0083,"383 Lesley Court
Whitechester
L3W 1FX",Male,Meadowbrook Community Health NHS Trust,Asian,Thailand,British Citizen,Medical,FY1/FY2,Clinical Support Services,FY1,36102,2017-02-11,2017-03-18,18.75,0.5,HCPC,Fixed Term,On Leave,JM523259,2027-12-30,TG864476,2027-05-30,2027-05-09,2017-03-04
EMP1109,Damien,Owen,ahopkins@example.org,1968-08-07,(020) 7496 0854,"432 Gillian Road
Lake Gailfort
B8 2QD",Male,Northwood Mental Health NHS Trust,Black,Trinidad and Tobago,Skilled Worker,Nursing,Senior Staff Nurse,Clinical Support Services,6,47228,2018-08-26,2018-09-30,30.0,0.8,HCPC,Permanent,Active,WZ044347,2030-12-03,DZ413967,2031-07-12,2027-03-31,2018-09-16
EMP1110,Lee,Marsh,colin81@example.com,1982-07-24,+4429 2018 0629,"80 Perkins Camp
Iainchester
OX60 7SG",Female,Eastmoor Teaching Hospitals NHS Trust,Asian,Thailand,Dependent,Nursing,Healthcare Assistant,Medicine & Acute Care,2,24436,2025-12-06,2026-01-17,20.0,0.53,HCPC,Permanent,Suspended,RZ832739,2030-05-28,YS044045,2030-04-30,2027-06-25,2025-12-27
EMP1111,Naomi,Taylor,maurice98@example.net,1968-04-12,(029)2018021,"521 Charlene Burgs
Wilsonburgh
E1 4HQ",Male,Northshire University Hospitals NHS Trust,White,United States,Dependent,Admin,Receptionist,Surgery & Cancer,3,28052,2018-01-25,2018-02-22,20.0,0.53,None,Bank,On Leave,EY996225,2029-04-26,WO119049,2026-12-04,2026-11-19,2018-02-15
EMP1112,Danielle,Saunders,georgewatson@example.net,1980-12-04,(028)9018303,"Flat 3
Christine Mills
Ahmedtown
TF02 5YE",Female,Greenhaven Acute & Specialist Care NHS Trust,Mixed,India,British Citizen,Admin,Receptionist,Emergency & Urgent Care,3,31781,2021-11-14,2021-12-26,18.75,0.5,GMC,Bank,Suspended,XX502057,2027-03-07,AN088629,2027-01-19,2027-05-27,2021-12-05
EMP1113,Adrian,Watkins,fergusonbrian@example.org,1971-05-21,(0808) 1570444,"Flat 16Q
Amelia Grove
Hurstmouth
LA8 7SD",Male,Eastmoor Teaching Hospitals NHS Trust,Black,South Africa,British Citizen,Nursing,Ward Manager,Medicine & Acute Care,8A,59062,2022-04-03,2022-05-15,30.0,0.8,None,Fixed Term,Inactive,GV257588,2031-06-30,JM298852,2027-07-17,2027-07-14,2022-04-24
EMP1114,Allan,Miller,csutton@example.net,1970-12-24,+44808 157 0117,"Flat 43
Tony Viaduct
Declantown
PR2 2RS",Male,Meadowbrook Community Health NHS Trust,Black,Jamaica,Skilled Worker,AHP,Occupational Therapist,Corporate Services,6,54277,2020-04-24,2020-05-22,18.75,0.5,NMC,Bank,On Leave,CS632212,2026-10-17,MF768711,2029-09-20,2026-11-03,2020-05-15
EMP1115,Grace,Morris,jdavies@example.org,1979-12-12,+44(0)1632960662,"958 George Forks
South Josephmouth
W57 3FN",Female,Riverside Integrated Care NHS Trust,Asian,Thailand,Dependent,Nursing,Senior Staff Nurse,Corporate Services,6,54718,2022-09-27,2022-10-25,37.5,1.0,GMC,Bank,Inactive,WQ137856,2031-02-01,GE177630,2030-02-18,2026-10-01,2022-10-18
EMP1116,Pamela,Barnes,gillian49@example.org,1973-09-20,+443069990422,"71 Wayne Gardens
Gemmashire
AB0 4ZR",Male,Southgate Community & Mental Health NHS Trust,Black,South Africa,British Citizen,Nursing,Ward Manager,Emergency & Urgent Care,8A,59121,2021-10-05,2021-11-16,20.0,0.53,HCPC,Fixed Term,Suspended,XV218273,2031-03-14,HP763085,2028-02-11,2027-07-25,2021-10-26
EMP1117,Joan,Swift,martinstuart@example.com,1976-06-26,+441154960038,"Studio 36
Hodgson Landing
Lake Antonyville
LS80 3GQ",Male,Southgate Community & Mental Health NHS Trust,Mixed,China,Dependent,AHP,Pharmacist,Surgery & Cancer,5,43843,2025-04-05,2025-05-03,15.0,0.4,NMC,Fixed Term,On Leave,KP758554,2029-11-05,GO515463,2029-03-11,2027-02-19,2025-04-26
EMP1118,Maureen,Williams,katy29@example.org,1992-07-10,+441314960669,"641 Hope Village
Singhborough
E6 0TN",Male,Valleyview Mental Wellness NHS Trust,Asian,China,British Citizen,Admin,Medical Secretary,Critical Care & Anaesthesia,4,34386,2016-12-07,2017-01-11,15.0,0.4,NMC,Fixed Term,Active,LQ387632,2028-09-10,NR155977,2030-04-05,2026-10-21,2016-12-28
EMP1119,Simon,Willis,holly93@example.net,1977-05-06,+44(0)121 496 0301,"Flat 9
Khan Inlet
Wardport
PO43 5EX",Male,Bluewater Community & Rehabilitation NHS Trust,Black,Nigeria,Skilled Worker,AHP,Occupational Therapist,Medicine & Acute Care,6,51908,2023-03-15,2023-04-26,30.0,0.8,GMC,Bank,On Leave,ZZ719888,2029-01-08,PZ879947,2030-12-04,2026-12-05,2023-04-05
EMP1120,Fiona,Barker,rpayne@example.net,1993-04-19,+44(0)292018167,"1 Martyn Harbor
West Leonard
G5U 4ER",Male,Southvale Hospitals NHS Trust,Mixed,United States,ILR,Nursing,Charge Nurse,Medicine & Acute Care,7,60642,2023-07-31,2023-09-04,15.0,0.4,GMC,Bank,Inactive,ZK222213,2028-09-08,PO158420,2031-08-15,2026-10-28,2023-08-21
EMP1121,Nicole,Oliver,hughrose@example.net,1989-04-10,(0113) 496 0695,"0 Andrews Drives
Joycefurt
LL21 9JT",Female,Southvale Hospitals NHS Trust,Asian,China,Skilled Worker,Medical,Registrar,Corporate Services,SPR,84322,2023-09-02,2023-09-30,30.0,0.8,NMC,Permanent,Suspended,UK430042,2028-03-22,SG620826,2030-04-05,2026-10-10,2023-09-23
EMP1122,Charles,Gibbons,sharpemaurice@example.com,2001-09-15,+441314960552,"3 Nicola Drive
East Pamela
E70 6GX",Male,Midlands Central Hospitals NHS Trust,Black,Trinidad and Tobago,Dependent,Admin,Receptionist,Corporate Services,3,28778,2018-08-06,2018-09-17,15.0,0.4,None,Permanent,Inactive,EG079828,2029-04-22,EH460522,2029-04-24,2027-06-01,2018-08-27
EMP1123,Rosie,White,kayleighhilton@example.com,1978-09-10,0121 4960457,"6 Shirley Ways
Johnton
E65 5GT",Female,Greenhaven Acute & Specialist Care NHS Trust,Black,South Africa,Skilled Worker,Nursing,Nursery Nurse,Clinical Support Services,2,25121,2017-07-09,2017-08-06,30.0,0.8,None,Fixed Term,Inactive,WU208723,2030-04-08,WG006361,2026-10-16,2027-07-04,2017-07-30
EMP1124,Brandon,Miller,pwade@example.net,2003-08-09,+4428 9018 0067,"Studio 76q
Dyer Forest
New Geoffrey
HX40 1XT",Male,Hillcrest Medical Centres NHS Trust,Asian,China,Dependent,Nursing,Ward Manager,Surgery & Cancer,8A,67247,2025-04-12,2025-05-10,18.75,0.5,HCPC,Fixed Term,Suspended,KD940314,2028-03-28,AP981951,2028-05-16,2026-11-12,2025-05-03
EMP1125,Garry,Richardson,sophie87@example.net,1983-08-17,+441914960286,"29 Louis Highway
Kieranfurt
N0E 0AF",Female,Northwood Mental Health NHS Trust,White,Australia,ILR,Admin,Medical Secretary,Corporate Services,4,33176,2020-03-22,2020-05-03,15.0,0.4,NMC,Fixed Term,On Leave,YN320563,2029-01-05,KJ402224,2027-05-23,2027-05-26,2020-04-12
EMP1126,Aimee,Taylor,rachelbarker@example.com,1972-04-05,03069990805,"582 Ellie Loaf
Lake Peter
G4 2WR",Female,Greenhaven Acute & Specialist Care NHS Trust,Mixed,Australia,British Citizen,Nursing,Nursery Nurse,Clinical Support Services,2,27593,2023-05-18,2023-06-22,30.0,0.8,GMC,Fixed Term,Suspended,SR359634,2030-08-10,GA524983,2028-08-13,2027-03-07,2023-06-08
EMP1127,Mitchell,Stone,greenchristine@example.com,1963-09-27,(0114) 4960780,"Studio 72R
Ashley Road
Patelmouth
WC30 8TR",Male,Broadfield Clinical Services NHS Trust,Mixed,South Africa,Dependent,Nursing,Charge Nurse,Corporate Services,7,61128,2020-09-29,2020-11-03,30.0,0.8,GMC,Fixed Term,Inactive,OM947961,2028-08-03,OO878008,2026-12-23,2026-12-04,2020-10-20
EMP1128,Caroline,Hall,lsmith@example.com,1995-01-10,09098790479,"90 Dodd Track
Dorothyview
YO8 0QP",Male,Bluewater Community & Rehabilitation NHS Trust,Asian,China,Dependent,Nursing,Staff Nurse,Corporate Services,5,37283,2024-01-20,2024-03-02,18.75,0.5,GMC,Bank,Active,AK750101,2030-09-22,ZT775209,2030-06-16,2027-08-12,2024-02-10
EMP1129,Darren,Shaw,gillnicole@example.org,1975-06-21,+44141 496 0554,"Studio 4
Josephine Club
Port Lucy
ST23 2FH",Female,Eastmoor Teaching Hospitals NHS Trust,Black,Barbados,Dependent,Admin,Medical Secretary,Medicine & Acute Care,4,37206,2019-09-24,2019-10-29,18.75,0.5,None,Bank,Active,UE304701,2029-04-30,YE927394,2030-03-03,2026-11-23,2019-10-15
EMP1130,Peter,Wilson,georgiawilson@example.net,1973-12-09,(0115) 496 0765,"11 Linda Vista
New Sarah
N18 4SB",Female,Riverside Integrated Care NHS Trust,White,United Kingdom,Skilled Worker,AHP,Physiotherapist,Women & Children,6,48760,2025-10-17,2025-11-21,30.0,0.8,GMC,Permanent,Suspended,CU607545,2027-08-18,ME223070,2026-10-03,2026-11-06,2025-11-07
EMP1131,Duncan,Curtis,coopermelissa@example.org,2005-12-28,(0141) 496 0195,"31 Gibbs Hill
Harrietton
L9S 1GH",Male,Riverside Integrated Care NHS Trust,Mixed,China,Skilled Worker,Medical,Consultant,Women & Children,CONS,107945,2017-10-24,2017-11-28,18.75,0.5,GMC,Fixed Term,Active,VR556162,2031-05-11,QR940783,2027-05-29,2027-07-09,2017-11-14
EMP1132,Victor,Williams,kenneth12@example.com,1976-08-03,(0131) 4960072,"431 Frederick Parks
New William
CB64 2TA",Female,Eastmoor Teaching Hospitals NHS Trust,Asian,China,British Citizen,AHP,Physiotherapist,Corporate Services,6,44998,2020-12-15,2021-01-19,15.0,0.4,HCPC,Bank,On Leave,FO845451,2028-12-11,CH570474,2027-07-13,2027-02-20,2021-01-05
EMP1133,Paul,Chapman,morgancolin@example.org,1975-11-20,+44121 496 0843,"69 Stone View
East Stewart
LU76 8SE",Male,Greenhaven Acute & Specialist Care NHS Trust,Mixed,Thailand,British Citizen,Admin,Medical Secretary,Surgery & Cancer,4,37829,2023-05-18,2023-06-29,15.0,0.4,None,Fixed Term,Suspended,PS947733,2028-08-19,LB497606,2027-01-14,2027-08-02,2023-06-08
EMP1134,Daniel,Allen,baxtercarol@example.com,1967-09-27,+44117 496 0504,"575 Stephanie Square
Port Richard
SY94 2FF",Female,Southgate Community & Mental Health NHS Trust,White,United Kingdom,Skilled Worker,Medical,FY1/FY2,Corporate Services,FY1,41196,2021-04-15,2021-05-27,37.5,1.0,None,Bank,Suspended,AY931379,2028-04-01,KS814363,2029-12-08,2027-05-12,2021-05-06
EMP1135,Catherine,French,yjones@example.org,1989-07-24,(0113)4960233,"Studio 98h
Freeman Vista
South Ronald
B3 7ES",Female,Midlands Central Hospitals NHS Trust,Black,South Africa,Dependent,Nursing,Staff Nurse,Surgery & Cancer,5,38744,2026-03-23,2026-04-20,15.0,0.4,GMC,Bank,Suspended,WW655693,2026-10-01,XI592293,2031-05-12,2027-03-14,2026-04-13
EMP1136,Christine,Taylor,qchamberlain@example.com,1990-08-05,(0161) 4960169,"26 Stephen Trail
Declanstad
SN73 4ER",Male,Westmere Community Health NHS Trust,Black,Nigeria,Dependent,Admin,Administrator,Corporate Services,3,26217,2023-07-27,2023-09-07,18.75,0.5,NMC,Bank,Active,AR144286,2027-12-18,QJ192988,2027-05-21,2027-03-27,2023-08-17
EMP1137,Lee,Dennis,tgreen@example.org,1970-05-19,+44(0)29 2018 0978,"3 Paula Haven
Lake Alexberg
N2C 1PE",Female,Southvale Hospitals NHS Trust,Black,Barbados,Skilled Worker,Medical,Consultant,Medicine & Acute Care,CONS,139212,2022-07-28,2022-08-25,37.5,1.0,HCPC,Fixed Term,On Leave,NV941043,2029-09-19,OM557262,2028-01-09,2027-07-04,2022-08-18
EMP1138,Pamela,Hunt,clarkglen@example.com,1980-08-16,+44(0)1154960438,"543 Russell Extensions
Lake Darren
G1 8FW",Male,Horizon Integrated Health Partnership NHS Trust,Mixed,Kenya,Skilled Worker,Admin,Receptionist,Clinical Support Services,3,30830,2021-05-01,2021-06-12,15.0,0.4,GMC,Permanent,Suspended,JZ674294,2031-07-13,NR581346,2030-07-19,2027-01-05,2021-05-22
EMP1139,John,Miller,youngoliver@example.org,1985-08-01,0131 496 0101,"Flat 0
Cole Views
Evansberg
FY2 8GH",Male,Midlands Central Hospitals NHS Trust,Asian,Japan,ILR,AHP,Pharmacist,Surgery & Cancer,5,38855,2020-07-08,2020-08-19,30.0,0.8,HCPC,Permanent,On Leave,FJ020436,2028-01-22,PD426308,2030-03-08,2027-01-16,2020-07-29
EMP1140,Francesca,Webster,colin30@example.net,1974-04-21,(0121) 496 0768,"Studio 5
Max Villages
North Nathanbury
G30 4ZQ",Female,Westmere Community Health NHS Trust,White,United States,British Citizen,AHP,Speech Therapist,Clinical Support Services,6,50238,2026-06-05,2026-07-17,20.0,0.53,None,Permanent,On Leave,HY786496,2029-02-07,QU870865,2030-02-11,2027-05-03,2026-06-26
EMP1141,Donald,Cox,jacobgodfrey@example.com,1971-06-11,+44(0)151 4960755,"366 Smith Forest
Blakemouth
N5 3DZ",Male,Northwood Mental Health NHS Trust,White,New Zealand,British Citizen,AHP,Pharmacist,Corporate Services,5,44183,2019-03-20,2019-05-01,37.5,1.0,NMC,Fixed Term,Inactive,SQ958016,2027-09-18,JL785556,2028-03-26,2027-07-14,2019-04-10
EMP1142,Alice,Evans,owen84@example.com,1971-01-23,(020) 7496 0403,"165 Sarah Roads
Leonburgh
E6 4WW",Female,Hillcrest Medical Centres NHS Trust,Asian,India,Dependent,Medical,GP,Emergency & Urgent Care,GP,93062,2025-12-23,2026-01-27,18.75,0.5,NMC,Fixed Term,Suspended,IE593515,2031-03-19,UH361192,2027-06-30,2027-04-05,2026-01-13
EMP1143,William,Roberts,joe14@example.com,1967-07-23,+44(0)191 496 0318,"Flat 72
Roberts Pine
North Susanview
L0W 4HE",Female,Northshire University Hospitals NHS Trust,Asian,Japan,British Citizen,AHP,Pharmacist,Women & Children,5,37464,2017-12-01,2017-12-29,37.5,1.0,GMC,Permanent,On Leave,IB575815,2028-11-26,MR708503,2031-02-20,2027-05-23,2017-12-22
EMP1144,Rosie,Lewis,sharonwilkinson@example.net,1970-09-15,+44131 4960637,"65 Mason Islands
Harrisberg
NR0 4JT",Male,Valleyview Mental Wellness NHS Trust,Asian,India,Skilled Worker,Nursing,Staff Nurse,Medicine & Acute Care,5,37404,2024-11-11,2024-12-09,30.0,0.8,GMC,Bank,Active,GC198381,2027-04-24,BT273524,2031-01-28,2027-04-02,2024-12-02
EMP1145,Jemma,Clark,iboyle@example.org,1981-12-28,+441164960420,"60 Lisa Motorway
Colefort
IM8W 5LD",Female,Riverbank General Hospitals NHS Trust,Mixed,Canada,Skilled Worker,Admin,Medical Secretary,Corporate Services,4,31119,2026-06-08,2026-07-13,15.0,0.4,None,Bank,On Leave,ES781926,2029-01-21,VA332653,2029-04-22,2027-01-22,2026-06-29
EMP1146,Colin,Dodd,bhardy@example.org,1990-04-26,+44(0)292018082,"7 Harris Street
Lawrencemouth
KW2 6QE",Female,Northwood Mental Health NHS Trust,Mixed,South Africa,ILR,Nursing,Charge Nurse,Women & Children,7,55174,2024-10-11,2024-11-15,18.75,0.5,None,Fixed Term,Active,AM539876,2027-11-18,FA988650,2031-04-11,2027-02-08,2024-11-01
EMP1147,Carl,Thomas,lbriggs@example.com,2001-02-17,+44151 496 0892,"Studio 0
Atkinson Center
Masonburgh
DL7R 6LX",Female,Broadfield Clinical Services NHS Trust,Black,Ghana,British Citizen,Nursing,Ward Manager,Medicine & Acute Care,8A,60694,2017-09-17,2017-10-29,30.0,0.8,NMC,Bank,Suspended,CT754194,2027-03-27,DN782388,2026-12-27,2027-02-17,2017-10-08
EMP1148,Valerie,Gould,dthomas@example.com,1985-08-10,+44(0)306 9990019,"62 Robinson Oval
Richardsonside
L9 7FU",Female,Valleyview Mental Wellness NHS Trust,Mixed,New Zealand,British Citizen,Nursing,Nursery Nurse,Medicine & Acute Care,2,27810,2017-01-08,2017-02-12,20.0,0.53,NMC,Bank,Inactive,XX492722,2029-11-05,ZD342889,2028-11-21,2027-07-17,2017-01-29
EMP1149,Marc,Robinson,asmith@example.com,1964-08-16,+44(0)808 1570996,"274 Miles Freeway
Hughesborough
EC7 0EF",Female,Meadowbrook Community Health NHS Trust,Mixed,Thailand,ILR,Nursing,Charge Nurse,Clinical Support Services,7,58244,2026-04-15,2026-05-27,30.0,0.8,GMC,Bank,On Leave,IA969428,2027-12-17,DY155044,2026-12-01,2027-03-03,2026-05-06
EMP1150,Raymond,Smith,nicholsonlisa@example.org,1984-05-13,+44113 496 0379,"1 Hartley Coves
Deanton
S69 1AE",Female,Bluewater Community & Rehabilitation NHS Trust,Mixed,Jamaica,ILR,Admin,Medical Secretary,Surgery & Cancer,4,36725,2022-04-20,2022-05-25,15.0,0.4,NMC,Permanent,On Leave,SQ445311,2026-10-26,RD978216,2030-01-24,2026-11-16,2022-05-11
EMP1151,Andrew,Joyce,susan43@example.com,2003-11-20,+44(0)292018403,"4 Chan Junctions
Bennettbury
CV1R 8PB",Male,Eastfield Psychological Services NHS Trust,Black,Ghana,Skilled Worker,Medical,GP,Medicine & Acute Care,GP,115087,2021-12-01,2022-01-05,18.75,0.5,NMC,Permanent,On Leave,PY497862,2028-11-25,JX645816,2029-04-21,2027-07-19,2021-12-22
EMP1152,Rhys,Whittaker,jamesdenis@example.org,1996-07-23,(0161) 496 0948,"Studio 08u
Henderson Plaza
Normanchester
LE46 8GE",Female,Northwood Mental Health NHS Trust,Mixed,Trinidad and Tobago,British Citizen,AHP,Speech Therapist,Surgery & Cancer,6,52677,2017-07-26,2017-08-30,20.0,0.53,GMC,Permanent,Active,EJ990080,2031-08-30,BJ205698,2029-06-08,2026-09-19,2017-08-16
EMP1153,Dale,Brown,craigduncan@example.net,1967-04-10,+44(0)118 4960660,"563 Leon Orchard
Dianabury
ZE5Y 1YG",Female,Valleyview Mental Wellness NHS Trust,White,New Zealand,Dependent,Nursing,Healthcare Assistant,Surgery & Cancer,2,25904,2017-06-06,2017-07-11,15.0,0.4,HCPC,Bank,On Leave,WN236438,2030-01-11,RF564630,2027-02-20,2027-03-10,2017-06-27
EMP1154,Gary,Chapman,clarkejulie@example.com,1962-03-13,0121 4960599,"Studio 22E
Annette Crescent
Terenceland
S0 1DE",Male,Riverbank General Hospitals NHS Trust,Black,Jamaica,ILR,Admin,Receptionist,Emergency & Urgent Care,3,28108,2017-10-03,2017-11-07,30.0,0.8,NMC,Bank,Suspended,KH530607,2030-11-20,UM734573,2029-11-17,2027-08-24,2017-10-24
EMP1155,Jenna,Rowley,laura29@example.net,1986-12-08,+443069990068,"674 Owens Hollow
Porterfort
WF2P 4BF",Male,Valleyview Mental Wellness NHS Trust,Asian,China,Dependent,AHP,Speech Therapist,Corporate Services,6,48011,2024-05-15,2024-06-19,30.0,0.8,NMC,Fixed Term,On Leave,PO302232,2028-01-19,LI518748,2030-12-23,2027-08-14,2024-06-05
EMP1156,Rachel,Johnson,hazelwood@example.com,1965-05-07,09098790504,"08 Baldwin Rapid
Barbarastad
G8C 2ZZ",Male,Midlands Central Hospitals NHS Trust,White,United States,ILR,Admin,Data Analyst,Emergency & Urgent Care,8A,59438,2017-09-13,2017-10-18,37.5,1.0,HCPC,Bank,On Leave,RA541294,2028-01-07,JI900753,2030-01-15,2027-01-02,2017-10-04
EMP1157,Gary,Singh,charlottekelly@example.org,2004-08-14,0141 496 0061,"Flat 38
Luke Ville
Ellischester
M77 5BQ",Male,Eastmoor Teaching Hospitals NHS Trust,Mixed,United States,British Citizen,Admin,Medical Secretary,Women & Children,4,36366,2023-10-29,2023-12-10,15.0,0.4,HCPC,Bank,Active,BM054549,2026-12-16,VF133329,2027-01-23,2027-03-29,2023-11-19
EMP1158,Marc,Wood,uharrison@example.com,1987-03-20,+44289018123,"Studio 87Q
Stanley Fields
East Gerardberg
M01 9FP",Male,Eastmoor Teaching Hospitals NHS Trust,Asian,India,ILR,AHP,Pharmacist,Women & Children,5,40529,2019-03-23,2019-05-04,18.75,0.5,NMC,Permanent,Active,FV920741,2029-02-12,OA464796,2028-04-04,2027-09-04,2019-04-13
EMP1159,Maria,Patterson,mgordon@example.net,1975-10-14,0117 4960227,"37 Eileen Path
South Bernardshire
E7 7JN",Male,Lakeside District Hospitals NHS Trust,White,Canada,Skilled Worker,AHP,Speech Therapist,Medicine & Acute Care,6,52910,2024-08-21,2024-10-02,20.0,0.53,None,Bank,Inactive,MV666547,2031-01-01,ND336016,2029-11-10,2027-05-13,2024-09-11
EMP1160,Ryan,Kelly,hartdamien@example.net,1998-06-21,0117 4960874,"5 Gavin Prairie
New Alexandra
W9 3NJ",Male,Lakeside District Hospitals NHS Trust,Mixed,Japan,ILR,AHP,Physiotherapist,Clinical Support Services,6,49450,2019-08-25,2019-10-06,20.0,0.53,HCPC,Fixed Term,On Leave,JT841365,2030-06-28,KX093268,2028-02-14,2027-03-11,2019-09-15
EMP1161,Lesley,Hopkins,ikerr@example.org,2002-08-12,0141 496 0421,"4 Gregory Fall
North Tracy
SN38 8HX",Male,Lakeside District Hospitals NHS Trust,Mixed,India,British Citizen,Nursing,Charge Nurse,Surgery & Cancer,7,54986,2021-01-27,2021-03-03,18.75,0.5,None,Fixed Term,Suspended,VR219980,2027-09-21,OC524499,2028-09-12,2026-11-21,2021-02-17
EMP1162,Jasmine,Hopkins,rachaelodonnell@example.org,1973-08-06,+441144960767,"95 Robson Crest
Lynnshire
B80 2UU",Female,Valleyview Mental Wellness NHS Trust,White,New Zealand,British Citizen,AHP,Physiologist,Surgery & Cancer,6,52364,2025-09-26,2025-10-31,30.0,0.8,GMC,Permanent,Active,UB608283,2027-04-05,FT893928,2026-11-01,2027-05-23,2025-10-17
EMP1163,Catherine,Singh,katy44@example.net,1990-05-06,01154960690,"Flat 33
Mohammed Pike
West Anthony
DY98 6RW",Female,Valleyview Mental Wellness NHS Trust,Black,Kenya,British Citizen,Admin,Administrator,Medicine & Acute Care,3,29190,2022-08-31,2022-09-28,37.5,1.0,NMC,Permanent,Inactive,WS528164,2030-01-18,AS612716,2029-12-21,2027-09-07,2022-09-21
EMP1164,Janet,Jones,paulineadams@example.com,1988-03-21,+44(0)161 496 0981,"Studio 9
Green Islands
Brownmouth
N7W 5TE",Male,Broadfield Clinical Services NHS Trust,Mixed,United States,Dependent,Admin,Administrator,Surgery & Cancer,3,30025,2026-06-03,2026-07-08,20.0,0.53,NMC,Fixed Term,Suspended,WP768702,2030-03-12,ER171125,2027-08-10,2027-06-13,2026-06-24
EMP1165,Gemma,Rose,gavincook@example.com,1981-12-02,(028)9018171,"Flat 70
Lindsey Mews
Boyleland
LU0W 7WJ",Female,Hillcrest Medical Centres NHS Trust,Black,Nigeria,Skilled Worker,Admin,Medical Secretary,Critical Care & Anaesthesia,4,30548,2026-02-28,2026-04-04,37.5,1.0,HCPC,Bank,Suspended,BG100539,2030-04-10,UB795289,2028-02-13,2026-12-24,2026-03-21
EMP1166,Lawrence,Butler,joanne65@example.org,1978-01-27,+44808 157 0093,"Studio 23
Hazel Motorway
Port Jaybury
WV6 5XF",Male,Northshire University Hospitals NHS Trust,Mixed,Canada,Dependent,Medical,FY1/FY2,Clinical Support Services,FY1,40005,2017-04-02,2017-05-07,15.0,0.4,NMC,Bank,Active,GX326418,2028-01-08,JA468649,2029-10-16,2027-08-11,2017-04-23
EMP1167,Mitchell,Thompson,amandaschofield@example.org,1984-01-28,(0116)4960812,"Studio 39V
Georgina Plaza
Yvonneton
E6 8GU",Male,Eastmoor Teaching Hospitals NHS Trust,Black,Jamaica,Skilled Worker,AHP,Radiographer,Emergency & Urgent Care,6,51451,2019-08-28,2019-10-09,15.0,0.4,GMC,Permanent,Suspended,SS675039,2027-09-19,PY172076,2028-10-20,2027-01-02,2019-09-18
EMP1168,Charlene,Carroll,john98@example.org,1968-07-31,+44191 4960216,"048 Karl Fields
South Alex
LU7V 0AH",Male,Broadfield Clinical Services NHS Trust,Black,Trinidad and Tobago,Skilled Worker,Nursing,Staff Nurse,Critical Care & Anaesthesia,5,44989,2018-10-02,2018-11-13,18.75,0.5,HCPC,Bank,On Leave,RF276788,2027-10-15,YX029998,2029-07-27,2026-09-22,2018-10-23
EMP1169,Douglas,Harper,grantjudith@example.net,2008-01-17,0121 496 0991,"586 Harriet Circle
Noblemouth
B6 3EE",Female,Horizon Integrated Health Partnership NHS Trust,White,United Kingdom,ILR,Admin,Data Analyst,Surgery & Cancer,8A,65331,2026-05-17,2026-06-21,30.0,0.8,HCPC,Permanent,Inactive,BQ404785,2027-04-17,TS946349,2027-08-06,2027-01-09,2026-06-07
EMP1170,Roy,Briggs,pamela32@example.net,1980-10-10,+4420 7496 0790,"Flat 1
Lawson Estates
North Jason
AB1 9ZP",Female,Greenhaven Acute & Specialist Care NHS Trust,Asian,Thailand,Skilled Worker,Medical,Consultant,Medicine & Acute Care,CONS,127066,2022-10-09,2022-11-06,30.0,0.8,None,Permanent,Active,QT468556,2031-05-03,CB319111,2028-12-01,2027-05-19,2022-10-30
EMP1171,Trevor,Moss,cmacdonald@example.org,1974-06-30,+44(0)808 1570288,"Studio 9
Lewis Falls
New Aaronmouth
N1E 8YQ",Female,Hillcrest Medical Centres NHS Trust,Mixed,India,Dependent,Nursing,Senior Staff Nurse,Emergency & Urgent Care,6,52082,2021-03-08,2021-04-12,20.0,0.53,GMC,Fixed Term,Suspended,FW723727,2029-10-10,LU738000,2029-08-01,2026-11-17,2021-03-29
EMP1172,Karl,Hughes,carljohnson@example.org,1991-02-12,(028)9018809,"8 Hughes Common
Port Leehaven
G6 2ZD",Female,Southgate Community & Mental Health NHS Trust,Mixed,Canada,British Citizen,Medical,Registrar,Medicine & Acute Care,SPR,74676,2020-07-03,2020-07-31,18.75,0.5,None,Bank,Suspended,SI863885,2029-05-21,GE447288,2028-10-12,2027-04-24,2020-07-24
EMP1173,Kim,Kennedy,harrisonjoseph@example.org,2006-02-04,+44141 4960845,"Studio 28M
Damian Place
Gemmaville
G8 6UW",Female,Riverside Integrated Care NHS Trust,Asian,Japan,Skilled Worker,Admin,Medical Secretary,Critical Care & Anaesthesia,4,31072,2020-04-03,2020-05-15,20.0,0.53,GMC,Fixed Term,On Leave,IB171788,2026-10-15,SZ708585,2031-07-22,2026-10-25,2020-04-24
EMP1174,Jill,Francis,george69@example.com,1994-10-28,(0161) 4960636,"Flat 59
Graham Dam
Teresastad
SL69 2UP",Female,Meadowbrook Community Health NHS Trust,White,United States,Skilled Worker,Medical,GP,Emergency & Urgent Care,GP,90152,2018-03-31,2018-05-12,30.0,0.8,NMC,Bank,Suspended,FD948753,2029-12-22,MU794773,2031-01-03,2027-09-04,2018-04-21
EMP1175,Clifford,Smith,onicholson@example.com,1995-10-05,0131 496 0486,"Flat 11d
Mitchell Squares
New Derek
B4 5PE",Male,Riverside Integrated Care NHS Trust,White,United Kingdom,British Citizen,Admin,Data Analyst,Clinical Support Services,8A,60828,2024-08-17,2024-09-28,18.75,0.5,GMC,Fixed Term,Active,BX992293,2029-04-02,DT703810,2027-03-21,2027-04-05,2024-09-07
EMP1176,Clare,Savage,glenn94@example.org,2001-11-05,(0117) 4960247,"Flat 26
Vincent Springs
Mariastad
L20 3NP",Female,Valleyview Mental Wellness NHS Trust,Mixed,United Kingdom,ILR,Admin,Administrator,Women & Children,3,29249,2024-08-10,2024-09-07,37.5,1.0,GMC,Bank,Active,XJ239661,2030-05-06,SI021189,2029-05-11,2027-04-02,2024-08-31
EMP1177,Paul,Thomas,hancockhoward@example.org,1960-10-16,+44(0)114 496 0631,"Studio 6
Maria Knoll
New Kathryn
TA14 1DT",Male,Westborough Acute Care NHS Trust,Black,Nigeria,Skilled Worker,Nursing,Healthcare Assistant,Emergency & Urgent Care,2,26202,2023-04-26,2023-06-07,15.0,0.4,HCPC,Bank,Active,OQ679453,2027-01-29,QM259604,2027-02-19,2027-07-08,2023-05-17
EMP1178,Sam,Wheeler,eileen91@example.net,1996-03-15,+44(0)1632960455,"713 Williams Walks
Charleschester
BB90 1LN",Male,Northwood Mental Health NHS Trust,Mixed,South Africa,ILR,Admin,Data Analyst,Critical Care & Anaesthesia,8A,62672,2026-05-30,2026-07-04,20.0,0.53,None,Fixed Term,Suspended,RO874550,2029-11-06,AF278957,2028-10-07,2027-06-12,2026-06-20
EMP1179,Leigh,Parsons,paige67@example.net,1988-08-12,+448081570021,"Studio 67
Charlotte Vista
Savagemouth
S5S 7BB",Female,Westborough Acute Care NHS Trust,White,Australia,British Citizen,AHP,Physiologist,Critical Care & Anaesthesia,6,49493,2025-06-06,2025-07-11,15.0,0.4,HCPC,Fixed Term,On Leave,RV079531,2030-03-14,TI179800,2027-06-08,2027-03-10,2025-06-27
EMP1180,Eric,Jackson,shaneparry@example.com,1992-04-25,+44116 496 0515,"Studio 62
Lewis Haven
Port Scott
S09 8RR",Male,Southvale Hospitals NHS Trust,Mixed,China,Skilled Worker,AHP,Speech Therapist,Corporate Services,6,50543,2020-06-23,2020-08-04,20.0,0.53,HCPC,Bank,Suspended,KB593447,2030-09-03,CO766454,2027-05-04,2026-10-16,2020-07-14
EMP1181,Arthur,Dennis,knightann@example.net,1961-01-08,0121 4960015,"1 Morgan Ports
Thompsonmouth
L3 3UR",Male,Northshire University Hospitals NHS Trust,Mixed,United Kingdom,Dependent,Medical,Consultant,Medicine & Acute Care,CONS,118631,2017-11-07,2017-12-05,37.5,1.0,GMC,Permanent,Suspended,XY212176,2031-07-29,PS483394,2028-08-28,2026-11-12,2017-11-28
EMP1182,Kelly,Thompson,bernardthompson@example.org,1962-02-14,(0131) 4960571,"9 Kieran Isle
Jamesmouth
B6 0ZP",Male,Valleyview Mental Wellness NHS Trust,Black,Kenya,Skilled Worker,Admin,Receptionist,Medicine & Acute Care,3,30940,2023-07-18,2023-08-15,37.5,1.0,HCPC,Fixed Term,On Leave,YI776873,2031-07-27,QF669113,2030-09-17,2027-04-19,2023-08-08
EMP1183,Mohammed,Rees,hjenkins@example.net,1989-01-02,+44(0)1174960622,"070 Paul Path
Lake Marilyn
HR81 6WJ",Female,Northwood Mental Health NHS Trust,White,Canada,Dependent,Medical,FY1/FY2,Emergency & Urgent Care,FY1,38728,2021-03-20,2021-04-24,37.5,1.0,HCPC,Permanent,On Leave,QH483668,2029-04-21,IU831063,2027-12-11,2027-08-07,2021-04-10
EMP1184,Vanessa,Lewis,howarthcharlene@example.com,2004-09-07,+441632 960180,"Studio 31
Rogers Forks
Coxfort
UB3 0JH",Female,Broadfield Clinical Services NHS Trust,Black,Barbados,Dependent,Admin,Medical Secretary,Women & Children,4,32743,2021-05-10,2021-06-07,18.75,0.5,HCPC,Permanent,Suspended,SC804752,2029-10-06,QG154197,2027-06-10,2027-04-20,2021-05-31
EMP1185,Jeffrey,Russell,paulacarter@example.net,1981-09-26,+44(0)117 4960741,"6 Rees Mills
Allenburgh
DD1 8JE",Male,Broadfield Clinical Services NHS Trust,White,United Kingdom,British Citizen,Admin,Receptionist,Clinical Support Services,3,27147,2022-11-13,2022-12-25,20.0,0.53,GMC,Fixed Term,On Leave,MP168227,2029-04-07,OB441924,2027-01-19,2027-02-26,2022-12-04
EMP1186,Olivia,Clarke,lynn96@example.com,1994-10-07,0141 496 0592,"Studio 94x
Adrian Crest
South Keith
B94 8GS",Female,Broadfield Clinical Services NHS Trust,Black,Nigeria,ILR,AHP,Physiotherapist,Surgery & Cancer,6,49926,2018-08-11,2018-09-22,18.75,0.5,NMC,Fixed Term,Active,LT850553,2030-04-17,LM705175,2027-10-10,2026-09-30,2018-09-01
EMP1187,Roy,Williams,brownnigel@example.net,2007-11-11,+44115 496 0546,"Flat 22
Taylor Pike
Warrenborough
PL68 8RU",Female,Riverbank General Hospitals NHS Trust,White,United States,ILR,AHP,Radiographer,Clinical Support Services,6,44453,2024-06-09,2024-07-07,18.75,0.5,None,Permanent,Inactive,RQ496291,2029-02-26,DK592167,2029-07-28,2027-07-04,2024-06-30
EMP1188,Catherine,Morrison,debra56@example.com,1984-05-26,+44121 4960079,"Flat 7
Tracy Corner
Sylviastad
W03 7YE",Female,Valleyview Mental Wellness NHS Trust,White,Australia,ILR,Admin,Receptionist,Corporate Services,3,27289,2017-06-30,2017-07-28,37.5,1.0,NMC,Fixed Term,Active,LX900462,2029-07-15,DV810305,2028-12-30,2026-09-15,2017-07-21
EMP1189,Sandra,Rogers,wadevalerie@example.com,2002-01-24,+44(0)1614960013,"Studio 94
Clark Ports
Wilsonfort
SP7E 2EU",Female,Northwood Mental Health NHS Trust,Black,Ghana,ILR,Admin,Receptionist,Surgery & Cancer,3,27071,2017-10-22,2017-12-03,15.0,0.4,None,Fixed Term,Inactive,XX932782,2028-06-11,WJ259723,2031-06-02,2027-05-23,2017-11-12
EMP1190,Cameron,Wong,glen53@example.net,1971-11-28,0131 4960810,"Studio 42j
Parkinson Mountain
Ellismouth
SO6 7DS",Male,Northshire University Hospitals NHS Trust,Black,Jamaica,British Citizen,Nursing,Nursery Nurse,Emergency & Urgent Care,2,26049,2022-12-03,2023-01-07,20.0,0.53,GMC,Bank,Inactive,JB170304,2028-05-10,QI496281,2029-05-08,2027-05-30,2022-12-24
EMP1191,Colin,Pugh,jameswilliams@example.net,1973-07-15,01614960547,"9 Bennett Mall
Woodhaven
M89 6BR",Male,Eastfield Psychological Services NHS Trust,Black,Kenya,ILR,Admin,Data Analyst,Clinical Support Services,8A,60234,2020-11-08,2020-12-20,30.0,0.8,NMC,Permanent,Suspended,ZL249712,2029-10-03,WK762656,2030-11-09,2027-04-07,2020-11-29
EMP1192,Jessica,Davies,fordkatie@example.org,2001-08-22,+44(0)909 8790552,"1 Jacob Ports
Ahmedfort
DH56 1JN",Male,Hillcrest Medical Centres NHS Trust,Mixed,Australia,British Citizen,AHP,Physiologist,Clinical Support Services,6,44417,2017-04-05,2017-05-17,20.0,0.53,NMC,Permanent,Inactive,UF867609,2031-07-06,BW667466,2027-11-18,2027-01-15,2017-04-26
EMP1193,Louis,Dodd,juliandavey@example.com,1967-10-09,+44191 4960565,"Flat 94i
Gardner Rue
Brownhaven
M49 4HH",Female,Broadfield Clinical Services NHS Trust,Asian,Japan,Skilled Worker,Nursing,Senior Staff Nurse,Surgery & Cancer,6,45242,2018-08-16,2018-09-13,15.0,0.4,HCPC,Permanent,Inactive,UT881299,2027-08-10,VA464701,2027-10-03,2027-08-17,2018-09-06
EMP1194,Albert,Reed,ohyde@example.org,1981-08-05,0118 4960654,"1 Alex Loop
Jodieshire
G76 3SA",Male,Riverbank General Hospitals NHS Trust,Asian,India,Dependent,AHP,Physiologist,Critical Care & Anaesthesia,6,48894,2023-01-08,2023-02-19,20.0,0.53,GMC,Bank,Suspended,RA797742,2029-04-29,EU550886,2030-05-05,2027-02-11,2023-01-29
EMP1195,Malcolm,Cunningham,parkeranne@example.org,1978-04-29,0131 4960611,"Studio 90
Jeffrey Vista
O'Connorland
S24 1QW",Male,Riverbank General Hospitals NHS Trust,Mixed,Kenya,Skilled Worker,Admin,Administrator,Medicine & Acute Care,3,26507,2019-03-28,2019-04-25,18.75,0.5,None,Permanent,On Leave,ME691225,2030-05-08,BT726680,2030-09-21,2026-12-06,2019-04-18
EMP1196,David,Evans,potterangela@example.com,1981-07-01,+44(0)20 74960353,"033 Tina Stream
Robertsview
KW70 2WW",Male,Meadowbrook Community Health NHS Trust,Asian,Japan,Skilled Worker,Nursing,Ward Manager,Corporate Services,8A,66746,2023-10-22,2023-11-26,37.5,1.0,NMC,Fixed Term,On Leave,RQ383268,2029-08-23,WD607246,2029-10-30,2026-10-18,2023-11-12
EMP1197,Zoe,Pritchard,mosborne@example.org,1971-03-28,0121 496 0025,"Flat 67
Jackson Mount
New Arthur
S9U 2XA",Female,Northwood Mental Health NHS Trust,Mixed,United States,Skilled Worker,Admin,Medical Secretary,Emergency & Urgent Care,4,31864,2021-08-20,2021-09-24,37.5,1.0,HCPC,Permanent,Active,IQ338818,2028-10-22,UD745586,2027-04-22,2027-06-07,2021-09-10
EMP1198,Callum,Rhodes,phillipdean@example.org,2002-09-12,+44(0)29 2018 0317,"Flat 91
Valerie Mountain
East Cherylville
S4 1TS",Female,Riverside Integrated Care NHS Trust,Mixed,Jamaica,Skilled Worker,Medical,GP,Corporate Services,GP,106066,2024-12-13,2025-01-10,20.0,0.53,NMC,Permanent,Active,WR191083,2027-11-05,OE395250,2031-01-06,2027-01-05,2025-01-03
EMP1199,Clifford,Dunn,joseph81@example.com,1970-12-07,(0306)9990843,"Studio 71W
Nicola Ports
Riceton
S78 6NX",Male,Eastmoor Teaching Hospitals NHS Trust,Mixed,Ghana,Skilled Worker,Nursing,Staff Nurse,Surgery & Cancer,5,40951,2025-01-27,2025-03-03,37.5,1.0,GMC,Fixed Term,Active,DM347940,2029-10-27,QJ356167,2028-07-21,2027-08-03,2025-02-17
EMP1200,Jasmine,Russell,armstrongstuart@example.com,1994-02-26,(0121)4960881,"Studio 83X
Andrew Forge
Karenport
N22 1PT",Female,Southgate Community & Mental Health NHS Trust,Black,Nigeria,British Citizen,Nursing,Healthcare Assistant,Medicine & Acute Care,2,24472,2025-11-20,2026-01-01,37.5,1.0,HCPC,Bank,Suspended,KM325020,2027-01-26,PO337252,2026-12-15,2027-08-09,2025-12-11
