emp_id,first_name,last_name,email,dob,telephone,address,gender,trust,ethnicity,nationality,visa_status,staff_group,role,division,grade,hourly_rate,hire_date,contract_start,weekly_hours,fte,registration_type,contract_type,employment_status,registration_no,registration_expiry_date,ni,dbs_expiry_date,mandatory_training_expiry_date,profile_creation_date
EMP0001-20260916_215023,Kenneth,Evans,ashley46@example.net,1969-06-26,+44151 4960274,"Studio 79
Scott Plain
Jonesstad
GU9V 5YP",Male,Northshire University Hospitals NHS Trust,Black,Jamaica,ILR,Admin,Data Analyst,Clinical Support Services,8A,29.26,2019-12-04,2020-01-01,30.0,0.8,GMC,Fixed Term,On Leave,IB713252,2029-05-28,VQ241813,2030-01-20,2026-11-11,2019-12-25
EMP0002-20260916_215023,Barry,Norton,joel80@example.com,1989-01-24,+443069990106,"51 Davies Locks
North Josh
S6 6PU",Male,Westmere Community Health NHS Trust,Black,Ghana,Dependent,Medical,GP,Women & Children,GP,46.96,2019-03-06,2019-04-10,30.0,0.8,GMC,Bank,Active,QI771538,2030-05-03,MP110331,2029-07-24,2026-11-11,2019-03-27
EMP0003-20260916_215023,Stanley,Lewis,pmanning@example.com,1985-07-22,(0141) 4960373,"Flat 86
Robinson Mission
Barkerland
NR8V 4JY",Female,Riverside Integrated Care NHS Trust,Mixed,Nigeria,Skilled Worker,AHP,Physiotherapist,Clinical Support Services,6,26.88,2018-01-02,2018-02-13,30.0,0.8,GMC,Bank,Inactive,KQ998054,2030-09-02,QN401514,2027-01-13,2027-04-04,2018-01-23
EMP0004-20260916_215023,Martyn,Williams,hollywilson@example.com,1995-08-10,+44(0)116 4960575,"529 Charlie Mills
Port Ambermouth
SG87 0HG",Male,Westmere Community Health NHS Trust,White,United States,Dependent,Nursing,Staff Nurse,Medicine & Acute Care,5,21.37,2025-12-07,2026-01-04,20.0,0.53,HCPC,Permanent,On Leave,SU494347,2029-02-18,NF522886,2028-11-19,2027-06-22,2025-12-28
EMP0005-20260916_215023,Neil,Davies,edwardspaula@example.org,1995-09-02,(0191)4960607,"Studio 94U
Martin Crossing
Port Glen
BB44 6TR",Female,Oakridge Community Services NHS Trust,Mixed,Nigeria,British Citizen,Admin,Administrator,Corporate Services,3,13.78,2025-01-25,2025-02-22,20.0,0.53,GMC,Permanent,Active,AN110956,2027-02-10,OT680235,2030-09-21,2027-05-17,2025-02-15
EMP0006-20260916_215023,Beth,Hodgson,fosterjudith@example.org,1962-08-18,+44(0)20 7496 0586,"Studio 4
Day Island
Gibbsstad
SS6P 8YB",Male,Riverside Integrated Care NHS Trust,White,New Zealand,Skilled Worker,AHP,Physiotherapist,Emergency & Urgent Care,6,26.44,2017-01-21,2017-02-25,20.0,0.53,None,Fixed Term,Suspended,ZN576506,2031-02-11,IZ658674,2029-10-19,2027-02-19,2017-02-11
EMP0007-20260916_215023,Joel,Griffiths,keith80@example.org,1986-10-29,+44(0)1134960254,"9 Dunn Mall
Patelside
OL6X 1LH",Male,Broadfield Clinical Services NHS Trust,Black,Trinidad and Tobago,Skilled Worker,AHP,Physiotherapist,Emergency & Urgent Care,6,23.88,2024-08-08,2024-09-12,30.0,0.8,GMC,Bank,Active,GM064139,2027-10-10,JY266032,2031-08-08,2026-11-28,2024-08-29
EMP0008-20260916_215023,Hilary,Harris,daviesjosephine@example.com,1965-03-18,+44(0)3069990186,"Studio 0
Wells Hollow
Port Elliottberg
N9 9XT",Female,Meadowbrook Community Health NHS Trust,White,Canada,Skilled Worker,AHP,Physiologist,Emergency & Urgent Care,6,24.6,2026-07-10,2026-08-14,15.0,0.4,NMC,Bank,Active,GW172661,2030-12-15,AL082334,2031-03-16,2027-04-25,2026-07-31
EMP0009-20260916_215023,Terence,Hancock,khanamy@example.com,2000-05-18,(0151) 4960987,"Flat 26
Lynne Lake
Joneschester
N86 8WL",Male,Northwood Mental Health NHS Trust,Mixed,Nigeria,British Citizen,Nursing,Nursery Nurse,Corporate Services,2,12.78,2019-06-09,2019-07-07,20.0,0.53,GMC,Permanent,On Leave,PC457385,2027-09-24,LQ676620,2031-09-07,2027-08-05,2019-06-30
EMP0010-20260916_215023,Rosie,Harper,annetterichardson@example.net,1970-04-13,+441314960368,"254 Burns Turnpike
Bellton
WA9P 9PZ",Female,Broadfield Clinical Services NHS Trust,Asian,India,British Citizen,Nursing,Staff Nurse,Emergency & Urgent Care,5,19.28,2017-04-04,2017-05-02,30.0,0.8,NMC,Bank,Inactive,MU728664,2027-12-27,XG561511,2027-09-14,2027-02-03,2017-04-25
EMP0011-20260916_215023,Rosemary,Butcher,lynnwilliams@example.net,1961-09-14,01314960877,"Studio 20
Dunn Turnpike
North Sianmouth
E59 9EF",Female,Riverside Integrated Care NHS Trust,Asian,Japan,British Citizen,Admin,Medical Secretary,Medicine & Acute Care,4,18.29,2022-02-21,2022-04-04,20.0,0.53,NMC,Permanent,Active,SE251261,2031-09-13,AY465773,2030-10-16,2027-07-06,2022-03-14
EMP0012-20260916_215023,Jane,Edwards,vholloway@example.com,1990-10-06,(029) 2018 0471,"021 Abigail Ports
Hillbury
HG9 3ZZ",Male,Westborough Acute Care NHS Trust,White,Australia,Dependent,Admin,Medical Secretary,Corporate Services,4,18.25,2020-08-12,2020-09-16,37.5,1.0,None,Permanent,Suspended,KP489273,2028-01-26,OI182917,2026-11-11,2026-12-09,2020-09-02
EMP0013-20260916_215023,Leon,Collins,lynneyoung@example.org,1968-09-01,+44(0)808 1570982,"80 Fisher Trail
Jonesfort
HX4 0LD",Male,Riverside Integrated Care NHS Trust,Mixed,United States,ILR,Nursing,Senior Staff Nurse,Surgery & Cancer,6,25.94,2016-09-20,2016-11-01,15.0,0.4,GMC,Bank,On Leave,ZG247236,2029-05-06,XS539184,2030-02-09,2026-11-25,2016-10-11
EMP0014-20260916_215023,Douglas,Pearce,hayleyroberts@example.com,1980-11-18,0306 999 0894,"2 Andrew Brooks
Wheelerfort
W2 6QS",Female,Eastmoor Teaching Hospitals NHS Trust,Mixed,Japan,Dependent,Medical,GP,Critical Care & Anaesthesia,GP,52.61,2022-12-12,2023-01-23,30.0,0.8,NMC,Fixed Term,Inactive,JT432143,2030-12-07,YO558642,2026-12-14,2027-03-16,2023-01-02
EMP0015-20260916_215023,Frank,Richards,cpope@example.org,2007-03-04,+44289018793,"134 White Springs
Harperton
M6W 4NF",Female,Southvale Hospitals NHS Trust,Mixed,United Kingdom,British Citizen,Admin,Administrator,Critical Care & Anaesthesia,3,14.32,2026-09-01,2026-09-29,20.0,0.53,HCPC,Fixed Term,On Leave,JO266282,2030-09-20,NJ550287,2031-07-06,2026-12-21,2026-09-22
EMP0016-20260916_215023,Jill,Craig,richard38@example.org,1964-09-25,+44(0)115 496 0691,"Studio 13
Roberts Summit
North Frank
G5S 3QL",Male,Meadowbrook Community Health NHS Trust,White,New Zealand,Dependent,Medical,SHO,Women & Children,SHO,27.5,2024-07-05,2024-08-09,18.75,0.5,HCPC,Permanent,On Leave,QA372972,2030-01-16,PV360700,2028-11-19,2027-07-03,2024-07-26
EMP0017-20260916_215023,Rhys,Parry,harryflynn@example.net,1991-09-02,+44(0)1414960982,"439 Hall Unions
West Pauline
CO92 6TR",Female,Valleyview Mental Wellness NHS Trust,Black,Jamaica,ILR,Admin,Medical Secretary,Clinical Support Services,4,16.76,2025-04-27,2025-06-01,20.0,0.53,None,Bank,On Leave,OD957447,2030-11-30,IQ533012,2031-04-05,2027-07-20,2025-05-18
EMP0018-20260916_215023,Marc,Harris,jarvislynne@example.net,2000-07-06,+44(0)1414960474,"Studio 3
Harris Manor
Rachaelville
N1S 6UA",Male,Hillcrest Medical Centres NHS Trust,Mixed,Thailand,Skilled Worker,Admin,Medical Secretary,Corporate Services,4,17.61,2020-11-20,2020-12-25,15.0,0.4,NMC,Permanent,Inactive,XJ699442,2031-02-19,CB495932,2027-08-27,2027-01-18,2020-12-11
EMP0019-20260916_215023,Liam,Carter,tknight@example.net,2001-07-14,+441414960569,"94 Allen Springs
Gracechester
S0C 0YJ",Male,Westmere Community Health NHS Trust,Asian,Japan,Dependent,Nursing,Charge Nurse,Corporate Services,7,27.85,2024-03-23,2024-05-04,15.0,0.4,NMC,Permanent,Suspended,FT282665,2028-11-27,GT708350,2027-05-10,2027-02-20,2024-04-13
EMP0020-20260916_215023,Jacob,Charlton,dohertyalbert@example.org,2003-05-15,+4428 9018437,"7 Andrew Way
Carolineville
CB9X 0LN",Female,Northshire University Hospitals NHS Trust,Asian,Thailand,ILR,Nursing,Healthcare Assistant,Surgery & Cancer,2,12.61,2019-02-12,2019-03-12,20.0,0.53,NMC,Fixed Term,Active,BH442330,2026-12-25,ZO062816,2029-07-22,2027-02-06,2019-03-05
EMP0021-20260916_215023,Callum,Singh,patriciaconnor@example.com,2005-06-19,(028) 9018 0804,"Flat 9
Ingram Pass
Nathanside
SK2A 7PG",Male,Southgate Community & Mental Health NHS Trust,White,New Zealand,British Citizen,Admin,Receptionist,Women & Children,3,13.69,2024-10-20,2024-11-17,30.0,0.8,None,Fixed Term,Inactive,NK125052,2028-02-15,XW176734,2030-10-28,2027-05-02,2024-11-10
EMP0022-20260916_215023,Angela,Marsh,robertsonsophie@example.org,1967-09-18,(0131) 496 0854,"Studio 8
Rosemary Turnpike
West Chloe
S6H 2NA",Female,Eastfield Psychological Services NHS Trust,White,Canada,ILR,Medical,FY1/FY2,Surgery & Cancer,FY1,19.56,2019-07-11,2019-08-22,37.5,1.0,None,Fixed Term,Suspended,QF578193,2029-07-08,MO948426,2030-06-30,2027-03-27,2019-08-01
EMP0023-20260916_215023,Joel,Williams,philipgould@example.org,1970-06-09,+44(0)131 496 0835,"294 Denise Shoals
Jenniferville
CR29 9RA",Male,Midlands Central Hospitals NHS Trust,Mixed,South Africa,British Citizen,Nursing,Staff Nurse,Corporate Services,5,23.08,2023-11-05,2023-12-03,20.0,0.53,GMC,Permanent,Suspended,FM185720,2031-09-04,RJ213628,2031-05-29,2027-01-04,2023-11-26
EMP0024-20260916_215023,Jade,Gill,christine13@example.com,1988-04-06,(0161) 4960034,"863 Gordon Center
Lake Georgia
DL2Y 4AS",Female,Northshire University Hospitals NHS Trust,Mixed,New Zealand,British Citizen,Admin,Medical Secretary,Emergency & Urgent Care,4,19.41,2025-06-30,2025-08-11,30.0,0.8,NMC,Bank,Inactive,BR612845,2027-01-27,NO474328,2030-12-20,2026-10-09,2025-07-21
EMP0025-20260916_215023,Natalie,Horton,garry74@example.com,1971-10-26,+4429 2018862,"843 Carly Drive
New Johnview
S57 0SW",Female,Westborough Acute Care NHS Trust,White,Canada,Skilled Worker,AHP,Speech Therapist,Medicine & Acute Care,6,25.84,2020-08-22,2020-10-03,30.0,0.8,GMC,Bank,Active,SF532379,2029-12-16,IQ465128,2029-07-24,2027-04-26,2020-09-12
EMP0026-20260916_215023,Jacob,Jones,clarewood@example.org,1997-08-11,+44(0)1414960968,"80 Bradley Parks
Sykesfort
WN0N 0WY",Female,Broadfield Clinical Services NHS Trust,Black,Kenya,ILR,AHP,Physiotherapist,Women & Children,6,25.87,2024-11-23,2024-12-28,18.75,0.5,HCPC,Fixed Term,Active,ZJ721267,2030-08-25,DU077631,2027-06-03,2026-12-18,2024-12-14
EMP0027-20260916_215023,Stephanie,Lloyd,lowelindsey@example.com,1975-11-27,+441632 960 034,"Flat 53
Terry Stravenue
Millerland
NP9E 9GT",Female,Valleyview Mental Wellness NHS Trust,Mixed,Australia,ILR,Medical,GP,Surgery & Cancer,GP,49.73,2022-10-17,2022-11-21,18.75,0.5,NMC,Bank,Suspended,WX106069,2031-05-10,KZ513120,2026-12-24,2027-09-09,2022-11-07
EMP0028-20260916_215023,Alex,King,stanley65@example.net,1971-06-03,02074960404,"Flat 87
Nicholas Crossroad
New Hannah
G8F 2EU",Male,Midlands Central Hospitals NHS Trust,Mixed,United States,Skilled Worker,Medical,Consultant,Clinical Support Services,CONS,60.93,2024-03-15,2024-04-19,15.0,0.4,GMC,Fixed Term,On Leave,IW813306,2029-10-15,LM937465,2030-09-04,2027-08-04,2024-04-05
EMP0029-20260916_215023,Leon,Fox,wayne03@example.net,1990-11-06,+44(0)808 1570380,"Flat 69F
Alice Meadow
South Dawn
DG0 7RS",Male,Greenhaven Acute & Specialist Care NHS Trust,Mixed,India,British Citizen,Admin,Medical Secretary,Women & Children,4,17.96,2025-01-05,2025-02-16,15.0,0.4,GMC,Bank,Active,DM596953,2028-02-15,QA070214,2027-02-16,2026-12-28,2025-01-26
EMP0030-20260916_215023,Joshua,Bartlett,janeedwards@example.net,1962-08-30,0121 496 0464,"20 Jones Grove
East Dorothyburgh
RG53 6DQ",Male,Northwood Mental Health NHS Trust,Asian,Thailand,ILR,Medical,GP,Clinical Support Services,GP,52.43,2024-02-21,2024-04-03,37.5,1.0,NMC,Permanent,Suspended,LS861139,2029-11-10,SQ161535,2028-06-07,2026-11-04,2024-03-13
EMP0031-20260916_215023,Owen,Pearce,ashleymartin@example.org,1976-11-03,0118 496 0781,"392 Jacqueline Cove
New Leahstad
W73 8QH",Female,Oakridge Community Services NHS Trust,Black,Kenya,ILR,Admin,Receptionist,Critical Care & Anaesthesia,3,16.24,2022-03-02,2022-03-30,18.75,0.5,NMC,Permanent,On Leave,WK459481,2029-04-13,XE324631,2030-12-15,2026-12-31,2022-03-23
EMP0032-20260916_215023,Mark,Baker,julian66@example.org,1992-07-26,028 9018 0722,"Flat 3
Smith Throughway
Lake Lydiaville
DE3 9XF",Male,Meadowbrook Community Health NHS Trust,White,United Kingdom,ILR,Nursing,Senior Staff Nurse,Clinical Support Services,6,25.78,2022-06-21,2022-07-26,30.0,0.8,HCPC,Permanent,Inactive,RW897718,2028-10-07,SX627191,2027-06-10,2026-09-29,2022-07-12
EMP0033-20260916_215023,Glenn,Mistry,marian79@example.org,1981-09-14,+44191 496 0440,"Studio 8
Roger Rapid
Martynport
RH8 2BP",Male,Oakridge Community Services NHS Trust,Asian,Thailand,Skilled Worker,AHP,Speech Therapist,Corporate Services,6,25.2,2017-08-28,2017-10-02,30.0,0.8,GMC,Bank,Inactive,QH139732,2027-02-27,YY319223,2029-09-08,2027-08-25,2017-09-18
EMP0034-20260916_215023,Shannon,Simpson,mosswendy@example.net,1966-03-23,01614960558,"32 Hope Ridge
Mariechester
L43 0FW",Female,Westborough Acute Care NHS Trust,Asian,Thailand,Dependent,AHP,Radiographer,Clinical Support Services,6,27.72,2023-01-04,2023-02-01,18.75,0.5,None,Permanent,On Leave,IR647034,2027-10-10,QJ753241,2028-11-13,2027-06-22,2023-01-25
EMP0035-20260916_215023,Pamela,Murray,cameron75@example.org,1967-02-14,+44115 496 0718,"Flat 0
Lucy Curve
Catherineberg
PH5P 5XE",Female,Northwood Mental Health NHS Trust,Black,Ghana,British Citizen,Admin,Receptionist,Emergency & Urgent Care,3,15.34,2022-06-25,2022-07-30,30.0,0.8,None,Fixed Term,Active,UG602130,2027-12-25,JV808852,2027-03-13,2027-05-05,2022-07-16
EMP0036-20260916_215023,Kenneth,Carroll,angela65@example.net,1987-09-14,+4428 9018596,"Flat 43
Carter Divide
Oliviamouth
N6 3RX",Male,Westborough Acute Care NHS Trust,Mixed,Kenya,British Citizen,Admin,Receptionist,Emergency & Urgent Care,3,14.99,2019-08-08,2019-09-12,18.75,0.5,GMC,Fixed Term,Suspended,OG592379,2030-07-25,IG295126,2028-02-26,2026-11-26,2019-08-29
EMP0037-20260916_215023,Kathleen,Ward,normanjackson@example.net,1988-08-19,0117 496 0618,"Flat 10m
Amber Divide
Millsberg
G8A 0EW",Male,Greenhaven Acute & Specialist Care NHS Trust,Black,Jamaica,ILR,Admin,Data Analyst,Corporate Services,8A,34.72,2017-06-02,2017-07-14,37.5,1.0,HCPC,Permanent,Active,SS817045,2030-06-12,EM541545,2031-02-22,2027-02-15,2017-06-23
EMP0038-20260916_215023,Natalie,Lee,jasmine53@example.com,1973-01-21,+44(0)909 8790291,"Studio 2
Wood Port
Hughesberg
G44 8EX",Male,Horizon Integrated Health Partnership NHS Trust,White,Australia,Skilled Worker,Nursing,Nursery Nurse,Critical Care & Anaesthesia,2,14.2,2025-09-19,2025-10-17,30.0,0.8,None,Fixed Term,Inactive,KF045544,2030-05-04,QG347253,2029-10-03,2026-11-28,2025-10-10
EMP0039-20260916_215023,Melanie,Martin,mhall@example.net,2003-08-12,(0131) 496 0698,"280 Jason Expressway
South Stanleychester
E9H 4WX",Female,Northshire University Hospitals NHS Trust,Mixed,Japan,Skilled Worker,Medical,Consultant,Clinical Support Services,CONS,64.31,2019-11-10,2019-12-15,20.0,0.53,GMC,Fixed Term,Inactive,RF964493,2029-10-11,HM595794,2030-06-13,2027-07-10,2019-12-01
EMP0040-20260916_215023,Liam,Begum,amandajenkins@example.org,1990-06-02,+44(0)131 4960302,"Flat 7
Wayne Falls
Kirbychester
CO8 2LT",Female,Northshire University Hospitals NHS Trust,Mixed,Canada,Dependent,Admin,Receptionist,Emergency & Urgent Care,3,13.91,2023-07-17,2023-08-14,15.0,0.4,GMC,Permanent,On Leave,PY733187,2028-04-06,HW138391,2031-03-27,2027-04-14,2023-08-07
EMP0041-20260916_215023,Jemma,Abbott,cheryl96@example.net,1984-06-18,+44(0)121 4960828,"Flat 8
Daniel Green
Swiftberg
B1H 7RL",Male,Horizon Integrated Health Partnership NHS Trust,Mixed,China,British Citizen,Admin,Data Analyst,Clinical Support Services,8A,31.74,2020-12-28,2021-02-01,37.5,1.0,NMC,Permanent,On Leave,YG769418,2029-06-16,HN619489,2029-09-17,2027-06-27,2021-01-18
EMP0042-20260916_215023,Roy,Griffiths,ltaylor@example.com,1976-08-18,(0141)4960996,"48 Preston Path
Josephineside
PR4P 6BF",Female,Oakridge Community Services NHS Trust,White,New Zealand,Skilled Worker,Admin,Medical Secretary,Critical Care & Anaesthesia,4,15.43,2025-04-07,2025-05-12,18.75,0.5,GMC,Fixed Term,On Leave,LH972055,2029-10-09,WD311725,2028-12-20,2027-01-09,2025-04-28
EMP0043-20260916_215023,Colin,Chapman,woodsian@example.org,1999-12-17,+44(0)118 496 0680,"Studio 89
Trevor Highway
Bradychester
N1 7GY",Female,Meadowbrook Community Health NHS Trust,Black,Jamaica,British Citizen,Medical,GP,Critical Care & Anaesthesia,GP,49.97,2022-03-09,2022-04-06,20.0,0.53,NMC,Permanent,On Leave,NU030066,2030-11-09,TS381728,2029-05-07,2027-06-04,2022-03-30
EMP0044-20260916_215023,Margaret,Harris,aball@example.net,1976-01-07,(0118)4960603,"Flat 08a
Trevor Mills
South Charlesside
IM8 5YR",Female,Eastfield Psychological Services NHS Trust,Mixed,Jamaica,British Citizen,AHP,Physiologist,Surgery & Cancer,6,25.29,2025-09-30,2025-11-04,15.0,0.4,GMC,Fixed Term,Suspended,AX528363,2030-09-13,BR235674,2030-08-13,2027-05-25,2025-10-21
EMP0045-20260916_215023,Lee,Stewart,clarkeguy@example.net,1962-07-01,+441414960272,"859 Karen Loaf
Bradleyborough
DT00 1AG",Male,Westmere Community Health NHS Trust,Mixed,Canada,Skilled Worker,AHP,Pharmacist,Corporate Services,5,20.07,2020-02-13,2020-03-12,37.5,1.0,None,Bank,On Leave,RW350094,2029-12-11,NK037943,2030-07-13,2026-10-23,2020-03-05
EMP0046-20260916_215023,Judith,Allen,seanwilliams@example.org,1974-07-16,+44(0)808 1570148,"Flat 18X
Jacob Points
Port Marctown
L8E 7ZS",Female,Northwood Mental Health NHS Trust,Asian,Japan,British Citizen,Nursing,Charge Nurse,Corporate Services,7,27.84,2021-05-24,2021-07-05,30.0,0.8,None,Fixed Term,On Leave,BP532865,2031-08-22,EQ137495,2028-06-02,2026-11-02,2021-06-14
EMP0047-20260916_215023,Shirley,Webb,leonardpearce@example.net,1987-05-17,+44(0)1314960057,"8 Leah Neck
North Rickyport
CB2 7DS",Female,Riverbank General Hospitals NHS Trust,White,New Zealand,Skilled Worker,AHP,Physiologist,Medicine & Acute Care,6,24.83,2021-03-07,2021-04-18,15.0,0.4,GMC,Permanent,Active,DW580451,2029-12-08,MA664524,2030-08-11,2027-07-12,2021-03-28
EMP0048-20260916_215023,Cameron,Lloyd,jenna30@example.org,1991-03-25,0118 4960029,"Flat 12o
Deborah Mountain
Lake Lee
DY90 9DD",Female,Eastmoor Teaching Hospitals NHS Trust,White,New Zealand,Skilled Worker,Nursing,Ward Manager,Women & Children,8A,33.28,2024-03-04,2024-04-01,37.5,1.0,HCPC,Fixed Term,Active,TJ661201,2028-01-18,RU789050,2027-02-01,2027-01-22,2024-03-25
EMP0049-20260916_215023,Joan,Ward,stuartwood@example.net,1996-12-27,+44(0)909 8790276,"2 Patel Lock
North Stacey
N4 3WA",Female,Eastmoor Teaching Hospitals NHS Trust,White,New Zealand,Skilled Worker,AHP,Pharmacist,Women & Children,5,21.75,2025-05-24,2025-06-28,15.0,0.4,HCPC,Permanent,Inactive,GC760978,2027-07-13,TY228414,2030-07-13,2027-03-10,2025-06-14
EMP0050-20260916_215023,Elliott,Smith,ebarnes@example.org,1994-02-17,(0114) 4960505,"019 Gregory Neck
Sharonfort
W6 2NY",Male,Southgate Community & Mental Health NHS Trust,Black,Kenya,Dependent,AHP,Speech Therapist,Surgery & Cancer,6,23.88,2017-04-19,2017-05-24,37.5,1.0,GMC,Permanent,Suspended,YK564590,2031-04-10,US033861,2027-05-17,2027-07-06,2017-05-10
EMP0051-20260916_215023,Eric,Reynolds,june43@example.net,1983-06-01,0289018159,"628 Dennis Springs
Patrickton
HS7W 8TD",Female,Oakridge Community Services NHS Trust,Asian,Japan,ILR,AHP,Speech Therapist,Medicine & Acute Care,6,28.05,2021-05-03,2021-06-07,30.0,0.8,None,Permanent,Suspended,TQ478328,2028-01-15,JQ573749,2030-08-04,2027-01-19,2021-05-24
EMP0052-20260916_215023,Lewis,Carter,christopher99@example.org,2000-04-26,0151 496 0374,"9 Ali Loop
South Christopherfurt
S2T 1FR",Female,Bluewater Community & Rehabilitation NHS Trust,Mixed,Trinidad and Tobago,Dependent,AHP,Physiotherapist,Critical Care & Anaesthesia,6,27.92,2021-10-02,2021-11-06,18.75,0.5,GMC,Fixed Term,Suspended,VJ467809,2029-07-01,CE715934,2031-09-13,2027-03-31,2021-10-23
EMP0053-20260916_215023,Ann,Clarke,zbarrett@example.org,1977-10-22,+44808 157 0202,"14 Hall Corners
Taylorberg
W4F 2AW",Female,Riverside Integrated Care NHS Trust,Asian,Thailand,British Citizen,AHP,Radiographer,Corporate Services,6,23.6,2017-03-08,2017-04-12,30.0,0.8,NMC,Fixed Term,Active,SZ998428,2028-05-28,PJ687604,2026-10-02,2026-10-11,2017-03-29
EMP0054-20260916_215023,Richard,Franklin,marian27@example.net,1995-08-04,+44(0)161 496 0008,"32 Shepherd Knoll
North Christopher
M69 1QT",Female,Midlands Central Hospitals NHS Trust,White,Australia,ILR,Admin,Medical Secretary,Women & Children,4,17.57,2024-01-11,2024-02-08,30.0,0.8,HCPC,Bank,Inactive,SC665830,2030-03-26,QS332012,2028-06-22,2027-04-28,2024-02-01
EMP0055-20260916_215023,Rebecca,Collins,diane26@example.net,1997-03-12,+441134960973,"9 Coleman Shores
Billymouth
CW77 3QZ",Female,Hillcrest Medical Centres NHS Trust,Asian,Japan,ILR,AHP,Pharmacist,Critical Care & Anaesthesia,5,22.42,2023-04-10,2023-05-22,20.0,0.53,GMC,Permanent,Suspended,UN187676,2029-04-14,FS241388,2030-06-27,2027-01-26,2023-05-01
EMP0056-20260916_215023,Rosemary,Robinson,pattersoncharlie@example.net,1972-04-21,+44(0)114 4960804,"Studio 3
Smith Manor
North Sharonfort
B83 6SG",Female,Hillcrest Medical Centres NHS Trust,Mixed,South Africa,ILR,Admin,Data Analyst,Surgery & Cancer,8A,35.5,2022-03-28,2022-04-25,18.75,0.5,NMC,Fixed Term,Inactive,II457459,2030-04-17,SO441174,2027-08-29,2027-06-13,2022-04-18
EMP0057-20260916_215023,Mohammad,Bradshaw,abigail80@example.org,1974-07-24,+44116 496 0375,"603 Amy Freeway
Kirstytown
TQ8 4XB",Female,Westborough Acute Care NHS Trust,Mixed,Canada,ILR,Medical,Consultant,Surgery & Cancer,CONS,61.61,2021-01-04,2021-02-08,15.0,0.4,None,Bank,On Leave,DL484972,2027-08-06,XG160952,2028-04-10,2027-04-19,2021-01-25
EMP0058-20260916_215023,Aaron,Mitchell,warrenhazel@example.org,1992-01-08,028 9018 0551,"Studio 0
Bolton Crossroad
Smithview
B2 7LR",Female,Lakeside District Hospitals NHS Trust,Mixed,India,Dependent,Medical,FY1/FY2,Emergency & Urgent Care,FY1,21.26,2020-12-01,2021-01-12,20.0,0.53,GMC,Fixed Term,Suspended,AT451827,2030-02-23,RP367191,2029-09-16,2027-07-14,2020-12-22
EMP0059-20260916_215023,Vanessa,Rees,bowenphilip@example.com,1999-06-04,0131 496 0219,"1 Oliver Viaduct
Lake Lesleyshire
SL35 4PY",Female,Horizon Integrated Health Partnership NHS Trust,Black,Trinidad and Tobago,ILR,Medical,SHO,Emergency & Urgent Care,SHO,30.64,2026-09-07,2026-10-19,15.0,0.4,GMC,Bank,Suspended,UN380189,2029-10-20,FS737388,2026-11-17,2027-08-30,2026-09-28
EMP0060-20260916_215023,Grace,Davidson,dmatthews@example.com,2000-09-18,+44808 157 0387,"Flat 90C
Cameron Spurs
West Hazel
E3W 4JD",Male,Horizon Integrated Health Partnership NHS Trust,White,United States,ILR,Admin,Medical Secretary,Corporate Services,4,17.82,2024-09-24,2024-11-05,30.0,0.8,GMC,Bank,Inactive,WZ558576,2027-09-24,OE428705,2026-12-22,2027-04-06,2024-10-15
EMP0061-20260916_215023,Nigel,Wells,daviesmelanie@example.com,1972-07-03,+44(0)20 7496 0008,"Studio 5
Bethany Hills
Hannahville
AL2 6WT",Female,Northwood Mental Health NHS Trust,Black,Ghana,Dependent,AHP,Speech Therapist,Surgery & Cancer,6,24.13,2020-10-08,2020-11-05,30.0,0.8,NMC,Permanent,Active,YM586536,2027-10-09,MY320764,2027-08-17,2026-09-28,2020-10-29
EMP0062-20260916_215023,Rhys,James,zsummers@example.com,2006-09-02,(020) 74960904,"22 Norman Canyon
Thompsonchester
S8 9SG",Male,Lakeside District Hospitals NHS Trust,Mixed,South Africa,ILR,Medical,FY1/FY2,Women & Children,FY1,20.35,2018-09-20,2018-10-18,20.0,0.53,None,Permanent,On Leave,BK726796,2027-12-15,PH491050,2029-03-07,2027-01-16,2018-10-11
EMP0063-20260916_215023,Alan,Turner,marianobrien@example.org,1965-12-11,(020)74960521,"Studio 32p
Lydia Pines
Clarkeville
NR1V 9EP",Female,Eastfield Psychological Services NHS Trust,Mixed,Canada,British Citizen,AHP,Physiologist,Corporate Services,6,24.41,2017-09-11,2017-10-09,37.5,1.0,None,Permanent,Active,XG286606,2031-08-08,JE481556,2027-10-25,2027-07-03,2017-10-02
EMP0064-20260916_215023,Brandon,Rose,jacob43@example.org,1989-11-14,+44(0)9098790710,"0 Rogers Creek
Bernardhaven
N4J 0EG",Male,Riverside Integrated Care NHS Trust,White,Canada,British Citizen,Nursing,Staff Nurse,Medicine & Acute Care,5,21.94,2019-07-19,2019-08-16,37.5,1.0,None,Permanent,On Leave,JP402958,2028-02-12,KO360371,2027-09-16,2027-05-26,2019-08-09
EMP0065-20260916_215023,Charles,Cole,briandoyle@example.com,1993-03-24,+441632960371,"3 Hargreaves Parkways
Sharonport
LS6 9RS",Male,Southvale Hospitals NHS Trust,White,United States,ILR,Medical,GP,Corporate Services,GP,46.75,2024-05-04,2024-06-01,20.0,0.53,GMC,Bank,On Leave,WZ597402,2029-03-07,AJ671087,2028-01-31,2027-01-11,2024-05-25
EMP0066-20260916_215023,Carl,Cameron,david24@example.net,1967-12-18,(0113) 4960693,"Studio 78k
Scott Expressway
Lake Eric
E2W 4QR",Male,Broadfield Clinical Services NHS Trust,Asian,Thailand,Skilled Worker,Nursing,Staff Nurse,Critical Care & Anaesthesia,5,20.25,2018-09-04,2018-10-09,20.0,0.53,NMC,Fixed Term,Active,BK342505,2030-06-22,OW753207,2031-05-03,2027-06-29,2018-09-25
EMP0067-20260916_215023,Owen,Dawson,mark23@example.net,1999-02-16,+44117 496 0132,"Flat 9
Katy Course
Pattersonview
SR35 2UZ",Female,Riverside Integrated Care NHS Trust,White,United Kingdom,Dependent,AHP,Speech Therapist,Clinical Support Services,6,25.4,2021-03-15,2021-04-19,37.5,1.0,NMC,Fixed Term,Suspended,WG243762,2031-08-26,PF655537,2029-02-21,2027-05-17,2021-04-05
EMP0068-20260916_215023,Jordan,Hutchinson,youngmartyn@example.org,1962-10-30,+4428 9018 0813,"789 Chan Fords
New Daniellechester
W8E 0UX",Female,Meadowbrook Community Health NHS Trust,Mixed,Jamaica,Dependent,Admin,Receptionist,Clinical Support Services,3,14.3,2018-08-10,2018-09-14,37.5,1.0,None,Bank,Active,NZ817802,2026-10-11,WT238853,2030-02-20,2027-05-01,2018-08-31
EMP0069-20260916_215023,Marc,Clark,chussain@example.com,1975-03-24,+44118 4960557,"21 Barry Expressway
Kyleland
CO89 7SZ",Male,Northshire University Hospitals NHS Trust,Mixed,Nigeria,ILR,Medical,FY1/FY2,Women & Children,FY1,19.63,2024-05-25,2024-06-22,30.0,0.8,HCPC,Fixed Term,Suspended,MZ204336,2029-11-02,EL100534,2029-05-13,2026-12-02,2024-06-15
EMP0070-20260916_215023,Colin,Booth,harrysmith@example.net,2004-10-24,0161 496 0073,"7 Robinson Creek
Conwaychester
LE7M 1BH",Male,Westborough Acute Care NHS Trust,Mixed,Kenya,British Citizen,Medical,Consultant,Surgery & Cancer,CONS,54.14,2023-05-19,2023-06-23,30.0,0.8,None,Bank,Active,VG958891,2027-10-13,SW617056,2027-08-12,2027-02-26,2023-06-09
EMP0071-20260916_215023,Jamie,Walsh,coopervictor@example.net,1965-02-13,(0117)4960163,"Studio 84R
Ahmed Plains
Lake Leon
G5G 5HL",Male,Eastmoor Teaching Hospitals NHS Trust,White,Australia,ILR,AHP,Physiotherapist,Emergency & Urgent Care,6,24.75,2021-05-03,2021-06-07,18.75,0.5,NMC,Permanent,Active,HW260179,2029-06-08,XP055198,2030-06-03,2026-10-13,2021-05-24
EMP0072-20260916_215023,Alexandra,Oliver,pateljonathan@example.com,1977-10-29,0115 496 0476,"Studio 07
Sykes Union
East Zoe
S93 8EU",Female,Broadfield Clinical Services NHS Trust,Mixed,Jamaica,British Citizen,Admin,Medical Secretary,Corporate Services,4,17.27,2023-07-29,2023-09-09,37.5,1.0,NMC,Fixed Term,On Leave,XC852565,2027-11-22,BZ012353,2027-10-25,2027-01-06,2023-08-19
EMP0073-20260916_215023,Charlotte,Owens,harrysmith@example.org,1993-06-23,+44(0)1174960255,"509 Dawson Highway
Port Joeview
EN7 1GT",Male,Northshire University Hospitals NHS Trust,Mixed,Trinidad and Tobago,Skilled Worker,Medical,SHO,Corporate Services,SHO,25.37,2017-07-12,2017-08-09,15.0,0.4,GMC,Fixed Term,Suspended,WH189228,2031-06-03,SS229370,2030-06-09,2027-01-02,2017-08-02
EMP0074-20260916_215023,Fiona,Shaw,stephaniesmith@example.org,2001-12-24,(0113)4960951,"Flat 06R
Howard Key
New Neilburgh
N03 1US",Male,Northwood Mental Health NHS Trust,White,Australia,British Citizen,Medical,Registrar,Emergency & Urgent Care,SPR,37.2,2023-07-13,2023-08-24,20.0,0.53,GMC,Bank,Active,HI085369,2029-07-02,ME809265,2028-10-05,2027-04-13,2023-08-03
EMP0075-20260916_215023,Jane,Dixon,barrychapman@example.net,1985-07-05,(0116) 496 0485,"873 Sian Throughway
Port Leonardburgh
HA56 3JY",Female,Greenhaven Acute & Specialist Care NHS Trust,Asian,China,British Citizen,Medical,Registrar,Women & Children,SPR,40.41,2020-04-04,2020-05-02,37.5,1.0,GMC,Permanent,Active,JJ396835,2027-06-01,FM838269,2029-08-12,2026-12-28,2020-04-25
EMP0076-20260916_215023,Mathew,King,lukeharvey@example.com,2006-09-23,(029) 2018264,"27 Howe Cape
Gerardland
S1 4HS",Female,Eastmoor Teaching Hospitals NHS Trust,Black,Ghana,British Citizen,Admin,Receptionist,Critical Care & Anaesthesia,3,16.41,2016-11-16,2016-12-21,15.0,0.4,HCPC,Fixed Term,Active,AC725761,2031-06-10,NE958941,2028-04-24,2027-09-11,2016-12-07
EMP0077-20260916_215023,Lee,Jones,jenna94@example.org,1995-07-23,0306 999 0325,"399 Hyde Corner
East Gregoryburgh
W53 9TN",Male,Greenhaven Acute & Specialist Care NHS Trust,White,United Kingdom,ILR,Medical,Consultant,Women & Children,CONS,62.2,2017-03-02,2017-04-13,37.5,1.0,None,Fixed Term,Inactive,WY197388,2029-06-17,RC012068,2028-10-27,2027-02-05,2017-03-23
EMP0078-20260916_215023,Clive,Lawrence,jade99@example.net,1989-11-25,020 74960077,"Flat 75X
Hannah Creek
Scottborough
FY82 7HY",Male,Riverbank General Hospitals NHS Trust,White,New Zealand,Dependent,Nursing,Ward Manager,Clinical Support Services,8A,29.61,2021-04-09,2021-05-21,20.0,0.53,GMC,Permanent,Suspended,PP129379,2028-08-10,MB506960,2028-12-13,2026-10-08,2021-04-30
EMP0079-20260916_215023,Kathryn,Clarke,kylewilson@example.org,2004-07-17,(0118) 4960376,"Studio 23d
Jones Path
West Franktown
G2D 6LW",Male,Eastmoor Teaching Hospitals NHS Trust,Mixed,Trinidad and Tobago,Dependent,AHP,Physiologist,Women & Children,6,27.42,2018-05-28,2018-07-02,37.5,1.0,None,Permanent,Suspended,AD246599,2028-02-21,HO763745,2027-02-01,2027-07-31,2018-06-18
EMP0080-20260916_215023,Eleanor,Williams,hollyobrien@example.net,1978-01-03,+44113 496 0617,"Studio 34j
Harris Islands
Clarkburgh
G08 8ZW",Male,Oakridge Community Services NHS Trust,Asian,China,Dependent,Medical,FY1/FY2,Corporate Services,FY1,20.23,2016-11-10,2016-12-15,18.75,0.5,GMC,Permanent,Active,BI478000,2029-09-24,PF382376,2027-08-31,2026-10-10,2016-12-01
EMP0081-20260916_215023,Katie,Robinson,yvonnemarshall@example.com,1962-12-28,+44(0)121 4960872,"33 Stewart Trail
Wilsonton
N8 1TG",Male,Riverside Integrated Care NHS Trust,Black,Trinidad and Tobago,British Citizen,Medical,SHO,Clinical Support Services,SHO,25.92,2017-10-05,2017-11-16,18.75,0.5,NMC,Fixed Term,Suspended,XN315073,2027-09-22,FH460031,2030-03-02,2026-11-10,2017-10-26
EMP0082-20260916_215023,Frank,Gill,cameronlindsey@example.com,1975-06-10,(0115)4960451,"Flat 54X
Henry Fords
North Lorraine
G0 8LX",Male,Greenhaven Acute & Specialist Care NHS Trust,Black,Jamaica,Dependent,Medical,GP,Emergency & Urgent Care,GP,56.9,2020-08-08,2020-09-12,18.75,0.5,None,Fixed Term,Inactive,AP740278,2031-08-30,YU367411,2027-08-20,2026-10-08,2020-08-29
EMP0083-20260916_215023,Paula,Phillips,nathanparkin@example.org,2005-04-14,+44(0)191 4960869,"Studio 59K
Wilkinson Landing
Port Stewart
N7 0FX",Male,Hillcrest Medical Centres NHS Trust,Asian,India,British Citizen,AHP,Occupational Therapist,Medicine & Acute Care,6,27.91,2023-10-02,2023-11-06,15.0,0.4,GMC,Bank,Suspended,AV540426,2030-07-18,FU830150,2030-10-15,2027-07-29,2023-10-23
EMP0084-20260916_215023,Alexandra,Cox,ross08@example.net,1995-02-15,0113 4960895,"Studio 70f
Morgan Radial
Lake Glennfort
DY72 7TP",Male,Eastfield Psychological Services NHS Trust,Black,Barbados,Dependent,Admin,Administrator,Women & Children,3,16.02,2018-06-08,2018-07-20,18.75,0.5,NMC,Bank,Inactive,LT014765,2026-09-21,UJ781298,2028-01-31,2027-01-15,2018-06-29
EMP0085-20260916_215023,Melanie,Day,jordan21@example.com,1972-10-26,+44808 157 0618,"5 June Village
Nathanmouth
SN0Y 1WH",Female,Broadfield Clinical Services NHS Trust,Asian,Japan,ILR,Medical,SHO,Women & Children,SHO,25.33,2017-12-12,2018-01-09,15.0,0.4,NMC,Bank,Active,VD115370,2027-02-08,ZJ760760,2029-07-29,2026-09-27,2018-01-02
EMP0086-20260916_215023,Ashleigh,Murphy,higginsmarilyn@example.com,1981-02-03,+44116 4960275,"21 Walker Radial
Zoemouth
S69 9RA",Male,Midlands Central Hospitals NHS Trust,Asian,China,British Citizen,Admin,Administrator,Surgery & Cancer,3,14.0,2026-01-23,2026-02-27,15.0,0.4,NMC,Permanent,Inactive,US217901,2031-02-25,OI832525,2028-03-29,2027-06-30,2026-02-13
EMP0087-20260916_215023,Deborah,Lambert,abdul73@example.net,1983-06-01,+441632 960 074,"Flat 19M
Richard Crossroad
Andrewbury
B6 0DP",Male,Oakridge Community Services NHS Trust,Black,Kenya,ILR,AHP,Occupational Therapist,Medicine & Acute Care,6,25.05,2026-06-13,2026-07-25,15.0,0.4,NMC,Bank,Inactive,GI797610,2029-07-26,OM538584,2030-09-16,2027-05-17,2026-07-04
EMP0088-20260916_215023,Jean,Hamilton,duncanharrison@example.net,1974-10-18,08081570611,"7 Elliot Burg
Mitchellview
B6F 8RY",Female,Northwood Mental Health NHS Trust,Mixed,Ghana,Skilled Worker,AHP,Pharmacist,Clinical Support Services,5,21.19,2024-11-04,2024-12-02,37.5,1.0,HCPC,Bank,Suspended,RL743794,2028-01-10,ZZ950856,2030-07-13,2027-01-28,2024-11-25
EMP0089-20260916_215023,Michael,Alexander,ymarsden@example.net,1961-04-29,+44(0)1214960322,"Studio 5
Hardy Glens
Allantown
WA9 1WR",Female,Lakeside District Hospitals NHS Trust,Asian,China,British Citizen,Admin,Administrator,Critical Care & Anaesthesia,3,15.97,2025-11-24,2025-12-22,15.0,0.4,GMC,Bank,Active,IQ636441,2029-09-28,CK332270,2031-05-20,2027-08-24,2025-12-15
EMP0090-20260916_215023,Janet,Oliver,aimeeoneill@example.org,1968-12-07,+44115 4960745,"Studio 23X
Jemma Ferry
Georginaside
KA6 7BP",Female,Northshire University Hospitals NHS Trust,Mixed,China,Skilled Worker,Admin,Administrator,Critical Care & Anaesthesia,3,15.59,2022-10-14,2022-11-11,15.0,0.4,HCPC,Bank,Inactive,WA308372,2030-09-19,XS910824,2028-08-06,2027-08-28,2022-11-04
EMP0091-20260916_215023,Oliver,Hargreaves,omiddleton@example.net,1988-11-14,01214960026,"0 Stone Parkway
East Barryborough
L1U 7WL",Female,Northshire University Hospitals NHS Trust,Mixed,United States,Skilled Worker,Admin,Receptionist,Emergency & Urgent Care,3,13.46,2025-10-26,2025-12-07,20.0,0.53,NMC,Fixed Term,Inactive,RF975281,2029-08-14,DC237277,2030-02-03,2026-11-27,2025-11-16
EMP0092-20260916_215023,Andrea,Mann,karen19@example.org,2003-12-22,(028) 9018235,"Studio 42W
Benjamin Heights
Evanschester
M3 6XU",Male,Lakeside District Hospitals NHS Trust,Black,South Africa,Dependent,Medical,SHO,Medicine & Acute Care,SHO,25.32,2018-07-05,2018-08-02,37.5,1.0,NMC,Permanent,Active,MC779978,2028-01-06,SD982310,2028-12-14,2026-09-20,2018-07-26
EMP0093-20260916_215023,Christine,Murray,leannewilliams@example.org,1975-08-17,+441144960904,"80 Doyle Plain
New Dorothy
SK76 9AY",Male,Riverbank General Hospitals NHS Trust,Black,Jamaica,ILR,AHP,Physiotherapist,Corporate Services,6,26.22,2017-10-11,2017-11-22,30.0,0.8,NMC,Fixed Term,On Leave,VX001544,2028-06-02,VQ479646,2026-10-30,2027-04-05,2017-11-01
EMP0094-20260916_215023,Neil,Bennett,lkhan@example.org,1999-01-17,+44(0)116 496 0113,"Studio 0
Douglas Keys
North Harry
OL70 9ZQ",Male,Midlands Central Hospitals NHS Trust,White,Canada,Skilled Worker,AHP,Radiographer,Women & Children,6,26.56,2024-05-25,2024-06-29,20.0,0.53,None,Permanent,Suspended,VJ524627,2029-10-18,VL808465,2031-09-07,2026-11-05,2024-06-15
EMP0095-20260916_215023,Frederick,Brown,anolan@example.org,1968-10-15,0116 496 0235,"878 Cunningham Trail
North Paigehaven
S91 8UL",Female,Greenhaven Acute & Specialist Care NHS Trust,White,Australia,Skilled Worker,Admin,Administrator,Medicine & Acute Care,3,15.08,2026-07-04,2026-08-01,30.0,0.8,HCPC,Fixed Term,On Leave,ES465559,2030-05-25,GR352171,2028-02-09,2027-01-05,2026-07-25
EMP0096-20260916_215023,Margaret,Vaughan,redwards@example.net,1981-05-08,(01632)960366,"Studio 64
George Isle
Christineshire
CA79 3FJ",Female,Bluewater Community & Rehabilitation NHS Trust,White,Canada,British Citizen,Nursing,Senior Staff Nurse,Emergency & Urgent Care,6,25.71,2021-06-08,2021-07-13,20.0,0.53,None,Permanent,Suspended,VQ902901,2030-08-19,MS829168,2028-07-08,2027-05-30,2021-06-29
EMP0097-20260916_215023,Paula,Burns,evansjack@example.com,1978-03-21,+449098790031,"817 Albert Ferry
Fullershire
AL2 6UE",Female,Greenhaven Acute & Specialist Care NHS Trust,Mixed,Thailand,Dependent,Nursing,Senior Staff Nurse,Critical Care & Anaesthesia,6,23.18,2017-05-28,2017-07-02,30.0,0.8,HCPC,Fixed Term,Active,XL571763,2029-01-19,JR957884,2031-04-24,2026-11-27,2017-06-18
EMP0098-20260916_215023,Liam,Mason,kathrynjames@example.org,1961-10-26,(029) 2018598,"Flat 1
Jemma Inlet
Butlerchester
G09 4HY",Female,Westmere Community Health NHS Trust,Asian,Thailand,ILR,AHP,Physiologist,Medicine & Acute Care,6,26.42,2025-07-16,2025-08-27,15.0,0.4,None,Fixed Term,Inactive,QR275554,2029-02-20,SG044175,2029-01-05,2027-07-29,2025-08-06
EMP0099-20260916_215023,Carol,Burgess,iparsons@example.org,1973-03-02,0121 496 0015,"042 Alan Fords
North Anthonybury
SA1M 6BR",Female,Greenhaven Acute & Specialist Care NHS Trust,White,New Zealand,Dependent,Medical,Consultant,Surgery & Cancer,CONS,50.53,2025-04-26,2025-05-31,30.0,0.8,GMC,Permanent,Active,YJ355058,2029-08-18,DG177412,2026-12-20,2027-02-10,2025-05-17
EMP0100-20260916_215023,Samuel,Davies,albert02@example.net,2006-11-25,+44(0)114 4960690,"56 June Islands
Andrewton
L48 1EG",Male,Northwood Mental Health NHS Trust,Black,Trinidad and Tobago,Dependent,AHP,Radiographer,Women & Children,6,23.94,2019-11-20,2020-01-01,20.0,0.53,None,Bank,Active,FD676648,2027-11-06,BC547867,2027-01-16,2026-12-31,2019-12-11
EMP0101-20260916_215023,Karen,Cartwright,brownlindsey@example.org,1984-08-04,+4428 9018 0508,"017 Jake Lake
New Tracey
SE3 4ET",Female,Southgate Community & Mental Health NHS Trust,Mixed,Trinidad and Tobago,ILR,AHP,Physiologist,Clinical Support Services,6,27.02,2023-01-25,2023-03-08,30.0,0.8,None,Permanent,Active,YW201356,2030-10-03,JK289963,2030-09-28,2026-12-31,2023-02-15
EMP0102-20260916_215023,Rita,Turner,colinsmith@example.org,2008-09-12,+44(0)141 496 0434,"Studio 7
Ashleigh Route
Julianmouth
W1K 1SB",Male,Eastmoor Teaching Hospitals NHS Trust,Mixed,Japan,Skilled Worker,Nursing,Nursery Nurse,Corporate Services,2,13.27,2025-09-14,2025-10-26,20.0,0.53,NMC,Bank,Active,XB829822,2029-05-01,SK895918,2028-10-16,2026-12-08,2025-10-05
EMP0103-20260916_215023,Vanessa,Sanders,carolineharrison@example.net,1963-09-03,029 2018 0367,"Flat 7
Williams Valley
Port Timothy
HU7 3FW",Male,Westborough Acute Care NHS Trust,Asian,China,Dependent,AHP,Radiographer,Surgery & Cancer,6,23.48,2017-04-14,2017-05-26,15.0,0.4,GMC,Permanent,On Leave,FT622976,2031-03-31,UX574447,2029-09-03,2026-10-18,2017-05-05
EMP0104-20260916_215023,Colin,Bailey,wrightgillian@example.net,1979-10-05,+44(0)808 1570304,"13 Marc Tunnel
Port Lindaberg
PH93 3ZT",Male,Oakridge Community Services NHS Trust,White,Australia,Skilled Worker,Medical,FY1/FY2,Critical Care & Anaesthesia,FY1,19.59,2019-07-28,2019-09-08,18.75,0.5,GMC,Permanent,Active,UU922786,2030-09-18,UV321173,2029-07-24,2026-11-04,2019-08-18
EMP0105-20260916_215023,Barry,Mahmood,akhtarbrandon@example.net,1999-05-17,(028)9018984,"Studio 2
Simmons Viaduct
Wattsstad
SY5P 1ER",Female,Southgate Community & Mental Health NHS Trust,Mixed,China,Skilled Worker,Medical,Consultant,Emergency & Urgent Care,CONS,50.47,2021-04-24,2021-05-29,18.75,0.5,NMC,Fixed Term,Active,GX395112,2031-07-03,YL273675,2030-12-29,2027-05-08,2021-05-15
EMP0106-20260916_215023,Caroline,Tomlinson,annagallagher@example.net,1990-04-05,+441632 960 698,"Flat 5
Karl Run
Greenmouth
L9B 2UA",Female,Meadowbrook Community Health NHS Trust,Mixed,Kenya,Dependent,Admin,Data Analyst,Medicine & Acute Care,8A,31.53,2019-03-30,2019-05-11,20.0,0.53,HCPC,Bank,Suspended,WS817113,2028-03-21,CD403798,2029-03-27,2026-11-04,2019-04-20
EMP0107-20260916_215023,Gail,Hargreaves,mohamedthomson@example.net,1982-07-07,(020) 74960002,"Studio 38
Ann Island
Johnsonland
HP3Y 6PL",Female,Meadowbrook Community Health NHS Trust,Mixed,Trinidad and Tobago,British Citizen,Admin,Medical Secretary,Clinical Support Services,4,15.87,2018-03-24,2018-05-05,18.75,0.5,None,Bank,On Leave,AE395406,2026-09-26,BC018535,2030-08-22,2027-04-02,2018-04-14
EMP0108-20260916_215023,Marie,Austin,dmurphy@example.com,1979-05-07,0808 157 0864,"45 Thornton Vista
Elliestad
KW3W 1AW",Male,Westborough Acute Care NHS Trust,White,Australia,British Citizen,Admin,Medical Secretary,Clinical Support Services,4,16.4,2018-07-10,2018-08-07,20.0,0.53,HCPC,Fixed Term,Active,IQ700405,2028-01-09,UI068085,2031-01-11,2027-02-23,2018-07-31
EMP0109-20260916_215023,Edward,Miah,jacobhall@example.net,1977-04-21,(0118)4960042,"642 Peters Centers
Barberfort
N3 4XU",Female,Riverbank General Hospitals NHS Trust,White,Canada,Skilled Worker,AHP,Physiotherapist,Corporate Services,6,25.82,2024-05-15,2024-06-12,37.5,1.0,GMC,Bank,Inactive,PG145082,2030-07-01,YU666696,2029-02-02,2026-12-13,2024-06-05
EMP0110-20260916_215023,Joanna,Morgan,yjohnson@example.org,1991-12-21,0115 496 0149,"Flat 65E
Malcolm Curve
Simpsonshire
M4 9NU",Female,Bluewater Community & Rehabilitation NHS Trust,White,United Kingdom,Dependent,Medical,Consultant,Medicine & Acute Care,CONS,58.91,2023-08-09,2023-09-06,20.0,0.53,NMC,Fixed Term,On Leave,WZ906001,2031-05-10,VK506076,2026-12-08,2027-02-14,2023-08-30
EMP0111-20260916_215023,Neil,Morley,garrywright@example.net,1988-08-31,+44(0)28 9018 0203,"Studio 03Y
Kelly Wall
Anthonyview
CH3V 0ZF",Male,Westmere Community Health NHS Trust,Mixed,Nigeria,British Citizen,AHP,Physiologist,Medicine & Acute Care,6,27.82,2026-05-04,2026-06-15,30.0,0.8,HCPC,Fixed Term,Active,BS466481,2029-08-19,QH043772,2028-01-09,2027-08-05,2026-05-25
EMP0112-20260916_215023,Sara,Hargreaves,rross@example.net,1973-10-24,+44808 1570062,"Flat 04p
Callum Corner
East Gordonbury
G4U 0TG",Female,Northwood Mental Health NHS Trust,Black,Kenya,Skilled Worker,Medical,Consultant,Women & Children,CONS,50.01,2018-05-02,2018-06-06,30.0,0.8,HCPC,Fixed Term,Inactive,DB673363,2026-11-14,KO338972,2030-06-29,2027-01-13,2018-05-23
EMP0113-20260916_215023,Ross,Wood,naomi57@example.net,1963-03-26,+44(0)117 496 0097,"Studio 97t
Shaun Springs
South Sianside
CH19 3BL",Female,Eastfield Psychological Services NHS Trust,Mixed,Jamaica,Skilled Worker,Nursing,Charge Nurse,Medicine & Acute Care,7,28.19,2018-04-11,2018-05-23,20.0,0.53,NMC,Fixed Term,On Leave,DN875244,2030-12-12,ZX320438,2028-10-10,2027-03-26,2018-05-02
EMP0114-20260916_215023,Malcolm,Stephenson,sandersonjoyce@example.net,1974-05-16,+44(0)131 496 0380,"Flat 5
Ellis Manors
Owenside
WS49 2TG",Male,Riverbank General Hospitals NHS Trust,Asian,China,Dependent,AHP,Pharmacist,Women & Children,5,22.85,2024-07-18,2024-08-29,18.75,0.5,HCPC,Bank,Inactive,NG840792,2027-08-17,GD489350,2027-07-09,2027-05-26,2024-08-08
EMP0115-20260916_215023,Suzanne,Hart,nbarry@example.org,2007-02-23,(0131) 4960644,"1 Miller Mews
Port Gareth
B5 3BF",Female,Riverbank General Hospitals NHS Trust,White,Canada,ILR,Admin,Receptionist,Critical Care & Anaesthesia,3,15.11,2018-09-01,2018-10-06,15.0,0.4,GMC,Bank,On Leave,UU568788,2029-04-01,BB573823,2027-07-10,2027-05-24,2018-09-22
EMP0116-20260916_215023,Patricia,Khan,wilsongraham@example.net,1962-11-11,(0118)4960856,"Studio 88
Edward Point
North Jessicaville
G8C 8RD",Male,Northwood Mental Health NHS Trust,White,Canada,Dependent,Medical,GP,Medicine & Acute Care,GP,60.46,2022-01-19,2022-03-02,15.0,0.4,GMC,Permanent,Suspended,YK360217,2030-04-21,RQ175957,2029-10-30,2027-07-20,2022-02-09
EMP0117-20260916_215023,Barbara,Smith,janewaters@example.org,1977-09-03,0114 4960636,"8 Scott Throughway
Charlieview
LD52 1NJ",Male,Broadfield Clinical Services NHS Trust,Asian,China,Dependent,Admin,Medical Secretary,Medicine & Acute Care,4,17.08,2025-09-18,2025-10-30,18.75,0.5,GMC,Bank,Inactive,BK124949,2027-07-05,NB198630,2029-05-16,2027-04-10,2025-10-09
EMP0118-20260916_215023,Samantha,Hall,jenna26@example.com,1963-05-17,+441314960178,"Studio 02
Williams Turnpike
North Frankfurt
E14 8AQ",Female,Valleyview Mental Wellness NHS Trust,White,Canada,Skilled Worker,AHP,Radiographer,Critical Care & Anaesthesia,6,22.65,2025-11-24,2026-01-05,37.5,1.0,None,Bank,On Leave,FU609791,2029-07-11,SI646858,2027-11-29,2027-07-18,2025-12-15
EMP0119-20260916_215023,Joyce,George,dawn74@example.com,1994-03-26,(0131) 4960056,"42 Carly Creek
South Julie
N9D 4XF",Female,Southgate Community & Mental Health NHS Trust,Black,Barbados,ILR,Admin,Administrator,Emergency & Urgent Care,3,14.58,2024-12-09,2025-01-06,20.0,0.53,HCPC,Bank,Inactive,KI609686,2030-06-15,ME606697,2027-04-03,2027-01-18,2024-12-30
EMP0120-20260916_215023,Louise,Harrison,derekmorgan@example.com,1984-01-29,+44(0)131 496 0236,"Studio 9
Abigail Springs
Lake Stuartchester
M6J 1ZJ",Male,Horizon Integrated Health Partnership NHS Trust,Mixed,South Africa,British Citizen,Nursing,Senior Staff Nurse,Medicine & Acute Care,6,27.58,2020-07-07,2020-08-18,30.0,0.8,NMC,Fixed Term,Suspended,ST814836,2030-10-22,BO997166,2031-03-29,2027-04-09,2020-07-28
EMP0121-20260916_215023,Sarah,Iqbal,owensdebra@example.com,1989-02-13,0151 4960688,"Flat 70
Bond Spring
Dominicmouth
M65 2RE",Female,Northshire University Hospitals NHS Trust,Mixed,Ghana,ILR,Nursing,Charge Nurse,Clinical Support Services,7,28.87,2020-10-19,2020-11-23,15.0,0.4,NMC,Bank,Inactive,QF974508,2027-09-14,VU934225,2031-06-16,2026-12-11,2020-11-09
EMP0122-20260916_215023,Colin,Clark,rebeccaali@example.net,1969-03-19,02074960257,"Flat 1
Davidson Turnpike
Reynoldsburgh
BA0 1EN",Male,Oakridge Community Services NHS Trust,Black,Nigeria,Dependent,Admin,Receptionist,Women & Children,3,15.99,2021-02-25,2021-04-01,30.0,0.8,NMC,Bank,Suspended,QV246715,2031-06-19,UR401580,2030-01-25,2027-06-10,2021-03-18
EMP0123-20260916_215023,Natasha,Hammond,marcus10@example.org,2001-02-24,+441914960900,"Studio 54X
Burns Bridge
Lake Julian
M5 3FW",Male,Horizon Integrated Health Partnership NHS Trust,Mixed,Nigeria,ILR,Admin,Administrator,Critical Care & Anaesthesia,3,14.89,2023-10-18,2023-11-29,20.0,0.53,NMC,Permanent,Suspended,IB192833,2026-10-04,TM846882,2031-06-15,2026-09-25,2023-11-08
EMP0124-20260916_215023,Louis,Goddard,elliotthart@example.net,1994-06-04,+44289018684,"Flat 68
Miller Villages
Lake Kyleburgh
HP7R 3ZP",Male,Riverside Integrated Care NHS Trust,White,Canada,Dependent,Admin,Administrator,Clinical Support Services,3,15.49,2023-12-21,2024-01-25,30.0,0.8,HCPC,Fixed Term,On Leave,QA065160,2027-09-26,UX683223,2029-06-26,2026-11-02,2024-01-11
EMP0125-20260916_215023,Clive,Buckley,ztaylor@example.net,1986-02-10,(0115) 496 0006,"361 Richards Shores
Dianeton
BA07 2BD",Female,Riverbank General Hospitals NHS Trust,Black,South Africa,ILR,AHP,Radiographer,Surgery & Cancer,6,25.66,2021-02-04,2021-03-11,15.0,0.4,GMC,Bank,On Leave,PR589788,2027-10-16,AZ984443,2030-06-28,2026-10-29,2021-02-25
EMP0126-20260916_215023,Helen,Moore,edwardsjoan@example.com,1994-08-29,+44(0)117 496 0271,"Studio 71v
Catherine Vista
North Joyce
G13 0TT",Female,Horizon Integrated Health Partnership NHS Trust,White,Australia,Skilled Worker,AHP,Radiographer,Women & Children,6,27.61,2023-04-05,2023-05-03,20.0,0.53,NMC,Permanent,Suspended,UN714602,2028-09-16,VK199579,2028-06-11,2027-04-01,2023-04-26
EMP0127-20260916_215023,Kayleigh,Hewitt,katebutler@example.org,1972-05-11,+44121 496 0677,"Studio 32G
Slater Fork
North Terence
DY1A 1UR",Male,Riverside Integrated Care NHS Trust,Black,South Africa,British Citizen,Nursing,Charge Nurse,Corporate Services,7,31.5,2023-12-26,2024-01-30,30.0,0.8,HCPC,Fixed Term,On Leave,WP469889,2029-07-18,VJ794883,2031-09-03,2027-09-03,2024-01-16
EMP0128-20260916_215023,Nicholas,Gill,phillipmorris@example.org,1977-08-29,+44(0)1154960617,"11 Leonard Run
Morristown
HA5A 6GU",Male,Bluewater Community & Rehabilitation NHS Trust,Black,Ghana,ILR,Medical,SHO,Clinical Support Services,SHO,25.18,2018-01-29,2018-02-26,20.0,0.53,GMC,Bank,On Leave,UV693484,2029-05-01,UW268039,2029-07-14,2027-03-08,2018-02-19
EMP0129-20260916_215023,Nicole,Morgan,joeharrison@example.org,1968-09-14,+44115 4960708,"5 Williams Forge
Leestad
BL83 1ZZ",Male,Horizon Integrated Health Partnership NHS Trust,Black,Trinidad and Tobago,ILR,Nursing,Charge Nurse,Women & Children,7,28.58,2026-03-14,2026-04-18,37.5,1.0,GMC,Fixed Term,Inactive,AR497209,2031-03-19,YU886306,2029-02-11,2027-05-06,2026-04-04
EMP0130-20260916_215023,Leigh,Reynolds,xelliott@example.net,1966-10-05,(0116) 496 0710,"Flat 27
Hollie Cape
Huntmouth
S1W 2FY",Male,Horizon Integrated Health Partnership NHS Trust,Black,Nigeria,British Citizen,Medical,Consultant,Medicine & Acute Care,CONS,54.4,2018-06-26,2018-08-07,18.75,0.5,NMC,Permanent,Inactive,QA116184,2028-05-18,MN545728,2028-07-31,2026-10-12,2018-07-17
EMP0131-20260916_215023,Louise,Williams,charles72@example.net,2004-04-11,01144960842,"570 Victoria Neck
Lake Christian
N9B 5SL",Female,Eastfield Psychological Services NHS Trust,Asian,India,ILR,Admin,Receptionist,Corporate Services,3,14.63,2017-07-15,2017-08-26,20.0,0.53,None,Permanent,Inactive,HC620033,2028-04-08,DH834550,2029-11-09,2027-09-07,2017-08-05
EMP0132-20260916_215023,Guy,Hall,iwilson@example.net,1977-11-29,(0161)4960780,"20 Webster Ports
Glennberg
E05 6SS",Female,Bluewater Community & Rehabilitation NHS Trust,White,Canada,ILR,Admin,Medical Secretary,Women & Children,4,15.76,2022-11-17,2022-12-15,20.0,0.53,NMC,Fixed Term,On Leave,OH947578,2031-07-24,YI678840,2031-03-01,2027-02-11,2022-12-08
EMP0133-20260916_215023,Valerie,Greenwood,mathew71@example.net,1987-04-22,01614960563,"89 Ali Cape
East Bethland
E4D 8EN",Female,Broadfield Clinical Services NHS Trust,Mixed,Canada,ILR,Admin,Medical Secretary,Critical Care & Anaesthesia,4,18.2,2023-04-22,2023-05-20,15.0,0.4,GMC,Fixed Term,On Leave,LQ346889,2031-06-29,DN301820,2030-04-06,2027-07-16,2023-05-13
EMP0134-20260916_215023,Shannon,Clayton,marshmartin@example.com,1989-11-09,+44151 4960743,"588 Rosie Causeway
East Owenberg
W38 8NF",Female,Southgate Community & Mental Health NHS Trust,Black,Barbados,British Citizen,AHP,Radiographer,Critical Care & Anaesthesia,6,25.76,2018-05-23,2018-06-27,20.0,0.53,NMC,Bank,On Leave,CM004195,2029-09-05,AM414844,2028-01-01,2027-03-04,2018-06-13
EMP0135-20260916_215023,Mohammed,King,gtaylor@example.com,1991-12-01,(0113) 496 0089,"Flat 22f
Akhtar Rapids
Port Lukefort
SL6 3ZY",Male,Westmere Community Health NHS Trust,Asian,Japan,ILR,Nursing,Staff Nurse,Women & Children,5,21.72,2023-05-12,2023-06-09,15.0,0.4,HCPC,Fixed Term,On Leave,SD565453,2030-10-23,PF420978,2029-01-04,2027-03-16,2023-06-02
EMP0136-20260916_215023,Albert,Elliott,orogers@example.com,1992-05-17,+44(0)1614960406,"821 Winter Lane
New Gemma
NN3R 5SD",Male,Eastmoor Teaching Hospitals NHS Trust,Black,Barbados,Skilled Worker,Nursing,Senior Staff Nurse,Medicine & Acute Care,6,27.69,2023-04-12,2023-05-24,18.75,0.5,None,Fixed Term,On Leave,HT641905,2027-12-13,LL085410,2030-02-04,2027-08-11,2023-05-03
EMP0137-20260916_215023,Justin,Moore,derek90@example.org,1967-09-15,+441314960815,"Flat 51
Schofield Views
South Joanne
E7 5RS",Female,Riverbank General Hospitals NHS Trust,White,New Zealand,ILR,Admin,Data Analyst,Critical Care & Anaesthesia,8A,33.7,2023-01-01,2023-01-29,18.75,0.5,NMC,Permanent,Active,PE306453,2030-04-03,GH055286,2028-03-01,2027-08-20,2023-01-22
EMP0138-20260916_215023,Lawrence,Mitchell,pthomas@example.org,1965-07-07,+44(0)131 496 0731,"222 Davis Overpass
Stonebury
W51 3BY",Female,Eastfield Psychological Services NHS Trust,Asian,India,Dependent,Admin,Administrator,Surgery & Cancer,3,13.6,2023-01-21,2023-03-04,20.0,0.53,GMC,Permanent,Active,MR409772,2031-06-28,PP875511,2029-06-07,2026-11-10,2023-02-11
EMP0139-20260916_215023,Danielle,Donnelly,tallen@example.net,2004-01-08,+44808 1570777,"40 Jeffrey Course
Allenhaven
NP60 7EU",Male,Eastfield Psychological Services NHS Trust,Asian,India,Skilled Worker,AHP,Occupational Therapist,Women & Children,6,26.34,2017-07-24,2017-09-04,15.0,0.4,HCPC,Fixed Term,On Leave,OW494145,2030-12-18,OE230437,2031-08-03,2027-03-27,2017-08-14
EMP0140-20260916_215023,Katy,Thomas,neilbaker@example.net,1991-07-17,(029)2018411,"Studio 07W
Lorraine Drives
North Lynnborough
L7 3XP",Male,Horizon Integrated Health Partnership NHS Trust,Asian,Thailand,Skilled Worker,Nursing,Senior Staff Nurse,Emergency & Urgent Care,6,24.48,2026-04-23,2026-05-28,15.0,0.4,NMC,Bank,Inactive,SN960564,2031-02-01,LP319429,2030-12-13,2026-12-16,2026-05-14
EMP0141-20260916_215023,Peter,Manning,shannon87@example.org,1994-09-09,(028) 9018966,"Studio 69m
Conor Cliff
Steventown
E8H 8RG",Male,Westborough Acute Care NHS Trust,Asian,Thailand,Dependent,Nursing,Nursery Nurse,Women & Children,2,13.88,2018-08-19,2018-09-23,18.75,0.5,GMC,Fixed Term,On Leave,XE871588,2030-01-05,JL775964,2027-08-23,2026-11-13,2018-09-09
EMP0142-20260916_215023,Scott,Middleton,lewisnicholas@example.org,1978-05-12,0114 4960129,"Studio 76
Valerie Ports
Shaneburgh
W5D 7TU",Female,Oakridge Community Services NHS Trust,Mixed,Australia,Skilled Worker,Medical,SHO,Medicine & Acute Care,SHO,23.1,2022-02-25,2022-03-25,30.0,0.8,GMC,Fixed Term,Suspended,HU627601,2027-09-01,VG167507,2027-08-25,2027-07-31,2022-03-18
EMP0143-20260916_215023,Christopher,Saunders,alison74@example.org,1967-03-30,+441632 960317,"055 Williams Lakes
East Ashleighbury
HP9N 8FA",Female,Southgate Community & Mental Health NHS Trust,Mixed,India,Dependent,Nursing,Healthcare Assistant,Surgery & Cancer,2,12.32,2024-07-12,2024-08-23,20.0,0.53,NMC,Bank,Active,AI538039,2029-02-03,XP370447,2027-12-27,2026-10-30,2024-08-02
EMP0144-20260916_215023,Pauline,Williams,marchargreaves@example.com,1987-12-21,+44(0)1174960641,"2 Daniel Roads
Francisstad
M6 7BD",Male,Greenhaven Acute & Specialist Care NHS Trust,Mixed,China,British Citizen,Nursing,Ward Manager,Medicine & Acute Care,8A,35.17,2022-12-09,2023-01-06,15.0,0.4,NMC,Fixed Term,Suspended,NN385162,2027-07-12,YF641852,2028-03-10,2026-11-02,2022-12-30
EMP0145-20260916_215023,Ricky,Davidson,ywelch@example.com,1984-10-09,+44161 496 0761,"4 O'Neill Plains
Port Jasonberg
W2 2HL",Female,Hillcrest Medical Centres NHS Trust,Black,South Africa,Dependent,Admin,Medical Secretary,Clinical Support Services,4,16.14,2017-12-17,2018-01-14,18.75,0.5,None,Fixed Term,Active,TX489176,2029-03-09,XY360308,2029-11-03,2027-08-10,2018-01-07
EMP0146-20260916_215023,Judith,Fraser,wharris@example.com,1986-08-20,+441614960709,"Studio 1
Tracy Drive
South Eileen
B6 0NJ",Female,Southgate Community & Mental Health NHS Trust,Asian,Thailand,ILR,AHP,Radiographer,Surgery & Cancer,6,25.16,2021-08-29,2021-09-26,18.75,0.5,None,Bank,On Leave,CJ521761,2029-04-06,JJ700167,2029-04-22,2026-11-14,2021-09-19
EMP0147-20260916_215023,Barbara,Miller,richardsontom@example.org,1978-10-10,+44(0)1174960229,"6 Turner Gateway
Marshallborough
W8B 9FY",Female,Midlands Central Hospitals NHS Trust,Mixed,United States,ILR,Nursing,Ward Manager,Medicine & Acute Care,8A,29.62,2023-08-25,2023-10-06,37.5,1.0,HCPC,Fixed Term,Active,MR935477,2030-05-06,ZU276070,2027-12-05,2027-05-25,2023-09-15
EMP0148-20260916_215023,Alan,Patterson,diana93@example.net,2007-08-22,+44141 4960899,"388 Jack Plain
Georginaport
G27 7HH",Male,Bluewater Community & Rehabilitation NHS Trust,Black,Trinidad and Tobago,ILR,Admin,Receptionist,Women & Children,3,16.31,2025-08-20,2025-10-01,20.0,0.53,GMC,Permanent,Inactive,VL186098,2030-04-18,XT177082,2029-01-26,2026-10-30,2025-09-10
EMP0149-20260916_215023,Edward,Hughes,philipjackson@example.org,1978-12-07,+44(0)116 496 0656,"Flat 30p
Charlotte Course
Nashmouth
L70 6XG",Male,Hillcrest Medical Centres NHS Trust,Black,Ghana,ILR,AHP,Pharmacist,Clinical Support Services,5,19.9,2024-12-02,2025-01-06,30.0,0.8,HCPC,Fixed Term,Inactive,OR618203,2031-01-31,UR948516,2028-03-07,2026-09-28,2024-12-23
EMP0150-20260916_215023,Gordon,Evans,anna95@example.com,2003-04-01,0113 4960974,"Flat 7
Richardson Squares
Sambury
B8C 2GZ",Male,Greenhaven Acute & Specialist Care NHS Trust,White,New Zealand,Dependent,Admin,Medical Secretary,Corporate Services,4,18.46,2024-10-08,2024-11-19,18.75,0.5,None,Fixed Term,Suspended,BC614179,2029-03-10,NX100613,2030-05-24,2026-10-11,2024-10-29
EMP0151-20260916_215023,Norman,Collins,wrightclifford@example.com,1993-02-17,0131 4960007,"Flat 72
Tina Course
New Lisatown
BD6X 3PE",Male,Broadfield Clinical Services NHS Trust,White,Canada,Dependent,Admin,Receptionist,Clinical Support Services,3,14.83,2018-07-31,2018-08-28,18.75,0.5,None,Bank,Active,LC522631,2029-10-23,SZ352428,2028-05-27,2027-05-24,2018-08-21
EMP0152-20260916_215023,Charles,Smith,lydia35@example.org,1992-08-26,0114 4960312,"6 Mann Drive
Lyonsshire
E57 1GB",Female,Southgate Community & Mental Health NHS Trust,Asian,Japan,Dependent,Admin,Administrator,Emergency & Urgent Care,3,14.9,2024-09-02,2024-10-14,20.0,0.53,NMC,Permanent,Active,CY951185,2028-06-04,DI013575,2029-02-06,2027-06-04,2024-09-23
EMP0153-20260916_215023,Brandon,Thompson,rhys80@example.org,1995-01-25,(01632) 960303,"Studio 86
Hill Bypass
North Mandy
BN78 0YQ",Male,Horizon Integrated Health Partnership NHS Trust,Black,Trinidad and Tobago,Dependent,Nursing,Staff Nurse,Women & Children,5,19.02,2023-04-19,2023-05-24,18.75,0.5,GMC,Fixed Term,On Leave,TZ518652,2030-02-21,YM590118,2026-10-20,2027-05-08,2023-05-10
EMP0154-20260916_215023,Victor,Wood,reece33@example.com,1964-08-30,(0808) 157 0134,"Studio 3
Caroline Grove
Williamsonborough
N7 1GP",Female,Bluewater Community & Rehabilitation NHS Trust,Black,Trinidad and Tobago,ILR,Admin,Receptionist,Emergency & Urgent Care,3,15.37,2017-10-02,2017-11-06,20.0,0.53,NMC,Permanent,On Leave,QT956466,2029-09-18,GH641770,2028-05-16,2027-02-15,2017-10-23
EMP0155-20260916_215023,Matthew,Ryan,jasonmiah@example.net,1976-11-05,+44113 496 0735,"2 Stephens Centers
Port Danieltown
S80 7GU",Female,Greenhaven Acute & Specialist Care NHS Trust,White,United Kingdom,ILR,AHP,Pharmacist,Emergency & Urgent Care,5,20.94,2020-12-11,2021-01-22,37.5,1.0,None,Permanent,Active,KV857456,2030-07-08,NN467456,2027-01-23,2026-11-08,2021-01-01
EMP0156-20260916_215023,Aimee,West,lisa96@example.org,1962-02-21,+4428 9018 0605,"Flat 67
Hardy Spur
Bradleytown
N5 0ZT",Female,Riverside Integrated Care NHS Trust,White,Australia,British Citizen,AHP,Speech Therapist,Clinical Support Services,6,25.67,2025-12-30,2026-02-03,37.5,1.0,GMC,Fixed Term,On Leave,EF377623,2030-01-19,VL860205,2031-04-18,2027-01-09,2026-01-20
EMP0157-20260916_215023,Geraldine,Harvey,edward40@example.org,2007-12-29,+44115 496 0639,"1 Bradley Ports
Port Mohamed
E46 3BP",Female,Northshire University Hospitals NHS Trust,Black,South Africa,Dependent,Admin,Medical Secretary,Clinical Support Services,4,17.61,2021-06-28,2021-08-09,20.0,0.53,None,Bank,Inactive,EP781165,2031-04-23,TE844023,2026-11-17,2026-09-30,2021-07-19
EMP0158-20260916_215023,Carl,Jones,illoyd@example.net,1965-05-25,(0115)4960129,"Studio 89a
Janet Lights
Longport
NG8 3QD",Female,Riverbank General Hospitals NHS Trust,Asian,Japan,ILR,Medical,Registrar,Medicine & Acute Care,SPR,42.3,2019-09-11,2019-10-09,15.0,0.4,NMC,Permanent,Active,JK459586,2027-06-03,MD082046,2030-05-16,2027-08-30,2019-10-02
EMP0159-20260916_215023,Jack,Byrne,johnmark@example.net,1988-08-15,+44(0)131 4960068,"56 Maureen Bypass
Harrisshire
HD7 5YB",Male,Southgate Community & Mental Health NHS Trust,Black,Nigeria,British Citizen,AHP,Physiologist,Corporate Services,6,24.56,2020-03-04,2020-04-08,15.0,0.4,GMC,Permanent,On Leave,LH977118,2027-01-10,QI611128,2028-04-18,2027-05-28,2020-03-25
EMP0160-20260916_215023,Carly,Johnson,kayleigh80@example.net,1994-09-14,028 9018 0291,"Studio 9
Higgins Ranch
Francistown
HX88 6ZL",Male,Valleyview Mental Wellness NHS Trust,White,United States,ILR,AHP,Speech Therapist,Medicine & Acute Care,6,22.86,2025-09-08,2025-10-20,15.0,0.4,GMC,Bank,Suspended,BP051619,2028-11-09,OA815917,2028-12-08,2027-03-25,2025-09-29
EMP0161-20260916_215023,Cameron,James,mclarke@example.org,1985-09-20,+44(0)28 9018 0403,"654 Jones Road
Butlerland
G4 1JB",Male,Westborough Acute Care NHS Trust,Black,Jamaica,British Citizen,AHP,Radiographer,Clinical Support Services,6,24.51,2022-08-05,2022-09-02,37.5,1.0,HCPC,Fixed Term,Suspended,JW962728,2027-11-09,MX689876,2029-04-17,2027-05-07,2022-08-26
EMP0162-20260916_215023,Adrian,Webster,davislee@example.net,1997-05-27,0191 4960429,"2 Baker Drive
West Debraburgh
NP2M 9DY",Female,Northwood Mental Health NHS Trust,Mixed,Thailand,ILR,Medical,Registrar,Clinical Support Services,SPR,36.96,2024-01-25,2024-02-29,20.0,0.53,None,Permanent,Suspended,UF781367,2030-11-19,KA493085,2031-07-03,2026-11-15,2024-02-15
EMP0163-20260916_215023,Sophie,Fisher,nbarker@example.org,1970-05-22,+44141 496 0597,"Flat 10
Bruce Mission
Port Timothy
N3D 0BU",Male,Northwood Mental Health NHS Trust,White,Canada,ILR,Nursing,Ward Manager,Clinical Support Services,8A,28.9,2019-07-01,2019-08-05,37.5,1.0,NMC,Bank,Suspended,BP019998,2029-10-27,UF069919,2029-09-26,2026-12-09,2019-07-22
EMP0164-20260916_215023,June,Begum,godfreypaul@example.net,2005-08-24,0141 496 0177,"5 Cameron River
Butlerville
M6 9TG",Female,Northshire University Hospitals NHS Trust,Black,Trinidad and Tobago,Skilled Worker,Nursing,Ward Manager,Surgery & Cancer,8A,33.74,2025-07-23,2025-08-27,30.0,0.8,HCPC,Bank,Active,TL236903,2027-12-10,TE546538,2029-08-13,2027-04-22,2025-08-13
EMP0165-20260916_215023,Margaret,Hawkins,lydia88@example.org,1979-10-22,+441632960203,"8 Bradshaw Curve
Port Kerry
LS5 2QN",Female,Greenhaven Acute & Specialist Care NHS Trust,Asian,India,British Citizen,Medical,Registrar,Emergency & Urgent Care,SPR,34.89,2020-06-02,2020-07-07,37.5,1.0,None,Bank,Active,FG294907,2027-09-06,DS336802,2027-12-06,2026-09-25,2020-06-23
EMP0166-20260916_215023,Stephanie,Hughes,ysutton@example.com,1969-02-06,03069990625,"Studio 9
Gray Ridge
Leighland
E7 2HN",Male,Broadfield Clinical Services NHS Trust,Black,Kenya,British Citizen,Admin,Medical Secretary,Corporate Services,4,17.22,2020-01-16,2020-02-20,18.75,0.5,GMC,Bank,Inactive,WD405705,2028-11-27,VX207773,2030-03-09,2026-12-14,2020-02-06
EMP0167-20260916_215023,June,Morton,bwade@example.net,1993-10-26,+441154960017,"295 Elliott Road
Joshuafort
E8S 2TD",Female,Horizon Integrated Health Partnership NHS Trust,White,United Kingdom,British Citizen,Admin,Administrator,Clinical Support Services,3,14.23,2025-01-15,2025-02-26,15.0,0.4,NMC,Bank,Active,WT769683,2031-07-04,QP936685,2031-08-02,2027-05-15,2025-02-05
EMP0168-20260916_215023,Ross,Collins,clarkmalcolm@example.com,1973-06-23,+44116 496 0061,"3 Jordan Viaduct
Louisetown
TN1 7YW",Female,Greenhaven Acute & Specialist Care NHS Trust,Asian,India,ILR,Admin,Administrator,Emergency & Urgent Care,3,16.02,2024-03-22,2024-04-26,20.0,0.53,GMC,Bank,Active,LF537672,2029-09-30,UH211748,2028-05-03,2027-01-07,2024-04-12
EMP0169-20260916_215023,Max,Taylor,charlotteharris@example.net,1998-01-28,01314960721,"8 Darren Plain
Melanietown
S8D 8BN",Male,Westborough Acute Care NHS Trust,Mixed,Canada,Skilled Worker,Medical,GP,Clinical Support Services,GP,57.56,2022-01-13,2022-02-17,18.75,0.5,NMC,Fixed Term,Active,XV539427,2029-05-24,EA455078,2027-12-08,2027-09-03,2022-02-03
EMP0170-20260916_215023,Jill,Davies,owendylan@example.com,1997-05-03,0292018513,"Flat 4
May Row
New Bryanville
L48 7XY",Female,Northwood Mental Health NHS Trust,Black,Trinidad and Tobago,Dependent,Nursing,Senior Staff Nurse,Surgery & Cancer,6,22.87,2021-01-25,2021-03-01,18.75,0.5,HCPC,Bank,On Leave,FP827958,2028-06-21,ZH218558,2029-01-21,2026-12-01,2021-02-15
EMP0171-20260916_215023,Kieran,Morgan,rhys91@example.net,1969-06-30,(0306) 9990941,"7 Diane Meadow
Rhodesbury
B3G 3GU",Female,Riverside Integrated Care NHS Trust,Asian,India,Dependent,Admin,Administrator,Emergency & Urgent Care,3,13.95,2016-10-09,2016-11-20,15.0,0.4,None,Fixed Term,On Leave,DG220810,2027-10-25,WC120179,2030-05-04,2027-07-18,2016-10-30
EMP0172-20260916_215023,Duncan,Bell,hussainstuart@example.org,2006-07-28,029 2018 0791,"31 Charlene Grove
Gemmachester
NP9H 1SR",Male,Eastmoor Teaching Hospitals NHS Trust,Mixed,New Zealand,Skilled Worker,AHP,Occupational Therapist,Surgery & Cancer,6,25.48,2018-06-28,2018-08-02,30.0,0.8,NMC,Permanent,Active,HZ596727,2027-05-19,II358884,2027-10-13,2027-04-23,2018-07-19
EMP0173-20260916_215023,Emma,Thornton,youngrobert@example.net,1965-12-24,01164960870,"840 Aimee Creek
Rogersville
DG76 2TQ",Female,Eastmoor Teaching Hospitals NHS Trust,White,Canada,Dependent,Admin,Receptionist,Medicine & Acute Care,3,14.66,2018-10-27,2018-12-08,15.0,0.4,NMC,Bank,On Leave,IE975871,2029-12-30,LA027652,2031-03-02,2027-09-14,2018-11-17
EMP0174-20260916_215023,Pauline,Wright,oalexander@example.net,1986-09-06,0306 999 0712,"Flat 46Z
Fisher Meadow
East Franceshaven
IV9P 6GT",Male,Horizon Integrated Health Partnership NHS Trust,White,United States,ILR,Admin,Data Analyst,Clinical Support Services,8A,35.37,2019-11-29,2020-01-10,20.0,0.53,GMC,Permanent,On Leave,BT954123,2027-12-31,BN002040,2028-10-19,2027-08-11,2019-12-20
EMP0175-20260916_215023,David,Barnett,upatterson@example.org,1962-10-21,(0118)4960903,"Studio 2
Lee Trace
Port Leonardport
N0G 8DT",Male,Bluewater Community & Rehabilitation NHS Trust,White,United Kingdom,Dependent,Medical,GP,Corporate Services,GP,49.68,2017-10-13,2017-11-17,18.75,0.5,HCPC,Fixed Term,Suspended,JW693495,2027-09-29,QP585483,2029-03-24,2026-10-04,2017-11-03
EMP0176-20260916_215023,Teresa,Martin,wrightzoe@example.org,1961-09-02,(028) 9018005,"022 Ryan Mountain
New Margaretton
N6T 1PS",Male,Riverside Integrated Care NHS Trust,Mixed,United States,Skilled Worker,AHP,Radiographer,Critical Care & Anaesthesia,6,23.95,2018-11-04,2018-12-16,15.0,0.4,HCPC,Permanent,Suspended,HV526571,2031-02-05,AN141074,2027-08-08,2027-09-12,2018-11-25
EMP0177-20260916_215023,Geoffrey,Swift,joneskeith@example.net,1961-01-27,+44151 496 0911,"Studio 97m
Abbott Junction
West Marcusshire
S1 0NS",Male,Westborough Acute Care NHS Trust,Black,Trinidad and Tobago,British Citizen,Nursing,Senior Staff Nurse,Women & Children,6,24.67,2016-11-18,2016-12-16,20.0,0.53,None,Fixed Term,Active,NT136632,2031-03-28,DA938537,2029-09-29,2027-02-14,2016-12-09
EMP0178-20260916_215023,Roy,White,damienwoods@example.com,1991-08-09,0161 4960824,"4 Sykes Branch
Port Mohamedhaven
AL9B 6LW",Male,Meadowbrook Community Health NHS Trust,Black,Nigeria,Skilled Worker,Medical,GP,Surgery & Cancer,GP,54.12,2023-02-09,2023-03-23,20.0,0.53,HCPC,Fixed Term,Suspended,IJ127294,2029-10-26,VV484670,2027-01-15,2026-12-20,2023-03-02
EMP0179-20260916_215023,Philip,Hunter,pwilliams@example.com,2008-02-22,(0114) 4960805,"Flat 14t
Lewis Unions
Taylorland
ML63 5FR",Male,Greenhaven Acute & Specialist Care NHS Trust,Mixed,Jamaica,Dependent,AHP,Radiographer,Corporate Services,6,27.31,2017-11-30,2017-12-28,30.0,0.8,None,Fixed Term,Inactive,WR940009,2027-12-21,OY204246,2030-10-15,2027-06-23,2017-12-21
EMP0180-20260916_215023,Angela,Patel,nicholasblack@example.net,1999-04-22,+44(0)1174960459,"54 Anna Pines
Darrenton
DG6 3XA",Female,Westborough Acute Care NHS Trust,Black,Kenya,ILR,Admin,Medical Secretary,Corporate Services,4,18.93,2021-05-21,2021-06-25,15.0,0.4,GMC,Permanent,Inactive,UE719031,2027-02-19,OL714061,2031-04-28,2027-01-17,2021-06-11
EMP0181-20260916_215023,Nathan,Moore,ejohnson@example.org,1986-01-04,(0191) 4960460,"Flat 67
Roberts Parkways
Norriston
SR12 7FB",Female,Meadowbrook Community Health NHS Trust,Black,Ghana,ILR,AHP,Occupational Therapist,Critical Care & Anaesthesia,6,25.06,2017-09-17,2017-10-22,30.0,0.8,NMC,Bank,On Leave,LL640519,2029-12-24,LM093565,2029-09-02,2027-02-22,2017-10-08
EMP0182-20260916_215023,Jenna,Cook,carolynkennedy@example.net,2000-07-11,(0118)4960485,"05 Price Mount
Fraserhaven
SP22 8PX",Male,Northwood Mental Health NHS Trust,Mixed,Trinidad and Tobago,ILR,AHP,Radiographer,Critical Care & Anaesthesia,6,27.52,2020-02-22,2020-03-28,20.0,0.53,GMC,Permanent,Active,QU325754,2028-01-13,KG964012,2030-10-13,2027-01-05,2020-03-14
EMP0183-20260916_215023,Abbie,Foster,wendyarmstrong@example.org,1985-12-31,+44115 4960208,"Studio 0
Haynes Mountain
Iainfort
S3 6ZP",Male,Southvale Hospitals NHS Trust,Black,South Africa,British Citizen,Nursing,Nursery Nurse,Clinical Support Services,2,14.32,2021-10-11,2021-11-15,20.0,0.53,NMC,Fixed Term,Inactive,IW217119,2030-10-01,KI057812,2028-08-20,2027-02-23,2021-11-01
EMP0184-20260916_215023,Christine,Williams,garyjones@example.net,1960-09-20,+441174960900,"2 Ricky Hollow
East Elizabethfurt
E8 2XH",Female,Riverbank General Hospitals NHS Trust,Black,South Africa,Dependent,AHP,Physiologist,Critical Care & Anaesthesia,6,25.69,2021-07-23,2021-08-20,15.0,0.4,NMC,Fixed Term,On Leave,FK020701,2029-05-03,YE925362,2031-06-22,2026-12-25,2021-08-13
EMP0185-20260916_215023,Sam,Pearson,hydeanna@example.org,1978-10-20,(0113) 4960357,"Flat 43D
Connor Bypass
Port Janet
WC9 2DG",Female,Eastfield Psychological Services NHS Trust,Black,South Africa,Skilled Worker,AHP,Physiotherapist,Surgery & Cancer,6,25.21,2019-11-11,2019-12-23,37.5,1.0,HCPC,Permanent,Active,ZG851713,2028-07-07,DU244416,2029-12-01,2027-03-28,2019-12-02
EMP0186-20260916_215023,Georgina,Robson,joseph06@example.net,1985-02-09,01144960413,"164 Joe Terrace
Grahamville
LA3W 8RP",Male,Oakridge Community Services NHS Trust,Mixed,Thailand,ILR,AHP,Pharmacist,Clinical Support Services,5,19.43,2021-08-21,2021-09-18,30.0,0.8,None,Permanent,Suspended,XJ893113,2030-11-30,ZN980916,2031-07-11,2026-10-10,2021-09-11
EMP0187-20260916_215023,Douglas,Dunn,gthompson@example.org,1990-09-17,0131 496 0073,"186 Vincent Neck
Dennistown
BL93 9YE",Male,Broadfield Clinical Services NHS Trust,Mixed,South Africa,Dependent,Admin,Receptionist,Emergency & Urgent Care,3,13.6,2022-04-14,2022-05-19,15.0,0.4,GMC,Bank,Inactive,ET027154,2031-05-01,FZ475039,2031-05-20,2027-08-20,2022-05-05
EMP0188-20260916_215023,Patrick,Johnson,boylericky@example.net,1984-03-08,+44306 9990547,"Studio 23x
Curtis Circle
Port Marionstad
NR72 2JZ",Female,Northshire University Hospitals NHS Trust,Mixed,Thailand,Skilled Worker,AHP,Pharmacist,Clinical Support Services,5,21.56,2021-05-19,2021-06-30,18.75,0.5,NMC,Fixed Term,Suspended,NH442421,2028-03-01,MD080896,2028-10-22,2026-10-23,2021-06-09
EMP0189-20260916_215023,Jenna,Walters,bradleywood@example.org,1967-05-28,0808 1570745,"Studio 02
Abdul Via
Brownmouth
W6 0YQ",Male,Northshire University Hospitals NHS Trust,Asian,Japan,Dependent,AHP,Radiographer,Emergency & Urgent Care,6,25.06,2016-12-18,2017-01-22,15.0,0.4,None,Fixed Term,Active,LA634888,2027-08-14,WX858034,2029-10-29,2027-05-23,2017-01-08
EMP0190-20260916_215023,Maureen,James,dmurphy@example.com,1981-10-23,+44131 496 0543,"65 Evans Heights
Walkerbury
B74 6WQ",Female,Eastfield Psychological Services NHS Trust,Asian,Thailand,Dependent,Nursing,Charge Nurse,Surgery & Cancer,7,30.9,2020-05-01,2020-06-12,30.0,0.8,GMC,Permanent,On Leave,KH996764,2029-03-03,TA442207,2027-11-24,2026-10-27,2020-05-22
EMP0191-20260916_215023,Rita,Taylor,alan49@example.net,1970-03-24,(0116) 496 0777,"Studio 91I
Vanessa Square
Lake Caroline
B1 2QQ",Female,Westborough Acute Care NHS Trust,Black,Kenya,Dependent,Medical,GP,Medicine & Acute Care,GP,56.84,2022-09-15,2022-10-20,20.0,0.53,HCPC,Fixed Term,Active,SB691342,2031-07-01,VW946314,2031-06-02,2027-05-19,2022-10-06
EMP0192-20260916_215023,Kate,Martin,kimrichardson@example.org,1990-01-26,+441314960038,"Studio 53
Taylor Hill
Port Jonathan
TR33 2WX",Female,Northshire University Hospitals NHS Trust,Mixed,United States,ILR,Nursing,Healthcare Assistant,Medicine & Acute Care,2,12.79,2025-06-03,2025-07-01,37.5,1.0,HCPC,Permanent,Inactive,IK982631,2030-05-18,OA509517,2028-04-11,2027-01-19,2025-06-24
EMP0193-20260916_215023,Ashleigh,Payne,rosemary71@example.org,1979-11-24,01184960872,"39 Jenna Valley
Duncanview
BL59 3BT",Female,Riverside Integrated Care NHS Trust,Black,Barbados,Skilled Worker,AHP,Speech Therapist,Corporate Services,6,23.82,2023-02-21,2023-04-04,18.75,0.5,NMC,Fixed Term,Inactive,DI103584,2029-06-04,SA575344,2031-06-20,2027-03-18,2023-03-14
EMP0194-20260916_215023,Vanessa,Edwards,waynelowe@example.net,1968-03-21,(0161) 496 0437,"49 Sullivan Harbors
East Leigh
KT7M 4GN",Male,Meadowbrook Community Health NHS Trust,Asian,India,British Citizen,Nursing,Senior Staff Nurse,Medicine & Acute Care,6,23.63,2021-04-22,2021-06-03,37.5,1.0,NMC,Fixed Term,Inactive,JN105861,2030-11-24,UD672804,2026-09-30,2027-09-11,2021-05-13
EMP0195-20260916_215023,Leon,Evans,gillian74@example.org,1977-03-18,01632960279,"661 Carey Flats
Daviesfurt
CH2 8GU",Female,Broadfield Clinical Services NHS Trust,Asian,Thailand,British Citizen,Medical,FY1/FY2,Emergency & Urgent Care,FY1,19.47,2017-05-23,2017-06-20,18.75,0.5,HCPC,Fixed Term,Inactive,QY033938,2030-12-17,XD983833,2030-03-30,2026-11-10,2017-06-13
EMP0196-20260916_215023,Robert,Chadwick,janetwong@example.net,1999-09-23,+44(0)131 4960103,"Studio 17
Vincent Mount
New Gavin
G6K 9LF",Male,Valleyview Mental Wellness NHS Trust,White,Canada,Dependent,AHP,Radiographer,Medicine & Acute Care,6,27.33,2018-12-13,2019-01-24,18.75,0.5,GMC,Fixed Term,Inactive,XI411900,2030-11-01,TW447240,2029-01-09,2026-12-13,2019-01-03
EMP0197-20260916_215023,Jill,Wilkinson,phillipsbethany@example.net,1992-09-07,0115 4960109,"Studio 6
Rowley Port
Evansshire
B5 4RE",Female,Eastmoor Teaching Hospitals NHS Trust,Mixed,United States,Dependent,Nursing,Healthcare Assistant,Emergency & Urgent Care,2,14.07,2025-01-31,2025-03-07,18.75,0.5,NMC,Permanent,Inactive,KG080229,2028-06-21,JC109246,2027-08-05,2026-11-15,2025-02-21
EMP0198-20260916_215023,Amy,Holt,smorris@example.com,1990-08-01,+44(0)115 496 0066,"388 Campbell Land
West Conortown
CT50 6XU",Female,Westmere Community Health NHS Trust,White,Canada,Skilled Worker,AHP,Physiologist,Women & Children,6,25.49,2019-10-29,2019-11-26,37.5,1.0,NMC,Fixed Term,On Leave,HE265433,2029-08-28,OH779129,2031-07-12,2026-12-04,2019-11-19
EMP0199-20260916_215023,Alison,Jones,justin81@example.org,1972-05-12,(01632)960136,"Studio 40D
Jack Drive
Port Marilynport
N1 5HJ",Male,Eastfield Psychological Services NHS Trust,Black,Kenya,Skilled Worker,AHP,Speech Therapist,Surgery & Cancer,6,24.78,2020-07-19,2020-08-16,18.75,0.5,HCPC,Permanent,On Leave,HV531268,2031-05-18,JI995804,2030-07-20,2027-08-09,2020-08-09
EMP0200-20260916_215023,Elaine,Jones,colepaul@example.org,1991-11-23,+4429 2018575,"2 Shirley Loaf
Carolyntown
CA9H 5HL",Male,Westmere Community Health NHS Trust,White,Australia,ILR,Nursing,Healthcare Assistant,Corporate Services,2,12.43,2024-05-05,2024-06-09,37.5,1.0,NMC,Permanent,Active,DN058680,2028-04-07,XT429116,2031-06-20,2027-04-14,2024-05-26
EMP0201-20260916_215023,Martyn,Thompson,campbellmalcolm@example.org,1965-11-05,0117 4960608,"00 Caroline Cliff
East Georgialand
LN1 0LN",Male,Southvale Hospitals NHS Trust,Mixed,Trinidad and Tobago,Skilled Worker,Medical,GP,Clinical Support Services,GP,61.29,2022-01-03,2022-02-14,15.0,0.4,GMC,Permanent,Active,VE198753,2029-12-13,XY646782,2030-09-19,2027-07-10,2022-01-24
EMP0202-20260916_215023,Gordon,Vincent,whunter@example.org,1964-09-08,+44(0)8081570824,"62 Simon Lights
Leanneshire
G7 6TF",Female,Oakridge Community Services NHS Trust,Asian,Thailand,British Citizen,AHP,Pharmacist,Surgery & Cancer,5,21.48,2026-08-25,2026-10-06,37.5,1.0,NMC,Fixed Term,On Leave,BZ933117,2030-11-28,TL274081,2031-08-03,2027-07-10,2026-09-15
EMP0203-20260916_215023,Zoe,Edwards,welchzoe@example.com,1984-09-11,+44151 4960333,"8 Coleman Skyway
West Harrietville
TR0 4NP",Female,Broadfield Clinical Services NHS Trust,Mixed,Thailand,Skilled Worker,Admin,Medical Secretary,Critical Care & Anaesthesia,4,16.56,2022-12-23,2023-01-27,30.0,0.8,GMC,Bank,Inactive,XV452317,2030-02-21,GF377862,2029-09-09,2026-10-17,2023-01-13
EMP0204-20260916_215023,Ashleigh,Pearson,valerie55@example.net,1998-03-24,(0808) 157 0230,"Studio 71c
Molly Islands
Port Annview
RM85 5AE",Male,Eastmoor Teaching Hospitals NHS Trust,Asian,China,ILR,Nursing,Healthcare Assistant,Clinical Support Services,2,12.99,2023-07-20,2023-08-31,15.0,0.4,HCPC,Bank,Active,XA821645,2031-06-11,HW408783,2029-08-19,2027-04-25,2023-08-10
EMP0205-20260916_215023,Lee,Clarke,birdluke@example.com,1986-05-07,+44(0)121 496 0769,"521 Hill Junctions
Susanside
SO4B 8JS",Male,Southgate Community & Mental Health NHS Trust,Mixed,China,British Citizen,Medical,Registrar,Surgery & Cancer,SPR,37.82,2017-05-13,2017-06-17,18.75,0.5,HCPC,Bank,On Leave,MU365511,2028-04-14,LM973296,2028-08-25,2027-08-20,2017-06-03
EMP0206-20260916_215023,Suzanne,Williams,greenmarian@example.com,1970-01-22,+44(0)8081570536,"114 Wendy Parks
Annfurt
PA7W 3XE",Female,Bluewater Community & Rehabilitation NHS Trust,Mixed,China,Skilled Worker,AHP,Pharmacist,Critical Care & Anaesthesia,5,19.65,2025-05-31,2025-06-28,15.0,0.4,GMC,Fixed Term,Inactive,RR342728,2030-02-09,HT213819,2029-01-26,2026-10-08,2025-06-21
EMP0207-20260916_215023,David,Rowe,onash@example.net,1979-04-14,0118 496 0994,"6 Dorothy Crossing
East Barbara
HD9 7PR",Female,Northshire University Hospitals NHS Trust,Asian,Thailand,British Citizen,Nursing,Ward Manager,Women & Children,8A,29.68,2019-05-30,2019-07-11,20.0,0.53,HCPC,Bank,Inactive,WJ939047,2029-03-16,CR345300,2029-06-15,2027-06-20,2019-06-20
EMP0208-20260916_215023,Francis,Williams,turnerluke@example.net,1968-06-02,(0121) 496 0549,"Flat 15b
Jay Pike
Dominicborough
GL39 3XL",Male,Horizon Integrated Health Partnership NHS Trust,Mixed,Trinidad and Tobago,ILR,Admin,Medical Secretary,Women & Children,4,18.15,2023-08-23,2023-09-27,20.0,0.53,NMC,Bank,Active,FU008673,2028-04-01,LV617174,2030-11-20,2027-07-11,2023-09-13
EMP0209-20260916_215023,Henry,Howell,tony61@example.com,2000-04-12,0118 496 0503,"Flat 1
Reid Via
West Tina
TQ1W 6SW",Male,Riverside Integrated Care NHS Trust,Asian,India,Skilled Worker,Medical,Consultant,Corporate Services,CONS,52.97,2019-10-29,2019-12-10,20.0,0.53,HCPC,Fixed Term,On Leave,EV806209,2027-11-10,FI075663,2030-07-13,2027-06-27,2019-11-19
EMP0210-20260916_215023,Gregory,Richardson,justinthomas@example.net,2004-12-15,+44306 9990203,"9 Taylor Bypass
Stanleyville
E5 0NT",Male,Horizon Integrated Health Partnership NHS Trust,Mixed,Barbados,British Citizen,AHP,Speech Therapist,Medicine & Acute Care,6,26.7,2026-06-16,2026-07-14,20.0,0.53,GMC,Permanent,Suspended,MV576181,2029-10-25,IJ936009,2028-04-14,2027-06-12,2026-07-07
EMP0211-20260916_215023,Louise,Gray,victoriapotter@example.net,1983-03-31,(0808) 1570462,"Flat 8
Mandy Heights
North Jayne
L43 3FF",Male,Westborough Acute Care NHS Trust,Black,Nigeria,Skilled Worker,AHP,Speech Therapist,Medicine & Acute Care,6,27.3,2019-04-03,2019-05-01,15.0,0.4,GMC,Bank,Inactive,JX938126,2028-09-09,AI297843,2027-10-23,2027-07-03,2019-04-24
EMP0212-20260916_215023,Mohammed,Ball,yvonnerogers@example.org,1971-05-14,(0116) 496 0842,"732 Ellis Garden
Port Karenton
TD5P 5ND",Female,Riverbank General Hospitals NHS Trust,Black,Jamaica,ILR,Admin,Receptionist,Critical Care & Anaesthesia,3,13.99,2016-12-15,2017-01-12,20.0,0.53,None,Permanent,Active,IV379412,2030-09-11,VG789145,2027-03-23,2027-04-29,2017-01-05
EMP0213-20260916_215023,Judith,Bradley,gareth19@example.org,1977-05-31,01632 960 883,"8 Taylor Groves
Rhodesbury
PE5B 2AH",Female,Greenhaven Acute & Specialist Care NHS Trust,Black,Ghana,Dependent,Medical,SHO,Surgery & Cancer,SHO,29.83,2021-02-21,2021-03-21,37.5,1.0,None,Fixed Term,Suspended,MC130406,2029-06-11,BT263122,2028-12-26,2027-03-10,2021-03-14
EMP0214-20260916_215023,Suzanne,Nelson,patriciaedwards@example.com,2004-10-11,+44(0)141 496 0004,"959 Gardner Manors
North Cliveland
G76 1WL",Male,Eastmoor Teaching Hospitals NHS Trust,Asian,India,Skilled Worker,Medical,FY1/FY2,Medicine & Acute Care,FY1,21.0,2018-01-30,2018-03-13,18.75,0.5,GMC,Bank,On Leave,ZB650025,2029-12-11,OI636139,2027-10-08,2027-07-15,2018-02-20
EMP0215-20260916_215023,Arthur,Iqbal,curtisjason@example.net,1976-11-03,+441632 960779,"Flat 98C
Suzanne Alley
Stewartland
G21 8XQ",Male,Horizon Integrated Health Partnership NHS Trust,Black,Jamaica,Skilled Worker,Nursing,Staff Nurse,Emergency & Urgent Care,5,22.77,2023-12-22,2024-02-02,18.75,0.5,HCPC,Permanent,Suspended,ZR175163,2030-11-12,BS478572,2029-10-16,2026-10-28,2024-01-12
EMP0216-20260916_215023,Alex,Thompson,agilbert@example.net,1964-08-15,+44(0)141 496 0268,"Flat 15Y
Francesca Prairie
Port Charlesshire
W1 9BX",Male,Eastfield Psychological Services NHS Trust,Mixed,New Zealand,Skilled Worker,AHP,Speech Therapist,Medicine & Acute Care,6,25.5,2021-06-01,2021-07-06,18.75,0.5,HCPC,Permanent,Active,IH283669,2029-08-12,EA397766,2027-04-03,2026-12-11,2021-06-22
EMP0217-20260916_215023,Bradley,Davis,emma54@example.net,1980-10-11,0909 8790922,"83 Karl Valleys
Dianabury
M54 7RH",Female,Lakeside District Hospitals NHS Trust,Black,South Africa,Skilled Worker,Admin,Administrator,Clinical Support Services,3,13.55,2018-09-14,2018-10-19,18.75,0.5,NMC,Fixed Term,On Leave,BC045769,2027-01-05,MQ403468,2030-04-22,2027-04-18,2018-10-05
EMP0218-20260916_215023,Daniel,Bentley,fhewitt@example.net,1982-04-22,+44117 496 0228,"6 Begum Burgs
Howardfort
B2F 5FH",Female,Broadfield Clinical Services NHS Trust,White,United Kingdom,Skilled Worker,Admin,Administrator,Surgery & Cancer,3,14.78,2022-05-04,2022-06-08,37.5,1.0,None,Permanent,On Leave,RQ674417,2028-04-20,UA071154,2031-07-01,2027-03-11,2022-05-25
EMP0219-20260916_215023,Ricky,Leach,dickinsonjanet@example.net,1984-04-04,01914960364,"Flat 51
Rosemary Parkway
Evanshaven
W0D 0TJ",Male,Northshire University Hospitals NHS Trust,Mixed,China,Skilled Worker,Nursing,Healthcare Assistant,Women & Children,2,13.74,2025-02-15,2025-03-15,20.0,0.53,NMC,Bank,Active,UU542342,2028-07-07,UZ590278,2028-03-17,2026-12-02,2025-03-08
EMP0220-20260916_215023,Sheila,Martin,eileendaly@example.org,2003-02-07,(0909)8790660,"15 Lee Union
New Victorhaven
DL3 0SA",Female,Broadfield Clinical Services NHS Trust,White,United States,Dependent,Medical,GP,Clinical Support Services,GP,59.56,2018-06-13,2018-07-11,20.0,0.53,None,Bank,Active,BY472940,2029-06-13,MJ219872,2030-08-26,2026-10-27,2018-07-04
EMP0221-20260916_215023,Jayne,Francis,peterfrench@example.org,1997-04-13,028 9018451,"Flat 1
Griffiths Forest
East Brandonside
S55 1JP",Female,Riverbank General Hospitals NHS Trust,Mixed,Jamaica,Dependent,Nursing,Ward Manager,Medicine & Acute Care,8A,31.62,2023-01-21,2023-02-18,20.0,0.53,GMC,Bank,On Leave,NW265522,2031-01-31,OB271749,2026-11-19,2027-04-08,2023-02-11
EMP0222-20260916_215023,Wendy,Brown,martynjones@example.org,1968-10-02,+44(0)1514960345,"Studio 65g
Martyn Mill
Geoffreyhaven
L87 4XE",Male,Riverbank General Hospitals NHS Trust,Mixed,China,British Citizen,Nursing,Staff Nurse,Surgery & Cancer,5,19.07,2023-05-18,2023-06-29,18.75,0.5,HCPC,Bank,Inactive,FE349705,2030-08-24,YU311411,2026-12-14,2027-03-24,2023-06-08
EMP0223-20260916_215023,Molly,Shepherd,stanley12@example.org,1968-06-11,(0141)4960381,"707 Alexandra Streets
North Jonathantown
WS18 7RJ",Female,Southvale Hospitals NHS Trust,Mixed,China,Skilled Worker,Admin,Medical Secretary,Critical Care & Anaesthesia,4,19.43,2017-06-26,2017-07-31,18.75,0.5,NMC,Permanent,Inactive,VQ178091,2030-03-11,GS962889,2029-02-19,2027-08-22,2017-07-17
EMP0224-20260916_215023,Paige,Joyce,wgray@example.org,1978-03-21,+441914960436,"Studio 71r
Warren Spring
Bethmouth
ST5R 6FN",Male,Riverbank General Hospitals NHS Trust,Black,Jamaica,Skilled Worker,Medical,SHO,Critical Care & Anaesthesia,SHO,28.13,2017-10-14,2017-11-11,15.0,0.4,None,Fixed Term,Suspended,HK460921,2030-07-24,CQ249056,2028-07-11,2026-09-22,2017-11-04
EMP0225-20260916_215023,Angela,Fletcher,malcolmpage@example.com,1967-12-02,(0115)4960072,"902 Shannon Brooks
Port Heathershire
SM4 3AR",Male,Broadfield Clinical Services NHS Trust,Black,Ghana,Skilled Worker,Nursing,Ward Manager,Emergency & Urgent Care,8A,30.45,2017-02-21,2017-03-28,18.75,0.5,GMC,Bank,Inactive,SZ685884,2031-05-16,CX828529,2026-11-04,2027-01-09,2017-03-14
EMP0226-20260916_215023,Kathryn,French,cooperpauline@example.net,2000-05-09,+441144960688,"405 Page Inlet
Garymouth
W9 4WQ",Female,Valleyview Mental Wellness NHS Trust,Mixed,Australia,ILR,Medical,SHO,Emergency & Urgent Care,SHO,30.07,2017-07-09,2017-08-13,15.0,0.4,HCPC,Bank,On Leave,UD544494,2028-09-16,AA908780,2029-02-19,2027-07-31,2017-07-30
EMP0227-20260916_215023,Amanda,James,leahward@example.net,2008-06-16,+44292018049,"31 Johnson Trail
West Cameronborough
FK0 1GU",Male,Westmere Community Health NHS Trust,Black,Barbados,British Citizen,Medical,FY1/FY2,Emergency & Urgent Care,FY1,20.11,2022-02-12,2022-03-19,37.5,1.0,GMC,Bank,On Leave,MN105333,2030-10-07,DD727402,2028-02-06,2026-12-16,2022-03-05
EMP0228-20260916_215023,Donna,Peters,dfarmer@example.com,1977-12-20,+44115 4960390,"14 Anthony Well
Nichollsmouth
W12 0FJ",Female,Greenhaven Acute & Specialist Care NHS Trust,White,New Zealand,British Citizen,Medical,FY1/FY2,Women & Children,FY1,19.38,2026-02-03,2026-03-03,15.0,0.4,NMC,Permanent,Active,SU566407,2029-04-20,QN125270,2027-07-13,2026-10-07,2026-02-24
EMP0229-20260916_215023,Lindsey,Khan,joycedunn@example.org,1979-08-07,0114 4960599,"Studio 90X
Molly Track
New Carlstad
W89 6EU",Male,Horizon Integrated Health Partnership NHS Trust,Black,Trinidad and Tobago,British Citizen,Admin,Medical Secretary,Corporate Services,4,16.26,2022-02-20,2022-04-03,18.75,0.5,HCPC,Fixed Term,Suspended,QM777218,2029-08-04,BW402820,2031-02-18,2027-03-19,2022-03-13
EMP0230-20260916_215023,Ashleigh,Watts,samantha82@example.org,2008-05-25,0117 4960045,"Flat 06T
Riley Shoals
Hutchinsonmouth
KA4H 8PB",Male,Riverbank General Hospitals NHS Trust,Asian,India,Dependent,Admin,Administrator,Corporate Services,3,13.72,2023-11-26,2024-01-07,37.5,1.0,HCPC,Permanent,Inactive,UO132982,2030-07-10,BI842285,2027-06-09,2027-05-03,2023-12-17
EMP0231-20260916_215023,Martin,Quinn,yvonnecooper@example.com,1991-05-14,(0118)4960146,"6 Stanley Club
Conorside
PE2 1QU",Female,Bluewater Community & Rehabilitation NHS Trust,White,United Kingdom,Dependent,AHP,Pharmacist,Surgery & Cancer,5,20.57,2017-04-17,2017-05-29,20.0,0.53,None,Bank,On Leave,CD735789,2027-12-12,HZ711348,2031-05-17,2027-03-31,2017-05-08
EMP0232-20260916_215023,Christopher,Glover,hgibson@example.com,1986-03-07,0151 496 0822,"5 Reed Parks
North Danny
CA7B 4TA",Male,Westborough Acute Care NHS Trust,Mixed,Australia,Skilled Worker,AHP,Physiotherapist,Critical Care & Anaesthesia,6,25.94,2020-06-06,2020-07-11,37.5,1.0,GMC,Fixed Term,Active,ZW187815,2029-07-03,CN739685,2030-02-14,2027-05-23,2020-06-27
EMP0233-20260916_215023,Annette,Jones,jhopkins@example.com,1999-06-27,+44(0)808 1570776,"649 Connolly Camp
Smithmouth
N79 5UU",Male,Northwood Mental Health NHS Trust,Mixed,Ghana,British Citizen,AHP,Physiologist,Corporate Services,6,26.94,2019-10-12,2019-11-09,30.0,0.8,None,Fixed Term,Suspended,WT287672,2030-06-06,RP587028,2030-06-14,2026-11-13,2019-11-02
EMP0234-20260916_215023,Jill,Burton,zbruce@example.net,1985-07-03,(01632)960915,"Flat 8
Smith Ranch
North Ross
GU6 7UT",Male,Riverside Integrated Care NHS Trust,Asian,China,Dependent,Admin,Receptionist,Medicine & Acute Care,3,13.43,2020-06-22,2020-07-20,15.0,0.4,None,Permanent,On Leave,LF796700,2027-02-02,DX145156,2030-12-15,2027-02-03,2020-07-13
EMP0235-20260916_215023,Joanna,Crawford,mariawatts@example.org,1989-06-11,+44(0)115 4960400,"05 Cross Walks
South Gailmouth
S7 8FX",Female,Hillcrest Medical Centres NHS Trust,Asian,China,ILR,Admin,Data Analyst,Women & Children,8A,30.33,2019-06-04,2019-07-09,18.75,0.5,None,Permanent,On Leave,KN249158,2031-06-10,UV298513,2030-10-23,2027-03-18,2019-06-25
EMP0236-20260916_215023,Annette,Davis,pthompson@example.org,2003-02-22,(0121) 496 0396,"58 Derek Trail
New Vincentmouth
SY0 0NN",Male,Horizon Integrated Health Partnership NHS Trust,Mixed,New Zealand,Skilled Worker,Nursing,Nursery Nurse,Corporate Services,2,13.94,2018-10-10,2018-11-21,15.0,0.4,NMC,Bank,On Leave,YH606782,2027-06-05,NR059895,2029-06-27,2026-10-23,2018-10-31
EMP0237-20260916_215023,Lydia,Williams,moorepamela@example.net,1980-07-24,+44(0)116 4960779,"9 Jayne Isle
Henryfort
NN9M 9BD",Male,Northshire University Hospitals NHS Trust,Black,South Africa,ILR,Admin,Receptionist,Corporate Services,3,14.94,2017-10-24,2017-11-21,37.5,1.0,NMC,Permanent,On Leave,OB819035,2030-10-08,DT951739,2030-04-15,2027-05-07,2017-11-14
EMP0238-20260916_215023,Jemma,Thomson,eleanor95@example.org,2007-01-11,+44(0)808 1570068,"42 Blackburn Corner
Lake Jacqueline
L28 8GW",Female,Lakeside District Hospitals NHS Trust,Asian,Thailand,British Citizen,Medical,Consultant,Critical Care & Anaesthesia,CONS,67.81,2022-04-30,2022-05-28,20.0,0.53,NMC,Bank,Active,FS540969,2029-06-13,RL083676,2029-08-12,2026-12-26,2022-05-21
EMP0239-20260916_215023,Chloe,Black,paul11@example.org,1982-09-01,(0306) 9990664,"Flat 37
George Loop
North Frances
DG0V 9JT",Male,Oakridge Community Services NHS Trust,Mixed,New Zealand,Skilled Worker,AHP,Radiographer,Medicine & Acute Care,6,24.15,2022-04-27,2022-06-08,15.0,0.4,HCPC,Bank,Inactive,DP275997,2029-07-06,YW330523,2031-09-11,2027-04-13,2022-05-18
EMP0240-20260916_215023,Georgina,Evans,nnewman@example.net,1995-10-12,+441154960188,"693 Ross Mills
North Leanne
CB74 3JP",Female,Bluewater Community & Rehabilitation NHS Trust,White,United Kingdom,British Citizen,Medical,SHO,Critical Care & Anaesthesia,SHO,28.46,2017-04-22,2017-05-27,37.5,1.0,HCPC,Permanent,Active,BI843069,2028-11-01,ZM767118,2027-04-16,2027-06-08,2017-05-13
EMP0241-20260916_215023,Dennis,Wilson,judithwilson@example.org,1994-12-12,+44(0)909 8790743,"Flat 75G
Beth Pass
Elliottside
WV22 2BR",Female,Northwood Mental Health NHS Trust,Mixed,India,ILR,Medical,Registrar,Critical Care & Anaesthesia,SPR,36.65,2020-05-31,2020-06-28,37.5,1.0,GMC,Bank,Suspended,PP726489,2027-06-18,PB872615,2030-12-05,2027-08-06,2020-06-21
EMP0242-20260916_215023,Keith,Clark,adamknowles@example.org,1992-07-19,01154960355,"557 Baker Union
Lake Liamview
W0 9SG",Female,Southvale Hospitals NHS Trust,White,United Kingdom,ILR,Admin,Data Analyst,Surgery & Cancer,8A,34.12,2025-05-14,2025-06-18,15.0,0.4,HCPC,Fixed Term,Suspended,WF891358,2029-11-02,DK057784,2027-10-07,2027-01-15,2025-06-04
EMP0243-20260916_215023,Gregory,Davison,gibsonjustin@example.net,1977-05-04,(0118) 496 0029,"Flat 79
Wayne Corners
North Charlestown
CO84 3BW",Male,Eastmoor Teaching Hospitals NHS Trust,Mixed,Thailand,Dependent,Medical,SHO,Clinical Support Services,SHO,26.03,2020-02-25,2020-03-24,30.0,0.8,GMC,Permanent,Active,YG688082,2026-10-02,IR110878,2026-10-05,2026-09-28,2020-03-17
EMP0244-20260916_215023,Karen,Kirby,lynchirene@example.com,1967-02-10,(0115) 496 0222,"Studio 38
Kathryn Mall
Port Robert
PO6 5NZ",Female,Horizon Integrated Health Partnership NHS Trust,Black,Jamaica,Skilled Worker,AHP,Pharmacist,Surgery & Cancer,5,21.12,2024-11-14,2024-12-12,20.0,0.53,GMC,Fixed Term,Active,GB794764,2031-06-25,JB720306,2028-09-13,2027-03-01,2024-12-05
EMP0245-20260916_215023,Mark,Brooks,denis86@example.org,1981-12-16,0131 4960449,"Studio 30
Jonathan Park
Pamelabury
W5 7HE",Female,Riverside Integrated Care NHS Trust,Asian,Japan,Skilled Worker,Nursing,Senior Staff Nurse,Emergency & Urgent Care,6,24.48,2023-08-07,2023-09-04,20.0,0.53,GMC,Permanent,On Leave,JZ767712,2031-01-30,OC386401,2028-06-09,2027-01-26,2023-08-28
EMP0246-20260916_215023,Kevin,Jones,whitehouseanthony@example.net,2004-10-11,(0306)9990414,"637 Jack Skyway
Port Kevinville
BB15 7QW",Male,Lakeside District Hospitals NHS Trust,Black,Barbados,Dependent,AHP,Radiographer,Emergency & Urgent Care,6,26.86,2025-01-26,2025-03-02,30.0,0.8,GMC,Permanent,Suspended,GN148928,2029-11-17,EF168503,2027-07-26,2027-03-31,2025-02-16
EMP0247-20260916_215023,Louise,Fletcher,nnewton@example.com,1972-08-02,(0113)4960715,"Flat 56m
Douglas Lights
Judithberg
L0J 0RJ",Female,Oakridge Community Services NHS Trust,Asian,China,Dependent,AHP,Physiotherapist,Women & Children,6,26.65,2018-07-29,2018-09-09,20.0,0.53,GMC,Permanent,Active,SI466310,2031-06-06,YE185675,2029-09-23,2027-02-23,2018-08-19
EMP0248-20260916_215023,Carole,Mitchell,leanne14@example.org,1997-11-15,+44(0)1632960638,"075 Jasmine Street
Shannonbury
N5E 0HE",Male,Bluewater Community & Rehabilitation NHS Trust,Asian,India,British Citizen,Medical,FY1/FY2,Women & Children,FY1,20.86,2019-12-05,2020-01-02,30.0,0.8,None,Fixed Term,Suspended,FT986775,2028-04-06,EU740039,2028-08-26,2027-04-13,2019-12-26
EMP0249-20260916_215023,Georgia,Lee,jennafarmer@example.org,1983-06-15,028 9018 0618,"Studio 9
Glen Divide
Melissatown
EC60 2AF",Male,Northshire University Hospitals NHS Trust,Black,Trinidad and Tobago,Dependent,Admin,Receptionist,Women & Children,3,13.97,2018-07-22,2018-08-26,20.0,0.53,GMC,Permanent,On Leave,EZ696978,2027-07-25,AX913649,2028-07-29,2026-09-16,2018-08-12
EMP0250-20260916_215023,Alex,Smith,ratkinson@example.com,1997-07-12,+44(0)1514960405,"15 Kyle Grove
Port Elaine
OL9N 1QU",Female,Northshire University Hospitals NHS Trust,White,New Zealand,ILR,Medical,Consultant,Medicine & Acute Care,CONS,64.32,2020-05-20,2020-06-17,15.0,0.4,None,Permanent,Active,TI648649,2030-09-15,CI324128,2029-07-25,2027-08-10,2020-06-10
EMP0251-20260916_215023,Jane,Powell,singhmohammed@example.com,1966-08-17,(020) 74960644,"Flat 39j
Hawkins Road
New Marion
N9F 9NE",Female,Hillcrest Medical Centres NHS Trust,Asian,India,Skilled Worker,AHP,Speech Therapist,Surgery & Cancer,6,23.68,2018-12-22,2019-01-19,20.0,0.53,None,Bank,On Leave,QX062416,2028-12-19,QO527882,2028-09-05,2027-07-01,2019-01-12
EMP0252-20260916_215023,Geoffrey,Banks,hayleyjackson@example.com,2000-11-05,(0191) 496 0918,"1 O'Donnell Village
New Jacob
DG2 3NT",Male,Lakeside District Hospitals NHS Trust,Black,Ghana,Skilled Worker,Admin,Medical Secretary,Emergency & Urgent Care,4,16.41,2023-11-24,2023-12-29,18.75,0.5,HCPC,Bank,On Leave,GB207782,2028-08-19,LA105380,2030-12-26,2027-01-09,2023-12-15
EMP0253-20260916_215023,Sarah,Williams,lambertjanet@example.com,1987-05-14,0151 496 0690,"Studio 33X
Francis Underpass
Annettebury
M4T 1UB",Male,Riverbank General Hospitals NHS Trust,Asian,China,British Citizen,Medical,FY1/FY2,Women & Children,FY1,20.92,2023-10-03,2023-11-14,30.0,0.8,HCPC,Fixed Term,Active,EY397061,2031-02-07,DQ570815,2027-11-01,2027-04-07,2023-10-24
EMP0254-20260916_215023,Jade,Brown,williamsdouglas@example.com,1985-08-05,028 9018 0303,"Studio 35
Clarke Road
Watersfort
BB4N 8ZU",Female,Riverbank General Hospitals NHS Trust,Black,Trinidad and Tobago,ILR,Medical,SHO,Corporate Services,SHO,28.59,2017-01-24,2017-02-28,30.0,0.8,HCPC,Permanent,Suspended,VK820373,2031-01-25,EM524109,2028-01-04,2027-07-13,2017-02-14
EMP0255-20260916_215023,Megan,Jones,creynolds@example.net,1978-12-25,+441614960322,"4 Hutchinson Well
East Leonard
L4F 0LY",Male,Valleyview Mental Wellness NHS Trust,Mixed,Australia,British Citizen,Admin,Receptionist,Emergency & Urgent Care,3,15.93,2019-06-29,2019-08-03,37.5,1.0,NMC,Fixed Term,Inactive,AU714967,2027-02-15,GK841044,2029-09-30,2027-06-03,2019-07-20
EMP0256-20260916_215023,Diane,Talbot,dylanhill@example.com,1971-06-04,(0116) 496 0423,"Flat 38I
Hussain Stravenue
Alisonmouth
L5 7YD",Female,Northwood Mental Health NHS Trust,Black,Nigeria,Dependent,Nursing,Senior Staff Nurse,Corporate Services,6,24.3,2017-11-05,2017-12-03,30.0,0.8,GMC,Bank,Active,HK253030,2028-12-26,MY385537,2027-01-17,2026-12-27,2017-11-26
EMP0257-20260916_215023,Jennifer,Gordon,bfisher@example.com,1976-10-13,+44161 496 0407,"Flat 2
Davies Parkway
Allanville
S2K 2ED",Female,Meadowbrook Community Health NHS Trust,Mixed,Japan,Skilled Worker,Nursing,Ward Manager,Medicine & Acute Care,8A,29.07,2021-12-20,2022-01-31,15.0,0.4,HCPC,Bank,Inactive,NY895924,2031-08-02,MF631453,2027-11-03,2026-11-13,2022-01-10
EMP0258-20260916_215023,Georgia,Henry,whittakerdiane@example.com,1988-01-19,+441414960263,"Flat 00i
Haynes View
New Donna
IG1A 4GJ",Male,Riverbank General Hospitals NHS Trust,Asian,Thailand,British Citizen,Nursing,Ward Manager,Emergency & Urgent Care,8A,29.59,2025-05-03,2025-06-14,30.0,0.8,None,Permanent,On Leave,AD744176,2028-05-26,WK083251,2029-09-09,2027-06-28,2025-05-24
EMP0259-20260916_215023,Guy,Morris,ojohnson@example.com,1982-12-06,+44(0)1144960123,"Studio 3
Rachel Drive
Marilynmouth
W6 8HD",Female,Westborough Acute Care NHS Trust,White,New Zealand,Skilled Worker,Nursing,Ward Manager,Emergency & Urgent Care,8A,28.27,2025-05-19,2025-06-30,30.0,0.8,HCPC,Permanent,Suspended,SZ447052,2030-01-25,GA235852,2029-02-19,2026-11-05,2025-06-09
EMP0260-20260916_215023,Natasha,Smith,mayamanda@example.net,2003-03-15,01914960822,"105 Whitehead Ford
Harrisonview
DH64 5LN",Female,Westmere Community Health NHS Trust,Black,Nigeria,Skilled Worker,Medical,Registrar,Corporate Services,SPR,37.61,2021-11-16,2021-12-14,37.5,1.0,None,Permanent,Active,FZ359498,2030-01-23,HH181705,2029-02-02,2026-12-01,2021-12-07
EMP0261-20260916_215023,Jade,Hamilton,jadecunningham@example.org,1979-10-24,+44113 4960386,"3 Annette Valleys
New Lorraineburgh
NG9N 6FE",Female,Meadowbrook Community Health NHS Trust,Black,Trinidad and Tobago,Dependent,Admin,Receptionist,Surgery & Cancer,3,14.84,2020-12-27,2021-01-31,30.0,0.8,HCPC,Fixed Term,On Leave,DZ925264,2029-07-13,WU294126,2028-02-19,2027-05-09,2021-01-17
EMP0262-20260916_215023,Cameron,Hill,lynda53@example.org,2007-02-10,(0117) 4960064,"Studio 0
Ashton Prairie
Kellyfort
M2T 7DP",Male,Meadowbrook Community Health NHS Trust,Asian,Thailand,Dependent,Admin,Receptionist,Medicine & Acute Care,3,16.23,2019-07-03,2019-07-31,37.5,1.0,GMC,Permanent,Suspended,YY699131,2029-01-17,VY958058,2028-12-23,2027-01-09,2019-07-24
EMP0263-20260916_215023,Patricia,Anderson,johnsonwayne@example.net,1976-10-16,+44(0)808 1570566,"71 Joe Burg
Robinsonshire
FK6Y 3GH",Male,Riverbank General Hospitals NHS Trust,Mixed,Australia,ILR,Admin,Medical Secretary,Emergency & Urgent Care,4,17.1,2018-08-02,2018-09-06,20.0,0.53,None,Permanent,Suspended,UP002225,2030-07-25,WE621184,2027-06-14,2026-12-05,2018-08-23
EMP0264-20260916_215023,Hayley,Johnson,jemmaking@example.com,1961-02-18,+44151 4960610,"431 Trevor Run
North Andrea
RH8 0SS",Male,Southvale Hospitals NHS Trust,Black,Barbados,Dependent,AHP,Radiographer,Surgery & Cancer,6,24.96,2018-12-26,2019-01-23,20.0,0.53,GMC,Permanent,Inactive,FK422143,2027-12-18,EO879537,2028-02-18,2026-12-04,2019-01-16
EMP0265-20260916_215023,Hayley,Gray,smithabdul@example.org,1992-10-03,+44(0)29 2018 0690,"Studio 5
Jacqueline Port
North Ross
W5 0GJ",Male,Greenhaven Acute & Specialist Care NHS Trust,White,New Zealand,Dependent,Nursing,Senior Staff Nurse,Medicine & Acute Care,6,25.95,2023-12-28,2024-01-25,20.0,0.53,None,Permanent,Suspended,GV631502,2027-01-29,WC004416,2029-04-19,2027-02-04,2024-01-18
EMP0266-20260916_215023,Kathleen,Begum,damienmorgan@example.net,1972-04-21,+44909 8790964,"Studio 9
Yvonne Club
West Frederick
GL1 6WB",Male,Northshire University Hospitals NHS Trust,Black,Trinidad and Tobago,ILR,Nursing,Ward Manager,Surgery & Cancer,8A,31.21,2021-09-06,2021-10-11,30.0,0.8,None,Bank,Inactive,YN434334,2030-07-27,ZJ083250,2026-11-13,2027-01-19,2021-09-27
EMP0267-20260916_215023,Martyn,Owen,qcole@example.org,2005-01-01,(0161) 4960663,"Studio 80
Gordon Mountain
Lake Guy
GL8 4NF",Female,Valleyview Mental Wellness NHS Trust,White,United Kingdom,Skilled Worker,Nursing,Healthcare Assistant,Women & Children,2,12.48,2021-05-02,2021-06-06,20.0,0.53,GMC,Fixed Term,Suspended,IX555622,2028-01-04,NE074326,2026-12-02,2027-05-23,2021-05-23
EMP0268-20260916_215023,Nathan,Chapman,nicholasbailey@example.com,1976-02-09,+44(0)292018134,"54 Carol Mall
Bernardhaven
BN29 9DA",Male,Midlands Central Hospitals NHS Trust,Asian,India,British Citizen,Medical,Registrar,Clinical Support Services,SPR,43.55,2024-05-26,2024-07-07,18.75,0.5,GMC,Fixed Term,On Leave,UO147572,2031-06-10,TN495677,2027-03-30,2027-03-15,2024-06-16
EMP0269-20260916_215023,Glen,Saunders,zoepearce@example.com,2008-08-19,+44(0)1144960864,"7 Sykes Rest
East Marcborough
TS74 1NB",Female,Southvale Hospitals NHS Trust,Asian,India,British Citizen,Admin,Data Analyst,Medicine & Acute Care,8A,34.05,2018-05-14,2018-06-25,15.0,0.4,HCPC,Bank,Suspended,QB872667,2031-02-18,LM809090,2028-10-05,2027-04-11,2018-06-04
EMP0270-20260916_215023,Edward,Moore,jacksonstanley@example.com,1990-04-25,+44(0)1154960979,"71 Christine Turnpike
Cliveberg
N1W 5SZ",Female,Riverside Integrated Care NHS Trust,Asian,Thailand,British Citizen,Admin,Medical Secretary,Clinical Support Services,4,16.82,2019-05-18,2019-06-29,37.5,1.0,HCPC,Permanent,On Leave,TJ719894,2029-08-13,AW241300,2029-07-04,2027-04-30,2019-06-08
EMP0271-20260916_215023,Anna,King,charlotte62@example.org,1967-12-28,08081570522,"Studio 10p
Patrick Junction
Lake Ronaldmouth
M2 0HR",Male,Westborough Acute Care NHS Trust,Mixed,Nigeria,Skilled Worker,AHP,Occupational Therapist,Corporate Services,6,23.13,2021-08-21,2021-09-25,37.5,1.0,HCPC,Permanent,Inactive,AH306565,2029-10-30,EV261974,2030-02-11,2027-01-11,2021-09-11
EMP0272-20260916_215023,Howard,Douglas,mmartin@example.org,1972-11-15,+44(0)1174960889,"Flat 4
Ahmed Lights
Lake Christian
L9W 8HU",Female,Northshire University Hospitals NHS Trust,White,New Zealand,Skilled Worker,AHP,Speech Therapist,Women & Children,6,27.51,2017-07-07,2017-08-04,20.0,0.53,GMC,Permanent,Inactive,NY898706,2026-12-16,RA143025,2030-09-18,2026-12-23,2017-07-28
EMP0273-20260916_215023,Allan,Howarth,guy64@example.com,1969-03-23,(028) 9018127,"0 Pearce Islands
Dobsonmouth
SL17 6TZ",Male,Southvale Hospitals NHS Trust,Black,Ghana,Skilled Worker,Medical,Registrar,Clinical Support Services,SPR,34.67,2020-09-21,2020-11-02,30.0,0.8,None,Bank,Inactive,KR103238,2031-01-29,TL394417,2028-12-10,2026-12-16,2020-10-12
EMP0274-20260916_215023,Fiona,Smith,sevans@example.com,1973-06-29,+44141 4960117,"37 Robert Courts
Nathanside
IV2 4XD",Male,Greenhaven Acute & Specialist Care NHS Trust,Mixed,Jamaica,ILR,Admin,Data Analyst,Women & Children,8A,34.4,2023-06-05,2023-07-17,15.0,0.4,NMC,Fixed Term,Active,ZH837414,2029-06-17,PP392676,2028-07-12,2026-09-24,2023-06-26
EMP0275-20260916_215023,Dennis,Foster,xrees@example.com,1963-11-28,+44(0)306 999 0483,"Flat 0
Melanie Well
Naomiport
KW74 3XF",Female,Midlands Central Hospitals NHS Trust,Black,South Africa,Skilled Worker,Admin,Medical Secretary,Corporate Services,4,18.21,2020-11-28,2020-12-26,30.0,0.8,None,Bank,Inactive,BF746559,2029-02-23,EC840516,2027-02-14,2027-06-19,2020-12-19
EMP0276-20260916_215023,Harriet,Ross,kayleigh72@example.com,1961-06-10,+44(0)1614960987,"5 Mason Route
Adamton
S89 0RN",Male,Greenhaven Acute & Specialist Care NHS Trust,Mixed,New Zealand,Skilled Worker,Nursing,Healthcare Assistant,Critical Care & Anaesthesia,2,13.57,2026-02-19,2026-03-26,30.0,0.8,NMC,Fixed Term,Suspended,PB470975,2028-07-27,QH031269,2028-12-06,2027-07-04,2026-03-12
EMP0277-20260916_215023,John,Morgan,gail97@example.net,1971-03-27,01632 960707,"Flat 32O
Hughes Inlet
West Luke
SA0 0WN",Female,Northshire University Hospitals NHS Trust,Mixed,Ghana,British Citizen,Admin,Administrator,Clinical Support Services,3,15.14,2026-02-20,2026-03-27,15.0,0.4,GMC,Bank,Inactive,XW055029,2028-01-14,OB712456,2030-08-20,2026-12-21,2026-03-13
EMP0278-20260916_215023,Fiona,Shaw,blakeashley@example.com,1994-01-24,(0808) 157 0694,"Flat 65
Bailey Junctions
East Lisamouth
CW6A 2LH",Male,Hillcrest Medical Centres NHS Trust,White,Canada,British Citizen,Medical,SHO,Corporate Services,SHO,27.18,2021-06-18,2021-07-16,37.5,1.0,GMC,Bank,Suspended,HP850296,2029-01-17,TN576583,2030-11-28,2027-05-29,2021-07-09
EMP0279-20260916_215023,Fiona,Graham,iain59@example.org,1974-11-25,+44121 496 0410,"24 Davidson Manor
Connormouth
M58 6LU",Male,Broadfield Clinical Services NHS Trust,White,New Zealand,British Citizen,Admin,Receptionist,Women & Children,3,16.14,2025-07-06,2025-08-03,20.0,0.53,HCPC,Bank,On Leave,PX629237,2029-06-04,KT265190,2031-02-22,2027-04-11,2025-07-27
EMP0280-20260916_215023,Owen,Perkins,njackson@example.net,2005-07-31,+44121 496 0592,"Flat 01
Wright Crossing
Evansfurt
N4T 2EG",Female,Riverside Integrated Care NHS Trust,Black,Jamaica,ILR,Nursing,Ward Manager,Medicine & Acute Care,8A,33.02,2023-04-11,2023-05-16,37.5,1.0,NMC,Bank,Active,HF988343,2027-03-05,AK591836,2031-01-22,2027-05-07,2023-05-02
EMP0281-20260916_215023,Brenda,Nash,abdul70@example.org,2006-12-25,+442074960204,"8 Sharon Drives
Grahamchester
LD6Y 0XL",Male,Midlands Central Hospitals NHS Trust,Mixed,Australia,Skilled Worker,Medical,Consultant,Clinical Support Services,CONS,54.81,2024-07-31,2024-09-11,15.0,0.4,None,Permanent,Active,UK211817,2028-08-24,SZ315338,2029-11-18,2026-12-19,2024-08-21
EMP0282-20260916_215023,Grace,Thompson,wayne14@example.com,1974-12-06,+44(0)1184960355,"33 Hill Court
Callumport
W82 6UL",Female,Northwood Mental Health NHS Trust,Asian,China,British Citizen,Nursing,Staff Nurse,Critical Care & Anaesthesia,5,22.2,2022-05-16,2022-06-20,20.0,0.53,None,Bank,Active,VT002737,2030-11-11,KJ989904,2030-08-14,2026-11-08,2022-06-06
EMP0283-20260916_215023,Frank,Bibi,jasmine81@example.net,1979-10-22,0113 4960993,"Studio 0
Wilson Groves
South Nathanfurt
LE8 9EH",Male,Hillcrest Medical Centres NHS Trust,White,Canada,British Citizen,AHP,Physiotherapist,Emergency & Urgent Care,6,22.64,2024-05-10,2024-06-14,18.75,0.5,GMC,Bank,Active,GF765969,2027-08-28,KX870579,2027-09-30,2027-03-25,2024-05-31
EMP0284-20260916_215023,Michelle,Walton,janicemitchell@example.net,1983-04-11,+44(0)8081570099,"Studio 72u
Harding Port
Lawland
SE41 6DB",Female,Southgate Community & Mental Health NHS Trust,White,United Kingdom,British Citizen,AHP,Speech Therapist,Emergency & Urgent Care,6,25.66,2024-11-11,2024-12-09,15.0,0.4,None,Fixed Term,Active,QW056734,2026-09-17,PM267154,2026-10-27,2027-08-11,2024-12-02
EMP0285-20260916_215023,Lynn,Atkinson,sally93@example.com,1986-06-13,(0141) 496 0358,"Studio 04q
Rosemary Islands
West Christineshire
G4 4TG",Female,Meadowbrook Community Health NHS Trust,White,United Kingdom,Skilled Worker,Medical,FY1/FY2,Emergency & Urgent Care,FY1,19.22,2023-12-06,2024-01-10,37.5,1.0,GMC,Permanent,Active,NM398711,2029-09-22,AW050033,2030-09-26,2027-09-15,2023-12-27
EMP0286-20260916_215023,Nicola,Miles,mohammed08@example.org,1967-07-12,0114 4960840,"Studio 86
Jones Common
Johnville
N6B 4FB",Male,Oakridge Community Services NHS Trust,Black,Jamaica,British Citizen,Admin,Data Analyst,Critical Care & Anaesthesia,8A,30.3,2022-09-19,2022-10-24,18.75,0.5,HCPC,Fixed Term,Inactive,WY005879,2030-05-20,HO031880,2031-05-15,2027-03-12,2022-10-10
EMP0287-20260916_215023,Carol,Jones,georgegibson@example.com,1989-08-24,(0161)4960708,"Studio 19
Roberts Union
Hannahchester
YO4E 5JG",Male,Lakeside District Hospitals NHS Trust,White,Australia,Dependent,Admin,Administrator,Medicine & Acute Care,3,13.54,2025-03-11,2025-04-08,18.75,0.5,NMC,Permanent,On Leave,YE706770,2027-02-23,WT746957,2028-01-08,2027-02-02,2025-04-01
EMP0288-20260916_215023,Harry,Rose,turnerbarbara@example.org,1966-07-28,+44(0)1184960699,"Flat 89
Perry Mission
Lake Amandabury
NN69 6EF",Male,Westmere Community Health NHS Trust,Black,Kenya,British Citizen,Medical,Consultant,Emergency & Urgent Care,CONS,65.98,2021-06-17,2021-07-15,15.0,0.4,GMC,Fixed Term,Active,LB945374,2029-04-10,UV808552,2030-06-21,2027-05-24,2021-07-08
EMP0289-20260916_215023,Paige,Walker,kelly79@example.net,1975-04-27,+44113 496 0682,"35 Nigel Island
Stephenfort
M2A 7HH",Male,Midlands Central Hospitals NHS Trust,Black,Barbados,Skilled Worker,Nursing,Nursery Nurse,Surgery & Cancer,2,13.71,2021-05-31,2021-07-05,30.0,0.8,NMC,Fixed Term,Active,GI389872,2030-07-31,VR072409,2027-10-01,2027-07-22,2021-06-21
EMP0290-20260916_215023,Karen,Baker,watersholly@example.net,1961-10-14,+44113 4960795,"Flat 62d
Cox Villages
Lake Deanberg
BL16 4GH",Female,Meadowbrook Community Health NHS Trust,White,Canada,British Citizen,Medical,Registrar,Medicine & Acute Care,SPR,40.97,2026-06-06,2026-07-04,30.0,0.8,NMC,Permanent,On Leave,AU711265,2031-04-03,SA938792,2030-03-26,2027-06-04,2026-06-27
EMP0291-20260916_215023,Abbie,Edwards,mkhan@example.org,1960-10-31,+44(0)3069990855,"55 Barry Rue
Port Amystad
SM84 5PB",Male,Eastfield Psychological Services NHS Trust,Asian,Thailand,ILR,Nursing,Nursery Nurse,Emergency & Urgent Care,2,12.7,2019-11-22,2020-01-03,20.0,0.53,NMC,Permanent,Inactive,DX085513,2026-12-24,RJ478677,2026-11-11,2027-02-10,2019-12-13
EMP0292-20260916_215023,Nicole,Harvey,sowen@example.org,1965-11-04,+44141 496 0088,"Studio 4
Carpenter Expressway
South Cheryl
E02 7BT",Male,Broadfield Clinical Services NHS Trust,White,United States,Skilled Worker,Medical,GP,Clinical Support Services,GP,58.62,2021-10-24,2021-12-05,15.0,0.4,NMC,Bank,Active,LF140233,2029-05-29,KW799715,2027-01-18,2027-03-30,2021-11-14
EMP0293-20260916_215023,Charlene,Fletcher,owilson@example.com,1961-08-31,(020)74960974,"32 Liam Cove
Williamshire
B7E 7WN",Female,Southvale Hospitals NHS Trust,Asian,India,Skilled Worker,Nursing,Ward Manager,Medicine & Acute Care,8A,29.79,2018-07-28,2018-09-08,18.75,0.5,GMC,Permanent,Inactive,TM753395,2028-08-25,OC197273,2030-05-21,2027-03-24,2018-08-18
EMP0294-20260916_215023,Sarah,Wyatt,jonessarah@example.net,1972-11-12,+44808 157 0464,"14 Sian Courts
Josephside
E0F 6UX",Male,Valleyview Mental Wellness NHS Trust,White,United States,Dependent,Medical,FY1/FY2,Medicine & Acute Care,FY1,18.89,2017-10-13,2017-11-10,20.0,0.53,NMC,Fixed Term,Inactive,OM418495,2027-06-20,SY674910,2029-07-15,2027-09-09,2017-11-03
EMP0295-20260916_215023,Marion,Parry,mfreeman@example.net,1967-11-30,(0117)4960376,"Studio 75k
Ellis Mill
East Helen
EX5 7TF",Male,Oakridge Community Services NHS Trust,White,Australia,British Citizen,Nursing,Ward Manager,Emergency & Urgent Care,8A,30.83,2017-07-05,2017-08-02,15.0,0.4,NMC,Bank,Suspended,YA062184,2031-06-01,EK322007,2028-08-10,2027-08-02,2017-07-26
EMP0296-20260916_215023,Sophie,Bond,obrienvanessa@example.net,1987-09-15,+44(0)116 4960615,"Flat 30o
Gregory Forks
Aliceville
PA0 5JA",Male,Greenhaven Acute & Specialist Care NHS Trust,White,New Zealand,ILR,Nursing,Staff Nurse,Critical Care & Anaesthesia,5,22.68,2023-01-26,2023-02-23,30.0,0.8,NMC,Permanent,Suspended,FC397695,2029-06-25,YX146563,2028-03-02,2027-01-28,2023-02-16
EMP0297-20260916_215023,Jack,Anderson,lynn27@example.org,2006-12-11,+442074960009,"096 William Haven
Naomiville
L9U 9WJ",Female,Oakridge Community Services NHS Trust,Black,South Africa,Skilled Worker,AHP,Physiologist,Surgery & Cancer,6,22.82,2024-04-07,2024-05-19,15.0,0.4,GMC,Permanent,Suspended,OL819566,2029-01-10,XJ881676,2027-02-22,2027-08-24,2024-04-28
EMP0298-20260916_215023,Allan,Harrison,ronaldhilton@example.org,1998-08-13,+44(0)118 4960669,"Studio 6
Burgess Mission
Abbottmouth
NP09 6UU",Female,Eastmoor Teaching Hospitals NHS Trust,White,Australia,Skilled Worker,Nursing,Healthcare Assistant,Critical Care & Anaesthesia,2,12.98,2023-11-03,2023-12-01,18.75,0.5,None,Bank,Active,KD855440,2031-04-18,SL312606,2027-12-05,2027-06-21,2023-11-24
EMP0299-20260916_215023,Sara,McCarthy,sylviaevans@example.com,2008-07-29,+441514960657,"Studio 70v
Joanne Plains
Lake Melissa
N17 5HR",Female,Horizon Integrated Health Partnership NHS Trust,Asian,Thailand,Skilled Worker,Admin,Administrator,Surgery & Cancer,3,15.06,2025-06-14,2025-07-19,37.5,1.0,HCPC,Bank,Active,WM293671,2029-11-09,TL570372,2030-09-20,2027-08-12,2025-07-05
EMP0300-20260916_215023,Mohamed,White,hughreid@example.org,1966-01-17,+44(0)1134960355,"23 Walker Springs
Hallshire
CO4H 1LA",Male,Eastfield Psychological Services NHS Trust,Asian,India,Skilled Worker,AHP,Radiographer,Emergency & Urgent Care,6,28.05,2022-09-06,2022-10-18,37.5,1.0,GMC,Fixed Term,Active,MU014407,2028-08-02,AK520140,2030-05-20,2027-06-22,2022-09-27
EMP0301-20260916_215023,Joe,Peacock,jonesfrancesca@example.net,2001-11-25,(0113) 4960978,"92 West Place
Millerton
ME2 7JU",Male,Southvale Hospitals NHS Trust,Asian,Thailand,ILR,Medical,FY1/FY2,Surgery & Cancer,FY1,18.94,2021-01-11,2021-02-08,20.0,0.53,HCPC,Bank,Inactive,VP848710,2029-02-19,OY903166,2028-08-29,2027-08-05,2021-02-01
EMP0302-20260916_215023,Guy,Bradley,chamberselliot@example.net,1975-06-11,01144960153,"70 Kelly Wall
New Aaron
E26 0QU",Male,Eastmoor Teaching Hospitals NHS Trust,Asian,India,Skilled Worker,Nursing,Nursery Nurse,Corporate Services,2,12.65,2025-11-12,2025-12-17,15.0,0.4,HCPC,Permanent,On Leave,MV154767,2026-11-18,MF917117,2029-03-08,2027-06-09,2025-12-03
EMP0303-20260916_215023,Katy,Ali,stacey51@example.org,1967-09-30,+44808 1570471,"Studio 84X
Fletcher Bridge
Westfurt
TF4R 9JF",Male,Westmere Community Health NHS Trust,Asian,India,Skilled Worker,Nursing,Staff Nurse,Clinical Support Services,5,19.56,2022-06-26,2022-08-07,37.5,1.0,HCPC,Fixed Term,Suspended,IT838159,2028-02-10,TY168637,2026-09-21,2027-06-19,2022-07-17
EMP0304-20260916_215023,Frances,Hancock,natasha97@example.com,1988-05-16,0118 4960844,"759 Evans Knolls
Laurenville
G81 1NE",Female,Midlands Central Hospitals NHS Trust,Asian,China,ILR,Admin,Data Analyst,Corporate Services,8A,29.72,2020-10-20,2020-11-24,18.75,0.5,HCPC,Bank,Active,BB774441,2030-01-18,AQ170646,2028-06-09,2026-12-27,2020-11-10
EMP0305-20260916_215023,Bethany,Phillips,shaun56@example.com,1995-09-01,(0131) 4960305,"6 Joyce Islands
Humphreysfurt
RM8N 6UG",Male,Northshire University Hospitals NHS Trust,Black,Kenya,Skilled Worker,Admin,Data Analyst,Critical Care & Anaesthesia,8A,35.08,2020-10-03,2020-10-31,15.0,0.4,GMC,Permanent,On Leave,NY217154,2026-12-04,GF786781,2030-11-09,2027-04-03,2020-10-24
EMP0306-20260916_215023,Max,Burrows,paulinechapman@example.org,1998-09-17,(029)2018786,"310 Beth Parks
Steeleside
EX0P 9YA",Male,Riverside Integrated Care NHS Trust,White,Canada,Skilled Worker,Admin,Data Analyst,Critical Care & Anaesthesia,8A,29.96,2018-11-09,2018-12-14,15.0,0.4,HCPC,Permanent,Active,CZ423961,2027-09-25,SH191960,2029-08-31,2027-03-09,2018-11-30
EMP0307-20260916_215023,Brett,Williams,jane04@example.net,1989-03-21,+44(0)116 496 0996,"Flat 07G
George Cape
Stewartfurt
HR50 8AU",Female,Riverbank General Hospitals NHS Trust,White,Australia,British Citizen,Admin,Receptionist,Critical Care & Anaesthesia,3,16.28,2023-04-02,2023-05-07,20.0,0.53,NMC,Fixed Term,Active,HW423913,2029-08-25,WU597616,2030-03-31,2027-03-16,2023-04-23
EMP0308-20260916_215023,Jeremy,Franklin,snewton@example.net,1964-09-23,+44909 879 0325,"45 Phillip Motorway
Grahamstad
BS81 0GT",Female,Westmere Community Health NHS Trust,White,New Zealand,ILR,AHP,Occupational Therapist,Women & Children,6,25.21,2016-11-11,2016-12-23,20.0,0.53,GMC,Fixed Term,Active,KA282235,2031-07-03,MN243972,2029-07-12,2027-05-26,2016-12-02
EMP0309-20260916_215023,Guy,Collier,amelia58@example.org,1989-06-03,+443069990154,"Flat 28C
Sandra Pines
Jackport
E4 6NU",Male,Eastmoor Teaching Hospitals NHS Trust,Mixed,South Africa,ILR,Admin,Data Analyst,Emergency & Urgent Care,8A,28.86,2019-07-06,2019-08-10,15.0,0.4,None,Permanent,Inactive,RA474908,2029-03-15,DS252039,2031-05-15,2027-08-05,2019-07-27
EMP0310-20260916_215023,Rachael,Robinson,nharris@example.net,1961-12-08,(0116)4960743,"Studio 72N
Khan Estates
South Dennis
DD27 9JZ",Female,Midlands Central Hospitals NHS Trust,Asian,Japan,Dependent,Admin,Administrator,Surgery & Cancer,3,13.88,2024-04-17,2024-05-15,18.75,0.5,None,Permanent,Active,KJ465023,2030-11-21,GU002750,2029-01-03,2027-04-09,2024-05-08
EMP0311-20260916_215023,Olivia,Kaur,frydiana@example.com,1990-04-20,09098790805,"Flat 57
Potter Locks
Jakeshire
PH63 6BN",Male,Eastfield Psychological Services NHS Trust,Black,South Africa,ILR,AHP,Radiographer,Surgery & Cancer,6,25.27,2019-03-31,2019-05-05,30.0,0.8,NMC,Permanent,Inactive,GS291592,2028-11-05,KS608757,2031-02-23,2027-04-09,2019-04-21
EMP0312-20260916_215023,Lewis,Shaw,pread@example.net,1978-08-02,0141 496 0008,"516 Thomas Vista
East Hilaryton
E4 4PA",Male,Riverside Integrated Care NHS Trust,Mixed,Australia,Skilled Worker,AHP,Physiotherapist,Critical Care & Anaesthesia,6,22.95,2021-02-06,2021-03-13,37.5,1.0,None,Bank,Active,GU608198,2029-06-26,OP384629,2030-02-10,2026-11-27,2021-02-27
EMP0313-20260916_215023,Glen,Mann,gerard45@example.com,1962-03-14,(0131) 4960968,"0 Adam Turnpike
Clarkestad
W4E 1LB",Male,Greenhaven Acute & Specialist Care NHS Trust,Asian,India,Dependent,AHP,Physiologist,Surgery & Cancer,6,25.69,2021-01-20,2021-02-24,37.5,1.0,GMC,Permanent,Active,SU119021,2028-05-22,TC192593,2026-10-24,2027-08-17,2021-02-10
EMP0314-20260916_215023,Jonathan,Kennedy,carterdean@example.org,1970-11-18,+44116 4960375,"Flat 4
Brown Via
Lake Martynbury
EX1 7AT",Female,Riverbank General Hospitals NHS Trust,Black,Ghana,Skilled Worker,AHP,Speech Therapist,Surgery & Cancer,6,27.13,2022-06-15,2022-07-20,30.0,0.8,NMC,Bank,Inactive,XT613977,2026-10-07,DH074069,2030-10-21,2026-10-19,2022-07-06
EMP0315-20260916_215023,Kenneth,Hammond,qhall@example.com,1978-11-22,(0141)4960450,"4 Charlotte Plaza
Taylorshire
HR3W 1HL",Female,Eastmoor Teaching Hospitals NHS Trust,Black,Kenya,Dependent,AHP,Speech Therapist,Women & Children,6,26.45,2024-08-20,2024-10-01,37.5,1.0,NMC,Permanent,Suspended,OG963183,2031-06-02,AI029489,2029-05-26,2027-05-13,2024-09-10
EMP0316-20260916_215023,Laura,Baldwin,graham09@example.net,2004-11-27,+44(0)28 9018 0100,"Studio 17
Abbie Branch
West Harry
N6J 3WA",Female,Bluewater Community & Rehabilitation NHS Trust,White,United Kingdom,Dependent,Medical,GP,Corporate Services,GP,54.15,2022-11-18,2022-12-16,37.5,1.0,HCPC,Permanent,Suspended,PF847697,2031-03-17,ES590612,2030-01-07,2026-10-14,2022-12-09
EMP0317-20260916_215023,Bryan,Sanders,kimberley39@example.org,2005-10-29,+44292018728,"Flat 9
Russell Junction
Edwardhaven
GL89 6JE",Female,Southgate Community & Mental Health NHS Trust,White,Canada,Dependent,Admin,Data Analyst,Critical Care & Anaesthesia,8A,33.81,2020-01-19,2020-02-16,15.0,0.4,GMC,Bank,Suspended,AQ346093,2030-06-23,GP533337,2030-11-16,2026-10-10,2020-02-09
EMP0318-20260916_215023,Connor,Wood,hthomas@example.com,2002-03-23,(0151)4960215,"Flat 22F
Wells Glen
Port Fiona
HS66 6NW",Female,Northwood Mental Health NHS Trust,Mixed,New Zealand,Skilled Worker,Admin,Administrator,Emergency & Urgent Care,3,14.49,2018-09-08,2018-10-06,20.0,0.53,None,Permanent,Active,OV365349,2029-05-09,BY271300,2028-09-10,2027-07-29,2018-09-29
EMP0319-20260916_215023,Brenda,Shepherd,iward@example.com,1968-07-26,+44114 4960372,"1 Darren Knoll
North Billy
HR6B 5EH",Female,Westmere Community Health NHS Trust,Black,Kenya,Skilled Worker,Medical,Registrar,Critical Care & Anaesthesia,SPR,34.16,2025-12-25,2026-01-29,30.0,0.8,GMC,Fixed Term,Suspended,UJ454919,2029-03-17,HL434419,2029-05-03,2027-02-05,2026-01-15
EMP0320-20260916_215023,Tracy,Smith,mohammed41@example.net,1994-07-07,0161 496 0099,"42 Taylor Vista
Wellsshire
B76 1RP",Male,Oakridge Community Services NHS Trust,White,Canada,ILR,Admin,Receptionist,Critical Care & Anaesthesia,3,13.85,2026-03-12,2026-04-09,20.0,0.53,HCPC,Fixed Term,Suspended,WR935091,2029-12-04,JV315236,2027-03-31,2027-01-07,2026-04-02
EMP0321-20260916_215023,Joanna,Johnson,patricia35@example.org,2003-11-03,(0191)4960134,"Flat 22N
Joshua Shores
South Leannestad
SN07 7GX",Male,Greenhaven Acute & Specialist Care NHS Trust,Black,Barbados,ILR,Admin,Data Analyst,Critical Care & Anaesthesia,8A,34.79,2023-03-29,2023-05-10,15.0,0.4,NMC,Permanent,Suspended,UT858179,2030-04-16,GA421174,2027-08-20,2026-11-12,2023-04-19
EMP0322-20260916_215023,Leah,Gardiner,marianchapman@example.com,1999-04-09,0141 4960071,"Studio 53K
Geraldine Plain
Guyborough
E1 8AD",Female,Southgate Community & Mental Health NHS Trust,Black,Nigeria,Skilled Worker,AHP,Speech Therapist,Critical Care & Anaesthesia,6,27.68,2022-01-17,2022-02-21,30.0,0.8,HCPC,Bank,Active,YG075982,2030-05-14,IN350573,2028-03-01,2026-10-27,2022-02-07
EMP0323-20260916_215023,Lynn,Quinn,guywilson@example.org,1968-07-20,0306 999 0830,"Studio 91O
Lewis Causeway
South Suzanneburgh
B7C 1GB",Male,Riverside Integrated Care NHS Trust,Asian,India,Skilled Worker,Medical,FY1/FY2,Surgery & Cancer,FY1,21.2,2026-05-05,2026-06-16,20.0,0.53,NMC,Fixed Term,Suspended,WS016545,2029-06-10,NJ586457,2028-07-16,2027-06-10,2026-05-26
EMP0324-20260916_215023,Gemma,Williams,ricky04@example.net,1961-10-19,+44(0)1632 960 064,"Flat 63
Jones Circle
New Annette
EC8 2UA",Female,Eastfield Psychological Services NHS Trust,Mixed,United States,Dependent,Medical,Registrar,Clinical Support Services,SPR,39.21,2026-01-16,2026-02-27,18.75,0.5,NMC,Fixed Term,Inactive,SJ010737,2029-03-17,TT944751,2030-01-01,2027-06-16,2026-02-06
EMP0325-20260916_215023,Leonard,Robinson,glen38@example.com,2000-06-26,+44(0)29 2018129,"129 Wayne Road
South Edwardstad
S75 1EG",Female,Horizon Integrated Health Partnership NHS Trust,Asian,China,Dependent,Admin,Administrator,Surgery & Cancer,3,15.81,2021-07-09,2021-08-20,37.5,1.0,None,Bank,Suspended,FC390445,2030-08-23,QS101211,2027-09-30,2027-06-13,2021-07-30
EMP0326-20260916_215023,Elliott,Davies,yriley@example.net,1996-12-19,+441514960551,"Studio 77
Sally Station
Pamelaland
L10 9UP",Male,Westborough Acute Care NHS Trust,White,United Kingdom,Dependent,Nursing,Nursery Nurse,Surgery & Cancer,2,13.56,2023-05-12,2023-06-23,37.5,1.0,None,Bank,Inactive,FU198816,2028-09-15,VH343052,2029-06-22,2027-05-01,2023-06-02
EMP0327-20260916_215023,Janice,Reid,harteric@example.net,1975-07-31,+44161 4960530,"Flat 39L
Webster Road
Port Ianville
WA38 2JG",Male,Hillcrest Medical Centres NHS Trust,Mixed,Canada,British Citizen,Medical,FY1/FY2,Emergency & Urgent Care,FY1,19.48,2023-03-23,2023-05-04,37.5,1.0,HCPC,Fixed Term,Active,TX642518,2029-03-17,ZI486281,2030-10-21,2026-09-30,2023-04-13
EMP0328-20260916_215023,Sophie,Taylor,bgoddard@example.net,1985-04-05,(028) 9018 0814,"Flat 66
Beverley Streets
New Jay
W70 0WH",Male,Riverbank General Hospitals NHS Trust,White,United States,Skilled Worker,AHP,Physiotherapist,Women & Children,6,24.88,2017-10-15,2017-11-26,15.0,0.4,GMC,Fixed Term,On Leave,FD683358,2028-08-23,OL356354,2027-04-04,2027-07-30,2017-11-05
EMP0329-20260916_215023,Kieran,Barrett,michael82@example.com,1962-08-25,(0808) 1570157,"0 Olivia Walks
Gibsonstad
B4G 3JL",Male,Midlands Central Hospitals NHS Trust,Mixed,Kenya,ILR,Nursing,Nursery Nurse,Women & Children,2,12.52,2016-12-28,2017-02-01,15.0,0.4,NMC,Permanent,Suspended,FK608291,2027-08-23,TA594768,2027-10-21,2027-06-11,2017-01-18
EMP0330-20260916_215023,Paul,Thomas,dean78@example.org,1978-09-03,01414960098,"Flat 79
Jeremy Via
Gracemouth
B6 7WN",Female,Riverbank General Hospitals NHS Trust,Asian,Japan,British Citizen,Admin,Medical Secretary,Surgery & Cancer,4,19.28,2023-09-02,2023-10-07,20.0,0.53,GMC,Bank,On Leave,GI205511,2028-11-26,OZ351716,2028-11-10,2026-11-22,2023-09-23
EMP0331-20260916_215023,Grace,Winter,neil67@example.org,1998-07-02,0121 4960270,"Studio 75V
Gallagher Path
South Cameron
LN50 7SU",Female,Oakridge Community Services NHS Trust,White,United Kingdom,Skilled Worker,Admin,Data Analyst,Clinical Support Services,8A,31.3,2019-10-13,2019-11-24,18.75,0.5,NMC,Permanent,Active,JJ866167,2031-01-20,RJ078136,2027-05-27,2027-08-25,2019-11-03
EMP0332-20260916_215023,Paul,Bentley,oliviaward@example.org,2006-09-30,+44(0)1614960907,"Studio 4
Moore Light
Port Janet
E76 2YW",Male,Westborough Acute Care NHS Trust,White,New Zealand,ILR,Nursing,Nursery Nurse,Medicine & Acute Care,2,13.45,2018-06-07,2018-07-05,37.5,1.0,GMC,Fixed Term,Inactive,CT328810,2029-04-02,ZQ921068,2027-07-30,2027-02-02,2018-06-28
EMP0333-20260916_215023,Donald,Knight,qspencer@example.net,2008-05-09,(0117) 4960642,"9 Smith Mission
North Stanley
G0T 5SY",Male,Bluewater Community & Rehabilitation NHS Trust,Asian,Thailand,Skilled Worker,Nursing,Ward Manager,Emergency & Urgent Care,8A,30.11,2025-07-27,2025-09-07,18.75,0.5,HCPC,Fixed Term,Inactive,OH901244,2029-01-13,UF726160,2030-08-23,2027-07-22,2025-08-17
EMP0334-20260916_215023,Cheryl,Watson,johnhunt@example.org,1975-02-27,(0118) 496 0685,"Studio 82d
Joanna Pass
Port Kieran
RM4 0YL",Female,Southgate Community & Mental Health NHS Trust,Asian,Japan,Skilled Worker,AHP,Speech Therapist,Women & Children,6,23.42,2017-09-03,2017-10-15,18.75,0.5,None,Bank,Suspended,QO207730,2031-01-24,BC877116,2031-04-18,2027-01-26,2017-09-24
EMP0335-20260916_215023,Lawrence,Hughes,youngjanice@example.com,1996-12-31,(0116)4960747,"Studio 25T
Chan Stravenue
Dixonside
B14 6XG",Female,Eastmoor Teaching Hospitals NHS Trust,Mixed,Kenya,Skilled Worker,Medical,Consultant,Medicine & Acute Care,CONS,64.67,2016-12-26,2017-01-30,30.0,0.8,GMC,Bank,Inactive,LD575307,2031-04-06,VW814673,2030-06-26,2027-05-19,2017-01-16
EMP0336-20260916_215023,Catherine,Clarke,katherinesaunders@example.org,1980-11-06,01632 960 367,"Flat 8
Davison Underpass
Andrewbury
EH99 8UD",Male,Eastfield Psychological Services NHS Trust,White,New Zealand,Skilled Worker,Nursing,Nursery Nurse,Clinical Support Services,2,13.23,2024-06-16,2024-07-21,18.75,0.5,None,Fixed Term,On Leave,XF271955,2029-09-21,LB590390,2030-07-24,2027-09-08,2024-07-07
EMP0337-20260916_215023,Scott,Porter,fraserronald@example.com,1984-10-29,0121 496 0207,"Studio 3
Melissa Bypass
Glennfurt
ML9N 2SY",Female,Southgate Community & Mental Health NHS Trust,Mixed,Australia,British Citizen,Nursing,Nursery Nurse,Women & Children,2,13.83,2025-05-13,2025-06-24,18.75,0.5,GMC,Permanent,On Leave,YB241414,2029-12-13,OR979652,2031-01-20,2026-10-24,2025-06-03
EMP0338-20260916_215023,Francis,Taylor,hollie99@example.net,1999-11-16,0115 496 0460,"Flat 29s
Carol Shores
Collinsview
SG2R 5GU",Female,Eastfield Psychological Services NHS Trust,Asian,India,ILR,Medical,Consultant,Emergency & Urgent Care,CONS,63.63,2021-12-17,2022-01-14,30.0,0.8,None,Bank,Suspended,YP187861,2031-04-15,XW298897,2027-05-02,2026-12-12,2022-01-07
EMP0339-20260916_215023,Amanda,Johnson,welchmartin@example.com,1985-08-02,+44(0)1514960465,"25 Jennifer Trail
West Vanessamouth
EX84 7FT",Female,Northwood Mental Health NHS Trust,Black,South Africa,British Citizen,Admin,Data Analyst,Medicine & Acute Care,8A,29.07,2024-11-19,2024-12-17,20.0,0.53,GMC,Bank,On Leave,LF701969,2030-11-14,NX505204,2030-04-13,2027-05-30,2024-12-10
EMP0340-20260916_215023,Kayleigh,Harris,elliottevans@example.org,1960-09-17,+44(0)20 74960223,"Flat 2
Williams Cliffs
Taylorberg
BB60 0FE",Female,Horizon Integrated Health Partnership NHS Trust,Mixed,Japan,ILR,AHP,Speech Therapist,Surgery & Cancer,6,23.48,2024-06-26,2024-07-31,18.75,0.5,GMC,Fixed Term,Active,DW839943,2027-10-20,JQ089016,2027-03-17,2026-11-22,2024-07-17
EMP0341-20260916_215023,Rebecca,Brown,alexandratucker@example.com,2008-01-09,+44117 4960839,"Studio 71
Clarke Loop
South Marionshire
HG11 1DB",Male,Eastmoor Teaching Hospitals NHS Trust,Asian,Thailand,Dependent,Medical,FY1/FY2,Critical Care & Anaesthesia,FY1,20.62,2026-08-25,2026-09-22,15.0,0.4,None,Permanent,Inactive,VN853896,2027-12-15,TR423337,2028-07-06,2027-09-03,2026-09-15
EMP0342-20260916_215023,Norman,Hamilton,andrewwood@example.net,1971-09-03,0808 157 0472,"780 Cox Lodge
Port Judithmouth
BA8M 7EA",Female,Eastmoor Teaching Hospitals NHS Trust,Mixed,Australia,Dependent,Nursing,Charge Nurse,Critical Care & Anaesthesia,7,27.6,2024-09-04,2024-10-02,18.75,0.5,GMC,Permanent,Inactive,EN642860,2030-07-07,TY649200,2030-08-23,2027-01-14,2024-09-25
EMP0343-20260916_215023,Cameron,Schofield,ydavidson@example.com,1975-07-02,(0115) 4960643,"Studio 55
Francesca Hollow
South Carole
TD5W 4FN",Male,Meadowbrook Community Health NHS Trust,Asian,China,ILR,Nursing,Nursery Nurse,Surgery & Cancer,2,13.76,2020-05-12,2020-06-09,30.0,0.8,NMC,Permanent,Inactive,SC917681,2028-05-08,RU568398,2028-03-25,2027-03-21,2020-06-02
EMP0344-20260916_215023,Mohamed,Hobbs,porterelizabeth@example.org,1964-07-23,+44(0)1632 960556,"Studio 77
Susan Orchard
Port Abdulstad
HA0P 1JA",Male,Southvale Hospitals NHS Trust,Mixed,United States,British Citizen,Medical,SHO,Emergency & Urgent Care,SHO,28.11,2024-06-10,2024-07-15,37.5,1.0,HCPC,Fixed Term,On Leave,DT572140,2028-07-06,TX570242,2027-03-30,2027-03-22,2024-07-01
EMP0345-20260916_215023,Norman,French,hedwards@example.org,2000-12-28,+44(0)114 496 0615,"Flat 0
Charlie Stream
Cherylside
L02 8FJ",Female,Greenhaven Acute & Specialist Care NHS Trust,White,Australia,Skilled Worker,Admin,Administrator,Critical Care & Anaesthesia,3,15.7,2017-06-25,2017-08-06,18.75,0.5,HCPC,Bank,Suspended,KD918081,2031-02-01,YT836908,2029-04-28,2027-08-13,2017-07-16
EMP0346-20260916_215023,Leslie,Roberts,frankmurray@example.org,1992-07-08,+44(0)117 496 0493,"61 Lane Keys
Rickybury
N4S 4RL",Male,Northwood Mental Health NHS Trust,White,United Kingdom,Dependent,Admin,Administrator,Women & Children,3,14.24,2025-10-20,2025-12-01,37.5,1.0,NMC,Bank,Suspended,EH185622,2028-03-07,BG724345,2028-02-23,2026-12-13,2025-11-10
EMP0347-20260916_215023,Donald,Richardson,marionprice@example.com,1983-03-11,+4429 2018 0357,"29 Evans Pike
Port Reeceside
IM3E 0EB",Male,Eastfield Psychological Services NHS Trust,White,Australia,British Citizen,Nursing,Nursery Nurse,Corporate Services,2,12.58,2023-01-16,2023-02-27,37.5,1.0,HCPC,Bank,Suspended,CL387869,2031-03-30,JD756633,2030-03-11,2027-07-10,2023-02-06
EMP0348-20260916_215023,Amy,Smith,alisonevans@example.org,1984-04-27,+44808 157 0944,"Studio 12C
Harris Crossing
Deniseport
GL30 7GA",Male,Broadfield Clinical Services NHS Trust,Black,Nigeria,Dependent,Admin,Administrator,Medicine & Acute Care,3,15.06,2025-02-28,2025-04-11,18.75,0.5,GMC,Fixed Term,Inactive,XT189424,2030-09-16,AZ047408,2030-11-17,2026-11-25,2025-03-21
EMP0349-20260916_215023,Leanne,Holmes,ashley85@example.org,1992-06-16,(0115) 4960004,"3 Denis Pine
Lake Gerardport
NG6 9YX",Female,Northshire University Hospitals NHS Trust,Mixed,South Africa,Dependent,AHP,Physiotherapist,Surgery & Cancer,6,23.96,2026-03-01,2026-04-05,18.75,0.5,HCPC,Permanent,Suspended,UI653387,2029-10-19,DA818525,2026-09-28,2027-09-12,2026-03-22
EMP0350-20260916_215023,Billy,Morgan,breeves@example.net,1977-07-19,0116 4960143,"4 Powell Terrace
Westmouth
CW9W 5TQ",Female,Eastmoor Teaching Hospitals NHS Trust,Black,Barbados,Skilled Worker,Admin,Receptionist,Clinical Support Services,3,15.84,2017-12-11,2018-01-22,18.75,0.5,GMC,Fixed Term,Active,ZZ689508,2030-06-14,YM034676,2028-06-16,2027-04-29,2018-01-01
EMP0351-20260916_215023,Ricky,Green,shortstuart@example.com,1991-01-20,0161 4960738,"Flat 5
Cox Terrace
Hollyburgh
G7D 0WX",Male,Eastmoor Teaching Hospitals NHS Trust,Black,Jamaica,Skilled Worker,AHP,Occupational Therapist,Surgery & Cancer,6,22.84,2019-06-01,2019-07-06,20.0,0.53,GMC,Permanent,Active,IR439489,2028-11-08,RX204113,2030-01-14,2027-09-03,2019-06-22
EMP0352-20260916_215023,Naomi,Cook,wendy29@example.net,1962-05-23,+44(0)909 879 0371,"372 Edward Mills
East Clifford
TW6 5QD",Male,Northshire University Hospitals NHS Trust,Black,Ghana,Dependent,Medical,Consultant,Women & Children,CONS,52.03,2023-05-12,2023-06-09,30.0,0.8,GMC,Fixed Term,On Leave,KU411575,2028-09-28,FL413418,2029-03-21,2027-04-17,2023-06-02
EMP0353-20260916_215023,Alice,Jenkins,george33@example.org,1985-12-23,+44(0)1414960614,"Studio 39q
Bruce Walk
Victorchester
W60 7DE",Male,Westmere Community Health NHS Trust,Asian,Japan,Dependent,AHP,Radiographer,Surgery & Cancer,6,23.69,2022-09-27,2022-10-25,15.0,0.4,NMC,Permanent,Inactive,LO317455,2028-01-27,YT343332,2029-03-07,2027-03-11,2022-10-18
EMP0354-20260916_215023,Colin,Bibi,bradleyyates@example.org,1982-12-10,(0113) 4960731,"9 Joshua Springs
Rogersberg
GL1 7FU",Male,Riverbank General Hospitals NHS Trust,White,United Kingdom,Skilled Worker,AHP,Physiotherapist,Corporate Services,6,26.54,2019-09-15,2019-10-20,18.75,0.5,None,Fixed Term,On Leave,KV086136,2026-11-13,ET511948,2030-02-25,2027-01-31,2019-10-06
EMP0355-20260916_215023,Phillip,Conway,xandrews@example.org,1963-10-14,+44289018457,"Studio 9
Matthew Estates
Harrisstad
LN2W 9HN",Female,Oakridge Community Services NHS Trust,Black,Trinidad and Tobago,Dependent,Medical,FY1/FY2,Women & Children,FY1,20.17,2025-11-21,2025-12-19,20.0,0.53,GMC,Permanent,Inactive,VM687021,2031-08-10,KN600762,2030-07-12,2027-09-07,2025-12-12
EMP0356-20260916_215023,Andrew,Williams,jordan66@example.net,1976-12-07,+44(0)1314960641,"72 Clark Terrace
Scotthaven
SY7N 3BU",Female,Broadfield Clinical Services NHS Trust,Asian,India,British Citizen,Medical,Consultant,Surgery & Cancer,CONS,51.3,2025-01-17,2025-02-21,30.0,0.8,NMC,Fixed Term,Inactive,MG733039,2028-06-23,IY954024,2027-08-14,2027-05-19,2025-02-07
EMP0357-20260916_215023,Jonathan,Morris,brettmatthews@example.org,1997-08-03,+44(0)116 4960716,"Studio 23
Cox Plains
Port Liamtown
SW9A 3LG",Male,Northshire University Hospitals NHS Trust,Mixed,Nigeria,Dependent,Nursing,Senior Staff Nurse,Clinical Support Services,6,22.99,2018-12-19,2019-01-30,18.75,0.5,None,Fixed Term,Suspended,JL249509,2028-01-30,MG320405,2027-02-24,2027-06-28,2019-01-09
EMP0358-20260916_215023,Dean,George,bankskirsty@example.org,1994-01-05,+441184960369,"274 Hughes Alley
Port Denisebury
B8 3GZ",Female,Northshire University Hospitals NHS Trust,Mixed,United States,ILR,Medical,GP,Corporate Services,GP,49.06,2022-09-21,2022-11-02,20.0,0.53,HCPC,Fixed Term,Active,OE015892,2029-01-14,KG529409,2031-02-19,2027-01-27,2022-10-12
EMP0359-20260916_215023,Ashleigh,Stone,swilkinson@example.net,1992-11-19,(0116)4960851,"1 Singh Fords
Zoeport
M85 1QH",Female,Greenhaven Acute & Specialist Care NHS Trust,Black,South Africa,ILR,AHP,Occupational Therapist,Critical Care & Anaesthesia,6,26.36,2018-09-25,2018-10-23,18.75,0.5,GMC,Fixed Term,Inactive,DE873855,2027-04-12,ZK497107,2028-07-14,2026-12-09,2018-10-16
EMP0360-20260916_215023,Ashleigh,Rhodes,harrissamuel@example.com,1980-05-18,+44(0)9098790249,"Studio 42
Wilkinson Keys
New Aimeefurt
B9S 1AJ",Male,Lakeside District Hospitals NHS Trust,Black,Trinidad and Tobago,ILR,Admin,Receptionist,Emergency & Urgent Care,3,16.4,2026-01-31,2026-02-28,20.0,0.53,GMC,Bank,On Leave,XI624018,2028-03-06,WK613779,2028-09-02,2026-09-24,2026-02-21
EMP0361-20260916_215023,Rhys,Richardson,uhamilton@example.org,1965-09-06,0114 4960260,"Studio 5
Fox Terrace
Jonesland
L4C 7YA",Male,Oakridge Community Services NHS Trust,Mixed,Japan,British Citizen,Admin,Administrator,Emergency & Urgent Care,3,13.41,2019-11-03,2019-12-01,20.0,0.53,None,Bank,Suspended,IA195930,2028-07-06,HS667038,2031-08-04,2026-11-23,2019-11-24
EMP0362-20260916_215023,Stephanie,Parry,umiles@example.com,1983-07-26,+44(0)141 4960518,"7 Abdul Skyway
East Patrickhaven
WF0 8AX",Male,Meadowbrook Community Health NHS Trust,Asian,Japan,British Citizen,Nursing,Nursery Nurse,Critical Care & Anaesthesia,2,12.33,2019-04-21,2019-05-26,15.0,0.4,None,Bank,Inactive,LD753798,2028-06-24,KE516921,2031-01-15,2027-05-27,2019-05-12
EMP0363-20260916_215023,Lindsey,Moss,eileen14@example.net,1970-11-14,01514960471,"52 Bevan Light
East Yvonne
JE3E 5FL",Female,Broadfield Clinical Services NHS Trust,White,Canada,Skilled Worker,AHP,Physiotherapist,Critical Care & Anaesthesia,6,27.71,2018-08-19,2018-09-16,18.75,0.5,NMC,Permanent,Inactive,ZT513384,2027-02-28,CG731088,2031-01-11,2026-12-04,2018-09-09
EMP0364-20260916_215023,Graeme,Oliver,mfox@example.net,1966-10-24,+44(0)1414960469,"Studio 16r
Thornton Ville
Owenchester
S4 6TA",Female,Greenhaven Acute & Specialist Care NHS Trust,Mixed,South Africa,Dependent,Medical,Registrar,Clinical Support Services,SPR,34.31,2025-10-27,2025-12-01,30.0,0.8,HCPC,Bank,Active,II602673,2030-06-22,GM228574,2027-01-27,2027-09-07,2025-11-17
EMP0365-20260916_215023,Marc,Spencer,rileyjoe@example.org,1985-06-05,(0113) 496 0832,"Studio 2
Toby Roads
West Bernardland
G05 3ZS",Female,Eastmoor Teaching Hospitals NHS Trust,White,Canada,Skilled Worker,Medical,SHO,Corporate Services,SHO,24.05,2024-05-02,2024-06-13,30.0,0.8,GMC,Bank,Inactive,YD072340,2030-12-04,LL801890,2031-05-04,2027-07-13,2024-05-23
EMP0366-20260916_215023,Jay,Crawford,littleannette@example.com,1980-12-19,(0113) 496 0334,"Flat 13
Sean Tunnel
Howardberg
G1T 7PQ",Male,Valleyview Mental Wellness NHS Trust,Mixed,United States,Dependent,Medical,GP,Surgery & Cancer,GP,54.94,2023-04-12,2023-05-24,30.0,0.8,NMC,Bank,Suspended,CR576715,2030-04-23,ER101476,2028-03-24,2027-06-15,2023-05-03
EMP0367-20260916_215023,Judith,Long,williamsstephen@example.net,1983-12-23,(0191) 496 0909,"Flat 30
Taylor Glens
East Bethanhaven
IM3 4QH",Male,Hillcrest Medical Centres NHS Trust,Black,Jamaica,British Citizen,Nursing,Charge Nurse,Clinical Support Services,7,30.4,2024-03-27,2024-05-01,18.75,0.5,GMC,Fixed Term,On Leave,WL676791,2028-06-14,JL383213,2028-08-20,2026-12-06,2024-04-17
EMP0368-20260916_215023,Stacey,Hopkins,xbarrett@example.com,1998-06-04,0292018694,"Flat 96Q
Yates Ranch
New Jacobport
E4 0TN",Male,Valleyview Mental Wellness NHS Trust,Mixed,South Africa,ILR,Medical,FY1/FY2,Emergency & Urgent Care,FY1,19.47,2018-02-08,2018-03-22,20.0,0.53,NMC,Permanent,Suspended,JO107980,2028-03-25,WZ713754,2030-11-21,2026-12-01,2018-03-01
EMP0369-20260916_215023,Keith,Campbell,scott39@example.org,1992-11-15,+441414960144,"7 Zoe Summit
East Janetchester
L5J 8GG",Female,Westborough Acute Care NHS Trust,Asian,India,Dependent,Medical,SHO,Women & Children,SHO,23.8,2026-07-12,2026-08-23,20.0,0.53,HCPC,Permanent,Suspended,NU696255,2029-12-03,IO045392,2031-02-18,2027-07-25,2026-08-02
EMP0370-20260916_215023,Ruth,Coates,mckenzieruth@example.org,1964-10-08,+441632960570,"132 Richard Route
Turnerport
L5 1ZZ",Male,Broadfield Clinical Services NHS Trust,Asian,Thailand,British Citizen,Admin,Administrator,Corporate Services,3,14.52,2023-07-06,2023-08-03,30.0,0.8,None,Bank,Active,GK286380,2030-08-08,DX725398,2028-05-14,2027-08-30,2023-07-27
EMP0371-20260916_215023,Christine,West,joyce17@example.com,2003-07-05,(0118)4960965,"488 Anna Rue
East Sian
KY85 0NQ",Female,Southgate Community & Mental Health NHS Trust,White,United Kingdom,Skilled Worker,AHP,Pharmacist,Surgery & Cancer,5,22.53,2020-08-06,2020-09-17,15.0,0.4,NMC,Permanent,Active,UH754582,2031-01-26,HO845000,2030-03-26,2026-11-14,2020-08-27
EMP0372-20260916_215023,Jeffrey,O'Brien,tylerbarbara@example.net,1967-05-12,(0131)4960088,"Flat 64
Gerald Hollow
Port Yvonne
PH30 5WB",Female,Eastmoor Teaching Hospitals NHS Trust,White,Australia,ILR,Medical,FY1/FY2,Emergency & Urgent Care,FY1,18.85,2025-11-12,2025-12-17,37.5,1.0,NMC,Bank,Inactive,BY268991,2027-10-26,JL998247,2026-09-30,2026-09-20,2025-12-03
EMP0373-20260916_215023,Pamela,Roberts,douglas24@example.org,1972-03-22,0118 496 0742,"Flat 86j
Kimberley Road
Sylviaburgh
E9 0FX",Female,Southgate Community & Mental Health NHS Trust,Mixed,Japan,ILR,Nursing,Charge Nurse,Medicine & Acute Care,7,31.69,2021-08-10,2021-09-07,37.5,1.0,NMC,Permanent,Active,BS229229,2028-08-07,XL052057,2030-11-10,2026-12-18,2021-08-31
EMP0374-20260916_215023,Leslie,Hyde,saraturner@example.org,1963-03-20,+44118 4960537,"121 Mistry Loaf
Grahamtown
BT95 8QN",Female,Greenhaven Acute & Specialist Care NHS Trust,White,United Kingdom,Dependent,Nursing,Nursery Nurse,Surgery & Cancer,2,12.77,2024-02-03,2024-03-02,37.5,1.0,NMC,Fixed Term,Active,ZB357369,2028-09-06,CX221065,2028-02-05,2027-06-24,2024-02-24
EMP0375-20260916_215023,Nathan,Wilson,pricerachel@example.com,1984-07-09,(0116)4960713,"Studio 13i
Diane Summit
Jacobton
CR82 6AG",Male,Bluewater Community & Rehabilitation NHS Trust,Mixed,Barbados,Dependent,Nursing,Nursery Nurse,Surgery & Cancer,2,14.2,2023-05-20,2023-06-17,18.75,0.5,NMC,Fixed Term,Suspended,CY508375,2028-06-05,MK714092,2029-10-29,2027-02-16,2023-06-10
EMP0376-20260916_215023,Elaine,Williams,brichardson@example.net,2004-07-05,(0909) 879 0560,"480 Cameron Plain
Shawmouth
L98 0QG",Female,Broadfield Clinical Services NHS Trust,Black,Kenya,Dependent,AHP,Pharmacist,Women & Children,5,22.35,2016-10-17,2016-11-21,18.75,0.5,None,Fixed Term,Active,TZ499299,2028-09-25,PN413310,2027-02-11,2027-01-13,2016-11-07
EMP0377-20260916_215023,Sean,Marshall,williamcarr@example.com,1996-05-18,(0191)4960635,"Flat 9
Dixon Locks
Lake Tina
SL96 1RZ",Male,Westmere Community Health NHS Trust,White,United Kingdom,Dependent,Medical,Registrar,Critical Care & Anaesthesia,SPR,40.78,2021-04-05,2021-05-17,37.5,1.0,GMC,Fixed Term,On Leave,IF553775,2029-12-01,PY831875,2029-07-09,2027-05-24,2021-04-26
EMP0378-20260916_215023,Naomi,O'Brien,mohammadchapman@example.com,1963-02-14,029 2018 0011,"16 Leonard Burgs
North Ann
SE9 3NR",Female,Westmere Community Health NHS Trust,Mixed,South Africa,British Citizen,Nursing,Staff Nurse,Medicine & Acute Care,5,19.4,2018-12-12,2019-01-09,37.5,1.0,HCPC,Bank,Suspended,XD706209,2031-07-23,EE319282,2029-12-19,2027-08-03,2019-01-02
EMP0379-20260916_215023,Jeffrey,Clarke,scottcolin@example.com,1969-04-22,+44(0)2074960764,"Studio 8
Steele Streets
East Kieranshire
N0 5AJ",Male,Meadowbrook Community Health NHS Trust,Mixed,Trinidad and Tobago,ILR,AHP,Physiotherapist,Women & Children,6,27.08,2017-03-24,2017-04-21,15.0,0.4,HCPC,Permanent,On Leave,AN611523,2027-05-25,IY449045,2031-06-12,2026-10-14,2017-04-14
EMP0380-20260916_215023,Nigel,Williams,carrdenis@example.com,1963-11-30,0191 498 0152,"57 Richard Port
Leonton
B7 0WE",Female,Westmere Community Health NHS Trust,Black,Barbados,ILR,Medical,FY1/FY2,Corporate Services,FY1,19.62,2021-05-24,2021-06-28,30.0,0.8,NMC,Permanent,Suspended,TC623482,2028-05-10,WR444073,2030-01-22,2026-11-30,2021-06-14
EMP0381-20260916_215023,Alice,Wall,victoria57@example.com,1974-10-08,0289018063,"622 White Viaduct
Alexanderburgh
ZE8A 6UN",Male,Westmere Community Health NHS Trust,Black,Trinidad and Tobago,Dependent,Medical,SHO,Clinical Support Services,SHO,28.55,2026-02-15,2026-03-15,20.0,0.53,None,Bank,Active,MD617078,2031-07-30,JG131619,2029-06-30,2027-01-14,2026-03-08
EMP0382-20260916_215023,Shannon,Holmes,linda66@example.com,2007-09-22,(0118)4960788,"Studio 64
Lorraine Green
Port Terencechester
N2C 9BF",Female,Westmere Community Health NHS Trust,Black,Kenya,Skilled Worker,Nursing,Ward Manager,Corporate Services,8A,31.72,2020-03-27,2020-05-08,20.0,0.53,None,Bank,On Leave,PO439691,2029-11-02,OH433466,2026-11-03,2026-12-26,2020-04-17
EMP0383-20260916_215023,Roy,Harris,swheeler@example.net,1985-04-03,020 74960696,"Studio 6
Conor Court
New Stanleymouth
L1 4SL",Male,Valleyview Mental Wellness NHS Trust,Black,Barbados,British Citizen,Medical,GP,Women & Children,GP,51.02,2025-08-26,2025-10-07,37.5,1.0,GMC,Fixed Term,Suspended,IY877269,2028-02-13,PO459231,2031-08-11,2027-03-26,2025-09-16
EMP0384-20260916_215023,Phillip,Jones,jonesmaureen@example.org,1986-01-01,+441184960439,"Flat 75
Joshua Road
Lake Kevin
N44 8BR",Female,Westborough Acute Care NHS Trust,Black,Nigeria,British Citizen,Nursing,Senior Staff Nurse,Emergency & Urgent Care,6,26.55,2022-12-26,2023-01-23,15.0,0.4,None,Fixed Term,Inactive,WD851436,2029-01-07,LH046588,2030-05-20,2027-07-29,2023-01-16
EMP0385-20260916_215023,Nicole,Turner,johnstonhollie@example.com,1964-09-24,+4429 2018434,"Studio 72
O'Neill Isle
New Marionstad
CR3B 7YQ",Female,Riverside Integrated Care NHS Trust,Asian,Thailand,ILR,Nursing,Staff Nurse,Medicine & Acute Care,5,22.8,2017-09-28,2017-11-09,18.75,0.5,NMC,Permanent,On Leave,JD329395,2028-09-06,SP667754,2029-03-31,2027-06-18,2017-10-19
EMP0386-20260916_215023,Christian,Robinson,butlerjoanne@example.org,2006-02-15,(029) 2018235,"738 Gregory Pike
East Benhaven
M3 2PL",Male,Lakeside District Hospitals NHS Trust,Asian,Thailand,Skilled Worker,Admin,Data Analyst,Critical Care & Anaesthesia,8A,30.88,2025-04-29,2025-05-27,20.0,0.53,None,Fixed Term,Inactive,PD663432,2028-04-07,KI787473,2028-08-26,2027-07-12,2025-05-20
EMP0387-20260916_215023,Bethan,Taylor,charlene42@example.com,1987-08-21,(0306) 999 0010,"4 Shannon Mill
New Terence
B0 6GX",Male,Valleyview Mental Wellness NHS Trust,Black,Trinidad and Tobago,Dependent,AHP,Speech Therapist,Medicine & Acute Care,6,26.12,2025-01-07,2025-02-11,37.5,1.0,GMC,Permanent,Active,QV951464,2030-06-21,HR248044,2027-09-19,2027-09-05,2025-01-28
EMP0388-20260916_215023,Michael,James,smithstanley@example.net,1967-05-09,02074960012,"Studio 20k
Pauline Path
Dohertymouth
GY7X 2QT",Male,Midlands Central Hospitals NHS Trust,Black,South Africa,British Citizen,AHP,Physiotherapist,Women & Children,6,25.36,2018-04-07,2018-05-19,37.5,1.0,None,Fixed Term,Inactive,QJ068471,2026-11-22,UI815263,2027-06-15,2027-09-09,2018-04-28
EMP0389-20260916_215023,Cameron,Daniels,leslie14@example.net,1999-10-22,0131 496 0253,"7 Lowe Track
Lake Martinchester
DG5B 0RL",Female,Midlands Central Hospitals NHS Trust,Black,Trinidad and Tobago,ILR,Admin,Administrator,Corporate Services,3,14.67,2019-09-18,2019-10-23,18.75,0.5,NMC,Bank,On Leave,GA263423,2027-11-27,RO241582,2027-03-21,2026-10-06,2019-10-09
EMP0390-20260916_215023,Maria,Richardson,carolewilliams@example.net,1985-05-31,01154960233,"Studio 33x
Rogers Rapid
South Lynne
PA5B 4ZF",Female,Eastfield Psychological Services NHS Trust,Black,South Africa,Skilled Worker,Admin,Receptionist,Clinical Support Services,3,14.97,2023-01-29,2023-02-26,20.0,0.53,HCPC,Fixed Term,Active,AU772015,2028-04-13,FD207481,2030-06-22,2027-04-24,2023-02-19
EMP0391-20260916_215023,Jean,Butler,xnoble@example.com,1978-06-28,01154960011,"Studio 5
Katie Place
Annefort
L7U 2TD",Male,Meadowbrook Community Health NHS Trust,Asian,Thailand,Skilled Worker,AHP,Radiographer,Corporate Services,6,26.72,2019-05-25,2019-07-06,37.5,1.0,HCPC,Fixed Term,Suspended,AA599300,2030-09-03,FT957047,2028-01-25,2027-03-05,2019-06-15
EMP0392-20260916_215023,Jack,Coates,jemma50@example.net,2006-10-30,(0808) 1570085,"Studio 44
Thomas Highway
Olivialand
B86 3QZ",Male,Oakridge Community Services NHS Trust,Mixed,South Africa,Skilled Worker,Nursing,Healthcare Assistant,Medicine & Acute Care,2,14.01,2023-04-02,2023-05-14,30.0,0.8,None,Fixed Term,Suspended,YX097780,2027-04-28,NB957971,2030-01-29,2026-12-30,2023-04-23
EMP0393-20260916_215023,Shirley,Jones,zday@example.com,1982-08-27,01134960337,"Studio 01J
Nicholson Courts
New Marilynborough
RG3 5DS",Male,Broadfield Clinical Services NHS Trust,Asian,Thailand,Skilled Worker,AHP,Physiotherapist,Corporate Services,6,24.56,2019-05-17,2019-06-21,37.5,1.0,None,Fixed Term,Active,GD557685,2028-06-20,XF946334,2030-02-21,2027-03-12,2019-06-07
EMP0394-20260916_215023,Irene,Wilson,john33@example.com,1963-03-21,+44(0)114 496 0211,"Flat 90s
Julie Divide
Barryborough
CB2 0GY",Female,Westmere Community Health NHS Trust,White,United States,British Citizen,Admin,Data Analyst,Women & Children,8A,33.55,2020-01-23,2020-03-05,20.0,0.53,HCPC,Bank,On Leave,AF984502,2030-12-23,YD697184,2027-10-17,2026-10-30,2020-02-13
EMP0395-20260916_215023,Abdul,Phillips,kirstyking@example.org,1962-01-14,+44118 496 0350,"Studio 6
Atkinson Rest
Williamsberg
L0S 1ZQ",Female,Meadowbrook Community Health NHS Trust,Asian,China,Dependent,Nursing,Nursery Nurse,Critical Care & Anaesthesia,2,12.71,2022-12-11,2023-01-15,37.5,1.0,None,Permanent,Active,WX636839,2031-05-02,BY755309,2031-08-21,2027-01-14,2023-01-01
EMP0396-20260916_215023,Ben,Kaur,wrobson@example.net,1962-07-25,(0115) 4960357,"Flat 65A
Gregory Ranch
Rebeccamouth
CT76 8HD",Male,Meadowbrook Community Health NHS Trust,Mixed,Ghana,Dependent,Nursing,Senior Staff Nurse,Women & Children,6,25.91,2017-03-14,2017-04-18,20.0,0.53,NMC,Permanent,Suspended,JO415525,2031-04-15,GX542247,2029-10-28,2027-02-25,2017-04-04
EMP0397-20260916_215023,Phillip,Buckley,lisa84@example.net,1987-06-29,(029) 2018 0603,"Flat 3
Stuart Village
Callummouth
M4 2SZ",Female,Westmere Community Health NHS Trust,Mixed,Thailand,Skilled Worker,AHP,Speech Therapist,Emergency & Urgent Care,6,23.66,2024-07-07,2024-08-11,15.0,0.4,HCPC,Fixed Term,Inactive,PK519522,2029-08-04,HV260572,2028-05-29,2026-12-29,2024-07-28
EMP0398-20260916_215023,Kirsty,George,ashleyhargreaves@example.net,1973-10-31,+441134960586,"1 Giles Field
Waltonchester
M84 4HT",Male,Bluewater Community & Rehabilitation NHS Trust,Mixed,South Africa,British Citizen,Medical,Registrar,Surgery & Cancer,SPR,37.76,2017-08-16,2017-09-20,18.75,0.5,NMC,Fixed Term,On Leave,ZW123935,2029-08-23,VP188167,2027-12-22,2027-03-28,2017-09-06
EMP0399-20260916_215023,June,Marshall,hbond@example.com,2008-04-05,0118 496 0451,"Flat 78c
Kirsty Row
Port Guy
KT3 9DQ",Female,Southgate Community & Mental Health NHS Trust,Black,Barbados,Skilled Worker,Medical,FY1/FY2,Critical Care & Anaesthesia,FY1,20.34,2023-01-26,2023-03-02,15.0,0.4,None,Permanent,Suspended,KY881193,2027-10-30,NN586994,2031-09-12,2027-08-03,2023-02-16
EMP0400-20260916_215023,Denise,Williamson,xlee@example.org,1996-01-14,+44(0)2074960514,"599 Smith Run
Lake Garethhaven
B18 8YH",Female,Broadfield Clinical Services NHS Trust,Mixed,Canada,Dependent,AHP,Physiologist,Clinical Support Services,6,27.44,2025-04-01,2025-05-06,15.0,0.4,NMC,Bank,Suspended,ZT451087,2027-09-05,RJ948886,2027-03-27,2027-05-25,2025-04-22
EMP0401-20260916_215023,Bruce,Hill,ywilliams@example.org,1966-03-06,+4428 9018981,"Flat 07
Sheila Brooks
North Clare
CW27 5TT",Female,Westmere Community Health NHS Trust,Mixed,Canada,Dependent,AHP,Speech Therapist,Women & Children,6,27.09,2017-01-02,2017-02-06,37.5,1.0,None,Permanent,Active,NZ801880,2031-06-08,RU882529,2028-09-22,2026-12-18,2017-01-23
EMP0402-20260916_215023,Eileen,Bentley,ncarroll@example.net,1982-04-14,01214960783,"52 Thompson Street
North Jayberg
B83 8ZG",Female,Greenhaven Acute & Specialist Care NHS Trust,Asian,Thailand,Dependent,Admin,Medical Secretary,Medicine & Acute Care,4,17.93,2021-06-12,2021-07-17,30.0,0.8,HCPC,Fixed Term,Active,QK218937,2029-03-18,DH650376,2031-06-12,2027-05-02,2021-07-03
EMP0403-20260916_215023,Cameron,Murphy,gracebray@example.org,1996-06-01,(0114) 496 0419,"Flat 02n
Bates Streets
Geraldinetown
M3D 6RS",Female,Bluewater Community & Rehabilitation NHS Trust,Asian,China,Skilled Worker,Nursing,Charge Nurse,Medicine & Acute Care,7,26.68,2026-03-12,2026-04-23,15.0,0.4,NMC,Permanent,On Leave,ZY164818,2031-07-08,PV083398,2028-01-17,2027-06-03,2026-04-02
EMP0404-20260916_215023,Carly,Reed,obrown@example.net,1973-05-01,+44(0)116 4960416,"Flat 04
Harper Park
South Jill
CB67 0HD",Female,Hillcrest Medical Centres NHS Trust,White,United Kingdom,Skilled Worker,Medical,Consultant,Medicine & Acute Care,CONS,62.47,2019-12-10,2020-01-21,20.0,0.53,GMC,Bank,On Leave,CJ166822,2029-06-08,RB833561,2027-11-05,2027-06-01,2019-12-31
EMP0405-20260916_215023,Geraldine,Wright,billybutcher@example.com,1992-07-21,0191 4960257,"54 Jones Isle
New Suzannetown
SA2 0NX",Female,Bluewater Community & Rehabilitation NHS Trust,Asian,Thailand,Skilled Worker,Nursing,Senior Staff Nurse,Emergency & Urgent Care,6,27.09,2026-04-28,2026-05-26,15.0,0.4,HCPC,Bank,Active,TV831379,2028-01-26,NQ449136,2027-01-24,2026-12-03,2026-05-19
EMP0406-20260916_215023,Keith,Fowler,ofisher@example.org,1978-06-30,(0151)4960660,"Studio 8
Barrett Track
South Karen
AB26 5YS",Female,Lakeside District Hospitals NHS Trust,Asian,Thailand,ILR,Nursing,Staff Nurse,Corporate Services,5,19.31,2024-06-09,2024-07-07,30.0,0.8,NMC,Fixed Term,On Leave,WI114343,2028-09-29,LB120487,2028-10-27,2027-09-01,2024-06-30
EMP0407-20260916_215023,Kerry,Gould,elliot62@example.com,1999-11-20,+44(0)1514960077,"818 Bentley Place
Patelmouth
E22 3PR",Male,Eastmoor Teaching Hospitals NHS Trust,Black,South Africa,Skilled Worker,Nursing,Staff Nurse,Women & Children,5,21.0,2022-10-18,2022-11-15,20.0,0.53,GMC,Permanent,On Leave,KK158513,2027-09-05,MC592845,2030-01-24,2027-01-11,2022-11-08
EMP0408-20260916_215023,Peter,Pope,shanewalker@example.com,2006-06-14,01632 960 067,"Studio 95
Wood Valleys
Kieranmouth
B4F 0LD",Female,Riverbank General Hospitals NHS Trust,White,Australia,British Citizen,Medical,FY1/FY2,Medicine & Acute Care,FY1,19.8,2024-01-29,2024-03-11,15.0,0.4,NMC,Fixed Term,Active,JQ580513,2029-03-22,QT938213,2028-12-06,2027-05-13,2024-02-19
EMP0409-20260916_215023,Elliot,Lambert,fhall@example.com,2001-09-18,0141 496 0525,"07 Charlotte Shoal
Bethanland
W7W 9XR",Male,Southvale Hospitals NHS Trust,Asian,Japan,British Citizen,Nursing,Charge Nurse,Clinical Support Services,7,29.46,2022-10-11,2022-11-08,30.0,0.8,None,Fixed Term,Inactive,RE239346,2027-06-07,VI934961,2028-12-06,2026-12-14,2022-11-01
EMP0410-20260916_215023,Kelly,Johnston,keithmarshall@example.org,1969-03-29,+44(0)29 2018 0355,"5 White Loop
Port Martynfurt
PO05 5RX",Male,Bluewater Community & Rehabilitation NHS Trust,Black,Kenya,Skilled Worker,Nursing,Charge Nurse,Critical Care & Anaesthesia,7,30.77,2025-06-02,2025-06-30,37.5,1.0,None,Bank,On Leave,WI510699,2028-05-24,AR593218,2031-02-23,2027-01-28,2025-06-23
EMP0411-20260916_215023,Lynne,Turner,zthompson@example.com,1984-04-03,03069990905,"Studio 18u
Morris Ramp
Crossbury
E0C 5GJ",Female,Northshire University Hospitals NHS Trust,Mixed,Jamaica,British Citizen,Nursing,Ward Manager,Corporate Services,8A,32.28,2025-08-12,2025-09-23,30.0,0.8,None,Fixed Term,Inactive,CO742530,2028-09-22,ZF550190,2029-07-02,2027-02-25,2025-09-02
EMP0412-20260916_215023,Christian,Green,simon29@example.org,1987-02-01,+44113 496 0084,"9 Bradley Cliff
Katherinebury
OL5M 4XB",Female,Broadfield Clinical Services NHS Trust,White,Australia,Skilled Worker,Nursing,Senior Staff Nurse,Emergency & Urgent Care,6,26.26,2023-01-18,2023-02-15,20.0,0.53,HCPC,Bank,Inactive,OF819808,2029-06-22,NM233306,2029-02-07,2026-10-13,2023-02-08
EMP0413-20260916_215023,Joe,Poole,cookalbert@example.org,1995-04-20,+44(0)1914960348,"207 Byrne Passage
Evansside
E4F 8BQ",Male,Southvale Hospitals NHS Trust,Black,Barbados,British Citizen,Nursing,Charge Nurse,Medicine & Acute Care,7,27.07,2022-01-31,2022-03-07,20.0,0.53,None,Permanent,Inactive,DB525755,2031-01-19,XR065943,2031-06-08,2026-11-19,2022-02-21
EMP0414-20260916_215023,Jade,Foster,damian82@example.net,1994-06-17,(0151) 496 0915,"549 Clarke Hills
West Debraside
N34 2WF",Male,Eastmoor Teaching Hospitals NHS Trust,Black,Trinidad and Tobago,Skilled Worker,Medical,SHO,Women & Children,SHO,30.42,2026-07-18,2026-08-22,20.0,0.53,GMC,Fixed Term,On Leave,FV609825,2029-11-30,LR697374,2029-11-18,2027-01-09,2026-08-08
EMP0415-20260916_215023,Victor,Walsh,kimberleyyoung@example.org,1981-09-01,+44(0)1514960392,"67 Browne Field
New Dennis
S5G 5JG",Male,Midlands Central Hospitals NHS Trust,Mixed,Australia,British Citizen,AHP,Occupational Therapist,Corporate Services,6,24.0,2021-06-26,2021-08-07,15.0,0.4,NMC,Fixed Term,Inactive,MZ003074,2029-12-23,HP814946,2031-04-01,2026-10-26,2021-07-17
EMP0416-20260916_215023,Sarah,Simpson,hollandpaula@example.org,1964-06-15,+44141 496 0429,"Flat 9
Dennis Path
Robsonstad
CR2 0YA",Female,Midlands Central Hospitals NHS Trust,White,United States,ILR,AHP,Occupational Therapist,Medicine & Acute Care,6,22.66,2019-10-14,2019-11-25,20.0,0.53,GMC,Fixed Term,Active,ZG529056,2030-03-21,VP497202,2026-11-30,2026-10-11,2019-11-04
EMP0417-20260916_215023,Billy,Parker,jemma48@example.net,1986-09-13,0116 4960044,"Flat 66A
Fox Curve
West Graham
TD2 1PH",Female,Valleyview Mental Wellness NHS Trust,White,Canada,Dependent,AHP,Radiographer,Corporate Services,6,23.18,2017-03-13,2017-04-17,20.0,0.53,HCPC,Fixed Term,Active,JQ912891,2026-10-07,OH385900,2028-10-13,2027-03-01,2017-04-03
EMP0418-20260916_215023,Kieran,Davies,murphykirsty@example.com,1968-11-19,+44(0)121 4960813,"273 Julie Wall
Clarkton
TS6V 6TF",Male,Eastfield Psychological Services NHS Trust,White,Canada,Skilled Worker,AHP,Radiographer,Women & Children,6,22.63,2024-09-08,2024-10-06,20.0,0.53,HCPC,Permanent,On Leave,MC259871,2027-11-14,JB739738,2027-03-04,2027-07-15,2024-09-29
EMP0419-20260916_215023,Beverley,Smith,oatkinson@example.com,2000-09-18,01174960159,"6 Katy Land
Simpsonshire
WV92 5TG",Male,Lakeside District Hospitals NHS Trust,Black,Trinidad and Tobago,Skilled Worker,Medical,Registrar,Corporate Services,SPR,41.3,2018-03-15,2018-04-26,37.5,1.0,GMC,Bank,Active,QQ510857,2026-10-25,YD810762,2029-10-06,2027-01-31,2018-04-05
EMP0420-20260916_215023,Peter,Cross,jpritchard@example.net,1991-07-03,(0131) 4960819,"252 Geraldine Trail
North Terencehaven
S3 6WW",Female,Bluewater Community & Rehabilitation NHS Trust,Asian,Thailand,British Citizen,AHP,Physiologist,Surgery & Cancer,6,24.17,2019-02-26,2019-04-02,30.0,0.8,None,Permanent,On Leave,LX510342,2026-12-03,YX792787,2029-01-04,2027-04-21,2019-03-19
EMP0421-20260916_215023,Harriet,Reeves,wendydavies@example.net,1992-05-26,+44808 1570181,"Flat 2
Hall Parks
Neilland
EC56 4SX",Female,Oakridge Community Services NHS Trust,Mixed,Nigeria,Skilled Worker,Medical,GP,Corporate Services,GP,50.22,2026-05-09,2026-06-20,37.5,1.0,GMC,Fixed Term,Suspended,EY178352,2029-06-15,EP185284,2030-03-30,2027-08-12,2026-05-30
EMP0422-20260916_215023,Maria,McCarthy,sharpegeorge@example.com,1978-12-28,+44(0)1614960674,"Flat 7
Lindsey Forest
Webstermouth
M5H 9NA",Male,Oakridge Community Services NHS Trust,Mixed,Jamaica,ILR,Admin,Administrator,Women & Children,3,13.75,2019-10-09,2019-11-20,30.0,0.8,HCPC,Fixed Term,Active,HZ928492,2031-03-16,WJ828198,2027-05-30,2027-07-11,2019-10-30
EMP0423-20260916_215023,Kyle,Randall,higginsiain@example.net,1965-10-10,+441314960296,"Flat 96
Paige Meadow
North Jillville
CF2W 6NW",Male,Westmere Community Health NHS Trust,White,New Zealand,Dependent,Medical,Consultant,Surgery & Cancer,CONS,71.71,2017-12-15,2018-01-26,30.0,0.8,GMC,Bank,Active,IC277198,2028-01-10,YU015436,2031-02-03,2027-07-24,2018-01-05
EMP0424-20260916_215023,Francis,Porter,tcook@example.com,1962-10-05,+4429 2018275,"5 Kayleigh Coves
North Kim
BS7X 7XS",Female,Hillcrest Medical Centres NHS Trust,Black,Ghana,Skilled Worker,Nursing,Nursery Nurse,Women & Children,2,12.55,2026-05-03,2026-06-07,30.0,0.8,NMC,Bank,Inactive,XL611317,2028-04-03,QM170181,2030-04-11,2027-04-03,2026-05-24
EMP0425-20260916_215023,Leigh,Abbott,hthompson@example.com,1962-08-24,(0306)9990958,"23 Ronald Vista
Lake Daniellemouth
L22 5AX",Male,Riverbank General Hospitals NHS Trust,Mixed,Japan,Skilled Worker,Admin,Receptionist,Surgery & Cancer,3,14.89,2016-12-14,2017-01-25,30.0,0.8,HCPC,Bank,Active,UL409010,2031-07-15,YJ613592,2027-12-10,2027-07-24,2017-01-04
EMP0426-20260916_215023,Georgina,Hall,hayley55@example.org,1979-04-02,+44(0)116 496 0124,"92 Bevan Mills
Port Robin
E22 0NZ",Female,Oakridge Community Services NHS Trust,Mixed,China,British Citizen,AHP,Radiographer,Surgery & Cancer,6,27.5,2021-02-28,2021-04-11,18.75,0.5,NMC,Fixed Term,Active,NZ646631,2028-08-19,VB112320,2027-11-26,2026-10-27,2021-03-21
EMP0427-20260916_215023,Kenneth,Wilkinson,henrygeorgina@example.net,2000-05-29,(01632) 960 672,"2 Malcolm Islands
North Alexander
NE66 4XA",Male,Riverbank General Hospitals NHS Trust,Mixed,Kenya,ILR,AHP,Physiotherapist,Critical Care & Anaesthesia,6,22.86,2024-01-17,2024-02-28,30.0,0.8,None,Permanent,Inactive,FR041471,2029-06-14,LQ065524,2028-09-17,2027-02-26,2024-02-07
EMP0428-20260916_215023,Martin,Dixon,erichardson@example.com,1971-12-27,01174960137,"Flat 35w
Gareth Curve
North Tracy
CA46 4NT",Male,Northwood Mental Health NHS Trust,Mixed,Jamaica,British Citizen,AHP,Pharmacist,Surgery & Cancer,5,21.33,2025-08-06,2025-09-03,30.0,0.8,HCPC,Bank,On Leave,ZE355058,2026-12-05,JU909602,2030-09-20,2027-01-31,2025-08-27
EMP0429-20260916_215023,Mary,Carroll,bethan09@example.com,2001-10-09,+44(0)131 496 0510,"889 Kirk Views
Jordanland
TQ6 5YD",Female,Meadowbrook Community Health NHS Trust,Mixed,India,ILR,Admin,Medical Secretary,Emergency & Urgent Care,4,16.17,2019-07-09,2019-08-06,37.5,1.0,None,Permanent,Active,EI231107,2030-11-16,HT359217,2027-07-15,2027-08-20,2019-07-30
EMP0430-20260916_215023,Emily,Page,russell92@example.com,1972-10-25,01214960454,"921 Roger Circles
New Sheila
BN1 1HH",Female,Northwood Mental Health NHS Trust,White,United States,ILR,AHP,Physiologist,Surgery & Cancer,6,23.7,2022-10-03,2022-11-14,18.75,0.5,HCPC,Bank,Active,DW806564,2029-12-03,YT481076,2028-04-07,2027-05-23,2022-10-24
EMP0431-20260916_215023,Zoe,Barrett,martinkirsty@example.com,1962-06-04,+44(0)114 4960736,"862 Daly Street
Reidland
M7 5FA",Female,Broadfield Clinical Services NHS Trust,Mixed,South Africa,Dependent,Nursing,Healthcare Assistant,Critical Care & Anaesthesia,2,13.29,2017-10-14,2017-11-11,18.75,0.5,NMC,Fixed Term,On Leave,XK301545,2028-01-07,TW232708,2029-09-12,2026-09-27,2017-11-04
EMP0432-20260916_215023,Fiona,White,igriffiths@example.org,1994-02-18,+441514960946,"Flat 2
Tracy Neck
West Melissatown
L0U 0YJ",Female,Riverside Integrated Care NHS Trust,White,New Zealand,Dependent,Nursing,Staff Nurse,Women & Children,5,19.09,2020-03-23,2020-04-27,18.75,0.5,NMC,Bank,Inactive,ZA930340,2027-08-01,EF602463,2030-03-01,2027-08-10,2020-04-13
EMP0433-20260916_215023,Catherine,Lewis,zbegum@example.org,1984-09-02,(0306) 9990589,"44 Green Trail
Anthonyshire
M2U 0ZD",Male,Riverside Integrated Care NHS Trust,Mixed,New Zealand,ILR,AHP,Pharmacist,Corporate Services,5,20.08,2019-01-18,2019-03-01,20.0,0.53,None,Permanent,On Leave,OQ015831,2030-05-15,TC931450,2028-08-15,2027-01-19,2019-02-08
EMP0434-20260916_215023,Hayley,Smith,justin44@example.net,1964-12-07,+44(0)161 496 0758,"33 Jones Island
East Natashamouth
N26 2GW",Male,Greenhaven Acute & Specialist Care NHS Trust,White,United States,British Citizen,Admin,Receptionist,Women & Children,3,14.71,2025-05-06,2025-06-10,37.5,1.0,GMC,Permanent,Suspended,XK484880,2028-11-25,RT535070,2030-09-04,2026-11-24,2025-05-27
EMP0435-20260916_215023,Grace,Baker,lbegum@example.org,1992-02-26,01914960046,"591 Glen Falls
Jayberg
CH47 7PU",Female,Riverbank General Hospitals NHS Trust,Mixed,Trinidad and Tobago,Dependent,Admin,Medical Secretary,Women & Children,4,16.69,2023-01-20,2023-02-24,37.5,1.0,HCPC,Fixed Term,Active,VT510187,2028-01-23,ZY638599,2027-03-08,2027-07-17,2023-02-10
EMP0436-20260916_215023,Patricia,Reynolds,tracy10@example.com,1978-08-31,+44(0)1632 960308,"Studio 61
Bradley Trail
Martintown
NW5 9LD",Male,Meadowbrook Community Health NHS Trust,Mixed,Canada,ILR,Admin,Administrator,Emergency & Urgent Care,3,13.48,2025-07-05,2025-08-02,15.0,0.4,HCPC,Bank,Suspended,IH195425,2031-07-04,GZ026887,2027-12-23,2027-09-14,2025-07-26
EMP0437-20260916_215023,Bruce,Collins,ben40@example.net,2002-08-14,0161 4960906,"Flat 5
Garry Ways
South Carole
IM6W 7YX",Male,Southvale Hospitals NHS Trust,Mixed,Trinidad and Tobago,Skilled Worker,Admin,Administrator,Corporate Services,3,16.26,2017-07-10,2017-08-21,30.0,0.8,HCPC,Bank,Inactive,HY898577,2029-12-03,RO208237,2028-11-19,2027-04-21,2017-07-31
EMP0438-20260916_215023,Owen,Clarke,charliecooke@example.com,1964-06-27,+44(0)116 496 0212,"36 Gillian Ramp
Osbornefurt
BD1 7DR",Female,Valleyview Mental Wellness NHS Trust,White,United Kingdom,Skilled Worker,AHP,Speech Therapist,Emergency & Urgent Care,6,26.3,2025-02-05,2025-03-05,37.5,1.0,NMC,Fixed Term,Active,WM560635,2031-05-15,GU148777,2031-06-06,2027-05-10,2025-02-26
EMP0439-20260916_215023,Joseph,Mitchell,hayley73@example.com,1997-11-04,01514960274,"Studio 47
Henry Coves
North Elliot
M0F 4LW",Female,Westmere Community Health NHS Trust,Mixed,Japan,ILR,Nursing,Charge Nurse,Critical Care & Anaesthesia,7,31.93,2019-09-16,2019-10-28,30.0,0.8,GMC,Permanent,Active,EX176622,2027-02-20,DK404014,2028-02-13,2026-11-14,2019-10-07
EMP0440-20260916_215023,Gerard,Jackson,martin62@example.net,1964-10-07,01134960323,"7 Owen Alley
Billychester
S52 8NF",Male,Westmere Community Health NHS Trust,Asian,India,British Citizen,Nursing,Senior Staff Nurse,Clinical Support Services,6,25.21,2017-07-10,2017-08-14,37.5,1.0,HCPC,Bank,Active,GS732342,2029-02-05,OI750689,2028-12-14,2026-12-30,2017-07-31
EMP0441-20260916_215023,Carl,Brown,manderson@example.org,1969-06-26,0114 496 0744,"Studio 26
Rita Trafficway
East Thomas
LU1Y 6ZY",Female,Westborough Acute Care NHS Trust,Asian,India,Skilled Worker,Nursing,Senior Staff Nurse,Medicine & Acute Care,6,27.36,2020-09-19,2020-10-24,15.0,0.4,HCPC,Bank,On Leave,JH884285,2031-09-02,TL248825,2028-03-19,2027-07-19,2020-10-10
EMP0442-20260916_215023,Elizabeth,Richards,umorrison@example.com,1998-10-20,+44113 4960726,"38 Williams Keys
Gemmaburgh
N5F 0UW",Male,Broadfield Clinical Services NHS Trust,Mixed,New Zealand,ILR,Admin,Medical Secretary,Emergency & Urgent Care,4,18.22,2024-08-10,2024-09-07,20.0,0.53,None,Bank,Active,FG911064,2029-07-26,XN813395,2031-07-02,2026-11-06,2024-08-31
EMP0443-20260916_215023,Kirsty,Shaw,marion42@example.org,2006-12-04,+44(0)151 4960203,"8 Page Falls
Robertsonville
E19 6UD",Female,Bluewater Community & Rehabilitation NHS Trust,Black,Kenya,British Citizen,Medical,GP,Emergency & Urgent Care,GP,56.92,2023-06-19,2023-07-31,30.0,0.8,HCPC,Bank,On Leave,WJ207749,2028-02-13,BO836427,2028-08-16,2026-12-05,2023-07-10
EMP0444-20260916_215023,Jill,Hobbs,kimberley81@example.net,1964-12-28,08081570828,"452 Hussain Meadows
Katestad
EH5R 0XP",Female,Hillcrest Medical Centres NHS Trust,Black,Nigeria,British Citizen,Medical,GP,Medicine & Acute Care,GP,49.92,2025-06-27,2025-08-08,15.0,0.4,None,Permanent,On Leave,TE538397,2028-02-01,GO587584,2030-12-30,2027-08-21,2025-07-18
EMP0445-20260916_215023,Mary,Smith,jane54@example.org,1970-11-25,+44292018246,"Studio 90
Thomas Lock
New Ruth
PH75 6GD",Female,Broadfield Clinical Services NHS Trust,Asian,Thailand,ILR,Medical,Consultant,Critical Care & Anaesthesia,CONS,60.62,2017-02-22,2017-04-05,15.0,0.4,GMC,Bank,On Leave,AV647635,2026-11-10,VE751055,2031-06-10,2027-04-29,2017-03-15
EMP0446-20260916_215023,Dylan,Schofield,johnsonclifford@example.net,1993-10-06,+4420 74960304,"Studio 12
Marshall Rapid
Kyletown
G6C 9RJ",Female,Northshire University Hospitals NHS Trust,White,United States,ILR,Medical,Consultant,Women & Children,CONS,62.73,2022-07-16,2022-08-27,18.75,0.5,GMC,Permanent,Inactive,MZ936766,2027-08-18,IK599726,2031-02-18,2027-03-26,2022-08-06
EMP0447-20260916_215023,Lynne,Jones,william26@example.net,2007-10-03,+4420 74960305,"9 Cox Prairie
New Howardstad
IG56 6WN",Male,Broadfield Clinical Services NHS Trust,Asian,Thailand,Dependent,Medical,SHO,Women & Children,SHO,25.73,2020-06-26,2020-07-24,15.0,0.4,GMC,Fixed Term,Active,KE603875,2027-10-06,MB270793,2030-12-15,2027-06-10,2020-07-17
EMP0448-20260916_215023,Craig,Brown,brian69@example.net,2007-08-04,0292018008,"100 Graeme Station
Pughville
S82 2JH",Female,Broadfield Clinical Services NHS Trust,Mixed,India,Dependent,Medical,Registrar,Critical Care & Anaesthesia,SPR,33.46,2021-08-08,2021-09-05,15.0,0.4,GMC,Fixed Term,Suspended,NV712138,2030-12-22,HY915488,2030-08-15,2027-02-17,2021-08-29
EMP0449-20260916_215023,Terence,Webb,zblackburn@example.net,1978-11-08,0113 496 0811,"Studio 59
Brett Ports
West Shannon
E1J 7WB",Female,Southgate Community & Mental Health NHS Trust,Asian,India,British Citizen,Nursing,Charge Nurse,Medicine & Acute Care,7,31.52,2020-01-07,2020-02-11,37.5,1.0,NMC,Bank,Active,JG941549,2029-04-11,LO263603,2031-02-04,2026-09-30,2020-01-28
EMP0450-20260916_215023,Dylan,Clarke,william95@example.org,1969-11-05,+44121 4960375,"31 Brown Extension
South Tobyborough
B62 5TW",Male,Lakeside District Hospitals NHS Trust,White,Canada,British Citizen,AHP,Physiologist,Women & Children,6,23.49,2024-11-14,2024-12-12,37.5,1.0,NMC,Fixed Term,Active,VI774917,2030-07-10,GJ888374,2026-09-25,2027-07-12,2024-12-05
EMP0451-20260916_215023,Rachel,Nicholson,ubull@example.net,1985-09-09,+44289018194,"6 Laura Via
East Chelseaburgh
MK8B 1GN",Male,Southgate Community & Mental Health NHS Trust,Mixed,India,Skilled Worker,Admin,Receptionist,Surgery & Cancer,3,16.35,2022-04-14,2022-05-26,18.75,0.5,HCPC,Fixed Term,Active,HS741451,2029-08-31,VF450246,2028-06-05,2027-05-03,2022-05-05
EMP0452-20260916_215023,Sean,Williams,robinsonkatie@example.net,1965-06-30,+441214960643,"Flat 76
Connor Lakes
New Geraldine
SG3 1BQ",Male,Westborough Acute Care NHS Trust,Mixed,Australia,ILR,AHP,Physiotherapist,Medicine & Acute Care,6,28.19,2019-04-16,2019-05-21,37.5,1.0,None,Fixed Term,Active,ID111950,2030-12-05,PB446422,2029-11-30,2027-02-16,2019-05-07
EMP0453-20260916_215023,Stewart,Kelly,bthomas@example.net,1974-10-20,028 9018483,"Studio 52o
Joe Oval
East Cameronton
EN3 7UP",Female,Hillcrest Medical Centres NHS Trust,White,Canada,ILR,AHP,Physiotherapist,Critical Care & Anaesthesia,6,27.39,2025-04-15,2025-05-13,20.0,0.53,None,Fixed Term,Active,FG688297,2030-09-27,NE222324,2027-12-06,2027-05-13,2025-05-06
EMP0454-20260916_215023,Jodie,Read,vnicholls@example.net,2002-03-30,+44(0)115 496 0308,"Flat 6
Hilton Summit
Port Paigeburgh
B9 6YF",Male,Southvale Hospitals NHS Trust,Asian,China,ILR,Medical,Consultant,Medicine & Acute Care,CONS,71.27,2022-12-08,2023-01-19,20.0,0.53,HCPC,Permanent,Inactive,PQ440584,2028-05-12,WL026254,2027-10-12,2027-06-19,2022-12-29
EMP0455-20260916_215023,Paula,Moore,sheila95@example.net,1982-12-01,+44(0)1314960029,"Studio 02t
Nash View
Stewartside
L4 5FT",Female,Northshire University Hospitals NHS Trust,Mixed,Nigeria,Dependent,AHP,Physiotherapist,Corporate Services,6,27.18,2023-10-15,2023-11-12,37.5,1.0,HCPC,Bank,On Leave,ZR899460,2029-12-11,WJ074471,2026-12-05,2027-08-15,2023-11-05
EMP0456-20260916_215023,Lindsey,King,gardinerhollie@example.org,1964-03-21,(0909) 879 0882,"Studio 85w
Leon Mountains
South Gordon
E12 3AD",Female,Northwood Mental Health NHS Trust,Black,Kenya,Dependent,Medical,Consultant,Critical Care & Anaesthesia,CONS,70.24,2016-10-17,2016-11-28,15.0,0.4,None,Permanent,On Leave,ZM403955,2029-04-28,MB941672,2027-03-26,2026-12-13,2016-11-07
EMP0457-20260916_215023,Claire,Davies,rowleykenneth@example.com,1974-08-09,+4428 9018 0418,"631 Kevin Harbors
Peterbury
SY8 9FL",Female,Eastfield Psychological Services NHS Trust,Black,Ghana,British Citizen,Medical,GP,Critical Care & Anaesthesia,GP,53.1,2019-10-04,2019-11-15,30.0,0.8,GMC,Bank,On Leave,DX354762,2030-04-08,TR317372,2027-02-13,2026-12-22,2019-10-25
EMP0458-20260916_215023,Mark,McDonald,connor39@example.net,1985-08-20,+441632 960121,"Flat 12U
Powell Mall
Staceyton
M6H 9WH",Male,Lakeside District Hospitals NHS Trust,White,United Kingdom,British Citizen,Medical,GP,Medicine & Acute Care,GP,57.88,2023-09-24,2023-10-22,37.5,1.0,GMC,Fixed Term,Active,ER974962,2031-06-11,RE256672,2026-12-30,2027-08-16,2023-10-15
EMP0459-20260916_215023,Terry,White,hilary56@example.org,1989-08-08,+44(0)29 2018 0129,"84 Evans Square
New Carolynbury
L92 6FQ",Female,Eastfield Psychological Services NHS Trust,Mixed,Thailand,Skilled Worker,Admin,Medical Secretary,Clinical Support Services,4,19.09,2019-01-17,2019-02-28,18.75,0.5,GMC,Permanent,Suspended,GD377478,2030-08-29,WN235045,2031-03-15,2027-04-30,2019-02-07
EMP0460-20260916_215023,Alice,Wood,lawrencegreen@example.com,1998-04-14,+44(0)116 4960069,"3 Clark Prairie
Howardburgh
N1 0YN",Male,Meadowbrook Community Health NHS Trust,Mixed,India,British Citizen,Nursing,Charge Nurse,Surgery & Cancer,7,32.08,2021-08-22,2021-09-19,20.0,0.53,NMC,Bank,Inactive,GI839572,2029-07-03,BN890416,2028-06-14,2027-03-03,2021-09-12
EMP0461-20260916_215023,Luke,Storey,gardinerelaine@example.net,1998-01-29,(0141) 496 0740,"984 Carole Plaza
Lucashaven
G48 5AW",Female,Oakridge Community Services NHS Trust,Asian,China,British Citizen,Medical,GP,Corporate Services,GP,48.23,2025-02-25,2025-03-25,20.0,0.53,HCPC,Fixed Term,On Leave,NY078737,2029-10-08,QF749959,2028-07-22,2027-07-05,2025-03-18
EMP0462-20260916_215023,Douglas,Williams,knightamelia@example.com,1961-12-15,01514960075,"Studio 96h
Eric Extensions
West Bradley
G4C 5XZ",Female,Southgate Community & Mental Health NHS Trust,White,United States,Skilled Worker,Admin,Administrator,Surgery & Cancer,3,14.99,2017-06-27,2017-07-25,30.0,0.8,HCPC,Bank,Inactive,KR213614,2029-05-31,DT054177,2027-09-18,2026-10-29,2017-07-18
EMP0463-20260916_215023,Patricia,Holmes,banksthomas@example.net,1998-04-21,+44(0)28 9018 0502,"1 Evans Fields
Janeton
E5 6EW",Male,Oakridge Community Services NHS Trust,Asian,Japan,Dependent,AHP,Pharmacist,Critical Care & Anaesthesia,5,19.05,2018-05-12,2018-06-23,20.0,0.53,GMC,Permanent,Inactive,KE879229,2027-12-01,EV010583,2030-08-11,2027-07-15,2018-06-02
EMP0464-20260916_215023,Shannon,Evans,colin08@example.org,2007-04-19,+44(0)161 496 0609,"Flat 3
Thornton Rue
East Stephanietown
S5C 7AN",Female,Meadowbrook Community Health NHS Trust,Black,Ghana,British Citizen,Medical,SHO,Clinical Support Services,SHO,24.68,2020-10-25,2020-12-06,15.0,0.4,HCPC,Fixed Term,Suspended,DR454467,2027-09-05,KG826555,2027-06-15,2027-02-25,2020-11-15
EMP0465-20260916_215023,Clifford,Miller,robertscatherine@example.com,1985-03-17,(0121) 496 0905,"17 Marshall Freeway
Elizabethfort
S3 1UH",Male,Bluewater Community & Rehabilitation NHS Trust,Asian,China,British Citizen,Admin,Medical Secretary,Women & Children,4,18.49,2020-06-27,2020-08-08,18.75,0.5,GMC,Bank,Inactive,DR047092,2027-02-06,AJ454071,2028-09-13,2027-06-03,2020-07-18
EMP0466-20260916_215023,Kathryn,Mistry,whiteelliot@example.com,1964-10-25,(0306) 999 0804,"45 Eleanor Avenue
Carolynmouth
L2H 6QA",Female,Broadfield Clinical Services NHS Trust,Asian,China,ILR,AHP,Occupational Therapist,Surgery & Cancer,6,26.07,2019-11-05,2019-12-17,20.0,0.53,GMC,Permanent,On Leave,JK772474,2027-10-27,JH736607,2030-02-17,2027-01-21,2019-11-26
EMP0467-20260916_215023,Douglas,Williamson,fmartin@example.org,1984-11-28,(01632) 960 462,"58 Slater Fork
Port Stewart
L70 8TP",Male,Horizon Integrated Health Partnership NHS Trust,White,Canada,Skilled Worker,AHP,Radiographer,Medicine & Acute Care,6,26.77,2018-11-20,2019-01-01,37.5,1.0,NMC,Fixed Term,Active,HW355610,2027-08-24,UL294946,2028-04-26,2027-01-19,2018-12-11
EMP0468-20260916_215023,Elliot,Clark,yhall@example.net,2003-04-19,(0161) 4960114,"24 Janice Heights
East Francesca
M4 9AA",Male,Southgate Community & Mental Health NHS Trust,Asian,India,Dependent,Admin,Medical Secretary,Medicine & Acute Care,4,17.75,2024-07-18,2024-08-29,30.0,0.8,HCPC,Permanent,Inactive,JS374879,2026-11-03,ON828055,2028-09-29,2027-06-11,2024-08-08
EMP0469-20260916_215023,Tony,Smith,margaret69@example.org,1968-09-29,0909 8790929,"Studio 8
Katie Square
Howarthberg
L45 7WN",Female,Valleyview Mental Wellness NHS Trust,White,United Kingdom,British Citizen,Admin,Receptionist,Corporate Services,3,14.71,2019-03-22,2019-05-03,18.75,0.5,HCPC,Bank,Suspended,MB082612,2029-01-26,JG464795,2028-01-30,2026-09-28,2019-04-12
EMP0470-20260916_215023,Daniel,Bond,bruce33@example.org,1997-02-14,+44(0)113 496 0332,"Studio 13F
Jones Underpass
Richardsonchester
HS2 0GU",Female,Eastfield Psychological Services NHS Trust,Asian,Thailand,Skilled Worker,Admin,Administrator,Corporate Services,3,14.34,2022-01-13,2022-02-17,37.5,1.0,HCPC,Bank,Active,HD325620,2029-04-07,KE511184,2028-07-03,2027-03-29,2022-02-03
EMP0471-20260916_215023,Georgia,Hussain,hyoung@example.net,1986-08-19,0115 496 0103,"Studio 59
Mason Squares
Antonyfurt
LS52 9RN",Male,Oakridge Community Services NHS Trust,White,United Kingdom,Skilled Worker,Nursing,Healthcare Assistant,Emergency & Urgent Care,2,12.94,2020-04-04,2020-05-09,37.5,1.0,None,Bank,Inactive,NA726755,2027-01-18,ME429273,2027-12-03,2027-01-17,2020-04-25
EMP0472-20260916_215023,Kevin,Brown,kclayton@example.com,1995-06-12,+44118 496 0528,"011 Jones Coves
New Teresachester
G04 0DQ",Female,Riverbank General Hospitals NHS Trust,Asian,Thailand,Skilled Worker,AHP,Radiographer,Critical Care & Anaesthesia,6,27.91,2025-12-27,2026-01-24,15.0,0.4,HCPC,Permanent,Active,VU562916,2026-12-18,HC946657,2029-04-19,2026-12-28,2026-01-17
EMP0473-20260916_215023,Tracey,Hopkins,crawfordsylvia@example.org,1986-11-02,+44113 496 0178,"Flat 75
Baker Summit
New Mandystad
OL2 2NR",Female,Eastfield Psychological Services NHS Trust,Black,Ghana,British Citizen,AHP,Occupational Therapist,Corporate Services,6,25.57,2025-06-11,2025-07-09,20.0,0.53,GMC,Permanent,On Leave,EJ657907,2027-04-02,VG443009,2027-07-01,2026-12-17,2025-07-02
EMP0474-20260916_215023,Megan,Crawford,pwilson@example.org,1964-07-02,+44(0)115 4960765,"59 Bethan Ports
Lake Derek
B3W 3HQ",Female,Westborough Acute Care NHS Trust,Asian,Thailand,Dependent,Admin,Receptionist,Women & Children,3,14.69,2018-06-02,2018-07-14,30.0,0.8,GMC,Fixed Term,Active,BJ750456,2030-02-17,QZ665238,2030-01-29,2027-04-05,2018-06-23
EMP0475-20260916_215023,Maria,Wood,georgina12@example.org,1991-01-24,+44(0)20 7496 0856,"264 Marsh Village
Zoechester
S0 8GW",Female,Northshire University Hospitals NHS Trust,Asian,China,Skilled Worker,Medical,GP,Corporate Services,GP,49.37,2018-10-07,2018-11-11,20.0,0.53,GMC,Fixed Term,Suspended,IS076360,2027-11-20,XQ709006,2030-03-20,2026-11-06,2018-10-28
EMP0476-20260916_215023,Hilary,Freeman,phussain@example.org,1972-12-31,0131 496 0732,"649 Diana Highway
Lake Gordonhaven
S7 8RH",Female,Valleyview Mental Wellness NHS Trust,Mixed,Canada,Dependent,Nursing,Nursery Nurse,Women & Children,2,14.13,2017-06-03,2017-07-08,20.0,0.53,None,Bank,Inactive,OA636867,2031-08-03,CI295613,2028-04-23,2027-06-24,2017-06-24
EMP0477-20260916_215023,Leonard,Whitehead,edwardwhittaker@example.net,1969-01-14,(0808)1570199,"Flat 51Q
Irene Lane
Grahamberg
WS5W 3BR",Female,Meadowbrook Community Health NHS Trust,White,Canada,Dependent,Nursing,Ward Manager,Corporate Services,8A,30.94,2022-03-07,2022-04-18,18.75,0.5,HCPC,Bank,Inactive,PD354480,2027-09-30,LZ659997,2030-12-05,2026-09-26,2022-03-28
EMP0478-20260916_215023,Margaret,Martin,reececook@example.org,1970-12-25,01914960453,"5 Charlie Crescent
West Abigail
L25 8FY",Male,Southvale Hospitals NHS Trust,White,New Zealand,Skilled Worker,Medical,Registrar,Corporate Services,SPR,36.18,2022-05-08,2022-06-19,37.5,1.0,NMC,Bank,Active,HL849490,2030-04-01,OG548018,2030-11-16,2027-01-27,2022-05-29
EMP0479-20260916_215023,Natalie,Herbert,jasonwoods@example.net,1983-08-16,+44292018099,"Studio 7
O'Brien Mission
North Nicole
DN57 5JF",Male,Southgate Community & Mental Health NHS Trust,Asian,India,Skilled Worker,Admin,Administrator,Clinical Support Services,3,15.43,2026-07-19,2026-08-30,30.0,0.8,GMC,Permanent,Active,UZ878249,2031-06-16,TK890160,2031-03-14,2027-07-20,2026-08-09
EMP0480-20260916_215023,Annette,Cook,willishollie@example.org,1978-09-27,0191 4960117,"Studio 4
Richardson Locks
Davisfort
S28 5PG",Male,Horizon Integrated Health Partnership NHS Trust,Mixed,Canada,Skilled Worker,Nursing,Nursery Nurse,Medicine & Acute Care,2,13.31,2021-02-13,2021-03-27,20.0,0.53,None,Bank,Suspended,VD084272,2028-05-14,UR337038,2027-03-18,2027-02-19,2021-03-06
EMP0481-20260916_215023,Samantha,Young,linda23@example.org,1981-06-24,(0115)4960946,"74 John Islands
North Phillip
NR08 1ZU",Female,Hillcrest Medical Centres NHS Trust,Black,South Africa,Dependent,Admin,Medical Secretary,Surgery & Cancer,4,17.08,2023-04-21,2023-05-19,37.5,1.0,GMC,Permanent,Active,YW432743,2031-04-10,GA546209,2030-04-29,2027-04-17,2023-05-12
EMP0482-20260916_215023,Abdul,Gill,evanssusan@example.org,1981-04-12,028 9018 0672,"Studio 2
Jones Inlet
North Samuelville
BR1 2EW",Male,Midlands Central Hospitals NHS Trust,Black,Barbados,British Citizen,Nursing,Ward Manager,Medicine & Acute Care,8A,32.85,2021-04-18,2021-05-30,20.0,0.53,None,Fixed Term,On Leave,IS746814,2028-04-13,LN383587,2026-10-15,2027-04-01,2021-05-09
EMP0483-20260916_215023,Stanley,Lawrence,ptaylor@example.org,1981-06-30,+44909 879 0583,"18 Timothy Stravenue
Pearcefort
BR51 8TH",Male,Greenhaven Acute & Specialist Care NHS Trust,White,United States,ILR,Nursing,Staff Nurse,Clinical Support Services,5,21.04,2024-02-22,2024-03-28,15.0,0.4,NMC,Fixed Term,Suspended,GE342877,2029-04-12,WK445558,2029-12-03,2026-10-24,2024-03-14
EMP0484-20260916_215023,Marc,Wood,denisadams@example.org,1997-05-27,+44131 496 0478,"2 Marion Well
West Julie
G17 5EE",Female,Greenhaven Acute & Specialist Care NHS Trust,Mixed,Jamaica,Skilled Worker,AHP,Physiotherapist,Clinical Support Services,6,25.03,2025-02-15,2025-03-22,15.0,0.4,None,Permanent,Inactive,FK065922,2030-11-15,KI129245,2030-11-26,2027-04-01,2025-03-08
EMP0485-20260916_215023,Graeme,Bibi,sylvia32@example.com,2003-06-13,+44(0)1414960546,"189 Joanna Ports
Port Laurentown
B9 6SD",Female,Hillcrest Medical Centres NHS Trust,White,United States,ILR,AHP,Speech Therapist,Emergency & Urgent Care,6,26.85,2017-10-23,2017-11-20,30.0,0.8,NMC,Bank,Suspended,DO622824,2028-05-30,KW492364,2031-07-23,2027-07-24,2017-11-13
EMP0486-20260916_215023,Mitchell,Winter,kerrygallagher@example.org,1976-02-26,(0117) 4960012,"48 Saunders Gardens
Lake Gavinchester
M1 6NQ",Female,Broadfield Clinical Services NHS Trust,Mixed,Jamaica,ILR,Admin,Receptionist,Medicine & Acute Care,3,15.88,2019-05-10,2019-06-07,30.0,0.8,None,Permanent,On Leave,SL317756,2030-01-21,BJ254569,2029-06-06,2027-07-04,2019-05-31
EMP0487-20260916_215023,Katie,Jones,dianepratt@example.net,1993-09-16,029 2018 0622,"Flat 1
Ronald Curve
Kingfurt
KA31 2FG",Male,Midlands Central Hospitals NHS Trust,White,New Zealand,Dependent,Admin,Medical Secretary,Surgery & Cancer,4,16.14,2019-06-11,2019-07-16,37.5,1.0,None,Fixed Term,Inactive,LM759919,2027-03-21,QJ609327,2027-01-21,2027-06-30,2019-07-02
EMP0488-20260916_215023,Declan,Warner,brownclaire@example.com,1997-04-23,+44(0)3069990342,"078 Cooper Extensions
Lake Linda
IG67 6TX",Male,Eastmoor Teaching Hospitals NHS Trust,Asian,China,ILR,AHP,Occupational Therapist,Critical Care & Anaesthesia,6,26.91,2024-08-17,2024-09-28,18.75,0.5,HCPC,Permanent,On Leave,UO305883,2029-05-01,VQ074088,2027-06-23,2026-11-04,2024-09-07
EMP0489-20260916_215023,Gemma,Russell,hugheskarl@example.com,1983-07-05,0909 879 0482,"Studio 99
Nicola Valley
East Terrybury
SL6W 1FG",Female,Lakeside District Hospitals NHS Trust,Mixed,United States,ILR,Medical,Registrar,Emergency & Urgent Care,SPR,33.57,2022-12-28,2023-02-01,18.75,0.5,NMC,Permanent,Active,TD663263,2030-11-09,TC756903,2027-02-05,2027-07-15,2023-01-18
EMP0490-20260916_215023,Graeme,Pollard,hhoughton@example.net,1966-12-04,+44(0)151 496 0550,"772 Kenneth Stravenue
Eleanorshire
DY03 2HP",Male,Hillcrest Medical Centres NHS Trust,Black,Barbados,ILR,Medical,FY1/FY2,Critical Care & Anaesthesia,FY1,18.49,2019-06-04,2019-07-09,15.0,0.4,NMC,Bank,Active,XK080789,2031-07-17,JC002988,2029-01-07,2026-12-12,2019-06-25
EMP0491-20260916_215023,Andrew,White,maurice70@example.org,1976-11-11,+44(0)20 7496 0068,"Studio 1
Lawson Village
Thomasfurt
NR8 0BL",Female,Westmere Community Health NHS Trust,Mixed,South Africa,ILR,Nursing,Nursery Nurse,Corporate Services,2,13.13,2021-01-24,2021-03-07,18.75,0.5,None,Bank,Active,OU712782,2030-02-22,JT921625,2027-08-28,2026-10-25,2021-02-14
EMP0492-20260916_215023,James,James,holdenjune@example.com,1975-10-17,01154960874,"Flat 89
Robert Trail
North Edward
N3E 8GG",Female,Greenhaven Acute & Specialist Care NHS Trust,Black,South Africa,Dependent,AHP,Occupational Therapist,Medicine & Acute Care,6,25.3,2023-10-22,2023-12-03,37.5,1.0,GMC,Bank,Inactive,GB436211,2030-05-06,OS415802,2029-04-07,2026-10-02,2023-11-12
EMP0493-20260916_215023,Nigel,Summers,phillipsjake@example.net,1965-09-11,+44(0)115 496 0421,"7 Gould Place
Bellbury
TN8N 9XD",Female,Horizon Integrated Health Partnership NHS Trust,White,United Kingdom,Skilled Worker,Nursing,Ward Manager,Surgery & Cancer,8A,33.5,2025-09-03,2025-10-08,15.0,0.4,GMC,Fixed Term,Suspended,UA844629,2027-09-12,DD372781,2028-03-23,2026-12-30,2025-09-24
EMP0494-20260916_215023,Valerie,Green,nicolapowell@example.net,1985-10-29,(0131)4960063,"81 Joanne Dale
Lake Ashleigh
DE54 7QU",Male,Westborough Acute Care NHS Trust,White,United States,Dependent,AHP,Pharmacist,Surgery & Cancer,5,19.46,2020-02-15,2020-03-21,15.0,0.4,HCPC,Bank,Inactive,SH600278,2026-09-16,HI037041,2029-10-18,2027-03-09,2020-03-07
EMP0495-20260916_215023,Victoria,Smith,lauradavies@example.com,2001-04-02,+44117 4960837,"304 Wade Ville
Port Jessicaport
L5 3HD",Male,Horizon Integrated Health Partnership NHS Trust,White,Australia,Dependent,Nursing,Charge Nurse,Emergency & Urgent Care,7,26.78,2022-10-23,2022-11-20,37.5,1.0,NMC,Fixed Term,Active,YF976465,2029-12-10,FI083529,2030-01-20,2027-04-16,2022-11-13
EMP0496-20260916_215023,Olivia,Baker,benjamin53@example.com,1986-08-26,(0118) 496 0814,"096 Williamson Prairie
West Michael
HP66 4BL",Female,Horizon Integrated Health Partnership NHS Trust,Asian,Japan,Dependent,Medical,FY1/FY2,Clinical Support Services,FY1,21.08,2019-03-09,2019-04-13,30.0,0.8,NMC,Fixed Term,Inactive,IO344131,2028-07-30,ML825767,2029-08-21,2026-12-05,2019-03-30
EMP0497-20260916_215023,Chloe,Johnson,abdul67@example.net,1963-11-26,+44113 4960488,"91 Janet Knolls
East Edward
TF1 1RP",Male,Eastfield Psychological Services NHS Trust,White,United Kingdom,British Citizen,AHP,Physiologist,Medicine & Acute Care,6,25.1,2020-08-17,2020-09-21,20.0,0.53,HCPC,Fixed Term,Inactive,HJ397177,2028-04-07,VD676060,2027-08-12,2027-05-19,2020-09-07
EMP0498-20260916_215023,Ronald,Marshall,ycarr@example.org,1970-02-18,(0151) 496 0858,"4 Lee Parks
East Gavinside
G70 5GQ",Male,Broadfield Clinical Services NHS Trust,Asian,China,Skilled Worker,AHP,Radiographer,Clinical Support Services,6,26.82,2023-05-28,2023-07-09,20.0,0.53,NMC,Bank,Inactive,BS814898,2030-02-08,RP893653,2030-05-06,2027-02-25,2023-06-18
EMP0499-20260916_215023,Antony,Baker,qfoster@example.org,1966-05-27,09098790833,"Studio 84O
Cartwright Lane
North Ruthstad
G06 2ZQ",Female,Northshire University Hospitals NHS Trust,White,New Zealand,British Citizen,Nursing,Senior Staff Nurse,Medicine & Acute Care,6,27.52,2026-07-11,2026-08-15,20.0,0.53,NMC,Fixed Term,Inactive,FS684171,2027-04-02,TA787262,2026-11-19,2026-11-02,2026-08-01
EMP0500-20260916_215023,Jill,Webb,powellguy@example.com,1968-06-09,01154960671,"91 Frederick Circle
Jacobville
TD9 9XF",Male,Horizon Integrated Health Partnership NHS Trust,White,Australia,British Citizen,Nursing,Healthcare Assistant,Surgery & Cancer,2,12.36,2024-05-03,2024-05-31,37.5,1.0,HCPC,Permanent,On Leave,DH477184,2027-09-03,CJ869263,2027-09-16,2027-06-12,2024-05-24
EMP0501-20260916_215023,Sheila,Lee,rwright@example.net,1976-07-16,03069990355,"Flat 16W
Max Keys
Mohammadchester
DG7Y 7TB",Female,Midlands Central Hospitals NHS Trust,Black,Kenya,British Citizen,AHP,Speech Therapist,Surgery & Cancer,6,23.81,2019-01-06,2019-02-10,20.0,0.53,HCPC,Permanent,On Leave,XE736631,2028-05-03,UT961222,2027-08-10,2026-12-23,2019-01-27
EMP0502-20260916_215023,Jennifer,Butler,richardsonmitchell@example.com,1962-06-13,+441144960998,"6 Andrew River
Miahville
M14 4RQ",Male,Northshire University Hospitals NHS Trust,Asian,India,ILR,Admin,Medical Secretary,Emergency & Urgent Care,4,15.69,2025-01-30,2025-03-13,15.0,0.4,NMC,Fixed Term,Suspended,HU423185,2028-09-17,UO433024,2028-10-20,2027-02-21,2025-02-20
EMP0503-20260916_215023,Kayleigh,Phillips,tracywallace@example.com,1978-05-03,0131 496 0108,"Studio 11
Price Loop
South Diana
M95 1AN",Male,Westborough Acute Care NHS Trust,White,New Zealand,Skilled Worker,AHP,Speech Therapist,Medicine & Acute Care,6,25.67,2018-12-10,2019-01-14,20.0,0.53,None,Fixed Term,On Leave,QZ473637,2027-09-25,CO016347,2026-11-20,2027-01-02,2018-12-31
EMP0504-20260916_215023,Joanne,Gallagher,eleanorfletcher@example.net,1986-03-05,0117 4960116,"6 Antony Inlet
Port Kimberley
M9 4DL",Female,Hillcrest Medical Centres NHS Trust,Mixed,Japan,ILR,AHP,Speech Therapist,Medicine & Acute Care,6,24.1,2025-07-16,2025-08-27,20.0,0.53,NMC,Bank,On Leave,VU572315,2027-04-23,LG234229,2030-12-24,2027-07-22,2025-08-06
EMP0505-20260916_215023,Beth,Reed,jhunter@example.net,1991-11-21,+44131 4960118,"Studio 24I
Richardson Turnpike
Lukechester
S28 4HG",Male,Southvale Hospitals NHS Trust,Mixed,United States,British Citizen,Nursing,Healthcare Assistant,Corporate Services,2,13.24,2023-01-01,2023-02-12,37.5,1.0,HCPC,Bank,On Leave,TV025875,2027-12-01,OX854003,2028-08-05,2026-10-21,2023-01-22
EMP0506-20260916_215023,Dylan,Patterson,carole56@example.com,1996-11-11,+44(0)1164960064,"8 Thomas Tunnel
Waltersland
G03 8FR",Female,Meadowbrook Community Health NHS Trust,Asian,China,Dependent,Nursing,Nursery Nurse,Medicine & Acute Care,2,12.52,2019-11-10,2019-12-15,37.5,1.0,NMC,Permanent,On Leave,MV523768,2029-06-20,CV877876,2029-02-27,2027-04-16,2019-12-01
EMP0507-20260916_215023,Neil,Rahman,emmawarren@example.com,2007-03-31,+44121 496 0017,"Flat 85p
Burns Crossing
Fionaport
B1 8AT",Female,Bluewater Community & Rehabilitation NHS Trust,Asian,Thailand,Dependent,Nursing,Ward Manager,Clinical Support Services,8A,30.65,2024-09-17,2024-10-29,20.0,0.53,NMC,Permanent,Inactive,NR717935,2029-03-31,KQ628191,2031-09-09,2027-03-11,2024-10-08
EMP0508-20260916_215023,Anthony,Patel,kate90@example.net,1989-05-29,+44(0)121 496 0433,"Studio 08f
Pope Cove
O'Neillburgh
BN04 8YF",Male,Westmere Community Health NHS Trust,White,New Zealand,British Citizen,Admin,Administrator,Corporate Services,3,15.59,2021-10-01,2021-10-29,37.5,1.0,NMC,Fixed Term,Suspended,AO037601,2026-11-08,BA939624,2030-02-25,2027-03-19,2021-10-22
EMP0509-20260916_215023,Ronald,Evans,rwilliams@example.net,1991-05-15,(0121) 4960944,"Studio 01
Young Manors
Joyceport
CA86 2TW",Male,Eastfield Psychological Services NHS Trust,Mixed,Jamaica,Skilled Worker,AHP,Physiologist,Critical Care & Anaesthesia,6,24.71,2020-12-21,2021-02-01,30.0,0.8,GMC,Permanent,On Leave,SH557752,2029-10-11,BJ521663,2031-05-11,2026-10-13,2021-01-11
EMP0510-20260916_215023,Mohamed,Middleton,bedwards@example.com,1993-11-22,0117 496 0810,"Flat 7
Clark View
Alisonhaven
PE67 4AE",Female,Westborough Acute Care NHS Trust,White,United Kingdom,Dependent,Admin,Medical Secretary,Clinical Support Services,4,18.53,2025-02-04,2025-03-04,37.5,1.0,None,Bank,Suspended,RI232956,2028-01-27,OW379882,2028-01-03,2026-09-19,2025-02-25
EMP0511-20260916_215023,Sara,Holmes,rmartin@example.net,1971-02-20,(0151)4960531,"Studio 90
Begum Groves
Cliveland
SY46 4YA",Male,Bluewater Community & Rehabilitation NHS Trust,Asian,Japan,Dependent,Nursing,Nursery Nurse,Emergency & Urgent Care,2,13.38,2024-06-19,2024-07-24,15.0,0.4,None,Permanent,Inactive,EO593931,2030-03-22,BI013491,2031-08-13,2027-06-25,2024-07-10
EMP0512-20260916_215023,Maurice,Brookes,elliott49@example.com,1966-10-01,01914960535,"Flat 22
Jacqueline Spurs
Jordanborough
W3 5ZB",Female,Broadfield Clinical Services NHS Trust,Mixed,China,Dependent,AHP,Radiographer,Surgery & Cancer,6,27.9,2019-05-04,2019-06-01,15.0,0.4,HCPC,Bank,Suspended,PU037155,2029-12-01,FX796820,2030-11-23,2027-07-02,2019-05-25
EMP0513-20260916_215023,Patrick,Taylor,owest@example.org,1967-10-22,+44(0)1164960282,"31 Molly Extension
Pearcemouth
G6 6LS",Female,Riverside Integrated Care NHS Trust,Mixed,Japan,Dependent,Medical,Registrar,Corporate Services,SPR,37.79,2019-01-24,2019-03-07,18.75,0.5,GMC,Bank,Active,SQ418131,2028-10-25,VR545146,2027-12-06,2026-11-06,2019-02-14
EMP0514-20260916_215023,Charlotte,Perry,lharvey@example.com,1976-11-08,0141 4960974,"Studio 33K
Payne Mall
Lake Samchester
S57 6HE",Male,Eastmoor Teaching Hospitals NHS Trust,Black,South Africa,ILR,AHP,Occupational Therapist,Corporate Services,6,28.11,2026-07-06,2026-08-03,30.0,0.8,HCPC,Bank,On Leave,SY581485,2028-03-11,EX516328,2031-04-03,2026-12-05,2026-07-27
EMP0515-20260916_215023,Grace,Kelly,eileen37@example.com,1969-02-10,+44(0)909 879 0914,"Studio 38z
Hartley Crossroad
Mandymouth
HD4H 6WJ",Female,Eastfield Psychological Services NHS Trust,Asian,China,ILR,Nursing,Senior Staff Nurse,Surgery & Cancer,6,24.89,2023-12-21,2024-02-01,37.5,1.0,HCPC,Fixed Term,On Leave,TV972316,2026-09-19,YG066959,2028-10-19,2026-12-04,2024-01-11
EMP0516-20260916_215023,Benjamin,Morgan,cameronalexander@example.org,1988-09-29,(0121) 496 0573,"Studio 10
Amber Courts
North Gary
EH5 1JG",Male,Horizon Integrated Health Partnership NHS Trust,Black,South Africa,British Citizen,Admin,Medical Secretary,Clinical Support Services,4,18.75,2017-01-11,2017-02-08,30.0,0.8,NMC,Bank,Suspended,YR236938,2029-09-11,OW685237,2029-02-14,2027-07-09,2017-02-01
EMP0517-20260916_215023,Harry,Allen,geoffreyevans@example.org,1979-09-02,01414960142,"Studio 51
Clark Junction
Lake Joan
SM8 3YN",Female,Broadfield Clinical Services NHS Trust,White,United Kingdom,Skilled Worker,Nursing,Healthcare Assistant,Corporate Services,2,12.62,2018-12-27,2019-01-31,20.0,0.53,HCPC,Permanent,Suspended,TV247574,2027-08-07,MT821749,2030-11-09,2026-10-04,2019-01-17
EMP0518-20260916_215023,Paige,Horton,joyceward@example.org,1996-08-01,(01632)960881,"4 Angela Gateway
Mitchellport
N4G 9TS",Male,Horizon Integrated Health Partnership NHS Trust,Asian,Japan,ILR,AHP,Physiologist,Medicine & Acute Care,6,26.48,2016-12-09,2017-01-06,18.75,0.5,HCPC,Fixed Term,Inactive,DS448427,2029-09-18,HA015362,2029-12-01,2027-01-24,2016-12-30
EMP0519-20260916_215023,Kelly,Davis,mohammadrobertson@example.net,1996-12-08,028 9018 0899,"051 Jessica Fords
Lewisshire
G83 9ZY",Female,Horizon Integrated Health Partnership NHS Trust,Mixed,United Kingdom,ILR,Medical,Consultant,Clinical Support Services,CONS,68.84,2018-08-04,2018-09-01,20.0,0.53,NMC,Bank,On Leave,SS004764,2030-11-05,ND087707,2029-12-05,2027-02-17,2018-08-25
EMP0520-20260916_215023,Gordon,Hughes,benbrown@example.net,1965-08-06,+4428 9018977,"944 Alexander Expressway
Slaterhaven
N62 2JQ",Female,Midlands Central Hospitals NHS Trust,White,United States,Dependent,Medical,FY1/FY2,Corporate Services,FY1,20.92,2020-03-19,2020-04-16,15.0,0.4,None,Bank,On Leave,TO478333,2027-11-28,QL285823,2028-03-02,2026-12-02,2020-04-09
EMP0521-20260916_215023,Margaret,Lambert,valerie05@example.com,1988-10-23,(0118) 4960576,"959 Williams Crossing
Port Terry
S5 6RL",Female,Westborough Acute Care NHS Trust,Black,Nigeria,British Citizen,Medical,Consultant,Emergency & Urgent Care,CONS,52.94,2021-05-31,2021-07-05,37.5,1.0,GMC,Permanent,Active,VA242206,2026-12-07,EA521697,2030-05-13,2027-05-02,2021-06-21
EMP0522-20260916_215023,Francis,Williams,carterbrenda@example.org,1966-09-10,(0141) 496 0250,"Studio 6
Connor Pines
Gilbertview
IV9E 7PL",Female,Bluewater Community & Rehabilitation NHS Trust,Asian,China,Dependent,Admin,Medical Secretary,Emergency & Urgent Care,4,17.69,2016-10-18,2016-11-15,20.0,0.53,NMC,Fixed Term,On Leave,AY468764,2031-07-09,GQ037447,2031-07-30,2026-09-25,2016-11-08
EMP0523-20260916_215023,Jayne,Morris,ghunter@example.org,1975-03-17,(0306) 999 0930,"1 Clifford Green
Laurenfort
L4 4DZ",Female,Horizon Integrated Health Partnership NHS Trust,Mixed,United Kingdom,ILR,Medical,FY1/FY2,Corporate Services,FY1,18.97,2021-12-06,2022-01-10,37.5,1.0,NMC,Bank,Inactive,RG306826,2027-02-05,VW894880,2030-01-23,2027-08-06,2021-12-27
EMP0524-20260916_215023,Rosemary,Hughes,max48@example.org,1967-03-23,+44(0)161 4960986,"Flat 11
Josh Prairie
Francisville
S71 3WH",Female,Hillcrest Medical Centres NHS Trust,Black,Barbados,British Citizen,Nursing,Nursery Nurse,Surgery & Cancer,2,12.74,2020-09-14,2020-10-19,18.75,0.5,HCPC,Permanent,Inactive,HT560593,2029-08-24,II576420,2028-03-28,2026-11-27,2020-10-05
EMP0525-20260916_215023,Gregory,Sullivan,humphreysoliver@example.net,1971-11-07,+44909 879 0747,"Flat 33
Stewart Via
Williamsview
HS53 4UE",Female,Riverside Integrated Care NHS Trust,White,Australia,ILR,Admin,Data Analyst,Corporate Services,8A,28.9,2022-10-18,2022-11-22,15.0,0.4,None,Fixed Term,Active,OJ454120,2029-04-25,KK412847,2031-04-01,2027-01-20,2022-11-08
EMP0526-20260916_215023,Heather,Stewart,robertsjoe@example.com,1962-12-01,+44191 496 0758,"Studio 05W
Adam Inlet
Jeanmouth
AB9X 9QF",Female,Eastmoor Teaching Hospitals NHS Trust,Mixed,Jamaica,British Citizen,Medical,Consultant,Emergency & Urgent Care,CONS,52.76,2025-12-15,2026-01-26,37.5,1.0,None,Bank,Active,VO574747,2029-04-23,FK574263,2028-02-24,2027-08-21,2026-01-05
EMP0527-20260916_215023,Amy,Evans,stanleythompson@example.org,1989-03-14,+4428 9018 0773,"2 Linda View
New Guy
KT46 3UE",Male,Southvale Hospitals NHS Trust,Mixed,Canada,Skilled Worker,AHP,Occupational Therapist,Women & Children,6,24.37,2016-09-17,2016-10-29,20.0,0.53,HCPC,Bank,Inactive,AD107515,2029-09-17,SR701436,2029-04-12,2027-05-09,2016-10-08
EMP0528-20260916_215023,Frank,Wade,qslater@example.com,1988-09-02,(0306) 9990932,"Studio 56h
Saunders Pines
Williamstown
OL43 5HH",Male,Northwood Mental Health NHS Trust,Black,Barbados,Dependent,Nursing,Charge Nurse,Corporate Services,7,31.27,2026-06-04,2026-07-16,37.5,1.0,HCPC,Bank,Active,MS703497,2029-02-08,BZ139860,2030-08-02,2027-05-05,2026-06-25
EMP0529-20260916_215023,Alan,Martin,richardsonrebecca@example.net,1977-12-16,+44(0)121 496 0811,"Flat 4
Taylor Mountain
North Benburgh
S35 0XH",Female,Greenhaven Acute & Specialist Care NHS Trust,Mixed,Canada,British Citizen,Nursing,Charge Nurse,Emergency & Urgent Care,7,31.75,2017-06-21,2017-07-19,37.5,1.0,None,Bank,Active,XV932277,2028-11-20,TS621248,2027-08-21,2027-09-11,2017-07-12
EMP0530-20260916_215023,Jacob,Graham,kellyjemma@example.org,1968-04-22,+44(0)151 496 0439,"18 Field Ranch
West Abdul
L2D 9TZ",Male,Broadfield Clinical Services NHS Trust,Black,South Africa,British Citizen,Admin,Medical Secretary,Critical Care & Anaesthesia,4,16.63,2021-06-10,2021-07-08,18.75,0.5,NMC,Fixed Term,Active,NO104192,2028-07-25,AH996296,2029-12-07,2026-10-08,2021-07-01
EMP0531-20260916_215023,Abbie,Connor,nixonjoan@example.com,1969-08-29,0118 4960094,"0 Wright Rest
North Russell
L2U 8NG",Female,Southgate Community & Mental Health NHS Trust,Black,Trinidad and Tobago,ILR,AHP,Pharmacist,Emergency & Urgent Care,5,21.14,2026-08-28,2026-09-25,20.0,0.53,GMC,Permanent,Suspended,HV715827,2031-06-23,QM662721,2030-01-19,2027-08-16,2026-09-18
EMP0532-20260916_215023,Dale,Ward,philip58@example.com,1984-06-14,+44(0)1184960508,"576 Cox Mountains
Janetberg
SL0 4EW",Female,Riverbank General Hospitals NHS Trust,Mixed,Ghana,Dependent,Medical,SHO,Medicine & Acute Care,SHO,26.65,2026-07-07,2026-08-04,18.75,0.5,HCPC,Permanent,Active,TP769296,2027-07-07,WQ487174,2029-05-08,2027-09-10,2026-07-28
EMP0533-20260916_215023,Grace,Allen,bgregory@example.com,2003-10-04,0117 496 0391,"06 Stacey Landing
North Kieranville
L8 9QR",Female,Northwood Mental Health NHS Trust,Asian,India,Dependent,Medical,GP,Medicine & Acute Care,GP,46.68,2023-02-22,2023-03-29,30.0,0.8,NMC,Permanent,On Leave,WL361627,2031-06-28,YN942767,2031-05-28,2027-08-24,2023-03-15
EMP0534-20260916_215023,Andrea,Howell,margaretwilliams@example.org,1982-08-20,+44(0)1134960252,"83 Sophie Turnpike
Aaronchester
DL98 8PZ",Female,Northshire University Hospitals NHS Trust,Mixed,Nigeria,Skilled Worker,Nursing,Nursery Nurse,Critical Care & Anaesthesia,2,13.27,2026-07-27,2026-08-31,15.0,0.4,GMC,Fixed Term,Active,BN962155,2031-03-15,YA067998,2031-09-04,2027-06-23,2026-08-17
EMP0535-20260916_215023,Allan,Wilkins,wwilliams@example.org,1992-02-22,+441632 960912,"221 Julia Prairie
Hallshire
S9C 1UH",Male,Northshire University Hospitals NHS Trust,Asian,Thailand,Dependent,Medical,Registrar,Critical Care & Anaesthesia,SPR,42.63,2019-11-20,2020-01-01,15.0,0.4,GMC,Fixed Term,Suspended,WY441343,2028-11-11,IU824786,2028-05-28,2026-12-17,2019-12-11
EMP0536-20260916_215023,Adam,Carr,lwilkinson@example.com,1965-02-21,029 2018808,"Studio 93h
Freeman Creek
Joycebury
W1K 5PL",Female,Northshire University Hospitals NHS Trust,Asian,India,Dependent,Medical,Consultant,Medicine & Acute Care,CONS,66.12,2022-11-25,2022-12-30,37.5,1.0,GMC,Permanent,Active,QV065596,2027-03-25,FW292515,2030-04-21,2026-12-23,2022-12-16
EMP0537-20260916_215023,Clive,Bishop,ben88@example.org,2002-01-31,+44306 9990052,"Flat 6
Rebecca Route
Port Brandon
TD45 2ZH",Female,Hillcrest Medical Centres NHS Trust,Asian,China,Skilled Worker,Nursing,Charge Nurse,Emergency & Urgent Care,7,29.99,2022-10-07,2022-11-11,30.0,0.8,NMC,Bank,Active,GC637348,2030-08-03,EO372381,2031-06-16,2027-07-30,2022-10-28
EMP0538-20260916_215023,Toby,Allen,anthony61@example.net,1981-07-10,+441632 960 042,"Flat 2
Howard Pike
Gillshire
E42 4SR",Male,Lakeside District Hospitals NHS Trust,Mixed,Jamaica,Dependent,AHP,Occupational Therapist,Women & Children,6,23.41,2021-02-07,2021-03-21,15.0,0.4,HCPC,Permanent,Suspended,YX995926,2031-03-27,LP733094,2028-03-09,2027-04-22,2021-02-28
EMP0539-20260916_215023,Anna,Patel,egilbert@example.net,1985-10-06,(0151)4960912,"Flat 28
Smith Oval
Zoeland
MK68 4PT",Female,Valleyview Mental Wellness NHS Trust,Asian,China,Skilled Worker,AHP,Pharmacist,Medicine & Acute Care,5,22.17,2026-07-29,2026-08-26,30.0,0.8,GMC,Permanent,Suspended,UH560230,2027-10-29,IY346985,2029-06-06,2027-01-10,2026-08-19
EMP0540-20260916_215023,Kenneth,Hussain,elizabeth83@example.net,1997-11-26,01154960661,"0 Harrison Fort
West Ricky
DT5Y 9QY",Male,Westborough Acute Care NHS Trust,White,United States,ILR,Nursing,Senior Staff Nurse,Corporate Services,6,25.9,2022-06-27,2022-08-01,15.0,0.4,HCPC,Permanent,Inactive,ZE119053,2028-10-24,ZR774666,2028-09-23,2026-11-12,2022-07-18
EMP0541-20260916_215023,Conor,Forster,dalyjennifer@example.com,1997-09-02,(0121)4960549,"811 Smith Village
Dennisstad
W9K 6AF",Male,Northshire University Hospitals NHS Trust,Black,Jamaica,Dependent,Medical,GP,Clinical Support Services,GP,56.63,2025-10-15,2025-11-26,30.0,0.8,HCPC,Bank,Inactive,DE765411,2029-06-04,IE271904,2030-08-17,2027-04-17,2025-11-05
EMP0542-20260916_215023,Karen,Roberts,gerardpreston@example.com,1982-01-15,+441614960930,"Studio 71h
Guy Unions
Port Donna
L68 6FR",Female,Westborough Acute Care NHS Trust,Asian,India,Skilled Worker,Admin,Data Analyst,Women & Children,8A,33.29,2022-03-05,2022-04-09,15.0,0.4,HCPC,Fixed Term,Suspended,AC809364,2028-11-11,RF777374,2027-01-14,2027-01-25,2022-03-26
EMP0543-20260916_215023,Ian,Francis,elliotbarnett@example.org,1969-10-19,(0141)4960253,"95 Denise Mountain
South Louisborough
DN09 8XF",Male,Riverbank General Hospitals NHS Trust,Asian,Thailand,British Citizen,Nursing,Healthcare Assistant,Critical Care & Anaesthesia,2,13.1,2024-08-30,2024-10-04,30.0,0.8,HCPC,Permanent,Suspended,RP522313,2027-04-12,UA282649,2028-04-11,2027-07-08,2024-09-20
EMP0544-20260916_215023,Andrea,Martin,harry25@example.org,2005-06-15,+4429 2018 0804,"Flat 84
Williams Glens
Williamshaven
L8T 8AZ",Male,Southvale Hospitals NHS Trust,Black,Jamaica,Dependent,AHP,Physiotherapist,Critical Care & Anaesthesia,6,27.33,2022-12-06,2023-01-10,30.0,0.8,NMC,Bank,Active,IM823965,2027-11-28,HJ275042,2027-06-26,2026-10-07,2022-12-27
EMP0545-20260916_215023,Martyn,Wood,gemma83@example.org,1966-02-02,(0116) 4960554,"Flat 87f
George Creek
New Sandramouth
S68 8YS",Male,Eastmoor Teaching Hospitals NHS Trust,White,United States,British Citizen,Nursing,Staff Nurse,Critical Care & Anaesthesia,5,19.72,2017-01-24,2017-03-07,30.0,0.8,NMC,Bank,Active,WQ393847,2026-10-08,OL865654,2030-09-11,2026-11-08,2017-02-14
EMP0546-20260916_215023,Judith,Fraser,sian07@example.com,2000-03-17,+44(0)8081570128,"2 Mellor Extension
Deanburgh
N4G 3XB",Male,Eastmoor Teaching Hospitals NHS Trust,White,New Zealand,British Citizen,Nursing,Senior Staff Nurse,Clinical Support Services,6,26.59,2023-12-15,2024-01-12,20.0,0.53,NMC,Bank,On Leave,CG284534,2026-09-16,VQ580398,2027-01-17,2027-04-05,2024-01-05
EMP0547-20260916_215023,Tony,Marshall,evanshannah@example.com,1977-07-31,+44(0)8081570131,"342 Smith Isle
Georgiaside
BL3R 4NT",Female,Horizon Integrated Health Partnership NHS Trust,White,United States,ILR,Admin,Medical Secretary,Medicine & Acute Care,4,18.04,2026-03-08,2026-04-05,30.0,0.8,HCPC,Permanent,Suspended,KY990070,2026-12-22,SW905307,2027-03-10,2027-05-03,2026-03-29
EMP0548-20260916_215023,Martyn,Turner,patelmichael@example.com,2002-04-27,(0131)4960377,"Flat 6
Michael Forges
Baldwinshire
TN34 2AB",Male,Northwood Mental Health NHS Trust,Mixed,Jamaica,Dependent,Admin,Administrator,Corporate Services,3,14.56,2024-02-14,2024-03-27,37.5,1.0,NMC,Permanent,On Leave,TT498071,2030-11-13,EW003238,2029-07-11,2027-01-24,2024-03-06
EMP0549-20260916_215023,Karl,Ashton,emarshall@example.com,1985-09-15,+44113 496 0615,"89 Smith Junctions
West Jodiechester
S74 3FA",Female,Midlands Central Hospitals NHS Trust,Black,South Africa,Dependent,Medical,FY1/FY2,Corporate Services,FY1,19.46,2018-07-14,2018-08-18,30.0,0.8,GMC,Fixed Term,Inactive,ME369412,2028-04-06,SO984864,2031-08-17,2027-02-11,2018-08-04
EMP0550-20260916_215023,Carly,Taylor,dking@example.net,1982-07-24,(028)9018242,"057 Kayleigh Villages
Wilkinsonmouth
M3 4XY",Male,Westborough Acute Care NHS Trust,Black,Ghana,Dependent,Nursing,Charge Nurse,Critical Care & Anaesthesia,7,30.71,2025-01-19,2025-03-02,20.0,0.53,HCPC,Fixed Term,Suspended,IX304369,2029-09-17,VA947000,2027-06-20,2027-06-06,2025-02-09
EMP0551-20260916_215023,Maureen,Pearson,joyce79@example.com,1996-10-27,+44161 496 0472,"43 Watkins Ridges
North Russellfort
G0B 2WA",Male,Horizon Integrated Health Partnership NHS Trust,Black,South Africa,Skilled Worker,Admin,Receptionist,Women & Children,3,15.83,2017-06-01,2017-06-29,20.0,0.53,NMC,Permanent,Inactive,IW258558,2026-12-11,WF836506,2027-11-04,2026-10-31,2017-06-22
EMP0552-20260916_215023,Elliott,Wells,dylansmith@example.net,1973-01-19,01414960528,"Flat 39
Kyle Brooks
Rosshaven
LU10 2ZD",Female,Greenhaven Acute & Specialist Care NHS Trust,Black,Ghana,ILR,Admin,Medical Secretary,Clinical Support Services,4,18.44,2022-07-18,2022-08-22,30.0,0.8,NMC,Bank,On Leave,ZM190114,2027-04-11,XD190982,2030-01-08,2027-08-18,2022-08-08
EMP0553-20260916_215023,James,Brennan,suttongeorge@example.net,1978-09-11,+441184960773,"Flat 2
Graham Forges
Robertsfurt
LA52 2HE",Female,Northshire University Hospitals NHS Trust,Asian,China,ILR,Medical,GP,Medicine & Acute Care,GP,55.97,2021-07-11,2021-08-15,15.0,0.4,GMC,Bank,On Leave,MW388775,2027-09-14,WO170761,2028-03-30,2027-02-03,2021-08-01
EMP0554-20260916_215023,Duncan,Gardiner,mark51@example.net,2004-01-31,01184960042,"Studio 93
Thomas Pine
Ryanview
L36 8HB",Male,Southgate Community & Mental Health NHS Trust,Black,South Africa,British Citizen,Medical,SHO,Corporate Services,SHO,27.6,2022-10-06,2022-11-17,37.5,1.0,HCPC,Bank,Suspended,SO398955,2028-01-11,TB279333,2030-12-02,2026-09-26,2022-10-27
EMP0555-20260916_215023,Joseph,Garner,samuel66@example.com,1998-03-11,0113 496 0624,"97 June Route
South Max
CM6B 3YG",Female,Northshire University Hospitals NHS Trust,Asian,Japan,ILR,Medical,FY1/FY2,Clinical Support Services,FY1,19.01,2025-04-19,2025-05-17,37.5,1.0,NMC,Fixed Term,Suspended,GR842004,2029-08-02,EE119351,2028-12-14,2026-10-12,2025-05-10
EMP0556-20260916_215023,Dale,Dyer,jackburgess@example.org,2007-04-04,01214960296,"Studio 97
Dixon Points
Millsfurt
N0D 2RL",Female,Southvale Hospitals NHS Trust,Black,Kenya,Skilled Worker,Admin,Medical Secretary,Emergency & Urgent Care,4,18.04,2022-07-05,2022-08-16,30.0,0.8,NMC,Fixed Term,Suspended,HB009084,2026-12-01,AE635287,2027-07-11,2027-04-19,2022-07-26
EMP0557-20260916_215023,Bradley,Hall,bhumphries@example.net,1968-01-14,01614960611,"Flat 04
Leon Drive
South Nathanview
CA99 2WR",Female,Midlands Central Hospitals NHS Trust,Mixed,India,British Citizen,Medical,Consultant,Critical Care & Anaesthesia,CONS,66.44,2017-04-10,2017-05-22,18.75,0.5,HCPC,Fixed Term,Suspended,OK483294,2027-06-06,JQ401888,2027-02-10,2027-01-24,2017-05-01
EMP0558-20260916_215023,Melissa,May,marionsanders@example.org,2003-02-07,01614960737,"Studio 31C
Ben Lodge
Port Leanne
NW2N 2HH",Female,Westmere Community Health NHS Trust,Mixed,Trinidad and Tobago,British Citizen,Medical,Consultant,Critical Care & Anaesthesia,CONS,52.33,2022-01-18,2022-02-15,20.0,0.53,GMC,Permanent,Active,HN181105,2031-06-22,SD121938,2027-07-20,2027-05-25,2022-02-08
EMP0559-20260916_215023,Mark,Coates,shirleyjohnson@example.org,2006-07-17,0151 496 0986,"Studio 73h
Jason River
North Benfurt
W3 3PL",Female,Riverside Integrated Care NHS Trust,White,New Zealand,ILR,AHP,Pharmacist,Emergency & Urgent Care,5,19.29,2018-01-04,2018-02-15,18.75,0.5,HCPC,Fixed Term,Active,UC168350,2028-08-03,AW703438,2028-10-16,2027-07-13,2018-01-25
EMP0560-20260916_215023,Anthony,Wilkinson,walkerjeffrey@example.org,1997-08-24,+44(0)289018763,"1 Frances Branch
East Alicemouth
PH38 0SB",Male,Southvale Hospitals NHS Trust,Mixed,South Africa,British Citizen,Admin,Medical Secretary,Surgery & Cancer,4,16.57,2023-01-12,2023-02-16,15.0,0.4,HCPC,Bank,Active,HL020376,2027-05-03,JB079862,2027-12-10,2027-04-26,2023-02-02
EMP0561-20260916_215023,Leah,O'Brien,susanbutler@example.org,1993-06-25,(0113) 4960293,"14 Joan Meadow
Edwardsport
SY48 4YT",Male,Eastfield Psychological Services NHS Trust,Asian,China,British Citizen,Medical,SHO,Corporate Services,SHO,24.74,2025-09-04,2025-10-16,37.5,1.0,HCPC,Permanent,Active,GQ399471,2027-02-10,BS425505,2027-06-10,2027-03-15,2025-09-25
EMP0562-20260916_215023,Brenda,Griffiths,haynesellie@example.net,1979-03-24,+44(0)113 496 0423,"1 Brennan Heights
Lake Patrickshire
EN2X 9NH",Female,Eastmoor Teaching Hospitals NHS Trust,Mixed,Kenya,Skilled Worker,Admin,Medical Secretary,Clinical Support Services,4,15.51,2018-10-16,2018-11-13,15.0,0.4,None,Fixed Term,On Leave,CW909554,2030-05-21,NV036539,2030-12-03,2027-06-08,2018-11-06
EMP0563-20260916_215023,Clare,Walker,julian71@example.com,1989-11-22,028 9018189,"Studio 14
Rosie Village
Fletcherstad
N3G 7LQ",Male,Southgate Community & Mental Health NHS Trust,Asian,Thailand,British Citizen,AHP,Radiographer,Clinical Support Services,6,24.56,2017-01-12,2017-02-23,18.75,0.5,HCPC,Permanent,Suspended,HZ327838,2029-06-04,IQ627381,2029-08-28,2026-11-12,2017-02-02
EMP0564-20260916_215023,Allan,Boyle,goughjoanne@example.net,1973-04-21,+44(0)20 74960300,"Flat 32C
Kelly Village
Lake Mohammad
IM85 6WB",Male,Eastfield Psychological Services NHS Trust,Mixed,Thailand,British Citizen,Admin,Medical Secretary,Critical Care & Anaesthesia,4,19.2,2023-11-04,2023-12-16,37.5,1.0,None,Bank,Active,RN050152,2030-06-21,SL808955,2029-07-13,2027-02-26,2023-11-25
EMP0565-20260916_215023,Elliott,Bond,mitchellneil@example.com,2001-01-22,0151 496 0787,"Studio 32B
Megan Estate
Huntstad
CH2M 2TQ",Male,Northwood Mental Health NHS Trust,Black,Trinidad and Tobago,British Citizen,Medical,GP,Critical Care & Anaesthesia,GP,60.13,2020-02-08,2020-03-07,20.0,0.53,None,Permanent,On Leave,NO317438,2030-04-21,LL244383,2027-12-21,2027-01-15,2020-02-29
EMP0566-20260916_215023,Ann,Dixon,victoriaevans@example.net,1969-12-21,(0115)4960221,"5 Rebecca Points
Janetmouth
N1 6SU",Male,Oakridge Community Services NHS Trust,Mixed,Jamaica,British Citizen,AHP,Speech Therapist,Surgery & Cancer,6,23.39,2020-05-20,2020-06-17,20.0,0.53,NMC,Fixed Term,On Leave,XZ745601,2031-08-05,HJ014703,2028-02-17,2027-06-06,2020-06-10
EMP0567-20260916_215023,Chelsea,Bray,sdixon@example.org,2000-06-13,(0141) 4960195,"7 Alice Isle
Danielstad
KW1 2HB",Female,Riverbank General Hospitals NHS Trust,Mixed,Trinidad and Tobago,British Citizen,Nursing,Staff Nurse,Clinical Support Services,5,22.63,2021-12-28,2022-02-08,18.75,0.5,None,Fixed Term,On Leave,YP936159,2027-04-27,CW705641,2029-01-31,2027-01-10,2022-01-18
EMP0568-20260916_215023,Damien,Scott,frederick74@example.net,1979-08-06,(029) 2018724,"Studio 54W
Osborne Ways
New Juliebury
RM82 5WN",Female,Midlands Central Hospitals NHS Trust,Asian,India,ILR,Medical,SHO,Women & Children,SHO,23.43,2019-07-25,2019-08-22,15.0,0.4,None,Bank,Active,ZG036330,2028-03-11,TE534651,2031-06-24,2027-01-02,2019-08-15
EMP0569-20260916_215023,Luke,Chambers,nashbryan@example.com,1984-12-18,0116 496 0096,"7 Smith Heights
West Stewartstad
WN17 8QW",Male,Northwood Mental Health NHS Trust,Mixed,Australia,British Citizen,Medical,Consultant,Surgery & Cancer,CONS,68.49,2017-01-25,2017-03-08,37.5,1.0,GMC,Fixed Term,Inactive,GY856385,2029-01-31,ZO707568,2027-11-08,2026-11-05,2017-02-15
EMP0570-20260916_215023,Joel,Griffiths,marcfinch@example.net,1990-04-27,+4420 7496 0178,"Flat 6
Anderson Crest
Port Alisonmouth
DA1 7NR",Male,Lakeside District Hospitals NHS Trust,Asian,Japan,British Citizen,Admin,Medical Secretary,Corporate Services,4,17.08,2025-08-05,2025-09-16,15.0,0.4,HCPC,Bank,Inactive,MF939742,2031-03-28,WL640489,2028-02-29,2027-04-20,2025-08-26
EMP0571-20260916_215023,Jeffrey,Moore,mpowell@example.com,1962-08-31,(028)9018296,"Flat 04I
Robson Crossing
Bryanton
L34 0JB",Female,Oakridge Community Services NHS Trust,Asian,Japan,Skilled Worker,Medical,Registrar,Women & Children,SPR,38.66,2023-06-19,2023-07-31,15.0,0.4,GMC,Fixed Term,On Leave,RM067394,2029-09-28,XL632607,2029-12-13,2027-01-25,2023-07-10
EMP0572-20260916_215023,Maurice,Robinson,gchambers@example.net,1963-04-18,+44131 4960965,"Studio 2
Declan Ridges
Lake Jennifer
CF9P 2RR",Male,Oakridge Community Services NHS Trust,Black,Kenya,Skilled Worker,Nursing,Healthcare Assistant,Surgery & Cancer,2,13.04,2022-09-26,2022-11-07,30.0,0.8,HCPC,Permanent,Active,DJ287980,2029-10-02,RK415051,2030-11-19,2027-02-12,2022-10-17
EMP0573-20260916_215023,Nicola,Patel,victoria66@example.net,1977-12-07,+441614960888,"0 Katherine Run
North Sheila
S8D 0EX",Female,Eastmoor Teaching Hospitals NHS Trust,White,Australia,ILR,Medical,GP,Corporate Services,GP,57.77,2016-12-08,2017-01-12,18.75,0.5,None,Fixed Term,Active,DQ325447,2029-02-04,FC234196,2031-06-12,2027-08-29,2016-12-29
EMP0574-20260916_215023,Harriet,Kerr,liam82@example.org,1986-05-12,+44(0)115 4960551,"Studio 5
Patel Circles
West Joe
M3E 7GD",Female,Southgate Community & Mental Health NHS Trust,Black,Barbados,ILR,Medical,GP,Critical Care & Anaesthesia,GP,48.8,2025-01-22,2025-03-05,37.5,1.0,HCPC,Bank,Suspended,QN948643,2031-08-16,NU074964,2029-08-01,2027-02-21,2025-02-12
EMP0575-20260916_215023,Beth,Hilton,vincentzoe@example.net,2004-04-03,01414960288,"Studio 3
Reed Squares
Lake Nigeltown
WA7 3DA",Female,Northshire University Hospitals NHS Trust,Asian,Thailand,British Citizen,Admin,Data Analyst,Clinical Support Services,8A,31.18,2020-05-29,2020-07-10,30.0,0.8,GMC,Fixed Term,On Leave,VQ222547,2030-11-10,IH980069,2031-09-06,2027-07-06,2020-06-19
EMP0576-20260916_215023,Teresa,Barber,williamssheila@example.org,1962-03-24,+449098790173,"Studio 45F
Abigail Corner
East Janet
E59 0FU",Female,Northwood Mental Health NHS Trust,White,Australia,Skilled Worker,Nursing,Senior Staff Nurse,Women & Children,6,23.82,2017-10-18,2017-11-29,15.0,0.4,HCPC,Permanent,On Leave,CN855321,2027-03-27,BP620884,2030-11-28,2026-12-21,2017-11-08
EMP0577-20260916_215023,Ruth,Smith,leighkhan@example.org,1982-03-31,+44808 1570839,"20 Jackson Cape
New Philipville
M0S 1ZQ",Male,Northshire University Hospitals NHS Trust,Asian,India,British Citizen,Medical,Consultant,Surgery & Cancer,CONS,63.44,2023-08-13,2023-09-10,30.0,0.8,NMC,Bank,On Leave,FV560246,2026-09-18,RL880817,2027-06-12,2026-10-26,2023-09-03
EMP0578-20260916_215023,Lisa,Hussain,thompsonmalcolm@example.org,1972-10-08,(020) 7496 0319,"3 Jemma Inlet
North Jennifer
SM6Y 4DZ",Male,Riverside Integrated Care NHS Trust,Asian,China,Dependent,Medical,GP,Critical Care & Anaesthesia,GP,54.93,2020-07-24,2020-09-04,18.75,0.5,GMC,Permanent,Inactive,RV639715,2029-07-21,HT949622,2030-01-06,2027-08-06,2020-08-14
EMP0579-20260916_215023,Sylvia,Howells,hjohnson@example.net,1965-06-28,0113 496 0632,"60 Beth Ferry
Stewartview
BB3B 8FP",Male,Bluewater Community & Rehabilitation NHS Trust,Black,Barbados,British Citizen,Nursing,Healthcare Assistant,Emergency & Urgent Care,2,13.63,2021-09-19,2021-10-17,30.0,0.8,GMC,Fixed Term,Inactive,IP814448,2029-03-05,MZ777569,2030-11-16,2027-03-26,2021-10-10
EMP0580-20260916_215023,Kathleen,Williams,chambersgeraldine@example.com,1964-06-27,+44(0)114 496 0467,"4 Hancock Meadow
Melissafort
DG2 9GG",Male,Broadfield Clinical Services NHS Trust,Black,Kenya,ILR,Nursing,Staff Nurse,Women & Children,5,22.31,2023-06-25,2023-08-06,20.0,0.53,None,Fixed Term,Suspended,VE094057,2026-10-18,YI826528,2031-01-17,2027-02-09,2023-07-16
EMP0581-20260916_215023,Denis,Williams,sally28@example.com,1996-05-09,+44(0)121 4960379,"28 Henry Knolls
East Jessica
N27 4LE",Male,Bluewater Community & Rehabilitation NHS Trust,Black,Ghana,Skilled Worker,Admin,Medical Secretary,Corporate Services,4,16.37,2024-01-13,2024-02-24,15.0,0.4,NMC,Fixed Term,On Leave,MR967505,2027-06-02,JR511084,2027-10-01,2026-11-11,2024-02-03
EMP0582-20260916_215023,Samantha,Garner,whitecaroline@example.com,1986-02-16,+44118 4960278,"Flat 35Y
Charles Fort
Lloydborough
G4C 9XH",Male,Southgate Community & Mental Health NHS Trust,Black,Barbados,British Citizen,Nursing,Nursery Nurse,Women & Children,2,14.33,2016-09-18,2016-10-16,18.75,0.5,NMC,Bank,Suspended,JG064424,2027-06-04,ZT711133,2028-12-16,2027-07-29,2016-10-09
EMP0583-20260916_215023,Harriet,Johnson,carly43@example.org,1985-12-28,(0141) 496 0472,"Studio 8
Jordan Squares
North Lawrencechester
W1 0YN",Male,Midlands Central Hospitals NHS Trust,Mixed,Thailand,ILR,Nursing,Nursery Nurse,Clinical Support Services,2,13.65,2018-10-13,2018-11-17,20.0,0.53,GMC,Permanent,Inactive,TA948724,2028-08-17,VP577490,2030-11-30,2027-03-06,2018-11-03
EMP0584-20260916_215023,Helen,Griffiths,iporter@example.org,1972-10-16,(0808) 1570207,"Flat 13d
Gareth Port
Lake Jessicaborough
BH58 3AT",Female,Eastfield Psychological Services NHS Trust,White,New Zealand,Dependent,Medical,SHO,Women & Children,SHO,23.59,2019-01-16,2019-02-13,37.5,1.0,None,Fixed Term,On Leave,WN642513,2029-08-13,SN165538,2028-10-22,2026-11-09,2019-02-06
EMP0585-20260916_215023,Gregory,Evans,ryanmatthew@example.net,1984-02-06,+44(0)1214960575,"27 Armstrong Parkway
North Stephanieton
N0 9YU",Male,Westborough Acute Care NHS Trust,Asian,India,Skilled Worker,Admin,Medical Secretary,Corporate Services,4,15.9,2022-07-04,2022-08-01,18.75,0.5,None,Permanent,Active,GY604784,2028-11-18,PP615622,2026-12-27,2027-01-23,2022-07-25
EMP0586-20260916_215023,Adam,McDonald,aread@example.com,1991-09-18,+44(0)808 1570264,"028 Russell Glen
North Robert
B85 4LE",Female,Eastfield Psychological Services NHS Trust,Asian,Japan,ILR,AHP,Physiologist,Medicine & Acute Care,6,26.91,2024-12-30,2025-01-27,30.0,0.8,NMC,Fixed Term,Suspended,YL573691,2026-09-27,PO349497,2031-05-05,2027-04-18,2025-01-20
EMP0587-20260916_215023,Conor,Alexander,hughesclifford@example.com,1963-04-18,+443069990214,"43 Melanie Divide
Barryview
HD93 9UD",Female,Westmere Community Health NHS Trust,Black,Kenya,Dependent,AHP,Occupational Therapist,Medicine & Acute Care,6,24.44,2021-02-09,2021-03-09,18.75,0.5,GMC,Permanent,Suspended,ZY494625,2029-03-05,DP375731,2030-06-15,2026-10-21,2021-03-02
EMP0588-20260916_215023,Joel,Green,joanholland@example.org,1975-02-08,(0114) 496 0640,"91 Holland Village
Port Jack
SY1 4YP",Male,Westborough Acute Care NHS Trust,Asian,Japan,ILR,Medical,Registrar,Corporate Services,SPR,35.12,2017-08-30,2017-10-04,30.0,0.8,None,Permanent,Inactive,SW824006,2028-12-11,ST721290,2029-11-06,2027-01-27,2017-09-20
EMP0589-20260916_215023,Amanda,Lewis,joannebradley@example.com,1988-07-18,(0191) 496 0851,"587 Pearce Squares
Brianville
NE2B 3SU",Male,Northshire University Hospitals NHS Trust,White,Australia,Skilled Worker,AHP,Pharmacist,Clinical Support Services,5,21.34,2025-09-09,2025-10-14,18.75,0.5,HCPC,Fixed Term,On Leave,OO030526,2029-10-14,QX196807,2026-11-26,2027-07-06,2025-09-30
EMP0590-20260916_215023,Amber,Barker,gwoodward@example.net,1964-03-02,01914960836,"38 O'Sullivan Spring
Nicolafort
B1B 2FT",Female,Oakridge Community Services NHS Trust,Asian,China,Dependent,AHP,Physiologist,Clinical Support Services,6,24.09,2025-10-20,2025-11-24,30.0,0.8,HCPC,Permanent,Inactive,AI284856,2029-08-06,YZ844065,2026-10-04,2027-07-31,2025-11-10
EMP0591-20260916_215023,Carol,Hunt,reidderek@example.com,1979-10-15,0115 496 0068,"Flat 4
Dixon Burgs
West Normanfurt
B0 9EY",Female,Northshire University Hospitals NHS Trust,White,New Zealand,British Citizen,Admin,Administrator,Critical Care & Anaesthesia,3,16.08,2017-09-02,2017-10-07,30.0,0.8,NMC,Bank,Active,SB792853,2028-11-12,EB706780,2029-12-11,2027-07-14,2017-09-23
EMP0592-20260916_215023,Hugh,Clark,tom12@example.com,2006-06-09,01134960257,"Studio 35
Hill Ville
South Bethshire
M9 4XN",Female,Valleyview Mental Wellness NHS Trust,White,United Kingdom,British Citizen,Medical,Registrar,Clinical Support Services,SPR,40.03,2016-11-18,2016-12-23,20.0,0.53,NMC,Fixed Term,Suspended,RX068514,2029-12-15,DK005970,2031-02-20,2027-07-31,2016-12-09
EMP0593-20260916_215023,Jade,Jones,ygriffin@example.net,1989-12-28,+44115 4960691,"751 Ronald Greens
Nelsonville
N6 6RZ",Male,Lakeside District Hospitals NHS Trust,Asian,China,Dependent,Admin,Data Analyst,Surgery & Cancer,8A,30.12,2023-10-27,2023-12-01,20.0,0.53,None,Permanent,On Leave,YK229410,2027-06-18,XL502850,2030-02-07,2027-03-25,2023-11-17
EMP0594-20260916_215023,Shane,Patel,pberry@example.org,1963-01-13,+44(0)1614960077,"71 Parkin Spur
Eleanortown
EH8 6LB",Female,Riverbank General Hospitals NHS Trust,Black,Kenya,Dependent,Nursing,Charge Nurse,Emergency & Urgent Care,7,26.79,2022-05-18,2022-06-29,15.0,0.4,NMC,Permanent,Inactive,NZ658665,2026-12-07,BY286440,2028-07-15,2027-09-11,2022-06-08
EMP0595-20260916_215023,Joyce,Godfrey,wjordan@example.net,1996-06-10,(0909)8790755,"Flat 92M
Mahmood Ville
Smithtown
L40 4GP",Male,Westborough Acute Care NHS Trust,Black,South Africa,ILR,Medical,Consultant,Surgery & Cancer,CONS,48.73,2021-11-29,2022-01-10,20.0,0.53,GMC,Fixed Term,Active,YX682671,2030-05-19,VA801705,2029-11-12,2026-11-11,2021-12-20
EMP0596-20260916_215023,Leanne,Harding,ritadavidson@example.com,1968-01-26,+44(0)161 496 0817,"Studio 42
Hudson Path
Smithberg
BA16 0NJ",Female,Lakeside District Hospitals NHS Trust,White,New Zealand,Skilled Worker,AHP,Radiographer,Women & Children,6,24.27,2020-05-14,2020-06-18,30.0,0.8,None,Fixed Term,Suspended,EZ662805,2028-07-13,GB414125,2030-09-12,2027-03-13,2020-06-04
EMP0597-20260916_215023,Jane,Morris,hcoates@example.org,1970-05-01,+44(0)161 496 0965,"30 Scott Isle
Port Mohammed
G3J 4RZ",Female,Southvale Hospitals NHS Trust,Black,Kenya,British Citizen,AHP,Radiographer,Critical Care & Anaesthesia,6,23.14,2025-03-15,2025-04-26,37.5,1.0,NMC,Fixed Term,On Leave,VO466145,2028-02-17,NO765135,2029-12-05,2027-08-11,2025-04-05
EMP0598-20260916_215023,Jenna,Armstrong,thomaswalters@example.net,1974-03-09,(0117)4960512,"771 Thompson Course
East Jeffreystad
M0 6BF",Female,Westmere Community Health NHS Trust,Black,Jamaica,Dependent,AHP,Radiographer,Emergency & Urgent Care,6,28.14,2020-01-09,2020-02-13,15.0,0.4,HCPC,Bank,Inactive,DA116753,2028-05-22,FA950307,2030-08-02,2027-02-18,2020-01-30
EMP0599-20260916_215023,Emma,Slater,adamsimpson@example.com,1979-12-13,0116 496 0097,"Flat 5
Jones Tunnel
Lake Debra
B1H 5PG",Male,Southgate Community & Mental Health NHS Trust,Black,Jamaica,British Citizen,Medical,Registrar,Surgery & Cancer,SPR,33.51,2024-07-09,2024-08-20,30.0,0.8,HCPC,Permanent,Active,WJ743567,2027-01-26,OP974742,2029-09-15,2027-01-15,2024-07-30
EMP0600-20260916_215023,Jessica,Holmes,amypearce@example.org,1986-10-05,+44(0)1632 960 991,"4 Green Mill
Port Duncanside
EC28 9WP",Female,Eastfield Psychological Services NHS Trust,Asian,China,Dependent,AHP,Physiotherapist,Critical Care & Anaesthesia,6,27.5,2024-10-26,2024-11-30,37.5,1.0,None,Permanent,On Leave,VY543737,2028-09-02,NQ101575,2027-07-26,2027-05-27,2024-11-16
EMP0601-20260916_215023,Garry,Wright,hbrowne@example.net,2005-04-08,+44(0)131 4960365,"Flat 37M
Iain Crescent
Lake Max
E17 0QD",Male,Lakeside District Hospitals NHS Trust,Mixed,New Zealand,ILR,Nursing,Nursery Nurse,Clinical Support Services,2,12.77,2023-02-02,2023-03-02,15.0,0.4,NMC,Fixed Term,On Leave,UD657514,2027-03-25,BX430894,2031-01-09,2027-07-05,2023-02-23
EMP0602-20260916_215023,Iain,Woodward,jake52@example.org,1968-12-26,(0115) 496 0754,"8 Ferguson Manor
South Elliottland
W8 4RH",Female,Horizon Integrated Health Partnership NHS Trust,Mixed,United States,Dependent,Medical,Registrar,Surgery & Cancer,SPR,36.13,2022-08-08,2022-09-12,20.0,0.53,NMC,Bank,Suspended,JX962237,2028-04-20,PT304727,2031-03-24,2026-11-15,2022-08-29
EMP0603-20260916_215023,Dominic,Murray,yjones@example.net,1962-02-01,+44(0)118 496 0044,"Studio 86v
Chapman Shoal
East Pauline
WV47 3PD",Female,Horizon Integrated Health Partnership NHS Trust,White,New Zealand,Dependent,Admin,Data Analyst,Critical Care & Anaesthesia,8A,31.93,2024-06-22,2024-08-03,18.75,0.5,GMC,Permanent,Inactive,AW132701,2029-04-04,JW636010,2031-07-11,2027-02-06,2024-07-13
EMP0604-20260916_215023,Terence,O'Brien,craig69@example.org,1989-03-24,(0115) 4960055,"3 Adam Ranch
East Tracy
N0 3QE",Female,Riverbank General Hospitals NHS Trust,White,Australia,Dependent,Nursing,Staff Nurse,Emergency & Urgent Care,5,19.61,2021-05-09,2021-06-06,20.0,0.53,GMC,Fixed Term,Suspended,AI984264,2028-04-12,QO259195,2030-01-13,2027-04-28,2021-05-30
EMP0605-20260916_215023,Brett,Roberts,normanlee@example.com,1970-08-06,+44115 4960801,"7 Jones Ways
Smithstad
N0B 2XR",Male,Greenhaven Acute & Specialist Care NHS Trust,Asian,Japan,Dependent,Medical,Consultant,Critical Care & Anaesthesia,CONS,55.13,2022-03-31,2022-04-28,20.0,0.53,NMC,Fixed Term,Active,RN156782,2029-11-04,XT420120,2029-12-29,2027-08-20,2022-04-21
EMP0606-20260916_215023,Pamela,Williams,marianking@example.net,1981-05-01,(0131)4960961,"058 Ross Curve
Port Charlesborough
M3 2ZU",Female,Greenhaven Acute & Specialist Care NHS Trust,White,Canada,ILR,AHP,Physiologist,Medicine & Acute Care,6,24.85,2020-04-21,2020-05-19,20.0,0.53,HCPC,Fixed Term,Suspended,OO263840,2030-08-20,RC369235,2030-09-20,2027-03-08,2020-05-12
EMP0607-20260916_215023,Richard,Berry,justinduffy@example.com,1988-09-13,+44115 4960004,"Flat 78j
Emily Cove
Shawbury
G3 6JF",Male,Southgate Community & Mental Health NHS Trust,White,Canada,Skilled Worker,Nursing,Charge Nurse,Corporate Services,7,31.23,2025-04-11,2025-05-16,18.75,0.5,None,Bank,On Leave,BV409887,2027-06-02,VN983293,2030-12-27,2026-11-01,2025-05-02
EMP0608-20260916_215023,Ashleigh,Griffiths,harrisnicole@example.org,1964-08-04,0121 4960359,"3 Lewis Shores
Jamesmouth
B5S 8WH",Female,Midlands Central Hospitals NHS Trust,White,United Kingdom,British Citizen,Medical,Registrar,Women & Children,SPR,35.55,2023-01-17,2023-02-21,37.5,1.0,NMC,Permanent,Inactive,NH656021,2027-09-30,UZ152008,2030-02-14,2026-11-29,2023-02-07
EMP0609-20260916_215023,Donald,Kaur,phunter@example.com,1991-05-17,+44(0)3069990907,"57 Bond Branch
New Mohammadburgh
FY92 0FA",Female,Eastfield Psychological Services NHS Trust,White,United Kingdom,Dependent,AHP,Occupational Therapist,Women & Children,6,23.62,2026-08-28,2026-10-02,18.75,0.5,GMC,Bank,Inactive,CZ951409,2027-05-14,RD292432,2029-01-04,2027-08-20,2026-09-18
EMP0610-20260916_215023,Samantha,O'Connor,simontaylor@example.net,1985-04-13,+44113 496 0717,"3 Byrne Key
Port William
N04 0FZ",Male,Lakeside District Hospitals NHS Trust,Mixed,Canada,British Citizen,Admin,Receptionist,Corporate Services,3,14.18,2021-09-14,2021-10-26,18.75,0.5,GMC,Fixed Term,Suspended,AU181207,2027-08-26,VJ358473,2027-09-30,2026-11-26,2021-10-05
EMP0611-20260916_215023,Marilyn,James,carolinetomlinson@example.net,2006-01-14,029 2018 0865,"1 Julie Shores
South Jamie
LD2N 1GN",Male,Greenhaven Acute & Specialist Care NHS Trust,Asian,Thailand,Skilled Worker,Medical,Registrar,Women & Children,SPR,38.53,2025-04-16,2025-05-14,18.75,0.5,HCPC,Bank,Active,LD293121,2031-04-22,BE770353,2027-01-19,2027-09-04,2025-05-07
EMP0612-20260916_215023,Dennis,West,pstone@example.net,1967-10-19,+44(0)121 496 0210,"129 Trevor Track
New Vincentport
E4 4TR",Female,Broadfield Clinical Services NHS Trust,Asian,China,Dependent,AHP,Pharmacist,Critical Care & Anaesthesia,5,22.45,2020-07-17,2020-08-21,37.5,1.0,NMC,Bank,Inactive,OD384018,2027-03-23,ZE362510,2027-08-28,2027-04-22,2020-08-07
EMP0613-20260916_215023,Toby,Parker,paulineclark@example.net,1973-08-17,+4428 9018168,"69 Shah Motorway
Port Ambermouth
SY18 7YF",Male,Riverbank General Hospitals NHS Trust,Asian,Thailand,ILR,Admin,Medical Secretary,Clinical Support Services,4,16.81,2018-04-13,2018-05-18,20.0,0.53,NMC,Permanent,Active,BU533826,2028-01-07,EM537298,2028-10-23,2026-12-12,2018-05-04
EMP0614-20260916_215023,Amy,Gallagher,taylorhelen@example.org,1993-07-10,+44113 4960926,"607 Rees Islands
South Suzanneville
GU1B 6RE",Male,Eastfield Psychological Services NHS Trust,Mixed,China,Skilled Worker,Medical,Registrar,Surgery & Cancer,SPR,39.67,2026-09-05,2026-10-03,37.5,1.0,None,Bank,Inactive,LI352660,2027-06-27,ZK152128,2027-08-22,2027-07-06,2026-09-26
EMP0615-20260916_215023,Denis,Pickering,gerardevans@example.com,1996-11-29,+44(0)141 4960520,"Studio 1
Alison Unions
Gordonmouth
G00 1ZP",Female,Southgate Community & Mental Health NHS Trust,Mixed,China,Dependent,Admin,Data Analyst,Surgery & Cancer,8A,31.41,2020-07-18,2020-08-29,30.0,0.8,NMC,Fixed Term,On Leave,HU569380,2028-07-24,IZ358590,2027-01-08,2027-07-27,2020-08-08
EMP0616-20260916_215023,Hollie,Jenkins,yvonne70@example.com,1973-10-25,+44(0)20 74960831,"Studio 31
Keith Plains
Port Jayne
N2K 7HW",Female,Greenhaven Acute & Specialist Care NHS Trust,White,United Kingdom,ILR,Medical,FY1/FY2,Women & Children,FY1,19.88,2026-07-25,2026-08-29,30.0,0.8,HCPC,Fixed Term,On Leave,YN430246,2028-10-10,VL379631,2031-06-26,2026-10-22,2026-08-15
EMP0617-20260916_215023,Marion,Willis,belljustin@example.org,1988-03-29,(029) 2018 0735,"Flat 30a
Jane Plains
Smithville
TQ2P 9BU",Female,Eastmoor Teaching Hospitals NHS Trust,White,New Zealand,ILR,AHP,Speech Therapist,Corporate Services,6,23.96,2017-07-26,2017-09-06,37.5,1.0,NMC,Fixed Term,Suspended,NM853315,2027-08-07,WN866771,2029-02-11,2026-12-06,2017-08-16
EMP0618-20260916_215023,Sheila,Fisher,cameron51@example.net,1999-07-28,(01632) 960 938,"852 Robin Route
West Charlesfurt
N4F 7LT",Female,Riverside Integrated Care NHS Trust,Mixed,Canada,Dependent,Admin,Medical Secretary,Critical Care & Anaesthesia,4,15.71,2018-03-16,2018-04-13,30.0,0.8,NMC,Fixed Term,On Leave,VA621145,2026-10-26,IM003608,2029-05-08,2026-10-28,2018-04-06
EMP0619-20260916_215023,Owen,Pope,burkeaaron@example.net,1997-12-23,0118 496 0147,"20 Shane Mount
South Alexander
BN0 6PY",Male,Lakeside District Hospitals NHS Trust,Black,Jamaica,Skilled Worker,Nursing,Staff Nurse,Clinical Support Services,5,21.49,2023-11-29,2024-01-03,20.0,0.53,HCPC,Fixed Term,On Leave,VK470822,2031-03-23,PL796124,2028-02-04,2027-01-31,2023-12-20
EMP0620-20260916_215023,Tom,Wilson,wwoods@example.net,1966-02-26,(0115) 496 0085,"Studio 15T
Watkins Roads
New Linda
SS4N 3AU",Female,Midlands Central Hospitals NHS Trust,Asian,Thailand,ILR,Medical,Consultant,Clinical Support Services,CONS,66.19,2019-08-22,2019-09-19,18.75,0.5,NMC,Fixed Term,Inactive,RK584276,2027-08-17,ET797751,2031-02-03,2027-08-13,2019-09-12
EMP0621-20260916_215023,Sally,Cook,gary52@example.org,1986-07-10,+44(0)116 496 0414,"Flat 2
Greenwood Plaza
Jasminemouth
SN1X 3BS",Male,Broadfield Clinical Services NHS Trust,Mixed,Jamaica,British Citizen,Medical,SHO,Clinical Support Services,SHO,30.11,2024-03-26,2024-04-23,18.75,0.5,HCPC,Permanent,Active,QX863584,2028-05-24,OY685115,2029-01-04,2026-10-09,2024-04-16
EMP0622-20260916_215023,Jake,Carter,qjenkins@example.net,1992-01-13,+44(0)1614960085,"704 Jones Ford
Clarkshire
BL5 4AG",Female,Bluewater Community & Rehabilitation NHS Trust,Black,Barbados,British Citizen,Nursing,Staff Nurse,Critical Care & Anaesthesia,5,21.72,2024-02-20,2024-04-02,30.0,0.8,HCPC,Fixed Term,On Leave,RU763890,2029-01-31,XB912376,2028-10-15,2027-01-04,2024-03-12
EMP0623-20260916_215023,Damian,Hudson,waynemorgan@example.org,1990-05-08,+44118 4960029,"Flat 96
Smith Gateway
Port Glenn
LE8 6TY",Female,Hillcrest Medical Centres NHS Trust,Asian,India,Dependent,Nursing,Senior Staff Nurse,Emergency & Urgent Care,6,27.44,2022-07-01,2022-07-29,37.5,1.0,HCPC,Fixed Term,Suspended,TR483949,2030-10-04,LK067117,2030-05-15,2027-03-18,2022-07-22
EMP0624-20260916_215023,Vincent,Stephenson,kirsty14@example.org,1969-06-14,+44(0)116 496 0524,"Flat 21
Birch Divide
Goddardberg
L8 7DH",Female,Lakeside District Hospitals NHS Trust,Asian,Japan,Dependent,Medical,FY1/FY2,Emergency & Urgent Care,FY1,20.8,2023-06-13,2023-07-11,15.0,0.4,GMC,Bank,Inactive,DJ654083,2030-02-15,NC019265,2031-01-12,2027-06-18,2023-07-04
EMP0625-20260916_215023,Reece,Savage,louisthompson@example.org,1978-02-19,(0151) 4960144,"636 Malcolm Streets
New Janicebury
B0 6BS",Female,Greenhaven Acute & Specialist Care NHS Trust,White,United States,British Citizen,Admin,Administrator,Women & Children,3,13.83,2025-01-01,2025-02-05,20.0,0.53,None,Permanent,Active,QX372073,2026-12-08,HJ362213,2030-05-31,2027-05-14,2025-01-22
EMP0626-20260916_215023,Tracey,Hewitt,andrewsjustin@example.net,1964-01-03,+44(0)117 4960429,"14 Carter Ville
Robertstown
M0K 0BE",Male,Northshire University Hospitals NHS Trust,Black,Nigeria,ILR,Admin,Medical Secretary,Women & Children,4,19.14,2024-11-14,2024-12-26,20.0,0.53,HCPC,Bank,Inactive,DP669018,2031-05-28,VC445035,2028-06-12,2027-08-15,2024-12-05
EMP0627-20260916_215023,Angela,Davies,harriettalbot@example.net,1975-04-06,+44131 4960713,"058 Doherty Alley
New Dennis
DH37 2ZG",Male,Southgate Community & Mental Health NHS Trust,Asian,Japan,Skilled Worker,Admin,Receptionist,Women & Children,3,15.98,2020-02-22,2020-03-28,18.75,0.5,NMC,Bank,Suspended,AG939281,2030-09-17,ZE854982,2031-04-25,2027-02-24,2020-03-14
EMP0628-20260916_215023,Hannah,Reid,jamesjoe@example.net,1977-01-28,020 74960877,"Studio 63v
Katie Cliffs
Janeberg
NR6M 3HL",Female,Broadfield Clinical Services NHS Trust,Asian,Thailand,ILR,Admin,Administrator,Women & Children,3,13.74,2018-08-03,2018-08-31,18.75,0.5,None,Fixed Term,Suspended,UL750139,2029-03-10,OV031111,2029-04-22,2027-04-30,2018-08-24
EMP0629-20260916_215023,Kimberley,Wright,jonesdonna@example.net,1996-03-06,+44(0)161 4960672,"9 Bennett Fields
Lewisfurt
W0S 1UJ",Male,Riverside Integrated Care NHS Trust,Asian,India,ILR,Nursing,Senior Staff Nurse,Women & Children,6,26.0,2024-03-03,2024-04-07,30.0,0.8,GMC,Fixed Term,Suspended,QV945272,2028-06-07,VY781175,2026-11-28,2026-10-23,2024-03-24
EMP0630-20260916_215023,Maurice,Mills,shannoncross@example.com,1992-05-15,(0191)4960482,"Flat 85
Rogers Center
Godfreyport
E2 3ZL",Male,Valleyview Mental Wellness NHS Trust,Mixed,Canada,Skilled Worker,Medical,GP,Critical Care & Anaesthesia,GP,48.04,2019-01-28,2019-02-25,18.75,0.5,NMC,Permanent,On Leave,CP357962,2031-09-11,OU956806,2029-08-16,2026-11-19,2019-02-18
EMP0631-20260916_215023,Glenn,Young,leonhilton@example.org,1967-03-15,0141 496 0314,"Flat 7
Hazel Points
West Josh
W0 9LQ",Male,Eastfield Psychological Services NHS Trust,Asian,China,Skilled Worker,Admin,Administrator,Clinical Support Services,3,13.94,2025-07-23,2025-08-27,20.0,0.53,GMC,Bank,Active,OT559649,2027-07-26,CD213392,2029-10-16,2027-05-23,2025-08-13
EMP0632-20260916_215023,Kate,Smith,liamosborne@example.org,2000-03-05,(0114) 496 0219,"83 Lamb Drives
Suzannetown
TR78 0AA",Male,Lakeside District Hospitals NHS Trust,Mixed,Thailand,British Citizen,Medical,Registrar,Clinical Support Services,SPR,36.64,2019-03-01,2019-04-12,30.0,0.8,GMC,Permanent,Inactive,LP222952,2027-12-22,YR481014,2029-12-17,2027-04-23,2019-03-22
EMP0633-20260916_215023,Joe,Hayes,nicole52@example.com,1970-08-20,+44(0)29 2018 0271,"44 Benjamin Track
Mauricefurt
AB51 0JS",Female,Southvale Hospitals NHS Trust,Black,Ghana,Dependent,Medical,Registrar,Medicine & Acute Care,SPR,35.78,2020-11-02,2020-12-07,20.0,0.53,HCPC,Fixed Term,Active,MK607097,2027-08-17,CU962139,2028-12-26,2027-05-29,2020-11-23
EMP0634-20260916_215023,Justin,Harrison,hayleyjackson@example.net,1968-06-29,02074960404,"050 Nicole Pass
Barnettstad
W5C 9FR",Male,Riverside Integrated Care NHS Trust,White,New Zealand,Dependent,AHP,Pharmacist,Medicine & Acute Care,5,21.45,2025-08-12,2025-09-23,18.75,0.5,None,Permanent,Suspended,RS221903,2027-10-15,HY086178,2027-11-11,2027-09-15,2025-09-02
EMP0635-20260916_215023,Maureen,McCarthy,geoffreycook@example.org,1988-01-28,0808 1570710,"76 Craig Street
North Janefurt
SP4 8BZ",Female,Riverside Integrated Care NHS Trust,Black,Trinidad and Tobago,ILR,AHP,Speech Therapist,Corporate Services,6,25.29,2026-04-14,2026-05-26,18.75,0.5,NMC,Fixed Term,Suspended,RA350030,2027-08-23,TP703805,2030-05-06,2026-12-13,2026-05-05
EMP0636-20260916_215023,Kevin,Jones,robertsrhys@example.com,2007-12-16,+44(0)131 496 0312,"Flat 93G
Jones Ramp
West Richard
S01 6AH",Male,Westmere Community Health NHS Trust,Asian,China,Dependent,Medical,GP,Women & Children,GP,57.91,2024-04-21,2024-05-26,37.5,1.0,GMC,Bank,Suspended,SX188910,2029-08-12,HF275203,2030-08-08,2027-07-29,2024-05-12
EMP0637-20260916_215023,Maria,Shah,harrismax@example.com,2003-10-08,+443069990737,"0 Ahmed Lock
North Patrickfurt
CH56 4TX",Male,Meadowbrook Community Health NHS Trust,Mixed,Japan,British Citizen,AHP,Speech Therapist,Clinical Support Services,6,25.24,2020-08-17,2020-09-14,30.0,0.8,GMC,Fixed Term,On Leave,UN723057,2030-01-11,JS934034,2031-06-27,2026-11-29,2020-09-07
EMP0638-20260916_215023,Simon,Peacock,kyleabbott@example.net,1997-06-04,+44113 4960462,"606 Melissa Branch
Adamton
HS8H 1HE",Male,Hillcrest Medical Centres NHS Trust,Mixed,Trinidad and Tobago,ILR,AHP,Pharmacist,Surgery & Cancer,5,22.19,2024-01-18,2024-02-29,15.0,0.4,NMC,Permanent,Active,OG948890,2029-04-19,GV283759,2027-10-12,2027-07-27,2024-02-08
EMP0639-20260916_215023,Frederick,Howe,peterwebb@example.org,1978-08-25,(0306) 999 0546,"29 West Skyway
Lauramouth
G03 0TL",Male,Broadfield Clinical Services NHS Trust,Asian,Thailand,Dependent,Admin,Data Analyst,Emergency & Urgent Care,8A,35.54,2025-12-22,2026-01-26,18.75,0.5,None,Fixed Term,Active,MJ409645,2026-10-30,OP662051,2031-01-17,2026-11-20,2026-01-12
EMP0640-20260916_215023,Kim,Bradley,holliedavis@example.net,1961-12-04,02074960031,"94 Farmer Light
New Ericmouth
KY12 2SW",Female,Bluewater Community & Rehabilitation NHS Trust,Asian,Thailand,Skilled Worker,Admin,Receptionist,Medicine & Acute Care,3,15.75,2025-01-13,2025-02-24,20.0,0.53,GMC,Permanent,Inactive,CZ662093,2030-02-23,LE211349,2030-05-25,2027-03-23,2025-02-03
EMP0641-20260916_215023,David,Khan,hardingnatasha@example.net,1987-06-19,0191 498 0382,"869 Martin Branch
Victorside
L2F 8XQ",Male,Westborough Acute Care NHS Trust,White,Canada,British Citizen,Admin,Administrator,Clinical Support Services,3,15.5,2025-07-09,2025-08-13,18.75,0.5,HCPC,Bank,On Leave,UZ198846,2027-12-21,TA150285,2029-02-06,2027-04-05,2025-07-30
EMP0642-20260916_215023,Shannon,Walker,royclayton@example.com,2007-04-15,+44(0)191 4960642,"370 Stephanie Expressway
Hughesbury
W11 2LH",Male,Valleyview Mental Wellness NHS Trust,White,Australia,ILR,AHP,Physiologist,Women & Children,6,23.55,2026-02-02,2026-03-02,15.0,0.4,GMC,Bank,Suspended,TH328902,2027-12-22,PK828370,2027-04-04,2026-12-14,2026-02-23
EMP0643-20260916_215023,Harriet,Lucas,charlottegraham@example.org,1983-05-22,03069990169,"29 Anne Trail
Lake Charlieton
B4B 8ZF",Male,Southgate Community & Mental Health NHS Trust,Black,Nigeria,Skilled Worker,AHP,Speech Therapist,Medicine & Acute Care,6,26.82,2022-09-09,2022-10-07,20.0,0.53,None,Permanent,On Leave,OO933722,2031-03-11,DC126386,2027-12-26,2027-03-30,2022-09-30
EMP0644-20260916_215023,Roy,Turner,jacksonbryan@example.net,1967-03-28,+441614960481,"Studio 78
Elliot Ports
Laurentown
BR9M 2HG",Male,Westmere Community Health NHS Trust,Black,Jamaica,British Citizen,Nursing,Healthcare Assistant,Corporate Services,2,12.71,2023-04-16,2023-05-28,30.0,0.8,None,Bank,Inactive,QD786856,2028-11-23,UI441991,2031-08-07,2027-01-25,2023-05-07
EMP0645-20260916_215023,Sylvia,Knowles,barry15@example.org,1992-07-01,+44(0)117 4960530,"82 Abigail Station
Lukechester
L1W 0HP",Male,Southgate Community & Mental Health NHS Trust,Black,Nigeria,ILR,Nursing,Nursery Nurse,Surgery & Cancer,2,12.46,2017-05-21,2017-06-18,30.0,0.8,NMC,Permanent,Active,JC201513,2030-04-23,CL814450,2031-04-25,2026-12-26,2017-06-11
EMP0646-20260916_215023,Jessica,Bates,savagesuzanne@example.com,1986-10-22,0161 4960510,"477 Doyle Freeway
Woodsview
L9 0RF",Female,Midlands Central Hospitals NHS Trust,White,New Zealand,British Citizen,Nursing,Charge Nurse,Clinical Support Services,7,32.51,2018-07-15,2018-08-12,20.0,0.53,HCPC,Bank,Suspended,TM637911,2029-01-29,AP001955,2027-09-18,2027-02-19,2018-08-05
EMP0647-20260916_215023,Darren,Iqbal,adam89@example.net,2006-12-03,01314960776,"Flat 99
Dean Viaduct
Carolmouth
S38 1EH",Female,Oakridge Community Services NHS Trust,Mixed,South Africa,Dependent,Admin,Receptionist,Surgery & Cancer,3,14.68,2018-07-16,2018-08-27,15.0,0.4,HCPC,Fixed Term,Active,IR911940,2027-11-03,LJ295682,2028-03-23,2027-05-12,2018-08-06
EMP0648-20260916_215023,Susan,Holloway,vellis@example.net,2002-04-10,09098790409,"480 Hammond Parkway
Lake Guyton
G41 2ND",Female,Northshire University Hospitals NHS Trust,Mixed,United Kingdom,Skilled Worker,Admin,Receptionist,Critical Care & Anaesthesia,3,14.8,2019-04-24,2019-05-29,37.5,1.0,GMC,Bank,Suspended,VM604608,2030-06-10,XZ696959,2029-09-19,2027-08-30,2019-05-15
EMP0649-20260916_215023,Jay,Thomas,joanbaker@example.org,1977-01-12,0118 496 0272,"0 Jane Coves
West Leanne
SN2H 4FL",Female,Westmere Community Health NHS Trust,Mixed,Kenya,British Citizen,Admin,Data Analyst,Corporate Services,8A,33.65,2018-08-26,2018-09-30,20.0,0.53,HCPC,Permanent,Suspended,CI444667,2027-06-04,RA861343,2031-09-01,2027-03-28,2018-09-16
EMP0650-20260916_215023,Rosemary,Price,stewart07@example.org,1984-09-10,0131 496 0169,"Flat 09Q
Davis Garden
Lake Beth
S6 0SG",Male,Riverside Integrated Care NHS Trust,White,Canada,ILR,AHP,Speech Therapist,Medicine & Acute Care,6,25.0,2021-03-10,2021-04-14,15.0,0.4,None,Bank,Suspended,IP219956,2028-04-27,FO724453,2029-05-05,2027-08-10,2021-03-31
EMP0651-20260916_215023,Russell,Hammond,kennethward@example.org,2008-06-02,0118 4960325,"0 Allan Locks
Rickyborough
E14 4AY",Male,Southvale Hospitals NHS Trust,Asian,Japan,Skilled Worker,Nursing,Staff Nurse,Critical Care & Anaesthesia,5,20.88,2018-09-17,2018-10-22,30.0,0.8,HCPC,Permanent,Inactive,KZ881432,2027-02-26,ES846718,2031-02-02,2026-09-27,2018-10-08
EMP0652-20260916_215023,Janice,Rowley,mohammed82@example.com,1993-05-29,0161 4960110,"Studio 57M
Dale Alley
Willismouth
PE3N 9BZ",Female,Westborough Acute Care NHS Trust,White,United Kingdom,Skilled Worker,Admin,Medical Secretary,Women & Children,4,16.93,2018-04-30,2018-06-11,15.0,0.4,None,Fixed Term,Inactive,HZ588345,2029-08-26,KH297299,2030-12-28,2027-04-22,2018-05-21
EMP0653-20260916_215023,Phillip,Howard,gavin21@example.org,1999-11-02,0114 4960347,"Studio 37J
Gould Crescent
New Matthew
HD80 9LX",Female,Westmere Community Health NHS Trust,Black,Ghana,Dependent,Nursing,Staff Nurse,Corporate Services,5,19.41,2024-12-29,2025-02-09,20.0,0.53,NMC,Fixed Term,On Leave,HA134189,2031-08-22,MB137809,2028-08-29,2026-10-22,2025-01-19
EMP0654-20260916_215023,Maria,Mason,charlotte90@example.com,1995-10-15,0115 4960313,"078 Gibbs Inlet
Lake Glenn
G7D 8AL",Male,Northshire University Hospitals NHS Trust,Asian,Japan,Dependent,Admin,Data Analyst,Corporate Services,8A,35.56,2018-10-13,2018-11-17,20.0,0.53,None,Permanent,Suspended,RU508651,2028-08-29,GB745041,2027-11-21,2027-01-11,2018-11-03
EMP0655-20260916_215023,Josephine,Payne,nkhan@example.org,1974-08-14,+44(0)1174960814,"423 Lewis Mall
Garybury
SM15 2RQ",Male,Southgate Community & Mental Health NHS Trust,Asian,China,Dependent,Nursing,Healthcare Assistant,Medicine & Acute Care,2,13.46,2019-10-05,2019-11-09,37.5,1.0,None,Fixed Term,Active,SJ469020,2026-12-07,DL934275,2028-06-29,2027-03-05,2019-10-26
EMP0656-20260916_215023,Abigail,Taylor,doddbethany@example.com,1962-12-26,0306 9990160,"Studio 4
Sutton Inlet
Fletcherhaven
N38 9LE",Male,Greenhaven Acute & Specialist Care NHS Trust,Asian,Thailand,Skilled Worker,AHP,Radiographer,Corporate Services,6,24.41,2023-01-15,2023-02-12,37.5,1.0,None,Fixed Term,Inactive,CW543548,2030-09-06,DS552444,2031-04-02,2027-02-20,2023-02-05
EMP0657-20260916_215023,Holly,Johnson,dylanpope@example.org,1988-10-19,(020)74960977,"611 Glen Locks
Barryberg
ZE6H 1ZA",Female,Midlands Central Hospitals NHS Trust,White,New Zealand,ILR,AHP,Physiotherapist,Surgery & Cancer,6,26.09,2021-12-31,2022-02-11,20.0,0.53,GMC,Permanent,On Leave,DC193141,2028-06-30,MG778332,2029-09-07,2026-11-27,2022-01-21
EMP0658-20260916_215023,Hilary,Ashton,dorothy08@example.org,1999-06-01,+441134960276,"5 Walker Plaza
East Dylanport
LD57 0NJ",Female,Eastmoor Teaching Hospitals NHS Trust,White,Canada,Skilled Worker,Medical,SHO,Critical Care & Anaesthesia,SHO,26.0,2024-12-19,2025-01-30,20.0,0.53,NMC,Bank,Suspended,CJ672356,2027-08-26,XB384696,2027-01-05,2027-02-25,2025-01-09
EMP0659-20260916_215023,Edward,Middleton,annagordon@example.org,1971-11-30,+4428 9018 0390,"15 Barber Prairie
Mitchellville
G86 8QW",Male,Westborough Acute Care NHS Trust,Mixed,Trinidad and Tobago,Skilled Worker,AHP,Occupational Therapist,Critical Care & Anaesthesia,6,26.25,2023-11-15,2023-12-20,18.75,0.5,NMC,Fixed Term,Inactive,HX889425,2028-12-30,TO829546,2027-06-17,2027-03-22,2023-12-06
EMP0660-20260916_215023,Peter,Chamberlain,janice87@example.com,1987-08-11,+44(0)1632 960280,"Flat 5
Carter Squares
Lake Alan
ML6B 1TR",Female,Westmere Community Health NHS Trust,Black,Kenya,ILR,Admin,Data Analyst,Emergency & Urgent Care,8A,31.04,2020-12-20,2021-01-31,15.0,0.4,None,Bank,Inactive,EE074906,2030-07-23,AC294782,2028-09-13,2027-04-01,2021-01-10
EMP0661-20260916_215023,Elaine,Leonard,leah25@example.com,1998-11-03,(0306) 999 0191,"Flat 66
Declan Oval
Louisemouth
B5S 0GH",Female,Hillcrest Medical Centres NHS Trust,Mixed,South Africa,Skilled Worker,Admin,Administrator,Medicine & Acute Care,3,14.52,2023-11-28,2024-01-02,18.75,0.5,GMC,Fixed Term,On Leave,EG164077,2028-08-24,TZ952703,2028-05-06,2027-04-24,2023-12-19
EMP0662-20260916_215023,Joseph,Lane,paula84@example.net,1968-05-12,+44(0)1174960183,"Flat 57
Elizabeth Path
Port William
L6K 9SP",Male,Meadowbrook Community Health NHS Trust,Black,Nigeria,British Citizen,AHP,Physiotherapist,Medicine & Acute Care,6,24.1,2019-11-09,2019-12-21,30.0,0.8,NMC,Permanent,Inactive,WN250509,2030-03-22,IH242473,2031-04-23,2027-06-10,2019-11-30
EMP0663-20260916_215023,Alexander,Parker,jasonbriggs@example.org,1962-06-14,028 9018531,"843 Allen Wells
West Gareth
W70 7NU",Male,Lakeside District Hospitals NHS Trust,Asian,China,Skilled Worker,Medical,Consultant,Medicine & Acute Care,CONS,49.81,2023-10-22,2023-11-19,30.0,0.8,None,Bank,Inactive,EN267100,2026-12-10,JK593242,2029-11-23,2026-10-28,2023-11-12
EMP0664-20260916_215023,Victoria,Collins,eleanorprice@example.net,1978-02-07,+44(0)29 2018 0878,"Studio 15X
Clark Square
Grahamshire
LN9 8UP",Female,Riverbank General Hospitals NHS Trust,White,United Kingdom,British Citizen,Medical,SHO,Corporate Services,SHO,26.49,2017-03-24,2017-04-21,18.75,0.5,HCPC,Bank,Active,ZY791657,2031-09-09,PQ497297,2030-10-18,2026-10-25,2017-04-14
EMP0665-20260916_215023,James,Bibi,keithsmith@example.org,1984-10-07,+44(0)117 496 0950,"Studio 7
Turner Mission
New Roger
BH3Y 0JN",Female,Bluewater Community & Rehabilitation NHS Trust,White,United States,ILR,AHP,Radiographer,Surgery & Cancer,6,22.65,2023-01-19,2023-03-02,15.0,0.4,None,Permanent,Active,TI565544,2028-12-05,II124542,2030-03-09,2027-08-24,2023-02-09
EMP0666-20260916_215023,Victoria,Roberts,callumaustin@example.org,1965-03-12,(0141)4960355,"Flat 9
Wilson Dam
North Anneborough
NG46 3XE",Female,Southgate Community & Mental Health NHS Trust,Black,Kenya,ILR,Nursing,Charge Nurse,Emergency & Urgent Care,7,30.5,2025-10-28,2025-12-02,37.5,1.0,GMC,Bank,Suspended,DN363749,2029-05-30,ZM091663,2031-02-11,2027-01-18,2025-11-18
EMP0667-20260916_215023,Harry,Byrne,lyndawilson@example.org,1997-07-05,+44(0)1914960008,"Studio 74
Carter Coves
Maureenshire
CB8A 9LX",Female,Oakridge Community Services NHS Trust,White,Canada,British Citizen,Nursing,Healthcare Assistant,Critical Care & Anaesthesia,2,12.89,2019-12-17,2020-01-21,15.0,0.4,NMC,Permanent,Suspended,TQ929856,2028-03-21,JO873273,2027-04-23,2027-01-21,2020-01-07
EMP0668-20260916_215023,Sally,Grant,donald38@example.com,1981-10-24,+44306 9990990,"406 Connor Throughway
Guyport
CR69 9TG",Female,Valleyview Mental Wellness NHS Trust,Black,Jamaica,Skilled Worker,AHP,Pharmacist,Critical Care & Anaesthesia,5,20.44,2019-04-19,2019-05-31,20.0,0.53,None,Fixed Term,Inactive,LJ121219,2031-07-31,MD659530,2030-12-02,2026-10-26,2019-05-10
EMP0669-20260916_215023,Terry,Smith,nhughes@example.org,2000-09-24,+44808 157 0738,"68 Hall Rue
Normanstad
DE7 8EU",Male,Northwood Mental Health NHS Trust,Asian,Thailand,British Citizen,Admin,Receptionist,Critical Care & Anaesthesia,3,15.88,2018-01-07,2018-02-11,30.0,0.8,None,Fixed Term,Suspended,TC199837,2030-07-22,CX747979,2031-02-15,2027-06-29,2018-01-28
EMP0670-20260916_215023,Jeremy,Hicks,simpsonmarcus@example.org,1973-07-26,+44117 4960978,"Studio 8
Craig Plaza
Port Joseph
WV6B 3QD",Female,Bluewater Community & Rehabilitation NHS Trust,White,Canada,British Citizen,Nursing,Senior Staff Nurse,Surgery & Cancer,6,26.26,2022-10-05,2022-11-09,20.0,0.53,None,Bank,Inactive,ZQ178820,2030-10-02,WE282034,2030-06-12,2027-01-03,2022-10-26
EMP0671-20260916_215023,Sylvia,Spencer,gsaunders@example.net,1983-04-19,(0116)4960728,"Studio 74
Peters Rapids
Denisechester
UB9 1NU",Male,Riverside Integrated Care NHS Trust,White,New Zealand,ILR,AHP,Occupational Therapist,Critical Care & Anaesthesia,6,28.14,2018-06-10,2018-07-08,30.0,0.8,None,Permanent,Suspended,KQ131481,2028-10-18,EJ299471,2029-11-04,2026-10-18,2018-07-01
EMP0672-20260916_215023,Dylan,Riley,stevensdawn@example.net,1990-12-29,+44289018051,"469 Morris Center
East Elaine
CT4H 5AN",Female,Eastfield Psychological Services NHS Trust,Black,Barbados,Skilled Worker,Admin,Receptionist,Critical Care & Anaesthesia,3,13.97,2016-12-02,2017-01-13,30.0,0.8,NMC,Fixed Term,Active,HJ042009,2030-11-27,AT556258,2028-08-01,2027-03-18,2016-12-23
EMP0673-20260916_215023,Stanley,Martin,thomasjack@example.org,1965-04-27,+44(0)808 157 0418,"Flat 15O
Weston Centers
North Donna
DY62 9GH",Female,Oakridge Community Services NHS Trust,White,United States,Skilled Worker,Medical,GP,Surgery & Cancer,GP,54.58,2017-02-28,2017-03-28,15.0,0.4,GMC,Fixed Term,Inactive,JV065551,2031-07-05,KT411245,2028-07-16,2026-11-20,2017-03-21
EMP0674-20260916_215023,Mark,Wood,steelechristian@example.com,1970-02-05,0115 496 0376,"5 Laura Track
West Lynnfort
RM8W 2XW",Female,Westborough Acute Care NHS Trust,White,Canada,British Citizen,Admin,Administrator,Emergency & Urgent Care,3,15.01,2021-03-24,2021-05-05,20.0,0.53,None,Permanent,Inactive,FJ265609,2028-04-07,GY527022,2026-11-05,2027-07-09,2021-04-14
EMP0675-20260916_215023,Charles,Pearce,ctalbot@example.net,1979-12-02,020 7946 0713,"Studio 2
Kelly Cliffs
Hammondberg
HA57 5AF",Female,Eastfield Psychological Services NHS Trust,Asian,China,ILR,AHP,Speech Therapist,Emergency & Urgent Care,6,26.92,2026-05-31,2026-07-12,37.5,1.0,HCPC,Bank,Inactive,LU066515,2027-06-08,QN180786,2027-02-11,2026-10-19,2026-06-21
EMP0676-20260916_215023,Gerald,Williams,hollie61@example.com,2001-08-03,+443069990557,"Studio 57k
Denise Isle
Wendyfurt
BT9N 3TE",Male,Eastfield Psychological Services NHS Trust,White,United Kingdom,Dependent,AHP,Occupational Therapist,Women & Children,6,27.13,2018-08-08,2018-09-19,18.75,0.5,GMC,Permanent,Inactive,UC230572,2027-04-16,SV175463,2028-07-28,2027-09-10,2018-08-29
EMP0677-20260916_215023,Paul,Wilkinson,ritaallan@example.org,2001-04-12,+44(0)29 2018 0392,"Flat 17
Smith Glens
Hughview
CV8X 4AL",Male,Eastmoor Teaching Hospitals NHS Trust,Black,Jamaica,ILR,Nursing,Healthcare Assistant,Women & Children,2,13.28,2024-08-30,2024-09-27,20.0,0.53,HCPC,Permanent,Inactive,DQ781350,2029-11-15,ME552275,2029-01-18,2027-04-26,2024-09-20
EMP0678-20260916_215023,Julia,Kay,lydia78@example.com,2001-02-11,(0113)4960181,"Studio 16H
Henry Station
East Jayberg
S6 2RD",Female,Westborough Acute Care NHS Trust,Asian,Thailand,Skilled Worker,Medical,FY1/FY2,Corporate Services,FY1,21.0,2017-10-23,2017-12-04,15.0,0.4,GMC,Permanent,On Leave,GD366879,2028-04-21,EB614957,2027-05-01,2026-12-18,2017-11-13
EMP0679-20260916_215023,Hayley,Russell,emmahall@example.net,2007-08-20,+44909 879 0697,"62 Janice Mission
Hortonmouth
M3B 4JH",Female,Greenhaven Acute & Specialist Care NHS Trust,Black,Ghana,ILR,Medical,Consultant,Women & Children,CONS,65.03,2018-07-18,2018-08-15,20.0,0.53,HCPC,Bank,Active,JX190587,2027-06-02,TJ530164,2031-06-14,2026-11-18,2018-08-08
EMP0680-20260916_215023,Linda,Evans,jingram@example.net,2007-11-01,+44(0)8081570146,"Studio 12d
Brown Knoll
Port Kellyshire
N0 9RA",Male,Meadowbrook Community Health NHS Trust,Mixed,Nigeria,British Citizen,Admin,Medical Secretary,Emergency & Urgent Care,4,16.18,2025-05-22,2025-06-26,18.75,0.5,None,Bank,Inactive,NT082406,2028-08-04,BW703643,2031-05-04,2026-09-27,2025-06-12
EMP0681-20260916_215023,Aaron,Jones,emilylynch@example.com,2006-10-17,+44306 999 0063,"Flat 4
Cooke Land
Chanton
DY2 6PH",Female,Bluewater Community & Rehabilitation NHS Trust,White,United States,ILR,Nursing,Senior Staff Nurse,Clinical Support Services,6,22.75,2018-11-26,2019-01-07,15.0,0.4,HCPC,Permanent,Active,JM446428,2029-06-01,MW265210,2030-03-28,2027-08-27,2018-12-17
EMP0682-20260916_215023,Joyce,Khan,jenkinsabigail@example.com,1997-02-07,03069990458,"Studio 23
Clark Mountains
North Joanna
KW7X 7TH",Female,Midlands Central Hospitals NHS Trust,White,New Zealand,Skilled Worker,Medical,FY1/FY2,Medicine & Acute Care,FY1,20.83,2026-02-14,2026-03-28,37.5,1.0,GMC,Permanent,Active,CV117131,2030-08-24,TM501654,2029-06-28,2027-03-18,2026-03-07
EMP0683-20260916_215023,Billy,Coleman,kirsty72@example.net,1971-06-05,+44(0)151 4960409,"3 Christopher Orchard
Marshview
M07 4JH",Male,Northshire University Hospitals NHS Trust,White,United Kingdom,ILR,Medical,Registrar,Emergency & Urgent Care,SPR,36.26,2022-03-25,2022-05-06,37.5,1.0,HCPC,Permanent,Suspended,HY104888,2027-05-17,FE315058,2027-11-26,2027-08-11,2022-04-15
EMP0684-20260916_215023,Charles,Thompson,murrayhayley@example.com,1997-01-15,+44(0)1144960121,"265 Donna Gardens
Debrafurt
RH4E 4GT",Female,Greenhaven Acute & Specialist Care NHS Trust,Mixed,India,Skilled Worker,AHP,Speech Therapist,Surgery & Cancer,6,28.06,2022-02-28,2022-03-28,15.0,0.4,GMC,Fixed Term,Inactive,LZ702480,2030-11-03,EQ614607,2029-06-24,2026-10-06,2022-03-21
EMP0685-20260916_215023,Thomas,Clarke,robin50@example.net,2006-11-06,0117 4960634,"Studio 83y
Julian Mountain
Lake Michael
G27 8UL",Female,Riverside Integrated Care NHS Trust,White,Canada,ILR,Nursing,Ward Manager,Critical Care & Anaesthesia,8A,31.4,2022-06-20,2022-07-18,18.75,0.5,GMC,Permanent,Suspended,AF411201,2030-04-28,RJ370935,2030-10-15,2027-01-14,2022-07-11
EMP0686-20260916_215023,Anthony,Shepherd,danielfletcher@example.com,1987-01-03,+44(0)20 74960849,"506 Gemma Junction
West Lorraine
M64 5BN",Male,Oakridge Community Services NHS Trust,Mixed,Australia,Dependent,Nursing,Senior Staff Nurse,Corporate Services,6,26.57,2020-09-14,2020-10-26,37.5,1.0,None,Permanent,Inactive,ZF438454,2030-07-25,RH964954,2027-05-16,2027-07-16,2020-10-05
EMP0687-20260916_215023,Catherine,Iqbal,tevans@example.org,1968-11-16,0121 4960190,"Studio 03S
Danielle Island
Neilside
KW79 9ZR",Female,Lakeside District Hospitals NHS Trust,Mixed,Ghana,Skilled Worker,Nursing,Staff Nurse,Surgery & Cancer,5,20.01,2023-08-03,2023-09-07,15.0,0.4,GMC,Bank,On Leave,DE828101,2029-04-17,CA807895,2029-10-24,2027-08-13,2023-08-24
EMP0688-20260916_215023,Sylvia,Murray,lturner@example.net,1988-08-07,(0121)4960325,"662 Jason Alley
Junemouth
S2 7ZL",Female,Riverbank General Hospitals NHS Trust,Mixed,Ghana,ILR,Medical,SHO,Women & Children,SHO,26.48,2020-10-22,2020-11-19,37.5,1.0,HCPC,Permanent,On Leave,OK015924,2029-06-21,TW575841,2027-05-23,2026-09-16,2020-11-12
EMP0689-20260916_215023,Graeme,Young,pauline82@example.net,1971-01-05,01914960379,"03 Helen Village
Hudsonhaven
DD48 2ZT",Male,Greenhaven Acute & Specialist Care NHS Trust,White,United States,Dependent,Medical,FY1/FY2,Surgery & Cancer,FY1,19.44,2016-11-22,2016-12-27,30.0,0.8,NMC,Permanent,Suspended,JT715587,2030-06-25,DL315432,2029-07-08,2027-08-22,2016-12-13
EMP0690-20260916_215023,Thomas,Hammond,jackwilliamson@example.net,2002-09-10,+44(0)115 496 0863,"Studio 5
Jessica Creek
New Jenna
CM4 2PJ",Male,Hillcrest Medical Centres NHS Trust,Black,South Africa,Skilled Worker,Nursing,Senior Staff Nurse,Critical Care & Anaesthesia,6,27.69,2024-09-23,2024-10-28,18.75,0.5,NMC,Permanent,On Leave,WT006106,2029-05-11,BN444006,2029-05-06,2026-10-13,2024-10-14
EMP0691-20260916_215023,Lawrence,Lloyd,dcox@example.net,1989-07-19,09098790827,"Studio 08w
Abbott Ports
Craigshire
HA2H 3RW",Male,Southvale Hospitals NHS Trust,White,United Kingdom,British Citizen,Medical,Registrar,Critical Care & Anaesthesia,SPR,36.53,2019-02-12,2019-03-19,18.75,0.5,NMC,Fixed Term,Inactive,MH642544,2027-06-25,ZN598462,2030-11-04,2027-01-12,2019-03-05
EMP0692-20260916_215023,Mohammad,Smith,walshchelsea@example.org,1986-07-14,(0808) 157 0323,"86 Ali Shore
Lake Dennisfort
SN3 2GY",Female,Westborough Acute Care NHS Trust,White,New Zealand,ILR,Medical,SHO,Medicine & Acute Care,SHO,30.15,2021-10-19,2021-11-16,20.0,0.53,None,Fixed Term,On Leave,CQ051630,2030-12-03,FE430575,2029-01-12,2027-03-06,2021-11-09
EMP0693-20260916_215023,Josh,Fowler,mary89@example.com,2003-07-03,+44141 496 0836,"0 Declan Hills
Josephinetown
CH25 5FB",Male,Meadowbrook Community Health NHS Trust,Mixed,Trinidad and Tobago,ILR,Medical,Registrar,Corporate Services,SPR,39.8,2024-01-26,2024-02-23,37.5,1.0,HCPC,Bank,On Leave,SM421056,2031-05-04,PH301926,2029-09-22,2027-01-31,2024-02-16
EMP0694-20260916_215023,Jill,Willis,douglas24@example.org,1992-09-28,0131 496 0400,"6 Emily Extensions
Slaterside
CB3A 8HL",Female,Riverside Integrated Care NHS Trust,Mixed,United States,Skilled Worker,Admin,Receptionist,Critical Care & Anaesthesia,3,13.67,2026-06-30,2026-07-28,30.0,0.8,GMC,Permanent,On Leave,LK842040,2031-01-15,CG466534,2027-08-17,2027-07-26,2026-07-21
EMP0695-20260916_215023,Reece,Jones,bernard40@example.org,1992-07-14,+44(0)1164960826,"422 Natasha Mall
Francisview
SG3H 7WS",Male,Midlands Central Hospitals NHS Trust,Black,South Africa,Skilled Worker,AHP,Pharmacist,Women & Children,5,20.51,2021-09-16,2021-10-21,18.75,0.5,GMC,Permanent,Inactive,IX425308,2029-03-20,GP631029,2029-07-06,2027-06-12,2021-10-07
EMP0696-20260916_215023,Paige,Roberts,kingvalerie@example.com,2002-06-09,0141 496 0861,"Flat 1
Walker Mountain
South Judithberg
EX6V 9PQ",Female,Valleyview Mental Wellness NHS Trust,White,United States,ILR,AHP,Radiographer,Surgery & Cancer,6,24.94,2022-02-04,2022-03-11,37.5,1.0,None,Permanent,On Leave,ST364791,2028-06-05,ZK880643,2030-10-23,2027-04-05,2022-02-25
EMP0697-20260916_215023,Paige,Bull,xbaker@example.com,1999-05-01,01214960268,"50 Turner Village
Josephinestad
S0J 9XF",Male,Hillcrest Medical Centres NHS Trust,Black,South Africa,Dependent,Nursing,Staff Nurse,Women & Children,5,19.05,2022-07-12,2022-08-09,37.5,1.0,None,Bank,Suspended,WI257040,2031-06-26,LH007490,2030-12-04,2027-07-15,2022-08-02
EMP0698-20260916_215023,Maurice,Bevan,darrenadams@example.org,2000-05-27,(0131)4960550,"Studio 77
Derek Rapid
Godfreystad
EH8W 9FY",Female,Oakridge Community Services NHS Trust,Black,South Africa,Skilled Worker,Medical,FY1/FY2,Women & Children,FY1,19.39,2023-03-16,2023-04-27,18.75,0.5,None,Fixed Term,Suspended,NG067485,2029-10-15,QQ776738,2031-02-08,2026-10-02,2023-04-06
EMP0699-20260916_215023,Tony,Jones,hannah12@example.org,1999-03-06,(0141)4960982,"Studio 36
Helen Run
Smithshire
CH6 0BT",Female,Southvale Hospitals NHS Trust,Asian,India,Dependent,Medical,SHO,Surgery & Cancer,SHO,24.43,2020-01-29,2020-02-26,30.0,0.8,NMC,Permanent,Suspended,NA919500,2029-10-21,XL659879,2031-02-09,2026-10-08,2020-02-19
EMP0700-20260916_215023,Cheryl,Jackson,sally37@example.org,1981-10-16,+44(0)118 4960488,"527 Shirley Fields
Naomitown
LU5 1QU",Female,Valleyview Mental Wellness NHS Trust,Asian,India,British Citizen,Nursing,Nursery Nurse,Clinical Support Services,2,14.3,2020-01-07,2020-02-04,37.5,1.0,HCPC,Fixed Term,Inactive,IL355868,2031-03-22,CI862307,2028-02-14,2027-04-16,2020-01-28
EMP0701-20260916_215023,Sarah,Hayward,charlenehall@example.net,1973-12-23,+44141 496 0457,"799 Lord Camp
Williamston
CT8 3FW",Male,Hillcrest Medical Centres NHS Trust,Mixed,New Zealand,Skilled Worker,AHP,Physiologist,Corporate Services,6,25.38,2019-05-09,2019-06-13,37.5,1.0,HCPC,Permanent,Active,OL715106,2030-01-22,ZZ028514,2030-05-16,2027-04-27,2019-05-30
EMP0702-20260916_215023,Connor,Moss,gillian39@example.com,1961-12-24,0121 4960974,"1 Mills Highway
Joeport
N9 1XF",Female,Riverbank General Hospitals NHS Trust,Black,South Africa,ILR,Nursing,Charge Nurse,Clinical Support Services,7,32.7,2018-07-09,2018-08-06,18.75,0.5,NMC,Fixed Term,Inactive,CA630169,2028-05-28,FW230288,2027-02-07,2027-07-28,2018-07-30
EMP0703-20260916_215023,Michael,Hudson,ian81@example.com,1993-01-31,+441164960290,"Flat 43V
Howard Squares
Richardsonshire
N7 7PG",Male,Riverside Integrated Care NHS Trust,Black,South Africa,Dependent,AHP,Pharmacist,Corporate Services,5,19.44,2022-12-15,2023-01-12,15.0,0.4,None,Permanent,Active,WO685583,2031-06-12,NP408371,2028-06-26,2026-11-23,2023-01-05
EMP0704-20260916_215023,Bruce,Mahmood,tonyshort@example.net,1977-09-24,+44114 496 0394,"87 Jessica Club
West Charlie
S1 8WP",Male,Horizon Integrated Health Partnership NHS Trust,White,New Zealand,ILR,AHP,Physiologist,Women & Children,6,23.75,2022-02-27,2022-04-10,18.75,0.5,NMC,Permanent,Suspended,WV305711,2029-09-20,QF315342,2030-05-24,2027-01-29,2022-03-20
EMP0705-20260916_215023,Laura,Gordon,iainyoung@example.net,1974-02-02,+441632 960791,"13 Lynn Walks
Taylorchester
L96 2FL",Female,Southvale Hospitals NHS Trust,Asian,Thailand,ILR,AHP,Pharmacist,Corporate Services,5,22.59,2026-05-27,2026-07-08,15.0,0.4,None,Fixed Term,On Leave,CY454675,2030-01-03,NL543701,2030-07-07,2027-05-08,2026-06-17
EMP0706-20260916_215023,Max,James,mohammad13@example.org,1993-03-19,0808 157 0347,"Studio 43
Doyle Fords
Lake Andrea
ZE81 7LJ",Male,Midlands Central Hospitals NHS Trust,Mixed,United States,ILR,Medical,Consultant,Women & Children,CONS,67.54,2022-08-07,2022-09-11,30.0,0.8,HCPC,Permanent,Active,DU935411,2030-04-02,FP649541,2031-03-03,2027-05-18,2022-08-28
EMP0707-20260916_215023,Gerald,Kay,joanna39@example.com,1993-11-09,0909 8790124,"669 Deborah Mill
Jeffreymouth
E8E 2LH",Female,Eastfield Psychological Services NHS Trust,Asian,Japan,ILR,Nursing,Staff Nurse,Critical Care & Anaesthesia,5,21.53,2021-11-02,2021-11-30,37.5,1.0,HCPC,Permanent,On Leave,LG020702,2027-08-08,YB530982,2031-06-16,2027-04-20,2021-11-23
EMP0708-20260916_215023,Lee,Hussain,lynne03@example.net,1992-02-18,+44121 4960134,"7 Josh Walks
Port Shannon
LU03 4XQ",Male,Riverbank General Hospitals NHS Trust,Asian,Thailand,ILR,Nursing,Ward Manager,Women & Children,8A,29.7,2021-06-03,2021-07-01,30.0,0.8,NMC,Bank,Inactive,EY541990,2028-03-23,SV996978,2028-05-24,2027-08-14,2021-06-24
EMP0709-20260916_215023,Harry,Gough,olivervalerie@example.com,1971-05-06,+44(0)2074960016,"Flat 8
Lawrence Meadows
Markchester
B31 8EF",Male,Horizon Integrated Health Partnership NHS Trust,Mixed,New Zealand,ILR,Admin,Administrator,Medicine & Acute Care,3,13.96,2022-09-13,2022-10-18,30.0,0.8,NMC,Bank,Inactive,HJ693422,2027-09-25,UQ638803,2028-09-10,2026-09-25,2022-10-04
EMP0710-20260916_215023,Sam,Bell,samharvey@example.org,1966-10-15,0151 4960550,"5 Allan Canyon
Mahmoodbury
N4E 3QH",Male,Northwood Mental Health NHS Trust,Black,Trinidad and Tobago,ILR,Admin,Receptionist,Corporate Services,3,14.65,2021-09-06,2021-10-18,30.0,0.8,None,Fixed Term,Inactive,ND665141,2030-06-04,NS016775,2031-07-09,2026-10-07,2021-09-27
EMP0711-20260916_215023,Kevin,Edwards,denis88@example.org,1978-02-03,(028) 9018001,"Studio 77
Joe Mission
Barnesfurt
E61 6WF",Female,Meadowbrook Community Health NHS Trust,White,New Zealand,Dependent,Admin,Administrator,Corporate Services,3,16.38,2022-01-20,2022-03-03,30.0,0.8,HCPC,Bank,Inactive,OR120748,2030-06-08,EO831283,2028-01-26,2026-10-02,2022-02-10
EMP0712-20260916_215023,Danny,Ward,xharris@example.org,2002-10-05,+44(0)141 496 0264,"1 Fox Oval
Lake Ashleyberg
B42 5EY",Male,Northshire University Hospitals NHS Trust,Asian,Japan,Skilled Worker,AHP,Radiographer,Critical Care & Anaesthesia,6,27.67,2024-03-13,2024-04-24,30.0,0.8,GMC,Bank,Suspended,LM807733,2027-09-11,XM567365,2030-08-18,2026-12-09,2024-04-03
EMP0713-20260916_215023,William,Chapman,smithpaige@example.org,2000-01-31,+44(0)115 496 0405,"3 Ward Wall
New Robinmouth
G10 7BX",Male,Broadfield Clinical Services NHS Trust,White,Canada,British Citizen,AHP,Radiographer,Medicine & Acute Care,6,24.26,2022-10-18,2022-11-22,30.0,0.8,NMC,Permanent,Inactive,MB224053,2031-06-29,OD283533,2030-12-18,2027-08-27,2022-11-08
EMP0714-20260916_215023,Frances,King,alanjames@example.com,1989-09-27,+44(0)118 4960645,"Studio 47b
Hurst Locks
East Nathan
TQ55 0BR",Male,Northshire University Hospitals NHS Trust,Asian,Japan,British Citizen,Medical,SHO,Surgery & Cancer,SHO,26.69,2020-04-19,2020-05-31,30.0,0.8,NMC,Permanent,Inactive,SS152063,2029-02-18,OL400653,2027-06-17,2027-08-28,2020-05-10
EMP0715-20260916_215023,Gareth,Ward,maureen66@example.com,2007-12-22,+44(0)29 2018793,"Studio 0
Kyle Union
Owenstad
L31 0UE",Female,Southgate Community & Mental Health NHS Trust,White,United States,ILR,Nursing,Healthcare Assistant,Clinical Support Services,2,13.36,2025-08-30,2025-10-04,37.5,1.0,None,Fixed Term,Inactive,FK174718,2029-07-19,GU502355,2027-08-14,2026-12-16,2025-09-20
EMP0716-20260916_215023,Bruce,Clarke,tina25@example.com,1991-09-30,0113 4960475,"Studio 09H
Robinson Stream
Lake Jackmouth
CO5 8BS",Male,Broadfield Clinical Services NHS Trust,Mixed,China,Skilled Worker,Nursing,Healthcare Assistant,Surgery & Cancer,2,13.16,2023-05-12,2023-06-16,37.5,1.0,None,Permanent,Inactive,VM326931,2030-12-05,EP736959,2026-12-26,2027-06-03,2023-06-02
EMP0717-20260916_215023,Ronald,Charlton,milesbruce@example.com,2004-10-11,0116 4960372,"47 Murphy Springs
Sianburgh
FK07 1LD",Female,Midlands Central Hospitals NHS Trust,Mixed,India,Skilled Worker,Medical,Registrar,Surgery & Cancer,SPR,42.14,2020-04-20,2020-06-01,18.75,0.5,HCPC,Fixed Term,Active,NY948021,2027-11-14,UJ311838,2028-03-09,2027-02-19,2020-05-11
EMP0718-20260916_215023,Mary,Jennings,wallaceduncan@example.org,1973-03-05,0114 4960358,"Flat 29C
Goddard Neck
Hansonfort
CB87 6HE",Male,Valleyview Mental Wellness NHS Trust,Mixed,Ghana,ILR,Admin,Receptionist,Clinical Support Services,3,15.21,2022-07-01,2022-08-12,20.0,0.53,None,Bank,On Leave,PE539750,2027-08-13,WU266975,2031-03-26,2026-10-02,2022-07-22
EMP0719-20260916_215023,Andrea,Jones,nathanoconnor@example.org,2002-01-29,+44(0)1154960106,"6 Lewis Cape
Lake Maryberg
G9J 7GA",Male,Northwood Mental Health NHS Trust,Mixed,Ghana,Dependent,Nursing,Charge Nurse,Medicine & Acute Care,7,27.18,2018-04-23,2018-06-04,30.0,0.8,None,Permanent,Suspended,MH803462,2027-03-15,LI408602,2028-12-26,2027-06-19,2018-05-14
EMP0720-20260916_215023,Hugh,Hall,leighstevens@example.com,1966-11-17,029 2018346,"99 Martin Motorway
Dalybury
NP99 4PG",Male,Southgate Community & Mental Health NHS Trust,Mixed,Thailand,Dependent,Medical,Consultant,Critical Care & Anaesthesia,CONS,63.22,2018-06-01,2018-07-06,37.5,1.0,NMC,Fixed Term,On Leave,FF241055,2028-04-12,FH911384,2028-01-28,2027-08-14,2018-06-22
EMP0721-20260916_215023,Kelly,Pearce,bwoodward@example.com,2006-09-01,0808 1570589,"73 Hanson Fall
West Chloe
DE6P 9NL",Male,Westmere Community Health NHS Trust,Black,Ghana,ILR,Admin,Receptionist,Medicine & Acute Care,3,15.33,2018-11-26,2018-12-31,37.5,1.0,None,Permanent,On Leave,ES672717,2030-12-06,HC683570,2027-08-02,2027-03-27,2018-12-17
EMP0722-20260916_215023,Dean,Wright,nread@example.net,2005-10-21,0808 157 0003,"972 Kayleigh Fords
Lynnemouth
N94 3QH",Male,Oakridge Community Services NHS Trust,Mixed,Kenya,Dependent,AHP,Occupational Therapist,Medicine & Acute Care,6,23.14,2025-02-22,2025-03-22,30.0,0.8,GMC,Permanent,Active,OP389018,2030-01-14,YP568149,2028-02-08,2027-08-02,2025-03-15
EMP0723-20260916_215023,Tom,Campbell,palmerrussell@example.net,2003-05-09,0161 4960188,"Flat 49R
Alice Plains
New Sarahburgh
S88 8LA",Female,Riverbank General Hospitals NHS Trust,Asian,India,British Citizen,Nursing,Charge Nurse,Women & Children,7,26.7,2020-05-17,2020-06-21,15.0,0.4,None,Permanent,Active,HU144992,2027-06-23,AK477420,2030-09-19,2027-04-18,2020-06-07
EMP0724-20260916_215023,Edward,Watson,jean84@example.com,1978-11-15,+44(0)161 4960238,"622 Molly Crossing
East Abdul
PO5Y 5DB",Female,Broadfield Clinical Services NHS Trust,Black,Trinidad and Tobago,ILR,Nursing,Ward Manager,Emergency & Urgent Care,8A,32.67,2022-04-17,2022-05-15,15.0,0.4,NMC,Bank,Suspended,QB410683,2030-04-22,JA290675,2029-12-08,2026-12-20,2022-05-08
EMP0725-20260916_215023,Patricia,Scott,obarnett@example.net,1993-08-17,+44(0)118 4960676,"Studio 62F
Jasmine Orchard
Lucymouth
L3 2YU",Female,Westmere Community Health NHS Trust,White,Canada,British Citizen,Nursing,Ward Manager,Emergency & Urgent Care,8A,29.49,2024-03-31,2024-05-05,30.0,0.8,NMC,Fixed Term,Active,FK078011,2029-06-16,QE700527,2030-08-19,2027-07-07,2024-04-21
EMP0726-20260916_215023,Anna,Chamberlain,hilarybowen@example.org,1966-04-13,(028) 9018804,"Flat 0
Richardson Pines
South Lisa
B2 9AP",Female,Northwood Mental Health NHS Trust,White,Canada,ILR,Nursing,Charge Nurse,Surgery & Cancer,7,31.41,2018-12-23,2019-02-03,15.0,0.4,HCPC,Fixed Term,On Leave,JE062752,2029-07-11,PF144242,2030-10-20,2026-12-25,2019-01-13
EMP0727-20260916_215023,Owen,Bentley,hallen@example.com,1995-01-12,+441214960616,"Flat 57
Holly Fall
South Kimborough
AL99 4DA",Female,Valleyview Mental Wellness NHS Trust,Mixed,New Zealand,Skilled Worker,Nursing,Senior Staff Nurse,Clinical Support Services,6,27.4,2023-10-20,2023-11-24,15.0,0.4,None,Permanent,Inactive,XT182536,2031-01-18,WD621490,2029-01-12,2027-05-14,2023-11-10
EMP0728-20260916_215023,Natasha,Lee,joe84@example.com,1962-02-04,+442074960665,"85 Smith Courts
Alisonchester
LE9 8SN",Male,Broadfield Clinical Services NHS Trust,Asian,China,ILR,Nursing,Nursery Nurse,Emergency & Urgent Care,2,12.96,2020-09-25,2020-11-06,20.0,0.53,None,Bank,Inactive,OT666771,2030-11-26,IY098025,2027-06-03,2027-06-20,2020-10-16
EMP0729-20260916_215023,Joanne,Phillips,annette66@example.net,1970-08-06,+4429 2018 0329,"Studio 19
Parry Manor
Dalystad
S2U 6PR",Female,Hillcrest Medical Centres NHS Trust,Asian,China,ILR,Nursing,Senior Staff Nurse,Critical Care & Anaesthesia,6,24.2,2018-12-22,2019-02-02,37.5,1.0,HCPC,Bank,Suspended,IZ857759,2026-10-31,NK127827,2031-01-23,2027-08-19,2019-01-12
EMP0730-20260916_215023,Gavin,Reid,bethgraham@example.org,2007-05-11,+44(0)116 4960423,"6 Anne Curve
Port Vanessa
W52 5GZ",Male,Horizon Integrated Health Partnership NHS Trust,White,United States,Skilled Worker,Nursing,Nursery Nurse,Critical Care & Anaesthesia,2,13.64,2021-01-16,2021-02-27,37.5,1.0,NMC,Fixed Term,Active,CZ439105,2031-01-11,LU486463,2031-03-05,2027-07-28,2021-02-06
EMP0731-20260916_215023,Gavin,Lloyd,janekirk@example.net,1964-06-09,+44(0)289018606,"50 Hobbs Mount
North Joelborough
S0B 8LU",Male,Greenhaven Acute & Specialist Care NHS Trust,Mixed,Jamaica,British Citizen,Admin,Receptionist,Corporate Services,3,13.39,2017-08-20,2017-09-24,30.0,0.8,HCPC,Bank,Inactive,UY329143,2030-05-07,QK051028,2027-08-21,2026-11-21,2017-09-10
EMP0732-20260916_215023,Alex,Brown,odavies@example.net,1993-12-23,+44151 496 0113,"164 Alexander Mountains
Juliaville
S2W 7XN",Male,Horizon Integrated Health Partnership NHS Trust,Mixed,United States,Skilled Worker,Medical,SHO,Medicine & Acute Care,SHO,24.23,2022-04-01,2022-05-06,30.0,0.8,NMC,Bank,On Leave,AY677025,2028-07-31,IN258962,2026-11-07,2027-08-06,2022-04-22
EMP0733-20260916_215023,Sylvia,Taylor,daviesrosie@example.com,1985-06-30,+44(0)1144960348,"916 Farrell Fords
Leeview
N55 8PZ",Female,Hillcrest Medical Centres NHS Trust,Black,Kenya,Dependent,Nursing,Healthcare Assistant,Surgery & Cancer,2,13.79,2019-10-15,2019-11-26,30.0,0.8,GMC,Bank,On Leave,EF688262,2030-06-17,HQ309389,2026-11-12,2027-06-23,2019-11-05
EMP0734-20260916_215023,Scott,Jones,hilary94@example.com,2007-02-16,+44(0)1632 960 037,"Studio 8
Baxter Estate
Port Vincentshire
N2U 2FS",Male,Broadfield Clinical Services NHS Trust,Mixed,Kenya,Dependent,Medical,GP,Corporate Services,GP,51.89,2020-07-13,2020-08-24,30.0,0.8,GMC,Permanent,On Leave,HH725037,2028-01-31,ER455068,2030-05-21,2026-12-23,2020-08-03
EMP0735-20260916_215023,Melanie,Carroll,trevorcole@example.net,1983-02-24,0131 4960112,"Flat 5
James Ramp
Jenniferburgh
HS7 8RB",Male,Eastfield Psychological Services NHS Trust,Black,South Africa,Skilled Worker,AHP,Occupational Therapist,Clinical Support Services,6,23.29,2021-10-20,2021-12-01,30.0,0.8,GMC,Permanent,On Leave,IW394813,2029-03-15,PG888078,2029-07-20,2026-11-18,2021-11-10
EMP0736-20260916_215023,Gemma,Brown,ebaker@example.org,1962-03-31,01174960569,"509 Bennett Forks
Lake Hannah
MK9 5FT",Female,Valleyview Mental Wellness NHS Trust,Asian,India,Skilled Worker,Admin,Receptionist,Surgery & Cancer,3,13.48,2016-12-22,2017-01-19,30.0,0.8,None,Permanent,Inactive,YK908103,2031-03-09,LJ934690,2031-09-01,2026-12-07,2017-01-12
EMP0737-20260916_215023,Leslie,Gould,lmurray@example.org,2001-12-01,01314960723,"Flat 8
Melissa Spring
North Georginaborough
B17 6JA",Female,Meadowbrook Community Health NHS Trust,White,Canada,Dependent,Medical,FY1/FY2,Critical Care & Anaesthesia,FY1,20.92,2017-08-08,2017-09-12,30.0,0.8,NMC,Fixed Term,On Leave,BZ759248,2026-11-30,VT771416,2026-12-20,2026-10-25,2017-08-29
EMP0738-20260916_215023,John,Moore,kathleen85@example.org,1963-12-12,0121 4960559,"Flat 46b
Margaret Pike
Elizabethberg
W21 2QB",Female,Riverbank General Hospitals NHS Trust,Mixed,United Kingdom,Dependent,Medical,Registrar,Corporate Services,SPR,36.36,2018-11-14,2018-12-12,20.0,0.53,NMC,Fixed Term,Suspended,CM684719,2027-11-20,AE426371,2029-01-24,2026-10-12,2018-12-05
EMP0739-20260916_215023,Marie,Smith,elliott91@example.net,2003-08-23,(0161)4960658,"96 Stevens Station
New Jeffreyshire
W4B 4YQ",Male,Westmere Community Health NHS Trust,Asian,Thailand,British Citizen,Medical,Consultant,Medicine & Acute Care,CONS,62.05,2023-10-01,2023-11-12,18.75,0.5,HCPC,Permanent,Active,IM265678,2030-03-14,AZ240654,2026-12-29,2027-07-26,2023-10-22
EMP0740-20260916_215023,Dorothy,Collier,robinsoneleanor@example.org,1962-05-11,+44289018133,"06 Alexander Wall
East Jacob
L3 1PJ",Female,Midlands Central Hospitals NHS Trust,Asian,India,Skilled Worker,Admin,Receptionist,Surgery & Cancer,3,13.95,2018-10-15,2018-11-26,37.5,1.0,NMC,Permanent,Suspended,VP878978,2031-02-15,SL096883,2031-03-25,2027-02-11,2018-11-05
EMP0741-20260916_215023,Bethany,Schofield,xbriggs@example.org,1961-12-21,(020) 7496 0617,"4 Wilson Ports
Heathville
B4 9GY",Female,Horizon Integrated Health Partnership NHS Trust,Asian,India,British Citizen,Admin,Administrator,Surgery & Cancer,3,13.72,2023-04-09,2023-05-07,18.75,0.5,NMC,Bank,On Leave,SC594575,2027-11-11,CK209560,2029-02-12,2027-06-19,2023-04-30
EMP0742-20260916_215023,Philip,Chambers,sam48@example.net,1987-10-18,01632960191,"556 Bartlett Mountain
Sallymouth
M4 7ZQ",Female,Westborough Acute Care NHS Trust,White,United States,ILR,Nursing,Nursery Nurse,Emergency & Urgent Care,2,12.32,2023-08-15,2023-09-26,30.0,0.8,NMC,Bank,Suspended,ZF086764,2027-03-28,XR343932,2028-01-29,2027-03-19,2023-09-05
EMP0743-20260916_215023,Marcus,Francis,vmiller@example.com,1992-05-18,+44161 4960040,"3 Colin Landing
Arthurstad
G4 3TA",Female,Southvale Hospitals NHS Trust,Asian,China,British Citizen,AHP,Physiologist,Clinical Support Services,6,24.96,2020-12-08,2021-01-19,20.0,0.53,NMC,Permanent,Inactive,PB052576,2030-09-07,JM465015,2030-05-25,2027-05-28,2020-12-29
EMP0744-20260916_215023,Gary,Edwards,godfreytracey@example.com,1982-08-03,+44(0)114 4960946,"Studio 30
Jason Walks
Port Abigail
W70 9PT",Female,Lakeside District Hospitals NHS Trust,Black,Nigeria,Dependent,Medical,SHO,Medicine & Acute Care,SHO,28.35,2026-05-10,2026-06-07,20.0,0.53,None,Permanent,Suspended,HV486743,2028-03-06,HE800471,2031-01-05,2026-10-20,2026-05-31
EMP0745-20260916_215023,Stephen,Read,benjaminperry@example.com,1984-07-18,(0115) 4960775,"3 Johnson Spring
Rogerschester
RG4 6XX",Female,Riverside Integrated Care NHS Trust,Mixed,New Zealand,Skilled Worker,AHP,Radiographer,Emergency & Urgent Care,6,26.28,2017-01-06,2017-02-17,20.0,0.53,None,Fixed Term,Inactive,ZH658507,2029-07-03,ES621833,2030-09-28,2026-11-10,2017-01-27
EMP0746-20260916_215023,Amanda,Robinson,adamsfrank@example.net,1962-10-06,(01632)960572,"17 Clive Crossroad
Jaynefort
KA5R 4WU",Female,Greenhaven Acute & Specialist Care NHS Trust,Black,Jamaica,Dependent,Medical,GP,Medicine & Acute Care,GP,50.99,2022-04-29,2022-05-27,37.5,1.0,GMC,Permanent,Suspended,EJ607782,2029-04-02,TD301077,2028-06-21,2027-05-16,2022-05-20
EMP0747-20260916_215023,Pauline,Thompson,tmitchell@example.org,1971-09-26,+44(0)191 496 0720,"8 Graham Mission
Staceystad
UB08 2LY",Male,Lakeside District Hospitals NHS Trust,Asian,China,Skilled Worker,AHP,Pharmacist,Surgery & Cancer,5,20.95,2023-12-24,2024-01-21,15.0,0.4,GMC,Permanent,Suspended,AQ096928,2031-07-20,AL019244,2029-12-30,2027-01-06,2024-01-14
EMP0748-20260916_215023,Russell,Martin,cdaly@example.org,1999-10-08,02074960808,"19 Naomi Forges
Williamsland
SR9M 4DN",Male,Bluewater Community & Rehabilitation NHS Trust,White,United States,Skilled Worker,Nursing,Senior Staff Nurse,Emergency & Urgent Care,6,26.91,2020-08-15,2020-09-26,15.0,0.4,NMC,Permanent,Active,UV924699,2031-05-24,BJ162981,2030-09-05,2027-05-26,2020-09-05
EMP0749-20260916_215023,Timothy,Davies,aaron40@example.net,1976-05-04,(0808) 1570902,"6 Frances Streets
Glennville
N4 9NH",Male,Midlands Central Hospitals NHS Trust,Black,Trinidad and Tobago,Dependent,Medical,GP,Medicine & Acute Care,GP,50.57,2018-09-23,2018-10-28,18.75,0.5,HCPC,Fixed Term,On Leave,GA030117,2029-04-17,XF285032,2028-05-18,2026-11-17,2018-10-14
EMP0750-20260916_215023,Connor,Davies,jodie35@example.net,1995-07-18,+44131 4960195,"87 Brennan Gateway
New Josephside
G46 7BA",Female,Southvale Hospitals NHS Trust,White,United States,British Citizen,AHP,Occupational Therapist,Women & Children,6,25.83,2016-12-20,2017-01-17,18.75,0.5,NMC,Permanent,On Leave,TF593433,2027-01-16,BT691666,2030-04-15,2027-09-08,2017-01-10
EMP0751-20260916_215023,Connor,Hunter,prestonjordan@example.org,2004-12-26,(0117) 4960297,"Flat 94g
Smith Island
Gavinberg
UB9P 3SF",Male,Riverbank General Hospitals NHS Trust,Black,Trinidad and Tobago,ILR,AHP,Physiologist,Clinical Support Services,6,22.57,2021-08-09,2021-09-20,18.75,0.5,GMC,Permanent,Active,VI421891,2027-03-25,CA608243,2028-04-02,2027-02-19,2021-08-30
EMP0752-20260916_215023,Stephanie,Martin,vincenthunt@example.net,1993-07-22,0141 4960179,"Flat 52D
Alex Isle
Joneshaven
LE2A 0RF",Male,Riverside Integrated Care NHS Trust,White,Australia,British Citizen,AHP,Occupational Therapist,Medicine & Acute Care,6,22.72,2025-08-28,2025-09-25,20.0,0.53,NMC,Permanent,On Leave,MV113531,2027-10-18,IX979580,2027-03-28,2027-07-17,2025-09-18
EMP0753-20260916_215023,Lucy,Williams,vkaur@example.net,2004-09-09,(0118)4960838,"Flat 47
Williams Fords
Port Albertchester
E91 2ZH",Male,Northwood Mental Health NHS Trust,Black,Nigeria,British Citizen,AHP,Speech Therapist,Clinical Support Services,6,26.91,2025-09-13,2025-10-25,37.5,1.0,None,Bank,Active,NA716324,2026-11-05,ZW814175,2029-05-01,2027-04-14,2025-10-04
EMP0754-20260916_215023,Mathew,Ward,rachelbevan@example.net,1982-03-10,01184960553,"Flat 13
Jake Crest
Adrianburgh
SO90 2QL",Female,Southgate Community & Mental Health NHS Trust,White,Canada,ILR,Admin,Administrator,Surgery & Cancer,3,13.74,2026-04-24,2026-06-05,20.0,0.53,HCPC,Bank,Inactive,SR517798,2026-12-08,LG604194,2031-01-06,2026-11-26,2026-05-15
EMP0755-20260916_215023,Caroline,Cox,tball@example.org,1990-07-07,(0117)4960806,"Studio 37I
Doyle Crossing
Hamiltonville
M31 9QL",Male,Bluewater Community & Rehabilitation NHS Trust,Asian,Japan,Dependent,Nursing,Charge Nurse,Corporate Services,7,30.95,2026-08-20,2026-09-24,20.0,0.53,HCPC,Bank,On Leave,YK795081,2029-02-03,IU796001,2027-12-20,2027-05-20,2026-09-10
EMP0756-20260916_215023,Sam,Davis,pamelamann@example.com,2003-12-12,+44(0)1154960013,"865 Chapman Mill
South Denisburgh
B3 5SD",Female,Riverside Integrated Care NHS Trust,Asian,China,British Citizen,Nursing,Senior Staff Nurse,Critical Care & Anaesthesia,6,27.62,2023-08-10,2023-09-21,30.0,0.8,GMC,Permanent,Suspended,PN401047,2028-12-20,BP920925,2031-05-24,2027-08-01,2023-08-31
EMP0757-20260916_215023,Mohammad,French,ljones@example.net,1988-01-06,+44(0)121 4960659,"073 Adams Lake
Shanemouth
G7T 4AS",Female,Westborough Acute Care NHS Trust,Asian,India,Dependent,Nursing,Staff Nurse,Critical Care & Anaesthesia,5,22.17,2026-03-26,2026-04-23,18.75,0.5,GMC,Bank,Active,UU395774,2028-01-10,RA577757,2029-11-11,2027-06-02,2026-04-16
EMP0758-20260916_215023,Nathan,Howell,katy01@example.com,1966-09-07,+4428 9018 0714,"577 Smith Valleys
North Gerardchester
G0H 8ET",Female,Horizon Integrated Health Partnership NHS Trust,Mixed,New Zealand,Dependent,AHP,Radiographer,Medicine & Acute Care,6,22.97,2024-06-07,2024-07-19,20.0,0.53,GMC,Bank,Inactive,SF031975,2030-03-20,XR547656,2030-02-17,2026-12-19,2024-06-28
EMP0759-20260916_215023,Ashleigh,George,iobrien@example.com,2003-02-25,0151 496 0954,"88 Irene Land
Bruceborough
EC7Y 9ZQ",Female,Northwood Mental Health NHS Trust,Mixed,South Africa,ILR,Medical,FY1/FY2,Medicine & Acute Care,FY1,19.46,2025-07-31,2025-09-04,15.0,0.4,GMC,Bank,Inactive,ZO678146,2030-09-19,RH556645,2027-11-26,2027-02-21,2025-08-21
EMP0760-20260916_215023,Adrian,Hammond,lpotter@example.org,1963-01-23,+44(0)9098790999,"4 Saunders Shore
Lawrencetown
BT6 0HX",Female,Westborough Acute Care NHS Trust,White,United States,British Citizen,Nursing,Senior Staff Nurse,Critical Care & Anaesthesia,6,26.03,2018-11-08,2018-12-13,30.0,0.8,GMC,Permanent,Inactive,OM601175,2031-09-12,PO835693,2030-09-08,2027-01-29,2018-11-29
EMP0761-20260916_215023,Frances,Jones,colesgeraldine@example.com,1966-06-04,+44(0)1914960592,"Studio 30
Yates Orchard
South Lucy
B91 8UN",Male,Riverside Integrated Care NHS Trust,White,United States,Dependent,Nursing,Nursery Nurse,Corporate Services,2,12.53,2022-08-20,2022-09-24,37.5,1.0,GMC,Fixed Term,Suspended,EP681440,2026-11-06,ZE314371,2027-12-19,2027-08-18,2022-09-10
EMP0762-20260916_215023,Kelly,Evans,cherylobrien@example.net,1984-08-18,+44114 496 0708,"198 Robert Summit
South Rosemaryburgh
M15 0DU",Female,Greenhaven Acute & Specialist Care NHS Trust,Mixed,United States,British Citizen,Nursing,Healthcare Assistant,Surgery & Cancer,2,14.07,2019-11-22,2019-12-27,18.75,0.5,NMC,Fixed Term,Suspended,NG218519,2027-06-28,WG820699,2031-07-11,2027-08-12,2019-12-13
EMP0763-20260916_215023,Vincent,Elliott,lawrence83@example.net,1996-03-30,+44(0)121 4960945,"8 McLean Ville
Iainberg
SS49 1QD",Female,Northwood Mental Health NHS Trust,Asian,Thailand,ILR,AHP,Pharmacist,Surgery & Cancer,5,21.71,2018-10-17,2018-11-14,37.5,1.0,HCPC,Bank,Suspended,WQ712772,2029-08-02,YL274821,2029-12-17,2026-09-30,2018-11-07
EMP0764-20260916_215023,Gary,Stone,georgerachel@example.net,1978-07-28,01914960353,"Flat 61x
Margaret Junctions
Bradleytown
S89 4XF",Male,Horizon Integrated Health Partnership NHS Trust,Asian,India,ILR,Nursing,Senior Staff Nurse,Women & Children,6,24.79,2021-07-26,2021-09-06,20.0,0.53,GMC,Permanent,Suspended,XQ037712,2028-01-03,ZB323830,2031-01-25,2027-05-17,2021-08-16
EMP0765-20260916_215023,Oliver,Parkes,newtonphilip@example.com,1999-04-28,01632960649,"846 Kathleen Burgs
North Gareth
W01 0BW",Female,Oakridge Community Services NHS Trust,Black,Barbados,Skilled Worker,Medical,FY1/FY2,Clinical Support Services,FY1,20.53,2019-06-22,2019-08-03,20.0,0.53,NMC,Fixed Term,Active,CH699898,2031-03-01,HC552955,2031-09-05,2027-02-10,2019-07-13
EMP0766-20260916_215023,Katy,Clark,shannonbell@example.com,2003-04-16,0114 496 0006,"Flat 1
Katherine Plaza
South Malcolmfurt
G04 3QN",Male,Southvale Hospitals NHS Trust,Asian,China,Skilled Worker,Medical,Consultant,Women & Children,CONS,61.7,2020-06-04,2020-07-09,37.5,1.0,HCPC,Permanent,On Leave,HF744154,2029-03-19,RP367563,2028-10-11,2026-10-19,2020-06-25
EMP0767-20260916_215023,Mathew,Bennett,terence17@example.net,1983-03-13,029 2018518,"Studio 53V
Perry Street
Pooleton
DN90 1UY",Male,Southgate Community & Mental Health NHS Trust,Black,Nigeria,Skilled Worker,Nursing,Healthcare Assistant,Surgery & Cancer,2,13.07,2026-06-07,2026-07-12,37.5,1.0,GMC,Permanent,On Leave,UC349633,2030-01-24,QW994228,2028-07-09,2026-09-25,2026-06-28
EMP0768-20260916_215023,Fiona,Cooper,ehunt@example.com,1972-05-16,+441514960241,"Studio 12
Jarvis Light
East Sophie
HA77 7XR",Male,Riverside Integrated Care NHS Trust,Asian,China,Skilled Worker,Admin,Data Analyst,Clinical Support Services,8A,28.93,2018-03-26,2018-04-23,37.5,1.0,None,Bank,Suspended,DD821123,2030-04-26,QE806982,2029-09-14,2027-09-04,2018-04-16
EMP0769-20260916_215023,Ryan,Mitchell,hlee@example.net,1995-10-18,(0191) 496 0688,"7 Lewis Extensions
Albertmouth
N4 3GF",Male,Hillcrest Medical Centres NHS Trust,Black,Ghana,ILR,Admin,Medical Secretary,Critical Care & Anaesthesia,4,15.6,2024-08-28,2024-10-02,30.0,0.8,NMC,Fixed Term,Inactive,OL942445,2031-04-02,IF955691,2029-08-20,2027-03-17,2024-09-18
EMP0770-20260916_215023,Damian,Young,patrick18@example.net,2002-02-07,+44(0)113 4960032,"Studio 48
Begum Underpass
Rosieland
W5G 2QF",Male,Broadfield Clinical Services NHS Trust,Asian,China,ILR,Medical,FY1/FY2,Emergency & Urgent Care,FY1,20.53,2022-10-07,2022-11-18,15.0,0.4,None,Fixed Term,Suspended,JV943308,2027-04-28,YW678552,2031-05-06,2027-02-01,2022-10-28
EMP0771-20260916_215023,Abigail,Kennedy,jeffreyparkin@example.com,1989-05-23,0191 498 0255,"2 Leonard Well
East Robert
W83 4NZ",Female,Southvale Hospitals NHS Trust,Asian,China,ILR,Nursing,Ward Manager,Women & Children,8A,30.21,2023-08-25,2023-09-22,37.5,1.0,None,Bank,Inactive,QV674999,2028-02-09,BN717068,2030-03-03,2027-05-19,2023-09-15
EMP0772-20260916_215023,William,Miller,chelseawilkins@example.net,1971-01-07,+44(0)306 9990587,"069 Marcus Overpass
Hannahburgh
CB29 3AS",Male,Riverside Integrated Care NHS Trust,Asian,Japan,ILR,Medical,Consultant,Women & Children,CONS,55.1,2017-08-01,2017-09-12,30.0,0.8,GMC,Bank,Inactive,QX603238,2031-05-01,RF212006,2029-01-24,2027-06-13,2017-08-22
EMP0773-20260916_215023,Geraldine,Williams,ccole@example.net,1988-06-22,+441174960408,"Studio 94k
Darren Path
Rosieberg
W7G 7DT",Female,Riverbank General Hospitals NHS Trust,Asian,India,British Citizen,Admin,Administrator,Emergency & Urgent Care,3,13.57,2022-07-13,2022-08-24,30.0,0.8,GMC,Fixed Term,Active,XW133293,2031-07-25,XO519278,2029-03-16,2026-12-01,2022-08-03
EMP0774-20260916_215023,Joe,Hughes,rhys34@example.org,1990-11-30,(0115)4960506,"Flat 10
Derek Prairie
West Leigh
L19 2XG",Male,Eastmoor Teaching Hospitals NHS Trust,Black,Nigeria,Dependent,AHP,Occupational Therapist,Women & Children,6,26.1,2022-05-22,2022-06-19,37.5,1.0,None,Fixed Term,Active,CG283098,2031-02-12,XV849261,2030-05-16,2027-08-20,2022-06-12
EMP0775-20260916_215023,Emily,Green,ojohnston@example.com,1964-05-31,+441184960811,"Studio 99H
Glen Station
South Mauriceborough
DY3 6YU",Female,Horizon Integrated Health Partnership NHS Trust,Black,Kenya,ILR,AHP,Pharmacist,Critical Care & Anaesthesia,5,19.95,2021-12-25,2022-01-29,30.0,0.8,GMC,Permanent,Inactive,LP852557,2030-04-23,SP779973,2029-01-03,2026-11-20,2022-01-15
EMP0776-20260916_215023,Leanne,Hussain,connorcurtis@example.org,1977-09-11,+44114 496 0658,"Studio 91
Cunningham Grove
North Bryan
S0 1LX",Male,Oakridge Community Services NHS Trust,Black,Nigeria,ILR,Nursing,Senior Staff Nurse,Critical Care & Anaesthesia,6,22.63,2021-07-05,2021-08-09,30.0,0.8,HCPC,Fixed Term,Active,MJ707512,2027-11-16,JW955121,2027-01-15,2026-12-15,2021-07-26
EMP0777-20260916_215023,Anne,Sharpe,eleanor74@example.net,1992-11-27,(0161)4960470,"9 Cheryl Shoal
Port Donald
L1 9GU",Female,Midlands Central Hospitals NHS Trust,Black,South Africa,British Citizen,Admin,Data Analyst,Corporate Services,8A,31.74,2021-05-12,2021-06-23,37.5,1.0,NMC,Permanent,Active,LW064708,2030-05-17,BZ646611,2030-03-31,2027-08-12,2021-06-02
EMP0778-20260916_215023,Sally,Rahman,jthompson@example.com,1974-04-15,(01632)960062,"Flat 7
Butler Haven
East Peter
W14 4SL",Male,Riverbank General Hospitals NHS Trust,Mixed,New Zealand,Dependent,Admin,Data Analyst,Surgery & Cancer,8A,32.51,2026-04-02,2026-05-14,18.75,0.5,HCPC,Fixed Term,On Leave,UG249094,2027-12-11,AG628608,2029-04-03,2026-11-12,2026-04-23
EMP0779-20260916_215023,Stephanie,Brown,brenda43@example.org,1969-05-03,01174960693,"Flat 7
Miah Centers
Graemestad
LN9 7AB",Male,Northshire University Hospitals NHS Trust,Black,Ghana,Skilled Worker,Medical,GP,Medicine & Acute Care,GP,59.7,2022-11-12,2022-12-24,30.0,0.8,None,Fixed Term,Suspended,YN809526,2030-04-21,FE444384,2027-07-06,2027-09-07,2022-12-03
EMP0780-20260916_215023,Marcus,Pickering,sandersjeffrey@example.org,1971-12-29,+44121 4960058,"69 James Lane
Lake Teresafort
WV2 4GA",Male,Riverside Integrated Care NHS Trust,Mixed,Trinidad and Tobago,British Citizen,Nursing,Nursery Nurse,Clinical Support Services,2,13.33,2023-06-13,2023-07-25,37.5,1.0,None,Fixed Term,Active,IV159131,2029-12-13,TF864777,2027-09-17,2027-02-19,2023-07-04
EMP0781-20260916_215023,Nicholas,Smith,katie26@example.net,1990-06-13,+44306 9990717,"Studio 66
Bruce Ridges
West Leestad
G0 9HP",Female,Northwood Mental Health NHS Trust,Black,Kenya,Dependent,AHP,Pharmacist,Emergency & Urgent Care,5,19.93,2018-04-30,2018-05-28,37.5,1.0,NMC,Permanent,Inactive,HA227028,2027-07-30,BI192724,2026-12-15,2027-09-02,2018-05-21
EMP0782-20260916_215023,Francis,Jones,andrewsbrandon@example.com,2003-08-25,+44(0)1164960807,"Flat 44
Carol Island
West Dominic
N1C 6DG",Female,Midlands Central Hospitals NHS Trust,Mixed,Kenya,Skilled Worker,Medical,Consultant,Corporate Services,CONS,56.49,2017-11-22,2017-12-27,30.0,0.8,NMC,Bank,Inactive,WO810562,2027-02-25,RP064190,2027-08-06,2027-04-26,2017-12-13
EMP0783-20260916_215023,Bradley,Cross,joanne17@example.org,2003-04-23,+44115 4960163,"Studio 2
June Fields
Forsterfurt
IP4 2JH",Male,Southvale Hospitals NHS Trust,Asian,China,British Citizen,Nursing,Healthcare Assistant,Surgery & Cancer,2,13.01,2024-07-22,2024-08-19,20.0,0.53,None,Bank,Active,WY624454,2028-03-07,OL273146,2030-11-09,2027-05-22,2024-08-12
EMP0784-20260916_215023,William,Fuller,owong@example.com,1982-12-21,+441514960694,"Studio 12C
Morris Plaza
Davidfort
S56 2RE",Male,Hillcrest Medical Centres NHS Trust,White,Australia,ILR,Medical,Registrar,Critical Care & Anaesthesia,SPR,37.56,2023-08-02,2023-09-13,18.75,0.5,GMC,Fixed Term,Inactive,BB052968,2029-04-18,JM192620,2028-08-26,2026-11-29,2023-08-23
EMP0785-20260916_215023,Gemma,Mahmood,brandonlee@example.org,1966-03-29,+44(0)141 4960510,"3 Scott Manors
Christopherburgh
SN8H 0AP",Male,Westmere Community Health NHS Trust,Asian,India,Dependent,Admin,Medical Secretary,Emergency & Urgent Care,4,18.37,2022-09-03,2022-10-08,37.5,1.0,NMC,Permanent,Suspended,JZ559185,2029-08-30,WU790098,2028-10-10,2026-10-22,2022-09-24
EMP0786-20260916_215023,Molly,Payne,janicewilliams@example.com,1978-11-24,03069990545,"Flat 49
Tucker Estates
East Colinfurt
G8 7UG",Female,Horizon Integrated Health Partnership NHS Trust,Black,Nigeria,Skilled Worker,Admin,Receptionist,Critical Care & Anaesthesia,3,13.4,2019-09-06,2019-10-18,15.0,0.4,HCPC,Fixed Term,Suspended,DI944514,2030-08-05,QK750125,2029-12-16,2027-05-15,2019-09-27
EMP0787-20260916_215023,Sarah,Bird,zcarter@example.net,1975-06-24,0114 496 0984,"4 Blackburn Plaza
Fergusonberg
G24 6WT",Female,Northwood Mental Health NHS Trust,Mixed,Thailand,ILR,Nursing,Charge Nurse,Surgery & Cancer,7,29.67,2019-07-28,2019-08-25,20.0,0.53,None,Permanent,Active,HA277191,2026-09-26,QJ884414,2030-05-25,2027-04-30,2019-08-18
EMP0788-20260916_215023,Julie,Gray,bandrews@example.net,1962-03-15,0141 496 0025,"340 Julie Plaza
East Georgiatown
EN8 1HX",Female,Hillcrest Medical Centres NHS Trust,Black,South Africa,British Citizen,Nursing,Ward Manager,Corporate Services,8A,35.66,2019-10-10,2019-11-21,30.0,0.8,NMC,Fixed Term,Inactive,QU137900,2028-06-22,ZE977621,2030-10-22,2027-02-12,2019-10-31
EMP0789-20260916_215023,David,Hunt,aforster@example.net,1985-06-25,0151 496 0800,"Flat 78o
Elizabeth Forest
Denisburgh
N1G 7QG",Male,Meadowbrook Community Health NHS Trust,Asian,China,Dependent,Admin,Receptionist,Medicine & Acute Care,3,15.31,2023-11-25,2023-12-30,18.75,0.5,GMC,Fixed Term,Suspended,BJ249027,2031-02-27,VE615839,2028-10-30,2026-10-05,2023-12-16
EMP0790-20260916_215023,Laura,Patel,shane76@example.com,1980-04-18,020 74960361,"Flat 34g
Martyn Ridges
Wayneton
M5 6BL",Male,Eastmoor Teaching Hospitals NHS Trust,White,New Zealand,British Citizen,Medical,GP,Women & Children,GP,58.88,2021-02-03,2021-03-10,15.0,0.4,GMC,Bank,Active,VC512952,2030-04-23,CT270190,2028-06-15,2026-12-01,2021-02-24
EMP0791-20260916_215023,Yvonne,Birch,cthomson@example.org,1988-02-12,+44(0)292018065,"Flat 04X
Brooks Branch
Marybury
W61 8YY",Male,Eastmoor Teaching Hospitals NHS Trust,Mixed,Ghana,ILR,AHP,Physiotherapist,Surgery & Cancer,6,27.89,2019-08-31,2019-09-28,30.0,0.8,GMC,Bank,Inactive,CX722548,2031-02-04,IZ704680,2026-11-04,2027-04-09,2019-09-21
EMP0792-20260916_215023,Marie,Graham,carolinewilliams@example.net,1972-03-24,+44116 4960925,"22 Martin Ridges
West Joannaborough
N60 9WL",Female,Riverside Integrated Care NHS Trust,Asian,Japan,Dependent,AHP,Radiographer,Clinical Support Services,6,27.12,2024-04-08,2024-05-06,20.0,0.53,NMC,Permanent,Inactive,MD233725,2028-09-11,ID692174,2030-10-24,2027-07-15,2024-04-29
EMP0793-20260916_215023,Katy,Kaur,harrisoncameron@example.net,1966-11-19,09098790593,"Flat 28
Walker Trail
New Heather
B8 4LJ",Male,Greenhaven Acute & Specialist Care NHS Trust,Black,Ghana,Dependent,Admin,Data Analyst,Critical Care & Anaesthesia,8A,34.11,2023-10-02,2023-10-30,20.0,0.53,HCPC,Bank,Suspended,TB248637,2028-08-23,EK272222,2027-09-14,2026-11-05,2023-10-23
EMP0794-20260916_215023,Diana,Newton,mauricedavies@example.com,1989-07-10,0151 496 0192,"81 Baker Flats
Chapmanland
S31 5JW",Female,Lakeside District Hospitals NHS Trust,Black,Trinidad and Tobago,Dependent,Medical,SHO,Medicine & Acute Care,SHO,25.38,2021-01-14,2021-02-25,30.0,0.8,GMC,Permanent,Inactive,VS761017,2028-04-07,HD909644,2028-04-24,2027-04-19,2021-02-04
EMP0795-20260916_215023,Hugh,Lewis,shaunmatthews@example.org,1987-04-07,08081570244,"Flat 93
Shepherd Ranch
Hughesland
BH2Y 4NH",Female,Oakridge Community Services NHS Trust,Asian,Japan,Dependent,Admin,Receptionist,Medicine & Acute Care,3,14.2,2016-11-15,2016-12-13,30.0,0.8,HCPC,Bank,Active,DR452167,2031-02-12,BU165443,2026-12-05,2027-04-02,2016-12-06
EMP0796-20260916_215023,Teresa,Lewis,cali@example.com,1996-03-06,+44151 4960679,"Studio 18v
Frank Courts
New Christopher
M4 7TP",Female,Southvale Hospitals NHS Trust,Asian,India,British Citizen,Admin,Administrator,Women & Children,3,13.71,2026-01-08,2026-02-05,15.0,0.4,HCPC,Bank,Active,XZ627891,2029-02-26,AW948964,2028-10-04,2027-02-15,2026-01-29
EMP0797-20260916_215023,Cheryl,Bond,vwalker@example.com,1989-10-21,+44(0)909 879 0756,"63 Townsend Prairie
South Kyle
N5 0FE",Male,Northwood Mental Health NHS Trust,Asian,China,British Citizen,Medical,Registrar,Critical Care & Anaesthesia,SPR,38.46,2022-06-21,2022-08-02,18.75,0.5,NMC,Permanent,On Leave,OX666388,2026-12-28,TF250713,2028-03-23,2027-04-05,2022-07-12
EMP0798-20260916_215023,Christine,Pritchard,alex31@example.net,1968-09-10,(0113) 4960918,"42 Green Squares
South Allan
L75 3PD",Female,Oakridge Community Services NHS Trust,Mixed,South Africa,ILR,Nursing,Nursery Nurse,Emergency & Urgent Care,2,14.16,2016-12-21,2017-01-25,30.0,0.8,GMC,Fixed Term,Inactive,WO055199,2028-11-16,AT232238,2027-04-08,2027-07-11,2017-01-11
EMP0799-20260916_215023,Kimberley,Steele,njones@example.net,1964-06-25,+44(0)114 4960901,"Studio 01
Harris Mission
Vaughanside
S25 6DG",Male,Westborough Acute Care NHS Trust,Mixed,United States,Skilled Worker,Admin,Administrator,Corporate Services,3,13.35,2022-07-20,2022-08-17,37.5,1.0,HCPC,Fixed Term,Suspended,XR172348,2029-12-14,ZH686089,2031-08-07,2026-11-23,2022-08-10
EMP0800-20260916_215023,Jean,Byrne,deantracy@example.com,1973-05-31,+44(0)191 4960847,"99 Lesley Estates
Joshside
HA7 2LP",Female,Eastmoor Teaching Hospitals NHS Trust,Asian,China,Dependent,Medical,Consultant,Emergency & Urgent Care,CONS,69.15,2023-09-13,2023-10-25,15.0,0.4,HCPC,Permanent,Active,OC610514,2027-12-13,RM548386,2029-09-14,2027-01-01,2023-10-04
EMP0801-20260916_215023,Sally,Smith,moorerebecca@example.com,2007-03-06,(0115) 4960595,"Studio 92
Duncan Drive
Sarafurt
NR3X 0EW",Male,Eastfield Psychological Services NHS Trust,White,United Kingdom,Skilled Worker,Medical,SHO,Surgery & Cancer,SHO,23.78,2025-04-08,2025-05-13,30.0,0.8,NMC,Bank,On Leave,CB142066,2029-12-15,DT245197,2028-01-15,2027-07-06,2025-04-29
EMP0802-20260916_215023,Kathryn,Lawrence,elizabethshah@example.net,1987-03-30,+441614960712,"Studio 73
Roger Rue
Shortmouth
W21 3EL",Female,Westmere Community Health NHS Trust,White,United Kingdom,Skilled Worker,AHP,Speech Therapist,Medicine & Acute Care,6,26.06,2024-06-24,2024-08-05,20.0,0.53,NMC,Fixed Term,Suspended,AX434741,2026-10-19,WW063619,2031-02-14,2027-06-17,2024-07-15
EMP0803-20260916_215023,Hannah,Wilson,sarahevans@example.com,1976-06-02,08081570412,"1 Stevens Rapid
Lake Peterport
E46 4PY",Male,Greenhaven Acute & Specialist Care NHS Trust,Black,Barbados,British Citizen,AHP,Physiotherapist,Medicine & Acute Care,6,26.37,2017-09-09,2017-10-07,30.0,0.8,GMC,Bank,Suspended,LN171106,2030-03-26,XX566365,2027-06-23,2027-01-14,2017-09-30
EMP0804-20260916_215023,Lauren,Hicks,georginamitchell@example.org,1992-09-08,+44(0)9098790993,"Studio 8
Pauline Harbor
Edwardston
S4 3DR",Male,Southgate Community & Mental Health NHS Trust,Black,Nigeria,ILR,Nursing,Charge Nurse,Clinical Support Services,7,28.25,2017-02-19,2017-04-02,37.5,1.0,None,Permanent,Suspended,JI742742,2031-05-10,GA523540,2029-07-12,2027-08-17,2017-03-12
EMP0805-20260916_215023,Jennifer,Perry,tina99@example.net,2002-09-01,+44(0)8081570491,"Flat 8
Hardy Falls
Flynnstad
HX7N 4YD",Male,Hillcrest Medical Centres NHS Trust,Asian,China,Dependent,Admin,Receptionist,Corporate Services,3,15.66,2021-01-18,2021-02-22,18.75,0.5,HCPC,Bank,Inactive,MH429421,2027-02-06,UI364118,2030-01-10,2027-01-31,2021-02-08
EMP0806-20260916_215023,William,Holmes,jack46@example.net,1971-05-05,0161 4960954,"88 Eric Spur
Billyland
G8 9ND",Female,Valleyview Mental Wellness NHS Trust,Black,Nigeria,Skilled Worker,Admin,Medical Secretary,Medicine & Acute Care,4,16.74,2021-05-26,2021-07-07,37.5,1.0,NMC,Permanent,Active,RO118373,2028-06-26,WN223078,2031-08-16,2027-06-13,2021-06-16
EMP0807-20260916_215023,Julie,George,damien06@example.org,2002-05-24,(0115) 4960982,"65 Green Passage
New Judith
W5B 3TQ",Male,Horizon Integrated Health Partnership NHS Trust,Black,Trinidad and Tobago,British Citizen,Admin,Administrator,Clinical Support Services,3,15.68,2024-05-28,2024-07-09,37.5,1.0,HCPC,Fixed Term,Suspended,GQ803467,2029-12-03,PT925427,2027-02-17,2027-05-31,2024-06-18
EMP0808-20260916_215023,Carole,Nicholson,xdonnelly@example.net,2006-11-04,+44161 4960492,"Studio 42U
Cox Mall
North Debra
W55 1NW",Male,Meadowbrook Community Health NHS Trust,Mixed,Kenya,Skilled Worker,AHP,Occupational Therapist,Surgery & Cancer,6,28.0,2020-07-11,2020-08-22,37.5,1.0,NMC,Fixed Term,Active,FO593968,2027-02-14,NY418414,2029-10-03,2026-09-22,2020-08-01
EMP0809-20260916_215023,Josh,Walsh,aliarthur@example.net,2007-07-25,(0808) 1570315,"Studio 5
Carolyn Garden
Mohamedport
DN7 4HW",Female,Northshire University Hospitals NHS Trust,Mixed,Japan,Skilled Worker,AHP,Speech Therapist,Medicine & Acute Care,6,27.03,2021-05-12,2021-06-23,30.0,0.8,GMC,Bank,On Leave,QB330385,2026-10-26,NX394578,2030-02-20,2027-08-25,2021-06-02
EMP0810-20260916_215023,Jeremy,West,marcus85@example.net,1997-05-30,+44(0)3069990736,"67 Evans Common
Mossmouth
IM48 4AU",Male,Westmere Community Health NHS Trust,Asian,India,ILR,Nursing,Ward Manager,Emergency & Urgent Care,8A,34.34,2023-06-27,2023-07-25,15.0,0.4,GMC,Permanent,Suspended,HJ812657,2031-09-03,IO773157,2029-11-07,2026-12-18,2023-07-18
EMP0811-20260916_215023,Ashley,Jones,isingh@example.com,1991-11-01,+441154960035,"Studio 76b
Katy Fords
Freemanberg
PH35 8SY",Female,Northshire University Hospitals NHS Trust,White,United Kingdom,Skilled Worker,Nursing,Senior Staff Nurse,Clinical Support Services,6,27.43,2022-07-22,2022-08-19,15.0,0.4,HCPC,Fixed Term,Inactive,KE870155,2031-01-04,MZ182850,2030-03-12,2026-09-29,2022-08-12
EMP0812-20260916_215023,Natasha,Jones,deborahcarter@example.net,1980-02-07,0141 4960376,"385 Lane Lodge
North Charlie
CO8B 6AX",Male,Meadowbrook Community Health NHS Trust,Asian,Thailand,British Citizen,Admin,Administrator,Surgery & Cancer,3,13.48,2021-05-24,2021-07-05,30.0,0.8,HCPC,Fixed Term,On Leave,DZ456477,2026-10-29,JL465245,2027-06-07,2027-07-31,2021-06-14
EMP0813-20260916_215023,Sophie,Jones,stephenharper@example.org,2006-02-28,0117 496 0799,"6 Morgan Lock
Hudsontown
G6 0TF",Female,Southvale Hospitals NHS Trust,Asian,Thailand,Skilled Worker,Nursing,Healthcare Assistant,Critical Care & Anaesthesia,2,13.07,2020-01-30,2020-02-27,20.0,0.53,NMC,Bank,On Leave,KZ775604,2028-03-08,KG791893,2031-02-16,2027-03-27,2020-02-20
EMP0814-20260916_215023,Kathleen,Brooks,jasminemiller@example.com,1992-03-26,+44(0)115 496 0285,"21 Price Parkway
Edwardfort
EN82 4ZX",Male,Bluewater Community & Rehabilitation NHS Trust,Mixed,United States,Dependent,Medical,Consultant,Clinical Support Services,CONS,52.38,2022-01-28,2022-03-11,37.5,1.0,NMC,Fixed Term,Inactive,OQ075289,2029-07-16,KK761069,2027-03-28,2026-11-16,2022-02-18
EMP0815-20260916_215023,Lynn,Reynolds,juliablackburn@example.net,2000-08-30,+44306 999 0733,"4 Terry Vista
Kieranhaven
G07 4XY",Male,Broadfield Clinical Services NHS Trust,Black,Ghana,ILR,Medical,SHO,Medicine & Acute Care,SHO,28.62,2016-11-23,2016-12-28,20.0,0.53,None,Permanent,On Leave,CT383133,2029-10-25,WQ777114,2028-09-27,2026-09-16,2016-12-14
EMP0816-20260916_215023,Beth,King,whittakergillian@example.net,1991-11-08,(0131) 4960686,"0 Abigail Hill
South Stevenstad
E69 7FA",Female,Oakridge Community Services NHS Trust,Asian,India,British Citizen,Nursing,Ward Manager,Medicine & Acute Care,8A,29.25,2023-06-03,2023-07-08,15.0,0.4,NMC,Permanent,On Leave,KH055407,2026-09-19,MI435944,2028-02-09,2026-11-24,2023-06-24
EMP0817-20260916_215023,Arthur,Newman,stevenwatson@example.org,1971-03-29,0161 4960066,"715 Willis Glens
Brownland
SR79 1ST",Female,Valleyview Mental Wellness NHS Trust,Mixed,Trinidad and Tobago,British Citizen,Nursing,Charge Nurse,Critical Care & Anaesthesia,7,31.26,2022-11-30,2023-01-04,18.75,0.5,NMC,Bank,Suspended,CX687154,2026-09-21,EO118185,2031-08-08,2026-12-30,2022-12-21
EMP0818-20260916_215023,Sheila,Burke,dunnanne@example.org,1990-02-03,0141 4960121,"5 Khan Well
Dominictown
KY28 9ZH",Male,Meadowbrook Community Health NHS Trust,Asian,India,Dependent,Nursing,Ward Manager,Critical Care & Anaesthesia,8A,35.29,2018-10-11,2018-11-22,37.5,1.0,GMC,Fixed Term,Active,BN083979,2030-01-19,FH729647,2031-04-09,2027-02-08,2018-11-01
EMP0819-20260916_215023,Duncan,Brown,wallelliot@example.com,1988-09-01,(0113) 496 0111,"Studio 9
Charlotte Court
Andreaborough
M6C 2XX",Female,Broadfield Clinical Services NHS Trust,Black,Jamaica,Dependent,Admin,Receptionist,Clinical Support Services,3,13.89,2022-02-22,2022-03-29,18.75,0.5,HCPC,Bank,On Leave,RB293171,2026-10-27,RR848247,2027-08-27,2026-12-16,2022-03-15
EMP0820-20260916_215023,Shannon,Jones,harry41@example.com,1992-08-17,0151 4960417,"Studio 40
King Union
West Neil
FY6 8RH",Female,Southgate Community & Mental Health NHS Trust,Asian,India,Skilled Worker,AHP,Physiologist,Emergency & Urgent Care,6,25.3,2022-01-14,2022-02-11,37.5,1.0,NMC,Bank,Suspended,QF290943,2030-12-02,QB378567,2029-03-03,2027-04-20,2022-02-04
EMP0821-20260916_215023,Ben,Wood,kwhite@example.net,1999-05-23,+44(0)2074960573,"7 Walker Pines
New Emma
IV6P 1AR",Male,Valleyview Mental Wellness NHS Trust,White,Australia,Skilled Worker,AHP,Speech Therapist,Medicine & Acute Care,6,22.6,2022-09-02,2022-10-14,30.0,0.8,GMC,Bank,Active,UQ093709,2028-06-01,IG411110,2029-09-25,2026-10-30,2022-09-23
EMP0822-20260916_215023,Janet,Smith,vbarnes@example.com,1993-05-15,0118 496 0808,"23 McCarthy Junctions
North Cheryl
WV49 7HU",Female,Westborough Acute Care NHS Trust,White,Canada,Skilled Worker,Medical,Consultant,Surgery & Cancer,CONS,50.3,2021-07-21,2021-08-18,20.0,0.53,HCPC,Fixed Term,Inactive,KT540742,2030-11-30,JR376088,2031-08-30,2027-04-30,2021-08-11
EMP0823-20260916_215023,Mandy,Barnes,lawnatalie@example.org,2001-02-22,0116 496 0422,"Studio 7
Lydia Squares
Lake Douglaston
LS74 2WL",Female,Riverside Integrated Care NHS Trust,Asian,Thailand,Skilled Worker,Admin,Receptionist,Clinical Support Services,3,16.05,2019-02-22,2019-03-29,18.75,0.5,None,Fixed Term,Active,AC493210,2031-04-08,TU413987,2027-06-20,2027-08-07,2019-03-15
EMP0824-20260916_215023,Max,Fraser,henry78@example.net,1993-08-08,+44306 999 0567,"Studio 53f
Roberts Fork
Port Brettmouth
E4U 2EH",Male,Lakeside District Hospitals NHS Trust,Black,Barbados,British Citizen,Nursing,Ward Manager,Critical Care & Anaesthesia,8A,33.45,2025-07-30,2025-09-03,37.5,1.0,NMC,Bank,Inactive,FY800335,2027-12-08,GO763153,2027-03-06,2027-05-25,2025-08-20
EMP0825-20260916_215023,Guy,Potter,williamsnicola@example.org,2006-09-09,(0151) 4960296,"01 Wilson Brooks
Williamsborough
IG0M 9RU",Female,Midlands Central Hospitals NHS Trust,White,Australia,British Citizen,Medical,SHO,Clinical Support Services,SHO,26.18,2018-05-18,2018-06-15,30.0,0.8,NMC,Permanent,Active,ME739097,2028-10-10,UG173477,2029-11-10,2026-12-19,2018-06-08
EMP0826-20260916_215023,James,Bowen,hilary70@example.org,2004-02-24,+44118 496 0218,"Flat 47A
Simon Road
East Mitchell
MK5 2GX",Female,Westborough Acute Care NHS Trust,Black,Trinidad and Tobago,Skilled Worker,Admin,Administrator,Emergency & Urgent Care,3,14.34,2019-07-12,2019-08-16,20.0,0.53,HCPC,Fixed Term,Suspended,JF741894,2030-03-23,CX203461,2029-08-04,2027-08-24,2019-08-02
EMP0827-20260916_215023,Jacob,Rees,leah63@example.org,1982-12-01,+44151 4960435,"Flat 1
Jones Rapids
Lawport
S06 2LL",Male,Riverbank General Hospitals NHS Trust,White,Canada,ILR,AHP,Pharmacist,Critical Care & Anaesthesia,5,19.08,2016-10-07,2016-11-04,30.0,0.8,NMC,Bank,Suspended,ET270772,2030-02-11,NE501964,2029-01-28,2026-10-13,2016-10-28
EMP0828-20260916_215023,Maria,Watson,margaretgreen@example.net,1965-11-22,+44(0)141 496 0260,"Studio 6
Holland Ways
East Lydiamouth
N9 9ND",Male,Northwood Mental Health NHS Trust,White,New Zealand,British Citizen,Admin,Administrator,Medicine & Acute Care,3,14.76,2017-06-02,2017-06-30,18.75,0.5,GMC,Permanent,On Leave,HF530572,2030-07-16,QE176788,2029-05-29,2026-11-16,2017-06-23
EMP0829-20260916_215023,Sally,Smith,helen58@example.org,1977-04-05,+44(0)29 2018979,"Studio 40R
Richard Roads
East Fionamouth
L4 0FD",Female,Horizon Integrated Health Partnership NHS Trust,Mixed,India,Dependent,AHP,Occupational Therapist,Surgery & Cancer,6,26.08,2025-07-13,2025-08-17,20.0,0.53,NMC,Bank,Active,XD277061,2030-09-14,LW431184,2028-12-05,2027-05-21,2025-08-03
EMP0830-20260916_215023,Lynne,Singh,hendersonben@example.com,1963-01-02,+44808 1570080,"54 Matthews Ridges
North Lydiabury
L7J 7BZ",Male,Hillcrest Medical Centres NHS Trust,Asian,Thailand,ILR,AHP,Occupational Therapist,Critical Care & Anaesthesia,6,26.55,2024-06-02,2024-06-30,37.5,1.0,HCPC,Permanent,On Leave,UC032782,2028-12-11,FS637385,2029-06-17,2026-10-31,2024-06-23
EMP0831-20260916_215023,Gillian,Doyle,ymitchell@example.net,1986-07-22,(0117) 496 0150,"Flat 03
Jane Freeway
New Dawnhaven
W29 0QU",Male,Northwood Mental Health NHS Trust,Black,South Africa,ILR,Medical,Consultant,Emergency & Urgent Care,CONS,69.61,2022-07-12,2022-08-16,18.75,0.5,GMC,Permanent,Active,YO948237,2028-07-30,RE116812,2030-10-24,2026-11-22,2022-08-02
EMP0832-20260916_215023,Diane,Sutton,jonesyvonne@example.net,1961-10-25,(01632) 960 661,"2 Christine Square
Maryborough
HP8 6UW",Female,Valleyview Mental Wellness NHS Trust,Black,Trinidad and Tobago,Dependent,Medical,FY1/FY2,Surgery & Cancer,FY1,20.02,2021-09-14,2021-10-12,30.0,0.8,GMC,Bank,Active,CS392460,2028-01-05,FB212424,2029-05-13,2027-07-23,2021-10-05
EMP0833-20260916_215023,Reece,Powell,shepherdmegan@example.net,1972-10-23,+4428 9018 0182,"40 Melissa Well
Elliottborough
S6G 2NJ",Male,Greenhaven Acute & Specialist Care NHS Trust,Asian,Thailand,Dependent,AHP,Radiographer,Critical Care & Anaesthesia,6,26.65,2026-01-08,2026-02-05,20.0,0.53,NMC,Bank,Suspended,BK315629,2030-08-16,CM349097,2030-06-17,2027-07-08,2026-01-29
EMP0834-20260916_215023,Billy,Johnston,paulahayes@example.com,1997-04-03,+44115 4960603,"18 Graham Shores
South Christianville
PH4P 0GE",Male,Eastmoor Teaching Hospitals NHS Trust,White,New Zealand,Skilled Worker,Medical,SHO,Corporate Services,SHO,28.43,2026-04-30,2026-06-11,37.5,1.0,HCPC,Permanent,On Leave,YG975502,2028-07-25,LW473180,2031-07-01,2027-07-09,2026-05-21
EMP0835-20260916_215023,Olivia,Wilkins,denisreynolds@example.net,1970-10-31,+4429 2018558,"40 Parry Lodge
Davistown
WF48 0YU",Male,Riverside Integrated Care NHS Trust,Black,South Africa,British Citizen,AHP,Radiographer,Emergency & Urgent Care,6,22.92,2025-01-13,2025-02-10,15.0,0.4,HCPC,Permanent,On Leave,UJ263714,2028-05-24,JJ711898,2029-11-02,2027-01-25,2025-02-03
EMP0836-20260916_215023,Bethany,Page,gareth28@example.org,2004-07-28,0121 496 0324,"Flat 45r
Moore Rue
Jodieberg
DN20 7GD",Female,Southvale Hospitals NHS Trust,Black,Kenya,Skilled Worker,Nursing,Charge Nurse,Medicine & Acute Care,7,31.16,2019-05-07,2019-06-11,30.0,0.8,NMC,Permanent,Active,PS366902,2029-03-23,JY748245,2027-03-23,2027-03-13,2019-05-28
EMP0837-20260916_215023,Gillian,Harrison,leanne40@example.com,1967-02-12,(0191)4960383,"Studio 36
Liam Pine
Jennaborough
E14 0ZE",Female,Horizon Integrated Health Partnership NHS Trust,White,United Kingdom,ILR,AHP,Physiologist,Women & Children,6,23.56,2022-04-13,2022-05-18,18.75,0.5,HCPC,Bank,On Leave,YQ176918,2029-02-05,FA057893,2026-10-16,2026-09-27,2022-05-04
EMP0838-20260916_215023,Sean,Wright,watsonvictoria@example.org,1961-11-01,(0121) 496 0952,"478 Kate Vista
Barneston
EN2H 0UD",Male,Eastfield Psychological Services NHS Trust,Mixed,Jamaica,Dependent,Admin,Receptionist,Surgery & Cancer,3,13.75,2025-09-20,2025-11-01,20.0,0.53,None,Bank,Active,GZ384608,2029-04-12,HU842744,2029-04-06,2026-11-20,2025-10-11
EMP0839-20260916_215023,Daniel,Thomas,barbaradavies@example.com,1989-01-19,(0141) 4960665,"Studio 2
Woods Plains
Derekborough
B2S 6XN",Female,Northshire University Hospitals NHS Trust,Asian,Japan,ILR,AHP,Occupational Therapist,Clinical Support Services,6,26.07,2021-06-03,2021-07-15,30.0,0.8,NMC,Bank,On Leave,DZ218185,2027-06-13,RP568615,2027-05-10,2026-12-12,2021-06-24
EMP0840-20260916_215023,Bethan,Page,garymurphy@example.org,1997-03-16,(0131) 4960989,"Studio 35U
Chadwick Highway
West Melissashire
SW76 8FD",Male,Horizon Integrated Health Partnership NHS Trust,Mixed,South Africa,Dependent,Admin,Medical Secretary,Corporate Services,4,17.89,2024-08-14,2024-09-25,37.5,1.0,HCPC,Bank,On Leave,BZ793330,2027-11-29,OO626066,2026-11-02,2026-09-24,2024-09-04
EMP0841-20260916_215023,Hayley,Gordon,znewman@example.net,1965-10-21,(0113)4960081,"Flat 2
Sam Gardens
New Hazelton
WA0 7HB",Male,Valleyview Mental Wellness NHS Trust,Black,Nigeria,Skilled Worker,Admin,Medical Secretary,Women & Children,4,15.93,2022-02-24,2022-03-24,37.5,1.0,HCPC,Permanent,Inactive,CS072058,2031-02-26,WM590916,2028-08-13,2027-09-10,2022-03-17
EMP0842-20260916_215023,Josh,Wright,georgemills@example.org,1974-10-26,+44113 4960124,"6 Fox Ports
West Benjaminview
CF4M 7RA",Female,Horizon Integrated Health Partnership NHS Trust,Mixed,United States,British Citizen,Nursing,Nursery Nurse,Women & Children,2,13.03,2018-01-04,2018-02-08,30.0,0.8,HCPC,Permanent,On Leave,HB014714,2028-02-12,TI173996,2028-04-09,2027-01-07,2018-01-25
EMP0843-20260916_215023,Annette,Green,kbooth@example.org,1984-08-01,(0113) 4960457,"Studio 95n
Denis Curve
Barbaraburgh
LN34 9JX",Male,Valleyview Mental Wellness NHS Trust,Black,Kenya,British Citizen,Medical,Consultant,Corporate Services,CONS,52.03,2019-02-08,2019-03-08,15.0,0.4,None,Fixed Term,On Leave,ZD016199,2027-05-22,XZ197902,2030-10-22,2027-04-11,2019-03-01
EMP0844-20260916_215023,Louis,Smith,christopher42@example.org,1979-12-05,(0114) 4960262,"Studio 75Z
Cooper Expressway
South Shaunbury
N9T 3YL",Female,Lakeside District Hospitals NHS Trust,Black,Ghana,British Citizen,Admin,Receptionist,Women & Children,3,13.84,2026-01-23,2026-02-20,37.5,1.0,None,Fixed Term,On Leave,XJ693262,2027-12-24,IQ747432,2027-01-15,2026-12-19,2026-02-13
EMP0845-20260916_215023,Abdul,Wood,bparkinson@example.org,2003-11-28,+441632960577,"6 Smith Branch
Sheilaberg
NP66 7SX",Male,Greenhaven Acute & Specialist Care NHS Trust,White,Australia,Dependent,Medical,Consultant,Corporate Services,CONS,53.22,2026-07-10,2026-08-14,30.0,0.8,GMC,Permanent,Suspended,UM034807,2028-05-03,YV035499,2029-05-02,2026-09-18,2026-07-31
EMP0846-20260916_215023,Melanie,Barrett,nlewis@example.com,1967-03-11,+441164960254,"954 Stokes Shoal
New Jade
SL9A 9JG",Male,Broadfield Clinical Services NHS Trust,Black,Ghana,ILR,Medical,GP,Emergency & Urgent Care,GP,47.96,2016-12-09,2017-01-20,30.0,0.8,None,Permanent,Active,IW711908,2027-09-24,PT994097,2029-09-18,2027-06-15,2016-12-30
EMP0847-20260916_215023,Gerald,Barnes,wgreen@example.org,2005-12-14,020 7946 0718,"Flat 82c
Marion Ferry
Dennishaven
CH2V 5YU",Female,Southvale Hospitals NHS Trust,White,Canada,British Citizen,Admin,Administrator,Corporate Services,3,14.72,2018-10-03,2018-11-14,15.0,0.4,NMC,Bank,Active,VJ325182,2028-09-06,TK784546,2028-06-15,2027-06-17,2018-10-24
EMP0848-20260916_215023,Duncan,Hall,jane45@example.net,2004-05-29,(029)2018962,"Studio 04
Dale Trace
Paigehaven
L5 7NG",Female,Midlands Central Hospitals NHS Trust,White,United States,Skilled Worker,Medical,Consultant,Emergency & Urgent Care,CONS,49.35,2023-04-13,2023-05-18,30.0,0.8,HCPC,Bank,Suspended,LZ577950,2031-03-20,XX036357,2031-01-27,2027-07-07,2023-05-04
EMP0849-20260916_215023,Helen,Jones,bishoptracy@example.net,1973-03-02,(0113) 4960703,"94 Lewis Manors
Port Josephland
B2F 0DW",Male,Broadfield Clinical Services NHS Trust,Mixed,Kenya,Skilled Worker,Medical,FY1/FY2,Surgery & Cancer,FY1,19.58,2026-03-10,2026-04-14,30.0,0.8,None,Fixed Term,Inactive,HY985911,2029-09-17,QO168381,2028-01-01,2027-04-23,2026-03-31
EMP0850-20260916_215023,Leon,Mitchell,hthomas@example.net,1980-08-24,0131 4960855,"Studio 79i
Moore Springs
Victorbury
BS0 7PJ",Male,Hillcrest Medical Centres NHS Trust,White,United States,ILR,Medical,GP,Women & Children,GP,57.67,2018-10-30,2018-11-27,37.5,1.0,GMC,Bank,Active,FP362825,2031-04-16,BK135981,2031-06-10,2027-07-31,2018-11-20
EMP0851-20260916_215023,Barry,Jones,ebolton@example.org,1996-07-17,(0141)4960928,"6 Whitehead Garden
North Kateberg
YO07 2SB",Female,Eastmoor Teaching Hospitals NHS Trust,White,New Zealand,Skilled Worker,AHP,Speech Therapist,Emergency & Urgent Care,6,25.4,2025-05-06,2025-06-10,15.0,0.4,GMC,Permanent,On Leave,MU088488,2026-10-08,SJ592300,2028-10-09,2027-03-11,2025-05-27
EMP0852-20260916_215023,Bethany,White,cooperglenn@example.org,1961-04-11,(029) 2018619,"4 Callum Knolls
East Jeffreyhaven
HP8W 4BP",Female,Valleyview Mental Wellness NHS Trust,Mixed,Kenya,ILR,Medical,SHO,Critical Care & Anaesthesia,SHO,26.66,2019-04-26,2019-06-07,37.5,1.0,NMC,Fixed Term,Suspended,PI806298,2030-01-30,DP064337,2028-11-30,2026-09-19,2019-05-17
EMP0853-20260916_215023,Geraldine,Taylor,nicola20@example.com,1975-12-02,(0117) 496 0467,"Flat 3
Jackson Alley
Garethshire
M61 9AP",Female,Meadowbrook Community Health NHS Trust,Mixed,China,British Citizen,AHP,Physiologist,Surgery & Cancer,6,25.1,2017-10-11,2017-11-08,30.0,0.8,None,Bank,Inactive,ZF183821,2028-08-28,DB138096,2028-02-03,2026-11-19,2017-11-01
EMP0854-20260916_215023,Jacob,Lawrence,lauren26@example.net,1965-07-30,+44(0)161 4960306,"8 Jacob Summit
Lawmouth
SM57 1PB",Female,Northshire University Hospitals NHS Trust,Asian,China,British Citizen,Admin,Administrator,Critical Care & Anaesthesia,3,16.1,2018-09-12,2018-10-10,37.5,1.0,None,Bank,On Leave,TZ792945,2027-01-30,ZV321469,2027-01-16,2027-08-11,2018-10-03
EMP0855-20260916_215023,Karl,Smith,elliotsmith@example.com,1995-11-04,+44117 4960549,"219 Wilson Rapid
East Bethanybury
N2 7FW",Female,Meadowbrook Community Health NHS Trust,White,Canada,ILR,Nursing,Ward Manager,Corporate Services,8A,29.33,2018-10-07,2018-11-18,37.5,1.0,GMC,Permanent,Inactive,RI735838,2030-04-12,MT474001,2028-09-11,2027-05-31,2018-10-28
EMP0856-20260916_215023,Harriet,Barlow,dawn84@example.com,1981-07-29,(0808)1570181,"74 Thomson Radial
Lake Lesley
DN81 1ED",Female,Northshire University Hospitals NHS Trust,Black,Barbados,Skilled Worker,Admin,Data Analyst,Medicine & Acute Care,8A,31.42,2017-09-11,2017-10-16,15.0,0.4,None,Fixed Term,On Leave,KW062904,2028-02-03,PE881059,2031-07-01,2027-07-20,2017-10-02
EMP0857-20260916_215023,Maurice,Davies,nelsontracy@example.com,1965-06-20,+44(0)114 4960651,"Studio 24
Katie Course
New Sandraport
M8S 2UB",Female,Eastmoor Teaching Hospitals NHS Trust,Black,Nigeria,British Citizen,Admin,Medical Secretary,Surgery & Cancer,4,17.96,2023-04-19,2023-05-31,15.0,0.4,GMC,Permanent,On Leave,PH049657,2026-12-16,VH949256,2027-07-22,2026-09-29,2023-05-10
EMP0858-20260916_215023,Leonard,Smith,pauline57@example.com,1976-07-19,(0306) 9990394,"7 Johnson Inlet
Port Barry
EN5 1QN",Female,Eastmoor Teaching Hospitals NHS Trust,Mixed,Thailand,British Citizen,Nursing,Senior Staff Nurse,Medicine & Acute Care,6,25.02,2023-07-12,2023-08-16,30.0,0.8,HCPC,Bank,On Leave,FU626988,2028-11-27,MZ562257,2027-09-14,2027-03-12,2023-08-02
EMP0859-20260916_215023,Leigh,Sinclair,suzannefrost@example.org,1978-09-07,(0161) 496 0737,"Studio 98S
Stanley Rest
New Charleneville
TS7 9YP",Female,Bluewater Community & Rehabilitation NHS Trust,Mixed,Trinidad and Tobago,British Citizen,Medical,GP,Critical Care & Anaesthesia,GP,54.6,2018-07-19,2018-08-23,37.5,1.0,None,Permanent,Active,WF135462,2026-09-17,PV947456,2029-12-20,2027-01-31,2018-08-09
EMP0860-20260916_215023,Gavin,Smith,fordlinda@example.com,1979-02-20,+44141 4960823,"122 Lydia Harbors
Priceside
G6T 7FE",Female,Southvale Hospitals NHS Trust,Asian,China,Dependent,Admin,Data Analyst,Surgery & Cancer,8A,32.96,2019-04-02,2019-05-07,20.0,0.53,None,Fixed Term,Inactive,KZ208842,2030-10-20,HB147247,2027-01-25,2027-03-11,2019-04-23
EMP0861-20260916_215023,Shaun,Harvey,tylerjennifer@example.net,1964-11-25,+44(0)117 4960693,"Flat 03o
Gavin Cove
South Timothy
W0 3WZ",Male,Northwood Mental Health NHS Trust,Asian,China,ILR,AHP,Physiotherapist,Critical Care & Anaesthesia,6,27.65,2020-10-07,2020-11-04,20.0,0.53,None,Bank,Suspended,QK594640,2029-05-22,VL381259,2028-07-29,2027-02-13,2020-10-28
EMP0862-20260916_215023,Marc,Bates,martin40@example.org,1963-10-24,01214960371,"54 King Drive
Hamiltonbury
B3 0BT",Male,Midlands Central Hospitals NHS Trust,White,United Kingdom,Skilled Worker,Nursing,Charge Nurse,Clinical Support Services,7,29.67,2023-05-20,2023-06-24,20.0,0.53,None,Permanent,Suspended,XY137893,2026-11-05,CL221989,2028-10-08,2026-09-29,2023-06-10
EMP0863-20260916_215023,Barbara,Adams,carl06@example.net,1995-06-23,(029)2018741,"185 Marian Spurs
Leesbury
NW3M 6WD",Female,Hillcrest Medical Centres NHS Trust,Asian,India,British Citizen,Medical,GP,Women & Children,GP,46.91,2018-06-05,2018-07-10,37.5,1.0,HCPC,Fixed Term,On Leave,OQ582117,2030-12-19,JI185331,2031-04-30,2027-04-10,2018-06-26
EMP0864-20260916_215023,Damian,Brown,cdavies@example.org,1997-08-06,+44(0)117 4960703,"2 King Pike
Collinsmouth
S27 5XR",Male,Meadowbrook Community Health NHS Trust,White,United Kingdom,British Citizen,Admin,Receptionist,Surgery & Cancer,3,14.09,2017-04-20,2017-06-01,20.0,0.53,None,Bank,Suspended,JZ348877,2027-08-04,WU724958,2027-11-02,2027-01-01,2017-05-11
EMP0865-20260916_215023,Debra,Harris,martyn43@example.com,2000-01-31,(0116) 4960699,"81 Paula Path
Lanemouth
L4 4FW",Male,Oakridge Community Services NHS Trust,Mixed,China,ILR,Admin,Medical Secretary,Surgery & Cancer,4,18.49,2020-04-14,2020-05-19,20.0,0.53,NMC,Fixed Term,Active,KE569067,2031-01-10,YN103999,2030-09-03,2027-07-06,2020-05-05
EMP0866-20260916_215023,Terry,Sheppard,nferguson@example.org,2001-07-24,+44(0)141 496 0617,"4 Michael Shoals
New Traceychester
CM65 5XU",Female,Horizon Integrated Health Partnership NHS Trust,Mixed,United Kingdom,Dependent,AHP,Radiographer,Corporate Services,6,26.69,2021-03-15,2021-04-12,18.75,0.5,None,Fixed Term,Suspended,QL245720,2030-09-27,QM263274,2029-05-19,2027-01-17,2021-04-05
EMP0867-20260916_215023,Chelsea,Henderson,nwalsh@example.com,1976-05-17,+44(0)113 4960292,"6 Geraldine Extensions
West Stephentown
W2 2XR",Female,Northwood Mental Health NHS Trust,Mixed,Canada,British Citizen,AHP,Radiographer,Women & Children,6,22.98,2023-12-30,2024-02-10,30.0,0.8,NMC,Permanent,Inactive,ZH288840,2027-12-02,BY780179,2030-01-25,2027-07-09,2024-01-20
EMP0868-20260916_215023,Danielle,Walters,andrewturner@example.com,1963-09-12,09098790099,"5 Jasmine Meadows
Simpsonbury
SS10 0UJ",Female,Midlands Central Hospitals NHS Trust,White,Australia,Skilled Worker,AHP,Pharmacist,Surgery & Cancer,5,19.26,2018-09-07,2018-10-05,15.0,0.4,NMC,Permanent,Active,CT195792,2030-12-18,AU670280,2031-05-07,2026-10-16,2018-09-28
EMP0869-20260916_215023,Graeme,Frost,stomlinson@example.com,1979-06-09,+448081570423,"Flat 5
Debra Loop
East Dawn
L0D 4GF",Female,Broadfield Clinical Services NHS Trust,Mixed,China,Dependent,AHP,Occupational Therapist,Corporate Services,6,22.89,2018-02-05,2018-03-05,37.5,1.0,HCPC,Permanent,Active,XQ800543,2027-05-06,RO103514,2030-12-10,2027-02-10,2018-02-26
EMP0870-20260916_215023,Richard,Green,norman32@example.org,1989-11-20,0117 496 0600,"Studio 9
Megan Ports
East Duncantown
RG91 9NX",Male,Lakeside District Hospitals NHS Trust,Asian,India,ILR,AHP,Speech Therapist,Women & Children,6,23.32,2019-12-03,2020-01-07,18.75,0.5,None,Permanent,Inactive,PA287227,2030-02-07,AS842247,2030-08-15,2027-05-24,2019-12-24
EMP0871-20260916_215023,Marcus,Nicholson,ebell@example.net,1981-12-06,+44(0)808 1570470,"Flat 41B
Liam Fields
Lake Olivia
N1 1ST",Male,Valleyview Mental Wellness NHS Trust,Mixed,China,Dependent,Medical,GP,Emergency & Urgent Care,GP,52.05,2017-11-09,2017-12-14,20.0,0.53,GMC,Permanent,Active,VV611707,2031-05-21,VA534562,2031-08-16,2027-07-28,2017-11-30
EMP0872-20260916_215023,Brenda,Greenwood,rmiller@example.com,2000-12-19,(0131) 496 0745,"758 Lucy Parks
Neilborough
M8K 8FS",Male,Valleyview Mental Wellness NHS Trust,White,United Kingdom,ILR,Medical,Registrar,Critical Care & Anaesthesia,SPR,36.81,2019-10-27,2019-12-08,37.5,1.0,None,Fixed Term,Suspended,LP345649,2028-03-23,LF187027,2027-01-14,2026-09-26,2019-11-17
EMP0873-20260916_215023,Paula,Holmes,olivia30@example.org,1994-08-17,01632 960198,"Studio 64
Wilson Coves
Alicefort
BL13 7BY",Male,Broadfield Clinical Services NHS Trust,Black,Trinidad and Tobago,British Citizen,Medical,Consultant,Surgery & Cancer,CONS,64.39,2026-07-25,2026-08-29,37.5,1.0,GMC,Permanent,Inactive,GB134438,2026-11-14,QH777609,2030-10-31,2027-09-02,2026-08-15
EMP0874-20260916_215023,Joe,Jackson,fjackson@example.net,1993-03-06,020 74960993,"Studio 90U
Long Mission
Lake Gavin
WV6V 5TB",Male,Oakridge Community Services NHS Trust,Black,Kenya,Skilled Worker,Nursing,Staff Nurse,Corporate Services,5,22.03,2020-03-01,2020-04-12,37.5,1.0,GMC,Bank,Inactive,DZ681194,2028-10-19,JW441269,2030-08-03,2027-01-02,2020-03-22
EMP0875-20260916_215023,Emma,Khan,damian49@example.org,1988-06-14,+44909 8790107,"Studio 07x
Wright Union
Shahton
NW7X 4HJ",Male,Bluewater Community & Rehabilitation NHS Trust,Black,Jamaica,Skilled Worker,AHP,Physiologist,Surgery & Cancer,6,24.25,2016-11-01,2016-12-13,37.5,1.0,GMC,Permanent,Active,NR892023,2027-05-11,ZK009801,2028-01-06,2026-09-24,2016-11-22
EMP0876-20260916_215023,Naomi,Griffiths,swalker@example.org,1977-07-22,+44(0)1174960294,"Studio 7
Smith Harbors
Abigailmouth
S5K 6DH",Female,Meadowbrook Community Health NHS Trust,Mixed,India,Dependent,AHP,Speech Therapist,Emergency & Urgent Care,6,25.63,2017-08-04,2017-09-01,30.0,0.8,None,Bank,On Leave,BW156318,2031-09-06,SZ552436,2026-10-01,2027-07-17,2017-08-25
EMP0877-20260916_215023,Francesca,Metcalfe,pgodfrey@example.net,1970-06-20,01154960191,"Studio 8
Turnbull Mill
Lake Cliffordmouth
HX78 5RD",Male,Southvale Hospitals NHS Trust,Black,Jamaica,ILR,Admin,Data Analyst,Critical Care & Anaesthesia,8A,33.76,2023-11-15,2023-12-13,30.0,0.8,GMC,Permanent,Active,UY203823,2028-06-09,FE180056,2028-08-11,2027-08-08,2023-12-06
EMP0878-20260916_215023,Trevor,Phillips,jake49@example.net,1973-04-10,+44(0)131 496 0687,"Flat 94
Stewart Stream
New Beth
N9G 7QE",Male,Eastmoor Teaching Hospitals NHS Trust,Mixed,India,Skilled Worker,Medical,FY1/FY2,Medicine & Acute Care,FY1,19.47,2019-05-12,2019-06-23,30.0,0.8,HCPC,Bank,Suspended,OT123859,2028-06-25,KM030429,2028-05-07,2027-01-04,2019-06-02
EMP0879-20260916_215023,Terry,Dunn,hammondemily@example.org,1961-01-21,+44(0)28 9018853,"062 Storey Manors
Lake Tinamouth
LN2R 7HZ",Male,Northshire University Hospitals NHS Trust,Black,Jamaica,Dependent,Medical,GP,Women & Children,GP,51.94,2016-09-23,2016-10-21,20.0,0.53,GMC,Permanent,Suspended,YR969829,2028-04-10,RR656534,2028-01-25,2027-06-27,2016-10-14
EMP0880-20260916_215023,Frederick,Porter,patricianixon@example.com,2000-08-30,+44113 496 0272,"Flat 66
Carroll Street
Wrightport
CH0N 8DX",Male,Valleyview Mental Wellness NHS Trust,White,United States,ILR,Admin,Medical Secretary,Emergency & Urgent Care,4,17.33,2023-03-31,2023-05-05,37.5,1.0,NMC,Permanent,Active,BF291757,2027-04-16,ZN999653,2028-08-27,2027-01-17,2023-04-21
EMP0881-20260916_215023,Stanley,Knowles,sandra94@example.net,1988-09-25,+44(0)1632 960 875,"Flat 67
Begum Row
New Ann
TA50 0RN",Male,Meadowbrook Community Health NHS Trust,Black,South Africa,Dependent,Nursing,Senior Staff Nurse,Women & Children,6,23.25,2025-01-30,2025-03-06,15.0,0.4,HCPC,Fixed Term,Inactive,TM438266,2029-10-24,ED917282,2029-05-05,2027-04-25,2025-02-20
EMP0882-20260916_215023,William,Stevenson,dawsonfrancesca@example.com,1990-12-27,+44117 496 0821,"962 Fiona Pike
Huntport
WC41 4QX",Female,Riverbank General Hospitals NHS Trust,Mixed,Barbados,Dependent,Medical,Consultant,Medicine & Acute Care,CONS,69.22,2023-07-05,2023-08-09,18.75,0.5,NMC,Bank,On Leave,WS439041,2028-02-03,GF083397,2026-11-11,2026-12-16,2023-07-26
EMP0883-20260916_215023,Beverley,Murray,brian57@example.net,1983-03-21,+44306 999 0838,"8 Lewis Crest
Edwardsstad
RM0 2JX",Female,Hillcrest Medical Centres NHS Trust,White,United Kingdom,British Citizen,AHP,Pharmacist,Corporate Services,5,19.92,2023-06-08,2023-07-06,30.0,0.8,GMC,Bank,Suspended,GM488632,2031-01-02,FW988008,2030-11-28,2026-11-17,2023-06-29
EMP0884-20260916_215023,Benjamin,Cooper,lhughes@example.com,1999-12-31,+44909 8790592,"Studio 35
Barry Mountains
Thomasburgh
B4 5XZ",Female,Horizon Integrated Health Partnership NHS Trust,Black,South Africa,Skilled Worker,Medical,Registrar,Corporate Services,SPR,36.5,2023-09-11,2023-10-23,15.0,0.4,HCPC,Permanent,On Leave,CV869198,2029-12-20,NF377551,2030-09-30,2027-07-16,2023-10-02
EMP0885-20260916_215023,William,Walker,joyce39@example.org,1972-05-28,+441914960616,"062 Christopher Mountain
New Cliffordhaven
L2 8PD",Female,Lakeside District Hospitals NHS Trust,Black,Barbados,Dependent,Nursing,Healthcare Assistant,Corporate Services,2,14.11,2016-09-28,2016-11-02,15.0,0.4,HCPC,Bank,Suspended,AD015827,2027-01-16,UH012768,2030-02-14,2027-03-17,2016-10-19
EMP0886-20260916_215023,Anna,Ryan,chanamber@example.org,1970-04-25,+44(0)909 8790963,"Flat 87g
Joanna Ridge
Wardmouth
EH5 0BZ",Male,Eastmoor Teaching Hospitals NHS Trust,Black,South Africa,Skilled Worker,Nursing,Senior Staff Nurse,Surgery & Cancer,6,26.64,2024-08-04,2024-09-08,30.0,0.8,None,Bank,On Leave,HD979051,2028-09-18,DM811812,2029-05-18,2026-09-29,2024-08-25
EMP0887-20260916_215023,Charlene,Jenkins,amartin@example.com,1999-01-01,+44121 4960708,"Flat 22c
Martin View
Sheilabury
G5 0AJ",Male,Meadowbrook Community Health NHS Trust,White,United States,Skilled Worker,Admin,Administrator,Emergency & Urgent Care,3,13.41,2017-06-06,2017-07-04,18.75,0.5,HCPC,Bank,Suspended,FY330773,2030-11-24,GQ702374,2031-01-04,2027-09-05,2017-06-27
EMP0888-20260916_215023,Megan,Wilson,qjackson@example.org,1964-12-16,+44114 496 0553,"76 Jade Neck
South Alexandraland
M63 2BX",Male,Hillcrest Medical Centres NHS Trust,Mixed,Kenya,Skilled Worker,Medical,Consultant,Women & Children,CONS,64.36,2021-05-09,2021-06-13,37.5,1.0,NMC,Permanent,Active,UE034434,2028-02-23,YG049932,2028-07-07,2027-07-31,2021-05-30
EMP0889-20260916_215023,Shane,Clarke,clive29@example.org,1961-10-16,+44(0)1184960717,"Studio 2
Victor Mews
Port Lauraburgh
TN70 9GH",Male,Bluewater Community & Rehabilitation NHS Trust,Black,Ghana,Dependent,AHP,Physiologist,Clinical Support Services,6,23.69,2024-02-02,2024-03-08,37.5,1.0,None,Permanent,Active,AV328297,2029-12-12,CK146464,2029-03-06,2027-02-03,2024-02-23
EMP0890-20260916_215023,Ashleigh,Smith,hbell@example.net,1973-09-23,0116 4960821,"Studio 6
Murray Station
East Louise
B12 4BF",Male,Greenhaven Acute & Specialist Care NHS Trust,White,United Kingdom,British Citizen,Admin,Administrator,Medicine & Acute Care,3,14.58,2022-07-06,2022-08-03,18.75,0.5,NMC,Bank,Suspended,II544148,2027-09-16,FO690242,2031-09-13,2026-11-14,2022-07-27
EMP0891-20260916_215023,Vanessa,Bond,rosiebrown@example.com,2002-02-28,0116 4960183,"0 Dennis Skyway
Lake Tony
N5 9WP",Male,Meadowbrook Community Health NHS Trust,Mixed,India,Skilled Worker,Medical,SHO,Emergency & Urgent Care,SHO,24.57,2023-05-07,2023-06-04,15.0,0.4,None,Bank,Inactive,EZ231301,2029-04-30,MC555810,2031-08-09,2026-11-15,2023-05-28
EMP0892-20260916_215023,Adam,Jones,bethany49@example.org,2006-03-21,+44(0)808 157 0865,"74 Barrett Loop
North Rachelstad
N9U 5ZY",Female,Eastfield Psychological Services NHS Trust,Asian,China,Skilled Worker,AHP,Speech Therapist,Surgery & Cancer,6,24.71,2026-02-03,2026-03-03,20.0,0.53,None,Bank,Suspended,VH214757,2027-03-30,TK351410,2028-05-29,2027-08-20,2026-02-24
EMP0893-20260916_215023,Carly,Whittaker,shaunmiller@example.com,1981-12-20,+44113 496 0553,"Flat 10
Nicola Square
West Pauline
E54 5AL",Female,Riverbank General Hospitals NHS Trust,White,New Zealand,Dependent,AHP,Radiographer,Medicine & Acute Care,6,27.61,2018-05-04,2018-06-08,18.75,0.5,NMC,Bank,Inactive,MA133925,2029-06-20,RC497652,2027-06-21,2026-11-28,2018-05-25
EMP0894-20260916_215023,Daniel,White,newtondominic@example.net,1993-04-29,+44161 496 0914,"94 Hunt Springs
Edwardfurt
DN1 7EG",Male,Broadfield Clinical Services NHS Trust,White,United States,Skilled Worker,Admin,Administrator,Medicine & Acute Care,3,14.65,2016-09-16,2016-10-28,20.0,0.53,HCPC,Permanent,On Leave,LT321424,2030-08-10,YZ975462,2029-06-06,2026-11-08,2016-10-07
EMP0895-20260916_215023,Sandra,Stone,susandobson@example.org,2002-01-08,+44151 4960966,"Studio 5
Phillips Row
Lake Rossview
E3 9SX",Male,Westborough Acute Care NHS Trust,Mixed,Jamaica,ILR,AHP,Occupational Therapist,Critical Care & Anaesthesia,6,23.09,2024-07-10,2024-08-07,20.0,0.53,NMC,Fixed Term,On Leave,XD625162,2026-11-30,FD681685,2031-03-07,2027-07-22,2024-07-31
EMP0896-20260916_215023,Kenneth,Davies,qgreen@example.net,1974-01-06,+44116 4960108,"Studio 7
Abbott Wall
Smithmouth
KT9A 0EX",Male,Midlands Central Hospitals NHS Trust,Mixed,United States,Dependent,Medical,GP,Surgery & Cancer,GP,49.48,2019-03-11,2019-04-22,30.0,0.8,NMC,Bank,Inactive,WC682911,2028-08-13,PS863170,2028-04-12,2026-10-15,2019-04-01
EMP0897-20260916_215023,Grace,Wilkinson,jonesjames@example.org,1988-02-10,+44(0)3069990320,"016 Chapman Ports
Sandraside
CB3X 5JF",Female,Hillcrest Medical Centres NHS Trust,Black,Kenya,British Citizen,Admin,Medical Secretary,Clinical Support Services,4,19.24,2017-02-03,2017-03-17,20.0,0.53,HCPC,Permanent,Suspended,SM188964,2027-06-18,SE809243,2028-06-08,2026-11-11,2017-02-24
EMP0898-20260916_215023,Melissa,Dickinson,tom01@example.net,2000-06-19,+442074960814,"99 Thomas Fords
West Carlyhaven
IG92 8ZJ",Male,Southvale Hospitals NHS Trust,White,United States,ILR,Medical,Consultant,Emergency & Urgent Care,CONS,65.19,2023-07-28,2023-09-08,30.0,0.8,HCPC,Bank,On Leave,GJ265671,2029-01-13,WK899469,2030-06-20,2027-06-03,2023-08-18
EMP0899-20260916_215023,Joshua,Woodward,sheila73@example.net,2001-06-03,+44(0)115 496 0627,"852 Jones Forges
East Elaine
AB7X 7WG",Female,Broadfield Clinical Services NHS Trust,Asian,Japan,British Citizen,Admin,Receptionist,Clinical Support Services,3,15.05,2019-11-13,2019-12-11,30.0,0.8,HCPC,Permanent,Active,QF970945,2030-09-30,BN977046,2027-07-07,2026-12-08,2019-12-04
EMP0900-20260916_215023,Anthony,Simpson,obrown@example.org,1965-07-29,(0191) 4960062,"Flat 16
Barry Ports
New Conor
N8 2ZP",Male,Southvale Hospitals NHS Trust,Asian,Thailand,ILR,Admin,Administrator,Corporate Services,3,14.59,2019-10-21,2019-11-25,37.5,1.0,None,Bank,Inactive,YK606744,2031-03-29,BX728269,2031-01-28,2026-11-20,2019-11-11
EMP0901-20260916_215023,Jessica,Norris,catherinetaylor@example.org,2005-10-19,+441134960155,"63 Johnson Village
Pamelatown
N85 2GB",Male,Valleyview Mental Wellness NHS Trust,Mixed,Nigeria,British Citizen,Medical,Consultant,Women & Children,CONS,53.34,2022-08-31,2022-09-28,30.0,0.8,GMC,Fixed Term,On Leave,SU777432,2030-10-05,FA316783,2026-10-25,2027-01-17,2022-09-21
EMP0902-20260916_215023,Damien,Goddard,oparkinson@example.com,1999-04-03,0909 879 0160,"Flat 98V
Shaw Dale
Port Anne
S04 7RR",Male,Riverbank General Hospitals NHS Trust,Black,Trinidad and Tobago,ILR,AHP,Occupational Therapist,Emergency & Urgent Care,6,27.65,2025-07-18,2025-08-15,18.75,0.5,HCPC,Permanent,On Leave,RQ497782,2030-08-18,YF670766,2027-05-28,2027-08-24,2025-08-08
EMP0903-20260916_215023,Hugh,Jackson,eileenbennett@example.com,1994-01-10,+44116 496 0106,"5 Shepherd Via
Kellyshire
W60 7ET",Female,Oakridge Community Services NHS Trust,Black,Nigeria,British Citizen,Nursing,Ward Manager,Women & Children,8A,28.5,2020-11-20,2021-01-01,37.5,1.0,NMC,Bank,Active,TU864796,2029-03-31,DW024236,2030-01-29,2027-01-26,2020-12-11
EMP0904-20260916_215023,Chloe,Cox,ysykes@example.org,1977-06-10,(0131) 496 0788,"Flat 19
Bethan Island
Josephinefurt
HX4 9BE",Female,Southgate Community & Mental Health NHS Trust,Asian,Thailand,Dependent,Nursing,Ward Manager,Surgery & Cancer,8A,29.16,2022-02-11,2022-03-11,15.0,0.4,None,Permanent,On Leave,DF741504,2028-09-14,HC641379,2031-07-26,2027-08-10,2022-03-04
EMP0905-20260916_215023,Shane,Burton,mitchellharding@example.org,1961-06-13,(029) 2018330,"Studio 99
Williams Mountain
Morleyville
M2E 7RY",Male,Northwood Mental Health NHS Trust,Mixed,Ghana,Skilled Worker,AHP,Pharmacist,Medicine & Acute Care,5,20.14,2020-04-04,2020-05-16,30.0,0.8,HCPC,Bank,Inactive,FV029932,2029-12-08,KR041549,2031-07-26,2027-04-07,2020-04-25
EMP0906-20260916_215023,Geoffrey,Khan,robinsonjacqueline@example.net,1992-07-06,+44114 496 0654,"Studio 1
Jones Islands
Susanton
B81 4SF",Female,Eastfield Psychological Services NHS Trust,White,United Kingdom,ILR,Admin,Medical Secretary,Corporate Services,4,17.09,2025-04-29,2025-06-10,30.0,0.8,GMC,Fixed Term,Inactive,SK512419,2026-12-17,KG761079,2029-02-17,2027-04-16,2025-05-20
EMP0907-20260916_215023,Damian,Cooper,howardperry@example.com,2006-07-28,(0115) 4960575,"02 Jayne Brooks
New Joshua
LD6H 0XF",Female,Southvale Hospitals NHS Trust,Black,Barbados,Skilled Worker,Nursing,Nursery Nurse,Critical Care & Anaesthesia,2,13.38,2019-12-10,2020-01-07,15.0,0.4,None,Fixed Term,On Leave,QN947469,2031-01-10,GJ262436,2030-08-31,2027-06-06,2019-12-31
EMP0908-20260916_215023,Cheryl,Bibi,karlwilliams@example.net,1996-07-28,+44113 496 0754,"33 Morrison Coves
Mohamedberg
WA4 3ZH",Male,Bluewater Community & Rehabilitation NHS Trust,Black,Kenya,British Citizen,Nursing,Staff Nurse,Medicine & Acute Care,5,19.02,2022-08-19,2022-09-16,20.0,0.53,GMC,Fixed Term,Active,CX691836,2026-11-15,BU027554,2031-06-27,2027-07-09,2022-09-09
EMP0909-20260916_215023,Geoffrey,Cole,farrelljacob@example.com,1990-01-05,01154960219,"Flat 41X
Keith Centers
East Tracey
CT0X 8ZX",Male,Midlands Central Hospitals NHS Trust,Black,Kenya,ILR,Medical,Registrar,Clinical Support Services,SPR,35.66,2026-08-07,2026-09-04,18.75,0.5,GMC,Permanent,Suspended,SW194464,2030-01-22,SK510712,2028-08-28,2027-07-18,2026-08-28
EMP0910-20260916_215023,Anna,Reed,meganpatel@example.com,1980-09-13,0118 4960135,"Flat 3
Thompson Forest
Alanfort
DY70 7XA",Female,Northwood Mental Health NHS Trust,White,United Kingdom,British Citizen,AHP,Physiologist,Surgery & Cancer,6,23.08,2017-05-03,2017-06-14,15.0,0.4,NMC,Bank,Inactive,EO970261,2027-07-22,PC442451,2030-06-03,2027-07-25,2017-05-24
EMP0911-20260916_215023,Kayleigh,Tucker,bduffy@example.net,1968-03-26,0118 496 0712,"8 Craig Brooks
Taylorstad
KW5P 4PW",Female,Broadfield Clinical Services NHS Trust,Mixed,China,British Citizen,Nursing,Senior Staff Nurse,Clinical Support Services,6,23.48,2017-08-05,2017-09-09,18.75,0.5,HCPC,Permanent,Suspended,IW676268,2029-11-23,XL608420,2027-03-19,2027-05-24,2017-08-26
EMP0912-20260916_215023,Brenda,Holt,charlotteburrows@example.net,2006-07-22,09098790445,"8 Sykes Tunnel
Arthurstad
ST4X 6BW",Female,Riverside Integrated Care NHS Trust,Mixed,Australia,ILR,Nursing,Ward Manager,Corporate Services,8A,34.05,2019-02-16,2019-03-16,20.0,0.53,GMC,Bank,On Leave,OI516618,2031-03-05,LF661472,2027-08-22,2026-11-29,2019-03-09
EMP0913-20260916_215023,Damien,Perkins,sally94@example.com,2007-06-27,+44151 496 0886,"Flat 89i
Jones Divide
Lake Brucechester
BS5 2QA",Female,Valleyview Mental Wellness NHS Trust,Asian,Thailand,Skilled Worker,AHP,Physiotherapist,Women & Children,6,22.61,2023-12-08,2024-01-12,15.0,0.4,None,Bank,Inactive,JP378683,2029-10-29,JD294322,2030-08-17,2027-01-14,2023-12-29
EMP0914-20260916_215023,Marian,Coates,amy18@example.com,1968-03-01,+441514960291,"Studio 13
Kirsty Alley
Yvonnebury
SM8H 0EB",Male,Valleyview Mental Wellness NHS Trust,Mixed,Jamaica,ILR,AHP,Physiologist,Medicine & Acute Care,6,26.61,2023-07-11,2023-08-22,37.5,1.0,GMC,Bank,Suspended,QU564905,2028-10-05,CO764941,2030-03-10,2026-12-22,2023-08-01
EMP0915-20260916_215023,Gerald,Jackson,russellshane@example.net,2003-03-16,+44909 879 0323,"501 Adams Throughway
Port Kathleen
N1H 3ZB",Male,Broadfield Clinical Services NHS Trust,Asian,India,Dependent,Nursing,Nursery Nurse,Corporate Services,2,12.44,2025-10-06,2025-11-17,30.0,0.8,None,Permanent,Suspended,UM166797,2028-02-20,PP908190,2030-05-01,2027-08-17,2025-10-27
EMP0916-20260916_215023,Molly,Stewart,dcox@example.org,1983-08-29,0808 157 0169,"901 Sean Mews
Blakeport
ME5 8YJ",Female,Greenhaven Acute & Specialist Care NHS Trust,Black,South Africa,Skilled Worker,AHP,Occupational Therapist,Emergency & Urgent Care,6,24.01,2022-11-04,2022-12-16,18.75,0.5,GMC,Bank,Inactive,JG766612,2030-08-04,QY198020,2028-04-26,2027-03-25,2022-11-25
EMP0917-20260916_215023,Dawn,Buckley,wjones@example.com,2000-11-26,+441214960565,"Flat 41R
Gough Pines
East Elaine
HA54 2UN",Male,Hillcrest Medical Centres NHS Trust,Mixed,Jamaica,British Citizen,AHP,Pharmacist,Women & Children,5,22.92,2025-11-30,2026-01-11,30.0,0.8,None,Permanent,Active,MC901032,2030-04-11,NJ889237,2031-07-06,2027-04-23,2025-12-21
EMP0918-20260916_215023,Frances,Kelly,frederick76@example.com,2003-11-05,+4420 7496 0738,"Flat 72
Scott Pass
North Henrybury
LA20 5NT",Male,Northshire University Hospitals NHS Trust,White,United Kingdom,British Citizen,Nursing,Staff Nurse,Surgery & Cancer,5,19.55,2018-08-01,2018-09-12,18.75,0.5,HCPC,Permanent,Inactive,MO642882,2027-02-26,TP356923,2028-11-23,2027-05-21,2018-08-22
EMP0919-20260916_215023,Ricky,Ball,tpatel@example.net,1984-05-28,(0131)4960637,"74 Rebecca Inlet
South Natashafort
OX13 8YW",Female,Eastmoor Teaching Hospitals NHS Trust,Black,Jamaica,British Citizen,Nursing,Staff Nurse,Women & Children,5,19.01,2019-12-06,2020-01-17,15.0,0.4,None,Fixed Term,Inactive,VP535010,2031-04-11,ZT323636,2027-11-03,2026-10-03,2019-12-27
EMP0920-20260916_215023,Trevor,Wilson,jenkinsbernard@example.net,2003-01-24,+44(0)909 8790686,"Flat 56o
Wood Plains
Sophiemouth
G34 1ZT",Male,Southgate Community & Mental Health NHS Trust,Asian,Japan,Dependent,Admin,Receptionist,Clinical Support Services,3,13.77,2024-09-06,2024-10-04,30.0,0.8,GMC,Permanent,Inactive,MK124663,2028-05-22,VX075000,2030-11-12,2026-12-02,2024-09-27
EMP0921-20260916_215023,Kim,Cook,leannegeorge@example.org,1966-07-20,01154960413,"670 Toby Stream
West Lisaton
B8 1EG",Female,Westborough Acute Care NHS Trust,Asian,India,ILR,Medical,SHO,Surgery & Cancer,SHO,27.62,2020-12-06,2021-01-17,30.0,0.8,HCPC,Bank,Inactive,WC970806,2029-08-03,LJ583040,2028-12-10,2027-05-18,2020-12-27
EMP0922-20260916_215023,Chloe,Ward,nfowler@example.net,1971-09-14,+44(0)115 496 0267,"21 Kim Well
East Abbieville
IG39 7ZD",Female,Westborough Acute Care NHS Trust,Black,Barbados,British Citizen,Nursing,Senior Staff Nurse,Clinical Support Services,6,27.2,2021-07-25,2021-09-05,18.75,0.5,GMC,Permanent,Active,TG335149,2028-12-09,SP895963,2030-05-19,2027-04-09,2021-08-15
EMP0923-20260916_215023,Liam,Doherty,keith86@example.com,1992-12-06,+44(0)1214960872,"464 Terry Loaf
Patriciashire
DL10 3PD",Female,Southgate Community & Mental Health NHS Trust,White,United Kingdom,Skilled Worker,Admin,Data Analyst,Critical Care & Anaesthesia,8A,29.11,2019-08-23,2019-10-04,30.0,0.8,None,Permanent,Suspended,OJ803005,2029-06-10,SO177747,2029-12-30,2026-11-02,2019-09-13
EMP0924-20260916_215023,Matthew,Curtis,daniel70@example.net,1968-05-30,+44(0)1614960305,"Studio 37
Holly Oval
Port Michaelchester
W35 4YE",Female,Eastfield Psychological Services NHS Trust,Asian,Japan,ILR,Admin,Receptionist,Medicine & Acute Care,3,15.59,2017-05-22,2017-06-19,18.75,0.5,NMC,Bank,Active,RO633677,2028-02-17,HX336995,2028-05-04,2027-01-31,2017-06-12
EMP0925-20260916_215023,Alexandra,Carter,laurenjames@example.com,1991-04-28,01144960605,"53 Macdonald Lock
New Dennis
GY23 6YB",Female,Eastfield Psychological Services NHS Trust,White,United Kingdom,Skilled Worker,Admin,Administrator,Surgery & Cancer,3,16.23,2022-07-05,2022-08-16,18.75,0.5,GMC,Bank,Suspended,OI125559,2028-12-13,YG972899,2030-07-05,2027-09-08,2022-07-26
EMP0926-20260916_215023,Beth,Harvey,qtaylor@example.net,1981-01-05,+441414960671,"36 Thornton Streets
Lyndamouth
S9 8FJ",Male,Hillcrest Medical Centres NHS Trust,White,Canada,Dependent,AHP,Physiotherapist,Corporate Services,6,26.44,2024-01-03,2024-01-31,30.0,0.8,HCPC,Fixed Term,Suspended,KX582722,2028-06-24,TB387035,2028-04-25,2027-08-09,2024-01-24
EMP0927-20260916_215023,Carl,Iqbal,justinrobinson@example.com,2004-08-26,+44(0)1174960184,"Studio 83
Begum Forest
Port Johnland
ST7M 5AJ",Female,Northwood Mental Health NHS Trust,Mixed,Japan,Dependent,Nursing,Staff Nurse,Emergency & Urgent Care,5,22.98,2021-12-29,2022-02-02,30.0,0.8,GMC,Fixed Term,Inactive,VE251921,2028-02-24,QP832792,2030-02-15,2027-05-03,2022-01-19
EMP0928-20260916_215023,Mandy,Davis,hayley11@example.org,1969-10-29,(0808) 1570523,"6 Joanne Turnpike
Bakerfort
IP4 5UH",Male,Hillcrest Medical Centres NHS Trust,Asian,India,Dependent,Admin,Receptionist,Corporate Services,3,15.03,2016-10-30,2016-12-11,37.5,1.0,NMC,Fixed Term,Inactive,RQ033707,2030-09-12,SZ117257,2031-07-03,2027-06-22,2016-11-20
EMP0929-20260916_215023,Allan,Smith,watsonfrances@example.org,2007-07-22,0808 157 0399,"7 Stephenson Ramp
Leonardview
BT4H 4GL",Male,Westmere Community Health NHS Trust,Mixed,China,ILR,Admin,Medical Secretary,Critical Care & Anaesthesia,4,17.47,2022-10-02,2022-11-06,37.5,1.0,None,Permanent,Active,QR281808,2029-06-16,DX103727,2027-05-28,2027-08-30,2022-10-23
EMP0930-20260916_215023,Ryan,Lloyd,lwood@example.org,1986-08-09,(0115) 496 0632,"Flat 90
Kimberley Valley
Kellyborough
G6 6NL",Female,Westmere Community Health NHS Trust,Black,Kenya,ILR,Medical,GP,Emergency & Urgent Care,GP,60.02,2026-03-28,2026-05-09,37.5,1.0,None,Bank,On Leave,ES935609,2028-01-05,ID144585,2030-09-11,2026-11-23,2026-04-18
EMP0931-20260916_215023,Connor,Woods,lindseyellis@example.com,1994-07-10,(0115) 496 0136,"Studio 80
Riley Turnpike
Barkershire
L19 5BR",Female,Riverbank General Hospitals NHS Trust,Black,Trinidad and Tobago,ILR,Admin,Administrator,Emergency & Urgent Care,3,14.38,2023-11-23,2023-12-21,15.0,0.4,GMC,Fixed Term,Inactive,QL385711,2028-09-01,VV950240,2029-05-21,2026-12-02,2023-12-14
EMP0932-20260916_215023,Suzanne,Whittaker,mohammadsmith@example.com,1988-04-17,(0151) 496 0505,"Studio 86n
Wendy Port
Glennhaven
NG4X 6HH",Female,Bluewater Community & Rehabilitation NHS Trust,Asian,Japan,Dependent,Admin,Medical Secretary,Critical Care & Anaesthesia,4,18.19,2019-01-19,2019-02-16,18.75,0.5,None,Fixed Term,Inactive,WV586025,2026-11-12,JY044924,2031-05-29,2026-11-30,2019-02-09
EMP0933-20260916_215023,Malcolm,Davies,zknight@example.com,2005-10-21,+44131 4960603,"Flat 89
Lindsey Skyway
West Claremouth
EC3 5YT",Male,Southgate Community & Mental Health NHS Trust,White,New Zealand,ILR,Medical,Consultant,Critical Care & Anaesthesia,CONS,55.19,2019-06-18,2019-07-30,20.0,0.53,None,Bank,Inactive,ZQ610207,2030-04-05,QR899651,2028-11-04,2027-05-08,2019-07-09
EMP0934-20260916_215023,Marie,Graham,johnsonjohn@example.com,1981-03-29,0118 4960925,"3 Norman Knolls
North Marianton
E1A 7FG",Female,Southvale Hospitals NHS Trust,White,United Kingdom,Dependent,AHP,Pharmacist,Medicine & Acute Care,5,19.67,2022-12-06,2023-01-03,30.0,0.8,None,Bank,Inactive,XE584173,2029-01-07,OT387882,2031-04-22,2027-07-19,2022-12-27
EMP0935-20260916_215023,Luke,Wilkinson,anne99@example.org,1998-11-05,(0161)4960636,"540 Thomas Port
Joyceberg
N99 8NH",Male,Southvale Hospitals NHS Trust,White,Australia,Skilled Worker,AHP,Physiotherapist,Critical Care & Anaesthesia,6,23.31,2020-07-04,2020-08-01,37.5,1.0,GMC,Permanent,Inactive,ZL418798,2031-05-09,FG714266,2029-08-15,2027-09-02,2020-07-25
EMP0936-20260916_215023,Kieran,Thompson,stephenmason@example.com,1995-02-21,(0191) 496 0459,"466 Alex Locks
Billyport
BN29 8PB",Male,Southgate Community & Mental Health NHS Trust,Asian,Japan,British Citizen,Nursing,Staff Nurse,Emergency & Urgent Care,5,20.15,2024-07-26,2024-08-23,37.5,1.0,None,Permanent,On Leave,AG778780,2029-09-29,WK111005,2027-02-10,2027-05-08,2024-08-16
EMP0937-20260916_215023,Louis,Price,tompage@example.net,1971-09-26,0808 157 0693,"416 Ashleigh Garden
North Kenneth
W5 1UE",Female,Hillcrest Medical Centres NHS Trust,Black,Ghana,Skilled Worker,AHP,Occupational Therapist,Surgery & Cancer,6,27.33,2021-02-25,2021-03-25,30.0,0.8,GMC,Permanent,On Leave,QM408264,2027-05-05,VU259314,2027-05-06,2027-07-05,2021-03-18
EMP0938-20260916_215023,Mohammad,Smith,oliveradams@example.com,2008-05-01,020 74960876,"1 Morgan Walk
South Bethanburgh
CM16 1EL",Female,Westmere Community Health NHS Trust,Asian,Japan,British Citizen,Nursing,Senior Staff Nurse,Corporate Services,6,25.65,2025-04-29,2025-06-10,37.5,1.0,HCPC,Bank,Suspended,KJ242933,2027-10-28,EF571729,2030-02-18,2027-05-25,2025-05-20
EMP0939-20260916_215023,Tom,Hughes,natashagray@example.com,1987-09-10,+44(0)909 8790094,"Studio 44
Francis Drives
Griffinborough
OL60 7UU",Female,Westmere Community Health NHS Trust,Asian,Thailand,ILR,Medical,Consultant,Critical Care & Anaesthesia,CONS,65.03,2017-06-12,2017-07-10,20.0,0.53,GMC,Bank,Active,HW012257,2027-09-30,LX773298,2027-09-02,2027-06-14,2017-07-03
EMP0940-20260916_215023,Charles,Atkinson,wsmith@example.com,1980-03-03,(0191) 4960847,"Studio 17
Kieran Rest
Robinberg
HS69 1GT",Female,Westborough Acute Care NHS Trust,Black,South Africa,ILR,Medical,Consultant,Medicine & Acute Care,CONS,49.4,2025-10-18,2025-11-15,37.5,1.0,NMC,Fixed Term,On Leave,QQ908837,2029-01-20,ZX392559,2028-05-26,2026-09-19,2025-11-08
EMP0941-20260916_215023,Ricky,Stevens,bcampbell@example.com,1996-09-07,(0113) 4960979,"Studio 60L
Smith Lodge
New Lindsey
W6 6DS",Male,Valleyview Mental Wellness NHS Trust,Black,Nigeria,Dependent,AHP,Radiographer,Critical Care & Anaesthesia,6,27.5,2018-02-05,2018-03-19,37.5,1.0,NMC,Fixed Term,On Leave,KV743747,2028-02-29,UB869024,2027-11-26,2026-11-22,2018-02-26
EMP0942-20260916_215023,Stanley,Barber,harrisonmegan@example.com,1980-08-27,(0909)8790228,"737 Dennis Lakes
New Katie
PL7P 7UA",Female,Riverside Integrated Care NHS Trust,Asian,Thailand,Skilled Worker,Medical,SHO,Surgery & Cancer,SHO,25.2,2024-03-12,2024-04-16,18.75,0.5,None,Permanent,Active,KW017582,2031-06-20,RD550069,2031-07-07,2027-03-29,2024-04-02
EMP0943-20260916_215023,Bradley,Ward,kturner@example.com,1964-05-18,01214960031,"88 Ellie Row
Khanfort
ME7 8YG",Male,Valleyview Mental Wellness NHS Trust,Mixed,Thailand,ILR,AHP,Occupational Therapist,Critical Care & Anaesthesia,6,27.83,2024-04-24,2024-05-22,15.0,0.4,HCPC,Fixed Term,Inactive,DW959454,2028-07-17,NK042771,2031-02-25,2027-09-09,2024-05-15
EMP0944-20260916_215023,Jasmine,Murphy,wilkinsonstewart@example.net,1972-04-13,+441154960124,"701 Yates Field
Port Marcustown
NN5A 8YG",Male,Hillcrest Medical Centres NHS Trust,Mixed,India,ILR,Medical,GP,Clinical Support Services,GP,58.87,2018-05-01,2018-06-05,37.5,1.0,NMC,Fixed Term,On Leave,BC230625,2028-02-27,EV520034,2028-01-16,2027-05-04,2018-05-22
EMP0945-20260916_215023,Damien,Young,cookesteven@example.com,1977-08-17,+44(0)117 4960663,"031 Hollie Valleys
Doddhaven
L25 6NF",Male,Midlands Central Hospitals NHS Trust,Mixed,Thailand,British Citizen,Medical,FY1/FY2,Clinical Support Services,FY1,21.2,2023-01-15,2023-02-19,37.5,1.0,NMC,Permanent,Inactive,VP893164,2027-01-09,BS237829,2028-12-29,2027-04-10,2023-02-05
EMP0946-20260916_215023,Sara,Smith,mandyrussell@example.org,1985-03-14,01144960426,"282 Browne Mews
North Justin
S78 8YU",Female,Horizon Integrated Health Partnership NHS Trust,Mixed,Nigeria,Dependent,Nursing,Staff Nurse,Clinical Support Services,5,22.31,2016-12-07,2017-01-04,20.0,0.53,None,Permanent,Suspended,UQ715208,2027-05-05,OS702649,2031-01-13,2027-04-25,2016-12-28
EMP0947-20260916_215023,Sandra,Naylor,ltaylor@example.net,1997-08-22,+44(0)191 496 0408,"0 Hilary Summit
North Danielle
BR9 1FS",Female,Horizon Integrated Health Partnership NHS Trust,Black,Jamaica,Dependent,Nursing,Charge Nurse,Corporate Services,7,33.33,2022-01-27,2022-03-10,20.0,0.53,HCPC,Bank,On Leave,DT178637,2027-08-08,DM189832,2027-05-26,2026-11-11,2022-02-17
EMP0948-20260916_215023,Denis,Evans,sianmiller@example.org,1963-06-08,+441164960577,"Studio 1
Caroline Shores
Colemanview
W4F 0SH",Female,Northshire University Hospitals NHS Trust,Black,Barbados,British Citizen,Admin,Medical Secretary,Surgery & Cancer,4,16.54,2022-03-07,2022-04-04,30.0,0.8,GMC,Bank,On Leave,UL589031,2027-09-06,UL540336,2027-04-29,2027-03-07,2022-03-28
EMP0949-20260916_215023,Louise,Turner,marshallalex@example.com,1962-07-30,01174960491,"079 Gallagher Mount
Port Natalie
G8U 6HA",Female,Southgate Community & Mental Health NHS Trust,Black,Kenya,British Citizen,AHP,Speech Therapist,Women & Children,6,23.99,2022-05-29,2022-06-26,18.75,0.5,None,Bank,On Leave,PL117394,2030-04-01,BG728069,2028-01-20,2026-11-28,2022-06-19
EMP0950-20260916_215023,Oliver,Ali,marcus77@example.net,1989-01-21,+4429 2018 0347,"Studio 70D
Chelsea Ford
Lake Scott
BH2 5UJ",Male,Westmere Community Health NHS Trust,Mixed,Japan,Skilled Worker,Admin,Medical Secretary,Surgery & Cancer,4,17.05,2020-11-11,2020-12-23,18.75,0.5,HCPC,Bank,Inactive,RM774753,2029-04-09,IQ260915,2026-12-07,2027-05-14,2020-12-02
EMP0951-20260916_215023,Claire,Anderson,fisherpamela@example.net,1985-09-18,01154960439,"8 Roger Stream
West Jane
B4 9RP",Female,Riverbank General Hospitals NHS Trust,Asian,Japan,Skilled Worker,AHP,Physiologist,Women & Children,6,25.56,2022-08-15,2022-09-12,18.75,0.5,HCPC,Fixed Term,Active,XB081479,2028-07-09,FR694605,2031-04-15,2026-12-14,2022-09-05
EMP0952-20260916_215023,Shirley,Hodgson,karlwilliams@example.com,2005-09-03,+44(0)1154960912,"Flat 88
Geraldine Ways
Saraborough
L2 2TX",Female,Midlands Central Hospitals NHS Trust,Black,Jamaica,British Citizen,Nursing,Nursery Nurse,Corporate Services,2,14.02,2017-09-02,2017-10-07,15.0,0.4,HCPC,Bank,Suspended,DO167117,2028-10-26,LB135751,2029-09-25,2027-04-06,2017-09-23
EMP0953-20260916_215023,Diane,Singh,lloydnatasha@example.com,1982-11-08,0292018366,"Studio 25
Denise Lights
Marshallville
HR1X 2QW",Male,Northwood Mental Health NHS Trust,Asian,Japan,Dependent,Admin,Administrator,Medicine & Acute Care,3,16.25,2025-09-01,2025-10-06,20.0,0.53,GMC,Bank,On Leave,EF051355,2031-05-06,JZ125382,2030-11-11,2027-06-02,2025-09-22
EMP0954-20260916_215023,Jennifer,Cox,lynneatkinson@example.com,1963-09-17,(0116) 4960171,"Flat 4
Wayne Lake
New Joannemouth
M1H 1LU",Male,Midlands Central Hospitals NHS Trust,Mixed,United States,Skilled Worker,Admin,Data Analyst,Corporate Services,8A,28.24,2017-03-05,2017-04-02,20.0,0.53,NMC,Bank,Suspended,JU038073,2031-07-21,SR094886,2031-01-24,2027-05-11,2017-03-26
EMP0955-20260916_215023,Andrew,Roberts,sjones@example.net,1983-03-30,0118 4960336,"1 Marian Canyon
North Max
CB8 4FS",Male,Meadowbrook Community Health NHS Trust,Black,Nigeria,British Citizen,Admin,Administrator,Surgery & Cancer,3,14.67,2022-03-26,2022-05-07,37.5,1.0,HCPC,Permanent,Suspended,KH124129,2028-06-27,GQ935489,2031-07-22,2026-10-21,2022-04-16
EMP0956-20260916_215023,Laura,O'Brien,vgrant@example.org,2003-04-16,(0121)4960022,"53 Khan Centers
Lynnetown
NR9 2XT",Female,Southvale Hospitals NHS Trust,Mixed,Canada,British Citizen,Medical,FY1/FY2,Emergency & Urgent Care,FY1,21.0,2020-02-18,2020-03-24,37.5,1.0,NMC,Bank,Suspended,VN209888,2027-06-24,LH194246,2031-03-13,2027-03-18,2020-03-10
EMP0957-20260916_215023,Ryan,Law,robinsongavin@example.org,2003-03-09,+4420 7496 0362,"54 Brooks Common
South Michelleview
RH72 3XH",Male,Westmere Community Health NHS Trust,White,Canada,ILR,Admin,Data Analyst,Corporate Services,8A,34.79,2018-04-29,2018-05-27,30.0,0.8,GMC,Bank,Inactive,FC187349,2027-11-20,ZM154491,2027-12-23,2027-01-02,2018-05-20
EMP0958-20260916_215023,Dawn,Evans,danny05@example.net,2005-02-27,+44(0)1174960592,"38 Barbara Shoal
North Colinmouth
TD0W 9XJ",Male,Northwood Mental Health NHS Trust,Mixed,South Africa,Skilled Worker,Nursing,Ward Manager,Emergency & Urgent Care,8A,32.4,2022-09-30,2022-11-04,15.0,0.4,NMC,Permanent,Suspended,AI840365,2028-08-14,IU939229,2028-03-16,2026-09-28,2022-10-21
EMP0959-20260916_215023,Kieran,Kemp,richardslynda@example.com,1961-08-09,+4428 9018025,"259 Reece Field
East Harry
IV0M 7TG",Male,Riverbank General Hospitals NHS Trust,Black,Barbados,British Citizen,AHP,Speech Therapist,Surgery & Cancer,6,25.41,2020-11-15,2020-12-13,30.0,0.8,NMC,Fixed Term,Suspended,RN438882,2030-07-31,SB102039,2028-05-15,2027-05-07,2020-12-06
EMP0960-20260916_215023,Daniel,Stone,clarkdonald@example.com,2008-05-04,+44(0)292018090,"Flat 3
Bethan Fields
Port Donaldstad
E0 2NP",Male,Broadfield Clinical Services NHS Trust,White,Canada,ILR,Nursing,Charge Nurse,Corporate Services,7,31.66,2025-05-25,2025-06-29,30.0,0.8,GMC,Bank,Active,XF677360,2030-05-30,EX467902,2031-05-20,2026-11-05,2025-06-15
EMP0961-20260916_215023,Conor,Wilkins,mdavies@example.org,1987-09-17,+441314960107,"693 Harris Drive
South Aliceburgh
SS16 2YU",Female,Horizon Integrated Health Partnership NHS Trust,Black,South Africa,Dependent,Nursing,Staff Nurse,Women & Children,5,19.33,2021-05-28,2021-07-02,15.0,0.4,GMC,Permanent,Inactive,XF937529,2029-09-20,KY448419,2028-03-06,2027-08-16,2021-06-18
EMP0962-20260916_215023,Ryan,Bates,zoeyoung@example.net,1979-10-04,(020) 74960426,"4 Atkinson Ridges
Kaurborough
E9 8LF",Female,Lakeside District Hospitals NHS Trust,Asian,China,Skilled Worker,Nursing,Charge Nurse,Critical Care & Anaesthesia,7,30.98,2018-03-03,2018-04-07,18.75,0.5,HCPC,Fixed Term,Inactive,UE173190,2028-01-29,KT882029,2026-10-19,2026-11-23,2018-03-24
EMP0963-20260916_215023,Rachel,Edwards,joycewatson@example.net,1992-04-09,+441614960290,"Studio 23Z
Mary Tunnel
Terryport
L3 2SG",Male,Hillcrest Medical Centres NHS Trust,Black,Ghana,Skilled Worker,Nursing,Senior Staff Nurse,Surgery & Cancer,6,25.65,2022-02-26,2022-03-26,15.0,0.4,GMC,Permanent,Active,LB895395,2031-08-25,PP905743,2031-01-12,2027-01-12,2022-03-19
EMP0964-20260916_215023,Alison,Roberts,natalie74@example.net,1996-08-08,0118 496 0143,"Flat 5
Brown Junction
Smartfort
PH3 9YS",Male,Eastfield Psychological Services NHS Trust,White,United States,Dependent,Admin,Receptionist,Women & Children,3,14.59,2018-11-10,2018-12-08,15.0,0.4,NMC,Fixed Term,Active,YV640360,2027-04-06,RK900699,2031-01-21,2026-10-18,2018-12-01
EMP0965-20260916_215023,Guy,Rowe,andrew40@example.org,1962-05-05,03069990821,"0 Margaret Greens
Mariontown
G6 2BB",Male,Midlands Central Hospitals NHS Trust,Black,South Africa,Skilled Worker,Medical,FY1/FY2,Critical Care & Anaesthesia,FY1,21.38,2022-02-05,2022-03-05,37.5,1.0,NMC,Fixed Term,Suspended,AQ018519,2029-03-23,QA343115,2028-11-29,2027-07-02,2022-02-26
EMP0966-20260916_215023,Hilary,Stokes,ylowe@example.com,2002-12-17,+44(0)1184960749,"Flat 1
King Landing
Boltonchester
SN84 6PA",Female,Riverbank General Hospitals NHS Trust,Asian,Japan,Dependent,AHP,Radiographer,Emergency & Urgent Care,6,26.71,2019-10-05,2019-11-09,37.5,1.0,NMC,Bank,Suspended,OJ817265,2028-06-27,XY383196,2030-02-07,2026-12-12,2019-10-26
EMP0967-20260916_215023,Dylan,Gardiner,hnorris@example.org,1979-12-03,0161 4960498,"Studio 64z
Rosie Greens
Lawrenceside
CW36 0PS",Male,Bluewater Community & Rehabilitation NHS Trust,Asian,India,ILR,Nursing,Senior Staff Nurse,Surgery & Cancer,6,24.93,2020-06-07,2020-07-12,37.5,1.0,GMC,Fixed Term,Inactive,IX801250,2031-08-17,BB201583,2026-11-12,2027-06-20,2020-06-28
EMP0968-20260916_215023,Ricky,Mason,hgregory@example.net,1993-02-06,+44114 4960798,"Flat 92
Abdul Land
Watsonhaven
M60 4BZ",Female,Greenhaven Acute & Specialist Care NHS Trust,Mixed,Kenya,ILR,Medical,GP,Critical Care & Anaesthesia,GP,57.4,2020-12-27,2021-01-31,18.75,0.5,HCPC,Fixed Term,Active,BV886709,2028-11-23,AD857956,2028-05-19,2027-02-10,2021-01-17
EMP0969-20260916_215023,Owen,Watts,diana34@example.org,1972-09-21,(0115) 496 0291,"Flat 21Z
Debra Path
Jaynetown
L0C 6HY",Female,Riverbank General Hospitals NHS Trust,Asian,Thailand,Skilled Worker,AHP,Speech Therapist,Emergency & Urgent Care,6,23.37,2021-05-15,2021-06-26,30.0,0.8,HCPC,Fixed Term,Suspended,MU717527,2031-04-11,OS009254,2028-01-12,2027-08-04,2021-06-05
EMP0970-20260916_215023,Frank,Thomas,daviesmolly@example.com,2000-05-03,+44121 4960809,"Flat 13u
Wood Summit
Kyleview
M7T 9HA",Female,Oakridge Community Services NHS Trust,White,United States,ILR,Nursing,Charge Nurse,Clinical Support Services,7,28.77,2019-08-15,2019-09-19,20.0,0.53,NMC,Permanent,Inactive,KW655909,2029-06-03,HP442378,2029-08-05,2027-06-09,2019-09-05
EMP0971-20260916_215023,Kathleen,Robertson,elizabethbyrne@example.net,1964-07-01,+44(0)808 157 0867,"2 Allen Flats
Sianburgh
M06 4FT",Female,Hillcrest Medical Centres NHS Trust,Mixed,United Kingdom,ILR,Medical,GP,Women & Children,GP,46.76,2022-09-27,2022-11-01,15.0,0.4,GMC,Permanent,Active,SU717118,2029-10-02,SS371190,2027-02-25,2027-09-05,2022-10-18
EMP0972-20260916_215023,Owen,Wilson,osimmons@example.net,1974-02-10,+44(0)114 4960937,"Flat 5
Sian Valley
Lake Kimberleymouth
DL59 4PR",Male,Eastfield Psychological Services NHS Trust,Asian,China,Skilled Worker,AHP,Occupational Therapist,Corporate Services,6,25.25,2016-10-12,2016-11-16,37.5,1.0,None,Fixed Term,Active,IK501795,2026-11-10,CJ642918,2029-09-10,2027-02-06,2016-11-02
EMP0973-20260916_215023,Carl,Parker,brett18@example.com,1997-07-22,+44(0)113 4960873,"7 Kelly Summit
Sharpeburgh
M6 5UT",Male,Eastfield Psychological Services NHS Trust,White,New Zealand,British Citizen,Medical,Consultant,Critical Care & Anaesthesia,CONS,66.48,2024-08-09,2024-09-06,37.5,1.0,NMC,Bank,On Leave,GC015561,2029-02-19,YK617902,2028-02-21,2027-05-28,2024-08-30
EMP0974-20260916_215023,Conor,Hicks,lmorrison@example.org,1968-02-09,(028)9018069,"Studio 25r
Herbert Mission
Charlesfurt
N5 3ER",Female,Westborough Acute Care NHS Trust,Black,Barbados,ILR,AHP,Physiologist,Corporate Services,6,23.44,2020-06-23,2020-07-28,18.75,0.5,None,Permanent,On Leave,WK177330,2030-08-21,FQ621810,2031-01-14,2027-08-19,2020-07-14
EMP0975-20260916_215023,Louis,Howe,fosterbeth@example.org,2002-11-26,+44(0)118 4960378,"Flat 18
Chelsea Pines
South Damien
TF1X 4AR",Male,Bluewater Community & Rehabilitation NHS Trust,Asian,India,ILR,Admin,Receptionist,Clinical Support Services,3,14.75,2019-03-06,2019-04-03,18.75,0.5,None,Fixed Term,Inactive,NM442913,2029-10-18,IY543336,2029-07-14,2027-03-07,2019-03-27
EMP0976-20260916_215023,Colin,Jones,annanolan@example.net,1999-05-18,+44(0)8081570628,"621 Leah Lodge
Port Lydia
HP5 6FZ",Male,Horizon Integrated Health Partnership NHS Trust,White,United States,British Citizen,AHP,Physiologist,Surgery & Cancer,6,23.66,2018-04-29,2018-06-10,15.0,0.4,HCPC,Bank,Suspended,ED463828,2026-10-10,CL945427,2027-07-25,2026-12-26,2018-05-20
EMP0977-20260916_215023,Mohammad,Chambers,paulward@example.net,1983-05-26,0161 496 0174,"849 Austin Station
Curtishaven
CV6V 0PP",Male,Westmere Community Health NHS Trust,Asian,Thailand,Skilled Worker,Admin,Receptionist,Medicine & Acute Care,3,14.29,2018-03-10,2018-04-14,30.0,0.8,GMC,Fixed Term,Active,KD229811,2027-06-18,MJ925443,2031-07-24,2027-08-24,2018-03-31
EMP0978-20260916_215023,Catherine,Evans,lhilton@example.org,2000-10-17,(0191) 4960742,"Studio 64O
Michael Harbor
Lake Kerryfort
G0 0XF",Female,Broadfield Clinical Services NHS Trust,Asian,Thailand,British Citizen,Medical,GP,Women & Children,GP,50.33,2022-06-09,2022-07-07,20.0,0.53,None,Fixed Term,Active,YO145395,2028-10-26,SR562200,2027-06-29,2027-05-04,2022-06-30
EMP0979-20260916_215023,Rosie,Griffiths,dwheeler@example.org,1990-12-16,0121 496 0351,"Flat 53
Goddard Coves
Gilesstad
SR80 1NU",Female,Northwood Mental Health NHS Trust,White,Australia,British Citizen,Nursing,Ward Manager,Women & Children,8A,34.58,2026-07-22,2026-08-19,30.0,0.8,NMC,Bank,Suspended,BY581641,2029-04-25,UX480183,2028-03-30,2027-09-09,2026-08-12
EMP0980-20260916_215023,Georgina,Clarke,zbrookes@example.org,2000-01-22,+44(0)115 496 0797,"Studio 26
Ward Mountains
East Tinahaven
BS12 5RB",Female,Midlands Central Hospitals NHS Trust,Mixed,Kenya,Dependent,AHP,Radiographer,Critical Care & Anaesthesia,6,23.57,2023-09-08,2023-10-13,18.75,0.5,HCPC,Permanent,Active,WN002451,2031-01-31,YS384010,2028-04-20,2026-10-16,2023-09-29
EMP0981-20260916_215023,Carol,Turner,daviesvincent@example.com,1978-05-26,+44808 1570009,"Studio 76
John Burg
Bellmouth
WD1W 5ZQ",Female,Riverside Integrated Care NHS Trust,Mixed,Thailand,Dependent,Admin,Receptionist,Corporate Services,3,16.2,2023-02-28,2023-03-28,37.5,1.0,NMC,Permanent,Inactive,CM832512,2027-12-22,JO353633,2029-07-15,2027-04-17,2023-03-21
EMP0982-20260916_215023,Beverley,McKenzie,melissaturner@example.org,1976-10-30,+44(0)1174960992,"Studio 13
June Station
Amandaton
FY3M 8XA",Female,Broadfield Clinical Services NHS Trust,Black,South Africa,British Citizen,Nursing,Charge Nurse,Clinical Support Services,7,27.09,2018-02-12,2018-03-12,15.0,0.4,HCPC,Bank,On Leave,JB674593,2027-02-23,OH861187,2028-11-15,2026-09-16,2018-03-05
EMP0983-20260916_215023,Louise,Smith,ewilkinson@example.org,1963-04-09,+44(0)161 496 0554,"43 Molly Overpass
West Jeffreybury
CT0A 5LP",Female,Eastmoor Teaching Hospitals NHS Trust,Asian,India,Dependent,Medical,SHO,Medicine & Acute Care,SHO,28.35,2023-08-27,2023-09-24,15.0,0.4,NMC,Fixed Term,Active,CJ594075,2029-01-13,WS089088,2031-08-14,2027-06-15,2023-09-17
EMP0984-20260916_215023,Joyce,Gibson,westonabdul@example.com,1966-06-16,+44(0)909 879 0583,"Flat 58
Jones Flat
Evansland
HA90 1ZY",Female,Westborough Acute Care NHS Trust,Asian,India,ILR,Nursing,Staff Nurse,Clinical Support Services,5,22.25,2017-04-23,2017-06-04,37.5,1.0,NMC,Fixed Term,Active,JN822761,2028-04-27,GC421071,2028-07-24,2027-01-04,2017-05-14
EMP0985-20260916_215023,Bradley,Baker,tracey03@example.com,1999-10-08,01154960032,"Flat 69v
Vanessa Shores
Eleanorborough
E09 4BP",Male,Midlands Central Hospitals NHS Trust,Mixed,New Zealand,ILR,Admin,Data Analyst,Emergency & Urgent Care,8A,31.01,2019-09-21,2019-10-19,15.0,0.4,GMC,Permanent,On Leave,UN368457,2027-07-31,EU131383,2027-06-28,2026-10-16,2019-10-12
EMP0986-20260916_215023,Bernard,Wilkinson,bwood@example.net,1984-02-29,01214960099,"Studio 6
Morgan Views
East Yvonneberg
N5F 7WZ",Male,Greenhaven Acute & Specialist Care NHS Trust,White,New Zealand,Skilled Worker,AHP,Speech Therapist,Emergency & Urgent Care,6,27.95,2020-11-20,2020-12-18,15.0,0.4,NMC,Permanent,Suspended,MV356416,2028-03-26,IX504022,2031-04-20,2027-06-15,2020-12-11
EMP0987-20260916_215023,Kevin,Carr,margarethill@example.net,1997-03-02,+44909 879 0778,"Studio 90
Douglas Fields
Port Shirleyburgh
E16 8WJ",Male,Eastmoor Teaching Hospitals NHS Trust,White,United Kingdom,Skilled Worker,Nursing,Ward Manager,Emergency & Urgent Care,8A,31.72,2023-11-27,2024-01-01,15.0,0.4,None,Permanent,Suspended,VL155116,2031-08-04,MY815487,2028-12-22,2027-09-02,2023-12-18
EMP0988-20260916_215023,Danielle,Morgan,reidalex@example.net,1973-10-19,(028) 9018 0959,"Flat 1
Damien Plains
South Helen
S50 7NQ",Female,Eastmoor Teaching Hospitals NHS Trust,White,Canada,Skilled Worker,Medical,Registrar,Corporate Services,SPR,33.35,2025-06-29,2025-08-03,18.75,0.5,NMC,Bank,Active,EX075889,2027-12-28,VS519577,2030-09-18,2026-10-09,2025-07-20
EMP0989-20260916_215023,Paula,Burrows,pcharlton@example.net,1993-12-16,+44(0)29 2018014,"62 Joanne Stravenue
West Carolineview
OX4 3YY",Female,Midlands Central Hospitals NHS Trust,White,United Kingdom,Dependent,AHP,Physiotherapist,Corporate Services,6,25.52,2025-04-10,2025-05-22,37.5,1.0,NMC,Permanent,Active,RR596856,2028-11-24,UN269261,2027-03-24,2027-03-25,2025-05-01
EMP0990-20260916_215023,Cameron,Johnston,bpage@example.org,1989-10-05,+44116 496 0427,"240 Suzanne Passage
Alexanderton
B2 9SE",Female,Southvale Hospitals NHS Trust,Black,Kenya,British Citizen,Nursing,Charge Nurse,Clinical Support Services,7,33.18,2019-06-27,2019-08-08,30.0,0.8,None,Fixed Term,Suspended,KI157014,2026-09-29,RP879954,2028-11-11,2026-12-21,2019-07-18
EMP0991-20260916_215023,Leigh,Metcalfe,rossscott@example.net,1987-10-08,+44306 9990893,"Studio 5
Clare Island
Owenfort
G89 9EW",Female,Valleyview Mental Wellness NHS Trust,Asian,Thailand,British Citizen,Admin,Medical Secretary,Women & Children,4,18.54,2018-01-12,2018-02-09,30.0,0.8,HCPC,Fixed Term,Active,QU872297,2029-01-24,MO963436,2028-07-10,2027-04-08,2018-02-02
EMP0992-20260916_215023,Jasmine,Waters,davieskate@example.com,1982-04-03,+4420 74960984,"6 Harriet Dam
South Nicholas
L09 8HZ",Female,Westmere Community Health NHS Trust,Asian,Thailand,ILR,Medical,Consultant,Medicine & Acute Care,CONS,64.22,2020-12-28,2021-01-25,37.5,1.0,HCPC,Bank,Suspended,VP163741,2030-02-04,JX680439,2030-12-15,2027-08-30,2021-01-18
EMP0993-20260916_215023,Lewis,Walton,joshuawells@example.com,1984-06-28,+44151 4960952,"Studio 1
Lewis Rue
North Kevinbury
PA9X 9SU",Male,Westborough Acute Care NHS Trust,White,Australia,ILR,AHP,Physiotherapist,Surgery & Cancer,6,24.27,2020-06-30,2020-08-04,15.0,0.4,GMC,Permanent,Inactive,EU309858,2029-09-19,FN894702,2031-08-06,2026-12-15,2020-07-21
EMP0994-20260916_215023,Ian,Miller,jessica11@example.com,2002-07-16,0808 1570617,"Studio 23
Marc Roads
Frasermouth
W13 7UX",Male,Greenhaven Acute & Specialist Care NHS Trust,Asian,India,ILR,AHP,Radiographer,Corporate Services,6,23.64,2017-08-05,2017-09-16,37.5,1.0,GMC,Permanent,Active,ZK422640,2031-01-30,OX383215,2027-04-21,2027-05-21,2017-08-26
EMP0995-20260916_215023,Norman,Spencer,ejones@example.com,2000-11-11,01164960972,"5 Russell Skyway
Brianport
B03 1TX",Female,Broadfield Clinical Services NHS Trust,Mixed,Japan,British Citizen,Nursing,Healthcare Assistant,Corporate Services,2,12.81,2026-05-25,2026-06-22,20.0,0.53,GMC,Bank,On Leave,BJ755410,2027-01-08,FJ519338,2027-11-30,2027-07-18,2026-06-15
EMP0996-20260916_215023,Nicholas,Kirby,kgodfrey@example.com,1970-07-09,+44116 4960985,"Flat 58J
Carl Passage
South Abigail
M5C 3NN",Male,Bluewater Community & Rehabilitation NHS Trust,Black,South Africa,British Citizen,AHP,Pharmacist,Women & Children,5,19.24,2017-02-04,2017-03-04,20.0,0.53,HCPC,Fixed Term,On Leave,DO733649,2030-05-07,UR810299,2029-09-10,2026-10-20,2017-02-25
EMP0997-20260916_215023,Norman,Powell,louis20@example.net,1962-03-31,(0114) 496 0360,"Flat 5
Porter Port
Port Angela
PO5N 6JZ",Male,Broadfield Clinical Services NHS Trust,Mixed,United States,Dependent,Admin,Medical Secretary,Clinical Support Services,4,17.12,2026-03-24,2026-05-05,37.5,1.0,HCPC,Permanent,On Leave,EZ284768,2027-11-17,VE551620,2028-01-15,2027-06-16,2026-04-14
EMP0998-20260916_215023,Bethany,Dawson,mathewholmes@example.org,1970-10-17,+44131 4960811,"514 Barlow Village
Garnermouth
M46 4YF",Female,Horizon Integrated Health Partnership NHS Trust,White,Australia,British Citizen,Nursing,Nursery Nurse,Emergency & Urgent Care,2,12.88,2018-03-11,2018-04-08,15.0,0.4,None,Permanent,Inactive,DV262129,2029-06-11,ZC486455,2030-08-24,2026-11-01,2018-04-01
EMP0999-20260916_215023,Lynn,Perry,jonesrichard@example.com,1963-02-23,+44114 4960795,"Studio 26D
Dunn Streets
Russellton
IV26 2EF",Male,Meadowbrook Community Health NHS Trust,Asian,India,ILR,Admin,Medical Secretary,Emergency & Urgent Care,4,18.67,2026-04-03,2026-05-15,15.0,0.4,NMC,Permanent,Suspended,RT500414,2031-04-11,MN880180,2028-10-08,2027-08-10,2026-04-24
EMP1000-20260916_215023,Joanna,Harding,hellis@example.org,1980-10-15,+44(0)289018259,"02 Kayleigh Burg
Mohammadborough
WF74 0LZ",Male,Northwood Mental Health NHS Trust,Mixed,Barbados,ILR,AHP,Pharmacist,Women & Children,5,20.02,2016-10-25,2016-11-22,18.75,0.5,NMC,Bank,Active,GW330367,2029-04-11,KZ572873,2027-02-11,2027-04-15,2016-11-15
EMP1001-20260916_215023,Angela,Preston,jamesalice@example.net,1999-03-27,+44909 8790503,"92 Mellor Mission
East Lindsey
GL63 0UD",Male,Broadfield Clinical Services NHS Trust,Asian,India,British Citizen,Nursing,Charge Nurse,Medicine & Acute Care,7,31.36,2026-06-30,2026-08-11,18.75,0.5,None,Bank,Inactive,FN022384,2030-03-15,KY346828,2029-02-28,2027-06-28,2026-07-21
EMP1002-20260916_215023,Claire,Perry,jenkinsnatasha@example.org,2005-05-01,+44151 4960416,"Studio 86
Louise Estates
Mohamedhaven
SW8E 8ZS",Male,Westmere Community Health NHS Trust,Black,Barbados,Skilled Worker,Nursing,Healthcare Assistant,Clinical Support Services,2,12.7,2019-07-04,2019-08-01,30.0,0.8,HCPC,Permanent,On Leave,IH436033,2031-06-02,NS224317,2030-02-15,2027-07-09,2019-07-25
EMP1003-20260916_215023,Jemma,Foster,hughesjacqueline@example.org,2005-11-16,(01632) 960 574,"6 Watson Center
Popeton
L8 7BD",Female,Eastmoor Teaching Hospitals NHS Trust,White,Canada,British Citizen,Admin,Receptionist,Women & Children,3,15.03,2019-05-16,2019-06-27,30.0,0.8,GMC,Permanent,Inactive,VU222287,2031-08-08,VL760879,2028-03-30,2027-04-05,2019-06-06
EMP1004-20260916_215023,Robert,Burgess,nashanthony@example.org,1976-05-04,0118 4960717,"4 Robinson Extensions
East Mandy
IM8 1WZ",Female,Northwood Mental Health NHS Trust,Mixed,Barbados,Dependent,AHP,Speech Therapist,Clinical Support Services,6,25.78,2022-02-16,2022-03-30,30.0,0.8,NMC,Bank,Active,RV403621,2027-01-30,QU344467,2027-03-26,2027-04-24,2022-03-09
EMP1005-20260916_215023,Grace,Davis,bishopjoan@example.net,1982-07-09,(020) 74960031,"131 Peter Road
New Kevin
PR5 3AS",Female,Lakeside District Hospitals NHS Trust,Asian,India,British Citizen,Medical,Registrar,Surgery & Cancer,SPR,42.24,2022-10-07,2022-11-18,20.0,0.53,None,Fixed Term,Active,NK648593,2027-01-05,PA064683,2029-09-22,2027-09-14,2022-10-28
EMP1006-20260916_215023,Jodie,West,kylekirby@example.net,1970-05-22,(0113)4960309,"4 Denis Fork
North Alan
PO17 8UH",Female,Hillcrest Medical Centres NHS Trust,Mixed,China,Skilled Worker,AHP,Radiographer,Medicine & Acute Care,6,23.71,2025-08-24,2025-10-05,18.75,0.5,None,Bank,Inactive,FI006312,2031-01-01,IP909608,2031-08-13,2027-05-04,2025-09-14
EMP1007-20260916_215023,Gail,Jones,patrick45@example.net,2000-01-16,+44(0)114 496 0087,"38 Shane Harbors
West Fionaport
IG7X 6UW",Female,Valleyview Mental Wellness NHS Trust,Black,Nigeria,British Citizen,Medical,SHO,Corporate Services,SHO,29.17,2024-12-22,2025-01-26,37.5,1.0,GMC,Fixed Term,Suspended,ZH853646,2027-11-03,UP962349,2028-09-18,2027-08-10,2025-01-12
EMP1008-20260916_215023,Lawrence,Roberts,jonesdeclan@example.org,1965-12-29,+441184960305,"Flat 53
Bartlett Club
South Lynneshire
JE9 4PF",Male,Westborough Acute Care NHS Trust,Asian,Thailand,British Citizen,Medical,Registrar,Critical Care & Anaesthesia,SPR,39.0,2020-08-07,2020-09-18,18.75,0.5,NMC,Fixed Term,On Leave,GA716997,2031-02-24,MA940084,2027-08-23,2027-03-11,2020-08-28
EMP1009-20260916_215023,Kathryn,Doherty,ihunt@example.org,1970-07-16,+44(0)306 9990443,"49 Moore Branch
Charliemouth
SE6 7WG",Male,Bluewater Community & Rehabilitation NHS Trust,Black,Kenya,British Citizen,Nursing,Charge Nurse,Critical Care & Anaesthesia,7,31.52,2026-01-09,2026-02-20,15.0,0.4,None,Permanent,Suspended,FN854674,2029-11-05,YS747596,2031-08-29,2027-08-07,2026-01-30
EMP1010-20260916_215023,Guy,Henderson,bishopjasmine@example.com,1975-04-01,+44(0)115 496 0398,"52 Stephen Courts
West Juliaside
B82 4EF",Female,Northshire University Hospitals NHS Trust,White,United States,ILR,AHP,Physiologist,Surgery & Cancer,6,24.99,2017-07-15,2017-08-26,20.0,0.53,GMC,Bank,Suspended,SI873183,2026-11-01,ZZ383457,2027-08-28,2027-02-24,2017-08-05
EMP1011-20260916_215023,Richard,Rowley,sylvia85@example.com,1965-06-18,+44(0)1314960675,"Studio 30
Read Fort
Lake Joannatown
BT5 0TZ",Male,Northshire University Hospitals NHS Trust,White,Australia,Dependent,Medical,FY1/FY2,Clinical Support Services,FY1,18.94,2022-08-02,2022-09-13,30.0,0.8,HCPC,Permanent,Inactive,KY278405,2027-05-15,DA778439,2030-01-26,2027-01-17,2022-08-23
EMP1012-20260916_215023,Jill,King,kimberley86@example.org,1962-11-20,(0151) 496 0047,"62 Sarah Motorway
East Caroleborough
B5F 2TR",Male,Northshire University Hospitals NHS Trust,Mixed,Jamaica,ILR,AHP,Radiographer,Corporate Services,6,24.65,2023-03-19,2023-04-30,15.0,0.4,HCPC,Permanent,Active,LF102053,2030-04-19,HK633713,2031-08-16,2027-03-30,2023-04-09
EMP1013-20260916_215023,Craig,Hicks,grichardson@example.com,1983-01-04,+44(0)117 496 0436,"Studio 63
Ashleigh Ports
Leefort
W0 4DY",Female,Oakridge Community Services NHS Trust,Black,Trinidad and Tobago,Dependent,Medical,SHO,Surgery & Cancer,SHO,30.52,2022-04-19,2022-05-24,15.0,0.4,None,Bank,On Leave,NG824090,2030-12-28,NL480097,2031-02-21,2026-11-19,2022-05-10
EMP1014-20260916_215023,Reece,Lee,fbradley@example.net,1998-12-23,+44(0)1632960012,"Studio 33
Patel Mills
Bennettbury
IM5 3ZW",Male,Westborough Acute Care NHS Trust,White,United States,British Citizen,Medical,GP,Women & Children,GP,55.42,2021-01-28,2021-03-11,30.0,0.8,NMC,Bank,Inactive,FP009997,2029-01-04,ZQ576363,2030-04-28,2026-10-04,2021-02-18
EMP1015-20260916_215023,Ronald,Frost,dbooth@example.net,1967-07-24,+44(0)114 4960052,"538 Mohammad Mall
Port Victoria
PO03 3ZD",Male,Southvale Hospitals NHS Trust,Black,Kenya,Dependent,Admin,Data Analyst,Corporate Services,8A,32.0,2023-10-04,2023-11-08,15.0,0.4,NMC,Permanent,Active,UV417952,2030-12-01,UY095580,2027-07-17,2027-01-23,2023-10-25
EMP1016-20260916_215023,Bryan,Tucker,evansharry@example.net,1986-05-17,0909 879 0756,"Studio 33
Burke Mill
South Douglas
W16 8GG",Female,Eastfield Psychological Services NHS Trust,Black,Kenya,British Citizen,Nursing,Senior Staff Nurse,Critical Care & Anaesthesia,6,24.87,2017-02-08,2017-03-15,37.5,1.0,GMC,Permanent,Inactive,KA456191,2030-07-17,BF004834,2027-11-13,2026-10-22,2017-03-01
EMP1017-20260916_215023,Maria,Mitchell,keithjohnson@example.net,1971-10-06,+44(0)113 4960318,"05 Marie Pines
Joyceside
LN9X 4NE",Female,Riverbank General Hospitals NHS Trust,Asian,Japan,Dependent,Nursing,Senior Staff Nurse,Medicine & Acute Care,6,27.26,2017-10-28,2017-12-09,15.0,0.4,NMC,Permanent,On Leave,CB454476,2030-10-17,HU800975,2027-01-10,2027-07-20,2017-11-18
EMP1018-20260916_215023,Tina,French,georgiagreen@example.org,1999-08-04,029 2018890,"Studio 8
Lee Court
West Duncan
HU92 4RD",Male,Southgate Community & Mental Health NHS Trust,Mixed,India,ILR,Medical,GP,Medicine & Acute Care,GP,58.25,2026-03-26,2026-04-23,18.75,0.5,HCPC,Fixed Term,Suspended,ZO214788,2029-02-19,TI736510,2027-09-02,2027-05-28,2026-04-16
EMP1019-20260916_215023,Garry,Bell,evansdamian@example.org,1987-07-06,0117 4960921,"98 Lynda Harbor
North Rosemaryburgh
G20 7AJ",Female,Westmere Community Health NHS Trust,Asian,Japan,British Citizen,Admin,Receptionist,Surgery & Cancer,3,14.68,2019-06-30,2019-08-11,30.0,0.8,NMC,Fixed Term,Active,PJ401500,2029-09-02,VN492626,2027-09-03,2026-09-22,2019-07-21
EMP1020-20260916_215023,Jean,Stanley,garysmith@example.com,1984-07-05,+44(0)116 4960090,"Flat 45E
Turner Overpass
North Alan
HP4 1DE",Female,Eastfield Psychological Services NHS Trust,Mixed,New Zealand,British Citizen,Admin,Administrator,Corporate Services,3,14.4,2024-10-30,2024-12-04,30.0,0.8,NMC,Bank,Active,DG771214,2028-11-14,BZ989791,2028-05-26,2027-02-06,2024-11-20
EMP1021-20260916_215023,Rachel,Smith,amandataylor@example.org,2004-11-16,+44(0)909 8790297,"Flat 1
Joyce Prairie
South Catherine
G5G 7DG",Female,Riverside Integrated Care NHS Trust,Mixed,Thailand,Dependent,Medical,FY1/FY2,Emergency & Urgent Care,FY1,20.86,2025-03-18,2025-04-15,18.75,0.5,NMC,Permanent,Active,JQ228147,2030-01-13,IM486851,2029-10-22,2026-12-22,2025-04-08
EMP1022-20260916_215023,Anna,Cook,uwilliams@example.com,1984-04-15,+44808 1570529,"44 Maureen Plains
Williamport
DY2 7XF",Female,Southgate Community & Mental Health NHS Trust,Black,Trinidad and Tobago,ILR,Nursing,Staff Nurse,Emergency & Urgent Care,5,22.9,2017-04-04,2017-05-16,15.0,0.4,NMC,Bank,Inactive,NP936839,2030-02-20,US294568,2028-02-25,2026-11-12,2017-04-25
EMP1023-20260916_215023,Mohammad,Bartlett,uwoodward@example.com,1967-05-15,+44(0)116 496 0874,"5 Chandler Mountain
Richardsonchester
ML0X 6HY",Male,Hillcrest Medical Centres NHS Trust,Mixed,China,ILR,AHP,Speech Therapist,Critical Care & Anaesthesia,6,23.91,2025-07-20,2025-08-24,20.0,0.53,HCPC,Bank,Active,ML077135,2030-03-24,ED357922,2028-07-04,2027-04-16,2025-08-10
EMP1024-20260916_215023,Martin,Perry,ann37@example.net,1975-08-28,028 9018 0043,"Flat 48L
Coles Neck
West Maureen
N3 8ZT",Female,Bluewater Community & Rehabilitation NHS Trust,White,Australia,Dependent,Admin,Medical Secretary,Women & Children,4,18.11,2019-11-03,2019-12-01,20.0,0.53,HCPC,Bank,On Leave,GK350601,2028-12-30,BH296331,2029-05-04,2027-07-28,2019-11-24
EMP1025-20260916_215023,Roy,Harris,mbutcher@example.org,1960-10-23,(0131)4960594,"681 Gibson Spring
East Howardstad
HP1 7SB",Female,Oakridge Community Services NHS Trust,Mixed,Nigeria,Skilled Worker,AHP,Physiologist,Corporate Services,6,24.7,2021-12-16,2022-01-27,20.0,0.53,HCPC,Bank,Inactive,MV586268,2030-08-09,QV883637,2027-11-06,2027-05-14,2022-01-06
EMP1026-20260916_215023,Luke,Baker,darrengray@example.org,1986-03-17,+4420 74960805,"Flat 0
Williams Cliff
West Lawrence
LS6W 4PB",Female,Riverside Integrated Care NHS Trust,Black,Barbados,ILR,AHP,Speech Therapist,Clinical Support Services,6,27.63,2024-10-10,2024-11-21,15.0,0.4,None,Bank,Suspended,QR330077,2026-09-25,LJ842277,2030-05-06,2026-11-28,2024-10-31
EMP1027-20260916_215023,Eileen,White,pearsonangela@example.org,1986-04-06,(0114)4960293,"810 Joyce Track
South Lisamouth
N14 1BJ",Male,Valleyview Mental Wellness NHS Trust,Mixed,Ghana,Skilled Worker,Admin,Medical Secretary,Surgery & Cancer,4,19.46,2024-08-15,2024-09-26,20.0,0.53,None,Permanent,On Leave,RH328952,2027-01-19,FG984823,2030-05-20,2027-03-31,2024-09-05
EMP1028-20260916_215023,Joseph,Akhtar,turnerjennifer@example.org,1991-01-04,+441214960132,"Studio 37s
Jay Wells
Bowenberg
HR95 1DF",Male,Broadfield Clinical Services NHS Trust,Asian,Japan,Skilled Worker,Nursing,Charge Nurse,Corporate Services,7,30.27,2018-06-10,2018-07-22,37.5,1.0,HCPC,Bank,Suspended,QX937505,2029-06-24,XY783368,2029-01-03,2027-09-15,2018-07-01
EMP1029-20260916_215023,Jay,Ward,walkermatthew@example.com,2003-04-04,(0115) 496 0486,"4 Allan Flat
Farmerbury
W78 9BH",Male,Valleyview Mental Wellness NHS Trust,Black,Ghana,Skilled Worker,Medical,Registrar,Medicine & Acute Care,SPR,41.2,2023-02-26,2023-04-09,30.0,0.8,GMC,Fixed Term,Active,DS020998,2031-02-14,BD016607,2026-11-08,2027-05-18,2023-03-19
EMP1030-20260916_215023,Christine,Smith,leonwood@example.net,2005-09-07,+44(0)1174960217,"Studio 4
Maureen Springs
Martinborough
BT6 3LE",Male,Valleyview Mental Wellness NHS Trust,Asian,Thailand,Skilled Worker,Medical,Consultant,Clinical Support Services,CONS,49.19,2026-07-04,2026-08-08,30.0,0.8,NMC,Fixed Term,Inactive,FS418890,2028-12-03,MU739617,2031-09-13,2026-12-30,2026-07-25
EMP1031-20260916_215023,Linda,Cole,kennethgibbs@example.org,1982-04-28,(0121) 496 0324,"Studio 15A
Khan Streets
New Robin
B3D 5GB",Male,Southvale Hospitals NHS Trust,White,Australia,Dependent,AHP,Radiographer,Surgery & Cancer,6,27.85,2017-03-14,2017-04-18,18.75,0.5,GMC,Fixed Term,Suspended,CX817628,2030-07-29,TT003564,2028-04-22,2026-11-24,2017-04-04
EMP1032-20260916_215023,Suzanne,Smith,shahdeclan@example.net,1970-09-03,0808 157 0373,"780 Kyle Plaza
Port Mohammad
CA22 8AX",Male,Greenhaven Acute & Specialist Care NHS Trust,White,Australia,ILR,Admin,Data Analyst,Critical Care & Anaesthesia,8A,32.25,2025-10-11,2025-11-15,18.75,0.5,NMC,Fixed Term,Inactive,AD953243,2031-08-11,MH402480,2031-07-12,2027-07-15,2025-11-01
EMP1033-20260916_215023,Ricky,Morris,scottlouis@example.net,1963-06-29,+44(0)2074960112,"90 Martin Radial
Port Jacqueline
SG8 3SQ",Male,Greenhaven Acute & Specialist Care NHS Trust,Mixed,Kenya,ILR,Medical,FY1/FY2,Surgery & Cancer,FY1,20.08,2019-02-16,2019-03-23,18.75,0.5,NMC,Fixed Term,Suspended,HE692890,2031-09-13,DG847776,2030-02-28,2027-01-29,2019-03-09
EMP1034-20260916_215023,Beverley,Hyde,harperelaine@example.org,1985-08-23,0131 496 0709,"612 Ruth Mews
New Gareth
GL4E 4WR",Male,Greenhaven Acute & Specialist Care NHS Trust,Mixed,Ghana,Skilled Worker,Admin,Medical Secretary,Women & Children,4,15.98,2020-05-25,2020-06-29,37.5,1.0,NMC,Bank,Inactive,IZ644409,2026-12-06,QP946532,2028-09-27,2026-10-17,2020-06-15
EMP1035-20260916_215023,Leanne,Robson,ameliaevans@example.com,1996-08-27,+44(0)1632 960450,"9 Joanne Meadows
Lake Rogerhaven
L6 6EQ",Male,Valleyview Mental Wellness NHS Trust,Asian,India,ILR,Admin,Medical Secretary,Critical Care & Anaesthesia,4,17.72,2019-02-14,2019-03-21,37.5,1.0,HCPC,Bank,Inactive,NQ275154,2028-02-29,IQ386178,2027-06-10,2026-10-17,2019-03-07
EMP1036-20260916_215023,Joshua,Day,eileen62@example.net,2005-07-19,+44(0)1154960371,"05 Jake Isle
West Gregory
UB5X 0QS",Female,Northshire University Hospitals NHS Trust,Mixed,Japan,Skilled Worker,Admin,Medical Secretary,Surgery & Cancer,4,17.88,2022-10-11,2022-11-08,30.0,0.8,HCPC,Permanent,Active,MC951638,2030-11-19,OI042322,2030-03-04,2026-11-01,2022-11-01
EMP1037-20260916_215023,Phillip,Williams,jshaw@example.org,1995-09-30,+44(0)114 4960996,"Studio 59
Hayes Inlet
North Kathrynbury
ST5 8ZR",Female,Westborough Acute Care NHS Trust,White,United Kingdom,British Citizen,AHP,Radiographer,Emergency & Urgent Care,6,27.36,2023-01-19,2023-02-23,30.0,0.8,GMC,Bank,On Leave,BC073612,2031-03-22,HQ872564,2031-03-12,2027-01-26,2023-02-09
EMP1038-20260916_215023,Beth,Murphy,thompsonjonathan@example.com,1974-12-26,0151 496 0996,"Flat 77m
Ellis Ford
Robsonburgh
LD8 7SE",Male,Hillcrest Medical Centres NHS Trust,White,New Zealand,ILR,Nursing,Nursery Nurse,Medicine & Acute Care,2,13.68,2024-03-10,2024-04-14,37.5,1.0,HCPC,Permanent,Active,NA542970,2030-10-01,NV308143,2028-12-30,2027-06-28,2024-03-31
EMP1039-20260916_215023,Rachel,Robinson,francis87@example.net,1985-04-07,+44(0)1154960402,"9 Janet Flats
New Elizabethmouth
S68 7SY",Male,Meadowbrook Community Health NHS Trust,Mixed,Canada,Skilled Worker,AHP,Physiologist,Surgery & Cancer,6,26.01,2025-12-28,2026-02-01,15.0,0.4,None,Fixed Term,Active,KK557726,2029-04-16,WZ319708,2027-04-27,2027-01-29,2026-01-18
EMP1040-20260916_215023,Elliott,Powell,qmann@example.net,2003-10-22,+44292018524,"0 Nicola Shoals
West Maureen
E0 9ZG",Male,Lakeside District Hospitals NHS Trust,Black,Kenya,Dependent,Admin,Medical Secretary,Corporate Services,4,16.23,2022-12-01,2023-01-12,15.0,0.4,GMC,Fixed Term,Suspended,EB371617,2027-12-21,MI168687,2029-10-03,2026-11-15,2022-12-22
EMP1041-20260916_215023,Harriet,Holland,rbaker@example.com,1965-08-11,+44(0)117 496 0784,"66 Shannon Plains
Lake Annettefurt
M4J 1NS",Female,Lakeside District Hospitals NHS Trust,Black,Trinidad and Tobago,ILR,AHP,Radiographer,Women & Children,6,23.84,2019-05-27,2019-06-24,30.0,0.8,GMC,Bank,Suspended,TU938666,2029-10-31,RU135861,2030-07-10,2027-05-03,2019-06-17
EMP1042-20260916_215023,Jordan,Goodwin,brettsmith@example.net,1995-07-09,+449098790278,"2 Kathleen Ville
Lake Samuel
S6 3RG",Male,Westmere Community Health NHS Trust,White,New Zealand,Dependent,Admin,Administrator,Emergency & Urgent Care,3,16.23,2021-10-26,2021-12-07,15.0,0.4,GMC,Bank,Active,FC000570,2028-12-01,BE597343,2030-01-26,2027-05-07,2021-11-16
EMP1043-20260916_215023,Marian,Barker,oliverelliott@example.com,1983-04-16,(0131)4960637,"Studio 99
Olivia Crest
West Amber
G0 3SN",Male,Midlands Central Hospitals NHS Trust,Mixed,India,ILR,Nursing,Ward Manager,Women & Children,8A,32.27,2025-09-16,2025-10-28,18.75,0.5,None,Bank,Suspended,ZE063693,2031-02-03,TN655416,2030-03-30,2026-09-16,2025-10-07
EMP1044-20260916_215023,Nicholas,Jackson,henrybrookes@example.org,1969-03-25,0121 496 0023,"Flat 2
Mark Center
East Teresa
HA16 1SJ",Male,Northwood Mental Health NHS Trust,Mixed,China,Skilled Worker,Nursing,Staff Nurse,Medicine & Acute Care,5,22.24,2024-05-07,2024-06-11,30.0,0.8,NMC,Fixed Term,Suspended,IN715679,2031-08-20,JZ421233,2031-07-19,2026-10-24,2024-05-28
EMP1045-20260916_215023,Nicholas,Harrison,rickyoneill@example.com,1987-02-24,01184960603,"478 Ball Fork
East Nicolamouth
DH1W 2ZU",Male,Greenhaven Acute & Specialist Care NHS Trust,White,Canada,British Citizen,Admin,Administrator,Critical Care & Anaesthesia,3,15.12,2017-07-06,2017-08-17,30.0,0.8,NMC,Permanent,Inactive,CB278353,2029-06-02,UJ427628,2027-05-29,2026-12-29,2017-07-27
EMP1046-20260916_215023,Roger,Jennings,brownmargaret@example.com,1980-07-31,+44(0)289018053,"6 Gerard Spurs
North Bryan
W1 5WY",Male,Meadowbrook Community Health NHS Trust,White,Australia,Dependent,Nursing,Healthcare Assistant,Corporate Services,2,13.31,2018-08-28,2018-10-09,30.0,0.8,None,Fixed Term,Active,IR616146,2031-01-31,VY153791,2026-10-06,2027-04-12,2018-09-18
EMP1047-20260916_215023,Patrick,Smith,xwilson@example.com,1987-03-31,(028)9018220,"Flat 75a
Smith Common
Russellton
M6 4JB",Male,Horizon Integrated Health Partnership NHS Trust,Mixed,Jamaica,ILR,Nursing,Staff Nurse,Medicine & Acute Care,5,21.93,2017-05-21,2017-07-02,30.0,0.8,None,Bank,On Leave,TP270292,2027-12-30,CR479259,2030-04-17,2027-07-10,2017-06-11
EMP1048-20260916_215023,Donna,Walsh,christopherwood@example.com,1994-01-04,+44(0)289018651,"8 Claire Lane
Allenborough
B90 6FS",Male,Northwood Mental Health NHS Trust,Mixed,New Zealand,Skilled Worker,AHP,Physiologist,Critical Care & Anaesthesia,6,27.65,2023-12-07,2024-01-18,15.0,0.4,NMC,Bank,Active,AW734525,2027-02-06,RS234340,2030-12-13,2026-12-17,2023-12-28
EMP1049-20260916_215023,Samantha,Byrne,lynne52@example.com,1966-08-08,+441184960633,"Studio 6
Green Expressway
Port Neil
DE60 9RG",Female,Westborough Acute Care NHS Trust,Mixed,Kenya,Skilled Worker,AHP,Physiotherapist,Surgery & Cancer,6,24.1,2024-06-20,2024-07-25,15.0,0.4,HCPC,Fixed Term,Suspended,BJ256966,2027-04-22,GF669910,2030-07-16,2027-05-01,2024-07-11
EMP1050-20260916_215023,Holly,Jones,heathermacdonald@example.org,1990-10-06,+44(0)909 879 0806,"Flat 86m
Parry Wall
Joshuatown
FK17 6JG",Male,Bluewater Community & Rehabilitation NHS Trust,Black,South Africa,ILR,Admin,Receptionist,Emergency & Urgent Care,3,14.88,2018-11-17,2018-12-29,37.5,1.0,None,Fixed Term,Suspended,ZZ871065,2029-07-13,BY387727,2031-07-23,2027-08-28,2018-12-08
EMP1051-20260916_215023,Edward,Johnson,smithkaty@example.net,1964-03-08,+44(0)28 9018 0680,"64 Barnes Overpass
Michellefurt
N1J 5DG",Female,Eastfield Psychological Services NHS Trust,White,United States,Skilled Worker,Medical,GP,Corporate Services,GP,60.83,2021-07-06,2021-08-17,15.0,0.4,HCPC,Fixed Term,Suspended,UH242779,2029-02-22,SC343951,2027-01-30,2027-03-13,2021-07-27
EMP1052-20260916_215023,Rebecca,Clarke,elaine91@example.com,1989-11-24,+44(0)117 4960953,"Flat 5
Vincent Land
Whitehousemouth
SY3H 9UU",Female,Eastmoor Teaching Hospitals NHS Trust,Black,Trinidad and Tobago,Dependent,Medical,FY1/FY2,Emergency & Urgent Care,FY1,20.89,2017-12-20,2018-01-24,18.75,0.5,HCPC,Permanent,Active,ED112574,2029-05-08,YO040648,2028-09-29,2027-01-19,2018-01-10
EMP1053-20260916_215023,Clive,Pugh,paula37@example.org,1994-02-15,0909 879 0255,"Studio 31
Hall Union
East Glennhaven
DH02 5FP",Female,Eastfield Psychological Services NHS Trust,Black,Jamaica,Dependent,Nursing,Healthcare Assistant,Surgery & Cancer,2,13.0,2017-10-16,2017-11-13,15.0,0.4,HCPC,Bank,On Leave,TE793720,2029-10-05,SH717733,2030-10-15,2027-04-10,2017-11-06
EMP1054-20260916_215023,Jacqueline,Hill,cheryl71@example.com,1998-04-25,0121 496 0825,"Flat 97F
Ward Walks
East Joestad
W5 2BN",Female,Hillcrest Medical Centres NHS Trust,Mixed,China,Dependent,AHP,Physiologist,Emergency & Urgent Care,6,27.34,2017-07-16,2017-08-13,15.0,0.4,NMC,Permanent,Inactive,QY059481,2031-06-17,WC082508,2026-11-06,2026-12-12,2017-08-06
EMP1055-20260916_215023,Christian,Hill,bwatkins@example.com,1994-06-01,+441914960923,"9 Graeme Crescent
Leeland
IG4P 2DH",Male,Westmere Community Health NHS Trust,White,Australia,Dependent,Admin,Receptionist,Women & Children,3,14.86,2025-03-23,2025-05-04,37.5,1.0,NMC,Bank,Inactive,EX748772,2027-08-06,CD287297,2028-03-11,2027-02-21,2025-04-13
EMP1056-20260916_215023,Josh,Nicholson,singhnatalie@example.org,1972-02-20,+44(0)131 4960299,"Studio 03K
Dodd Underpass
East Bryanchester
W97 5GX",Male,Riverbank General Hospitals NHS Trust,Mixed,Kenya,Skilled Worker,Nursing,Healthcare Assistant,Clinical Support Services,2,14.21,2025-12-25,2026-01-22,18.75,0.5,NMC,Bank,Inactive,ZX207393,2030-06-26,LQ480645,2026-12-02,2027-06-11,2026-01-15
EMP1057-20260916_215023,Jemma,Wright,shaun88@example.org,2003-04-05,(0118) 496 0733,"Studio 45
Denis Mountains
Johnsonmouth
N3B 0GP",Male,Northshire University Hospitals NHS Trust,White,Canada,British Citizen,Nursing,Staff Nurse,Clinical Support Services,5,20.07,2018-02-26,2018-04-09,20.0,0.53,HCPC,Permanent,Active,MO172083,2027-04-19,LZ512868,2029-03-19,2027-06-14,2018-03-19
EMP1058-20260916_215023,Raymond,Day,rossdavies@example.com,1969-10-09,0289018966,"189 Brown Lane
Bakerfurt
DY1 9JZ",Female,Westmere Community Health NHS Trust,Black,Ghana,Dependent,Admin,Administrator,Surgery & Cancer,3,13.4,2026-03-24,2026-05-05,20.0,0.53,HCPC,Bank,Active,KI476566,2030-07-12,VD636722,2026-11-15,2027-07-18,2026-04-14
EMP1059-20260916_215023,Gareth,Chandler,wardhollie@example.net,1974-06-07,0121 4960222,"822 Jodie Cove
Harrietborough
HS18 4FZ",Male,Oakridge Community Services NHS Trust,Mixed,Ghana,ILR,AHP,Occupational Therapist,Surgery & Cancer,6,24.24,2017-04-27,2017-06-08,18.75,0.5,HCPC,Bank,On Leave,JF656693,2029-01-12,RX616797,2031-09-14,2027-05-02,2017-05-18
EMP1060-20260916_215023,Pauline,Burrows,yaustin@example.net,1980-12-06,0114 4960114,"867 Hughes Crossing
Stephenview
AB8W 8AE",Female,Southvale Hospitals NHS Trust,Asian,Japan,Skilled Worker,Admin,Administrator,Clinical Support Services,3,14.61,2020-10-05,2020-11-02,15.0,0.4,None,Bank,Suspended,LT885077,2028-07-20,DF205266,2027-08-11,2027-01-20,2020-10-26
EMP1061-20260916_215023,Louis,Parker,marcus30@example.org,1987-07-15,(0131) 496 0454,"Flat 55T
Doherty Crescent
Lorraineview
PA6V 5YB",Male,Lakeside District Hospitals NHS Trust,Mixed,New Zealand,ILR,Admin,Receptionist,Clinical Support Services,3,15.82,2025-07-29,2025-09-09,15.0,0.4,NMC,Bank,Suspended,XH522640,2027-06-14,NC166604,2029-11-10,2026-10-25,2025-08-19
EMP1062-20260916_215023,Nathan,Wright,maureen08@example.org,1964-02-15,+441514960444,"Flat 76
Andrew Ports
Alexanderbury
LE8 7GP",Female,Westborough Acute Care NHS Trust,Asian,Japan,ILR,AHP,Physiologist,Surgery & Cancer,6,26.81,2018-09-13,2018-10-18,20.0,0.53,NMC,Bank,Inactive,IW735828,2027-08-25,YE983429,2031-09-04,2027-06-19,2018-10-04
EMP1063-20260916_215023,Patricia,Gardner,thomasphilip@example.com,1988-08-23,+44(0)20 7496 0347,"Flat 93x
Whitehead Bridge
Graemeborough
E3S 3YW",Female,Greenhaven Acute & Specialist Care NHS Trust,Mixed,United States,Dependent,Nursing,Staff Nurse,Clinical Support Services,5,20.66,2022-11-18,2022-12-16,20.0,0.53,HCPC,Permanent,Suspended,ZS012942,2031-05-17,KE219016,2030-10-09,2026-11-09,2022-12-09
EMP1064-20260916_215023,Linda,Wilson,melissa19@example.org,1992-12-11,0117 4960561,"5 Dennis Forest
Aaronburgh
W76 6BN",Male,Eastmoor Teaching Hospitals NHS Trust,White,New Zealand,Skilled Worker,Admin,Receptionist,Critical Care & Anaesthesia,3,16.19,2024-02-03,2024-03-02,30.0,0.8,HCPC,Bank,On Leave,ZH706654,2030-10-09,YG148709,2026-09-25,2027-08-04,2024-02-24
EMP1065-20260916_215023,Marcus,Stevenson,jamesmandy@example.org,1990-01-14,+44(0)29 2018 0787,"4 Harrison Groves
Bradleybury
E3A 5NF",Female,Midlands Central Hospitals NHS Trust,Asian,Japan,British Citizen,Admin,Administrator,Critical Care & Anaesthesia,3,16.34,2021-04-07,2021-05-19,30.0,0.8,NMC,Fixed Term,On Leave,YX721441,2029-05-28,EH323277,2027-03-22,2027-04-11,2021-04-28
EMP1066-20260916_215023,Ryan,Morris,rileyjenna@example.com,1967-10-20,01514960592,"Flat 4
James Shore
Colemanside
W5 1EU",Male,Bluewater Community & Rehabilitation NHS Trust,White,United Kingdom,ILR,Nursing,Senior Staff Nurse,Medicine & Acute Care,6,25.44,2018-04-25,2018-05-30,30.0,0.8,NMC,Bank,Active,RY248532,2029-12-04,DN240729,2027-12-02,2026-12-20,2018-05-16
EMP1067-20260916_215023,Callum,Green,hbanks@example.com,2004-02-18,+441314960406,"Flat 6
Francis Glens
East Adrian
LN9A 9EQ",Female,Eastmoor Teaching Hospitals NHS Trust,White,New Zealand,British Citizen,Admin,Administrator,Critical Care & Anaesthesia,3,16.18,2023-01-28,2023-03-04,18.75,0.5,NMC,Bank,Inactive,AE870881,2030-03-07,LP091751,2028-02-06,2027-02-11,2023-02-18
EMP1068-20260916_215023,Amanda,Morris,liamshaw@example.com,1973-11-17,+44114 4960331,"Flat 22
Akhtar Pass
East Lesleyberg
ZE3E 4LD",Female,Hillcrest Medical Centres NHS Trust,Black,Jamaica,Skilled Worker,Nursing,Nursery Nurse,Corporate Services,2,14.05,2023-08-16,2023-09-27,30.0,0.8,None,Bank,On Leave,QV383680,2030-11-16,LB083621,2026-09-28,2027-04-11,2023-09-06
EMP1069-20260916_215023,Gareth,Williams,leonard60@example.org,1981-05-22,0191 4960422,"669 Blake Port
Pricefort
TW6A 5TB",Male,Bluewater Community & Rehabilitation NHS Trust,Mixed,New Zealand,ILR,Medical,GP,Surgery & Cancer,GP,46.86,2024-07-15,2024-08-12,18.75,0.5,NMC,Fixed Term,Suspended,ZV019459,2027-07-19,AZ645957,2029-08-31,2026-11-14,2024-08-05
EMP1070-20260916_215023,Caroline,Palmer,nking@example.com,1978-10-27,0306 9990860,"Flat 85e
Nelson Rapid
Wilkinsonburgh
TW49 9YZ",Female,Greenhaven Acute & Specialist Care NHS Trust,White,Australia,Dependent,AHP,Occupational Therapist,Critical Care & Anaesthesia,6,23.69,2017-02-07,2017-03-21,15.0,0.4,NMC,Permanent,Active,UQ503119,2027-09-25,XJ138897,2029-05-23,2026-11-19,2017-02-28
EMP1071-20260916_215023,Damian,Khan,coopercarole@example.net,1997-12-14,+441174960783,"214 Wilson Village
Ashleyborough
N2W 5GY",Male,Eastmoor Teaching Hospitals NHS Trust,White,New Zealand,British Citizen,Admin,Administrator,Clinical Support Services,3,14.19,2016-09-28,2016-10-26,18.75,0.5,HCPC,Bank,On Leave,OL434040,2030-11-08,LY239101,2027-09-05,2026-11-16,2016-10-19
EMP1072-20260916_215023,Jenna,Woodward,terry60@example.net,1986-03-30,(0121) 496 0943,"Studio 7
Knight Alley
Bakerport
L25 6PB",Female,Midlands Central Hospitals NHS Trust,Mixed,New Zealand,Skilled Worker,Nursing,Charge Nurse,Medicine & Acute Care,7,27.52,2019-07-02,2019-08-13,30.0,0.8,None,Permanent,On Leave,AB557680,2027-09-24,MP982269,2031-09-07,2027-03-01,2019-07-23
EMP1073-20260916_215023,Katie,Bond,sylvia84@example.com,1977-03-12,+4428 9018 0368,"518 Glenn Manor
Port Harriet
S96 9UG",Female,Eastmoor Teaching Hospitals NHS Trust,White,United States,Skilled Worker,Nursing,Senior Staff Nurse,Surgery & Cancer,6,27.42,2017-09-29,2017-11-03,30.0,0.8,None,Fixed Term,Inactive,TQ252339,2030-08-30,TK402552,2027-04-02,2026-10-28,2017-10-20
EMP1074-20260916_215023,Clifford,Waters,psmith@example.net,2005-04-14,(0115) 4960650,"16 Joanne Knoll
Bethanville
L7 4LB",Male,Westmere Community Health NHS Trust,Asian,Japan,Dependent,Medical,Registrar,Clinical Support Services,SPR,35.16,2023-01-23,2023-02-20,30.0,0.8,NMC,Fixed Term,Suspended,CZ510188,2031-06-20,TZ917735,2029-05-19,2027-02-27,2023-02-13
EMP1075-20260916_215023,Grace,Owen,dixonryan@example.net,1986-01-27,(0116)4960180,"2 Kaur Turnpike
Mitchellchester
CM6 5TZ",Female,Greenhaven Acute & Specialist Care NHS Trust,Mixed,Australia,British Citizen,AHP,Physiotherapist,Emergency & Urgent Care,6,23.64,2023-09-17,2023-10-15,18.75,0.5,None,Permanent,On Leave,YV971221,2031-02-24,RC714947,2028-02-11,2027-05-30,2023-10-08
EMP1076-20260916_215023,Cheryl,Norton,dean22@example.com,1999-02-14,0118 496 0649,"003 Caroline Well
Port Chloeberg
PR77 8ZG",Male,Broadfield Clinical Services NHS Trust,Mixed,New Zealand,Skilled Worker,Admin,Medical Secretary,Women & Children,4,17.36,2020-06-01,2020-07-13,20.0,0.53,HCPC,Permanent,Suspended,OK479148,2030-11-05,GM236272,2028-07-20,2027-06-08,2020-06-22
EMP1077-20260916_215023,Debra,Dale,sallyhowell@example.org,2000-09-17,(0121) 4960770,"Flat 4
Wilkinson Common
North Natalie
WN6R 0PL",Female,Northwood Mental Health NHS Trust,Black,Barbados,Dependent,Nursing,Healthcare Assistant,Corporate Services,2,13.17,2021-06-29,2021-07-27,15.0,0.4,None,Fixed Term,Suspended,TR053250,2030-12-28,AK542192,2030-12-03,2026-11-08,2021-07-20
EMP1078-20260916_215023,Jamie,Johnson,mollydavison@example.net,1980-03-10,+44(0)306 9990306,"Flat 42y
Lynch Crossroad
Suzanneview
BD4 2UU",Male,Meadowbrook Community Health NHS Trust,Black,Barbados,Dependent,Admin,Administrator,Medicine & Acute Care,3,14.57,2022-10-28,2022-12-02,30.0,0.8,GMC,Bank,Inactive,ZT282244,2027-01-02,YJ621973,2029-12-11,2027-04-19,2022-11-18
EMP1079-20260916_215023,Lynn,Armstrong,walshsamuel@example.com,2006-02-04,01154960460,"Studio 41o
Ellis Mills
Taylorview
BD55 3YB",Female,Bluewater Community & Rehabilitation NHS Trust,White,United States,Skilled Worker,Medical,GP,Corporate Services,GP,60.03,2022-03-30,2022-05-11,20.0,0.53,HCPC,Bank,Inactive,FF714605,2030-08-20,KW938104,2031-03-24,2026-11-18,2022-04-20
EMP1080-20260916_215023,Joyce,Woodward,rogercampbell@example.com,1977-02-01,+448081570671,"45 Jayne Vista
Hallfurt
TF6P 6YA",Female,Horizon Integrated Health Partnership NHS Trust,Black,Barbados,British Citizen,AHP,Physiotherapist,Critical Care & Anaesthesia,6,26.01,2022-09-21,2022-10-26,30.0,0.8,HCPC,Bank,Active,XV238781,2030-04-02,DD082093,2028-02-18,2027-07-12,2022-10-12
EMP1081-20260916_215023,Antony,Griffiths,carrollcatherine@example.org,1969-03-25,+44(0)113 496 0008,"6 Cooper Village
Lake Brucetown
B1K 7ZA",Female,Eastmoor Teaching Hospitals NHS Trust,Black,Barbados,British Citizen,AHP,Physiotherapist,Corporate Services,6,27.25,2019-01-22,2019-02-19,18.75,0.5,HCPC,Permanent,On Leave,FT524026,2030-04-05,PX528036,2029-10-24,2026-11-03,2019-02-12
EMP1082-20260916_215023,Julian,Smith,bryanoliver@example.com,1984-11-01,0114 4960532,"Studio 5
Aimee Rapid
South Nicole
WA9 1GU",Male,Westborough Acute Care NHS Trust,Asian,Thailand,British Citizen,Medical,Consultant,Women & Children,CONS,61.94,2023-05-30,2023-07-11,37.5,1.0,NMC,Permanent,Inactive,DT009105,2030-12-16,AW479237,2031-01-09,2027-01-07,2023-06-20
EMP1083-20260916_215023,Jeremy,Akhtar,hannah16@example.com,1989-04-04,(0121)4960807,"Studio 4
James Mall
South Martynchester
HA48 1WB",Female,Greenhaven Acute & Specialist Care NHS Trust,White,Canada,Dependent,Medical,SHO,Women & Children,SHO,25.45,2025-08-11,2025-09-15,30.0,0.8,GMC,Permanent,Inactive,QQ372111,2028-03-06,ZJ075049,2028-02-22,2027-03-28,2025-09-01
EMP1084-20260916_215023,Raymond,Green,tward@example.org,1973-04-20,01184960061,"107 Brooks Prairie
East Julianchester
ZE9 3XL",Female,Westmere Community Health NHS Trust,White,United Kingdom,Skilled Worker,AHP,Speech Therapist,Clinical Support Services,6,24.13,2018-05-25,2018-07-06,18.75,0.5,None,Permanent,On Leave,JY480155,2027-05-06,RC535572,2027-01-05,2027-06-24,2018-06-15
EMP1085-20260916_215023,Philip,Dunn,phillipsstanley@example.net,1995-10-01,+4429 2018524,"Studio 29K
Jean Creek
Harrisshire
S8 6GD",Female,Northwood Mental Health NHS Trust,Asian,Thailand,British Citizen,Admin,Medical Secretary,Surgery & Cancer,4,15.79,2025-02-02,2025-03-09,30.0,0.8,NMC,Bank,On Leave,SQ623107,2029-03-08,DV802857,2030-07-13,2027-03-27,2025-02-23
EMP1086-20260916_215023,Mandy,Knowles,esavage@example.com,1962-08-10,+44114 496 0395,"Studio 03
Alan Plaza
Harperton
CA9E 5RE",Male,Northshire University Hospitals NHS Trust,Mixed,New Zealand,Skilled Worker,Admin,Medical Secretary,Women & Children,4,18.42,2019-08-31,2019-10-12,18.75,0.5,None,Fixed Term,Active,ZV252553,2029-06-18,CZ247722,2028-07-25,2027-02-22,2019-09-21
EMP1087-20260916_215023,Joshua,Webb,natalie28@example.net,2003-05-16,0141 496 0153,"9 John View
South Leonard
WA3 7AP",Female,Valleyview Mental Wellness NHS Trust,Black,South Africa,Skilled Worker,Admin,Administrator,Medicine & Acute Care,3,13.8,2024-02-28,2024-04-03,18.75,0.5,None,Bank,Active,IB343932,2029-12-19,MS248500,2028-10-31,2027-01-13,2024-03-20
EMP1088-20260916_215023,Leon,Turner,brian00@example.com,1966-06-08,+449098790101,"1 Powell Bridge
Kellyburgh
WD9Y 6NY",Male,Riverbank General Hospitals NHS Trust,Black,Jamaica,ILR,Medical,GP,Medicine & Acute Care,GP,49.34,2022-11-10,2022-12-15,30.0,0.8,GMC,Bank,Active,CS462517,2028-06-09,XX834509,2030-08-15,2027-01-04,2022-12-01
EMP1089-20260916_215023,Carol,Parker,victortaylor@example.com,1966-09-26,(028)9018730,"8 Burgess Tunnel
Josephineside
HD64 4WF",Male,Northwood Mental Health NHS Trust,White,New Zealand,Dependent,Admin,Receptionist,Critical Care & Anaesthesia,3,14.04,2021-05-17,2021-06-14,15.0,0.4,NMC,Fixed Term,Inactive,NX528860,2029-03-28,ND850399,2029-11-13,2027-02-27,2021-06-07
EMP1090-20260916_215023,Francesca,Martin,rosemary60@example.com,1978-08-05,028 9018399,"795 Green Forge
Lisaview
DT76 5XT",Male,Broadfield Clinical Services NHS Trust,Mixed,United Kingdom,Dependent,Medical,Registrar,Medicine & Acute Care,SPR,35.36,2024-06-04,2024-07-09,18.75,0.5,GMC,Permanent,Active,HU527540,2030-02-23,TX236927,2027-09-17,2027-01-08,2024-06-25
EMP1091-20260916_215023,Kieran,Jenkins,matthewwatson@example.org,2006-07-07,0808 1570034,"02 Frank Streets
North Albert
E9U 2JT",Female,Riverside Integrated Care NHS Trust,Mixed,Canada,ILR,Nursing,Staff Nurse,Women & Children,5,22.14,2026-04-26,2026-06-07,20.0,0.53,HCPC,Bank,Suspended,FX395895,2027-01-28,AF301354,2029-02-18,2027-01-07,2026-05-17
EMP1092-20260916_215023,Samuel,Connolly,wrightkate@example.com,1976-01-06,+44191 496 0100,"57 Tina Valley
West Andrewland
B6 1XT",Male,Eastfield Psychological Services NHS Trust,White,Australia,British Citizen,Nursing,Charge Nurse,Surgery & Cancer,7,28.13,2024-07-27,2024-08-31,30.0,0.8,GMC,Fixed Term,Inactive,DL263587,2026-10-27,NO311573,2029-03-25,2027-08-08,2024-08-17
EMP1093-20260916_215023,Jessica,Knight,declandawson@example.net,1968-01-21,0151 4960980,"Flat 35
Walsh Overpass
Williamsshire
S4E 1XZ",Male,Midlands Central Hospitals NHS Trust,White,Canada,ILR,Admin,Medical Secretary,Surgery & Cancer,4,19.09,2019-09-23,2019-11-04,37.5,1.0,GMC,Bank,Suspended,YW761137,2030-04-09,QS836914,2028-05-11,2026-12-06,2019-10-14
EMP1094-20260916_215023,Maria,Freeman,farmerderek@example.net,1998-11-08,+441184960968,"Flat 79
Martin Springs
New Christinestad
DN9W 1ZF",Male,Broadfield Clinical Services NHS Trust,White,New Zealand,Dependent,AHP,Radiographer,Surgery & Cancer,6,24.1,2025-10-30,2025-11-27,18.75,0.5,None,Fixed Term,Suspended,OT190029,2030-08-30,IM844661,2028-10-19,2027-04-20,2025-11-20
EMP1095-20260916_215023,Marie,Fraser,thomasthomas@example.com,1973-07-26,(029) 2018 0393,"047 Hugh Road
Lake Leetown
M9D 2YP",Male,Northshire University Hospitals NHS Trust,White,United Kingdom,Dependent,Nursing,Healthcare Assistant,Corporate Services,2,14.11,2020-03-07,2020-04-04,15.0,0.4,GMC,Fixed Term,Inactive,UV634254,2026-10-19,DY812791,2027-03-28,2027-07-03,2020-03-28
EMP1096-20260916_215023,Julia,Humphries,edean@example.com,1964-12-15,+441314960862,"Studio 34
George Meadow
Randallland
ML5V 8TW",Female,Southgate Community & Mental Health NHS Trust,Mixed,Barbados,Skilled Worker,Medical,Registrar,Surgery & Cancer,SPR,36.92,2025-02-22,2025-04-05,37.5,1.0,HCPC,Bank,Suspended,DM396294,2030-10-23,RX068634,2027-02-17,2027-08-30,2025-03-15
EMP1097-20260916_215023,Alexandra,Hill,esmith@example.com,1974-07-20,+44115 4960684,"3 Gemma Motorway
Brianbury
HX9V 3SL",Female,Riverbank General Hospitals NHS Trust,Mixed,Nigeria,ILR,Medical,GP,Women & Children,GP,55.0,2023-04-21,2023-05-19,20.0,0.53,NMC,Bank,On Leave,VQ429068,2031-05-10,KG642379,2027-02-05,2026-11-04,2023-05-12
EMP1098-20260916_215023,Mitchell,Rees,westonmark@example.com,1973-12-29,+44131 496 0211,"Studio 6
Nelson Drive
New Karenmouth
E2H 0GE",Female,Hillcrest Medical Centres NHS Trust,White,Canada,Skilled Worker,AHP,Physiotherapist,Critical Care & Anaesthesia,6,25.97,2023-03-27,2023-05-08,37.5,1.0,HCPC,Permanent,Active,ER470168,2029-12-18,AW509246,2028-07-30,2027-03-09,2023-04-17
EMP1099-20260916_215023,Brandon,Jackson,holmesellie@example.net,1983-08-05,+4429 2018 0464,"Studio 27
Price Island
Port Deborah
WR2M 0NS",Female,Southvale Hospitals NHS Trust,Asian,Thailand,Dependent,Medical,SHO,Clinical Support Services,SHO,23.21,2023-02-07,2023-03-07,37.5,1.0,GMC,Fixed Term,On Leave,RU991331,2030-07-20,VI379877,2030-07-04,2027-05-23,2023-02-28
EMP1100-20260916_215023,Jake,Riley,terencegardner@example.org,1978-05-03,(0808)1570588,"Flat 40F
Davies Creek
Charlottechester
W31 5HX",Female,Bluewater Community & Rehabilitation NHS Trust,Black,Barbados,ILR,Medical,SHO,Clinical Support Services,SHO,26.4,2017-11-03,2017-12-08,30.0,0.8,GMC,Bank,Suspended,UN762875,2030-09-15,AT024970,2030-05-11,2027-02-17,2017-11-24
EMP1101-20260916_215023,Shane,Chan,elliot97@example.net,1986-08-23,(01632)960689,"1 Stanley Turnpike
Victoriastad
HU20 3DF",Female,Westborough Acute Care NHS Trust,White,Australia,Dependent,Nursing,Nursery Nurse,Critical Care & Anaesthesia,2,12.68,2022-01-25,2022-03-01,20.0,0.53,NMC,Bank,Inactive,GZ699583,2027-11-02,OK729576,2031-07-14,2027-03-15,2022-02-15
EMP1102-20260916_215023,Hugh,Campbell,ymorris@example.com,1975-07-10,0191 4960140,"930 Gregory Passage
Keithside
M5D 3BS",Male,Riverside Integrated Care NHS Trust,Asian,India,British Citizen,Admin,Medical Secretary,Clinical Support Services,4,18.93,2021-03-19,2021-04-30,15.0,0.4,HCPC,Fixed Term,On Leave,CE803446,2028-02-29,IU462161,2030-08-20,2026-12-26,2021-04-09
EMP1103-20260916_215023,Raymond,Foster,dawn86@example.org,2001-10-25,(0116)4960304,"Studio 69s
Marshall Estate
Leahfurt
GY1X 5SP",Male,Northshire University Hospitals NHS Trust,White,United States,Skilled Worker,AHP,Physiotherapist,Emergency & Urgent Care,6,27.2,2017-04-02,2017-05-07,37.5,1.0,NMC,Permanent,Suspended,CW357950,2026-10-09,VY361300,2031-09-13,2026-12-09,2017-04-23
EMP1104-20260916_215023,Mohamed,Kelly,clifford16@example.com,1985-09-01,(0131) 4960918,"Studio 6
Brett Course
South Hilaryfurt
DE7 5AT",Female,Westmere Community Health NHS Trust,Asian,India,Dependent,AHP,Pharmacist,Medicine & Acute Care,5,20.92,2017-10-29,2017-11-26,30.0,0.8,GMC,Fixed Term,Active,SB491349,2028-03-05,WE982458,2028-02-08,2027-09-13,2017-11-19
EMP1105-20260916_215023,Nicholas,Wood,cnewton@example.net,2004-04-30,0131 496 0214,"Studio 60
Carr Estates
Damianberg
DG7 1AY",Female,Westborough Acute Care NHS Trust,White,Australia,British Citizen,Admin,Data Analyst,Critical Care & Anaesthesia,8A,35.58,2024-11-09,2024-12-21,37.5,1.0,GMC,Fixed Term,Inactive,MM522012,2028-07-11,ZR990705,2030-09-24,2027-01-29,2024-11-30
EMP1106-20260916_215023,Hugh,Ford,jacobbarnett@example.com,1997-12-30,+44141 496 0315,"787 Joanna Glen
Watsonbury
LL75 9TY",Male,Greenhaven Acute & Specialist Care NHS Trust,Black,Trinidad and Tobago,Dependent,Admin,Data Analyst,Clinical Support Services,8A,29.38,2022-08-18,2022-09-22,15.0,0.4,GMC,Permanent,Active,VJ553701,2031-02-26,GT150282,2028-02-01,2026-12-12,2022-09-08
EMP1107-20260916_215023,Adam,Patel,leslie16@example.org,2005-10-18,+44(0)151 4960128,"568 Rhys Pines
Royton
M5 5WY",Female,Northwood Mental Health NHS Trust,Mixed,Nigeria,Dependent,Nursing,Healthcare Assistant,Surgery & Cancer,2,13.77,2016-10-07,2016-11-11,18.75,0.5,HCPC,Bank,Suspended,YB032238,2026-12-19,JO220272,2028-06-06,2026-10-05,2016-10-28
EMP1108-20260916_215023,Karen,Chambers,jeremy78@example.com,1972-08-17,+44(0)8081570270,"36 Wyatt Lodge
South Jemma
E1G 7GR",Female,Bluewater Community & Rehabilitation NHS Trust,White,New Zealand,Skilled Worker,Nursing,Ward Manager,Women & Children,8A,34.77,2024-04-22,2024-05-20,20.0,0.53,HCPC,Fixed Term,Active,WZ405001,2030-03-16,RI757666,2027-09-30,2027-02-23,2024-05-13
EMP1109-20260916_215023,Roy,Williamson,marcusjohnson@example.org,2006-02-28,0141 496 0008,"Flat 1
Josh Highway
South Louis
CV23 1ZB",Male,Valleyview Mental Wellness NHS Trust,Black,Jamaica,British Citizen,Medical,Registrar,Critical Care & Anaesthesia,SPR,37.36,2025-11-29,2026-01-10,20.0,0.53,None,Fixed Term,On Leave,UB182728,2031-02-05,TC705636,2031-01-04,2027-04-12,2025-12-20
EMP1110-20260916_215023,Donald,Turner,caroljones@example.com,1961-11-23,+44(0)141 4960650,"Studio 49
Young Rue
Alexandrafort
DT2 2JH",Female,Riverbank General Hospitals NHS Trust,White,United Kingdom,ILR,Medical,FY1/FY2,Clinical Support Services,FY1,20.79,2022-03-30,2022-05-11,30.0,0.8,NMC,Bank,Active,KN154147,2027-11-13,NI296285,2030-01-09,2027-04-12,2022-04-20
EMP1111-20260916_215023,Amber,Schofield,jacqueline38@example.org,1981-01-02,0118 4960787,"1 Cox Pines
Port Lee
S65 0ZB",Female,Lakeside District Hospitals NHS Trust,Mixed,Thailand,British Citizen,AHP,Physiotherapist,Clinical Support Services,6,24.22,2025-03-04,2025-04-15,20.0,0.53,NMC,Permanent,Active,VZ115807,2027-08-19,EY758814,2030-12-05,2027-08-23,2025-03-25
EMP1112-20260916_215023,Sean,Bates,clive49@example.com,1997-04-30,(0114) 496 0872,"1 Sylvia Mills
Katieside
DG8 5ND",Male,Meadowbrook Community Health NHS Trust,Mixed,Barbados,British Citizen,Medical,Registrar,Women & Children,SPR,42.57,2023-03-26,2023-05-07,37.5,1.0,NMC,Fixed Term,On Leave,WT441924,2028-09-21,SY309304,2030-11-14,2027-07-01,2023-04-16
EMP1113-20260916_215023,Keith,Jones,barnettthomas@example.net,1969-08-21,+44(0)1514960357,"193 Marcus Valley
Andreahaven
E79 2PY",Male,Westmere Community Health NHS Trust,Black,Ghana,Skilled Worker,Admin,Data Analyst,Corporate Services,8A,33.05,2023-03-14,2023-04-25,20.0,0.53,HCPC,Fixed Term,Inactive,PT417100,2028-12-24,WM365049,2029-09-15,2027-06-20,2023-04-04
EMP1114-20260916_215023,Denis,Ellis,geraldine22@example.com,1986-05-30,+44151 4960203,"423 Kayleigh Row
Webbborough
G2K 4EB",Female,Valleyview Mental Wellness NHS Trust,White,United States,ILR,Nursing,Staff Nurse,Corporate Services,5,19.79,2021-11-30,2022-01-11,30.0,0.8,GMC,Fixed Term,Suspended,VO135804,2029-02-02,AY882638,2030-03-15,2027-02-05,2021-12-21
EMP1115-20260916_215023,Glen,Slater,finchchristian@example.com,1965-08-02,01314960687,"423 Jonathan Fields
Evanshaven
FY25 8TZ",Female,Southgate Community & Mental Health NHS Trust,Mixed,Jamaica,Dependent,Nursing,Ward Manager,Women & Children,8A,34.64,2018-08-26,2018-09-23,30.0,0.8,GMC,Permanent,Suspended,RK689960,2028-03-10,EK261398,2027-05-23,2027-02-07,2018-09-16
EMP1116-20260916_215023,Lorraine,Chambers,qrussell@example.com,2008-04-13,+44(0)1164960405,"526 Adrian Gateway
South Paul
HD64 4LF",Male,Westborough Acute Care NHS Trust,White,Canada,ILR,Nursing,Healthcare Assistant,Emergency & Urgent Care,2,13.45,2017-03-14,2017-04-18,30.0,0.8,None,Fixed Term,On Leave,UZ638969,2029-06-17,QR931673,2027-05-20,2027-07-16,2017-04-04
EMP1117-20260916_215023,Maurice,Evans,kylewilliams@example.net,1998-10-29,(0161) 4960125,"Studio 5
Ball Square
Nicolefort
L6 6NH",Female,Eastfield Psychological Services NHS Trust,Black,Trinidad and Tobago,ILR,Medical,GP,Emergency & Urgent Care,GP,53.57,2017-03-25,2017-04-22,20.0,0.53,None,Permanent,Suspended,UX616280,2030-01-02,OH093602,2031-06-30,2027-06-29,2017-04-15
EMP1118-20260916_215023,Naomi,Dunn,williamsmark@example.com,2001-04-03,(0909) 879 0815,"8 Henry Overpass
Evansview
G80 1LR",Male,Westborough Acute Care NHS Trust,Mixed,United States,ILR,AHP,Pharmacist,Critical Care & Anaesthesia,5,22.86,2020-05-19,2020-06-16,30.0,0.8,None,Bank,Inactive,PK437922,2030-10-06,KY765154,2027-04-25,2027-01-13,2020-06-09
EMP1119-20260916_215023,Christian,Holden,gailgreen@example.org,2007-10-18,+441914960087,"3 Shirley Cove
North Karltown
G6K 4LE",Female,Southgate Community & Mental Health NHS Trust,Mixed,United Kingdom,Dependent,Medical,Consultant,Corporate Services,CONS,52.77,2020-04-05,2020-05-17,18.75,0.5,HCPC,Permanent,Inactive,GL398180,2028-08-11,IN473397,2031-07-19,2027-06-13,2020-04-26
EMP1120-20260916_215023,Jay,Payne,stephensontoby@example.net,1975-06-21,+44(0)1144960882,"Flat 44d
Benjamin River
Tonyland
W7D 3GS",Male,Greenhaven Acute & Specialist Care NHS Trust,Asian,China,Skilled Worker,Nursing,Ward Manager,Women & Children,8A,30.43,2019-12-27,2020-02-07,37.5,1.0,HCPC,Fixed Term,On Leave,HH373732,2027-03-30,SU464072,2028-07-12,2027-08-27,2020-01-17
EMP1121-20260916_215023,Jayne,Austin,byrnerussell@example.org,1975-02-25,01414960262,"51 Ronald Burg
Barnesville
E0 3GU",Male,Valleyview Mental Wellness NHS Trust,White,New Zealand,Dependent,Medical,FY1/FY2,Corporate Services,FY1,19.05,2018-09-04,2018-10-09,30.0,0.8,HCPC,Permanent,On Leave,LL177622,2027-05-07,KU194369,2028-08-05,2027-04-17,2018-09-25
EMP1122-20260916_215023,Shane,Hudson,ywalsh@example.net,1979-04-25,(020) 7496 0752,"24 Bailey Camp
Smithville
BH4 7HN",Male,Northwood Mental Health NHS Trust,White,Canada,Dependent,Admin,Receptionist,Surgery & Cancer,3,13.95,2019-02-04,2019-03-11,20.0,0.53,GMC,Bank,Suspended,BE090330,2028-10-06,SS493921,2027-12-15,2027-02-26,2019-02-25
EMP1123-20260916_215023,Valerie,Morgan,sarahhughes@example.org,2002-07-06,0113 4960309,"51 Knowles Throughway
Singhville
G87 1DP",Female,Meadowbrook Community Health NHS Trust,Asian,Thailand,Dependent,Nursing,Senior Staff Nurse,Surgery & Cancer,6,24.91,2021-04-04,2021-05-02,18.75,0.5,NMC,Fixed Term,Suspended,IF791740,2026-11-25,QI090789,2027-05-10,2026-10-21,2021-04-25
EMP1124-20260916_215023,Joel,Simpson,ujones@example.org,2003-01-07,(0131) 496 0418,"Flat 72
Charlene Bridge
Connorshire
CA5 9QD",Male,Hillcrest Medical Centres NHS Trust,Black,Trinidad and Tobago,Skilled Worker,Nursing,Healthcare Assistant,Critical Care & Anaesthesia,2,13.62,2023-10-16,2023-11-20,30.0,0.8,None,Permanent,On Leave,WP703787,2027-12-31,GI289146,2030-12-30,2027-03-03,2023-11-06
EMP1125-20260916_215023,Georgia,Rhodes,kennethmatthews@example.com,2000-06-13,+44(0)131 496 0272,"Studio 87q
Clarke Trafficway
Robsontown
N71 8ZE",Female,Hillcrest Medical Centres NHS Trust,White,Australia,Dependent,Medical,Consultant,Clinical Support Services,CONS,70.54,2018-01-20,2018-03-03,18.75,0.5,NMC,Fixed Term,Suspended,NN432305,2028-07-08,WW250100,2027-05-12,2027-04-24,2018-02-10
EMP1126-20260916_215023,Anna,Miles,gbriggs@example.org,1984-08-09,01632960926,"48 Murray Gateway
North Abdul
E26 5GZ",Female,Southvale Hospitals NHS Trust,Black,Trinidad and Tobago,British Citizen,Medical,FY1/FY2,Corporate Services,FY1,21.25,2026-08-27,2026-09-24,15.0,0.4,None,Permanent,Inactive,GF629141,2030-06-25,HQ790326,2030-06-16,2027-03-07,2026-09-17
EMP1127-20260916_215023,Tom,Quinn,oosborne@example.org,1969-10-01,(0909) 879 0184,"7 Clare Junctions
Abigailtown
DN6 1QF",Male,Southgate Community & Mental Health NHS Trust,Black,South Africa,Skilled Worker,Admin,Medical Secretary,Critical Care & Anaesthesia,4,16.91,2023-09-03,2023-10-01,18.75,0.5,None,Permanent,Suspended,QE818506,2028-09-29,WK314821,2029-08-24,2027-09-15,2023-09-24
EMP1128-20260916_215023,Rita,Allen,kelly43@example.org,1986-05-16,0117 496 0764,"Flat 73h
Roy Divide
Lake Kelly
DG2B 4RE",Male,Midlands Central Hospitals NHS Trust,Mixed,Trinidad and Tobago,British Citizen,Admin,Medical Secretary,Corporate Services,4,18.24,2024-11-09,2024-12-07,37.5,1.0,NMC,Fixed Term,Suspended,BV359816,2029-03-08,WE229972,2028-01-06,2026-12-21,2024-11-30
EMP1129-20260916_215023,Carole,Williams,jdonnelly@example.com,1986-02-05,(0191) 4960114,"4 McCarthy Cove
Watsonton
B80 3PE",Male,Valleyview Mental Wellness NHS Trust,Black,South Africa,ILR,Medical,GP,Critical Care & Anaesthesia,GP,54.55,2017-06-30,2017-07-28,20.0,0.53,GMC,Fixed Term,Active,IJ469022,2029-10-13,MR826699,2030-09-19,2027-06-02,2017-07-21
EMP1130-20260916_215023,Peter,Johnson,batesjake@example.com,1995-09-26,+441184960759,"Flat 56H
Watkins Ridges
Janicefurt
S8 8LD",Female,Oakridge Community Services NHS Trust,Mixed,Nigeria,ILR,AHP,Pharmacist,Medicine & Acute Care,5,19.56,2024-09-05,2024-10-03,20.0,0.53,GMC,Bank,Suspended,GK396032,2030-07-25,BQ559410,2030-05-29,2027-08-10,2024-09-26
EMP1131-20260916_215023,Vanessa,Campbell,ianwhitehouse@example.org,1984-02-10,0121 496 0466,"97 Darren Views
Palmerport
E2 1DE",Female,Northwood Mental Health NHS Trust,Asian,India,Skilled Worker,Admin,Administrator,Critical Care & Anaesthesia,3,15.56,2017-03-29,2017-05-10,18.75,0.5,NMC,Fixed Term,On Leave,CN895578,2029-05-28,RD767123,2028-05-26,2027-05-20,2017-04-19
EMP1132-20260916_215023,Liam,Murray,vbryant@example.net,1964-09-18,+44(0)141 4960289,"Flat 29s
Wayne Port
Raymondtown
HR5 7QW",Male,Oakridge Community Services NHS Trust,Black,South Africa,ILR,AHP,Physiotherapist,Surgery & Cancer,6,26.89,2021-09-17,2021-10-29,18.75,0.5,HCPC,Bank,Inactive,AP182991,2029-05-10,KD017586,2029-12-05,2027-07-04,2021-10-08
EMP1133-20260916_215023,Natasha,Warren,jordan91@example.net,1977-10-24,01632 960836,"Flat 38
Schofield Pike
New Juneshire
HP27 5UA",Female,Broadfield Clinical Services NHS Trust,Asian,China,ILR,Nursing,Charge Nurse,Women & Children,7,31.73,2025-07-29,2025-09-09,15.0,0.4,None,Fixed Term,Active,MV116826,2029-01-24,UG917904,2027-02-19,2027-02-19,2025-08-19
EMP1134-20260916_215023,Marcus,Baldwin,idavies@example.org,1987-02-21,+44(0)161 4960274,"2 Stanley Hill
West Chelsea
YO09 3XN",Male,Northwood Mental Health NHS Trust,Mixed,New Zealand,British Citizen,Admin,Administrator,Critical Care & Anaesthesia,3,16.27,2018-11-01,2018-12-13,18.75,0.5,NMC,Permanent,On Leave,BM512198,2028-02-26,RP796069,2028-04-11,2027-03-18,2018-11-22
EMP1135-20260916_215023,Natalie,Davies,julie28@example.net,1988-12-20,+441184960643,"135 Irene Springs
Perryview
CB49 3TS",Male,Eastfield Psychological Services NHS Trust,Mixed,Barbados,ILR,AHP,Physiologist,Critical Care & Anaesthesia,6,25.06,2021-09-07,2021-10-05,30.0,0.8,NMC,Fixed Term,On Leave,CP706184,2027-11-29,KZ200419,2026-10-01,2026-09-22,2021-09-28
EMP1136-20260916_215023,Tom,Bowen,kwaters@example.net,1969-11-02,+442074960686,"706 Knight Courts
Lake Charlieburgh
G4B 6SH",Female,Westmere Community Health NHS Trust,Mixed,Thailand,British Citizen,AHP,Radiographer,Emergency & Urgent Care,6,25.24,2016-12-26,2017-02-06,15.0,0.4,None,Bank,Inactive,GI974876,2028-09-28,RE988467,2028-02-13,2027-08-09,2017-01-16
EMP1137-20260916_215023,Gary,Matthews,parsonsamy@example.net,1967-01-13,(01632) 960 925,"Flat 97Z
Colin Mills
Marcview
FK2A 4AF",Female,Riverside Integrated Care NHS Trust,Mixed,Canada,British Citizen,Admin,Receptionist,Women & Children,3,15.4,2020-09-16,2020-10-14,18.75,0.5,GMC,Fixed Term,Inactive,XH017607,2030-12-31,BQ965359,2029-09-05,2027-03-01,2020-10-07
EMP1138-20260916_215023,David,Stevenson,wsmith@example.com,1998-12-08,(0117)4960300,"017 Bethan Burg
Mohamedfurt
TF32 6HR",Female,Riverbank General Hospitals NHS Trust,White,New Zealand,ILR,AHP,Pharmacist,Corporate Services,5,20.63,2023-09-17,2023-10-15,37.5,1.0,None,Fixed Term,Active,HS113253,2028-01-01,ZX339138,2029-02-26,2027-08-01,2023-10-08
EMP1139-20260916_215023,Karl,Baker,tandrews@example.org,1986-03-03,+44118 4960500,"Flat 11
Coates Springs
East Mollyport
N4 8NY",Female,Midlands Central Hospitals NHS Trust,White,United Kingdom,British Citizen,Nursing,Staff Nurse,Women & Children,5,20.13,2019-04-26,2019-05-31,30.0,0.8,NMC,Permanent,Active,QK966066,2030-10-22,VG623424,2031-09-06,2027-05-23,2019-05-17
EMP1140-20260916_215023,Janet,Goodwin,lucy66@example.org,1968-12-25,(020) 74960700,"3 Alexander Mills
Foxside
DL7W 1AW",Female,Northwood Mental Health NHS Trust,Asian,China,Skilled Worker,Admin,Data Analyst,Medicine & Acute Care,8A,29.94,2018-06-22,2018-08-03,37.5,1.0,HCPC,Fixed Term,Inactive,FM490717,2029-06-06,ZC285993,2031-01-08,2026-10-17,2018-07-13
EMP1141-20260916_215023,Alison,Cox,yvonneherbert@example.org,1981-04-20,+441632 960703,"Flat 30
Watts Rue
New Christopher
HP5X 0TP",Female,Bluewater Community & Rehabilitation NHS Trust,Asian,Japan,ILR,AHP,Pharmacist,Critical Care & Anaesthesia,5,19.38,2020-03-27,2020-05-01,20.0,0.53,None,Fixed Term,On Leave,LH257705,2031-03-27,EM043153,2028-11-22,2026-12-22,2020-04-17
EMP1142-20260916_215023,Gary,Jones,perryrosie@example.com,1972-07-27,01632 960 103,"Flat 22q
Joseph Field
Andrewborough
L3 1PP",Female,Horizon Integrated Health Partnership NHS Trust,White,Canada,ILR,Admin,Receptionist,Emergency & Urgent Care,3,14.45,2019-02-01,2019-03-08,30.0,0.8,NMC,Permanent,Suspended,LX066773,2028-01-25,HF143297,2029-10-11,2027-02-17,2019-02-22
EMP1143-20260916_215023,Anthony,Lee,kjohnson@example.net,1967-06-19,(0141)4960779,"Studio 17
Norman Expressway
Port Alexmouth
GU3N 8UZ",Female,Horizon Integrated Health Partnership NHS Trust,Black,Kenya,Dependent,Admin,Administrator,Women & Children,3,15.7,2020-07-18,2020-08-15,37.5,1.0,None,Permanent,On Leave,JB813469,2028-06-08,AN651788,2031-04-06,2027-02-23,2020-08-08
EMP1144-20260916_215023,Louis,Jackson,kellyfiona@example.com,1964-06-05,+44808 1570833,"Flat 8
Oliver Road
Lake Nathanland
TS86 0FB",Female,Eastfield Psychological Services NHS Trust,Mixed,United Kingdom,Skilled Worker,Admin,Administrator,Corporate Services,3,15.12,2018-05-05,2018-06-16,30.0,0.8,HCPC,Permanent,Suspended,BR171383,2027-07-21,VJ999528,2029-01-01,2027-04-24,2018-05-26
EMP1145-20260916_215023,John,Barlow,lloydlee@example.org,1972-11-25,0909 879 0693,"19 Terence Turnpike
Robinsonstad
W6 4ZU",Female,Greenhaven Acute & Specialist Care NHS Trust,Asian,Japan,Skilled Worker,Medical,GP,Emergency & Urgent Care,GP,46.64,2026-09-15,2026-10-20,30.0,0.8,GMC,Bank,Inactive,ML822356,2031-02-15,YJ548608,2026-12-07,2027-05-20,2026-10-06
EMP1146-20260916_215023,Bethany,Ali,howellssusan@example.org,2002-09-25,(0117) 4960873,"778 Page Plains
Lydiaberg
N4S 4SY",Male,Westmere Community Health NHS Trust,Mixed,Ghana,British Citizen,Nursing,Staff Nurse,Medicine & Acute Care,5,19.18,2019-01-25,2019-03-08,20.0,0.53,GMC,Bank,Active,NE164342,2028-10-02,KS772830,2029-01-29,2027-05-14,2019-02-15
EMP1147-20260916_215023,Richard,Walker,dianafox@example.org,2005-07-08,+44161 496 0211,"Flat 32Y
Kirby Neck
Nathanton
ZE69 1AW",Female,Riverbank General Hospitals NHS Trust,Mixed,Barbados,Dependent,Nursing,Charge Nurse,Medicine & Acute Care,7,30.77,2022-03-29,2022-05-10,30.0,0.8,HCPC,Bank,Suspended,WR375385,2030-10-28,VR618179,2030-05-02,2027-06-20,2022-04-19
EMP1148-20260916_215023,Garry,Duffy,duncan18@example.net,1991-01-09,020 74960299,"607 Christopher Hills
Jodieville
CO60 8BT",Male,Southgate Community & Mental Health NHS Trust,Black,South Africa,British Citizen,Medical,GP,Women & Children,GP,50.01,2020-02-04,2020-03-17,30.0,0.8,GMC,Permanent,Suspended,QV310022,2029-09-20,XF014212,2029-02-14,2026-09-23,2020-02-25
EMP1149-20260916_215023,Roy,Evans,hpayne@example.com,2005-02-10,(0114)4960888,"Flat 47z
Lord Forge
Jamesville
E6 9HX",Female,Hillcrest Medical Centres NHS Trust,Mixed,Jamaica,British Citizen,AHP,Occupational Therapist,Corporate Services,6,27.81,2017-06-20,2017-08-01,15.0,0.4,HCPC,Fixed Term,Active,RK462957,2030-11-28,IP924080,2028-03-06,2026-09-16,2017-07-11
EMP1150-20260916_215023,Vincent,Robinson,ohowell@example.net,1996-10-05,0191 4960127,"Studio 32
Oliver Trail
Woodton
G0D 5WF",Male,Meadowbrook Community Health NHS Trust,White,United States,Dependent,AHP,Occupational Therapist,Corporate Services,6,27.33,2025-12-24,2026-01-28,30.0,0.8,GMC,Permanent,Suspended,GP087678,2028-11-16,LE334227,2029-05-24,2027-05-18,2026-01-14
EMP1151-20260916_215023,Sam,Storey,seandavidson@example.com,2005-06-24,+44(0)1632 960 729,"Flat 00
Smith Cape
New Samview
S6 6UZ",Male,Horizon Integrated Health Partnership NHS Trust,Mixed,Thailand,Dependent,Nursing,Healthcare Assistant,Clinical Support Services,2,13.97,2017-10-15,2017-11-19,18.75,0.5,NMC,Fixed Term,Inactive,VF800252,2028-07-29,GX001095,2028-05-16,2027-08-08,2017-11-05
EMP1152-20260916_215023,Kevin,Kerr,jacob33@example.net,1965-05-20,0121 4960749,"Flat 13n
Smart Rapid
West Kieran
W8 0EX",Male,Westborough Acute Care NHS Trust,White,Australia,Skilled Worker,Admin,Administrator,Medicine & Acute Care,3,15.51,2018-09-20,2018-11-01,18.75,0.5,NMC,Bank,Inactive,ZU748579,2029-03-11,XY786215,2027-08-18,2027-07-16,2018-10-11
EMP1153-20260916_215023,Anne,Wood,ryanhall@example.net,1971-11-28,+44(0)114 496 0393,"Flat 07X
Abigail Village
Turnerfurt
LD77 3GB",Male,Westmere Community Health NHS Trust,White,New Zealand,ILR,Nursing,Charge Nurse,Surgery & Cancer,7,28.32,2018-07-29,2018-09-02,20.0,0.53,NMC,Permanent,Active,GM256498,2030-05-09,UM691162,2030-04-26,2026-11-09,2018-08-19
EMP1154-20260916_215023,Jonathan,Talbot,abbie63@example.com,1973-04-17,+44121 496 0878,"Flat 4
Clark Fields
Jenniferville
BR4H 2WA",Female,Northshire University Hospitals NHS Trust,Mixed,Australia,Skilled Worker,Medical,FY1/FY2,Surgery & Cancer,FY1,19.18,2020-03-17,2020-04-28,18.75,0.5,None,Fixed Term,Active,VS763034,2028-01-18,RM251774,2030-06-10,2026-12-09,2020-04-07
EMP1155-20260916_215023,Owen,Wilson,esmith@example.org,1970-08-20,01632 960742,"Flat 23
Lloyd Throughway
Normanfurt
WA99 3SN",Female,Greenhaven Acute & Specialist Care NHS Trust,White,Australia,Dependent,Medical,Registrar,Corporate Services,SPR,37.24,2023-08-07,2023-09-04,30.0,0.8,HCPC,Fixed Term,Active,VO911534,2027-11-27,TY590002,2027-04-28,2027-04-16,2023-08-28
EMP1156-20260916_215023,Danny,Woodward,amanda19@example.com,1976-08-26,(0306) 999 0256,"933 Wendy Groves
Mauriceside
FY8 4TF",Male,Broadfield Clinical Services NHS Trust,Mixed,Canada,Dependent,Medical,SHO,Corporate Services,SHO,24.4,2019-11-01,2019-12-13,20.0,0.53,NMC,Fixed Term,Active,ZR558430,2026-12-17,JI441097,2028-05-14,2027-06-02,2019-11-22
EMP1157-20260916_215023,Grace,Hill,edwardsjanet@example.net,1961-08-19,+44161 496 0705,"176 Andrew Islands
Port Marie
L3 6QA",Male,Riverside Integrated Care NHS Trust,White,New Zealand,British Citizen,Admin,Administrator,Surgery & Cancer,3,14.89,2023-06-06,2023-07-18,30.0,0.8,HCPC,Fixed Term,Active,BJ204923,2027-07-07,FX537990,2029-02-16,2027-09-10,2023-06-27
EMP1158-20260916_215023,Russell,Carr,coxjosh@example.org,1989-05-11,(0118) 496 0253,"Flat 1
Amanda Forges
North Martynbury
S9W 0AG",Female,Meadowbrook Community Health NHS Trust,Mixed,Canada,Dependent,Admin,Data Analyst,Clinical Support Services,8A,35.28,2025-02-15,2025-03-22,30.0,0.8,NMC,Fixed Term,On Leave,EV651650,2029-01-27,HB333964,2028-06-23,2027-07-28,2025-03-08
EMP1159-20260916_215023,Louis,Martin,jacksonconor@example.com,1986-06-14,+441632 960285,"615 Abbott Neck
Lake Russellton
B3B 9GN",Female,Northshire University Hospitals NHS Trust,Black,South Africa,Dependent,Admin,Medical Secretary,Surgery & Cancer,4,18.76,2023-04-13,2023-05-11,15.0,0.4,HCPC,Permanent,Active,GL232719,2027-03-27,EW514364,2030-12-27,2027-06-19,2023-05-04
EMP1160-20260916_215023,Max,Reeves,eleanor08@example.net,1976-07-21,+44(0)20 74960437,"Studio 14
Simmons Alley
Port Phillip
L3 1JA",Female,Eastfield Psychological Services NHS Trust,Black,Barbados,Skilled Worker,Medical,Consultant,Critical Care & Anaesthesia,CONS,59.17,2018-10-15,2018-11-12,30.0,0.8,HCPC,Fixed Term,Inactive,OL984709,2029-01-23,RO130352,2031-06-28,2026-11-09,2018-11-05
EMP1161-20260916_215023,Owen,Butler,tcollins@example.com,1972-02-08,0161 496 0595,"Flat 8
Williams Ferry
Lynneland
E0T 9ZX",Male,Southvale Hospitals NHS Trust,Asian,Japan,Skilled Worker,AHP,Pharmacist,Women & Children,5,21.8,2017-02-16,2017-03-16,37.5,1.0,GMC,Bank,Inactive,CX350773,2029-09-24,GH015616,2030-05-10,2027-07-20,2017-03-09
EMP1162-20260916_215023,Abdul,Parkin,vincent73@example.com,1981-04-28,+44116 496 0021,"579 Jake Islands
West Trevorshire
BS4N 5UL",Male,Riverside Integrated Care NHS Trust,Black,Ghana,Skilled Worker,Medical,Registrar,Medicine & Acute Care,SPR,38.12,2025-11-18,2025-12-23,20.0,0.53,NMC,Bank,Suspended,YI502198,2029-06-30,SV323495,2031-05-16,2027-01-11,2025-12-09
EMP1163-20260916_215023,Bernard,Khan,atkinsondamien@example.com,1963-08-02,+44(0)29 2018 0591,"56 Smith Trail
Karlville
S82 8DG",Female,Southvale Hospitals NHS Trust,White,United States,Skilled Worker,Admin,Administrator,Emergency & Urgent Care,3,14.55,2025-08-22,2025-09-19,37.5,1.0,None,Fixed Term,On Leave,QI851595,2029-08-22,MZ946117,2027-03-10,2026-12-20,2025-09-12
EMP1164-20260916_215023,Colin,Wells,patriciafox@example.net,1971-04-13,(0116)4960307,"Studio 7
Ellie Mount
Port Robinville
E2 9LG",Female,Riverside Integrated Care NHS Trust,Black,Kenya,British Citizen,Nursing,Ward Manager,Emergency & Urgent Care,8A,30.45,2022-11-02,2022-12-14,18.75,0.5,HCPC,Bank,On Leave,JW082380,2031-04-15,MG514938,2029-01-22,2026-12-04,2022-11-23
EMP1165-20260916_215023,Lauren,Reed,stephanie47@example.com,1972-11-04,+441164960929,"Studio 17
Cook Plains
East Lewis
TF77 6GU",Male,Westmere Community Health NHS Trust,White,Canada,Skilled Worker,Admin,Medical Secretary,Corporate Services,4,17.72,2018-10-31,2018-11-28,15.0,0.4,HCPC,Bank,Suspended,MI323599,2028-12-24,YL871346,2029-10-10,2027-04-16,2018-11-21
EMP1166-20260916_215023,Adrian,Hill,taylorgeorgina@example.net,1982-12-02,+44(0)114 496 0271,"Flat 45
Franklin Gardens
Lydiastad
UB6P 2EW",Female,Meadowbrook Community Health NHS Trust,White,Australia,Dependent,Nursing,Charge Nurse,Clinical Support Services,7,29.88,2020-08-04,2020-09-08,18.75,0.5,HCPC,Fixed Term,Active,EQ565360,2030-02-26,BU917000,2028-10-06,2027-01-28,2020-08-25
EMP1167-20260916_215023,Dominic,Collins,vdickinson@example.com,1983-10-07,09098790940,"Studio 04L
Louis Springs
Williamsburgh
G3B 3LG",Male,Hillcrest Medical Centres NHS Trust,White,United States,ILR,Nursing,Nursery Nurse,Corporate Services,2,13.81,2021-03-13,2021-04-17,18.75,0.5,None,Fixed Term,Inactive,JA396043,2030-07-21,IK707179,2027-08-05,2026-11-04,2021-04-03
EMP1168-20260916_215023,Marc,Shah,lcox@example.com,1987-04-16,+44117 4960997,"14 Foster Views
North Henry
WD6 5PH",Female,Greenhaven Acute & Specialist Care NHS Trust,White,United Kingdom,British Citizen,Medical,FY1/FY2,Women & Children,FY1,18.49,2021-05-12,2021-06-16,37.5,1.0,None,Fixed Term,Suspended,IZ117316,2031-01-21,PG648065,2027-01-05,2027-05-06,2021-06-02
EMP1169-20260916_215023,Antony,Atkins,vlawrence@example.org,1997-01-24,0289018844,"829 May Route
New Nicolafurt
KT9 0SW",Male,Greenhaven Acute & Specialist Care NHS Trust,White,Australia,ILR,Nursing,Staff Nurse,Corporate Services,5,21.51,2021-07-14,2021-08-25,30.0,0.8,NMC,Permanent,Active,DF734968,2026-12-04,PZ032461,2027-01-18,2027-02-14,2021-08-04
EMP1170-20260916_215023,Mohammad,Young,bharvey@example.net,2008-02-25,(0151)4960752,"Flat 45
Ricky Terrace
Wilkinsview
M0 6YY",Male,Riverbank General Hospitals NHS Trust,Mixed,Jamaica,British Citizen,Admin,Administrator,Medicine & Acute Care,3,14.05,2022-03-13,2022-04-17,37.5,1.0,None,Bank,Active,SW248805,2030-11-06,WL027162,2030-12-10,2027-07-14,2022-04-03
EMP1171-20260916_215023,Dawn,Watts,clementsjoshua@example.net,1974-11-09,(0151)4960100,"6 Benson Orchard
Henryfurt
DL9 1PX",Male,Horizon Integrated Health Partnership NHS Trust,Asian,Japan,Dependent,Medical,GP,Emergency & Urgent Care,GP,60.17,2018-12-22,2019-01-19,20.0,0.53,HCPC,Fixed Term,Active,OR602467,2030-07-01,EY001060,2031-07-12,2027-01-29,2019-01-12
EMP1172-20260916_215023,Sean,Wilson,websterclive@example.org,1961-11-13,+4428 9018 0004,"46 Victor Squares
Charleneview
WV0 8FL",Male,Eastfield Psychological Services NHS Trust,White,Canada,British Citizen,AHP,Occupational Therapist,Women & Children,6,26.14,2024-08-09,2024-09-13,15.0,0.4,HCPC,Permanent,Suspended,SS675651,2030-01-18,NC249014,2030-12-14,2027-08-21,2024-08-30
EMP1173-20260916_215023,Anthony,Davies,harperrachael@example.org,1995-02-14,0131 4960555,"Studio 3
Middleton Shoals
Ryanside
YO8B 3AW",Male,Eastfield Psychological Services NHS Trust,Black,Jamaica,Skilled Worker,Nursing,Senior Staff Nurse,Women & Children,6,25.99,2022-01-16,2022-02-27,30.0,0.8,HCPC,Permanent,Active,KZ378255,2030-11-07,VE457131,2027-04-20,2027-06-21,2022-02-06
EMP1174-20260916_215023,Ian,Bennett,nmorgan@example.net,2008-03-22,+44116 496 0019,"Flat 38g
Carolyn Heights
Keithmouth
RG83 9WJ",Female,Hillcrest Medical Centres NHS Trust,Black,Nigeria,ILR,AHP,Pharmacist,Clinical Support Services,5,21.2,2017-02-03,2017-03-17,30.0,0.8,GMC,Permanent,Active,PH114085,2028-04-23,CU458189,2028-10-17,2026-12-31,2017-02-24
EMP1175-20260916_215023,Colin,Williams,robertsrachel@example.com,1996-11-30,(0191) 496 0171,"Flat 18x
Williams Keys
West Katestad
CH4 2RJ",Male,Riverbank General Hospitals NHS Trust,White,Australia,ILR,AHP,Occupational Therapist,Emergency & Urgent Care,6,22.88,2025-04-26,2025-05-24,37.5,1.0,HCPC,Fixed Term,Inactive,RJ728468,2029-02-13,TY971609,2029-05-28,2026-11-19,2025-05-17
EMP1176-20260916_215023,Catherine,Edwards,vmills@example.net,1995-12-31,(0161)4960644,"359 Poole Fields
Janicechester
N3 2PG",Male,Horizon Integrated Health Partnership NHS Trust,Mixed,United Kingdom,Skilled Worker,Medical,Consultant,Corporate Services,CONS,61.85,2017-01-14,2017-02-25,15.0,0.4,HCPC,Bank,Inactive,BG438005,2028-09-26,YJ104248,2028-08-10,2027-04-17,2017-02-04
EMP1177-20260916_215023,Allan,Morley,bkelly@example.com,1990-08-23,(0141)4960170,"12 Turner Overpass
New Helen
BH9 3DD",Male,Riverside Integrated Care NHS Trust,Black,Nigeria,ILR,Admin,Receptionist,Emergency & Urgent Care,3,15.81,2021-09-07,2021-10-19,15.0,0.4,HCPC,Permanent,Inactive,HT943904,2029-10-27,AI001991,2026-12-26,2027-03-26,2021-09-28
EMP1178-20260916_215023,Rosemary,Chamberlain,oliver29@example.org,1961-04-11,+441914960482,"643 Adrian Roads
New Bethanstad
RH01 8LN",Male,Westborough Acute Care NHS Trust,White,United States,Skilled Worker,Medical,Consultant,Emergency & Urgent Care,CONS,48.77,2025-11-16,2025-12-28,30.0,0.8,None,Permanent,Inactive,MV988775,2029-08-01,MX810013,2029-05-19,2027-06-03,2025-12-07
EMP1179-20260916_215023,Annette,Johnson,antony04@example.org,1995-02-19,(01632) 960199,"617 Buckley Mountain
Hartchester
PH9 8YR",Female,Riverbank General Hospitals NHS Trust,White,United Kingdom,ILR,Medical,Consultant,Emergency & Urgent Care,CONS,68.6,2019-09-11,2019-10-23,15.0,0.4,None,Permanent,Suspended,NE251088,2030-03-28,ZI146133,2029-06-14,2027-04-11,2019-10-02
EMP1180-20260916_215023,Jack,Barber,terry72@example.com,1998-05-08,0909 8790872,"146 Godfrey Via
West Michelleburgh
CV8 2JW",Female,Eastfield Psychological Services NHS Trust,Mixed,Thailand,British Citizen,Nursing,Ward Manager,Emergency & Urgent Care,8A,33.33,2017-05-15,2017-06-12,20.0,0.53,None,Bank,Inactive,NU934073,2029-07-01,YP639838,2030-09-05,2027-07-07,2017-06-05
EMP1181-20260916_215023,Roger,Hayes,natalie45@example.com,1975-08-27,+44118 4960703,"Flat 41t
Geraldine Wall
Joshuaport
KY7 0YB",Female,Lakeside District Hospitals NHS Trust,Black,Nigeria,British Citizen,Nursing,Healthcare Assistant,Critical Care & Anaesthesia,2,13.02,2025-08-18,2025-09-29,20.0,0.53,NMC,Bank,Active,YY359235,2030-06-18,LA332369,2030-07-12,2027-02-25,2025-09-08
EMP1182-20260916_215023,Sam,Johnson,grayelaine@example.org,1975-07-17,+44(0)306 9990888,"Studio 88V
Abdul Field
Patrickton
AL9 5TH",Male,Oakridge Community Services NHS Trust,Mixed,Canada,Skilled Worker,Admin,Medical Secretary,Critical Care & Anaesthesia,4,15.43,2025-06-24,2025-07-29,15.0,0.4,HCPC,Bank,Suspended,NX607377,2028-11-25,OP220243,2028-04-07,2026-12-11,2025-07-15
EMP1183-20260916_215023,Eric,Watson,billy02@example.com,1991-09-26,+44161 4960511,"608 Barry Inlet
North Adrian
IV88 5DJ",Male,Westborough Acute Care NHS Trust,White,United Kingdom,British Citizen,Nursing,Charge Nurse,Clinical Support Services,7,32.1,2024-04-21,2024-05-19,37.5,1.0,NMC,Bank,Inactive,OE854865,2027-12-30,CO327029,2028-02-13,2026-10-31,2024-05-12
EMP1184-20260916_215023,Mandy,Roberts,melissastephens@example.net,1978-06-22,0115 4960572,"Flat 05
Barker Glen
East Mitchellchester
KT2 4WA",Female,Meadowbrook Community Health NHS Trust,Asian,China,ILR,Medical,SHO,Emergency & Urgent Care,SHO,25.97,2017-11-23,2017-12-28,30.0,0.8,None,Bank,Active,LA537127,2031-02-16,GY738653,2028-05-23,2027-03-18,2017-12-14
EMP1185-20260916_215023,Ben,Owen,ewhite@example.com,2005-12-28,+44(0)1214960823,"Flat 72E
Sam Dale
Boylehaven
B18 8JF",Female,Bluewater Community & Rehabilitation NHS Trust,White,United Kingdom,ILR,AHP,Pharmacist,Clinical Support Services,5,19.49,2023-10-05,2023-11-09,37.5,1.0,GMC,Bank,On Leave,YE830452,2030-01-28,LF326893,2027-12-01,2026-12-18,2023-10-26
EMP1186-20260916_215023,Pauline,Smith,derek37@example.net,2002-04-03,+44(0)1144960037,"Flat 9
Field Valley
New Yvonne
N25 7BE",Female,Horizon Integrated Health Partnership NHS Trust,Mixed,United States,Skilled Worker,Admin,Medical Secretary,Surgery & Cancer,4,19.34,2017-12-15,2018-01-19,15.0,0.4,HCPC,Bank,Suspended,WE855296,2031-07-23,IL827866,2030-02-11,2027-02-07,2018-01-05
EMP1187-20260916_215023,Sarah,Pearson,reestracey@example.net,1993-07-08,+44(0)3069990107,"53 Kayleigh Expressway
Port Conor
NG93 5WQ",Male,Westborough Acute Care NHS Trust,Black,Barbados,ILR,Medical,Consultant,Corporate Services,CONS,66.2,2024-02-01,2024-02-29,15.0,0.4,GMC,Bank,On Leave,BB769765,2030-11-03,UP472960,2030-09-27,2027-05-04,2024-02-22
EMP1188-20260916_215023,Robin,Scott,guyatkinson@example.org,2004-09-08,+44(0)306 999 0098,"Studio 94
Clark Junctions
Lake Annetteside
HD21 2ZL",Female,Hillcrest Medical Centres NHS Trust,Black,Barbados,British Citizen,AHP,Physiotherapist,Medicine & Acute Care,6,22.63,2025-01-03,2025-01-31,30.0,0.8,None,Permanent,Active,NC135748,2027-11-28,IR417346,2028-03-27,2027-04-12,2025-01-24
EMP1189-20260916_215023,Victoria,Ahmed,cartertom@example.com,1972-01-07,03069990588,"53 Frederick Unions
Chanhaven
PL87 7AF",Male,Southgate Community & Mental Health NHS Trust,Mixed,Nigeria,Skilled Worker,Nursing,Nursery Nurse,Critical Care & Anaesthesia,2,13.1,2019-04-23,2019-05-28,30.0,0.8,HCPC,Bank,Suspended,NI877550,2027-09-16,XZ866328,2031-06-24,2027-01-03,2019-05-14
EMP1190-20260916_215023,Jayne,Turner,louise25@example.com,1983-01-12,+4420 7496 0731,"47 Barry Hills
Simpsonland
AL10 0NJ",Male,Riverside Integrated Care NHS Trust,White,New Zealand,British Citizen,Admin,Data Analyst,Corporate Services,8A,31.92,2025-03-25,2025-04-29,15.0,0.4,HCPC,Fixed Term,On Leave,JU699099,2028-08-31,VJ794174,2027-10-27,2027-01-24,2025-04-15
EMP1191-20260916_215023,Stephen,Bailey,arthurroberts@example.net,2000-07-19,028 9018533,"Studio 3
Lawrence Mill
Richardview
PR8 1LE",Male,Hillcrest Medical Centres NHS Trust,White,United States,ILR,Medical,Consultant,Emergency & Urgent Care,CONS,70.56,2020-10-26,2020-11-23,30.0,0.8,HCPC,Bank,Active,ET320344,2029-12-23,SS035905,2030-08-25,2027-07-30,2020-11-16
EMP1192-20260916_215023,Amelia,Mills,lambsharon@example.net,1983-10-23,01314960049,"Studio 5
Lynne Causeway
Eleanorview
G9 6ZB",Male,Northshire University Hospitals NHS Trust,Black,Trinidad and Tobago,ILR,Medical,FY1/FY2,Corporate Services,FY1,20.61,2018-03-19,2018-04-30,18.75,0.5,None,Permanent,Inactive,MM320305,2028-07-14,CA731318,2031-05-18,2027-03-16,2018-04-09
EMP1193-20260916_215023,Kieran,Jones,dawn62@example.net,1977-02-19,01184960491,"Flat 35w
Cheryl Common
Hayleystad
NR0R 1GE",Male,Eastfield Psychological Services NHS Trust,Black,Ghana,ILR,Admin,Receptionist,Critical Care & Anaesthesia,3,14.84,2024-03-16,2024-04-27,30.0,0.8,GMC,Fixed Term,Inactive,BB553213,2027-01-23,FN940824,2027-01-16,2027-08-03,2024-04-06
EMP1194-20260916_215023,Debra,Martin,upollard@example.org,1990-11-06,+44(0)118 496 0067,"Studio 68I
Morrison Roads
West Sarahland
CH7 6HA",Female,Eastfield Psychological Services NHS Trust,Asian,Thailand,ILR,AHP,Physiologist,Corporate Services,6,27.85,2023-06-24,2023-07-22,15.0,0.4,HCPC,Bank,Suspended,FU525711,2028-06-23,DB492101,2028-01-17,2027-03-24,2023-07-15
EMP1195-20260916_215023,Charlene,Barry,nashnicole@example.com,1992-02-12,+4428 9018 0284,"Flat 5
Maureen Fork
Mathewmouth
S08 4ZQ",Male,Southvale Hospitals NHS Trust,Black,Jamaica,ILR,AHP,Radiographer,Medicine & Acute Care,6,24.83,2024-02-11,2024-03-24,15.0,0.4,None,Fixed Term,Active,ZS908253,2031-04-24,SH418740,2030-11-16,2026-11-29,2024-03-03
EMP1196-20260916_215023,William,Walker,smithjane@example.net,1961-07-16,(0161) 496 0805,"Flat 29X
Wilkinson Canyon
North Marionview
HU9 1GT",Female,Northshire University Hospitals NHS Trust,Asian,Japan,British Citizen,Admin,Receptionist,Corporate Services,3,14.44,2018-06-11,2018-07-23,37.5,1.0,HCPC,Bank,On Leave,PL514185,2030-11-04,DD607869,2027-10-12,2027-05-12,2018-07-02
EMP1197-20260916_215023,Pauline,Wall,katy39@example.net,1995-12-11,+44118 4960892,"366 Shane Vista
Masonfort
W5A 1ZT",Female,Lakeside District Hospitals NHS Trust,Black,Barbados,Dependent,Medical,FY1/FY2,Women & Children,FY1,19.54,2017-05-07,2017-06-11,37.5,1.0,HCPC,Bank,On Leave,TB563110,2029-11-17,RA192365,2029-10-16,2027-09-12,2017-05-28
EMP1198-20260916_215023,Carolyn,Morgan,suzanne14@example.org,2002-12-09,+44141 496 0881,"Flat 93
Howard Lodge
Walkerborough
W17 1YE",Male,Hillcrest Medical Centres NHS Trust,Asian,Thailand,Skilled Worker,AHP,Speech Therapist,Clinical Support Services,6,24.63,2019-04-18,2019-05-16,18.75,0.5,NMC,Bank,On Leave,ZQ740833,2031-08-08,AY032660,2030-05-04,2027-08-12,2019-05-09
EMP1199-20260916_215023,Mohammed,Hughes,eperry@example.org,1968-09-15,01164960796,"55 Richard Bypass
Haywardville
N3 2WT",Male,Southvale Hospitals NHS Trust,Mixed,Ghana,British Citizen,AHP,Physiotherapist,Clinical Support Services,6,27.9,2026-01-07,2026-02-18,18.75,0.5,None,Bank,Inactive,DI364302,2029-06-25,TQ631950,2028-04-02,2027-06-25,2026-01-28
EMP1200-20260916_215023,Stuart,Briggs,kenneth04@example.org,1999-06-28,020 7946 0698,"Flat 7
Alex Fork
Heathview
ZE1H 4WE",Male,Lakeside District Hospitals NHS Trust,White,New Zealand,British Citizen,AHP,Physiotherapist,Critical Care & Anaesthesia,6,23.27,2016-12-22,2017-01-19,20.0,0.53,HCPC,Fixed Term,Inactive,FH320750,2028-06-30,KD928093,2026-12-02,2026-10-17,2017-01-12
