emp_id,first_name,last_name,email,dob,telephone,address,gender,trust,ethnicity,nationality,visa_status,staff_group,role,division,grade,hourly_rate,hire_date,contract_start,weekly_hours,fte,registration_type,contract_type,employment_status,registration_no,registration_expiry_date,ni,dbs_expiry_date,mandatory_training_expiry_date,profile_creation_date
EMP0001-20260916_214726,Darren,Hughes,cartwrightnorman@example.net,2002-06-22,(0151)4960534,"Flat 8
Vanessa Hills
Fryton
G59 4ST",Male,Meadowbrook Community Health NHS Trust,White,Canada,British Citizen,Admin,Receptionist,Clinical Support Services,3,15.74,2026-06-26,2026-07-24,30.0,0.8,NMC,Fixed Term,Suspended,CO945198,2027-09-15,RM468542,2028-05-11,2027-09-10,2026-07-17
EMP0002-20260916_214726,Damien,Stevens,billy27@example.com,1991-09-11,0909 879 0384,"Studio 85s
David Manors
Lake Garry
ML24 6ZT",Female,Southvale Hospitals NHS Trust,White,Canada,Skilled Worker,Admin,Data Analyst,Clinical Support Services,8A,32.3,2018-01-29,2018-02-26,30.0,0.8,None,Fixed Term,On Leave,PJ489329,2027-06-13,BG010861,2031-03-29,2027-02-18,2018-02-19
EMP0003-20260916_214726,Joshua,Wheeler,lmoore@example.org,2003-08-30,+44(0)151 4960521,"Studio 33I
Jones Run
Ellieland
SE6N 8WP",Female,Hillcrest Medical Centres NHS Trust,White,United States,Skilled Worker,Medical,GP,Medicine & Acute Care,GP,56.32,2018-07-24,2018-08-21,30.0,0.8,HCPC,Bank,Suspended,RG447419,2029-11-16,KY187399,2028-12-11,2027-05-02,2018-08-14
EMP0004-20260916_214726,Toby,Marsden,allanholmes@example.org,2008-02-09,+44808 1570562,"Flat 25
Josephine Villages
New Gordon
HD7 1FH",Female,Horizon Integrated Health Partnership NHS Trust,Black,Barbados,Dependent,Medical,Registrar,Critical Care & Anaesthesia,SPR,40.91,2023-10-24,2023-11-28,37.5,1.0,HCPC,Fixed Term,On Leave,AB428932,2026-10-30,ZG220579,2029-07-10,2026-12-26,2023-11-14
EMP0005-20260916_214726,Irene,Griffiths,vhart@example.org,1974-04-01,+44(0)117 4960151,"56 Wilkinson Passage
Port Katy
SE31 7QX",Male,Southgate Community & Mental Health NHS Trust,Asian,Thailand,ILR,AHP,Occupational Therapist,Surgery & Cancer,6,25.08,2019-10-28,2019-12-02,18.75,0.5,NMC,Permanent,Suspended,GI999400,2028-12-01,FL573909,2028-08-25,2027-07-03,2019-11-18
EMP0006-20260916_214726,Frank,Davies,jennifercraig@example.net,2006-06-02,+441314960985,"72 Jones Way
Port Annefort
E9H 7JS",Female,Riverside Integrated Care NHS Trust,White,Canada,ILR,AHP,Physiologist,Surgery & Cancer,6,25.8,2020-07-13,2020-08-10,20.0,0.53,NMC,Fixed Term,Suspended,JE812074,2028-02-18,YD593906,2029-06-11,2026-11-11,2020-08-03
EMP0007-20260916_214726,Cameron,Bryant,normansmart@example.com,2002-06-11,+44(0)306 999 0279,"Studio 51
Patel Road
North Catherineview
M2S 7YH",Male,Bluewater Community & Rehabilitation NHS Trust,Asian,Thailand,ILR,Admin,Administrator,Corporate Services,3,14.86,2024-01-15,2024-02-19,15.0,0.4,None,Permanent,Active,ZS915500,2029-02-03,SC577641,2028-07-06,2026-11-15,2024-02-05
EMP0008-20260916_214726,Yvonne,Akhtar,murphyconor@example.net,2001-10-12,+441914960475,"Studio 0
Dale Landing
Port Joshua
TW3B 2FE",Female,Lakeside District Hospitals NHS Trust,White,New Zealand,ILR,Admin,Administrator,Surgery & Cancer,3,13.96,2024-05-08,2024-06-12,30.0,0.8,None,Permanent,Suspended,AJ797706,2027-06-16,PQ577793,2027-01-27,2027-06-02,2024-05-29
EMP0009-20260916_214726,Dorothy,Williams,jennifer18@example.net,1962-07-30,(020)74960835,"Flat 34V
Mitchell Gateway
New Amberburgh
G8 3BH",Female,Hillcrest Medical Centres NHS Trust,White,United States,Skilled Worker,Admin,Medical Secretary,Clinical Support Services,4,18.59,2017-09-18,2017-10-16,15.0,0.4,GMC,Permanent,Active,RA628386,2030-10-28,IB189144,2029-07-09,2026-12-06,2017-10-09
EMP0010-20260916_214726,Katie,King,jeremywade@example.net,1961-06-13,03069990643,"4 Curtis Brook
Jamesland
PH4 9SR",Female,Southgate Community & Mental Health NHS Trust,Mixed,Australia,Skilled Worker,Nursing,Staff Nurse,Emergency & Urgent Care,5,19.14,2023-11-29,2024-01-03,18.75,0.5,GMC,Permanent,On Leave,WU507214,2030-07-19,HV152327,2029-05-08,2027-07-07,2023-12-20
EMP0011-20260916_214726,Joanne,Scott,armstronggavin@example.org,1978-06-10,+44(0)28 9018 0682,"Studio 67
Kieran Mountain
North Gillianhaven
S82 8YR",Male,Oakridge Community Services NHS Trust,White,Canada,ILR,AHP,Occupational Therapist,Corporate Services,6,23.77,2024-03-26,2024-05-07,20.0,0.53,HCPC,Bank,Inactive,HG730814,2031-06-14,LP665786,2028-05-19,2027-04-29,2024-04-16
EMP0012-20260916_214726,Paula,Butler,shannon49@example.com,1974-09-17,(0131) 496 0190,"Studio 7
Janice Spring
South Michelle
L4 1QQ",Female,Hillcrest Medical Centres NHS Trust,Mixed,Jamaica,Dependent,AHP,Occupational Therapist,Medicine & Acute Care,6,26.45,2019-06-13,2019-07-18,15.0,0.4,GMC,Fixed Term,Inactive,NB822030,2029-08-24,SM322569,2031-03-30,2027-01-05,2019-07-04
EMP0013-20260916_214726,Stacey,Cartwright,owatts@example.net,1986-10-31,(0116) 4960353,"5 Mohammad Rapid
Teresafurt
HU2 0XA",Male,Bluewater Community & Rehabilitation NHS Trust,Mixed,China,Dependent,Nursing,Staff Nurse,Medicine & Acute Care,5,22.46,2016-10-23,2016-11-27,18.75,0.5,GMC,Bank,Active,VG248549,2027-04-10,YH053380,2029-05-29,2027-06-21,2016-11-13
EMP0014-20260916_214726,Jayne,Johnson,wburrows@example.org,1961-03-10,(0116)4960345,"Flat 11P
Hayes Radial
Chelseachester
EN9 3XF",Female,Valleyview Mental Wellness NHS Trust,Black,Nigeria,Dependent,Medical,FY1/FY2,Medicine & Acute Care,FY1,19.01,2025-09-15,2025-10-27,37.5,1.0,NMC,Fixed Term,Suspended,EV644077,2030-07-21,VL849055,2029-11-15,2027-02-13,2025-10-06
EMP0015-20260916_214726,Heather,Manning,kimberleygarner@example.org,1991-11-11,01914960007,"Studio 20
Peacock Walk
East Staceyburgh
BD3 6UW",Male,Westmere Community Health NHS Trust,Black,Kenya,ILR,Medical,Registrar,Emergency & Urgent Care,SPR,39.09,2024-07-14,2024-08-11,30.0,0.8,HCPC,Bank,Suspended,GC638686,2027-02-08,NV693633,2028-06-10,2027-05-05,2024-08-04
EMP0016-20260916_214726,Glenn,Edwards,ztaylor@example.com,2002-06-26,(028) 9018 0601,"Studio 88u
Williams Crescent
Juneside
CA9P 3QN",Female,Riverside Integrated Care NHS Trust,Mixed,Thailand,Dependent,Nursing,Senior Staff Nurse,Corporate Services,6,27.53,2020-05-01,2020-06-12,20.0,0.53,NMC,Permanent,Inactive,OI734670,2027-12-10,UF252759,2030-06-22,2027-02-22,2020-05-22
EMP0017-20260916_214726,Mathew,Barnes,miahbeverley@example.org,1976-04-27,0161 4960418,"Studio 72
Patel Hill
Goddardview
NP0A 5EY",Female,Broadfield Clinical Services NHS Trust,Mixed,India,ILR,Admin,Data Analyst,Corporate Services,8A,30.79,2021-10-27,2021-12-01,37.5,1.0,NMC,Fixed Term,On Leave,AE090579,2029-02-12,SD341244,2027-07-07,2026-12-14,2021-11-17
EMP0018-20260916_214726,Roger,Cook,harriet69@example.com,1992-03-16,+441134960171,"1 Barker Glens
Pamelahaven
N1C 5JG",Male,Horizon Integrated Health Partnership NHS Trust,Mixed,New Zealand,Skilled Worker,Admin,Data Analyst,Women & Children,8A,32.47,2019-07-11,2019-08-15,20.0,0.53,NMC,Fixed Term,On Leave,WR218907,2026-11-09,ZH675859,2028-04-16,2027-01-03,2019-08-01
EMP0019-20260916_214726,Emma,Gallagher,norman28@example.net,1994-10-19,+44(0)113 4960979,"Studio 84I
Dawn Knolls
Benjaminbury
E4 1WG",Female,Southgate Community & Mental Health NHS Trust,White,United Kingdom,Skilled Worker,Nursing,Healthcare Assistant,Emergency & Urgent Care,2,13.46,2020-10-19,2020-11-30,20.0,0.53,NMC,Fixed Term,Active,MB223023,2031-01-30,UY835957,2028-06-16,2027-07-28,2020-11-09
EMP0020-20260916_214726,Craig,Russell,wardsarah@example.net,1996-11-25,(01632) 960044,"38 Yates Center
Graychester
N65 4FY",Male,Eastfield Psychological Services NHS Trust,Asian,Thailand,Dependent,Medical,GP,Clinical Support Services,GP,51.83,2023-12-09,2024-01-20,30.0,0.8,HCPC,Fixed Term,Suspended,XG924516,2029-07-18,QN868812,2026-10-08,2027-08-22,2023-12-30
EMP0021-20260916_214726,Tracey,James,swalton@example.org,1992-05-24,+44(0)306 999 0120,"Studio 3
Lee Heights
Dawnburgh
CA8M 2WQ",Male,Broadfield Clinical Services NHS Trust,White,Australia,British Citizen,Admin,Medical Secretary,Critical Care & Anaesthesia,4,18.56,2018-02-16,2018-03-23,15.0,0.4,HCPC,Permanent,On Leave,UC407152,2028-07-04,EO110638,2027-01-08,2027-04-05,2018-03-09
EMP0022-20260916_214726,Melanie,Sykes,davidsoncraig@example.com,1985-06-03,01314960326,"489 Roy Tunnel
Lake Bethanyberg
WR8 2UZ",Male,Lakeside District Hospitals NHS Trust,Asian,Thailand,Dependent,Nursing,Charge Nurse,Surgery & Cancer,7,27.28,2026-02-16,2026-03-16,18.75,0.5,HCPC,Fixed Term,On Leave,UN396248,2029-12-04,ZY654799,2028-09-02,2027-06-18,2026-03-09
EMP0023-20260916_214726,Nathan,Graham,dobsondeborah@example.org,1962-09-16,(0131) 4960221,"586 Walker Village
North Sandra
SW7 2GU",Female,Northshire University Hospitals NHS Trust,Black,Jamaica,Skilled Worker,Admin,Medical Secretary,Surgery & Cancer,4,18.5,2023-11-04,2023-12-16,20.0,0.53,None,Permanent,On Leave,AH066750,2027-03-25,GK469268,2029-09-28,2027-02-03,2023-11-25
EMP0024-20260916_214726,Katherine,Ahmed,dixonaaron@example.net,1970-01-30,+44(0)118 496 0261,"Flat 68D
Parsons Spur
Marshberg
HD6 9PE",Female,Eastmoor Teaching Hospitals NHS Trust,Black,Ghana,ILR,Nursing,Ward Manager,Emergency & Urgent Care,8A,32.22,2020-05-12,2020-06-23,15.0,0.4,None,Permanent,Active,VO427897,2028-04-13,CE532769,2030-01-04,2027-05-21,2020-06-02
EMP0025-20260916_214726,Shirley,Barry,sophieflynn@example.net,1996-01-25,+44(0)191 496 0509,"Studio 68
William Flats
Tracymouth
DG9 9JB",Male,Midlands Central Hospitals NHS Trust,Mixed,Thailand,British Citizen,Medical,FY1/FY2,Emergency & Urgent Care,FY1,19.11,2019-12-11,2020-01-08,20.0,0.53,NMC,Permanent,Suspended,HS762429,2026-12-25,GN699696,2030-02-02,2027-01-03,2020-01-01
EMP0026-20260916_214726,Jason,Vincent,robertsfrances@example.net,1975-11-23,+44(0)1414960469,"42 Thomson Prairie
Scotthaven
TN2R 8UB",Female,Oakridge Community Services NHS Trust,Asian,India,Skilled Worker,Admin,Receptionist,Clinical Support Services,3,13.97,2021-08-09,2021-09-06,30.0,0.8,GMC,Permanent,Suspended,FJ471146,2029-06-01,KQ114157,2026-11-05,2027-02-09,2021-08-30
EMP0027-20260916_214726,Ruth,Jones,adriansmith@example.com,1994-12-06,(0115) 496 0071,"95 Jacqueline Summit
Nathanside
HS5 2JD",Female,Oakridge Community Services NHS Trust,White,United Kingdom,ILR,Medical,Consultant,Surgery & Cancer,CONS,48.9,2017-03-25,2017-04-29,37.5,1.0,NMC,Permanent,Inactive,AW598905,2027-06-10,AS503108,2029-05-15,2026-11-08,2017-04-15
EMP0028-20260916_214726,Carol,Anderson,brayamelia@example.net,1981-12-08,+44(0)8081570623,"Flat 51z
Jackson Trail
New Debraview
ME7 0XB",Female,Westborough Acute Care NHS Trust,Mixed,India,Skilled Worker,Nursing,Senior Staff Nurse,Corporate Services,6,22.99,2019-12-18,2020-01-15,18.75,0.5,GMC,Bank,On Leave,QR443189,2027-10-09,EH839019,2027-12-06,2027-07-28,2020-01-08
EMP0029-20260916_214726,Leigh,Barker,jenkinsgregory@example.org,1963-05-25,0306 999 0381,"85 Curtis Crescent
Dalefort
W89 2ZB",Male,Valleyview Mental Wellness NHS Trust,Black,Kenya,Dependent,Nursing,Charge Nurse,Emergency & Urgent Care,7,26.69,2023-08-05,2023-09-02,18.75,0.5,None,Fixed Term,Inactive,RJ225855,2030-06-24,QQ153587,2029-02-04,2026-12-03,2023-08-26
EMP0030-20260916_214726,Caroline,Hopkins,hsimpson@example.org,1996-01-30,+44(0)1914960298,"Flat 80
Collier Dale
East Christine
M52 7WR",Male,Greenhaven Acute & Specialist Care NHS Trust,White,Canada,British Citizen,AHP,Physiotherapist,Critical Care & Anaesthesia,6,23.3,2019-08-29,2019-10-03,30.0,0.8,GMC,Permanent,Inactive,AW724085,2028-03-17,TZ327558,2030-10-08,2027-02-14,2019-09-19
EMP0031-20260916_214726,Lewis,Williams,heathermitchell@example.org,1997-11-30,01174960719,"5 Collins Flats
New Wayne
G2 6UJ",Female,Eastmoor Teaching Hospitals NHS Trust,Asian,Japan,ILR,Admin,Administrator,Critical Care & Anaesthesia,3,14.41,2023-08-31,2023-10-05,37.5,1.0,GMC,Bank,Active,VP305799,2031-03-13,MU198360,2031-04-10,2027-05-21,2023-09-21
EMP0032-20260916_214726,Joe,Baker,hartleyandrew@example.org,1989-02-27,+4429 2018371,"674 Zoe Forges
Leonardbury
SG7E 0ET",Male,Oakridge Community Services NHS Trust,Mixed,Japan,British Citizen,Medical,Registrar,Clinical Support Services,SPR,43.22,2017-04-01,2017-05-06,20.0,0.53,GMC,Permanent,Active,MM539064,2028-11-08,MQ564244,2031-02-01,2027-02-20,2017-04-22
EMP0033-20260916_214726,Zoe,Atkinson,vbennett@example.com,1966-11-20,0808 157 0210,"772 Young Stravenue
Carolineberg
DD41 0WR",Male,Midlands Central Hospitals NHS Trust,Mixed,Thailand,ILR,AHP,Occupational Therapist,Medicine & Acute Care,6,26.97,2018-09-29,2018-10-27,30.0,0.8,HCPC,Bank,Inactive,BI211679,2029-03-06,IC165871,2028-09-10,2026-09-21,2018-10-20
EMP0034-20260916_214726,Christian,Williams,tony92@example.com,1977-08-14,(028) 9018 0953,"Studio 2
Jones Knolls
New Jayville
BB81 7GY",Female,Meadowbrook Community Health NHS Trust,Mixed,Ghana,British Citizen,Admin,Receptionist,Critical Care & Anaesthesia,3,16.05,2019-01-27,2019-03-10,20.0,0.53,NMC,Fixed Term,Inactive,YS004980,2030-09-30,YE712749,2029-09-19,2027-04-21,2019-02-17
EMP0035-20260916_214726,Joanna,Pearce,melanieandrews@example.com,1991-05-13,(0118)4960243,"Flat 36
Wood Via
South Allanborough
DE26 3UJ",Male,Lakeside District Hospitals NHS Trust,Black,Kenya,Skilled Worker,AHP,Physiologist,Corporate Services,6,24.08,2025-05-15,2025-06-26,15.0,0.4,NMC,Bank,Active,VF411570,2030-12-30,OH982522,2031-04-10,2027-06-04,2025-06-05
EMP0036-20260916_214726,Russell,Hardy,berryhayley@example.com,1993-05-29,01144960814,"Studio 04
Julie Mountains
Port Guyside
M4E 9XA",Male,Bluewater Community & Rehabilitation NHS Trust,White,Canada,Skilled Worker,Admin,Administrator,Emergency & Urgent Care,3,13.65,2016-09-21,2016-11-02,15.0,0.4,None,Bank,Inactive,MY958718,2031-04-26,XQ423376,2030-03-25,2027-06-19,2016-10-12
EMP0037-20260916_214726,Melanie,Mason,wjohnson@example.net,1986-09-15,+44(0)114 4960817,"4 Smith Prairie
East Daniel
S87 5TQ",Female,Hillcrest Medical Centres NHS Trust,Black,Jamaica,Skilled Worker,AHP,Occupational Therapist,Clinical Support Services,6,22.63,2021-11-22,2021-12-20,18.75,0.5,GMC,Bank,Active,PY730018,2029-09-24,KY419104,2029-06-17,2027-05-28,2021-12-13
EMP0038-20260916_214726,Elliott,Harris,nathan05@example.com,1987-01-09,+44(0)161 4960967,"473 Natalie Prairie
Lake Stevenview
CV0N 7YJ",Male,Meadowbrook Community Health NHS Trust,White,Canada,Dependent,Medical,Consultant,Clinical Support Services,CONS,55.17,2018-02-14,2018-03-28,30.0,0.8,GMC,Bank,Suspended,RI564224,2031-03-24,YK656744,2027-08-18,2027-02-20,2018-03-07
EMP0039-20260916_214726,Georgina,Clark,lawrence47@example.net,1965-05-01,029 2018 0840,"9 Gregory Cape
North Elaineburgh
DY36 3AT",Female,Valleyview Mental Wellness NHS Trust,Mixed,New Zealand,British Citizen,Nursing,Healthcare Assistant,Surgery & Cancer,2,13.08,2023-03-02,2023-04-06,20.0,0.53,NMC,Bank,Inactive,SE977605,2029-07-15,OG732255,2031-07-15,2027-04-02,2023-03-23
EMP0040-20260916_214726,Robert,Hartley,russellthomas@example.com,1976-03-02,(0115) 496 0918,"Flat 76n
Joel Fords
New Andreabury
TR3M 1ZG",Male,Midlands Central Hospitals NHS Trust,White,United Kingdom,British Citizen,AHP,Occupational Therapist,Surgery & Cancer,6,23.41,2022-04-03,2022-05-15,30.0,0.8,NMC,Bank,Suspended,LL667226,2028-04-02,NM600080,2027-04-23,2027-08-15,2022-04-24
EMP0041-20260916_214726,Nathan,Webster,kirstygreen@example.com,2000-11-30,(0131) 4960998,"334 Lynda Square
West Deborah
IG2 7TS",Female,Southgate Community & Mental Health NHS Trust,Black,Kenya,Skilled Worker,AHP,Physiologist,Critical Care & Anaesthesia,6,24.46,2025-04-21,2025-05-19,20.0,0.53,NMC,Fixed Term,Suspended,IO862794,2029-05-16,PB698464,2031-08-27,2027-05-08,2025-05-12
EMP0042-20260916_214726,Natasha,Thompson,vdavey@example.net,1975-04-11,+44117 496 0933,"9 Short Parks
West Naomi
G5J 5BN",Male,Eastmoor Teaching Hospitals NHS Trust,Mixed,Australia,Dependent,Admin,Data Analyst,Women & Children,8A,28.38,2021-08-07,2021-09-04,20.0,0.53,None,Bank,Active,YX015987,2028-12-28,NM036296,2028-03-24,2026-10-07,2021-08-28
EMP0043-20260916_214726,Shirley,Ward,wtodd@example.org,1982-09-18,+44141 4960426,"3 Ward Pass
Mistrychester
W08 2GJ",Male,Valleyview Mental Wellness NHS Trust,Mixed,Trinidad and Tobago,Dependent,Nursing,Staff Nurse,Corporate Services,5,22.51,2021-01-29,2021-02-26,37.5,1.0,None,Fixed Term,On Leave,HZ448776,2028-01-01,LO718419,2028-11-15,2026-10-17,2021-02-19
EMP0044-20260916_214726,Graham,Begum,raymond56@example.com,1987-12-21,+44292018249,"Studio 20z
Hawkins Extensions
New Victor
W2 0YG",Female,Lakeside District Hospitals NHS Trust,Mixed,South Africa,Skilled Worker,Medical,SHO,Surgery & Cancer,SHO,26.02,2018-08-12,2018-09-09,15.0,0.4,None,Fixed Term,Suspended,OQ302915,2029-04-16,UM386736,2030-02-07,2026-12-29,2018-09-02
EMP0045-20260916_214726,Joseph,Dodd,leslie36@example.org,1997-08-06,+44(0)1514960658,"94 Frederick Pine
Sophiebury
G4K 1EG",Male,Valleyview Mental Wellness NHS Trust,White,Canada,Skilled Worker,Medical,SHO,Corporate Services,SHO,24.34,2021-11-11,2021-12-23,18.75,0.5,None,Permanent,On Leave,JE348843,2028-10-07,BH984553,2029-09-07,2027-02-13,2021-12-02
EMP0046-20260916_214726,Jasmine,Green,gavin18@example.net,2000-05-13,+44(0)117 4960095,"47 Georgina Mall
Lake Kimberley
L27 0SS",Female,Eastfield Psychological Services NHS Trust,Black,Trinidad and Tobago,Dependent,Admin,Data Analyst,Women & Children,8A,35.08,2022-01-23,2022-02-20,30.0,0.8,NMC,Fixed Term,Inactive,ZV785965,2028-05-29,PS149840,2030-11-02,2027-05-29,2022-02-13
EMP0047-20260916_214726,Clare,Gallagher,leonard20@example.com,2004-11-26,+44121 496 0651,"Flat 04
Lindsey Courts
Ameliafort
BT5 6SG",Female,Lakeside District Hospitals NHS Trust,Mixed,Ghana,Dependent,Nursing,Staff Nurse,Emergency & Urgent Care,5,19.75,2026-01-18,2026-02-15,18.75,0.5,GMC,Bank,Inactive,ZL235986,2031-06-08,FH033397,2031-03-27,2027-01-09,2026-02-08
EMP0048-20260916_214726,Shane,Alexander,sjones@example.net,1992-03-08,01134960846,"6 Rebecca Prairie
South Victor
B1K 2LU",Female,Westborough Acute Care NHS Trust,Black,Ghana,British Citizen,AHP,Occupational Therapist,Medicine & Acute Care,6,26.89,2017-03-24,2017-04-28,37.5,1.0,NMC,Fixed Term,Active,EK034934,2030-05-22,JJ189042,2031-09-02,2027-07-27,2017-04-14
EMP0049-20260916_214726,Norman,Foster,conorjones@example.net,2002-10-23,(0306) 9990032,"3 Patel Course
East Anthonyview
NP8N 3LQ",Male,Horizon Integrated Health Partnership NHS Trust,White,New Zealand,ILR,Medical,FY1/FY2,Women & Children,FY1,18.51,2025-06-11,2025-07-16,37.5,1.0,GMC,Permanent,Inactive,AC361215,2028-07-24,BP339584,2027-10-20,2027-05-19,2025-07-02
EMP0050-20260916_214726,Thomas,Shah,singhsandra@example.com,2004-05-28,03069990366,"79 Terence Villages
South Jeanside
B66 7PA",Male,Midlands Central Hospitals NHS Trust,Black,South Africa,Dependent,Medical,Consultant,Corporate Services,CONS,68.5,2021-04-24,2021-06-05,18.75,0.5,HCPC,Fixed Term,Inactive,OA617287,2030-01-25,IG118027,2028-08-17,2027-07-03,2021-05-15
EMP0051-20260916_214726,Elaine,Young,frobertson@example.com,1960-11-12,(0116) 496 0678,"22 Hayes Mountain
West Harry
M64 9DL",Female,Southgate Community & Mental Health NHS Trust,Asian,Japan,Skilled Worker,Admin,Medical Secretary,Women & Children,4,15.54,2017-08-26,2017-10-07,37.5,1.0,NMC,Bank,On Leave,EM814252,2030-05-09,DD425273,2029-03-03,2027-05-10,2017-09-16
EMP0052-20260916_214726,Wendy,Burke,robertwalsh@example.org,1961-08-27,0113 4960660,"4 Wright Mills
Port Neil
L34 2FU",Female,Bluewater Community & Rehabilitation NHS Trust,Black,Kenya,British Citizen,Nursing,Charge Nurse,Women & Children,7,32.72,2017-11-21,2018-01-02,37.5,1.0,NMC,Permanent,On Leave,WF717495,2028-04-05,XV694711,2029-12-24,2027-06-27,2017-12-12
EMP0053-20260916_214726,Emma,Leonard,sophie56@example.com,1979-07-16,+44(0)121 4960287,"Flat 16
Sam Street
South Lindsey
EN49 8QL",Female,Northshire University Hospitals NHS Trust,Asian,Japan,ILR,AHP,Occupational Therapist,Surgery & Cancer,6,26.46,2023-10-15,2023-11-12,37.5,1.0,NMC,Permanent,Active,IN358888,2031-01-17,MH069548,2027-07-04,2027-02-18,2023-11-05
EMP0054-20260916_214726,Karen,Davies,doneill@example.net,2007-11-18,(0306) 999 0144,"37 Hall Gateway
Hardyside
E17 2ZS",Male,Southvale Hospitals NHS Trust,Asian,Japan,Skilled Worker,Nursing,Healthcare Assistant,Women & Children,2,14.09,2024-04-11,2024-05-16,30.0,0.8,NMC,Fixed Term,Active,WD661135,2030-07-29,AB028992,2026-10-16,2027-05-22,2024-05-02
EMP0055-20260916_214726,Hannah,Shepherd,leslie97@example.com,1976-04-28,+44115 4960097,"Studio 91T
Jenkins Curve
North Dianetown
GL8W 2GJ",Female,Southgate Community & Mental Health NHS Trust,Asian,India,ILR,Medical,Consultant,Corporate Services,CONS,69.96,2020-02-26,2020-04-08,15.0,0.4,NMC,Permanent,Suspended,GW431924,2031-03-17,TZ360632,2030-05-07,2027-04-05,2020-03-18
EMP0056-20260916_214726,Kyle,Kennedy,yvonnesmith@example.net,2007-11-16,+44(0)8081570381,"0 Eleanor Views
Whiteside
N3W 9LQ",Male,Broadfield Clinical Services NHS Trust,Mixed,Ghana,Skilled Worker,AHP,Physiotherapist,Clinical Support Services,6,26.28,2018-02-28,2018-03-28,37.5,1.0,HCPC,Fixed Term,Active,BK795502,2030-09-30,PY073073,2027-06-12,2027-04-01,2018-03-21
EMP0057-20260916_214726,John,Cooke,gibbonsjoseph@example.net,1985-12-14,+442074960912,"04 Sheppard Courts
East Heather
CR39 7DY",Female,Greenhaven Acute & Specialist Care NHS Trust,White,New Zealand,British Citizen,Admin,Data Analyst,Surgery & Cancer,8A,31.71,2025-11-18,2025-12-23,15.0,0.4,None,Bank,Suspended,ZB991698,2028-04-01,BR247788,2029-02-26,2026-10-15,2025-12-09
EMP0058-20260916_214726,Sarah,Patel,marcus05@example.com,1993-10-11,+44(0)1214960722,"Studio 87C
Jackson Ford
Edwardsborough
E21 5LE",Female,Eastmoor Teaching Hospitals NHS Trust,Asian,India,Dependent,Nursing,Senior Staff Nurse,Surgery & Cancer,6,27.82,2026-02-01,2026-03-08,18.75,0.5,GMC,Permanent,Active,OJ630854,2030-02-19,KS886493,2030-02-15,2027-05-27,2026-02-22
EMP0059-20260916_214726,Francis,Dawson,fcox@example.com,1963-12-31,020 7946 0131,"96 Eileen Alley
Laurahaven
YO51 0LB",Male,Southvale Hospitals NHS Trust,Asian,India,Dependent,Admin,Medical Secretary,Women & Children,4,18.67,2021-08-22,2021-10-03,18.75,0.5,NMC,Permanent,Inactive,FJ328816,2028-06-17,TL454460,2029-01-14,2027-01-30,2021-09-12
EMP0060-20260916_214726,Douglas,Whittaker,evansdavid@example.net,2005-04-21,0118 496 0890,"Flat 16
Maria Keys
East Cliffordchester
SO9 2WF",Female,Westmere Community Health NHS Trust,White,Canada,Skilled Worker,Medical,Consultant,Women & Children,CONS,52.44,2017-02-28,2017-04-04,37.5,1.0,None,Permanent,On Leave,WZ550117,2028-06-08,IE239539,2029-07-09,2027-05-14,2017-03-21
EMP0061-20260916_214726,Gemma,Cook,oliver15@example.com,1982-06-25,(0116) 4960093,"6 Elizabeth Parks
Jamesville
PE22 6LX",Male,Southgate Community & Mental Health NHS Trust,Black,Trinidad and Tobago,British Citizen,Nursing,Senior Staff Nurse,Critical Care & Anaesthesia,6,26.17,2025-04-20,2025-06-01,37.5,1.0,HCPC,Permanent,Suspended,RS728294,2029-08-03,CV136276,2027-05-23,2027-03-11,2025-05-11
EMP0062-20260916_214726,Jasmine,Holmes,kayleighsavage@example.net,1983-09-14,0161 4960734,"Flat 67
Callum Lights
Katieshire
JE8 1SG",Female,Lakeside District Hospitals NHS Trust,Mixed,China,Skilled Worker,Nursing,Nursery Nurse,Women & Children,2,13.31,2016-11-04,2016-12-02,30.0,0.8,HCPC,Permanent,Inactive,BQ056637,2028-05-02,SD070574,2027-11-19,2027-04-24,2016-11-25
EMP0063-20260916_214726,Gary,Rose,khanjoe@example.org,1976-02-29,0117 4960602,"Studio 9
Taylor Drive
South Marymouth
B58 0QF",Male,Riverbank General Hospitals NHS Trust,Mixed,China,Skilled Worker,Medical,Consultant,Clinical Support Services,CONS,55.01,2025-09-09,2025-10-14,20.0,0.53,None,Fixed Term,On Leave,QL010141,2027-01-05,IE608675,2028-09-16,2027-06-23,2025-09-30
EMP0064-20260916_214726,Cheryl,Jones,baileybeth@example.net,1996-12-26,+44808 1570619,"98 Kelly Parks
Port Shaunchester
L15 6NP",Female,Bluewater Community & Rehabilitation NHS Trust,Mixed,India,ILR,AHP,Physiologist,Corporate Services,6,26.91,2023-01-03,2023-02-07,18.75,0.5,NMC,Bank,Suspended,UE745803,2030-10-30,SS565462,2027-06-06,2027-02-27,2023-01-24
EMP0065-20260916_214726,Martyn,Wilson,jakhtar@example.net,1975-12-10,(0117)4960568,"6 Donnelly Plains
Riceside
CB22 0GY",Female,Riverside Integrated Care NHS Trust,White,United States,ILR,AHP,Physiologist,Corporate Services,6,26.24,2021-11-18,2021-12-23,37.5,1.0,HCPC,Fixed Term,Suspended,XD166874,2029-01-07,JD222574,2029-11-20,2026-10-04,2021-12-09
EMP0066-20260916_214726,Kim,Benson,hughesrhys@example.net,1965-03-03,+44289018391,"Flat 7
Frank Viaduct
Andrewbury
BA92 9GR",Male,Meadowbrook Community Health NHS Trust,White,United Kingdom,Dependent,AHP,Speech Therapist,Women & Children,6,26.57,2024-01-01,2024-02-12,37.5,1.0,None,Fixed Term,Suspended,AE798556,2026-10-24,AM102209,2027-11-22,2027-07-08,2024-01-22
EMP0067-20260916_214726,Joshua,Jordan,bartonpeter@example.org,2005-12-11,(0114)4960988,"Flat 24l
Abbott Villages
New Gregory
M3 7NN",Female,Midlands Central Hospitals NHS Trust,Mixed,United States,ILR,Nursing,Charge Nurse,Medicine & Acute Care,7,29.31,2017-01-11,2017-02-22,18.75,0.5,GMC,Permanent,Active,CA398929,2027-09-07,BH568151,2028-12-15,2026-11-22,2017-02-01
EMP0068-20260916_214726,Nicholas,Goodwin,nicolemorris@example.net,1981-11-27,+44118 4960112,"70 Ashley Crescent
Hayesville
ME09 3JN",Female,Valleyview Mental Wellness NHS Trust,Black,Trinidad and Tobago,British Citizen,Admin,Data Analyst,Critical Care & Anaesthesia,8A,34.82,2019-03-07,2019-04-04,15.0,0.4,GMC,Bank,Suspended,XG565003,2031-02-12,CG100622,2030-06-04,2027-08-21,2019-03-28
EMP0069-20260916_214726,Amelia,Green,hhill@example.org,1976-02-27,+44292018593,"Studio 43
Wyatt Cape
Jadeburgh
EX5X 5EB",Female,Northwood Mental Health NHS Trust,Mixed,United States,Skilled Worker,Admin,Receptionist,Emergency & Urgent Care,3,16.18,2021-01-29,2021-03-12,37.5,1.0,HCPC,Fixed Term,On Leave,ZB155459,2029-09-10,WY959955,2028-10-26,2027-03-22,2021-02-19
EMP0070-20260916_214726,Nicole,Williamson,jonesrosemary@example.org,2003-01-11,+44113 4960023,"Studio 78S
Nicole Point
Helenbury
L82 8NL",Male,Meadowbrook Community Health NHS Trust,Asian,China,Dependent,Admin,Data Analyst,Surgery & Cancer,8A,32.39,2019-06-18,2019-07-23,37.5,1.0,GMC,Bank,Suspended,TU430684,2027-01-08,AZ873194,2030-05-01,2026-12-25,2019-07-09
EMP0071-20260916_214726,Lawrence,Green,vincent43@example.net,1971-04-24,+4428 9018713,"Studio 43
Frederick Squares
Rachelview
S5 4QR",Male,Broadfield Clinical Services NHS Trust,Asian,India,British Citizen,Medical,SHO,Emergency & Urgent Care,SHO,25.99,2020-06-25,2020-08-06,20.0,0.53,None,Fixed Term,Suspended,YO736328,2031-04-29,OU400649,2029-03-07,2026-12-23,2020-07-16
EMP0072-20260916_214726,Tracy,Clarke,charlotte04@example.net,1967-01-25,(0151) 4960699,"Flat 51
Adams Grove
Evansview
NR38 4EP",Female,Southvale Hospitals NHS Trust,Mixed,India,ILR,Admin,Receptionist,Clinical Support Services,3,14.35,2022-11-11,2022-12-09,37.5,1.0,HCPC,Bank,Inactive,PF520510,2029-09-06,RC316735,2031-05-14,2027-02-06,2022-12-02
EMP0073-20260916_214726,Nicola,Barlow,coopernicholas@example.org,1965-08-22,+441914960148,"Studio 2
Conway Pass
Kingmouth
NN66 8ZY",Male,Broadfield Clinical Services NHS Trust,White,Australia,Skilled Worker,AHP,Radiographer,Medicine & Acute Care,6,25.2,2018-11-19,2018-12-31,30.0,0.8,GMC,Fixed Term,On Leave,JQ250835,2029-05-17,KO564303,2027-03-08,2027-04-22,2018-12-10
EMP0074-20260916_214726,Stephen,Carter,dwhite@example.com,1980-05-03,(0118) 496 0343,"332 Anthony Trail
West Gail
SK7V 2RR",Male,Southgate Community & Mental Health NHS Trust,Black,Ghana,Dependent,Nursing,Healthcare Assistant,Emergency & Urgent Care,2,13.72,2024-08-16,2024-09-27,30.0,0.8,NMC,Bank,Suspended,LN913646,2028-05-27,TB271540,2030-10-04,2027-06-03,2024-09-06
EMP0075-20260916_214726,Louise,Hudson,vfleming@example.org,1967-11-29,0161 496 0834,"Flat 84
Khan Freeway
Donnafort
G7 8TR",Male,Southvale Hospitals NHS Trust,White,New Zealand,Dependent,Admin,Receptionist,Emergency & Urgent Care,3,15.47,2024-12-20,2025-01-17,20.0,0.53,HCPC,Bank,Inactive,KP003094,2031-01-30,RY275466,2028-06-30,2027-01-14,2025-01-10
EMP0076-20260916_214726,Kerry,Patel,paulamatthews@example.org,1967-08-22,020 74960531,"351 Singh Via
Jasmineberg
L88 9BB",Female,Riverside Integrated Care NHS Trust,White,Australia,Dependent,Medical,Consultant,Medicine & Acute Care,CONS,69.52,2018-12-07,2019-01-04,20.0,0.53,None,Permanent,Inactive,ZI285683,2031-01-08,MG818986,2028-07-07,2026-11-15,2018-12-28
EMP0077-20260916_214726,Barry,Wilkins,fowen@example.org,2001-07-21,+44292018241,"040 Carl Crescent
Allenside
NG0 9ZZ",Female,Hillcrest Medical Centres NHS Trust,Mixed,Trinidad and Tobago,Skilled Worker,Admin,Receptionist,Women & Children,3,14.19,2024-08-12,2024-09-09,37.5,1.0,None,Permanent,Suspended,NK957593,2030-01-05,QK771547,2030-02-22,2027-08-03,2024-09-02
EMP0078-20260916_214726,Bryan,Parry,eleanorsmith@example.org,1999-01-18,(0121)4960310,"Flat 71
Mary Plains
Port Jakemouth
CT78 7XY",Male,Southgate Community & Mental Health NHS Trust,White,Canada,British Citizen,AHP,Occupational Therapist,Clinical Support Services,6,27.49,2023-12-25,2024-01-22,20.0,0.53,GMC,Permanent,Suspended,FW073865,2028-11-08,EQ380744,2027-12-03,2027-08-20,2024-01-15
EMP0079-20260916_214726,Gerard,Elliott,davisonmarilyn@example.net,1970-06-04,0117 496 0134,"Flat 52
Taylor Ways
Mahmoodmouth
SM92 9EJ",Male,Northshire University Hospitals NHS Trust,Asian,Thailand,Dependent,Admin,Medical Secretary,Emergency & Urgent Care,4,17.82,2023-04-10,2023-05-15,15.0,0.4,HCPC,Permanent,Inactive,EO341552,2030-07-09,BW275238,2027-05-27,2026-10-02,2023-05-01
EMP0080-20260916_214726,Cheryl,Collins,taylorvalerie@example.com,1999-05-16,0117 496 0245,"7 Holmes Ridges
Raymondland
W3G 0AE",Male,Southvale Hospitals NHS Trust,Asian,Thailand,Dependent,Admin,Medical Secretary,Medicine & Acute Care,4,17.8,2023-10-09,2023-11-06,15.0,0.4,HCPC,Fixed Term,Inactive,RR015160,2030-10-26,LR773893,2030-04-09,2026-12-11,2023-10-30
EMP0081-20260916_214726,Mohammed,Hudson,janet79@example.net,1968-02-26,+44151 496 0746,"Studio 5
Crawford Mountain
Burkemouth
TF77 7BQ",Male,Lakeside District Hospitals NHS Trust,Black,Nigeria,Dependent,AHP,Physiotherapist,Surgery & Cancer,6,23.3,2026-08-02,2026-09-13,20.0,0.53,NMC,Permanent,Suspended,PP910102,2030-06-18,WQ440551,2026-11-22,2027-08-18,2026-08-23
EMP0082-20260916_214726,Jacqueline,Henry,justin34@example.org,1982-01-14,0116 4960552,"Studio 86
Shaw Shoals
Port Lynnefurt
DD7X 2SY",Female,Eastfield Psychological Services NHS Trust,Mixed,Thailand,Skilled Worker,Nursing,Senior Staff Nurse,Corporate Services,6,25.13,2019-10-18,2019-11-29,20.0,0.53,None,Fixed Term,On Leave,SZ825241,2028-12-30,PO435734,2028-12-30,2027-07-29,2019-11-08
EMP0083-20260916_214726,William,Smith,michaelthorpe@example.net,1977-11-01,(0114)4960689,"Flat 57g
Gavin Burg
East Deniseview
L3F 4LY",Female,Southvale Hospitals NHS Trust,Asian,Thailand,ILR,Nursing,Staff Nurse,Clinical Support Services,5,20.61,2026-05-22,2026-06-26,30.0,0.8,HCPC,Fixed Term,On Leave,QY820999,2027-10-20,WU073973,2029-10-30,2026-11-10,2026-06-12
EMP0084-20260916_214726,Rosemary,Smith,mandymills@example.org,1961-03-24,+441164960248,"9 Justin Burgs
North Kim
KT3 8ZD",Female,Westborough Acute Care NHS Trust,Asian,India,Skilled Worker,Nursing,Senior Staff Nurse,Clinical Support Services,6,24.46,2025-10-09,2025-11-13,15.0,0.4,None,Bank,On Leave,ES344847,2026-11-26,CT790376,2028-01-07,2027-07-04,2025-10-30
EMP0085-20260916_214726,Ross,Knight,hkirk@example.net,1997-02-08,(0141) 496 0249,"Studio 31
Aaron Rapids
North Jasonmouth
CA5 0QF",Female,Lakeside District Hospitals NHS Trust,Asian,China,ILR,Nursing,Senior Staff Nurse,Corporate Services,6,26.17,2021-07-12,2021-08-23,18.75,0.5,HCPC,Permanent,Suspended,EW645359,2027-10-29,CZ748780,2031-09-04,2026-11-04,2021-08-02
EMP0086-20260916_214726,Jake,Goodwin,george69@example.com,1970-05-09,+44(0)115 4960134,"44 Whitehead Village
Lake Sheilaville
G8C 3HL",Male,Greenhaven Acute & Specialist Care NHS Trust,Mixed,United States,Dependent,AHP,Physiotherapist,Medicine & Acute Care,6,24.16,2021-10-01,2021-10-29,18.75,0.5,NMC,Fixed Term,Suspended,WO318517,2029-07-19,ON046823,2029-03-15,2027-02-07,2021-10-22
EMP0087-20260916_214726,Bryan,May,ritahughes@example.com,1960-12-18,+44(0)1632960822,"6 Cameron Falls
West Kirstyberg
W9 5BL",Female,Eastfield Psychological Services NHS Trust,White,Australia,British Citizen,AHP,Physiotherapist,Clinical Support Services,6,22.73,2018-10-05,2018-11-16,18.75,0.5,HCPC,Permanent,Active,FZ388734,2031-03-08,WH684672,2030-07-19,2026-11-03,2018-10-26
EMP0088-20260916_214726,Janice,Hobbs,smithelaine@example.com,2004-08-06,(0121) 4960710,"Flat 01X
Adam Pass
West Rickyberg
S81 4XD",Female,Northshire University Hospitals NHS Trust,Mixed,China,ILR,Nursing,Nursery Nurse,Critical Care & Anaesthesia,2,12.41,2018-01-06,2018-02-03,15.0,0.4,HCPC,Fixed Term,Suspended,FG964475,2028-06-08,VX986664,2029-01-22,2027-04-01,2018-01-27
EMP0089-20260916_214726,Christian,Wood,wfoster@example.net,1981-07-16,0113 4960849,"Flat 37c
Bibi Common
Mandybury
E2 6AY",Female,Eastmoor Teaching Hospitals NHS Trust,Mixed,United States,Skilled Worker,Nursing,Healthcare Assistant,Corporate Services,2,14.31,2020-06-06,2020-07-11,37.5,1.0,None,Bank,Active,VR376453,2027-03-18,QK343639,2030-11-07,2026-12-19,2020-06-27
EMP0090-20260916_214726,Tony,Dunn,nathan05@example.com,1971-02-01,+441214960092,"3 Stevenson Gateway
Crossmouth
G9 0NH",Female,Riverside Integrated Care NHS Trust,Mixed,Nigeria,Skilled Worker,Nursing,Nursery Nurse,Critical Care & Anaesthesia,2,13.27,2020-06-06,2020-07-11,20.0,0.53,NMC,Permanent,Active,AS624471,2028-01-24,TZ002314,2028-05-04,2027-08-29,2020-06-27
EMP0091-20260916_214726,Malcolm,Hughes,andrewfreeman@example.com,1971-09-08,+441632 960877,"Studio 58l
Short Path
South Billybury
E78 3US",Male,Westborough Acute Care NHS Trust,Asian,India,ILR,Admin,Medical Secretary,Emergency & Urgent Care,4,17.77,2024-02-15,2024-03-21,15.0,0.4,GMC,Bank,Inactive,WN894441,2031-05-14,BE620335,2029-03-31,2027-06-25,2024-03-07
EMP0092-20260916_214726,Kieran,Andrews,ballhelen@example.org,1972-12-21,+441164960155,"Flat 89
Katherine Mountains
Port Robert
BS6 9GF",Male,Riverbank General Hospitals NHS Trust,Black,South Africa,Dependent,Admin,Data Analyst,Surgery & Cancer,8A,30.4,2018-10-25,2018-11-29,15.0,0.4,GMC,Fixed Term,On Leave,OD599292,2029-07-16,FN639739,2031-04-29,2027-02-22,2018-11-15
EMP0093-20260916_214726,Hayley,Marshall,vaughanjosh@example.com,1969-06-17,(0909)8790609,"65 Mason Springs
East Trevorburgh
HU8V 6UE",Female,Southvale Hospitals NHS Trust,Asian,Thailand,ILR,AHP,Radiographer,Clinical Support Services,6,25.94,2020-03-10,2020-04-07,15.0,0.4,GMC,Fixed Term,On Leave,YJ789798,2030-05-25,ZK508610,2029-04-27,2027-08-06,2020-03-31
EMP0094-20260916_214726,Jeffrey,Brady,maria90@example.com,2002-02-26,+44(0)151 496 0393,"Studio 06Z
O'Connor Courts
New David
RH2 6YS",Male,Hillcrest Medical Centres NHS Trust,Black,South Africa,British Citizen,Admin,Data Analyst,Critical Care & Anaesthesia,8A,28.5,2025-06-28,2025-08-09,20.0,0.53,HCPC,Permanent,Inactive,VO823561,2027-04-12,IP132550,2027-02-16,2026-11-11,2025-07-19
EMP0095-20260916_214726,Kenneth,Robertson,lynnegray@example.com,1987-10-30,020 74960823,"Studio 80W
Max Oval
Hannahborough
TW22 9RZ",Male,Oakridge Community Services NHS Trust,Asian,Japan,ILR,AHP,Pharmacist,Medicine & Acute Care,5,22.11,2019-01-14,2019-02-11,18.75,0.5,None,Permanent,On Leave,DH461181,2027-05-15,OH728791,2029-03-06,2027-07-04,2019-02-04
EMP0096-20260916_214726,Margaret,Jones,gardinerkathryn@example.net,1975-03-18,(0131) 4960947,"Studio 30
Smith Alley
Denisehaven
HA59 0DQ",Female,Northshire University Hospitals NHS Trust,White,Australia,British Citizen,Admin,Administrator,Critical Care & Anaesthesia,3,15.36,2017-02-06,2017-03-20,15.0,0.4,GMC,Bank,On Leave,UR120850,2031-07-20,LE191913,2027-01-26,2027-02-18,2017-02-27
EMP0097-20260916_214726,Victoria,Johnston,hmorgan@example.com,1980-07-09,0141 496 0644,"Studio 1
Chapman Crossroad
East Garethshire
BR0 4XG",Female,Southgate Community & Mental Health NHS Trust,Asian,Thailand,ILR,Medical,GP,Medicine & Acute Care,GP,55.56,2023-08-26,2023-10-07,18.75,0.5,None,Fixed Term,On Leave,WL951839,2028-07-02,ZZ398142,2028-01-17,2027-03-02,2023-09-16
EMP0098-20260916_214726,Valerie,Ford,tnelson@example.com,1979-06-24,0141 4960601,"Studio 20V
Connor Ford
Ritaside
W4H 5EU",Male,Westmere Community Health NHS Trust,White,United Kingdom,British Citizen,Admin,Data Analyst,Corporate Services,8A,28.48,2018-11-30,2019-01-11,15.0,0.4,NMC,Permanent,Inactive,CV794203,2027-07-21,ST840579,2027-10-17,2027-04-06,2018-12-21
EMP0099-20260916_214726,Graeme,Parker,pearcemartin@example.net,1980-11-10,(0909) 8790947,"32 Nathan Extension
South Sandra
W8U 0LU",Female,Meadowbrook Community Health NHS Trust,Asian,China,Skilled Worker,Nursing,Charge Nurse,Emergency & Urgent Care,7,27.75,2021-08-28,2021-10-09,30.0,0.8,HCPC,Bank,Active,HK999396,2029-10-09,NA390772,2028-09-13,2027-03-24,2021-09-18
EMP0100-20260916_214726,Catherine,Wilson,jane35@example.com,1994-06-12,+441414960800,"Flat 93J
Morris Trail
Hilarymouth
L1T 5SW",Female,Broadfield Clinical Services NHS Trust,Black,Barbados,Dependent,Admin,Administrator,Women & Children,3,14.85,2021-01-13,2021-02-10,30.0,0.8,HCPC,Fixed Term,Inactive,UB570039,2028-04-15,BH965032,2031-03-23,2026-09-29,2021-02-03
EMP0101-20260916_214726,Gemma,Harris,jonesleah@example.com,1977-04-15,+44(0)1214960384,"Flat 2
Howells Ramp
North Sean
IP4V 8ZL",Male,Hillcrest Medical Centres NHS Trust,Mixed,United States,ILR,Nursing,Charge Nurse,Critical Care & Anaesthesia,7,30.11,2017-09-04,2017-10-02,18.75,0.5,None,Permanent,Suspended,UD134336,2031-08-17,HG737432,2026-11-08,2027-08-23,2017-09-25
EMP0102-20260916_214726,Charlie,Fleming,glenngiles@example.com,1990-08-19,+44(0)191 4960167,"Flat 7
Chapman Rue
South Martinfurt
E3 0EX",Female,Lakeside District Hospitals NHS Trust,White,New Zealand,British Citizen,AHP,Radiographer,Critical Care & Anaesthesia,6,24.36,2021-02-24,2021-03-31,15.0,0.4,HCPC,Permanent,On Leave,WE879967,2029-03-29,YY350291,2030-08-21,2027-01-01,2021-03-17
EMP0103-20260916_214726,Cheryl,Lees,higginscallum@example.net,2004-05-24,(0121) 4960054,"Flat 00
Mahmood Prairie
Finchhaven
S74 5HP",Male,Westborough Acute Care NHS Trust,Mixed,Thailand,Dependent,Admin,Receptionist,Clinical Support Services,3,15.08,2019-08-11,2019-09-22,20.0,0.53,HCPC,Permanent,Active,GJ008181,2027-04-18,NK765940,2030-10-15,2026-11-22,2019-09-01
EMP0104-20260916_214726,Helen,Skinner,moranshaun@example.net,1980-12-27,+44(0)141 496 0175,"8 Benjamin Corners
Brucetown
LS4X 7QE",Female,Westborough Acute Care NHS Trust,Mixed,Thailand,British Citizen,Nursing,Charge Nurse,Women & Children,7,31.99,2019-02-04,2019-03-04,20.0,0.53,NMC,Fixed Term,On Leave,UX534967,2026-12-17,VZ234060,2026-11-15,2027-01-17,2019-02-25
EMP0105-20260916_214726,Shannon,Chadwick,smithterry@example.org,1971-05-21,01184960872,"Flat 3
Robinson Avenue
East Valerie
ST2X 0QE",Male,Broadfield Clinical Services NHS Trust,White,Australia,British Citizen,AHP,Speech Therapist,Surgery & Cancer,6,24.91,2016-10-17,2016-11-28,20.0,0.53,HCPC,Bank,Inactive,SO854312,2030-02-11,KJ833376,2029-05-29,2027-09-06,2016-11-07
EMP0106-20260916_214726,Dean,Gardiner,thomas95@example.net,2002-10-24,01632 960287,"Flat 40b
Davey Branch
New Joannemouth
M8B 5FQ",Male,Meadowbrook Community Health NHS Trust,Mixed,India,British Citizen,AHP,Physiotherapist,Surgery & Cancer,6,28.2,2024-06-20,2024-07-25,15.0,0.4,NMC,Fixed Term,Inactive,GH369453,2028-10-25,JI784240,2028-09-26,2026-11-13,2024-07-11
EMP0107-20260916_214726,Lucy,Scott,benjamin67@example.org,1988-10-01,0113 496 0110,"Studio 79t
Carter Estate
Fisherstad
N8 8NU",Male,Lakeside District Hospitals NHS Trust,Mixed,United Kingdom,ILR,AHP,Occupational Therapist,Clinical Support Services,6,27.02,2022-02-09,2022-03-23,20.0,0.53,NMC,Bank,Inactive,QI565617,2030-11-10,YV077345,2030-08-25,2027-08-23,2022-03-02
EMP0108-20260916_214726,Ryan,Allen,carolynwilliams@example.org,1975-11-20,+44(0)306 9990727,"83 Power Forest
Port Mohammadburgh
DH6M 0HT",Female,Westmere Community Health NHS Trust,Asian,Japan,ILR,AHP,Speech Therapist,Corporate Services,6,24.06,2017-04-21,2017-05-26,15.0,0.4,GMC,Bank,Active,RZ609846,2027-06-18,SF157226,2029-10-21,2027-07-25,2017-05-12
EMP0109-20260916_214726,Shane,Hussain,shaunnaylor@example.org,1977-07-24,(01632) 960778,"14 Bailey Rue
Adrianbury
HR9A 4UF",Male,Meadowbrook Community Health NHS Trust,Black,Trinidad and Tobago,ILR,Nursing,Healthcare Assistant,Medicine & Acute Care,2,13.78,2016-11-28,2017-01-09,20.0,0.53,NMC,Permanent,On Leave,AX735436,2029-07-23,FY830214,2027-01-08,2027-03-01,2016-12-19
EMP0110-20260916_214726,Hazel,Knowles,bennettian@example.org,1961-06-23,0289018141,"423 Hodgson Square
Sarahport
PE50 6AQ",Male,Riverbank General Hospitals NHS Trust,White,United States,Dependent,Nursing,Charge Nurse,Critical Care & Anaesthesia,7,31.27,2025-03-09,2025-04-20,37.5,1.0,NMC,Bank,Active,FL462900,2029-04-26,PC667406,2029-05-05,2027-08-05,2025-03-30
EMP0111-20260916_214726,Stuart,Mitchell,conortaylor@example.net,1965-11-25,+44(0)161 4960277,"Flat 2
Sharp Key
New Louisport
CA2E 4RZ",Female,Meadowbrook Community Health NHS Trust,Black,Ghana,British Citizen,AHP,Occupational Therapist,Women & Children,6,27.38,2018-10-26,2018-12-07,37.5,1.0,None,Bank,Suspended,GM314516,2027-04-24,AA172847,2026-09-17,2027-01-21,2018-11-16
EMP0112-20260916_214726,Frederick,Wright,rebeccadawson@example.org,1980-05-22,+44(0)151 496 0604,"4 Lydia Gateway
Watsonland
MK44 9WP",Male,Lakeside District Hospitals NHS Trust,White,Australia,Skilled Worker,AHP,Radiographer,Medicine & Acute Care,6,26.62,2024-01-20,2024-03-02,15.0,0.4,NMC,Bank,Active,QV500373,2027-10-11,AG300169,2030-08-14,2026-11-21,2024-02-10
EMP0113-20260916_214726,Timothy,Perkins,walshnigel@example.com,1969-09-25,(0131)4960468,"1 Sheila Knolls
Mooreview
G9 2AH",Male,Horizon Integrated Health Partnership NHS Trust,Asian,India,ILR,Medical,FY1/FY2,Clinical Support Services,FY1,18.49,2023-02-16,2023-03-23,15.0,0.4,None,Bank,Active,XO824759,2028-05-04,NM025123,2031-04-03,2027-04-29,2023-03-09
EMP0114-20260916_214726,Anna,Cooper,harrisonmathew@example.com,1993-11-23,+44113 496 0563,"Studio 92
Helen Bypass
Lake Leonard
TW6 3HP",Female,Valleyview Mental Wellness NHS Trust,Mixed,Canada,ILR,Nursing,Nursery Nurse,Medicine & Acute Care,2,13.08,2025-08-14,2025-09-18,37.5,1.0,NMC,Bank,Active,OB152501,2028-05-20,DB304495,2028-02-02,2027-01-10,2025-09-04
EMP0115-20260916_214726,Gemma,Kay,dwoods@example.org,1971-01-07,+449098790304,"Flat 16
Molly Radial
Nobleshire
GU57 1NN",Male,Hillcrest Medical Centres NHS Trust,Asian,China,British Citizen,Nursing,Senior Staff Nurse,Corporate Services,6,24.53,2023-11-10,2023-12-08,37.5,1.0,None,Bank,Inactive,XX386735,2031-05-13,PU008962,2027-04-10,2027-09-11,2023-12-01
EMP0116-20260916_214726,Sian,Parkin,berrydebra@example.org,2006-07-27,+44(0)115 4960947,"Flat 5
Butcher Track
East Kellytown
IV4 1WH",Female,Northwood Mental Health NHS Trust,Asian,India,Skilled Worker,Admin,Data Analyst,Women & Children,8A,28.89,2018-05-15,2018-06-19,15.0,0.4,NMC,Bank,On Leave,BP445231,2031-04-17,ZB422859,2031-03-28,2027-02-05,2018-06-05
EMP0117-20260916_214726,Gary,Goodwin,justinedwards@example.net,1965-11-30,+44808 1570719,"Flat 7
Bird Forges
Eileenchester
ME6B 1NE",Male,Greenhaven Acute & Specialist Care NHS Trust,Black,Barbados,British Citizen,Nursing,Healthcare Assistant,Clinical Support Services,2,13.21,2017-05-07,2017-06-11,37.5,1.0,None,Bank,Inactive,LS846497,2027-02-19,ZP804726,2030-06-27,2027-08-19,2017-05-28
EMP0118-20260916_214726,Darren,Roberts,sylvia37@example.com,1978-11-22,0151 496 0238,"Studio 1
Tina Crescent
Janeborough
W9 3HP",Female,Eastfield Psychological Services NHS Trust,Mixed,Australia,Skilled Worker,Admin,Receptionist,Emergency & Urgent Care,3,14.46,2019-04-23,2019-05-28,20.0,0.53,NMC,Bank,On Leave,UI945539,2030-12-18,VD266312,2028-03-03,2027-03-30,2019-05-14
EMP0119-20260916_214726,Lawrence,Lynch,ann63@example.net,1960-10-22,+44114 4960475,"Flat 54j
Turner Cliffs
Melissaside
CH42 7YZ",Female,Northshire University Hospitals NHS Trust,Black,Trinidad and Tobago,Skilled Worker,Medical,FY1/FY2,Emergency & Urgent Care,FY1,18.77,2018-01-13,2018-02-17,20.0,0.53,NMC,Permanent,Active,OH889617,2030-10-25,KL243177,2030-12-16,2026-12-17,2018-02-03
EMP0120-20260916_214726,Janice,Johnson,pgraham@example.org,1966-10-08,+44(0)1214960253,"246 Newman Light
South Samuelborough
BR1P 7GJ",Male,Westmere Community Health NHS Trust,White,New Zealand,Skilled Worker,AHP,Physiologist,Critical Care & Anaesthesia,6,27.96,2024-09-08,2024-10-13,37.5,1.0,HCPC,Permanent,Active,HG423529,2030-07-12,OD898621,2030-03-06,2027-02-21,2024-09-29
EMP0121-20260916_214726,Beverley,Wallis,alice05@example.net,1967-06-01,(0151) 4960087,"225 Leigh Point
Lake Wendy
L0J 2AA",Male,Hillcrest Medical Centres NHS Trust,White,Australia,Dependent,Admin,Administrator,Emergency & Urgent Care,3,14.02,2020-09-29,2020-11-03,37.5,1.0,NMC,Permanent,Suspended,AY799411,2030-12-19,LJ139417,2028-06-02,2027-05-10,2020-10-20
EMP0122-20260916_214726,Damien,Gallagher,christian71@example.org,1988-04-09,0118 4960214,"2 Lewis Parks
Tracyfort
ZE9R 1RU",Male,Valleyview Mental Wellness NHS Trust,Asian,Thailand,Skilled Worker,Medical,SHO,Corporate Services,SHO,23.2,2023-02-26,2023-03-26,15.0,0.4,None,Permanent,Suspended,ZO374013,2031-01-17,EI922408,2028-03-02,2026-12-19,2023-03-19
EMP0123-20260916_214726,Martin,Lee,wardhoward@example.com,1978-03-26,(0117) 496 0508,"Studio 5
Rhys Island
Dennismouth
RM4X 0JT",Male,Oakridge Community Services NHS Trust,White,United Kingdom,Dependent,Nursing,Healthcare Assistant,Medicine & Acute Care,2,13.28,2017-01-30,2017-03-13,18.75,0.5,None,Permanent,Suspended,AK907703,2026-10-24,SP324658,2030-04-27,2027-02-24,2017-02-20
EMP0124-20260916_214726,Sian,Stephenson,emitchell@example.org,2000-04-19,0191 4960270,"Flat 8
Green Run
Kaurburgh
B9 4SX",Male,Southvale Hospitals NHS Trust,Black,Nigeria,ILR,Admin,Data Analyst,Corporate Services,8A,31.78,2021-05-12,2021-06-09,30.0,0.8,HCPC,Permanent,Inactive,DV699805,2030-03-04,VO451028,2027-04-09,2027-05-17,2021-06-02
EMP0125-20260916_214726,Marc,Osborne,fergusonabdul@example.com,2002-09-26,+441164960699,"57 Wright Locks
New Williambury
HX9 0LZ",Male,Broadfield Clinical Services NHS Trust,Mixed,Kenya,British Citizen,Nursing,Ward Manager,Medicine & Acute Care,8A,30.28,2021-08-23,2021-10-04,15.0,0.4,GMC,Bank,Inactive,KG933419,2029-07-29,TW283657,2028-02-07,2027-09-01,2021-09-13
EMP0126-20260916_214726,Ronald,Moss,dreed@example.com,2000-08-02,+44115 4960187,"51 Lorraine Fall
Lake Joelport
KA1 7RN",Female,Greenhaven Acute & Specialist Care NHS Trust,Asian,India,British Citizen,Nursing,Nursery Nurse,Clinical Support Services,2,12.86,2018-06-13,2018-07-18,20.0,0.53,NMC,Fixed Term,Active,JY847032,2028-02-09,XB470134,2029-12-30,2027-05-15,2018-07-04
EMP0127-20260916_214726,Christian,Andrews,caroline09@example.com,2001-07-19,+44141 4960952,"32 Antony Road
Lake Kathleenbury
N9A 8ZQ",Female,Oakridge Community Services NHS Trust,Asian,India,British Citizen,AHP,Radiographer,Surgery & Cancer,6,24.52,2019-03-25,2019-04-22,37.5,1.0,NMC,Fixed Term,Suspended,PJ003801,2030-03-21,BB586223,2028-12-31,2027-02-08,2019-04-15
EMP0128-20260916_214726,Colin,Foster,mahmed@example.org,1960-11-01,(0909) 879 0234,"13 Helen Land
Lake Donna
FK80 2AX",Female,Northwood Mental Health NHS Trust,Mixed,Trinidad and Tobago,Skilled Worker,Medical,GP,Clinical Support Services,GP,54.33,2022-02-03,2022-03-17,18.75,0.5,GMC,Bank,Inactive,OA541190,2028-01-12,CC237225,2026-10-07,2027-05-21,2022-02-24
EMP0129-20260916_214726,Rhys,Taylor,owenmohamed@example.org,1974-04-10,(0131) 496 0047,"178 James Pines
East Jordanmouth
E5 6UZ",Female,Northwood Mental Health NHS Trust,Black,Jamaica,Skilled Worker,Admin,Administrator,Critical Care & Anaesthesia,3,13.52,2023-09-23,2023-10-28,30.0,0.8,HCPC,Permanent,Inactive,KM508839,2027-01-02,PG659488,2028-10-13,2027-01-09,2023-10-14
EMP0130-20260916_214726,Wayne,Wright,holdenmartin@example.net,1999-01-19,(0151) 4960689,"Studio 23J
Sharon Cape
Lake Mohammad
TN56 9JS",Male,Northwood Mental Health NHS Trust,White,United Kingdom,Dependent,Nursing,Staff Nurse,Women & Children,5,20.11,2017-03-25,2017-04-29,37.5,1.0,HCPC,Bank,Active,SK121784,2028-12-01,WQ325211,2031-02-28,2026-10-09,2017-04-15
EMP0131-20260916_214726,Alison,Reynolds,allan45@example.com,1964-07-22,(0116)4960431,"Flat 54A
Rowley Centers
New Eleanor
W17 3LS",Female,Northwood Mental Health NHS Trust,White,New Zealand,ILR,Medical,GP,Surgery & Cancer,GP,58.03,2024-08-28,2024-09-25,37.5,1.0,GMC,Fixed Term,Suspended,VX573682,2026-12-17,BY738441,2029-05-29,2027-02-25,2024-09-18
EMP0132-20260916_214726,Julian,Dobson,batesjulia@example.net,1988-12-05,+44141 496 0106,"9 Lynch Manors
South Luketon
G10 9PH",Male,Broadfield Clinical Services NHS Trust,White,United Kingdom,British Citizen,Nursing,Healthcare Assistant,Corporate Services,2,13.49,2019-09-07,2019-10-05,30.0,0.8,None,Bank,Suspended,QG169542,2026-09-21,KO393383,2027-08-02,2026-12-24,2019-09-28
EMP0133-20260916_214726,Graeme,Lee,vbarnes@example.net,1987-09-16,+44(0)121 4960639,"3 Ross Burg
Port Lucyview
L3C 3GZ",Male,Southgate Community & Mental Health NHS Trust,Black,Barbados,ILR,Admin,Medical Secretary,Corporate Services,4,15.68,2017-11-10,2017-12-22,20.0,0.53,GMC,Permanent,On Leave,GF628193,2029-01-20,XU389933,2030-06-08,2027-07-17,2017-12-01
EMP0134-20260916_214726,Elizabeth,Clarke,marie14@example.com,1999-09-17,029 2018 0158,"9 Allan Center
Lake Steventon
S0 2QE",Male,Northshire University Hospitals NHS Trust,White,Canada,ILR,Medical,Registrar,Corporate Services,SPR,42.8,2018-08-25,2018-10-06,37.5,1.0,GMC,Bank,On Leave,BU810979,2027-07-30,TQ319240,2028-05-29,2027-06-10,2018-09-15
EMP0135-20260916_214726,Dylan,Owen,dorothypatel@example.org,1968-12-22,0161 4960064,"166 Amelia Meadows
East Lynnside
W0W 6GX",Male,Riverside Integrated Care NHS Trust,Black,Trinidad and Tobago,British Citizen,Medical,Registrar,Corporate Services,SPR,35.27,2025-02-25,2025-04-08,30.0,0.8,GMC,Permanent,Active,IP630522,2026-12-28,DL919735,2029-10-11,2026-12-05,2025-03-18
EMP0136-20260916_214726,Pauline,Thompson,fhutchinson@example.org,1999-09-22,+44(0)1174960508,"5 Morris Branch
New Harry
N73 8LZ",Male,Hillcrest Medical Centres NHS Trust,Black,Ghana,Skilled Worker,AHP,Pharmacist,Women & Children,5,20.42,2024-12-03,2025-01-07,30.0,0.8,GMC,Bank,Active,JQ223591,2027-08-24,MN318078,2027-04-04,2026-12-19,2024-12-24
EMP0137-20260916_214726,Glen,Wall,cfuller@example.net,1968-12-15,+4428 9018553,"0 Gerard Road
East Judith
L6C 5DF",Female,Northwood Mental Health NHS Trust,Black,Ghana,ILR,Admin,Receptionist,Corporate Services,3,14.86,2024-08-29,2024-10-03,30.0,0.8,NMC,Permanent,Suspended,OY347637,2029-05-22,VJ673750,2031-08-06,2027-08-13,2024-09-19
EMP0138-20260916_214726,Christine,Taylor,jemma38@example.com,1992-10-20,01414960928,"770 Marshall Camp
Collinsburgh
B19 3XG",Female,Riverbank General Hospitals NHS Trust,Asian,Thailand,British Citizen,Admin,Medical Secretary,Emergency & Urgent Care,4,18.83,2022-01-24,2022-03-07,15.0,0.4,GMC,Permanent,Inactive,SD316887,2029-05-05,YP835689,2029-01-26,2027-02-09,2022-02-14
EMP0139-20260916_214726,Jacob,Ali,xwebb@example.org,2002-01-27,(0161) 496 0395,"Flat 13
Cameron Drive
New Christopher
W07 8YP",Female,Eastmoor Teaching Hospitals NHS Trust,White,United States,Dependent,AHP,Speech Therapist,Emergency & Urgent Care,6,23.56,2022-02-27,2022-04-03,30.0,0.8,None,Fixed Term,Inactive,PX269330,2029-02-08,OK870597,2027-04-13,2027-02-02,2022-03-20
EMP0140-20260916_214726,Sheila,Cunningham,jonesfrank@example.net,1968-07-28,+44191 4960858,"Flat 44
Ross Trail
East Damien
S8 7EN",Male,Riverside Integrated Care NHS Trust,Asian,Thailand,British Citizen,Medical,GP,Corporate Services,GP,59.78,2017-07-18,2017-08-29,18.75,0.5,NMC,Permanent,Suspended,KH673927,2030-01-08,NI672295,2026-12-02,2027-02-20,2017-08-08
EMP0141-20260916_214726,Heather,Thompson,xjohnson@example.org,1962-05-26,0117 4960128,"Studio 6
Miller Fords
Patelberg
OX1 8LL",Male,Southgate Community & Mental Health NHS Trust,Asian,Japan,Skilled Worker,Admin,Administrator,Surgery & Cancer,3,14.63,2017-06-19,2017-07-17,30.0,0.8,NMC,Fixed Term,On Leave,EQ026591,2028-09-29,ZS500320,2030-08-11,2027-09-14,2017-07-10
EMP0142-20260916_214726,Brian,Walsh,gbrown@example.org,1965-03-12,(0121)4960797,"Studio 5
Maurice Locks
Jeremyfort
N4D 0WY",Female,Northshire University Hospitals NHS Trust,Asian,Japan,British Citizen,AHP,Radiographer,Corporate Services,6,23.58,2026-05-10,2026-06-21,18.75,0.5,NMC,Permanent,Inactive,FN353858,2031-02-03,CH627339,2027-05-31,2027-04-28,2026-05-31
EMP0143-20260916_214726,Douglas,Marshall,lgardiner@example.net,1985-07-22,+44909 879 0130,"Studio 59
Patrick Village
Wongmouth
L8 0DL",Female,Lakeside District Hospitals NHS Trust,Mixed,Canada,Dependent,Medical,GP,Medicine & Acute Care,GP,51.79,2021-05-29,2021-06-26,37.5,1.0,GMC,Bank,Suspended,YZ519474,2030-01-30,ZY268622,2031-07-15,2027-05-26,2021-06-19
EMP0144-20260916_214726,Owen,Abbott,howardsmith@example.com,1989-08-19,+44(0)20 7496 0484,"Studio 68
Wilkins Ports
Leeberg
AL89 8PZ",Female,Riverbank General Hospitals NHS Trust,White,Australia,British Citizen,Medical,SHO,Corporate Services,SHO,24.88,2022-06-15,2022-07-27,20.0,0.53,GMC,Fixed Term,Active,SQ034096,2029-01-01,LS390849,2027-09-09,2027-02-22,2022-07-06
EMP0145-20260916_214726,Karl,Lynch,uthomas@example.net,1974-08-25,(020)74960365,"Flat 8
Leonard Squares
New Ronald
DT9E 2HN",Female,Oakridge Community Services NHS Trust,White,United States,ILR,AHP,Physiologist,Emergency & Urgent Care,6,26.89,2026-02-02,2026-03-09,18.75,0.5,None,Bank,Inactive,OR503526,2031-04-21,TX689049,2030-08-15,2026-11-12,2026-02-23
EMP0146-20260916_214726,Lynn,Goodwin,webballan@example.com,1972-05-27,0161 4960296,"0 Sullivan Mountains
Karlchester
E2E 0ZX",Male,Westmere Community Health NHS Trust,Asian,China,ILR,AHP,Occupational Therapist,Women & Children,6,23.95,2020-01-20,2020-02-24,37.5,1.0,None,Bank,On Leave,UT811400,2031-08-03,WX604578,2031-01-24,2027-05-26,2020-02-10
EMP0147-20260916_214726,Dean,Roberts,lawsonkirsty@example.com,1969-04-18,+44(0)1514960298,"Flat 81
Field Square
Tonyberg
B5B 9SN",Female,Eastfield Psychological Services NHS Trust,Black,Ghana,Dependent,Nursing,Healthcare Assistant,Medicine & Acute Care,2,13.61,2021-12-21,2022-02-01,37.5,1.0,HCPC,Fixed Term,On Leave,BH849496,2031-03-09,KT240746,2028-04-26,2027-09-05,2022-01-11
EMP0148-20260916_214726,Victor,Jones,matthew35@example.org,1989-01-30,+44(0)1614960134,"6 Foster Ramp
Tobychester
L0S 7EX",Male,Horizon Integrated Health Partnership NHS Trust,Black,Kenya,British Citizen,AHP,Radiographer,Clinical Support Services,6,25.41,2019-11-28,2020-01-02,30.0,0.8,GMC,Fixed Term,On Leave,BE394495,2028-10-20,RW542683,2030-01-01,2027-04-27,2019-12-19
EMP0149-20260916_214726,Lydia,Parker,stephanieparsons@example.net,2000-10-28,+44(0)1632960791,"Studio 13
Thompson Station
Robinsontown
G9D 7PJ",Male,Riverbank General Hospitals NHS Trust,White,Canada,British Citizen,AHP,Physiotherapist,Critical Care & Anaesthesia,6,25.53,2021-04-24,2021-05-22,20.0,0.53,GMC,Fixed Term,Suspended,EE110500,2029-08-25,BM867353,2029-07-11,2027-07-13,2021-05-15
EMP0150-20260916_214726,Rita,Patel,katie69@example.org,1978-02-18,(0306) 999 0692,"Studio 77x
Sian Trace
Jacksonville
SP2 5DL",Male,Eastfield Psychological Services NHS Trust,Asian,Thailand,Dependent,Medical,Consultant,Medicine & Acute Care,CONS,58.65,2024-03-26,2024-05-07,20.0,0.53,HCPC,Permanent,On Leave,ZE032992,2029-03-05,AA766906,2029-09-11,2026-10-08,2024-04-16
EMP0151-20260916_214726,Dale,Griffiths,umarshall@example.com,1978-12-13,+44(0)116 4960346,"9 Stevens Forest
West Kathleenland
E2 2DT",Male,Hillcrest Medical Centres NHS Trust,Asian,China,Skilled Worker,Medical,Consultant,Medicine & Acute Care,CONS,61.68,2018-04-08,2018-05-13,18.75,0.5,GMC,Fixed Term,Suspended,KA855668,2029-02-24,IO462424,2031-01-30,2026-11-22,2018-04-29
EMP0152-20260916_214726,Glen,Mitchell,gking@example.org,1979-05-28,+44(0)1414960547,"05 Evans Mountains
Carrberg
EX59 8XU",Male,Eastmoor Teaching Hospitals NHS Trust,Asian,Thailand,Skilled Worker,AHP,Physiotherapist,Clinical Support Services,6,26.12,2022-01-30,2022-03-13,30.0,0.8,NMC,Permanent,Inactive,HW071481,2028-02-26,UO152601,2031-04-25,2026-12-19,2022-02-20
EMP0153-20260916_214726,Katherine,Smith,gnewton@example.org,1996-12-04,+44(0)117 4960565,"57 Coleman Knoll
South Wendyville
M8 2TA",Male,Lakeside District Hospitals NHS Trust,White,United Kingdom,Dependent,Nursing,Nursery Nurse,Corporate Services,2,13.03,2022-09-03,2022-10-15,30.0,0.8,GMC,Permanent,Active,SQ569131,2027-03-13,QM313549,2031-08-15,2027-02-02,2022-09-24
EMP0154-20260916_214726,Mitchell,Wells,arthurparkinson@example.org,1995-10-30,+44(0)161 4960371,"97 Bethany Common
West Junechester
L3W 8WX",Female,Riverbank General Hospitals NHS Trust,Mixed,Ghana,ILR,AHP,Physiotherapist,Corporate Services,6,25.33,2021-11-02,2021-12-07,37.5,1.0,GMC,Fixed Term,Active,IY724932,2026-11-06,QE380944,2027-05-24,2027-08-05,2021-11-23
EMP0155-20260916_214726,Heather,Ryan,charles46@example.org,1993-02-23,(0114) 4960640,"Flat 1
Gail Pine
South Holliechester
S2 6RJ",Male,Northwood Mental Health NHS Trust,Asian,Japan,ILR,Nursing,Healthcare Assistant,Emergency & Urgent Care,2,12.57,2026-01-01,2026-02-12,18.75,0.5,HCPC,Bank,On Leave,RJ361587,2028-04-23,VB464026,2029-07-26,2027-07-04,2026-01-22
EMP0156-20260916_214726,Donald,Jones,dale00@example.com,1989-05-16,+44(0)1914960575,"354 Sandra Knolls
New Jemma
G5 2DB",Male,Riverside Integrated Care NHS Trust,Asian,India,ILR,Nursing,Charge Nurse,Surgery & Cancer,7,31.31,2024-10-10,2024-11-21,18.75,0.5,HCPC,Fixed Term,Inactive,LC677553,2030-08-08,RO867997,2029-02-28,2027-01-29,2024-10-31
EMP0157-20260916_214726,Tracey,Brown,jwatkins@example.net,1996-08-14,+44(0)1632960283,"Studio 0
Marcus Underpass
Karenton
W7 8GD",Female,Northshire University Hospitals NHS Trust,Asian,India,British Citizen,AHP,Speech Therapist,Women & Children,6,26.25,2026-05-08,2026-06-19,20.0,0.53,None,Permanent,On Leave,NV414763,2031-07-27,EY910485,2027-06-02,2026-09-24,2026-05-29
EMP0158-20260916_214726,Daniel,Wood,barnettalison@example.net,1963-02-07,0118 4960173,"163 Evans Park
Lake Mohammed
OL2A 6ZQ",Male,Riverside Integrated Care NHS Trust,Mixed,Canada,ILR,Nursing,Nursery Nurse,Corporate Services,2,14.0,2022-01-20,2022-02-24,20.0,0.53,NMC,Bank,Inactive,UV919396,2030-03-05,FU523904,2031-03-11,2027-09-05,2022-02-10
EMP0159-20260916_214726,Stuart,Dawson,hellis@example.org,2001-02-06,+448081570742,"472 Carter Ports
East Nicolefurt
W20 0LZ",Female,Horizon Integrated Health Partnership NHS Trust,Mixed,Japan,ILR,AHP,Pharmacist,Corporate Services,5,19.04,2017-07-21,2017-08-25,37.5,1.0,GMC,Fixed Term,On Leave,GI768263,2028-01-24,KA916581,2028-01-16,2026-12-30,2017-08-11
EMP0160-20260916_214726,Kevin,Shaw,declan36@example.com,1966-03-19,(0131)4960778,"Flat 60
Bell Valley
East Aimee
L09 3WN",Male,Eastmoor Teaching Hospitals NHS Trust,Black,Kenya,ILR,Medical,SHO,Critical Care & Anaesthesia,SHO,26.33,2022-04-22,2022-06-03,15.0,0.4,NMC,Permanent,Suspended,DD597749,2029-03-11,AS723765,2030-02-07,2026-09-30,2022-05-13
EMP0161-20260916_214726,Conor,Gibson,watsonjade@example.org,1972-11-06,+44116 496 0623,"Flat 86
Paula Vista
East Donaldbury
BH7 1SY",Female,Westborough Acute Care NHS Trust,Mixed,New Zealand,ILR,AHP,Pharmacist,Medicine & Acute Care,5,20.03,2021-10-30,2021-12-04,20.0,0.53,HCPC,Permanent,Inactive,QC137417,2027-10-15,UE889690,2030-10-18,2027-07-04,2021-11-20
EMP0162-20260916_214726,Stanley,Slater,edwardpearson@example.net,1984-04-15,(0121)4960282,"Studio 10
Browne Ramp
Margaretstad
CM5R 1GA",Male,Meadowbrook Community Health NHS Trust,Asian,China,Dependent,Nursing,Staff Nurse,Surgery & Cancer,5,19.34,2026-08-04,2026-09-08,30.0,0.8,GMC,Bank,On Leave,NQ148401,2028-07-26,AB967059,2026-09-26,2027-09-06,2026-08-25
EMP0163-20260916_214726,Ian,Sykes,walkermelanie@example.net,2000-06-08,01314960772,"211 Carole Shoals
Evanstown
W0 0FG",Male,Hillcrest Medical Centres NHS Trust,Mixed,Australia,ILR,Nursing,Ward Manager,Surgery & Cancer,8A,28.96,2018-07-04,2018-08-08,20.0,0.53,HCPC,Fixed Term,On Leave,RY146897,2030-02-04,EC141176,2030-10-25,2027-03-24,2018-07-25
EMP0164-20260916_214726,Sophie,Ross,callum07@example.org,1979-01-30,+44(0)141 496 0488,"67 Ryan Motorway
South Emmahaven
B4 2GX",Male,Oakridge Community Services NHS Trust,Asian,Japan,Dependent,Admin,Receptionist,Emergency & Urgent Care,3,14.45,2020-03-10,2020-04-07,20.0,0.53,GMC,Bank,Suspended,EK500982,2028-04-06,MZ559837,2030-10-04,2027-05-22,2020-03-31
EMP0165-20260916_214726,Charles,Taylor,kerryspencer@example.com,1985-02-27,(0151) 496 0113,"02 Jodie Keys
West Katy
L5 0FH",Male,Greenhaven Acute & Specialist Care NHS Trust,Mixed,Nigeria,ILR,Nursing,Healthcare Assistant,Corporate Services,2,13.55,2019-11-27,2019-12-25,15.0,0.4,HCPC,Bank,Suspended,DH315937,2031-05-29,NY724308,2030-01-22,2026-11-11,2019-12-18
EMP0166-20260916_214726,Patricia,Holt,curtiswendy@example.org,1988-01-06,01164960883,"Studio 45
Charles Coves
Harrisville
S0 6TN",Male,Hillcrest Medical Centres NHS Trust,Black,South Africa,ILR,Medical,GP,Corporate Services,GP,55.27,2022-08-14,2022-09-11,20.0,0.53,HCPC,Fixed Term,Inactive,MJ973685,2028-05-19,KA355797,2030-04-28,2027-07-04,2022-09-04
EMP0167-20260916_214726,Pauline,Garner,darrenwatson@example.com,1960-11-08,+4420 7496 0247,"87 Lewis Stream
East Michaelton
DH77 7ZE",Female,Eastfield Psychological Services NHS Trust,White,United Kingdom,British Citizen,Admin,Medical Secretary,Clinical Support Services,4,17.76,2018-12-03,2019-01-14,18.75,0.5,HCPC,Fixed Term,Suspended,ZZ870948,2028-08-24,OX801826,2030-05-24,2027-04-05,2018-12-24
EMP0168-20260916_214726,Rachael,Hughes,prichardson@example.com,1961-10-06,+44(0)161 496 0748,"Studio 45w
Nicole Court
Benjaminside
N22 4TR",Male,Horizon Integrated Health Partnership NHS Trust,Black,Ghana,ILR,Admin,Administrator,Surgery & Cancer,3,13.45,2025-06-26,2025-08-07,15.0,0.4,None,Fixed Term,Inactive,TE539546,2029-04-23,YX035857,2028-11-16,2027-05-07,2025-07-17
EMP0169-20260916_214726,Nicole,Roberts,jeremymarshall@example.org,2004-07-26,+44131 496 0675,"51 Billy Crossroad
Katyshire
CR6A 0PW",Female,Riverside Integrated Care NHS Trust,Black,Ghana,Dependent,Nursing,Ward Manager,Emergency & Urgent Care,8A,31.36,2020-12-01,2020-12-29,18.75,0.5,GMC,Fixed Term,Inactive,CH524650,2027-06-15,ON268636,2028-06-01,2027-01-04,2020-12-22
EMP0170-20260916_214726,Lorraine,Collins,xpage@example.net,1998-10-21,(029)2018493,"Studio 27
Slater Course
Julianborough
B6 8LG",Female,Greenhaven Acute & Specialist Care NHS Trust,Mixed,Trinidad and Tobago,ILR,Nursing,Nursery Nurse,Critical Care & Anaesthesia,2,14.22,2019-11-02,2019-12-07,15.0,0.4,NMC,Permanent,On Leave,WH279385,2031-04-23,XR118661,2027-12-22,2027-06-04,2019-11-23
EMP0171-20260916_214726,Thomas,Phillips,careydarren@example.org,1986-12-08,+441314960502,"8 Maurice Skyway
Lake Natashaborough
B9 5NZ",Male,Eastfield Psychological Services NHS Trust,White,New Zealand,Dependent,Medical,Registrar,Medicine & Acute Care,SPR,42.52,2016-10-03,2016-10-31,20.0,0.53,GMC,Bank,Suspended,YY549305,2027-04-25,NU004348,2028-09-28,2026-10-15,2016-10-24
EMP0172-20260916_214726,Jason,McCarthy,lauren69@example.com,1978-05-06,(0151) 496 0673,"0 Molly Burg
South Harrietstad
WC8 0GZ",Female,Lakeside District Hospitals NHS Trust,Asian,Japan,Dependent,Medical,Registrar,Women & Children,SPR,34.31,2018-10-29,2018-11-26,15.0,0.4,HCPC,Bank,Suspended,TN398948,2029-07-05,UG363016,2028-10-26,2027-09-03,2018-11-19
EMP0173-20260916_214726,Leah,Payne,robinsondeborah@example.org,1990-01-06,+441914960631,"Flat 88T
Ryan Rapids
Port Natalieville
CR5 5NA",Female,Broadfield Clinical Services NHS Trust,Mixed,Jamaica,Skilled Worker,Medical,Registrar,Surgery & Cancer,SPR,41.85,2022-12-11,2023-01-22,15.0,0.4,None,Fixed Term,On Leave,RQ192413,2030-05-14,SL773790,2029-01-23,2027-07-26,2023-01-01
EMP0174-20260916_214726,Lorraine,Rogers,dorothy39@example.net,1984-10-10,0808 1570366,"993 Wilkinson Estates
Elainetown
W29 2XL",Female,Lakeside District Hospitals NHS Trust,Asian,Japan,Skilled Worker,Admin,Data Analyst,Surgery & Cancer,8A,34.45,2018-12-10,2019-01-07,37.5,1.0,None,Fixed Term,Active,HO952611,2030-09-10,LT844192,2027-05-11,2027-09-05,2018-12-31
EMP0175-20260916_214726,Debra,Smith,rileymarion@example.com,1986-01-10,+44(0)114 4960481,"3 Ford Lock
West Linda
W4 1XU",Male,Westmere Community Health NHS Trust,Mixed,Thailand,ILR,AHP,Pharmacist,Medicine & Acute Care,5,22.57,2022-01-25,2022-03-01,18.75,0.5,NMC,Bank,Inactive,VH080662,2028-07-22,VO065366,2027-10-14,2027-07-19,2022-02-15
EMP0176-20260916_214726,Jean,Herbert,taylorrobin@example.net,1967-10-03,+44(0)115 4960349,"Flat 6
Griffiths Vista
Port Harryville
S9 4EW",Male,Horizon Integrated Health Partnership NHS Trust,Black,South Africa,Dependent,Admin,Data Analyst,Emergency & Urgent Care,8A,32.77,2023-09-21,2023-10-26,37.5,1.0,GMC,Fixed Term,Active,IE987204,2026-12-16,LT411930,2026-12-08,2026-11-28,2023-10-12
EMP0177-20260916_214726,Lawrence,Norris,leehenry@example.org,1996-01-20,09098790519,"18 Mohammad Turnpike
Robertsburgh
DH7Y 3RT",Male,Greenhaven Acute & Specialist Care NHS Trust,White,Canada,ILR,AHP,Physiotherapist,Women & Children,6,26.95,2017-06-12,2017-07-10,20.0,0.53,GMC,Permanent,Inactive,UW001670,2030-05-01,UT680019,2028-12-04,2027-02-13,2017-07-03
EMP0178-20260916_214726,Abigail,Khan,donaldpotter@example.com,1998-06-30,+44(0)8081570600,"11 Benson Lakes
New Karen
G69 5EA",Male,Northwood Mental Health NHS Trust,Asian,China,Dependent,Nursing,Ward Manager,Emergency & Urgent Care,8A,35.81,2017-07-14,2017-08-18,37.5,1.0,NMC,Fixed Term,Suspended,YC403365,2028-06-20,MU871988,2027-10-17,2026-11-21,2017-08-04
EMP0179-20260916_214726,Catherine,Goddard,lmorley@example.com,1999-08-30,(0141) 4960855,"065 Chapman Mills
North Graeme
HA0 7DD",Male,Greenhaven Acute & Specialist Care NHS Trust,Black,Jamaica,Skilled Worker,Admin,Data Analyst,Women & Children,8A,34.75,2026-02-27,2026-04-10,18.75,0.5,HCPC,Bank,On Leave,JH195422,2030-07-15,GE465789,2027-05-10,2026-11-29,2026-03-20
EMP0180-20260916_214726,Jemma,Wood,brian30@example.net,1992-05-07,+44292018860,"Flat 40s
May Lights
Atkinsonshire
E2T 1NA",Male,Greenhaven Acute & Specialist Care NHS Trust,Asian,Thailand,Dependent,Admin,Data Analyst,Surgery & Cancer,8A,33.98,2021-03-12,2021-04-16,37.5,1.0,GMC,Fixed Term,Active,NL103065,2030-06-20,HJ276341,2029-02-14,2027-08-09,2021-04-02
EMP0181-20260916_214726,Jayne,Bennett,elliotwaters@example.org,2008-06-21,(028) 9018434,"Flat 2
Bishop Place
Foxbury
G47 6PJ",Male,Westborough Acute Care NHS Trust,Black,Trinidad and Tobago,British Citizen,AHP,Physiologist,Women & Children,6,26.66,2019-04-23,2019-05-28,18.75,0.5,None,Fixed Term,Active,DI115936,2027-08-07,DB337778,2031-09-04,2027-09-13,2019-05-14
EMP0182-20260916_214726,Annette,Palmer,leonardroberts@example.com,1993-04-23,+44161 4960207,"Flat 4
Marian Park
Fosterview
CW7W 6RR",Male,Lakeside District Hospitals NHS Trust,Asian,China,British Citizen,Admin,Medical Secretary,Surgery & Cancer,4,16.56,2016-11-28,2017-01-09,30.0,0.8,GMC,Permanent,Active,SN009834,2027-05-17,DV183954,2031-04-23,2027-02-22,2016-12-19
EMP0183-20260916_214726,Max,Kelly,tbrooks@example.com,1973-12-14,+44(0)131 4960605,"Flat 33
Sharon Gardens
North Terencebury
L8 8ZX",Female,Westborough Acute Care NHS Trust,Asian,Thailand,British Citizen,Admin,Medical Secretary,Surgery & Cancer,4,17.32,2019-12-23,2020-01-27,20.0,0.53,NMC,Fixed Term,Suspended,MB812530,2031-05-23,PN550556,2028-01-16,2027-06-25,2020-01-13
EMP0184-20260916_214726,Douglas,Smith,mellorkaty@example.com,1987-07-22,+44151 496 0816,"3 Neil Flats
Lake Leon
TS4W 2ZL",Male,Riverside Integrated Care NHS Trust,White,United States,British Citizen,AHP,Pharmacist,Corporate Services,5,21.15,2024-08-13,2024-09-10,30.0,0.8,HCPC,Bank,Inactive,QZ807081,2028-11-09,IQ317611,2027-07-22,2027-08-07,2024-09-03
EMP0185-20260916_214726,Maureen,Field,francisfiona@example.com,2003-12-01,(01632)960204,"Studio 95
Charlene Mews
Jadeburgh
B39 5LU",Male,Meadowbrook Community Health NHS Trust,Mixed,New Zealand,Dependent,Admin,Medical Secretary,Surgery & Cancer,4,18.07,2023-12-05,2024-01-02,37.5,1.0,GMC,Bank,Active,HM766433,2028-04-02,KI715609,2031-02-27,2026-10-24,2023-12-26
EMP0186-20260916_214726,Shane,Stevenson,osaunders@example.com,1991-12-23,+441154960188,"Flat 9
Mathew Estate
Whitehousebury
WD8 7ES",Male,Horizon Integrated Health Partnership NHS Trust,Asian,Thailand,ILR,Admin,Receptionist,Surgery & Cancer,3,16.29,2017-12-20,2018-01-17,20.0,0.53,NMC,Bank,Inactive,QA379316,2030-05-07,XT280319,2028-11-20,2027-04-27,2018-01-10
EMP0187-20260916_214726,Eric,Rose,nsutton@example.com,2003-09-26,(0117) 496 0358,"6 Howells Mountain
West Victoriaburgh
NR3M 8LN",Female,Broadfield Clinical Services NHS Trust,White,Canada,British Citizen,Medical,Consultant,Surgery & Cancer,CONS,59.19,2018-01-08,2018-02-12,20.0,0.53,None,Permanent,Suspended,PJ108227,2026-10-10,LQ143313,2029-11-26,2027-02-06,2018-01-29
EMP0188-20260916_214726,Charlotte,Mahmood,hkemp@example.org,1985-01-31,+44808 1570529,"Studio 1
Bryan Trail
South Gerardmouth
MK7W 6FY",Female,Northwood Mental Health NHS Trust,Black,Ghana,Skilled Worker,Admin,Medical Secretary,Critical Care & Anaesthesia,4,17.27,2016-12-02,2016-12-30,30.0,0.8,GMC,Fixed Term,Suspended,ZH363721,2029-12-31,FS491162,2031-05-09,2026-12-24,2016-12-23
EMP0189-20260916_214726,Dawn,Cook,clarkemaureen@example.net,1989-05-03,+4429 2018060,"7 Abbie Islands
North Hilaryville
W4 4EZ",Male,Greenhaven Acute & Specialist Care NHS Trust,White,Canada,British Citizen,Medical,FY1/FY2,Emergency & Urgent Care,FY1,19.61,2021-11-30,2022-01-04,18.75,0.5,None,Fixed Term,Suspended,UV881754,2031-04-19,EH604238,2030-04-13,2027-06-02,2021-12-21
EMP0190-20260916_214726,Naomi,Chadwick,rachelphillips@example.org,1975-05-14,0909 879 0101,"Studio 61Y
Barlow Cape
Kayfurt
W38 2BR",Female,Westmere Community Health NHS Trust,Asian,China,British Citizen,AHP,Pharmacist,Surgery & Cancer,5,20.31,2024-09-18,2024-10-30,30.0,0.8,NMC,Permanent,Active,ZI475584,2029-08-27,MD897685,2031-03-31,2027-03-17,2024-10-09
EMP0191-20260916_214726,Abigail,Taylor,taylorgavin@example.org,2003-05-18,(0113) 4960903,"Studio 07
Payne Ville
New Marian
RH0 4FQ",Female,Riverside Integrated Care NHS Trust,Mixed,Jamaica,Dependent,Admin,Receptionist,Critical Care & Anaesthesia,3,14.89,2024-02-21,2024-03-20,15.0,0.4,GMC,Fixed Term,Active,ZM497143,2028-07-04,LY357063,2028-07-12,2027-02-28,2024-03-13
EMP0192-20260916_214726,Rosie,Brown,bethanjones@example.org,1971-09-08,0191 4960418,"337 Jacqueline Turnpike
Philipberg
L55 7NJ",Male,Northshire University Hospitals NHS Trust,Asian,India,British Citizen,Admin,Medical Secretary,Emergency & Urgent Care,4,16.9,2020-03-20,2020-05-01,37.5,1.0,HCPC,Permanent,Suspended,ZW033896,2028-10-27,DL009619,2027-08-07,2027-07-22,2020-04-10
EMP0193-20260916_214726,Chelsea,Williamson,joseph93@example.net,1981-08-22,(028)9018402,"Studio 25
Ben Courts
Mitchellchester
B38 8XQ",Female,Southgate Community & Mental Health NHS Trust,Asian,Thailand,Dependent,Admin,Administrator,Clinical Support Services,3,14.86,2020-11-24,2020-12-29,18.75,0.5,HCPC,Permanent,On Leave,AO572230,2030-05-30,UK785184,2030-08-10,2026-11-19,2020-12-15
EMP0194-20260916_214726,Eileen,Carr,kwaters@example.net,1995-06-10,01632960021,"Flat 1
Watts Pines
Williamsville
B55 4PE",Male,Meadowbrook Community Health NHS Trust,Asian,Thailand,Skilled Worker,Nursing,Staff Nurse,Medicine & Acute Care,5,22.74,2024-03-02,2024-04-13,18.75,0.5,HCPC,Fixed Term,Inactive,VG154543,2031-08-02,FC876022,2027-04-03,2027-05-24,2024-03-23
EMP0195-20260916_214726,Phillip,Evans,wrightgeorge@example.net,2006-09-12,(0808)1570213,"8 Mason Squares
Graychester
DA0 6RT",Male,Eastfield Psychological Services NHS Trust,Black,Barbados,ILR,Admin,Administrator,Surgery & Cancer,3,14.02,2022-05-11,2022-06-08,37.5,1.0,None,Fixed Term,Suspended,CA740904,2031-07-18,VZ272012,2027-01-08,2026-12-22,2022-06-01
EMP0196-20260916_214726,Antony,Matthews,melissa40@example.com,1997-04-23,+44114 4960883,"705 Mann Turnpike
North Mathewton
DE5H 1UY",Female,Valleyview Mental Wellness NHS Trust,Black,Barbados,Skilled Worker,Nursing,Senior Staff Nurse,Surgery & Cancer,6,23.01,2019-03-04,2019-04-08,15.0,0.4,GMC,Fixed Term,On Leave,YY637705,2029-10-20,UC329097,2027-10-10,2026-09-18,2019-03-25
EMP0197-20260916_214726,Damian,Lloyd,katie52@example.com,1968-04-13,01174960426,"Studio 02M
Rita Rue
Shawland
PO51 8BH",Female,Eastfield Psychological Services NHS Trust,Black,Jamaica,Skilled Worker,Nursing,Nursery Nurse,Medicine & Acute Care,2,13.54,2025-02-21,2025-03-28,30.0,0.8,GMC,Permanent,Active,WH965820,2030-12-25,BB169621,2031-04-30,2027-06-05,2025-03-14
EMP0198-20260916_214726,Maria,O'Brien,begumrachael@example.com,1984-02-01,(029)2018070,"Flat 9
Adam Summit
Laneborough
N2F 8RW",Female,Riverside Integrated Care NHS Trust,White,Canada,Dependent,Medical,Registrar,Emergency & Urgent Care,SPR,34.45,2018-01-26,2018-02-23,37.5,1.0,NMC,Permanent,Inactive,UX965143,2029-03-10,NR786099,2028-05-31,2027-08-01,2018-02-16
EMP0199-20260916_214726,Gordon,Barrett,beverleyatkinson@example.org,1968-10-15,+44(0)1314960483,"Flat 71
Robin Lock
Cameronview
CM6 9LQ",Male,Westborough Acute Care NHS Trust,Black,South Africa,Dependent,Medical,Registrar,Women & Children,SPR,43.21,2026-07-12,2026-08-09,30.0,0.8,GMC,Permanent,On Leave,VD662325,2028-08-28,DZ071927,2030-02-01,2027-04-18,2026-08-02
EMP0200-20260916_214726,Nathan,Daniels,glenn86@example.net,1974-08-03,+44(0)808 157 0811,"9 Cooke Manor
New Leighburgh
GY42 4JU",Female,Broadfield Clinical Services NHS Trust,Asian,China,ILR,Admin,Medical Secretary,Medicine & Acute Care,4,18.48,2019-06-16,2019-07-21,37.5,1.0,HCPC,Fixed Term,Suspended,FA762606,2026-11-27,BK745553,2029-09-03,2027-03-30,2019-07-07
EMP0201-20260916_214726,Aimee,Watson,finchalbert@example.org,2005-04-20,+4420 7496 0641,"988 Ben Flat
East Lucyburgh
IV1M 2WJ",Female,Eastfield Psychological Services NHS Trust,Black,Jamaica,Skilled Worker,AHP,Radiographer,Medicine & Acute Care,6,23.7,2017-11-09,2017-12-07,37.5,1.0,NMC,Bank,Inactive,VT066216,2029-03-01,QK152233,2029-10-05,2027-02-09,2017-11-30
EMP0202-20260916_214726,Edward,Webster,harriswayne@example.org,1992-12-21,+441914960750,"6 Freeman Forges
Francisport
M3 1BB",Male,Oakridge Community Services NHS Trust,Asian,Japan,British Citizen,Medical,Registrar,Emergency & Urgent Care,SPR,36.41,2022-11-17,2022-12-29,30.0,0.8,NMC,Permanent,Active,HZ747011,2029-11-13,YN020148,2029-04-03,2026-11-21,2022-12-08
EMP0203-20260916_214726,Margaret,Miah,judith57@example.net,1968-02-24,+44(0)114 496 0260,"9 Marion Cove
Lake Lydiafort
B7 7GD",Male,Bluewater Community & Rehabilitation NHS Trust,Asian,China,British Citizen,Medical,Registrar,Surgery & Cancer,SPR,42.55,2024-06-13,2024-07-25,30.0,0.8,None,Permanent,Suspended,CM447251,2028-01-17,EM588913,2030-07-07,2026-09-18,2024-07-04
EMP0204-20260916_214726,Emily,Jones,tomstevens@example.net,1966-12-12,(0909) 8790813,"Flat 02
Burton Trafficway
Lake Mohamedstad
S29 1DY",Male,Lakeside District Hospitals NHS Trust,Mixed,Thailand,British Citizen,Nursing,Senior Staff Nurse,Corporate Services,6,26.78,2023-02-18,2023-03-25,18.75,0.5,GMC,Bank,On Leave,HR365597,2031-04-04,DH767907,2028-12-10,2027-08-21,2023-03-11
EMP0205-20260916_214726,Helen,Turner,dawndavis@example.org,1965-01-26,(020) 7496 0779,"938 Shirley Squares
Samberg
W84 3UR",Female,Southvale Hospitals NHS Trust,Mixed,Japan,Dependent,AHP,Physiotherapist,Critical Care & Anaesthesia,6,22.64,2026-09-12,2026-10-17,15.0,0.4,NMC,Bank,Suspended,OA297972,2027-06-04,HU040681,2031-01-16,2026-10-06,2026-10-03
EMP0206-20260916_214726,Chelsea,Phillips,khanbrian@example.net,1982-01-22,0115 4960790,"Flat 37H
Luke Glen
Bullborough
G3H 1TL",Female,Northwood Mental Health NHS Trust,White,United States,Dependent,Medical,Consultant,Emergency & Urgent Care,CONS,55.05,2020-02-09,2020-03-08,15.0,0.4,None,Permanent,On Leave,OM120284,2027-04-17,SF471276,2027-06-22,2027-03-27,2020-03-01
EMP0207-20260916_214726,Kyle,Scott,amann@example.net,2006-11-15,0141 4960166,"Studio 1
Ricky Alley
Taylorport
EN9P 7EE",Female,Southgate Community & Mental Health NHS Trust,Mixed,Thailand,British Citizen,Nursing,Staff Nurse,Corporate Services,5,21.43,2017-06-10,2017-07-15,20.0,0.53,GMC,Permanent,On Leave,DO626533,2029-04-16,VC466711,2031-06-05,2027-06-06,2017-07-01
EMP0208-20260916_214726,Owen,Foster,claireharvey@example.org,1969-06-01,+44(0)121 4960717,"Studio 37J
Chapman Squares
West Jack
NN1V 1QT",Female,Meadowbrook Community Health NHS Trust,Black,Ghana,Skilled Worker,Admin,Data Analyst,Clinical Support Services,8A,34.48,2016-11-06,2016-12-04,18.75,0.5,HCPC,Fixed Term,On Leave,OS220094,2029-04-08,SC109949,2028-12-02,2027-05-24,2016-11-27
EMP0209-20260916_214726,Peter,Walker,odouglas@example.net,1995-04-11,0141 4960795,"39 Daniel Track
Harrischester
HU13 3RY",Male,Meadowbrook Community Health NHS Trust,Black,Barbados,British Citizen,Medical,SHO,Medicine & Acute Care,SHO,29.68,2021-03-28,2021-04-25,30.0,0.8,None,Fixed Term,On Leave,WE898142,2030-01-02,KT991425,2029-09-12,2027-06-17,2021-04-18
EMP0210-20260916_214726,Geoffrey,Harper,nwilliams@example.net,1999-03-30,+44(0)2074960793,"Studio 7
Luke Shores
Richardsonfort
G6 7YU",Male,Eastfield Psychological Services NHS Trust,Black,Kenya,Skilled Worker,Nursing,Senior Staff Nurse,Women & Children,6,23.15,2023-08-25,2023-09-29,30.0,0.8,None,Bank,On Leave,OU540673,2031-04-08,GJ119217,2027-07-23,2027-04-24,2023-09-15
EMP0211-20260916_214726,Kirsty,Heath,wday@example.org,1969-06-21,0115 496 0847,"6 Murphy Ports
Greenmouth
N0K 3HJ",Female,Westmere Community Health NHS Trust,Mixed,Nigeria,Dependent,AHP,Physiotherapist,Surgery & Cancer,6,27.08,2021-10-01,2021-11-12,15.0,0.4,None,Permanent,Inactive,VE028278,2028-03-02,YI732435,2029-05-26,2027-02-10,2021-10-22
EMP0212-20260916_214726,Gerald,Jarvis,margaret27@example.org,1992-10-14,+44(0)116 496 0710,"626 Joan Terrace
Brownside
G93 1TD",Male,Westmere Community Health NHS Trust,Black,Trinidad and Tobago,Dependent,Nursing,Nursery Nurse,Clinical Support Services,2,13.88,2024-10-04,2024-11-01,18.75,0.5,GMC,Permanent,Suspended,YK581101,2028-03-25,JH552303,2031-05-14,2027-06-06,2024-10-25
EMP0213-20260916_214726,Charlotte,Lane,julian28@example.net,1977-03-27,+44(0)114 496 0596,"Flat 6
Jackson Station
Pattersonville
SG4 8BY",Female,Horizon Integrated Health Partnership NHS Trust,White,New Zealand,British Citizen,Admin,Receptionist,Corporate Services,3,15.85,2019-01-13,2019-02-10,37.5,1.0,None,Permanent,Active,FK069556,2029-08-05,FI721534,2030-08-16,2027-02-07,2019-02-03
EMP0214-20260916_214726,Vanessa,Richards,sclarke@example.org,1965-10-22,(0114)4960704,"Flat 8
Chloe Center
Bentleytown
CM7A 1RY",Female,Southvale Hospitals NHS Trust,Asian,Japan,Skilled Worker,Nursing,Ward Manager,Medicine & Acute Care,8A,33.09,2025-06-30,2025-08-11,30.0,0.8,GMC,Fixed Term,Suspended,YD094845,2030-12-16,GQ173431,2030-03-03,2026-09-23,2025-07-21
EMP0215-20260916_214726,Linda,Swift,eharrison@example.com,1991-08-02,01314960428,"03 Lesley Glen
Brianshire
SG9 4NB",Female,Eastfield Psychological Services NHS Trust,Black,Kenya,Dependent,Medical,GP,Critical Care & Anaesthesia,GP,52.98,2021-05-08,2021-06-05,18.75,0.5,GMC,Bank,Inactive,LH619734,2031-09-14,FJ595554,2029-08-22,2027-05-05,2021-05-29
EMP0216-20260916_214726,Stuart,Robinson,alexander85@example.com,2008-08-16,+441214960173,"Flat 65J
Ian Rest
North Amy
E1S 3ZW",Female,Lakeside District Hospitals NHS Trust,White,Australia,British Citizen,Nursing,Staff Nurse,Corporate Services,5,20.61,2019-02-26,2019-03-26,20.0,0.53,GMC,Fixed Term,On Leave,QC526332,2027-01-12,QJ009829,2030-03-08,2027-06-02,2019-03-19
EMP0217-20260916_214726,Mohammad,Parry,lhiggins@example.com,1964-07-09,+44909 879 0416,"8 Josephine Rue
Lisamouth
B82 0UF",Female,Eastfield Psychological Services NHS Trust,Mixed,United States,Skilled Worker,Medical,Consultant,Medicine & Acute Care,CONS,62.36,2024-03-10,2024-04-07,37.5,1.0,HCPC,Bank,Inactive,MT786942,2030-11-30,UV648410,2029-08-18,2027-01-15,2024-03-31
EMP0218-20260916_214726,Aimee,Powell,armstrongcharlene@example.org,1987-12-04,029 2018 0254,"Flat 21p
James Stravenue
East Kellystad
DH1V 2TE",Male,Eastfield Psychological Services NHS Trust,White,New Zealand,Dependent,Nursing,Staff Nurse,Surgery & Cancer,5,22.91,2019-08-14,2019-09-18,37.5,1.0,HCPC,Bank,Inactive,OU364222,2026-09-20,BK931119,2030-11-26,2027-06-30,2019-09-04
EMP0219-20260916_214726,Christopher,Howells,patelsean@example.net,1962-03-14,+44(0)113 496 0033,"Flat 5
Richards Avenue
East Shannonfort
SW5N 7QR",Male,Meadowbrook Community Health NHS Trust,Black,Jamaica,Skilled Worker,Nursing,Nursery Nurse,Emergency & Urgent Care,2,13.68,2018-02-07,2018-03-14,15.0,0.4,HCPC,Permanent,On Leave,QB088120,2029-05-01,JN837834,2027-04-23,2027-02-08,2018-02-28
EMP0220-20260916_214726,Carly,Thompson,owhite@example.com,1980-10-07,(0306)9990477,"948 Burgess Coves
Samanthaport
G3 7QQ",Female,Horizon Integrated Health Partnership NHS Trust,Black,Barbados,Skilled Worker,Admin,Medical Secretary,Surgery & Cancer,4,15.48,2019-04-12,2019-05-24,37.5,1.0,NMC,Permanent,Suspended,UQ942987,2029-05-16,DE053556,2027-09-08,2027-02-16,2019-05-03
EMP0221-20260916_214726,Lydia,Crawford,katie55@example.com,2004-09-13,+44161 496 0188,"1 Ruth Plains
Hobbston
IG3X 1TJ",Female,Broadfield Clinical Services NHS Trust,Black,Barbados,British Citizen,Admin,Receptionist,Surgery & Cancer,3,15.92,2023-12-19,2024-01-23,18.75,0.5,NMC,Fixed Term,Inactive,QD504887,2030-12-03,BK015956,2030-04-22,2027-01-06,2024-01-09
EMP0222-20260916_214726,Adrian,Hughes,marilynwalsh@example.net,1992-08-30,+442074960852,"346 Deborah Wells
East Joannefort
G5 8YD",Male,Southgate Community & Mental Health NHS Trust,Black,Kenya,Skilled Worker,Medical,FY1/FY2,Surgery & Cancer,FY1,19.38,2026-06-05,2026-07-10,37.5,1.0,None,Bank,Active,ZP640087,2029-10-11,KG436120,2028-07-17,2026-09-20,2026-06-26
EMP0223-20260916_214726,Francis,Mason,thussain@example.com,1992-05-01,+4428 9018 0268,"Studio 0
Thorpe Bridge
New Stewartton
L62 9JU",Male,Riverbank General Hospitals NHS Trust,Mixed,United States,ILR,AHP,Radiographer,Women & Children,6,27.95,2018-08-16,2018-09-13,20.0,0.53,HCPC,Permanent,Active,QB277549,2030-03-23,NK752524,2030-09-30,2027-08-27,2018-09-06
EMP0224-20260916_214726,Ashley,Stephenson,blewis@example.net,1991-01-16,+44(0)1184960821,"Studio 5
Lorraine Creek
New Victoria
W42 6ZP",Male,Valleyview Mental Wellness NHS Trust,Asian,Thailand,ILR,Medical,SHO,Women & Children,SHO,23.62,2023-10-01,2023-10-29,20.0,0.53,HCPC,Fixed Term,Active,VX988191,2027-03-22,MY187447,2031-06-27,2026-10-28,2023-10-22
EMP0225-20260916_214726,Valerie,Ross,stuartclarke@example.net,1994-05-29,+44115 4960414,"2 Oliver Causeway
West Nigel
L4C 3ZF",Male,Oakridge Community Services NHS Trust,Asian,India,ILR,Nursing,Healthcare Assistant,Medicine & Acute Care,2,14.01,2018-07-14,2018-08-11,30.0,0.8,None,Permanent,Suspended,IU373474,2029-03-03,AT396781,2027-04-17,2027-04-01,2018-08-04
EMP0226-20260916_214726,Jade,Barker,gavin18@example.net,1997-09-05,+44161 4960835,"Studio 4
Hammond Underpass
North Michael
B0A 8JN",Male,Riverside Integrated Care NHS Trust,Mixed,Thailand,Skilled Worker,Nursing,Staff Nurse,Medicine & Acute Care,5,22.91,2021-11-09,2021-12-14,30.0,0.8,HCPC,Permanent,Active,RN352023,2028-05-14,SZ974119,2030-04-26,2026-11-03,2021-11-30
EMP0227-20260916_214726,Shane,Griffiths,josh30@example.com,1987-07-28,+441154960187,"Studio 14e
Ellis Inlet
Lesleytown
E2 5JG",Male,Valleyview Mental Wellness NHS Trust,Asian,Thailand,ILR,Medical,SHO,Surgery & Cancer,SHO,27.63,2024-01-03,2024-02-07,18.75,0.5,HCPC,Bank,Suspended,YC989492,2027-10-14,UB812393,2031-08-08,2027-08-10,2024-01-24
EMP0228-20260916_214726,Marcus,Jackson,justinbrown@example.org,1996-09-15,+44113 4960623,"045 Parkin Turnpike
Francisview
NR0A 7FB",Female,Riverbank General Hospitals NHS Trust,Asian,China,British Citizen,Medical,GP,Critical Care & Anaesthesia,GP,48.51,2021-11-06,2021-12-04,37.5,1.0,None,Fixed Term,Suspended,LV000157,2028-09-07,HB024702,2028-10-03,2027-04-09,2021-11-27
EMP0229-20260916_214726,Patrick,Davison,patricia80@example.net,1973-01-10,+44(0)1632 960 640,"Flat 36c
Nash Trail
Hugheschester
M93 5BP",Female,Meadowbrook Community Health NHS Trust,White,New Zealand,Skilled Worker,Nursing,Healthcare Assistant,Clinical Support Services,2,14.0,2025-06-25,2025-08-06,30.0,0.8,NMC,Permanent,Inactive,QO220412,2029-09-16,SN105146,2026-12-09,2026-10-06,2025-07-16
EMP0230-20260916_214726,Martin,Woodward,beverley93@example.org,1978-08-09,(0306) 999 0082,"5 George Shores
East Rogerborough
L3U 9EL",Male,Southvale Hospitals NHS Trust,Black,Kenya,ILR,Nursing,Healthcare Assistant,Critical Care & Anaesthesia,2,13.48,2020-05-26,2020-06-23,18.75,0.5,NMC,Fixed Term,On Leave,SG618078,2029-10-10,QC068111,2029-11-27,2027-07-19,2020-06-16
EMP0231-20260916_214726,Timothy,Crawford,reece67@example.com,1988-04-20,(0141)4960363,"984 Evans Stravenue
Russellmouth
NG0 0ZJ",Male,Westmere Community Health NHS Trust,Black,Kenya,ILR,Admin,Administrator,Clinical Support Services,3,15.33,2022-02-12,2022-03-12,30.0,0.8,None,Bank,On Leave,FX043709,2027-09-02,LX854891,2028-09-22,2027-03-15,2022-03-05
EMP0232-20260916_214726,Jay,Davies,grace32@example.net,1987-06-13,(0306) 9990657,"047 Sheila Estates
Jacksontown
DH7N 3EH",Male,Hillcrest Medical Centres NHS Trust,White,United States,Dependent,Nursing,Nursery Nurse,Women & Children,2,14.05,2024-09-02,2024-10-07,20.0,0.53,HCPC,Bank,Inactive,OD304459,2026-11-07,UR221290,2029-05-04,2027-02-12,2024-09-23
EMP0233-20260916_214726,James,Williams,denis12@example.com,1965-04-12,0116 496 0609,"Studio 48
Oliver Springs
South Allanfurt
B9 7ED",Male,Northwood Mental Health NHS Trust,Black,Ghana,Dependent,Medical,FY1/FY2,Clinical Support Services,FY1,18.9,2018-04-08,2018-05-20,30.0,0.8,HCPC,Fixed Term,Inactive,SQ783066,2030-06-26,DW168368,2027-07-05,2027-05-09,2018-04-29
EMP0234-20260916_214726,Mohammad,Baker,hollandelliott@example.com,2003-10-02,0289018250,"409 Janet Locks
West Mariaville
SY3 3FY",Male,Northshire University Hospitals NHS Trust,White,Australia,Dependent,Medical,GP,Surgery & Cancer,GP,57.56,2025-08-08,2025-09-12,18.75,0.5,GMC,Permanent,Inactive,CL260918,2031-04-16,RY313412,2030-12-09,2027-04-16,2025-08-29
EMP0235-20260916_214726,Ashley,Buckley,hardyjulie@example.net,1997-02-08,+441164960707,"6 Derek Light
Port Garethport
W5T 0ZF",Male,Northwood Mental Health NHS Trust,Mixed,South Africa,Skilled Worker,Admin,Medical Secretary,Critical Care & Anaesthesia,4,15.73,2024-12-14,2025-01-18,30.0,0.8,NMC,Fixed Term,On Leave,HK358299,2027-04-27,ES453562,2028-04-01,2027-04-20,2025-01-04
EMP0236-20260916_214726,Douglas,Wilson,lwong@example.net,1989-07-29,(0117)4960577,"Studio 7
Kimberley Trace
Lake Stanley
L88 2DA",Male,Riverbank General Hospitals NHS Trust,Asian,India,ILR,Admin,Data Analyst,Corporate Services,8A,32.73,2020-03-21,2020-04-18,18.75,0.5,NMC,Fixed Term,Active,QR473426,2027-07-22,KA583862,2029-09-23,2027-01-30,2020-04-11
EMP0237-20260916_214726,Jemma,Davis,vincent54@example.org,1994-04-25,+44141 4960786,"731 Joanna Keys
Walkerview
G7K 4LL",Female,Riverside Integrated Care NHS Trust,Mixed,Japan,British Citizen,Nursing,Charge Nurse,Clinical Support Services,7,32.71,2025-05-14,2025-06-11,18.75,0.5,None,Bank,Active,YZ550988,2028-07-09,GE873659,2027-06-27,2027-09-03,2025-06-04
EMP0238-20260916_214726,Sarah,Martin,brandon25@example.net,2008-05-24,+44116 4960360,"Studio 14h
Simpson Coves
North Hayleybury
N4 0TP",Female,Bluewater Community & Rehabilitation NHS Trust,White,New Zealand,Dependent,AHP,Radiographer,Women & Children,6,27.51,2018-03-13,2018-04-17,18.75,0.5,GMC,Permanent,Inactive,TU855441,2027-08-29,IG630376,2027-02-11,2027-05-12,2018-04-03
EMP0239-20260916_214726,Leonard,Jones,uashton@example.net,1982-05-28,+44909 879 0595,"35 Karen Orchard
East Daniel
L77 8XT",Female,Midlands Central Hospitals NHS Trust,Mixed,India,ILR,Nursing,Staff Nurse,Surgery & Cancer,5,19.35,2026-09-13,2026-10-11,37.5,1.0,NMC,Permanent,On Leave,IB234281,2030-10-10,KK378861,2031-08-14,2026-11-21,2026-10-04
EMP0240-20260916_214726,Alex,Porter,houghtonguy@example.org,1995-03-30,0909 8790540,"04 Daniel Crescent
Elliottberg
CR9P 8LP",Male,Northwood Mental Health NHS Trust,Asian,Japan,ILR,AHP,Pharmacist,Surgery & Cancer,5,20.98,2017-10-31,2017-11-28,20.0,0.53,GMC,Bank,Suspended,HS228308,2028-07-10,PK636670,2030-11-04,2027-05-19,2017-11-21
EMP0241-20260916_214726,Amy,Wong,georgia85@example.com,1987-11-05,+44306 999 0275,"Studio 3
Matthews Park
Glennborough
N60 0UU",Male,Westborough Acute Care NHS Trust,White,Australia,Skilled Worker,AHP,Physiotherapist,Medicine & Acute Care,6,27.91,2017-11-20,2018-01-01,20.0,0.53,NMC,Bank,Suspended,SV823052,2030-12-05,LF270469,2028-10-25,2026-11-23,2017-12-11
EMP0242-20260916_214726,Rebecca,Swift,irandall@example.com,1995-06-25,01632 960 504,"500 Sanders Circles
Donaldshire
NN4A 8WL",Female,Valleyview Mental Wellness NHS Trust,Black,Trinidad and Tobago,British Citizen,AHP,Occupational Therapist,Women & Children,6,25.53,2021-09-27,2021-11-01,15.0,0.4,None,Bank,Suspended,XP864612,2027-07-13,AW374841,2028-11-20,2026-10-29,2021-10-18
EMP0243-20260916_214726,Melanie,Simpson,julia83@example.org,2005-04-08,+44(0)121 4960940,"Studio 38
Sims Rue
Georgeland
N32 8HR",Female,Southvale Hospitals NHS Trust,White,Australia,Skilled Worker,Nursing,Healthcare Assistant,Critical Care & Anaesthesia,2,13.09,2025-10-06,2025-11-17,15.0,0.4,GMC,Fixed Term,Inactive,MS653940,2029-05-19,KM416810,2029-10-01,2026-12-03,2025-10-27
EMP0244-20260916_214726,Samantha,Horton,tracey71@example.com,2003-04-20,(0114) 496 0547,"Flat 1
Smith Well
Port Sandrafurt
M5E 5QY",Female,Midlands Central Hospitals NHS Trust,White,Canada,Skilled Worker,Nursing,Ward Manager,Corporate Services,8A,30.82,2024-05-27,2024-07-08,20.0,0.53,NMC,Bank,Active,UG916043,2026-12-17,LW589255,2027-10-28,2027-01-23,2024-06-17
EMP0245-20260916_214726,Antony,Price,francis73@example.org,1989-05-09,(0306)9990043,"Flat 95F
Griffiths Garden
Wellsstad
HX1 8JT",Male,Northshire University Hospitals NHS Trust,Mixed,Nigeria,Skilled Worker,Medical,Registrar,Medicine & Acute Care,SPR,40.09,2023-03-05,2023-04-09,30.0,0.8,GMC,Fixed Term,Inactive,QO829378,2027-08-11,DV268234,2030-07-02,2027-04-12,2023-03-26
EMP0246-20260916_214726,Craig,Harvey,kerry54@example.com,1980-03-29,+44909 8790705,"24 Begum Courts
Harrisonfurt
SW2Y 7UB",Female,Bluewater Community & Rehabilitation NHS Trust,Mixed,United States,British Citizen,Medical,GP,Medicine & Acute Care,GP,53.79,2021-05-13,2021-06-10,18.75,0.5,GMC,Fixed Term,Active,PA015936,2029-03-16,ZE698245,2030-07-19,2027-04-28,2021-06-03
EMP0247-20260916_214726,Danielle,Davey,roymorris@example.net,1993-11-30,+441414960967,"570 Taylor Locks
West Michelleborough
N6 0LS",Female,Southgate Community & Mental Health NHS Trust,Black,Jamaica,Skilled Worker,Admin,Data Analyst,Medicine & Acute Care,8A,28.5,2021-07-31,2021-09-04,18.75,0.5,NMC,Permanent,Suspended,WX647826,2030-06-13,XM952155,2031-07-09,2026-12-03,2021-08-21
EMP0248-20260916_214726,Lucy,Morgan,edwardscraig@example.net,1991-09-01,+4429 2018 0538,"121 Ward Port
Whitehaven
N5J 7WH",Female,Valleyview Mental Wellness NHS Trust,White,Australia,ILR,Nursing,Senior Staff Nurse,Corporate Services,6,26.89,2026-05-15,2026-06-26,15.0,0.4,HCPC,Permanent,Suspended,DI256932,2030-03-14,CT217386,2030-05-17,2027-03-16,2026-06-05
EMP0249-20260916_214726,Joseph,Cooper,conortaylor@example.net,1979-07-21,(0118) 496 0653,"6 Liam Fort
Port Christinechester
M1F 3JU",Female,Eastmoor Teaching Hospitals NHS Trust,Mixed,New Zealand,Skilled Worker,AHP,Radiographer,Surgery & Cancer,6,26.2,2025-05-08,2025-06-19,15.0,0.4,HCPC,Fixed Term,Suspended,HR205035,2028-05-10,VG004310,2031-06-03,2026-10-16,2025-05-29
EMP0250-20260916_214726,Elliot,White,matthewsjeffrey@example.com,1998-09-17,+4420 74960796,"70 Timothy Knolls
East Gordonville
G94 0JW",Male,Bluewater Community & Rehabilitation NHS Trust,Black,Barbados,Skilled Worker,Admin,Data Analyst,Emergency & Urgent Care,8A,29.45,2018-06-10,2018-07-15,20.0,0.53,HCPC,Bank,Active,IS578617,2030-09-01,IO474403,2031-03-30,2027-03-09,2018-07-01
EMP0251-20260916_214726,Terry,Williams,kahmed@example.org,1971-11-21,+44(0)114 4960038,"51 Collier Rue
West Caroline
W0 7LJ",Female,Riverbank General Hospitals NHS Trust,White,United Kingdom,British Citizen,Medical,SHO,Women & Children,SHO,26.71,2025-03-06,2025-04-17,20.0,0.53,HCPC,Permanent,On Leave,FM592498,2031-08-06,GU648672,2030-01-18,2026-11-18,2025-03-27
EMP0252-20260916_214726,Norman,Curtis,dorothy49@example.org,2006-02-18,(0161) 496 0754,"Flat 5
Lisa Burg
Vanessaville
DH38 3AA",Female,Horizon Integrated Health Partnership NHS Trust,Black,South Africa,ILR,Admin,Medical Secretary,Clinical Support Services,4,15.75,2021-07-28,2021-09-08,20.0,0.53,NMC,Bank,Active,WT599232,2029-06-02,BK176160,2028-05-16,2027-02-13,2021-08-18
EMP0253-20260916_214726,Julian,Matthews,barkeralexander@example.org,1981-09-20,01632 960 145,"9 Irene Plains
Rosemaryhaven
AB4 1TA",Female,Midlands Central Hospitals NHS Trust,Asian,India,Skilled Worker,Medical,Consultant,Emergency & Urgent Care,CONS,57.94,2020-01-15,2020-02-19,18.75,0.5,NMC,Permanent,On Leave,FI916788,2027-12-08,GF399300,2028-08-31,2027-04-13,2020-02-05
EMP0254-20260916_214726,Elliot,Hayward,leespencer@example.org,1982-02-14,(0114) 496 0907,"154 Carol Union
Jillshire
FK28 3UZ",Female,Northshire University Hospitals NHS Trust,White,United Kingdom,British Citizen,Medical,Consultant,Surgery & Cancer,CONS,63.34,2020-06-09,2020-07-07,37.5,1.0,NMC,Bank,Active,DZ942715,2031-05-26,AS937115,2027-02-14,2026-11-20,2020-06-30
EMP0255-20260916_214726,Paula,Bray,pickeringstewart@example.net,1996-04-07,+44(0)1514960121,"Flat 03B
Coleman Locks
Knowlesborough
DA77 1NE",Male,Bluewater Community & Rehabilitation NHS Trust,Black,South Africa,ILR,Medical,Consultant,Surgery & Cancer,CONS,67.38,2026-03-24,2026-05-05,30.0,0.8,NMC,Fixed Term,On Leave,LT203492,2031-04-08,XQ654917,2029-03-17,2026-09-17,2026-04-14
EMP0256-20260916_214726,Susan,Collins,fordconor@example.org,2003-02-09,(0909) 8790040,"Flat 28o
Russell Loaf
Port Jodiemouth
W2E 4JX",Female,Eastfield Psychological Services NHS Trust,Black,Ghana,Skilled Worker,Medical,FY1/FY2,Medicine & Acute Care,FY1,19.92,2019-03-21,2019-05-02,18.75,0.5,None,Permanent,Suspended,JP857095,2031-07-28,GA004946,2027-11-04,2027-02-24,2019-04-11
EMP0257-20260916_214726,Catherine,Newton,waynehenry@example.net,1968-09-09,+44(0)117 496 0332,"2 Whitehead Tunnel
Graceberg
L57 2LX",Male,Eastmoor Teaching Hospitals NHS Trust,Black,South Africa,Skilled Worker,Admin,Receptionist,Women & Children,3,15.05,2023-06-13,2023-07-25,18.75,0.5,NMC,Permanent,Suspended,TZ054668,2028-10-20,CT009427,2028-07-04,2027-01-20,2023-07-04
EMP0258-20260916_214726,Kate,Scott,victor10@example.com,2005-11-01,(0909) 879 0433,"39 Hill Neck
Douglaston
SR30 5QF",Male,Northwood Mental Health NHS Trust,White,Australia,Dependent,Nursing,Ward Manager,Women & Children,8A,34.97,2021-12-26,2022-01-30,37.5,1.0,GMC,Bank,Suspended,WI903353,2029-11-25,CD506840,2030-01-14,2027-02-11,2022-01-16
EMP0259-20260916_214726,Charlie,Thompson,clive78@example.org,1984-05-28,+44(0)115 496 0207,"Studio 57
Cox Circles
Benbury
GY8W 2RR",Male,Southvale Hospitals NHS Trust,Black,Ghana,British Citizen,AHP,Pharmacist,Medicine & Acute Care,5,20.97,2026-08-30,2026-10-11,30.0,0.8,HCPC,Fixed Term,On Leave,UO303933,2027-03-27,HF007779,2027-12-28,2027-06-07,2026-09-20
EMP0260-20260916_214726,Albert,Lambert,melissadickinson@example.org,2005-06-30,0114 496 0716,"327 Dawn Estate
Lorrainestad
G2W 6HS",Female,Northwood Mental Health NHS Trust,Mixed,Canada,Skilled Worker,Medical,GP,Surgery & Cancer,GP,54.5,2023-12-27,2024-02-07,18.75,0.5,NMC,Permanent,Suspended,TS909214,2027-04-19,OE632591,2028-04-17,2027-03-18,2024-01-17
EMP0261-20260916_214726,Albert,Roberts,nicholsongillian@example.org,1965-03-11,0121 496 0585,"Flat 42
Weston Crest
Lake Geoffreytown
BN12 3LD",Male,Southvale Hospitals NHS Trust,Mixed,China,Dependent,Medical,GP,Emergency & Urgent Care,GP,52.2,2021-07-17,2021-08-14,30.0,0.8,GMC,Fixed Term,On Leave,YZ024732,2029-06-18,XZ259350,2029-06-13,2026-12-19,2021-08-07
EMP0262-20260916_214726,Jennifer,Parsons,foconnor@example.org,2005-06-13,0151 4960136,"37 Wilson Lock
Port Kimberleyborough
DN6 9JB",Female,Oakridge Community Services NHS Trust,Black,Trinidad and Tobago,Skilled Worker,Medical,FY1/FY2,Surgery & Cancer,FY1,20.2,2025-08-14,2025-09-11,37.5,1.0,NMC,Bank,Inactive,MG159463,2030-07-15,DX008572,2028-02-07,2027-07-03,2025-09-04
EMP0263-20260916_214726,Jonathan,Hunter,lmclean@example.net,1981-11-20,(0118) 496 0823,"Studio 8
Gregory Village
East Marcus
PO29 7JZ",Female,Westmere Community Health NHS Trust,White,New Zealand,Dependent,Medical,Consultant,Surgery & Cancer,CONS,51.4,2018-05-17,2018-06-28,37.5,1.0,NMC,Bank,On Leave,LK466455,2028-01-25,AI850961,2029-10-27,2027-05-21,2018-06-07
EMP0264-20260916_214726,Toby,Fox,jay36@example.com,2007-10-14,+441414960549,"Flat 61
Poole Spur
Evansmouth
G5S 1GE",Male,Westmere Community Health NHS Trust,Asian,China,Skilled Worker,Admin,Receptionist,Medicine & Acute Care,3,14.81,2026-02-16,2026-03-23,18.75,0.5,None,Bank,Active,FN458965,2031-02-03,QW872948,2030-06-27,2026-12-05,2026-03-09
EMP0265-20260916_214726,Jayne,Johnson,wilkinsonabdul@example.org,1979-12-27,+441174960347,"Studio 98
Freeman Crest
Batesstad
S5S 1YF",Female,Meadowbrook Community Health NHS Trust,Black,Jamaica,Skilled Worker,Medical,SHO,Surgery & Cancer,SHO,28.14,2025-01-11,2025-02-22,15.0,0.4,NMC,Fixed Term,On Leave,SA985225,2029-03-24,WA711503,2026-12-01,2027-07-26,2025-02-01
EMP0266-20260916_214726,Olivia,Jackson,fwhittaker@example.net,2001-03-07,0141 496 0548,"Studio 19
Reid Square
East Rachel
N13 9BT",Female,Westmere Community Health NHS Trust,Mixed,India,Skilled Worker,Admin,Medical Secretary,Surgery & Cancer,4,18.51,2026-07-24,2026-09-04,15.0,0.4,NMC,Bank,On Leave,DQ112623,2028-07-04,PF287237,2028-09-02,2027-06-13,2026-08-14
EMP0267-20260916_214726,Jacob,Grant,samuel98@example.net,2000-01-17,+44306 999 0606,"305 Carolyn Street
Raymondberg
OL1V 3GP",Female,Hillcrest Medical Centres NHS Trust,White,United Kingdom,Skilled Worker,AHP,Occupational Therapist,Surgery & Cancer,6,23.39,2020-02-28,2020-03-27,20.0,0.53,None,Permanent,Suspended,CW648919,2029-10-03,EE966830,2028-12-17,2027-09-09,2020-03-20
EMP0268-20260916_214726,Lauren,Baker,timothy71@example.com,1965-02-10,+441184960906,"3 Liam Neck
Port Petermouth
RH7 2ZW",Male,Northshire University Hospitals NHS Trust,Mixed,United Kingdom,British Citizen,AHP,Occupational Therapist,Clinical Support Services,6,26.92,2019-01-08,2019-02-19,30.0,0.8,NMC,Permanent,Inactive,QZ138040,2031-04-18,PH582139,2030-08-20,2027-09-07,2019-01-29
EMP0269-20260916_214726,Melanie,Jones,sallywilliamson@example.org,1995-02-16,+44(0)121 4960982,"Studio 7
Mandy Creek
Oliverbury
M85 6RP",Male,Westmere Community Health NHS Trust,Asian,Japan,British Citizen,Nursing,Senior Staff Nurse,Emergency & Urgent Care,6,27.11,2019-02-14,2019-03-28,30.0,0.8,GMC,Permanent,Inactive,TB612015,2026-11-20,QN536229,2028-05-06,2027-01-24,2019-03-07
EMP0270-20260916_214726,Donald,Ali,wrightluke@example.org,1960-10-07,+44(0)1154960784,"942 June Divide
South Bradleyville
PO84 1LL",Female,Broadfield Clinical Services NHS Trust,Mixed,South Africa,Skilled Worker,Admin,Medical Secretary,Emergency & Urgent Care,4,18.19,2024-07-25,2024-08-29,18.75,0.5,GMC,Permanent,On Leave,UJ033918,2027-06-19,HB244759,2031-03-26,2027-09-04,2024-08-15
EMP0271-20260916_214726,Claire,Ward,roybentley@example.org,1967-06-11,+449098790432,"035 Owen Camp
Brettbury
G7 7SX",Male,Valleyview Mental Wellness NHS Trust,Mixed,Jamaica,Skilled Worker,Admin,Receptionist,Emergency & Urgent Care,3,14.29,2018-11-03,2018-12-08,15.0,0.4,None,Fixed Term,Suspended,UX143251,2027-10-30,NH528582,2031-06-17,2026-09-29,2018-11-24
EMP0272-20260916_214726,Daniel,Berry,abigail64@example.org,2006-06-18,+44121 4960065,"Flat 81P
Josephine Estates
Port Matthew
G0T 4AW",Female,Meadowbrook Community Health NHS Trust,White,New Zealand,Dependent,AHP,Physiotherapist,Women & Children,6,26.93,2018-10-09,2018-11-13,20.0,0.53,NMC,Permanent,Inactive,FI137750,2028-12-15,DC842328,2030-04-13,2027-02-09,2018-10-30
EMP0273-20260916_214726,Malcolm,Holloway,chelseamorgan@example.net,2006-09-16,0121 496 0777,"Studio 4
Barrett Freeway
Connortown
WA54 3LU",Female,Southgate Community & Mental Health NHS Trust,Mixed,Australia,British Citizen,Medical,GP,Corporate Services,GP,52.56,2017-05-23,2017-06-27,20.0,0.53,None,Bank,Active,YU970253,2027-10-20,MX983861,2028-03-20,2026-12-08,2017-06-13
EMP0274-20260916_214726,Barry,Bryan,seanharrison@example.com,1986-12-19,(0909)8790915,"23 French Ridge
Maxland
AB97 2DZ",Male,Westmere Community Health NHS Trust,White,United States,British Citizen,Admin,Receptionist,Emergency & Urgent Care,3,15.68,2021-05-23,2021-07-04,30.0,0.8,None,Permanent,Suspended,XG520145,2031-05-12,JA477476,2029-06-24,2026-10-11,2021-06-13
EMP0275-20260916_214726,Julie,French,kayleighthompson@example.com,2005-03-16,+44191 4960098,"Studio 13r
Thomas Forges
New Sara
E8 8XA",Male,Bluewater Community & Rehabilitation NHS Trust,Mixed,New Zealand,ILR,Medical,GP,Women & Children,GP,58.34,2025-01-07,2025-02-18,18.75,0.5,NMC,Bank,Inactive,AI903764,2030-12-08,EJ682769,2027-05-28,2026-10-01,2025-01-28
EMP0276-20260916_214726,Jack,Foster,kayjoan@example.com,1979-12-07,+44(0)1314960149,"Studio 72
White Wall
New Royborough
S94 3UL",Male,Riverbank General Hospitals NHS Trust,Mixed,South Africa,ILR,Admin,Receptionist,Medicine & Acute Care,3,15.87,2020-03-16,2020-04-27,15.0,0.4,None,Permanent,Active,LM593385,2028-08-24,LM675796,2028-06-06,2027-05-27,2020-04-06
EMP0277-20260916_214726,John,Roberts,eday@example.org,1967-05-27,+44909 879 0338,"Studio 93L
Short Dale
North Alanshire
W01 9SF",Female,Northwood Mental Health NHS Trust,Black,Ghana,British Citizen,Nursing,Healthcare Assistant,Surgery & Cancer,2,14.34,2018-12-08,2019-01-19,18.75,0.5,NMC,Bank,Suspended,CN852831,2029-04-09,RW647748,2030-11-12,2026-11-14,2018-12-29
EMP0278-20260916_214726,Mohammad,Edwards,johnsonvalerie@example.org,1961-04-05,+4420 7496 0519,"97 Wallace Tunnel
South Grace
B71 5DG",Male,Westmere Community Health NHS Trust,Black,Jamaica,British Citizen,Medical,SHO,Women & Children,SHO,29.37,2018-04-07,2018-05-19,37.5,1.0,None,Permanent,Inactive,YY270881,2031-05-19,VI819540,2031-03-14,2027-07-12,2018-04-28
EMP0279-20260916_214726,George,Horton,kimmarsh@example.org,1988-03-03,+44(0)1914960174,"Studio 67
Dawson Fields
Sianchester
SO25 4DY",Male,Northwood Mental Health NHS Trust,Mixed,Ghana,ILR,AHP,Speech Therapist,Surgery & Cancer,6,26.84,2019-10-18,2019-11-15,30.0,0.8,GMC,Fixed Term,On Leave,SQ861094,2028-06-13,TT663933,2030-12-23,2027-08-12,2019-11-08
EMP0280-20260916_214726,Aimee,Day,hayley96@example.com,1972-02-03,(0306)9990934,"816 Spencer Key
South Sarah
E0 7ST",Female,Riverside Integrated Care NHS Trust,Asian,Japan,ILR,Admin,Receptionist,Corporate Services,3,13.63,2019-12-10,2020-01-07,30.0,0.8,GMC,Fixed Term,Inactive,AC242865,2031-05-18,HN320211,2030-08-14,2027-06-12,2019-12-31
EMP0281-20260916_214726,Timothy,Murphy,jack72@example.net,1991-09-19,+44(0)306 9990728,"Studio 3
Carroll Squares
West Cameron
ME0 7JT",Male,Broadfield Clinical Services NHS Trust,White,New Zealand,ILR,Medical,SHO,Medicine & Acute Care,SHO,25.76,2023-05-26,2023-06-23,30.0,0.8,HCPC,Bank,On Leave,CL659027,2028-11-03,LA020467,2031-03-24,2026-11-02,2023-06-16
EMP0282-20260916_214726,Joyce,Morgan,cameronmiller@example.net,2007-02-10,+44(0)115 496 0443,"Studio 3
Barnett Divide
Daviestown
B95 2LS",Male,Bluewater Community & Rehabilitation NHS Trust,Black,South Africa,ILR,Medical,Registrar,Corporate Services,SPR,41.21,2018-02-02,2018-03-02,20.0,0.53,NMC,Permanent,Active,ET689773,2029-02-26,BV741123,2027-02-02,2027-01-30,2018-02-23
EMP0283-20260916_214726,Billy,Thompson,alexanderjones@example.org,1965-05-24,0306 999 0832,"Flat 58e
Stephens Course
Melissahaven
GU2 9YJ",Female,Midlands Central Hospitals NHS Trust,Black,Kenya,ILR,Admin,Medical Secretary,Surgery & Cancer,4,15.88,2025-09-07,2025-10-19,18.75,0.5,GMC,Fixed Term,Suspended,LX811115,2030-12-07,US305789,2030-03-09,2027-05-23,2025-09-28
EMP0284-20260916_214726,Teresa,Barnes,lwilson@example.org,1968-09-10,01632960147,"6 Hutchinson Rapid
New Charlene
BL2H 1DN",Female,Meadowbrook Community Health NHS Trust,Mixed,New Zealand,British Citizen,Nursing,Senior Staff Nurse,Critical Care & Anaesthesia,6,26.15,2025-10-15,2025-11-12,30.0,0.8,HCPC,Fixed Term,Active,PC080544,2029-11-10,ZN846366,2026-11-23,2027-08-18,2025-11-05
EMP0285-20260916_214726,Pamela,Hussain,sgiles@example.net,2006-11-11,+44(0)292018411,"36 Ian Dale
Lindseymouth
G4J 6SP",Male,Riverside Integrated Care NHS Trust,Asian,Thailand,British Citizen,Admin,Medical Secretary,Medicine & Acute Care,4,17.97,2024-03-13,2024-04-10,18.75,0.5,GMC,Bank,On Leave,EJ224211,2028-05-02,CC451723,2028-12-07,2027-01-10,2024-04-03
EMP0286-20260916_214726,Eric,Walton,ashleigh12@example.net,1983-01-07,+441614960396,"Flat 1
Martin Station
Robertschester
SG72 9RZ",Female,Riverbank General Hospitals NHS Trust,Mixed,South Africa,ILR,AHP,Occupational Therapist,Clinical Support Services,6,25.86,2021-02-24,2021-03-31,20.0,0.53,GMC,Permanent,Active,IP267951,2028-12-23,JB883803,2031-07-01,2026-11-28,2021-03-17
EMP0287-20260916_214726,Leanne,Howells,dean17@example.com,1989-05-31,028 9018358,"926 Johnson Mountains
West Jodie
M42 6AB",Male,Bluewater Community & Rehabilitation NHS Trust,Mixed,Australia,British Citizen,AHP,Pharmacist,Critical Care & Anaesthesia,5,20.52,2020-06-10,2020-07-22,30.0,0.8,GMC,Permanent,On Leave,AL122492,2030-04-13,AX236873,2030-09-15,2026-11-23,2020-07-01
EMP0288-20260916_214726,Keith,Taylor,roger98@example.net,2005-04-24,+44161 4960324,"493 Wood Manors
Port Charlie
NN2M 5BJ",Female,Westmere Community Health NHS Trust,White,United States,ILR,Nursing,Healthcare Assistant,Surgery & Cancer,2,12.75,2024-01-22,2024-02-26,18.75,0.5,NMC,Fixed Term,Suspended,KA911067,2030-07-10,PH702277,2030-04-21,2026-11-01,2024-02-12
EMP0289-20260916_214726,Maria,Palmer,smithedward@example.com,1962-08-24,02074960003,"Flat 17
Hamilton Harbors
Leeville
W8A 9FR",Male,Valleyview Mental Wellness NHS Trust,Mixed,Thailand,British Citizen,Admin,Medical Secretary,Surgery & Cancer,4,15.93,2017-06-26,2017-08-07,15.0,0.4,HCPC,Bank,Active,IS751799,2028-03-03,XC971293,2030-09-12,2027-04-15,2017-07-17
EMP0290-20260916_214726,Louis,Thornton,aaronroberts@example.com,1991-05-23,(0114) 496 0091,"Studio 0
Ashley Plains
West Howardton
B0 3BQ",Female,Riverside Integrated Care NHS Trust,Mixed,South Africa,ILR,Medical,GP,Women & Children,GP,57.7,2020-10-20,2020-11-17,20.0,0.53,None,Permanent,Suspended,SF221426,2028-07-25,MF815578,2028-12-11,2026-12-09,2020-11-10
EMP0291-20260916_214726,Kerry,Ball,smithdaniel@example.org,1990-05-19,0117 496 0292,"7 Hollie Knoll
New Abigail
L9W 4XT",Male,Broadfield Clinical Services NHS Trust,Mixed,Jamaica,ILR,Admin,Receptionist,Women & Children,3,13.95,2017-09-10,2017-10-08,30.0,0.8,HCPC,Bank,Suspended,MF199713,2028-05-06,HH217263,2030-05-20,2027-04-14,2017-10-01
EMP0292-20260916_214726,Jacob,King,leeadam@example.org,1970-06-12,(0114) 4960230,"Flat 0
Adams Bridge
New Abbie
CA3V 9RS",Male,Eastfield Psychological Services NHS Trust,Black,Barbados,Dependent,Nursing,Nursery Nurse,Clinical Support Services,2,14.24,2024-04-06,2024-05-11,18.75,0.5,None,Fixed Term,On Leave,LO319000,2028-05-22,FD112128,2031-07-23,2027-06-14,2024-04-27
EMP0293-20260916_214726,Kevin,Ball,lynn76@example.com,1988-10-04,(0141) 4960145,"5 Smith View
Bethanyville
B5J 2AD",Male,Oakridge Community Services NHS Trust,Black,Kenya,Skilled Worker,Medical,Consultant,Medicine & Acute Care,CONS,58.33,2018-01-18,2018-02-15,18.75,0.5,GMC,Bank,On Leave,HU942494,2026-12-16,DC371660,2027-03-09,2027-08-07,2018-02-08
EMP0294-20260916_214726,Stephanie,Harrison,brucelee@example.net,1989-03-20,+4428 9018 0175,"Flat 8
Wilson Cliff
Davidsonborough
LD35 0HX",Male,Valleyview Mental Wellness NHS Trust,White,United States,Skilled Worker,AHP,Radiographer,Clinical Support Services,6,26.54,2023-05-23,2023-06-20,15.0,0.4,NMC,Fixed Term,Active,IP727130,2030-11-13,FG907231,2028-08-29,2026-09-16,2023-06-13
EMP0295-20260916_214726,Stewart,Cook,erichall@example.net,1972-12-13,+44(0)909 8790601,"Flat 87
Harper Burgs
West Jenniferport
N14 9QD",Female,Southgate Community & Mental Health NHS Trust,White,United States,ILR,Medical,Consultant,Medicine & Acute Care,CONS,66.44,2019-05-12,2019-06-23,15.0,0.4,GMC,Permanent,Inactive,QC112398,2028-04-25,LL264961,2028-07-15,2027-06-08,2019-06-02
EMP0296-20260916_214726,Danielle,Rice,ballcameron@example.com,1989-05-05,+44115 496 0952,"Flat 10c
Thompson Loop
Davieston
SN14 4QY",Male,Riverbank General Hospitals NHS Trust,Mixed,Jamaica,British Citizen,Admin,Data Analyst,Women & Children,8A,31.76,2019-08-18,2019-09-15,37.5,1.0,NMC,Bank,On Leave,EY866481,2031-07-20,LL326210,2028-09-09,2026-10-22,2019-09-08
EMP0297-20260916_214726,Elliot,Jones,sophielewis@example.org,1994-10-17,+44(0)1414960256,"Flat 26s
Conor Coves
Lake Juliastad
WD8 6PT",Female,Lakeside District Hospitals NHS Trust,Mixed,Japan,ILR,Medical,Consultant,Surgery & Cancer,CONS,57.23,2017-04-07,2017-05-05,18.75,0.5,NMC,Permanent,Suspended,YB227031,2027-07-13,VI608842,2028-07-21,2027-09-11,2017-04-28
EMP0298-20260916_214726,June,Parkes,maxlucas@example.org,1978-11-23,+441914960648,"Studio 63
Debra Stravenue
Joeburgh
AL2V 1WE",Male,Northwood Mental Health NHS Trust,Asian,Japan,Skilled Worker,Admin,Receptionist,Medicine & Acute Care,3,13.48,2025-07-27,2025-08-31,30.0,0.8,GMC,Bank,Suspended,IS582473,2027-02-22,FD996504,2031-04-21,2027-09-15,2025-08-17
EMP0299-20260916_214726,Francis,Stephenson,mary49@example.org,1975-08-06,0114 4960519,"34 Derek Neck
Quinnville
N97 3EJ",Male,Greenhaven Acute & Specialist Care NHS Trust,White,New Zealand,ILR,Medical,GP,Emergency & Urgent Care,GP,57.03,2021-01-02,2021-02-13,37.5,1.0,NMC,Bank,Inactive,PP345053,2028-01-24,PY162136,2031-02-26,2026-11-01,2021-01-23
EMP0300-20260916_214726,Mathew,Davey,edwardsmary@example.net,1968-11-08,+44909 8790737,"28 Alan Falls
Lake Beverleymouth
WR4 1DA",Male,Eastfield Psychological Services NHS Trust,White,United Kingdom,Dependent,AHP,Speech Therapist,Critical Care & Anaesthesia,6,28.17,2020-12-28,2021-02-01,18.75,0.5,NMC,Permanent,Active,VG888452,2027-12-29,XX782743,2031-07-23,2026-12-25,2021-01-18
EMP0301-20260916_214726,Sarah,Morgan,grantterence@example.com,1987-09-14,+44161 496 0077,"49 Kimberley Skyway
North Mary
KY3 8AS",Female,Hillcrest Medical Centres NHS Trust,Black,Ghana,British Citizen,Nursing,Nursery Nurse,Clinical Support Services,2,14.31,2019-01-10,2019-02-21,20.0,0.53,HCPC,Fixed Term,Inactive,XM099927,2026-10-03,ED948200,2027-09-15,2027-02-05,2019-01-31
EMP0302-20260916_214726,Josh,Brennan,brianmorgan@example.net,1982-08-17,(0116) 496 0010,"Flat 0
Nathan Path
Harrisland
N1F 9JL",Female,Hillcrest Medical Centres NHS Trust,Asian,Japan,Skilled Worker,Nursing,Ward Manager,Women & Children,8A,29.75,2020-12-29,2021-01-26,18.75,0.5,HCPC,Bank,On Leave,AE757272,2029-02-15,FY824882,2029-06-23,2027-06-20,2021-01-19
EMP0303-20260916_214726,Jennifer,Warner,alexanderpatel@example.net,1982-07-06,+44(0)2074960853,"Studio 62A
Rebecca Course
Carlychester
L2U 1AJ",Male,Riverbank General Hospitals NHS Trust,White,Canada,British Citizen,Nursing,Nursery Nurse,Surgery & Cancer,2,14.0,2021-10-21,2021-12-02,20.0,0.53,None,Bank,Inactive,LL448491,2028-10-18,LC646116,2029-05-16,2026-10-06,2021-11-11
EMP0304-20260916_214726,Lorraine,Little,garryyoung@example.com,2007-01-11,0117 496 0599,"2 Cooper Via
Lake Stephanie
CH25 7TR",Female,Riverside Integrated Care NHS Trust,Black,Nigeria,ILR,Nursing,Charge Nurse,Medicine & Acute Care,7,31.68,2018-06-21,2018-07-26,37.5,1.0,NMC,Fixed Term,Suspended,MW809696,2027-05-16,GA518451,2029-03-27,2026-12-10,2018-07-12
EMP0305-20260916_214726,Ian,Hughes,parryallan@example.com,1984-03-27,03069990318,"Studio 16u
Zoe Path
East Mauricemouth
W4 0QZ",Male,Westborough Acute Care NHS Trust,White,United Kingdom,Dependent,AHP,Radiographer,Surgery & Cancer,6,24.11,2025-01-06,2025-02-17,18.75,0.5,NMC,Bank,Active,WC387556,2027-03-12,EH538701,2029-08-17,2027-08-26,2025-01-27
EMP0306-20260916_214726,Liam,Gray,davidsonantony@example.org,1976-09-21,+44191 496 0769,"4 Carole Passage
Lake Katherinehaven
CT17 5PP",Male,Lakeside District Hospitals NHS Trust,Black,Nigeria,Dependent,Medical,SHO,Emergency & Urgent Care,SHO,24.54,2018-03-23,2018-05-04,15.0,0.4,HCPC,Bank,On Leave,IC087806,2029-05-22,HA419506,2029-08-05,2027-07-17,2018-04-13
EMP0307-20260916_214726,Roy,Barton,adrian61@example.com,1963-12-21,+44(0)1144960429,"1 O'Brien Radial
North Julian
BA3 7PJ",Female,Westborough Acute Care NHS Trust,Black,Nigeria,Dependent,Admin,Medical Secretary,Emergency & Urgent Care,4,16.07,2023-09-09,2023-10-14,30.0,0.8,None,Permanent,Inactive,FH038196,2029-04-27,GA581774,2030-06-22,2026-12-14,2023-09-30
EMP0308-20260916_214726,Melissa,Stephenson,robert07@example.com,2000-12-08,+44(0)151 496 0759,"Studio 21
Allen Tunnel
Lake Dawnberg
G5 2LR",Female,Northwood Mental Health NHS Trust,Asian,India,Dependent,AHP,Speech Therapist,Medicine & Acute Care,6,27.38,2018-09-28,2018-11-02,37.5,1.0,NMC,Permanent,Inactive,CI244479,2027-03-20,XB745129,2027-09-18,2027-04-27,2018-10-19
EMP0309-20260916_214726,Cheryl,Atkinson,amber71@example.org,1995-06-23,+44(0)113 4960389,"Flat 02
Rhodes Keys
Marcusberg
E24 1JH",Male,Westborough Acute Care NHS Trust,Asian,Thailand,ILR,Nursing,Ward Manager,Corporate Services,8A,32.72,2018-10-28,2018-12-09,30.0,0.8,GMC,Fixed Term,Active,OD268873,2030-02-28,UR976691,2029-11-04,2027-02-08,2018-11-18
EMP0310-20260916_214726,Terence,Jones,julian33@example.net,2002-02-03,0117 4960414,"782 Arthur Landing
Parsonsfort
W4C 4YN",Female,Eastfield Psychological Services NHS Trust,White,Australia,ILR,Admin,Receptionist,Medicine & Acute Care,3,14.24,2021-03-28,2021-05-02,15.0,0.4,None,Fixed Term,Inactive,BH379212,2028-09-28,UV355333,2031-04-08,2027-04-13,2021-04-18
EMP0311-20260916_214726,Lawrence,Thompson,schamberlain@example.net,1987-05-08,+44117 496 0004,"076 Harriet Common
East Elizabethborough
W86 8AJ",Male,Riverside Integrated Care NHS Trust,White,United Kingdom,British Citizen,Medical,Registrar,Surgery & Cancer,SPR,38.67,2016-10-05,2016-11-09,30.0,0.8,HCPC,Bank,Active,VI993660,2029-05-10,DN104454,2029-02-25,2027-08-09,2016-10-26
EMP0312-20260916_214726,Leon,Perkins,greeneileen@example.net,1989-03-29,01154960593,"9 Wright Fields
Clarkborough
SS9 5HX",Male,Meadowbrook Community Health NHS Trust,Asian,Japan,Dependent,Medical,FY1/FY2,Clinical Support Services,FY1,20.78,2024-01-03,2024-02-07,37.5,1.0,GMC,Permanent,Inactive,JV914839,2027-04-11,GO209456,2030-07-17,2027-08-09,2024-01-24
EMP0313-20260916_214726,Louise,Holt,mbaxter@example.com,1979-04-19,01154960463,"7 Leigh Point
South Christianchester
RH27 5YR",Female,Midlands Central Hospitals NHS Trust,Mixed,United States,Skilled Worker,Admin,Administrator,Emergency & Urgent Care,3,14.61,2021-03-23,2021-04-27,20.0,0.53,HCPC,Bank,Suspended,LT425846,2027-09-12,UW833090,2029-09-28,2026-10-30,2021-04-13
EMP0314-20260916_214726,Nicholas,Williams,griffithschristopher@example.org,1963-05-16,+44(0)1164960632,"3 Griffin Summit
New Paigeville
CR58 4AD",Female,Eastfield Psychological Services NHS Trust,Mixed,Jamaica,Skilled Worker,Nursing,Nursery Nurse,Critical Care & Anaesthesia,2,13.22,2024-04-08,2024-05-13,37.5,1.0,None,Bank,Inactive,YB860629,2028-01-09,YT481599,2030-08-05,2027-08-20,2024-04-29
EMP0315-20260916_214726,Leah,Birch,jasonsmith@example.net,2001-09-22,+44(0)1914960699,"Flat 22X
Hayley Ferry
Hartleyport
TD2N 1YT",Male,Northshire University Hospitals NHS Trust,White,New Zealand,Dependent,Admin,Medical Secretary,Medicine & Acute Care,4,18.75,2026-05-01,2026-05-29,30.0,0.8,None,Fixed Term,Inactive,GK120441,2031-03-26,QY417921,2026-10-19,2027-06-27,2026-05-22
EMP0316-20260916_214726,Frank,Shaw,jacqueline51@example.org,1963-01-18,+44(0)118 496 0676,"Flat 88
Gareth Groves
Sandratown
E5 6TY",Male,Riverside Integrated Care NHS Trust,Black,Jamaica,British Citizen,Medical,FY1/FY2,Women & Children,FY1,21.52,2024-05-22,2024-06-26,15.0,0.4,None,Fixed Term,Suspended,OL121677,2031-07-03,VJ540277,2028-12-15,2026-09-17,2024-06-12
EMP0317-20260916_214726,Ronald,Black,francescapowell@example.net,2004-12-03,+44114 496 0487,"Studio 25r
Allen Court
Woodsshire
B6 1HT",Female,Eastfield Psychological Services NHS Trust,Asian,India,Skilled Worker,AHP,Physiotherapist,Critical Care & Anaesthesia,6,23.83,2022-02-25,2022-04-08,18.75,0.5,HCPC,Fixed Term,Suspended,KD433563,2030-03-15,SH316884,2028-06-30,2027-01-01,2022-03-18
EMP0318-20260916_214726,Leslie,Green,lesliewilliams@example.net,1975-09-03,+44(0)306 999 0431,"Studio 2
Hicks Club
New Amanda
SY8M 5ZU",Male,Eastmoor Teaching Hospitals NHS Trust,Mixed,Thailand,ILR,Nursing,Staff Nurse,Critical Care & Anaesthesia,5,21.39,2025-10-28,2025-12-02,37.5,1.0,NMC,Fixed Term,Inactive,ZS846192,2026-11-24,TV874547,2028-05-22,2027-04-26,2025-11-18
EMP0319-20260916_214726,Kirsty,Lane,roger07@example.net,1980-09-17,+44(0)1514960563,"Flat 09
Parker Point
West Chelseahaven
HD02 1WF",Female,Southgate Community & Mental Health NHS Trust,White,United Kingdom,British Citizen,Medical,Consultant,Women & Children,CONS,55.77,2026-01-18,2026-03-01,15.0,0.4,GMC,Fixed Term,Suspended,ZI218840,2026-12-24,ZU761636,2028-09-28,2027-06-12,2026-02-08
EMP0320-20260916_214726,Damien,Ford,dennissmith@example.net,1963-03-13,01514960012,"50 Peter Rest
West Kylemouth
NP4 2FW",Male,Oakridge Community Services NHS Trust,White,Australia,ILR,Nursing,Charge Nurse,Medicine & Acute Care,7,30.29,2024-07-08,2024-08-05,30.0,0.8,NMC,Permanent,On Leave,AJ726360,2031-01-11,BP327657,2028-05-21,2027-08-07,2024-07-29
EMP0321-20260916_214726,Andrea,King,nicholas94@example.com,1992-02-19,0306 9990294,"518 Joanne Mission
North Hayley
SW8V 8PJ",Female,Northshire University Hospitals NHS Trust,Asian,Japan,Skilled Worker,AHP,Pharmacist,Corporate Services,5,19.09,2020-01-31,2020-02-28,20.0,0.53,None,Bank,Suspended,LA564547,2028-04-15,IW297161,2028-12-18,2027-03-08,2020-02-21
EMP0322-20260916_214726,Charles,Morgan,henry53@example.net,1991-02-22,+44(0)1134960755,"Flat 73
Stewart Village
New Stanley
LE68 6BQ",Male,Eastmoor Teaching Hospitals NHS Trust,White,Canada,Skilled Worker,Admin,Receptionist,Clinical Support Services,3,14.18,2026-03-28,2026-05-02,37.5,1.0,HCPC,Fixed Term,Inactive,SM044347,2031-04-13,AW498225,2027-02-25,2027-08-21,2026-04-18
EMP0323-20260916_214726,Mary,Holland,kathleen20@example.net,1987-12-11,(0131) 4960491,"Studio 11
Dale Landing
Elliottstad
SL31 6ZB",Female,Lakeside District Hospitals NHS Trust,White,Canada,Dependent,AHP,Radiographer,Corporate Services,6,25.29,2019-03-31,2019-04-28,30.0,0.8,GMC,Fixed Term,On Leave,JI575253,2027-12-04,DZ459044,2027-03-29,2027-04-19,2019-04-21
EMP0324-20260916_214726,Anna,Clarke,brownkelly@example.net,1966-08-04,+44(0)113 4960775,"550 Olivia Glens
East Eileen
LE53 0TP",Male,Midlands Central Hospitals NHS Trust,Asian,India,British Citizen,AHP,Speech Therapist,Corporate Services,6,25.86,2018-09-03,2018-10-01,15.0,0.4,NMC,Fixed Term,Active,FG930582,2027-03-04,SM302562,2027-05-16,2027-08-05,2018-09-24
EMP0325-20260916_214726,Antony,Robertson,michael11@example.net,1998-06-01,+44808 1570273,"5 Dylan Forge
Cliffordton
G5 6JZ",Female,Riverside Integrated Care NHS Trust,Mixed,Kenya,Skilled Worker,AHP,Physiotherapist,Surgery & Cancer,6,28.06,2025-10-08,2025-11-12,15.0,0.4,GMC,Permanent,Inactive,VQ133588,2029-01-23,RY505380,2028-07-18,2027-02-01,2025-10-29
EMP0326-20260916_214726,Hilary,Faulkner,keith93@example.org,1995-04-19,+44(0)131 496 0083,"Studio 52
Dale Forks
Harrisstad
B2 0WR",Female,Northshire University Hospitals NHS Trust,White,Canada,Skilled Worker,Nursing,Ward Manager,Clinical Support Services,8A,33.66,2020-09-15,2020-10-20,18.75,0.5,GMC,Permanent,Active,EB349329,2030-02-16,XV613381,2028-01-26,2027-03-16,2020-10-06
EMP0327-20260916_214726,Phillip,Watson,fowlerluke@example.org,2004-12-30,01144960259,"6 Bell Port
Russellstad
E0B 5BQ",Male,Eastfield Psychological Services NHS Trust,White,Australia,Skilled Worker,Admin,Receptionist,Emergency & Urgent Care,3,14.76,2019-06-10,2019-07-08,37.5,1.0,HCPC,Fixed Term,Suspended,EW752215,2031-08-30,FF034121,2027-08-26,2027-01-15,2019-07-01
EMP0328-20260916_214726,Sian,Humphries,pearcenorman@example.net,1979-06-01,(0118)4960943,"45 Carr Isle
Harperview
LN2R 8XN",Female,Lakeside District Hospitals NHS Trust,Mixed,Japan,Skilled Worker,AHP,Physiologist,Clinical Support Services,6,25.29,2024-12-08,2025-01-12,30.0,0.8,GMC,Bank,Active,WF508322,2029-05-18,VS624116,2029-07-06,2026-10-25,2024-12-29
EMP0329-20260916_214726,Charlotte,Cooper,lorraineroberts@example.org,1981-01-20,+44(0)1184960152,"Studio 01
Bond Expressway
North Royborough
N2 8GB",Male,Southvale Hospitals NHS Trust,White,Australia,ILR,Admin,Administrator,Medicine & Acute Care,3,14.22,2026-03-05,2026-04-16,20.0,0.53,NMC,Fixed Term,Inactive,DR964064,2027-03-10,KU799175,2027-04-09,2027-05-27,2026-03-26
EMP0330-20260916_214726,Irene,Roberts,dennisparker@example.org,2001-09-23,(0113)4960254,"Flat 73
Jennings Spring
Garyport
LL67 3HU",Female,Broadfield Clinical Services NHS Trust,Mixed,Barbados,Skilled Worker,Admin,Receptionist,Critical Care & Anaesthesia,3,15.58,2025-12-11,2026-01-22,20.0,0.53,GMC,Bank,On Leave,UB578635,2028-04-07,CU426681,2029-04-02,2027-05-12,2026-01-01
EMP0331-20260916_214726,Billy,Hughes,diane57@example.com,1973-12-07,+44(0)1134960051,"906 Martin Lane
Tobyborough
L3D 1PP",Male,Meadowbrook Community Health NHS Trust,Asian,China,Skilled Worker,Admin,Receptionist,Medicine & Acute Care,3,16.03,2017-03-02,2017-04-06,15.0,0.4,NMC,Bank,Inactive,LT075828,2028-02-16,PF246440,2027-10-16,2027-01-15,2017-03-23
EMP0332-20260916_214726,Howard,Bradley,jasmine84@example.org,1982-05-13,+44141 496 0184,"99 Wayne Trace
Paulastad
BR5 4YZ",Female,Riverbank General Hospitals NHS Trust,White,Canada,British Citizen,AHP,Physiotherapist,Critical Care & Anaesthesia,6,27.07,2023-05-09,2023-06-06,20.0,0.53,GMC,Bank,Active,IA204084,2029-07-21,WV831572,2029-04-30,2027-02-21,2023-05-30
EMP0333-20260916_214726,Phillip,Preston,donnabaker@example.com,1968-11-13,(028) 9018871,"Studio 51W
Oliver Cove
Deniseville
BL1H 7SA",Male,Hillcrest Medical Centres NHS Trust,White,Australia,ILR,Medical,SHO,Women & Children,SHO,24.69,2020-10-17,2020-11-21,18.75,0.5,None,Bank,Suspended,CM158263,2029-11-02,SQ701186,2030-11-13,2027-07-10,2020-11-07
EMP0334-20260916_214726,Rachel,Richards,stuart63@example.com,1980-07-18,+44115 496 0312,"4 Hartley Meadow
South Karenstad
M4W 8ZF",Male,Broadfield Clinical Services NHS Trust,White,Australia,Skilled Worker,Admin,Administrator,Medicine & Acute Care,3,14.42,2023-03-27,2023-05-08,30.0,0.8,HCPC,Permanent,On Leave,EH210232,2027-06-26,JS183368,2031-03-20,2027-07-28,2023-04-17
EMP0335-20260916_214726,Lesley,Whitehouse,alison68@example.org,1964-12-29,+44141 496 0951,"3 Campbell Ranch
Lake Kellyburgh
EN43 7UY",Male,Southvale Hospitals NHS Trust,Mixed,Kenya,ILR,AHP,Pharmacist,Corporate Services,5,19.8,2019-04-01,2019-04-29,30.0,0.8,HCPC,Fixed Term,On Leave,MB156796,2027-09-27,YF615158,2028-01-19,2027-05-23,2019-04-22
EMP0336-20260916_214726,Jayne,Thorpe,ztodd@example.net,1981-06-22,(0115) 4960738,"90 Clifford Stravenue
Doddville
L8S 3AL",Male,Midlands Central Hospitals NHS Trust,White,New Zealand,Skilled Worker,Admin,Medical Secretary,Emergency & Urgent Care,4,16.65,2023-05-26,2023-06-30,18.75,0.5,NMC,Permanent,Active,UV907189,2026-11-24,VI854739,2029-09-03,2027-06-22,2023-06-16
EMP0337-20260916_214726,Keith,Robson,trevor06@example.org,1965-09-24,+44141 4960488,"66 Lawson Highway
Abdulland
L0U 0FT",Female,Northwood Mental Health NHS Trust,Black,Kenya,Skilled Worker,Nursing,Ward Manager,Medicine & Acute Care,8A,32.89,2020-02-27,2020-04-02,30.0,0.8,HCPC,Fixed Term,Inactive,EI812975,2027-04-11,PP135454,2028-03-03,2027-04-20,2020-03-19
EMP0338-20260916_214726,Gary,Houghton,slewis@example.net,1980-09-17,+44(0)1134960842,"969 Shannon Bypass
Lake Carolynshire
E4A 5RP",Female,Westmere Community Health NHS Trust,Black,Barbados,ILR,Nursing,Nursery Nurse,Corporate Services,2,13.73,2021-08-05,2021-09-02,30.0,0.8,None,Fixed Term,On Leave,PG489355,2026-09-27,NS319797,2030-06-30,2026-09-27,2021-08-26
EMP0339-20260916_214726,Harry,Johnson,wwilliams@example.net,1969-07-26,+44(0)161 4960022,"400 Stephen Forge
East Claremouth
N91 2AA",Female,Southvale Hospitals NHS Trust,Mixed,Barbados,ILR,Admin,Receptionist,Surgery & Cancer,3,15.1,2018-02-18,2018-04-01,15.0,0.4,GMC,Permanent,Suspended,VF379586,2028-07-07,RU009475,2028-08-05,2026-11-20,2018-03-11
EMP0340-20260916_214726,Nicholas,Parker,hortonnicholas@example.com,2000-06-12,0113 4960732,"Studio 74
Tom Fort
Elliotthaven
S5W 7JD",Male,Broadfield Clinical Services NHS Trust,Black,South Africa,Skilled Worker,Admin,Receptionist,Medicine & Acute Care,3,15.93,2018-06-03,2018-07-01,37.5,1.0,GMC,Fixed Term,Active,WM422215,2028-04-24,WV640750,2029-12-21,2027-03-29,2018-06-24
EMP0341-20260916_214726,Julie,Farmer,brookeshugh@example.com,1993-05-25,+44(0)292018083,"Flat 21
Paul Springs
Seanside
DH35 7QQ",Male,Greenhaven Acute & Specialist Care NHS Trust,Black,Barbados,ILR,Nursing,Charge Nurse,Surgery & Cancer,7,33.03,2022-06-29,2022-07-27,15.0,0.4,HCPC,Permanent,Inactive,ZW064520,2029-05-21,DY443005,2029-01-20,2027-07-13,2022-07-20
EMP0342-20260916_214726,Helen,Gordon,whall@example.com,1980-11-25,(0121) 4960266,"Studio 67
Charles Junctions
East Charlotte
E1H 1BB",Female,Horizon Integrated Health Partnership NHS Trust,Black,South Africa,British Citizen,AHP,Radiographer,Emergency & Urgent Care,6,26.58,2017-07-23,2017-08-20,30.0,0.8,HCPC,Bank,Suspended,EG554083,2030-05-13,HO547221,2027-06-20,2027-04-27,2017-08-13
EMP0343-20260916_214726,Dawn,McDonald,zkelly@example.net,1993-03-22,(01632) 960 924,"8 Bell Lake
Aimeechester
E0D 5SZ",Male,Southgate Community & Mental Health NHS Trust,White,Canada,British Citizen,Medical,Consultant,Clinical Support Services,CONS,62.29,2026-08-29,2026-09-26,18.75,0.5,GMC,Permanent,On Leave,ZK014195,2030-11-28,LP151131,2030-10-02,2027-01-06,2026-09-19
EMP0344-20260916_214726,Gail,Norton,trevor52@example.com,1981-12-10,(0909) 879 0585,"Studio 80G
Macdonald Club
Zoeshire
OL9 9ZF",Female,Hillcrest Medical Centres NHS Trust,White,Canada,Dependent,Admin,Receptionist,Critical Care & Anaesthesia,3,14.84,2017-08-19,2017-09-16,30.0,0.8,GMC,Fixed Term,Inactive,QW900893,2031-03-04,WB264151,2026-10-23,2026-10-20,2017-09-09
EMP0345-20260916_214726,Anne,Powell,robertsongary@example.com,2001-06-20,+44115 4960832,"Studio 26
Ross Well
Yvonneland
W5D 8HY",Male,Greenhaven Acute & Specialist Care NHS Trust,White,United States,Skilled Worker,Medical,GP,Corporate Services,GP,50.76,2021-05-04,2021-06-01,30.0,0.8,NMC,Permanent,Inactive,FZ216155,2030-03-06,TP215707,2029-11-28,2026-11-18,2021-05-25
EMP0346-20260916_214726,Alexander,Howell,thomas25@example.com,2004-05-08,+44161 4960898,"Studio 0
Edwards Port
Duncanshire
DH13 9DT",Female,Northwood Mental Health NHS Trust,White,United Kingdom,ILR,AHP,Occupational Therapist,Surgery & Cancer,6,27.64,2017-06-03,2017-07-08,37.5,1.0,None,Fixed Term,Inactive,JN047151,2029-02-05,IH767242,2030-09-05,2027-08-27,2017-06-24
EMP0347-20260916_214726,Vanessa,Ashton,wsmith@example.org,1964-11-30,+44(0)9098790803,"Flat 14
Parkes Flats
Taylorchester
WF3 2QE",Female,Eastfield Psychological Services NHS Trust,White,New Zealand,ILR,Nursing,Charge Nurse,Clinical Support Services,7,29.48,2023-06-16,2023-07-14,15.0,0.4,NMC,Bank,Active,MF920028,2030-12-10,ON028239,2029-01-23,2027-08-13,2023-07-07
EMP0348-20260916_214726,Clare,Farmer,hgray@example.org,1994-03-21,+44(0)1914960617,"Flat 70
Sian Rue
Bennettmouth
W0T 2WP",Female,Meadowbrook Community Health NHS Trust,Asian,Japan,British Citizen,Admin,Data Analyst,Women & Children,8A,29.23,2021-11-06,2021-12-18,20.0,0.53,NMC,Permanent,Inactive,QN840075,2030-03-01,NY952439,2031-03-14,2027-07-09,2021-11-27
EMP0349-20260916_214726,Katherine,Wright,walshanne@example.net,1963-09-29,(0909) 8790094,"40 Hurst Ways
North Douglas
LL5 9FH",Male,Hillcrest Medical Centres NHS Trust,Black,Nigeria,British Citizen,Nursing,Staff Nurse,Corporate Services,5,22.74,2022-04-16,2022-05-21,18.75,0.5,None,Fixed Term,On Leave,VU659287,2030-07-31,AS940645,2030-10-26,2026-11-17,2022-05-07
EMP0350-20260916_214726,Deborah,Hopkins,amyyoung@example.com,1991-04-08,+44(0)3069990657,"456 King Ville
Bethanyhaven
N73 2UJ",Female,Horizon Integrated Health Partnership NHS Trust,Mixed,Ghana,ILR,Admin,Administrator,Medicine & Acute Care,3,15.48,2018-10-05,2018-11-09,18.75,0.5,None,Permanent,On Leave,UY725554,2030-09-27,UD485266,2028-05-05,2027-01-24,2018-10-26
EMP0351-20260916_214726,Alexander,Bray,owensalan@example.org,1988-02-14,+44(0)116 4960036,"Studio 9
Fry Burg
South Jeffreyfort
NW56 6JL",Male,Riverside Integrated Care NHS Trust,Mixed,New Zealand,ILR,Admin,Medical Secretary,Clinical Support Services,4,18.12,2020-05-29,2020-07-03,15.0,0.4,HCPC,Fixed Term,On Leave,XZ002419,2027-02-22,EZ143634,2030-06-06,2027-02-14,2020-06-19
EMP0352-20260916_214726,Charles,Parker,scotthenderson@example.org,1968-10-24,029 2018314,"Studio 53
Maureen Fort
East Amelia
B23 2BJ",Male,Northshire University Hospitals NHS Trust,Asian,Japan,Dependent,AHP,Pharmacist,Women & Children,5,21.18,2021-04-11,2021-05-09,30.0,0.8,NMC,Bank,Active,SH981487,2028-01-21,XN434900,2028-07-25,2027-05-09,2021-05-02
EMP0353-20260916_214726,Philip,Gray,andrewdavies@example.org,1996-07-08,+4429 2018 0463,"Studio 61T
Ryan Valleys
Chloestad
RG47 2LS",Male,Hillcrest Medical Centres NHS Trust,Asian,Japan,Dependent,Nursing,Staff Nurse,Corporate Services,5,19.78,2018-10-31,2018-12-12,37.5,1.0,None,Fixed Term,On Leave,ZW630332,2031-01-14,KV037093,2031-08-22,2027-02-13,2018-11-21
EMP0354-20260916_214726,Stephen,Evans,millerolivia@example.org,1997-06-09,0121 496 0407,"8 Cox Trail
Woodwardtown
NG3B 5WB",Male,Hillcrest Medical Centres NHS Trust,Asian,Thailand,Dependent,AHP,Physiotherapist,Women & Children,6,26.94,2021-03-02,2021-03-30,20.0,0.53,HCPC,Bank,Inactive,TA267451,2027-11-19,KR211453,2030-07-28,2027-05-22,2021-03-23
EMP0355-20260916_214726,Neil,Pearce,gbegum@example.net,1967-12-04,+4420 74960045,"Flat 8
Irene Lakes
South Rachelborough
W0 3PE",Male,Hillcrest Medical Centres NHS Trust,Black,South Africa,Dependent,Medical,SHO,Corporate Services,SHO,26.63,2018-05-27,2018-07-01,15.0,0.4,HCPC,Bank,Inactive,NL666231,2026-10-23,XB307033,2027-03-01,2027-08-24,2018-06-17
EMP0356-20260916_214726,Kathryn,Smith,wrightmaureen@example.org,1983-01-22,+44(0)151 496 0757,"85 Lisa Fords
Dorothyfurt
N6D 0WN",Male,Horizon Integrated Health Partnership NHS Trust,White,Australia,Dependent,Admin,Medical Secretary,Critical Care & Anaesthesia,4,16.0,2016-11-16,2016-12-28,30.0,0.8,HCPC,Permanent,Suspended,AL953953,2029-05-20,UT008315,2029-09-29,2027-07-31,2016-12-07
EMP0357-20260916_214726,Deborah,Green,michellewilson@example.com,2002-01-27,0909 8790008,"184 Carole Stravenue
East Joetown
L4W 7BZ",Male,Northshire University Hospitals NHS Trust,Asian,Japan,ILR,Admin,Data Analyst,Women & Children,8A,33.14,2021-01-13,2021-02-10,18.75,0.5,GMC,Bank,Inactive,ZQ516884,2030-03-27,DW661599,2030-11-13,2027-06-29,2021-02-03
EMP0358-20260916_214726,Karl,Marshall,paulacooke@example.net,2003-10-05,0191 498 0746,"Flat 01g
Gareth Glen
Leeport
DN0W 4TA",Female,Bluewater Community & Rehabilitation NHS Trust,Black,South Africa,Dependent,Admin,Administrator,Surgery & Cancer,3,15.41,2019-07-31,2019-08-28,18.75,0.5,None,Fixed Term,Suspended,CU234144,2030-07-12,SU732181,2026-12-10,2026-11-22,2019-08-21
EMP0359-20260916_214726,Carole,Jones,justinbooth@example.org,1961-05-17,+44(0)151 496 0958,"45 Morris Lodge
Lake Fionaport
E1G 0UA",Male,Bluewater Community & Rehabilitation NHS Trust,White,Canada,Skilled Worker,AHP,Radiographer,Corporate Services,6,23.7,2024-08-07,2024-09-18,20.0,0.53,None,Permanent,On Leave,QC257174,2026-11-12,TC551499,2029-08-11,2027-01-09,2024-08-28
EMP0360-20260916_214726,Scott,Stephenson,reedalexandra@example.org,1980-04-25,+441514960083,"Studio 4
Abbie Stream
Hussainview
G9F 8YX",Female,Oakridge Community Services NHS Trust,Asian,Japan,Dependent,AHP,Speech Therapist,Critical Care & Anaesthesia,6,24.22,2023-05-05,2023-06-16,18.75,0.5,None,Fixed Term,Suspended,SP528504,2027-08-26,XY264916,2029-08-04,2026-10-17,2023-05-26
EMP0361-20260916_214726,Eileen,Martin,robertsonjeffrey@example.org,1974-02-04,(029) 2018 0007,"Studio 7
Robinson Forest
Powellfurt
HG74 9RN",Male,Meadowbrook Community Health NHS Trust,Black,Kenya,ILR,Nursing,Staff Nurse,Women & Children,5,20.31,2019-04-20,2019-06-01,15.0,0.4,HCPC,Permanent,On Leave,QO998051,2027-06-09,NX507718,2031-02-08,2027-08-14,2019-05-11
EMP0362-20260916_214726,Jane,Lawrence,yedwards@example.net,1965-12-08,0292018115,"Studio 11N
Nelson Trace
West Marie
B98 8YS",Male,Broadfield Clinical Services NHS Trust,Black,Nigeria,ILR,Nursing,Nursery Nurse,Surgery & Cancer,2,12.98,2021-11-03,2021-12-08,20.0,0.53,None,Fixed Term,Inactive,PQ733642,2031-07-22,LF385652,2027-05-23,2027-05-29,2021-11-24
EMP0363-20260916_214726,Melanie,Smith,marydaniels@example.net,1987-06-12,(0116) 4960246,"245 Kelly Track
Tomstad
S53 1AN",Male,Eastmoor Teaching Hospitals NHS Trust,Asian,Thailand,Skilled Worker,Medical,Registrar,Clinical Support Services,SPR,37.07,2019-12-25,2020-02-05,20.0,0.53,NMC,Fixed Term,Active,MQ725192,2030-08-24,KQ051250,2029-12-05,2027-06-15,2020-01-15
EMP0364-20260916_214726,Thomas,Wall,hpowell@example.net,1967-02-27,+44121 4960313,"9 Brandon Pike
New Clairefurt
SG8B 2SJ",Male,Southgate Community & Mental Health NHS Trust,Mixed,China,Skilled Worker,Medical,SHO,Corporate Services,SHO,26.92,2020-04-27,2020-06-08,37.5,1.0,NMC,Permanent,On Leave,SD417584,2027-12-23,VY459627,2029-03-06,2027-02-03,2020-05-18
EMP0365-20260916_214726,Aaron,Lambert,ian69@example.com,1987-09-06,0121 496 0481,"2 Mitchell Parkway
New Brian
IG78 8NE",Female,Riverside Integrated Care NHS Trust,Mixed,Trinidad and Tobago,ILR,AHP,Speech Therapist,Emergency & Urgent Care,6,27.39,2025-04-13,2025-05-25,18.75,0.5,HCPC,Permanent,Suspended,ZW969982,2028-12-07,KQ663481,2030-04-09,2027-04-13,2025-05-04
EMP0366-20260916_214726,Leon,Shaw,molly52@example.org,2006-11-20,0909 8790999,"98 Marian Brook
North Emily
DL8 7AN",Female,Eastfield Psychological Services NHS Trust,Mixed,New Zealand,Dependent,Admin,Receptionist,Medicine & Acute Care,3,16.14,2017-04-15,2017-05-13,18.75,0.5,NMC,Bank,On Leave,PH533336,2030-05-20,LF458543,2031-02-13,2027-08-09,2017-05-06
EMP0367-20260916_214726,Bethany,Smith,iporter@example.net,2007-03-08,+44(0)1314960103,"074 Stuart Ways
Gregoryhaven
SG7 6TW",Female,Westmere Community Health NHS Trust,Asian,China,Skilled Worker,Nursing,Nursery Nurse,Surgery & Cancer,2,13.14,2021-04-21,2021-05-19,20.0,0.53,GMC,Bank,On Leave,GL647102,2031-08-14,VE146002,2030-05-21,2026-09-28,2021-05-12
EMP0368-20260916_214726,Jack,Mahmood,swatson@example.com,1974-09-12,01184960847,"05 Kelly Radial
Ameliamouth
TS30 8SB",Female,Westmere Community Health NHS Trust,Asian,Japan,Skilled Worker,AHP,Occupational Therapist,Emergency & Urgent Care,6,26.72,2021-05-28,2021-07-02,30.0,0.8,GMC,Bank,On Leave,YZ990370,2031-04-10,IC812415,2027-03-22,2026-11-21,2021-06-18
EMP0369-20260916_214726,Philip,Smith,wbrown@example.org,1962-03-11,(029)2018075,"Flat 56h
Ahmed Harbor
West Joyceville
FY9 2QX",Female,Westmere Community Health NHS Trust,Mixed,Jamaica,Skilled Worker,Medical,FY1/FY2,Surgery & Cancer,FY1,20.49,2026-05-15,2026-06-26,18.75,0.5,GMC,Bank,Inactive,LD573321,2030-04-22,IJ770330,2029-07-30,2026-09-29,2026-06-05
EMP0370-20260916_214726,Reece,Foster,fcooper@example.com,1987-08-17,0121 4960316,"Studio 78
Hill Course
Jamieland
OX2H 8ZG",Male,Bluewater Community & Rehabilitation NHS Trust,Black,South Africa,Dependent,Admin,Medical Secretary,Medicine & Acute Care,4,18.07,2020-08-11,2020-09-08,18.75,0.5,HCPC,Fixed Term,Active,VV281600,2027-11-02,YL496709,2028-07-23,2027-05-12,2020-09-01
EMP0371-20260916_214726,Abigail,Foster,dianabailey@example.com,2003-06-15,0117 4960108,"54 Lynn Drive
Lake Alicetown
W1 2QW",Male,Valleyview Mental Wellness NHS Trust,Black,South Africa,ILR,AHP,Physiotherapist,Emergency & Urgent Care,6,23.32,2024-10-12,2024-11-23,37.5,1.0,NMC,Fixed Term,Suspended,QQ281381,2029-05-17,ZH755779,2029-02-23,2027-04-01,2024-11-02
EMP0372-20260916_214726,Yvonne,Watts,taylorjason@example.net,1988-08-26,+44(0)113 4960961,"Studio 12
Glenn Cape
Hollyburgh
S19 0BQ",Female,Valleyview Mental Wellness NHS Trust,White,United States,British Citizen,Nursing,Staff Nurse,Women & Children,5,22.4,2018-10-26,2018-11-23,15.0,0.4,GMC,Fixed Term,Active,UR121706,2027-04-18,AQ324100,2030-09-01,2026-10-06,2018-11-16
EMP0373-20260916_214726,Lynn,Rogers,hilary14@example.com,1993-12-30,(0116) 4960289,"Flat 22v
Joyce Wells
Stuartbury
IM28 9LW",Male,Southgate Community & Mental Health NHS Trust,Mixed,Trinidad and Tobago,British Citizen,Nursing,Charge Nurse,Women & Children,7,26.74,2019-03-21,2019-04-18,20.0,0.53,NMC,Fixed Term,Active,AO780088,2029-11-13,RH291028,2030-07-18,2027-04-30,2019-04-11
EMP0374-20260916_214726,Lorraine,Rahman,francesca57@example.com,1983-05-28,(0117) 4960352,"Flat 71Q
Jennings Wells
North Angelafurt
W4 7HX",Female,Northwood Mental Health NHS Trust,Mixed,United Kingdom,British Citizen,Medical,Consultant,Critical Care & Anaesthesia,CONS,53.44,2021-06-27,2021-08-08,15.0,0.4,HCPC,Bank,On Leave,ZH588209,2029-11-07,YS281142,2027-09-23,2027-03-29,2021-07-18
EMP0375-20260916_214726,Russell,Lee,mathew79@example.net,1962-02-23,+44121 4960737,"Studio 43
Shannon Junction
North Louiseville
S2U 3XG",Male,Broadfield Clinical Services NHS Trust,Black,Kenya,Skilled Worker,Medical,Registrar,Corporate Services,SPR,35.11,2018-03-23,2018-04-20,20.0,0.53,None,Bank,Active,DZ973654,2029-10-09,BM696732,2030-10-21,2026-10-08,2018-04-13
EMP0376-20260916_214726,Carl,Kelly,qpalmer@example.com,1996-02-10,0151 4960125,"657 Jade Drive
Port Josh
BD9H 0BX",Female,Horizon Integrated Health Partnership NHS Trust,Asian,India,Skilled Worker,Admin,Administrator,Medicine & Acute Care,3,14.13,2017-08-09,2017-09-20,37.5,1.0,HCPC,Bank,On Leave,AV030553,2028-01-12,FW563101,2027-06-16,2027-04-13,2017-08-30
EMP0377-20260916_214726,Victor,Fox,thomastina@example.net,1963-05-05,+44(0)20 74960800,"Studio 86p
Dennis Ramp
East Georgehaven
E9 4DS",Female,Broadfield Clinical Services NHS Trust,Black,Nigeria,British Citizen,AHP,Occupational Therapist,Women & Children,6,27.66,2025-01-02,2025-01-30,20.0,0.53,HCPC,Bank,Suspended,VZ563860,2029-08-08,XO609724,2030-05-01,2026-12-17,2025-01-23
EMP0378-20260916_214726,Bethany,Khan,jacquelinemiller@example.org,1975-10-07,+44(0)161 496 0364,"18 Pearce Lane
South Connorhaven
L3T 7PN",Female,Riverbank General Hospitals NHS Trust,Mixed,Nigeria,British Citizen,Nursing,Nursery Nurse,Corporate Services,2,12.47,2024-11-12,2024-12-24,20.0,0.53,HCPC,Permanent,Inactive,KX506306,2031-05-26,ZU928045,2030-07-17,2027-05-17,2024-12-03
EMP0379-20260916_214726,Leanne,Lloyd,barnetteleanor@example.net,2005-12-30,+44117 496 0692,"Studio 4
Parsons Mills
East Gillian
DE63 4EH",Male,Riverbank General Hospitals NHS Trust,Mixed,Kenya,Dependent,Nursing,Nursery Nurse,Medicine & Acute Care,2,14.31,2019-10-28,2019-12-02,30.0,0.8,HCPC,Bank,Inactive,WO725853,2031-08-19,JE934134,2029-05-03,2026-10-03,2019-11-18
EMP0380-20260916_214726,Jonathan,Taylor,mollychapman@example.org,1970-07-01,(0808)1570812,"Flat 06F
Georgina Flats
Andrewshire
G8H 2FE",Female,Westborough Acute Care NHS Trust,Black,Trinidad and Tobago,ILR,Medical,Consultant,Women & Children,CONS,67.48,2025-05-21,2025-06-18,18.75,0.5,NMC,Bank,Active,PX283934,2029-09-30,KH695026,2027-04-13,2027-04-19,2025-06-11
EMP0381-20260916_214726,Philip,Hughes,michael93@example.com,1968-09-12,+44141 4960230,"14 Conway Ridges
Kierantown
M5 7JY",Female,Riverbank General Hospitals NHS Trust,Mixed,Japan,Dependent,Nursing,Senior Staff Nurse,Corporate Services,6,26.36,2026-05-06,2026-06-10,18.75,0.5,GMC,Fixed Term,Inactive,CS518400,2027-11-19,MF492966,2029-12-22,2027-08-17,2026-05-27
EMP0382-20260916_214726,Diana,Law,garyedwards@example.org,1966-04-28,+44(0)121 496 0178,"Studio 10
Joan Bridge
West Bethan
IP1 4EB",Male,Horizon Integrated Health Partnership NHS Trust,Black,Ghana,Dependent,AHP,Radiographer,Corporate Services,6,22.98,2023-03-19,2023-04-16,18.75,0.5,NMC,Bank,Suspended,SF770282,2029-12-25,OS935924,2031-06-06,2027-03-29,2023-04-09
EMP0383-20260916_214726,Damian,Iqbal,mhughes@example.net,1979-02-11,01632 960743,"Studio 6
Taylor Fall
Johnsonmouth
HG8 2FY",Male,Valleyview Mental Wellness NHS Trust,White,Australia,Dependent,Medical,SHO,Emergency & Urgent Care,SHO,25.06,2017-03-03,2017-03-31,30.0,0.8,None,Bank,Inactive,MW256788,2028-11-28,DE746120,2030-05-22,2026-11-15,2017-03-24
EMP0384-20260916_214726,Jeffrey,Barrett,ngoddard@example.org,1987-03-26,(0118) 496 0477,"89 Louise Street
Alexmouth
L0S 0RP",Male,Westborough Acute Care NHS Trust,Black,Jamaica,British Citizen,Medical,GP,Medicine & Acute Care,GP,53.1,2024-11-06,2024-12-04,37.5,1.0,NMC,Bank,On Leave,UW904120,2029-09-14,GY883213,2028-02-06,2026-10-06,2024-11-27
EMP0385-20260916_214726,Debra,Adams,francesca23@example.com,1994-07-19,(020)74960721,"Flat 68K
Amy Meadow
South Rachelside
E76 5YN",Female,Eastmoor Teaching Hospitals NHS Trust,White,Canada,British Citizen,Admin,Data Analyst,Surgery & Cancer,8A,32.46,2018-01-21,2018-02-18,30.0,0.8,None,Bank,Suspended,OE952379,2030-10-26,JB688204,2031-07-09,2027-04-16,2018-02-11
EMP0386-20260916_214726,Cheryl,Lee,kevans@example.net,1988-11-04,0131 496 0474,"1 June Falls
Duncanmouth
CW85 9LZ",Male,Bluewater Community & Rehabilitation NHS Trust,White,United Kingdom,British Citizen,Medical,GP,Clinical Support Services,GP,46.53,2026-05-30,2026-07-11,15.0,0.4,GMC,Bank,On Leave,SM702724,2030-10-27,IN292224,2030-05-24,2027-05-07,2026-06-20
EMP0387-20260916_214726,Bethany,Singh,greenwoodgeraldine@example.net,1994-10-28,+44(0)808 157 0804,"Studio 28
Mitchell Roads
South Jamiehaven
B31 7SN",Male,Westmere Community Health NHS Trust,Asian,Japan,Skilled Worker,Nursing,Ward Manager,Emergency & Urgent Care,8A,32.4,2021-01-06,2021-02-03,18.75,0.5,GMC,Bank,Active,GP350939,2028-09-28,RE845481,2031-03-02,2027-03-06,2021-01-27
EMP0388-20260916_214726,Jemma,Hill,lewiszoe@example.net,1994-08-26,+44116 4960117,"Flat 05j
Cheryl Circle
Lake Douglasport
HG95 4AD",Male,Lakeside District Hospitals NHS Trust,Asian,Japan,British Citizen,Admin,Administrator,Surgery & Cancer,3,14.52,2017-06-19,2017-07-24,20.0,0.53,GMC,Bank,Suspended,PM611161,2031-08-13,RY519418,2029-10-11,2027-08-12,2017-07-10
EMP0389-20260916_214726,Rosemary,Hall,scott42@example.org,1982-06-03,+44(0)1632 960 185,"7 Lowe Roads
East Jade
RG57 1BT",Female,Eastfield Psychological Services NHS Trust,White,United States,British Citizen,Medical,Registrar,Critical Care & Anaesthesia,SPR,34.92,2021-01-22,2021-03-05,37.5,1.0,None,Fixed Term,Suspended,DM639123,2028-01-26,DF117906,2031-06-05,2027-02-25,2021-02-12
EMP0390-20260916_214726,Michael,Boyle,bondconor@example.org,1978-05-25,+441144960014,"743 Lucy Light
Lake Ryan
ML31 1BP",Male,Northshire University Hospitals NHS Trust,Mixed,New Zealand,Dependent,Admin,Medical Secretary,Surgery & Cancer,4,15.49,2019-02-23,2019-03-30,15.0,0.4,HCPC,Permanent,Suspended,MM448095,2026-12-26,KY477741,2026-12-02,2027-05-26,2019-03-16
EMP0391-20260916_214726,Anna,Clarke,johnford@example.com,1985-02-15,01914960716,"Flat 1
Debra Plaza
South Danielville
EC34 6TW",Female,Oakridge Community Services NHS Trust,Black,Trinidad and Tobago,British Citizen,Nursing,Healthcare Assistant,Critical Care & Anaesthesia,2,12.64,2020-11-23,2020-12-21,15.0,0.4,HCPC,Bank,Active,ET571690,2030-11-02,CE007323,2031-07-03,2027-06-09,2020-12-14
EMP0392-20260916_214726,Pauline,Hall,othomas@example.com,1967-10-26,0118 4960744,"Flat 4
Morris Locks
West Kate
WC1 0JF",Female,Hillcrest Medical Centres NHS Trust,Mixed,India,Skilled Worker,Nursing,Staff Nurse,Women & Children,5,19.02,2019-06-25,2019-07-23,18.75,0.5,HCPC,Bank,Suspended,EM039310,2029-01-06,ME462268,2030-12-18,2027-02-02,2019-07-16
EMP0393-20260916_214726,Rita,Sanderson,arandall@example.net,1981-09-18,+44(0)141 4960590,"Flat 5
Campbell Neck
Baxterport
BS25 0DA",Female,Riverbank General Hospitals NHS Trust,White,New Zealand,Skilled Worker,Nursing,Charge Nurse,Emergency & Urgent Care,7,31.52,2017-09-30,2017-11-11,20.0,0.53,None,Fixed Term,On Leave,FR624378,2030-12-23,HX866739,2028-05-01,2027-08-24,2017-10-21
EMP0394-20260916_214726,Susan,George,philipmorris@example.com,2005-05-04,(0113)4960036,"Flat 3
Smith Ridge
Mohammedstad
NW2 5LD",Male,Riverside Integrated Care NHS Trust,White,New Zealand,ILR,Nursing,Healthcare Assistant,Emergency & Urgent Care,2,13.27,2017-01-22,2017-02-19,20.0,0.53,None,Bank,Inactive,MK422192,2027-10-09,GA948641,2027-03-06,2027-05-28,2017-02-12
EMP0395-20260916_214726,Terence,Doyle,smithrachael@example.net,1979-06-14,01214960795,"Studio 96
James Way
West Thomasborough
TQ8 5WZ",Female,Southvale Hospitals NHS Trust,Asian,Thailand,British Citizen,Nursing,Nursery Nurse,Corporate Services,2,13.31,2017-04-22,2017-05-20,20.0,0.53,NMC,Permanent,Active,TE942146,2027-08-23,LW596258,2030-04-24,2027-03-08,2017-05-13
EMP0396-20260916_214726,Jade,Stephens,conorlawrence@example.org,1984-12-23,+4420 74960584,"43 Rosie Lake
South Karen
M36 9UN",Male,Northwood Mental Health NHS Trust,Asian,China,Skilled Worker,Nursing,Senior Staff Nurse,Critical Care & Anaesthesia,6,27.19,2023-01-25,2023-03-01,20.0,0.53,None,Bank,Active,PW135640,2028-05-17,TY431288,2027-12-05,2027-05-18,2023-02-15
EMP0397-20260916_214726,Douglas,Taylor,donnawalters@example.net,1966-05-17,0191 4960063,"4 Brett Flat
North Shirley
W80 0YW",Female,Horizon Integrated Health Partnership NHS Trust,White,United States,Dependent,Admin,Administrator,Emergency & Urgent Care,3,14.15,2024-06-23,2024-08-04,30.0,0.8,NMC,Fixed Term,Inactive,HW246112,2031-04-06,ED417973,2028-06-12,2026-11-29,2024-07-14
EMP0398-20260916_214726,Beverley,Hicks,parkinsonharriet@example.net,1962-03-04,+44(0)141 496 0986,"Flat 68E
Scott Grove
Josephineton
G7 2UG",Female,Northwood Mental Health NHS Trust,Black,Trinidad and Tobago,Dependent,Admin,Medical Secretary,Emergency & Urgent Care,4,15.92,2018-09-21,2018-11-02,30.0,0.8,HCPC,Bank,Active,AT208500,2029-07-13,NX256302,2028-10-14,2027-06-28,2018-10-12
EMP0399-20260916_214726,Brenda,Bates,eowen@example.com,1992-10-31,(0113) 4960775,"Flat 27v
Hicks Mill
Port Sallyview
E5 6HD",Female,Eastfield Psychological Services NHS Trust,Mixed,Jamaica,ILR,Nursing,Nursery Nurse,Emergency & Urgent Care,2,13.97,2024-05-24,2024-06-21,30.0,0.8,HCPC,Permanent,Inactive,WK590899,2029-10-09,TL405663,2028-12-17,2027-06-28,2024-06-14
EMP0400-20260916_214726,Bruce,Reed,matthew20@example.org,1982-12-10,+44(0)8081570959,"29 Harris Plaza
East Sophiemouth
CV0N 9WA",Female,Lakeside District Hospitals NHS Trust,Asian,Japan,British Citizen,Admin,Administrator,Corporate Services,3,14.82,2019-09-09,2019-10-14,30.0,0.8,GMC,Bank,Suspended,RB097677,2029-09-23,NA909228,2027-10-09,2026-10-23,2019-09-30
EMP0401-20260916_214726,Sharon,Sheppard,jgeorge@example.net,1989-07-03,0114 496 0073,"Studio 2
Smith Ford
Goughside
DN7B 5XW",Male,Southvale Hospitals NHS Trust,White,United States,British Citizen,AHP,Physiotherapist,Clinical Support Services,6,26.01,2017-12-11,2018-01-22,37.5,1.0,NMC,Permanent,On Leave,CB455410,2030-02-07,HL251877,2031-08-12,2026-09-30,2018-01-01
EMP0402-20260916_214726,Norman,Thorpe,lstevenson@example.net,1992-12-08,020 74960438,"Studio 80
Max Via
Andersonfurt
FK2W 8UQ",Male,Eastmoor Teaching Hospitals NHS Trust,Mixed,Thailand,Skilled Worker,AHP,Physiologist,Surgery & Cancer,6,22.97,2022-09-18,2022-10-16,18.75,0.5,GMC,Fixed Term,Active,GS679894,2028-01-07,YP712806,2029-02-14,2027-05-09,2022-10-09
EMP0403-20260916_214726,Gerald,West,mitchellbernard@example.org,1988-04-15,+44(0)20 74960538,"Flat 6
Reeves Flat
Smithchester
DY0 1FG",Female,Hillcrest Medical Centres NHS Trust,White,Canada,Skilled Worker,AHP,Radiographer,Corporate Services,6,26.31,2025-04-27,2025-06-08,20.0,0.53,HCPC,Permanent,Active,SG573461,2031-06-09,JD341776,2030-05-15,2027-07-07,2025-05-18
EMP0404-20260916_214726,Jacob,Johnson,tadams@example.net,1991-06-13,(0808)1570091,"08 Jones Manor
Robinsonburgh
GY3M 0BH",Male,Oakridge Community Services NHS Trust,Black,Kenya,ILR,Nursing,Nursery Nurse,Corporate Services,2,13.62,2023-10-23,2023-11-27,37.5,1.0,GMC,Fixed Term,Active,UU345527,2026-10-04,WB447010,2030-09-13,2027-08-14,2023-11-13
EMP0405-20260916_214726,Graham,Smith,ksingh@example.org,1975-05-14,+44114 4960472,"982 Matthews Fords
North Rosieside
BB1 0PF",Male,Westborough Acute Care NHS Trust,Asian,Japan,Dependent,Medical,Consultant,Women & Children,CONS,62.37,2018-03-10,2018-04-21,30.0,0.8,GMC,Bank,On Leave,MW208521,2029-02-03,CK053443,2030-09-15,2027-09-02,2018-03-31
EMP0406-20260916_214726,Kate,Blake,tonyturner@example.com,2004-06-08,0161 496 0515,"Flat 2
Gerald Canyon
Smithmouth
HX3 0SU",Male,Southgate Community & Mental Health NHS Trust,Mixed,United States,British Citizen,Admin,Data Analyst,Medicine & Acute Care,8A,30.66,2018-11-29,2019-01-03,37.5,1.0,None,Permanent,Inactive,RS981865,2030-04-11,GB390636,2028-03-14,2026-10-29,2018-12-20
EMP0407-20260916_214726,Brandon,Wilkins,vsmith@example.net,1978-06-06,+44(0)113 496 0640,"486 Barton Village
West Erictown
M8 8PW",Male,Midlands Central Hospitals NHS Trust,White,United Kingdom,Dependent,Admin,Data Analyst,Clinical Support Services,8A,30.87,2024-05-29,2024-07-10,37.5,1.0,None,Permanent,On Leave,NS737918,2029-04-28,FI838042,2030-05-29,2027-08-08,2024-06-19
EMP0408-20260916_214726,Roger,Mills,ross76@example.com,1989-01-19,01174960737,"Studio 2
Harris Ports
Joanhaven
L8H 1SP",Male,Oakridge Community Services NHS Trust,Mixed,Kenya,Skilled Worker,Medical,Consultant,Critical Care & Anaesthesia,CONS,50.81,2025-09-03,2025-10-15,15.0,0.4,NMC,Fixed Term,Active,EN956433,2029-06-23,SA823897,2030-12-17,2027-03-22,2025-09-24
EMP0409-20260916_214726,Mathew,Smith,stevenbarnes@example.com,1999-02-18,+44151 4960747,"13 Robertson Stravenue
Quinnport
E68 5ZD",Female,Westmere Community Health NHS Trust,White,United States,Dependent,Admin,Receptionist,Women & Children,3,15.8,2025-08-14,2025-09-11,37.5,1.0,GMC,Permanent,Inactive,RB301178,2028-08-08,QH552868,2028-08-15,2026-10-17,2025-09-04
EMP0410-20260916_214726,Simon,Chambers,benjamin95@example.org,2000-06-21,+441214960602,"1 Ryan Lake
South Joe
DT6 4YN",Male,Northshire University Hospitals NHS Trust,Mixed,Australia,British Citizen,Nursing,Senior Staff Nurse,Clinical Support Services,6,27.12,2024-03-13,2024-04-17,18.75,0.5,None,Fixed Term,Active,UD499617,2030-12-08,ZZ645729,2029-10-11,2027-08-24,2024-04-03
EMP0411-20260916_214726,Tracy,Harrison,yatesjosh@example.org,1992-04-23,+44113 4960589,"1 Bell Fort
North Antonyside
CW5 6LB",Male,Greenhaven Acute & Specialist Care NHS Trust,White,New Zealand,ILR,Admin,Administrator,Women & Children,3,15.06,2018-04-20,2018-06-01,18.75,0.5,HCPC,Permanent,Suspended,UP422210,2030-01-20,HZ461625,2030-12-28,2026-10-29,2018-05-11
EMP0412-20260916_214726,Toby,Goddard,leejenna@example.net,1980-01-09,+44(0)121 4960356,"00 Khan Course
Lewistown
G1 9EY",Male,Midlands Central Hospitals NHS Trust,Mixed,South Africa,Dependent,Medical,SHO,Surgery & Cancer,SHO,26.59,2019-11-12,2019-12-10,20.0,0.53,None,Permanent,Active,DT021443,2028-11-08,CM647354,2029-06-22,2026-12-23,2019-12-03
EMP0413-20260916_214726,Roy,Little,abigailharrison@example.com,1970-02-16,+44(0)1632960065,"046 Cheryl Via
West Clivechester
CT6 1EE",Female,Riverside Integrated Care NHS Trust,Asian,Japan,British Citizen,Nursing,Staff Nurse,Corporate Services,5,21.46,2025-08-01,2025-09-05,30.0,0.8,None,Fixed Term,On Leave,XT105433,2029-10-04,PD432209,2031-06-22,2027-05-24,2025-08-22
EMP0414-20260916_214726,Aaron,Graham,estevens@example.com,1989-01-13,+44306 999 0448,"Studio 71
Martin Turnpike
East Douglasshire
RH5V 2TA",Female,Eastfield Psychological Services NHS Trust,Black,Barbados,ILR,Admin,Medical Secretary,Surgery & Cancer,4,17.25,2026-08-15,2026-09-19,30.0,0.8,GMC,Fixed Term,On Leave,OT101113,2031-03-16,UU930267,2031-07-21,2027-05-12,2026-09-05
EMP0415-20260916_214726,Alison,Freeman,billy52@example.com,1972-05-27,+44(0)118 4960891,"Flat 44
Green Camp
South Joanna
BH72 0FS",Female,Lakeside District Hospitals NHS Trust,White,New Zealand,Skilled Worker,Nursing,Healthcare Assistant,Medicine & Acute Care,2,13.47,2024-09-04,2024-10-09,37.5,1.0,GMC,Fixed Term,On Leave,PA827417,2031-05-18,YC154304,2027-01-28,2026-12-15,2024-09-25
EMP0416-20260916_214726,Stanley,Palmer,malcolm89@example.org,1997-07-30,+44(0)121 4960532,"788 Amelia Lodge
North Denistown
EC55 3YJ",Female,Broadfield Clinical Services NHS Trust,Black,Jamaica,British Citizen,Nursing,Ward Manager,Corporate Services,8A,30.62,2020-04-07,2020-05-05,18.75,0.5,GMC,Fixed Term,Suspended,FW920811,2028-05-21,VP888427,2029-09-07,2027-08-05,2020-04-28
EMP0417-20260916_214726,Anthony,Wilson,ashley84@example.com,1960-09-24,+44141 4960935,"Flat 67
Clare Parkways
Stephaniechester
SS79 5QX",Female,Valleyview Mental Wellness NHS Trust,White,New Zealand,British Citizen,Medical,GP,Surgery & Cancer,GP,58.35,2017-01-29,2017-03-05,30.0,0.8,HCPC,Fixed Term,Active,VW083254,2031-02-18,VR577809,2029-11-05,2026-10-15,2017-02-19
EMP0418-20260916_214726,Vanessa,Simpson,saunderskathleen@example.com,1964-05-19,+44(0)20 7496 0075,"1 Sarah Locks
Jordanberg
DA11 6FR",Female,Bluewater Community & Rehabilitation NHS Trust,White,Australia,ILR,Medical,Registrar,Surgery & Cancer,SPR,43.05,2021-12-18,2022-01-15,18.75,0.5,GMC,Fixed Term,Inactive,ZY683214,2029-08-05,IW669285,2030-01-26,2027-01-25,2022-01-08
EMP0419-20260916_214726,Russell,O'Neill,natasha60@example.com,1985-01-01,+441144960244,"53 Barber Center
West Sheilabury
TR8B 1RS",Male,Lakeside District Hospitals NHS Trust,Black,South Africa,Dependent,Medical,FY1/FY2,Emergency & Urgent Care,FY1,20.37,2026-02-18,2026-04-01,37.5,1.0,None,Fixed Term,Active,YD810542,2030-01-16,AQ441372,2029-06-05,2026-12-30,2026-03-11
EMP0420-20260916_214726,Melanie,Reed,fphillips@example.com,1961-04-08,+44(0)1632960172,"3 Miles Cliffs
Rowleyside
TR3 9YZ",Male,Westmere Community Health NHS Trust,White,Australia,British Citizen,Medical,Registrar,Emergency & Urgent Care,SPR,36.87,2019-01-26,2019-03-02,15.0,0.4,HCPC,Fixed Term,Active,BR032477,2028-11-25,EG885455,2030-05-04,2026-12-06,2019-02-16
EMP0421-20260916_214726,Georgina,Dobson,metcalfekatie@example.org,1963-06-25,(0118) 4960579,"7 Gary Burgs
North Stewartshire
B4 5QF",Male,Broadfield Clinical Services NHS Trust,Asian,Thailand,Skilled Worker,Medical,FY1/FY2,Surgery & Cancer,FY1,18.9,2020-07-18,2020-08-29,20.0,0.53,None,Permanent,Suspended,OH838707,2028-11-07,ZP534461,2029-11-02,2027-06-05,2020-08-08
EMP0422-20260916_214726,Darren,Martin,max44@example.net,1995-07-05,+44(0)131 4960817,"3 Edward Loaf
South Martin
CA2 6QA",Male,Broadfield Clinical Services NHS Trust,White,Australia,ILR,Admin,Data Analyst,Clinical Support Services,8A,29.11,2018-02-17,2018-03-31,18.75,0.5,None,Fixed Term,Active,ZS511516,2028-06-17,PR063581,2029-01-16,2027-08-19,2018-03-10
EMP0423-20260916_214726,Victor,Pritchard,qhenry@example.net,1997-04-25,(0141) 496 0017,"6 Evans Ranch
Mortonstad
B30 3QH",Male,Hillcrest Medical Centres NHS Trust,Mixed,Australia,British Citizen,Nursing,Ward Manager,Emergency & Urgent Care,8A,35.87,2020-09-18,2020-10-23,15.0,0.4,HCPC,Permanent,Inactive,KG383029,2030-09-14,LM709309,2028-08-03,2026-10-17,2020-10-09
EMP0424-20260916_214726,Lawrence,Taylor,debra43@example.com,1966-01-27,+44(0)1174960253,"2 Marcus Forge
Kennedyview
E4F 1AY",Male,Northshire University Hospitals NHS Trust,Mixed,Barbados,British Citizen,AHP,Occupational Therapist,Surgery & Cancer,6,27.78,2025-09-26,2025-10-31,20.0,0.53,GMC,Permanent,Suspended,YU391277,2027-01-03,DQ176806,2030-11-17,2026-12-15,2025-10-17
EMP0425-20260916_214726,James,John,lross@example.net,1966-07-07,+44161 4960682,"8 Philip Lodge
Wattshaven
WA1A 2YN",Female,Eastmoor Teaching Hospitals NHS Trust,White,United States,Skilled Worker,Medical,Registrar,Medicine & Acute Care,SPR,34.35,2021-05-30,2021-07-11,20.0,0.53,None,Fixed Term,Suspended,CL446812,2026-11-03,TX828040,2026-11-19,2027-09-03,2021-06-20
EMP0426-20260916_214726,Robin,Clark,bdavis@example.com,1991-04-29,(0191) 496 0262,"59 Tracy Roads
Barnettmouth
G18 9AN",Female,Bluewater Community & Rehabilitation NHS Trust,Mixed,Trinidad and Tobago,ILR,AHP,Physiologist,Surgery & Cancer,6,27.16,2021-08-25,2021-09-22,37.5,1.0,NMC,Permanent,Active,RJ026112,2031-08-04,WO394076,2027-12-16,2027-04-01,2021-09-15
EMP0427-20260916_214726,Joan,Fowler,raymondrose@example.org,2006-07-09,(0117) 496 0400,"355 Williams Mission
Knightstad
HR2 3HT",Female,Eastfield Psychological Services NHS Trust,White,Australia,ILR,AHP,Pharmacist,Women & Children,5,22.52,2018-11-07,2018-12-19,15.0,0.4,GMC,Bank,Active,RB641593,2028-03-30,GQ029581,2030-06-14,2026-11-30,2018-11-28
EMP0428-20260916_214726,Olivia,Austin,gwilkinson@example.net,1961-09-10,+44(0)117 496 0901,"5 Palmer Street
Griffinstad
CV50 8EQ",Female,Southvale Hospitals NHS Trust,Mixed,United Kingdom,Skilled Worker,AHP,Physiotherapist,Women & Children,6,23.88,2018-03-04,2018-04-15,37.5,1.0,NMC,Permanent,On Leave,CT983307,2029-05-16,ZA106696,2027-12-09,2027-07-12,2018-03-25
EMP0429-20260916_214726,Leslie,Howell,shannon15@example.com,1964-04-03,(0113)4960331,"47 Susan Circle
West Christopher
LU3 4TG",Female,Northwood Mental Health NHS Trust,Mixed,United Kingdom,Dependent,Nursing,Charge Nurse,Medicine & Acute Care,7,32.89,2023-01-15,2023-02-19,30.0,0.8,HCPC,Bank,Active,YV356844,2028-06-26,HZ918447,2031-07-12,2027-08-01,2023-02-05
EMP0430-20260916_214726,Josh,King,blakechelsea@example.com,2005-10-01,0115 496 0543,"Flat 64j
Moore Square
Wrightberg
PE7 3HQ",Female,Northwood Mental Health NHS Trust,White,United Kingdom,ILR,Medical,SHO,Emergency & Urgent Care,SHO,26.68,2017-06-14,2017-07-19,15.0,0.4,HCPC,Bank,Suspended,JI076374,2029-03-06,IF636291,2029-10-25,2027-08-28,2017-07-05
EMP0431-20260916_214726,Jordan,Kaur,jamie55@example.com,1985-03-22,(0909)8790320,"4 Danny Bypass
Connorhaven
N7U 4UH",Female,Westborough Acute Care NHS Trust,Black,Nigeria,Dependent,Medical,FY1/FY2,Critical Care & Anaesthesia,FY1,20.98,2023-02-23,2023-03-23,18.75,0.5,None,Fixed Term,Suspended,CP213188,2027-05-07,LE002420,2029-08-21,2026-12-04,2023-03-16
EMP0432-20260916_214726,Gordon,Ali,brucemorley@example.org,1972-05-25,(0808) 157 0085,"Studio 28
Wheeler Road
North Bretthaven
LS0 0ER",Male,Northshire University Hospitals NHS Trust,Asian,Thailand,Dependent,AHP,Radiographer,Medicine & Acute Care,6,25.53,2016-10-15,2016-11-19,18.75,0.5,None,Fixed Term,Inactive,PZ031341,2030-01-02,CK813500,2027-12-02,2027-01-05,2016-11-05
EMP0433-20260916_214726,Graham,Williams,glensmith@example.com,1963-04-12,+441174960447,"Studio 00y
Terry Common
Joshuaview
E9D 1RT",Female,Southgate Community & Mental Health NHS Trust,Asian,China,Dependent,Medical,Registrar,Corporate Services,SPR,42.08,2026-07-16,2026-08-13,37.5,1.0,NMC,Permanent,Inactive,FW756401,2029-02-09,DX991747,2030-12-19,2027-05-23,2026-08-06
EMP0434-20260916_214726,Albert,Horton,etaylor@example.org,1971-01-03,+4429 2018 0625,"0 Lindsey Shoal
Stephensfurt
M6B 8XG",Male,Eastfield Psychological Services NHS Trust,Mixed,China,Dependent,Medical,Consultant,Clinical Support Services,CONS,59.88,2019-12-08,2020-01-19,30.0,0.8,None,Permanent,Inactive,QS710130,2027-10-10,RU755248,2030-07-07,2027-07-11,2019-12-29
EMP0435-20260916_214726,Lauren,Turner,gregorycarey@example.org,1982-05-31,01614960945,"Studio 40u
Phillips Parkway
Port Charlottetown
EC8Y 6BF",Male,Lakeside District Hospitals NHS Trust,Asian,India,Skilled Worker,Admin,Data Analyst,Corporate Services,8A,33.7,2024-05-26,2024-06-23,30.0,0.8,GMC,Fixed Term,Active,YB577359,2029-12-04,YB196656,2027-10-31,2027-02-25,2024-06-16
EMP0436-20260916_214726,Shaun,Sanders,jonesvincent@example.net,1996-10-04,+44(0)306 9990134,"04 Kieran Well
Nortonchester
S25 6SS",Male,Hillcrest Medical Centres NHS Trust,Mixed,South Africa,ILR,Medical,Consultant,Medicine & Acute Care,CONS,66.32,2019-03-02,2019-03-30,20.0,0.53,None,Fixed Term,On Leave,YB723736,2027-04-03,WF170736,2031-08-04,2027-05-10,2019-03-23
EMP0437-20260916_214726,Danielle,Walker,amy61@example.net,1981-08-13,+44(0)114 4960272,"4 Richardson Run
Coxstad
HR0H 9LT",Male,Hillcrest Medical Centres NHS Trust,Mixed,Canada,Dependent,AHP,Radiographer,Emergency & Urgent Care,6,27.24,2020-08-11,2020-09-22,15.0,0.4,None,Fixed Term,Suspended,ZQ737715,2030-06-30,IW702129,2027-11-22,2027-03-18,2020-09-01
EMP0438-20260916_214726,Leigh,Norris,christine90@example.net,1993-08-23,+441314960688,"4 Peters Expressway
Wattsview
JE23 2WN",Female,Hillcrest Medical Centres NHS Trust,Mixed,Barbados,British Citizen,Medical,FY1/FY2,Women & Children,FY1,21.54,2022-05-23,2022-06-20,30.0,0.8,HCPC,Fixed Term,On Leave,VX206608,2029-12-25,GV104197,2028-06-02,2026-12-07,2022-06-13
EMP0439-20260916_214726,Stacey,Sykes,gmorris@example.net,1975-07-03,+441514960290,"21 Dylan Glens
Emilytown
G7 0TN",Female,Midlands Central Hospitals NHS Trust,Black,Barbados,British Citizen,Nursing,Senior Staff Nurse,Clinical Support Services,6,25.24,2024-07-17,2024-08-21,18.75,0.5,None,Permanent,Active,UT634675,2031-07-26,HE702579,2031-02-01,2027-09-10,2024-08-07
EMP0440-20260916_214726,Duncan,Pugh,whitegail@example.net,2001-03-01,(0114) 4960632,"Studio 8
Barnett Turnpike
Lake Tracyport
N4 4ZH",Male,Southvale Hospitals NHS Trust,White,Canada,British Citizen,Nursing,Staff Nurse,Clinical Support Services,5,22.79,2023-11-07,2023-12-05,18.75,0.5,None,Bank,Suspended,KP175797,2028-02-08,JW291661,2028-10-29,2027-05-02,2023-11-28
EMP0441-20260916_214726,Denise,Manning,fosterjayne@example.net,1987-08-11,(0151)4960156,"Studio 52y
Leon Run
New Kelly
G4 6YJ",Female,Broadfield Clinical Services NHS Trust,Black,Barbados,Dependent,AHP,Physiologist,Emergency & Urgent Care,6,26.38,2024-09-29,2024-11-03,20.0,0.53,None,Permanent,Active,CW375809,2030-10-25,AU660449,2029-11-21,2026-10-05,2024-10-20
EMP0442-20260916_214726,Peter,Shah,ajones@example.net,1976-12-15,0121 4960695,"42 Townsend Row
West Clifford
AB5V 0WF",Male,Hillcrest Medical Centres NHS Trust,Asian,Thailand,Skilled Worker,Medical,FY1/FY2,Surgery & Cancer,FY1,18.54,2017-05-01,2017-05-29,37.5,1.0,GMC,Bank,Suspended,EZ176474,2026-12-17,WV708939,2027-01-10,2026-10-18,2017-05-22
EMP0443-20260916_214726,Joshua,Evans,helen59@example.net,1973-04-16,0131 496 0258,"86 Peter Coves
New Jessicahaven
DN9E 1WU",Male,Westborough Acute Care NHS Trust,White,United Kingdom,Dependent,AHP,Physiologist,Medicine & Acute Care,6,26.75,2022-05-16,2022-06-20,15.0,0.4,GMC,Permanent,Active,WE158568,2027-02-11,HA705083,2030-03-05,2027-02-28,2022-06-06
EMP0444-20260916_214726,Albert,Stevens,donaldsmith@example.com,1987-04-11,(0306)9990853,"Flat 78
Max Skyway
Scottmouth
B6 6HU",Male,Valleyview Mental Wellness NHS Trust,White,United Kingdom,Dependent,AHP,Speech Therapist,Medicine & Acute Care,6,27.47,2018-10-29,2018-12-10,20.0,0.53,GMC,Fixed Term,On Leave,SM079879,2029-07-12,SQ257727,2030-01-08,2027-02-12,2018-11-19
EMP0445-20260916_214726,Judith,Baldwin,smoore@example.net,1973-06-27,+44(0)141 496 0059,"Studio 97
Hunter Mall
Leighview
SY8 5RG",Male,Southvale Hospitals NHS Trust,Black,Barbados,Skilled Worker,AHP,Radiographer,Women & Children,6,24.49,2025-03-30,2025-05-04,18.75,0.5,GMC,Bank,Active,ZF578112,2026-11-15,OA662978,2030-06-13,2027-07-04,2025-04-20
EMP0446-20260916_214726,Marian,Harrison,tstevenson@example.org,1962-03-30,(0808) 157 0144,"611 Randall Fields
West Ameliachester
HS34 5NA",Male,Hillcrest Medical Centres NHS Trust,Mixed,New Zealand,ILR,Admin,Receptionist,Medicine & Acute Care,3,14.27,2017-04-18,2017-05-16,30.0,0.8,HCPC,Permanent,Suspended,JJ010815,2029-01-20,GU269165,2026-11-07,2027-04-01,2017-05-09
EMP0447-20260916_214726,Antony,Kirby,michelle07@example.net,1972-02-02,+44113 4960917,"272 Sandra Run
New Antonyport
CA25 2XG",Female,Oakridge Community Services NHS Trust,Asian,China,British Citizen,AHP,Occupational Therapist,Surgery & Cancer,6,24.44,2024-07-10,2024-08-14,15.0,0.4,None,Permanent,On Leave,WN479247,2030-08-21,VA937517,2027-04-23,2027-01-05,2024-07-31
EMP0448-20260916_214726,Kerry,Holmes,liam49@example.org,1994-07-04,0191 498 0904,"Flat 1
Davies Plains
East Mathewchester
CM1Y 0YY",Female,Meadowbrook Community Health NHS Trust,Mixed,New Zealand,Dependent,Medical,Registrar,Surgery & Cancer,SPR,37.06,2025-12-20,2026-01-31,15.0,0.4,HCPC,Permanent,Active,ZC390600,2029-11-09,OA127425,2027-01-08,2027-07-04,2026-01-10
EMP0449-20260916_214726,Lee,Pritchard,zoe09@example.org,1967-11-02,0115 4960670,"6 Barbara Springs
New Fionashire
B38 5HP",Male,Horizon Integrated Health Partnership NHS Trust,Mixed,Kenya,Dependent,Medical,FY1/FY2,Corporate Services,FY1,19.06,2020-03-09,2020-04-06,20.0,0.53,HCPC,Fixed Term,Inactive,SO051065,2029-03-16,UT234314,2031-08-31,2027-07-04,2020-03-30
EMP0450-20260916_214726,Gavin,Lambert,ptaylor@example.net,1963-09-02,+44(0)1514960068,"Studio 5
Frances Streets
Louisburgh
G94 7HB",Male,Lakeside District Hospitals NHS Trust,Black,Trinidad and Tobago,British Citizen,Admin,Medical Secretary,Clinical Support Services,4,15.86,2022-11-24,2022-12-22,20.0,0.53,None,Bank,Suspended,KX107966,2027-04-17,BH170551,2029-05-27,2026-10-04,2022-12-15
EMP0451-20260916_214726,Peter,Harrison,morriskatie@example.net,2008-05-17,(0161)4960302,"9 Roberts Valleys
Port Chloe
WS86 6RG",Female,Riverbank General Hospitals NHS Trust,White,United States,Skilled Worker,AHP,Occupational Therapist,Clinical Support Services,6,23.57,2021-06-01,2021-06-29,15.0,0.4,None,Bank,Inactive,HA510041,2026-12-23,FI966412,2026-09-28,2027-02-02,2021-06-22
EMP0452-20260916_214726,Martin,Singh,eileen25@example.com,2007-11-22,(0117)4960914,"Flat 58G
Gregory Place
Smartton
DL73 2JJ",Female,Riverbank General Hospitals NHS Trust,Asian,India,Dependent,Medical,Registrar,Women & Children,SPR,35.61,2017-04-14,2017-05-19,20.0,0.53,NMC,Bank,Inactive,FH709851,2027-08-26,SS669990,2026-09-21,2027-09-15,2017-05-05
EMP0453-20260916_214726,Brian,Yates,mcarter@example.net,1987-12-11,(0191) 496 0915,"Studio 84X
Denise Freeway
Shaneside
SO1A 1SU",Female,Midlands Central Hospitals NHS Trust,Mixed,United States,Dependent,Admin,Data Analyst,Corporate Services,8A,34.83,2020-05-31,2020-07-12,18.75,0.5,GMC,Bank,Active,VG249675,2030-03-24,ZF651691,2028-08-20,2027-04-30,2020-06-21
EMP0454-20260916_214726,Leonard,Gordon,gsimmons@example.com,1973-12-28,+44118 4960842,"297 Hilary Hill
Johnsonberg
S5 0TS",Female,Broadfield Clinical Services NHS Trust,White,New Zealand,Skilled Worker,AHP,Pharmacist,Critical Care & Anaesthesia,5,21.2,2026-01-20,2026-03-03,18.75,0.5,None,Permanent,Inactive,CM089886,2028-03-13,PM833438,2028-06-29,2026-10-14,2026-02-10
EMP0455-20260916_214726,Jodie,Winter,michelle29@example.net,1995-12-05,+44121 496 0242,"Flat 0
Bryant Overpass
New Mark
N7K 5WB",Male,Hillcrest Medical Centres NHS Trust,Black,Jamaica,Skilled Worker,Nursing,Nursery Nurse,Critical Care & Anaesthesia,2,13.98,2021-05-23,2021-06-20,37.5,1.0,None,Fixed Term,Active,KN632212,2029-05-10,WK585979,2029-11-17,2026-09-23,2021-06-13
EMP0456-20260916_214726,Pamela,Webster,vpeacock@example.net,1998-02-14,(0131) 496 0531,"Flat 5
Duncan Cliff
North Bethan
WR7 4PZ",Male,Northwood Mental Health NHS Trust,Black,Nigeria,Dependent,Nursing,Staff Nurse,Surgery & Cancer,5,19.51,2019-12-05,2020-01-09,15.0,0.4,HCPC,Permanent,Suspended,DP876032,2028-07-24,DU701043,2026-11-20,2027-02-10,2019-12-26
EMP0457-20260916_214726,Alexander,Lee,kingjudith@example.com,1982-04-28,0117 496 0518,"Flat 99
Lauren Valley
Lake Yvonne
GU4V 4ZN",Male,Oakridge Community Services NHS Trust,Mixed,Australia,ILR,Admin,Receptionist,Surgery & Cancer,3,14.58,2023-12-10,2024-01-21,20.0,0.53,None,Fixed Term,On Leave,DK458293,2031-04-01,OX670033,2028-10-27,2026-10-28,2023-12-31
EMP0458-20260916_214726,Trevor,Clarke,idodd@example.org,1967-12-24,+44(0)141 496 0645,"Studio 83S
Megan Islands
Boothview
B6E 6FP",Female,Westborough Acute Care NHS Trust,Asian,China,Dependent,Medical,Registrar,Medicine & Acute Care,SPR,42.73,2023-09-24,2023-11-05,37.5,1.0,None,Bank,Suspended,WJ548539,2026-10-07,DD464469,2029-11-13,2026-11-16,2023-10-15
EMP0459-20260916_214726,Philip,Cooper,rachelbrown@example.net,1997-10-16,+44(0)121 496 0656,"276 Michael Well
Lake Hazel
M88 1UU",Female,Oakridge Community Services NHS Trust,White,United Kingdom,Dependent,Medical,FY1/FY2,Surgery & Cancer,FY1,19.68,2018-04-27,2018-06-08,20.0,0.53,NMC,Bank,On Leave,FK052908,2027-05-31,PR284998,2031-04-05,2027-02-15,2018-05-18
EMP0460-20260916_214726,Abigail,Moore,wrightdylan@example.com,1991-02-21,+44(0)121 496 0946,"54 Carole Islands
Fullerstad
BH38 3XE",Male,Eastmoor Teaching Hospitals NHS Trust,Mixed,Ghana,ILR,Medical,GP,Women & Children,GP,51.47,2024-04-10,2024-05-22,15.0,0.4,HCPC,Bank,Inactive,YE291807,2028-06-24,PF043819,2029-12-19,2027-05-20,2024-05-01
EMP0461-20260916_214726,Nicole,Powell,tonyevans@example.org,1965-07-04,(0151) 4960585,"Flat 6
Pearson Village
South Lydia
OX56 7HD",Male,Northwood Mental Health NHS Trust,Asian,Thailand,Skilled Worker,Admin,Data Analyst,Women & Children,8A,33.01,2024-07-19,2024-08-16,15.0,0.4,HCPC,Bank,Active,GO736794,2027-10-07,TB218412,2030-04-10,2027-02-04,2024-08-09
EMP0462-20260916_214726,Marc,Stanley,kharvey@example.net,1995-07-16,+441154960803,"77 Osborne Ridges
Liamfort
B37 2SJ",Female,Broadfield Clinical Services NHS Trust,Asian,India,British Citizen,AHP,Radiographer,Critical Care & Anaesthesia,6,27.97,2026-02-06,2026-03-13,18.75,0.5,HCPC,Permanent,Inactive,OZ229291,2031-07-08,DV529895,2029-08-16,2027-06-22,2026-02-27
EMP0463-20260916_214726,Maurice,Moran,lewis41@example.org,1981-10-16,+441144960770,"Flat 24O
Jessica Via
Lake Rhysport
WN90 0QF",Male,Westborough Acute Care NHS Trust,Black,Ghana,British Citizen,Nursing,Nursery Nurse,Surgery & Cancer,2,12.39,2023-09-07,2023-10-19,30.0,0.8,None,Bank,Suspended,KV022572,2029-06-29,XT018945,2029-12-01,2026-12-19,2023-09-28
EMP0464-20260916_214726,Stephen,Mason,joannarahman@example.net,2007-05-01,+44161 496 0380,"052 Julie Street
Davisberg
NP8 4BG",Male,Meadowbrook Community Health NHS Trust,Asian,China,Dependent,Admin,Administrator,Critical Care & Anaesthesia,3,16.36,2018-11-05,2018-12-10,37.5,1.0,GMC,Fixed Term,Inactive,LL571565,2029-02-13,CY018756,2026-12-11,2026-10-08,2018-11-26
EMP0465-20260916_214726,John,Simpson,susan98@example.net,1965-06-07,01164960183,"5 Hilary Radial
East Bernardchester
EC8P 6QQ",Male,Riverside Integrated Care NHS Trust,Mixed,Australia,Skilled Worker,Nursing,Nursery Nurse,Emergency & Urgent Care,2,13.15,2023-11-03,2023-12-01,30.0,0.8,HCPC,Permanent,Inactive,GB516942,2028-09-29,NS391132,2028-05-20,2027-04-01,2023-11-24
EMP0466-20260916_214726,Lynne,Baxter,hdavies@example.com,1997-10-20,+44(0)306 9990839,"Flat 99n
Johnson Ports
Lisaton
W1 7QN",Male,Valleyview Mental Wellness NHS Trust,Asian,Thailand,ILR,Admin,Data Analyst,Clinical Support Services,8A,31.77,2021-08-27,2021-09-24,15.0,0.4,None,Permanent,Active,FW197227,2028-06-16,XL561170,2027-01-31,2027-01-30,2021-09-17
EMP0467-20260916_214726,Gordon,Briggs,hmyers@example.net,1992-03-15,+44(0)1632 960 221,"Studio 8
Georgina Wall
Jamieville
BH3E 8UB",Male,Eastmoor Teaching Hospitals NHS Trust,Mixed,Thailand,British Citizen,Medical,Consultant,Corporate Services,CONS,56.5,2022-06-06,2022-07-11,30.0,0.8,None,Permanent,Active,MI730207,2027-07-10,RE179687,2030-06-06,2027-06-25,2022-06-27
EMP0468-20260916_214726,Carol,Robertson,dobsonsophie@example.net,2002-07-27,+441414960186,"Studio 27M
Evans Rapids
Schofieldbury
S2 5TE",Female,Broadfield Clinical Services NHS Trust,Mixed,New Zealand,Dependent,Admin,Medical Secretary,Medicine & Acute Care,4,17.94,2019-11-05,2019-12-03,18.75,0.5,GMC,Bank,Active,EQ949884,2029-08-31,AA039076,2028-06-29,2027-04-25,2019-11-26
EMP0469-20260916_214726,Marc,Howe,crawfordamanda@example.com,1974-10-08,(029) 2018028,"814 Walker Run
Jeremyberg
S7 3XN",Female,Valleyview Mental Wellness NHS Trust,Asian,Japan,Skilled Worker,Medical,Consultant,Medicine & Acute Care,CONS,48.74,2017-12-17,2018-01-28,20.0,0.53,GMC,Bank,Inactive,BL345400,2026-11-03,DP117973,2027-10-27,2027-07-12,2018-01-07
EMP0470-20260916_214726,Abbie,Thomson,miahdebra@example.net,1965-08-29,01314960399,"599 Jay Plaza
Burtonbury
WC1H 8YB",Female,Bluewater Community & Rehabilitation NHS Trust,Mixed,China,Dependent,Medical,Registrar,Medicine & Acute Care,SPR,39.45,2026-04-09,2026-05-14,15.0,0.4,HCPC,Fixed Term,On Leave,QG586914,2029-05-19,VL539876,2029-03-01,2027-09-07,2026-04-30
EMP0471-20260916_214726,Bryan,Brown,keith09@example.org,2005-08-31,09098790529,"4 Gray Ford
New Anthonymouth
TS1E 9DQ",Male,Horizon Integrated Health Partnership NHS Trust,Asian,China,ILR,Admin,Receptionist,Emergency & Urgent Care,3,16.27,2017-04-23,2017-06-04,20.0,0.53,HCPC,Fixed Term,Suspended,BR161122,2027-11-02,LE842179,2029-02-12,2026-11-27,2017-05-14
EMP0472-20260916_214726,Tina,Atkins,hazelpritchard@example.net,1991-04-13,+44(0)118 496 0515,"Flat 2
Holt Shores
Rachelview
CF9 9LE",Male,Meadowbrook Community Health NHS Trust,Black,South Africa,British Citizen,Medical,GP,Surgery & Cancer,GP,49.92,2019-09-29,2019-11-03,30.0,0.8,NMC,Bank,Active,BG665930,2026-09-18,KF878474,2030-05-26,2027-01-03,2019-10-20
EMP0473-20260916_214726,Stuart,Jackson,rachaelfisher@example.org,1968-02-12,(0151)4960184,"19 Kelly Cove
West Mollystad
HU60 3UE",Male,Eastmoor Teaching Hospitals NHS Trust,Asian,Japan,British Citizen,Medical,FY1/FY2,Emergency & Urgent Care,FY1,19.03,2020-12-05,2021-01-02,37.5,1.0,GMC,Fixed Term,Suspended,DK084197,2031-09-07,FW221993,2031-04-01,2027-01-05,2020-12-26
EMP0474-20260916_214726,Michael,Morgan,lcartwright@example.com,1988-03-14,(0909) 879 0052,"571 Christopher Viaduct
Jenniferfurt
G7A 3JD",Male,Northshire University Hospitals NHS Trust,Black,Nigeria,ILR,Nursing,Staff Nurse,Women & Children,5,22.41,2021-03-21,2021-04-18,37.5,1.0,HCPC,Permanent,Suspended,QF072969,2028-11-13,GP842144,2030-05-18,2027-01-22,2021-04-11
EMP0475-20260916_214726,Conor,Price,georgia39@example.org,1999-01-29,0115 4960148,"Flat 31
Marie Curve
North Cheryl
SM3 0PS",Female,Greenhaven Acute & Specialist Care NHS Trust,Asian,Thailand,Dependent,Medical,FY1/FY2,Surgery & Cancer,FY1,19.35,2022-11-03,2022-12-08,37.5,1.0,NMC,Fixed Term,On Leave,WR127774,2027-07-14,DL241066,2027-09-16,2027-02-14,2022-11-24
EMP0476-20260916_214726,Zoe,Ford,terry04@example.org,1964-12-16,0161 4960404,"4 Harding Brooks
North Shirleyburgh
LE7N 5PN",Male,Southgate Community & Mental Health NHS Trust,Asian,Japan,British Citizen,Nursing,Staff Nurse,Critical Care & Anaesthesia,5,22.7,2023-10-16,2023-11-27,15.0,0.4,HCPC,Bank,On Leave,JR532025,2029-03-27,AR362465,2028-08-22,2026-10-13,2023-11-06
EMP0477-20260916_214726,Liam,Newton,hewittlee@example.com,1967-04-03,+44(0)306 999 0821,"4 Kevin Isle
Birdport
M51 7TF",Male,Lakeside District Hospitals NHS Trust,Mixed,Japan,British Citizen,Nursing,Healthcare Assistant,Clinical Support Services,2,13.34,2018-04-22,2018-05-20,18.75,0.5,NMC,Bank,On Leave,WE492906,2027-05-09,KZ892472,2028-09-19,2027-07-07,2018-05-13
EMP0478-20260916_214726,Jack,Duffy,lwilson@example.com,1983-08-23,(0131)4960506,"9 Shannon Crest
Lake Russellberg
IG1E 7SE",Male,Southvale Hospitals NHS Trust,Asian,China,Dependent,Medical,Registrar,Corporate Services,SPR,36.02,2019-02-15,2019-03-15,18.75,0.5,HCPC,Permanent,On Leave,MR210076,2030-05-14,NW908894,2027-07-23,2026-10-07,2019-03-08
EMP0479-20260916_214726,Melanie,Whittaker,jonesjames@example.com,1960-12-07,01514960859,"618 Harper Mountains
Chamberston
TR1 6QR",Male,Midlands Central Hospitals NHS Trust,White,New Zealand,ILR,Admin,Receptionist,Surgery & Cancer,3,13.78,2022-09-16,2022-10-14,18.75,0.5,NMC,Bank,On Leave,VE155040,2029-11-28,QO251104,2026-11-30,2026-11-06,2022-10-07
EMP0480-20260916_214726,William,Brown,hthompson@example.org,1974-01-22,(0151) 4960883,"27 Jones Drive
West Howard
ZE0N 3GZ",Male,Valleyview Mental Wellness NHS Trust,White,United States,Skilled Worker,Medical,SHO,Medicine & Acute Care,SHO,27.93,2024-10-29,2024-11-26,15.0,0.4,NMC,Permanent,Suspended,HF198918,2027-12-05,CN164918,2028-12-26,2026-09-29,2024-11-19
EMP0481-20260916_214726,Kerry,Lucas,david22@example.org,2004-08-04,+44113 496 0892,"1 Joshua Burg
Port Stacey
AL82 3PT",Female,Eastmoor Teaching Hospitals NHS Trust,Mixed,Japan,Dependent,Admin,Administrator,Women & Children,3,13.79,2022-10-17,2022-11-28,20.0,0.53,None,Fixed Term,On Leave,LK867481,2028-03-19,GX003325,2027-02-06,2026-09-26,2022-11-07
EMP0482-20260916_214726,Declan,Johnson,angela25@example.net,1972-03-23,+44306 9990425,"8 Martyn Glen
Clarkeview
M26 0RH",Female,Oakridge Community Services NHS Trust,Mixed,Ghana,British Citizen,Admin,Data Analyst,Medicine & Acute Care,8A,33.04,2025-02-01,2025-03-15,18.75,0.5,GMC,Bank,Suspended,MD080590,2028-10-12,RX054465,2027-09-02,2026-10-09,2025-02-22
EMP0483-20260916_214726,Dale,Brown,nicolarobson@example.org,1996-11-25,(0909)8790962,"Studio 46R
Josh Landing
New Tina
E89 6XP",Female,Valleyview Mental Wellness NHS Trust,White,United Kingdom,Dependent,AHP,Physiotherapist,Women & Children,6,23.51,2021-04-16,2021-05-21,18.75,0.5,GMC,Bank,On Leave,ZA181680,2027-09-23,XW535220,2028-03-18,2026-09-29,2021-05-07
EMP0484-20260916_214726,Alice,Fletcher,aimeekent@example.com,1967-10-21,01632960034,"81 Rogers Cliff
South Marieborough
M0 6RJ",Female,Broadfield Clinical Services NHS Trust,Black,Nigeria,Skilled Worker,Admin,Medical Secretary,Women & Children,4,16.14,2023-01-15,2023-02-19,20.0,0.53,GMC,Bank,On Leave,NC624815,2027-06-15,EH220414,2031-07-17,2026-11-10,2023-02-05
EMP0485-20260916_214726,Kyle,Brown,osanders@example.org,1967-07-22,(0909)8790033,"Flat 7
Josh Cape
East Neilmouth
B6 8UR",Female,Northwood Mental Health NHS Trust,Asian,China,Skilled Worker,Admin,Medical Secretary,Surgery & Cancer,4,15.48,2023-12-29,2024-02-02,18.75,0.5,None,Permanent,Inactive,LF464503,2027-06-03,JO184256,2028-08-14,2026-09-16,2024-01-19
EMP0486-20260916_214726,Hazel,Cooper,carlferguson@example.com,1979-03-05,01144960894,"29 Samuel Pike
New Sara
W6 6XP",Female,Horizon Integrated Health Partnership NHS Trust,Asian,Japan,British Citizen,Nursing,Healthcare Assistant,Women & Children,2,13.75,2017-07-27,2017-08-24,18.75,0.5,GMC,Fixed Term,Inactive,PG852546,2028-04-25,VX389253,2030-08-14,2026-11-17,2017-08-17
EMP0487-20260916_214726,Caroline,Ali,ogray@example.org,1986-05-24,+441214960088,"34 Gareth Meadow
New Lee
LS07 9AJ",Female,Midlands Central Hospitals NHS Trust,White,New Zealand,British Citizen,Admin,Receptionist,Clinical Support Services,3,13.82,2026-05-27,2026-07-01,37.5,1.0,HCPC,Permanent,Suspended,HD066361,2027-12-28,ID835164,2031-02-19,2027-06-08,2026-06-17
EMP0488-20260916_214726,Joshua,McCarthy,gbarber@example.org,1989-03-24,+44(0)1134960284,"Flat 96k
Marc Manor
Denistown
SG89 9DB",Female,Oakridge Community Services NHS Trust,Asian,Japan,British Citizen,Admin,Administrator,Women & Children,3,14.15,2025-03-19,2025-04-16,30.0,0.8,NMC,Fixed Term,On Leave,OB571023,2030-12-17,MO188996,2027-07-12,2026-11-10,2025-04-09
EMP0489-20260916_214726,Ann,Burton,marie76@example.net,1969-04-23,0113 4960792,"477 Joanne Lake
Gallaghertown
G7S 9GX",Male,Oakridge Community Services NHS Trust,Asian,India,Skilled Worker,AHP,Speech Therapist,Surgery & Cancer,6,23.63,2016-11-06,2016-12-04,37.5,1.0,HCPC,Fixed Term,On Leave,YB861609,2028-03-24,KK347559,2030-04-21,2027-06-04,2016-11-27
EMP0490-20260916_214726,Marian,Parker,vgray@example.com,1992-05-12,(020)74960119,"Studio 88O
Jones Canyon
Robsonville
HG6Y 5TL",Male,Lakeside District Hospitals NHS Trust,Black,Nigeria,Dependent,Admin,Receptionist,Women & Children,3,16.08,2025-11-07,2025-12-05,18.75,0.5,NMC,Permanent,Suspended,ZP121239,2027-11-18,LS246959,2029-01-12,2027-02-09,2025-11-28
EMP0491-20260916_214726,Chelsea,Watts,abbie63@example.com,1966-07-13,01154960270,"8 Graham Greens
Lake Lyndachester
E5S 7LA",Female,Meadowbrook Community Health NHS Trust,Asian,India,Skilled Worker,Nursing,Nursery Nurse,Surgery & Cancer,2,13.13,2025-05-30,2025-06-27,15.0,0.4,NMC,Bank,Active,IN563439,2027-02-26,AJ276929,2026-10-17,2027-03-10,2025-06-20
EMP0492-20260916_214726,Emma,Bell,whitemartin@example.net,1982-05-28,0306 9990334,"462 Hannah Underpass
Port Traceytown
EH2W 0PZ",Female,Eastmoor Teaching Hospitals NHS Trust,Black,Barbados,ILR,Admin,Administrator,Women & Children,3,15.79,2022-11-13,2022-12-18,18.75,0.5,GMC,Bank,On Leave,GF855921,2030-04-10,XM483184,2028-11-25,2026-11-02,2022-12-04
EMP0493-20260916_214726,Molly,Gould,qjohnston@example.org,1991-11-25,+441632 960 379,"Flat 23
Singh Forges
North Lee
LD84 5LF",Female,Southgate Community & Mental Health NHS Trust,White,New Zealand,Dependent,Medical,Consultant,Women & Children,CONS,69.74,2017-05-26,2017-06-30,15.0,0.4,None,Bank,On Leave,TC739930,2031-01-24,NI215739,2028-03-02,2027-02-10,2017-06-16
EMP0494-20260916_214726,Irene,Evans,liam86@example.net,1969-01-06,+4420 7496 0981,"35 Davies Ranch
New Tracey
N88 1AZ",Male,Riverside Integrated Care NHS Trust,Asian,India,British Citizen,Nursing,Healthcare Assistant,Corporate Services,2,13.1,2026-04-11,2026-05-23,37.5,1.0,GMC,Fixed Term,Suspended,HC984033,2029-12-16,HE586931,2028-10-16,2026-12-24,2026-05-02
EMP0495-20260916_214726,Shirley,Dickinson,kateking@example.com,1987-11-18,(0161) 496 0200,"Studio 81
Lewis Glen
Port Roger
G84 2PW",Female,Riverside Integrated Care NHS Trust,Asian,India,British Citizen,Admin,Receptionist,Women & Children,3,14.74,2021-12-29,2022-02-02,30.0,0.8,NMC,Permanent,On Leave,SA795910,2027-05-11,DO119253,2027-04-28,2027-02-26,2022-01-19
EMP0496-20260916_214726,Gordon,Porter,yroberts@example.org,1994-11-12,(0113) 4960521,"928 Taylor Mall
Ianborough
GU0X 8YH",Male,Riverside Integrated Care NHS Trust,Asian,Thailand,British Citizen,Admin,Receptionist,Critical Care & Anaesthesia,3,15.35,2024-06-08,2024-07-13,15.0,0.4,HCPC,Fixed Term,On Leave,DY544851,2026-10-30,ZI259950,2028-02-09,2027-03-01,2024-06-29
EMP0497-20260916_214726,David,Walker,lynnbarker@example.net,1974-10-27,+44(0)1134960194,"Studio 88
Judith Spring
Webbview
L1 3UB",Male,Bluewater Community & Rehabilitation NHS Trust,Mixed,Kenya,Skilled Worker,Nursing,Staff Nurse,Emergency & Urgent Care,5,21.22,2023-08-11,2023-09-08,30.0,0.8,NMC,Bank,Active,MU574432,2030-10-02,NY974079,2029-10-05,2027-05-27,2023-09-01
EMP0498-20260916_214726,Holly,Noble,leon10@example.org,1980-09-25,+442074960442,"Flat 76
Shaun Heights
Port Lynne
ML8 5FY",Female,Riverside Integrated Care NHS Trust,Mixed,China,Dependent,Admin,Administrator,Corporate Services,3,13.65,2026-05-07,2026-06-11,37.5,1.0,None,Permanent,Active,GW031674,2030-08-21,JJ063464,2027-04-29,2027-04-22,2026-05-28
EMP0499-20260916_214726,Aaron,Doyle,gregory24@example.org,1990-04-06,(0118) 4960260,"80 Billy Hill
Kellyfurt
CW9 9PN",Male,Horizon Integrated Health Partnership NHS Trust,White,New Zealand,Skilled Worker,Admin,Receptionist,Corporate Services,3,13.78,2018-08-17,2018-09-14,15.0,0.4,NMC,Fixed Term,Inactive,SM820679,2029-10-13,DL613423,2028-06-27,2026-12-18,2018-09-07
EMP0500-20260916_214726,Jay,Hall,stephanie17@example.com,1991-05-17,+44113 4960854,"627 Poole Key
Port Deborahbury
N36 8AB",Female,Lakeside District Hospitals NHS Trust,Asian,Japan,British Citizen,AHP,Physiologist,Critical Care & Anaesthesia,6,26.6,2019-05-17,2019-06-28,20.0,0.53,None,Permanent,Inactive,YR746396,2030-12-16,XR860170,2031-02-22,2027-01-01,2019-06-07
EMP0501-20260916_214726,Katie,Martin,abigail63@example.org,1999-04-16,+44(0)1614960562,"66 Morgan Harbors
South Janet
N4 9QN",Male,Riverbank General Hospitals NHS Trust,Mixed,United Kingdom,Dependent,Nursing,Senior Staff Nurse,Corporate Services,6,23.78,2024-03-18,2024-04-22,15.0,0.4,None,Fixed Term,Suspended,RG483576,2030-10-14,DO730576,2030-05-24,2027-05-12,2024-04-08
EMP0502-20260916_214726,Declan,Dyer,williamspeter@example.com,1991-09-17,+44(0)1184960449,"7 Lyons Road
Port Hugh
B0T 5UD",Female,Eastfield Psychological Services NHS Trust,Mixed,Jamaica,ILR,Admin,Administrator,Critical Care & Anaesthesia,3,15.57,2017-06-10,2017-07-22,15.0,0.4,NMC,Bank,Suspended,TY730713,2029-06-26,KK887519,2027-03-24,2026-09-20,2017-07-01
EMP0503-20260916_214726,Rosie,Davison,kshah@example.com,1965-07-16,0306 999 0565,"Flat 14h
Russell Canyon
Lawrenceburgh
B2 8JE",Female,Hillcrest Medical Centres NHS Trust,Asian,Thailand,British Citizen,AHP,Physiotherapist,Emergency & Urgent Care,6,25.19,2022-11-30,2022-12-28,15.0,0.4,None,Bank,Inactive,HJ916784,2030-12-08,AY888646,2028-12-08,2027-03-04,2022-12-21
EMP0504-20260916_214726,Martin,Butcher,stewartjackson@example.com,1979-08-13,01154960855,"Flat 4
Joanna Avenue
Hughton
TS7 7FJ",Male,Eastfield Psychological Services NHS Trust,Asian,Thailand,Dependent,AHP,Pharmacist,Women & Children,5,21.52,2021-07-03,2021-08-07,15.0,0.4,None,Bank,Inactive,EA040859,2028-12-09,BJ399590,2028-09-22,2027-01-20,2021-07-24
EMP0505-20260916_214726,Andrew,Wheeler,mathewjones@example.org,1997-07-07,+44(0)117 496 0425,"06 Smith Haven
Rickystad
N16 1TU",Female,Greenhaven Acute & Specialist Care NHS Trust,Black,South Africa,Skilled Worker,Nursing,Senior Staff Nurse,Surgery & Cancer,6,23.72,2019-04-15,2019-05-27,30.0,0.8,None,Permanent,Suspended,YY954910,2031-02-03,LQ875557,2028-03-20,2026-12-12,2019-05-06
EMP0506-20260916_214726,Stewart,Hopkins,knightmarion@example.org,1964-06-10,+44909 8790643,"Studio 89
Billy Greens
West Lawrenceview
SL4B 2BY",Male,Midlands Central Hospitals NHS Trust,White,United States,Skilled Worker,Medical,GP,Emergency & Urgent Care,GP,55.79,2020-08-02,2020-08-30,15.0,0.4,HCPC,Permanent,On Leave,BQ604725,2029-08-20,JW936299,2029-12-27,2027-04-11,2020-08-23
EMP0507-20260916_214726,June,Morris,omartin@example.net,1967-05-30,0118 496 0306,"Flat 29
Byrne Dale
Michaelberg
N8J 2YR",Male,Oakridge Community Services NHS Trust,Asian,Thailand,Dependent,AHP,Physiologist,Surgery & Cancer,6,23.85,2020-12-05,2021-01-02,37.5,1.0,HCPC,Bank,On Leave,CD863051,2029-08-02,TA494074,2029-06-02,2027-06-26,2020-12-26
EMP0508-20260916_214726,Scott,Knight,walshdeclan@example.com,2003-09-21,08081570471,"05 Jonathan Meadows
Lake Dale
L82 0AP",Male,Greenhaven Acute & Specialist Care NHS Trust,White,New Zealand,British Citizen,Medical,GP,Medicine & Acute Care,GP,46.26,2024-03-12,2024-04-16,18.75,0.5,NMC,Permanent,Inactive,VM690079,2026-10-16,MM717001,2030-11-03,2027-08-02,2024-04-02
EMP0509-20260916_214726,Aimee,Chapman,iporter@example.org,1984-03-09,+449098790223,"Flat 80H
Jeremy Run
North Gillian
M6G 7GZ",Male,Valleyview Mental Wellness NHS Trust,White,New Zealand,ILR,Nursing,Staff Nurse,Clinical Support Services,5,19.5,2025-06-26,2025-08-07,18.75,0.5,HCPC,Permanent,Inactive,TT341053,2030-08-12,EG118861,2028-07-31,2026-10-22,2025-07-17
EMP0510-20260916_214726,Frank,Pollard,readkaren@example.com,1969-04-10,0292018642,"Studio 19
White Squares
Jasonshire
HS6E 5BX",Male,Broadfield Clinical Services NHS Trust,Mixed,South Africa,British Citizen,AHP,Physiotherapist,Clinical Support Services,6,26.89,2017-03-18,2017-04-15,15.0,0.4,None,Permanent,Inactive,FH565929,2031-07-26,CA092201,2030-03-17,2027-01-05,2017-04-08
EMP0511-20260916_214726,Jayne,Riley,ahmedhayley@example.net,1994-05-29,+44131 4960623,"Studio 8
Hugh Lane
North Kate
BA6 7GW",Male,Hillcrest Medical Centres NHS Trust,Mixed,Australia,Skilled Worker,Medical,GP,Emergency & Urgent Care,GP,54.56,2025-10-29,2025-11-26,20.0,0.53,HCPC,Permanent,Suspended,VN324497,2027-08-13,OS360264,2030-06-24,2027-05-03,2025-11-19
EMP0512-20260916_214726,Mary,Williams,kellyjackson@example.net,1975-01-21,01632 960484,"64 Declan Manor
Lowechester
ME80 6EN",Female,Riverbank General Hospitals NHS Trust,Black,Kenya,British Citizen,Nursing,Charge Nurse,Emergency & Urgent Care,7,33.01,2026-03-07,2026-04-11,30.0,0.8,NMC,Permanent,On Leave,LB850697,2029-12-18,OG218973,2029-07-04,2026-12-02,2026-03-28
EMP0513-20260916_214726,Marian,Taylor,dannyallen@example.org,1981-09-07,+44(0)909 879 0831,"Studio 81d
Collins Key
Port Jane
CF5 0UQ",Female,Riverbank General Hospitals NHS Trust,Black,Kenya,British Citizen,AHP,Radiographer,Critical Care & Anaesthesia,6,23.45,2019-04-28,2019-06-09,30.0,0.8,None,Fixed Term,Inactive,PL663784,2027-04-23,DX507698,2027-10-04,2027-05-19,2019-05-19
EMP0514-20260916_214726,Josephine,Parkinson,yvonnejones@example.com,1982-06-11,+44(0)118 4960836,"Studio 2
Shirley Point
Claireborough
S6T 7GH",Female,Oakridge Community Services NHS Trust,Asian,Japan,ILR,Nursing,Staff Nurse,Clinical Support Services,5,21.89,2021-08-31,2021-09-28,20.0,0.53,NMC,Permanent,Active,FT651000,2030-08-02,CI910061,2029-02-02,2027-04-07,2021-09-21
EMP0515-20260916_214726,Bernard,Harris,qsmith@example.com,2003-04-29,01134960704,"Flat 65K
Gardiner Estates
Evansville
SS5P 4EN",Female,Greenhaven Acute & Specialist Care NHS Trust,Mixed,Ghana,Skilled Worker,Admin,Data Analyst,Critical Care & Anaesthesia,8A,28.85,2023-04-21,2023-05-19,30.0,0.8,GMC,Bank,Active,JC148459,2029-06-20,HV117348,2030-08-22,2026-12-04,2023-05-12
EMP0516-20260916_214726,Jade,Adams,rbrennan@example.org,1968-04-12,0118 4960762,"7 Lees Wells
Adambury
WN3 1ET",Male,Midlands Central Hospitals NHS Trust,Black,Nigeria,Dependent,AHP,Occupational Therapist,Emergency & Urgent Care,6,22.97,2016-12-02,2016-12-30,30.0,0.8,None,Permanent,On Leave,NG442199,2031-07-01,UQ730949,2029-09-29,2027-01-24,2016-12-23
EMP0517-20260916_214726,Karl,Vaughan,cclark@example.com,1996-05-01,+44(0)115 496 0175,"Flat 82b
Archer Lakes
Keithton
W13 3EU",Male,Southvale Hospitals NHS Trust,White,United States,ILR,AHP,Physiologist,Clinical Support Services,6,24.88,2022-07-26,2022-08-30,20.0,0.53,HCPC,Permanent,On Leave,CW066446,2029-07-19,ZU216637,2027-07-05,2027-07-05,2022-08-16
EMP0518-20260916_214726,William,Murphy,rwhite@example.net,1999-08-10,01164960588,"Flat 2
Leonard Forges
South Georgia
AL73 4RP",Female,Meadowbrook Community Health NHS Trust,White,United Kingdom,Skilled Worker,AHP,Speech Therapist,Clinical Support Services,6,28.03,2025-10-21,2025-11-25,15.0,0.4,HCPC,Permanent,Active,IV753027,2028-01-03,BX660648,2027-04-26,2027-04-01,2025-11-11
EMP0519-20260916_214726,Lorraine,King,arthur20@example.com,1981-01-24,+44(0)118 4960534,"17 Ellie Island
Lake Sam
B15 4DE",Female,Broadfield Clinical Services NHS Trust,White,Australia,Dependent,Medical,SHO,Women & Children,SHO,23.65,2021-08-08,2021-09-05,30.0,0.8,NMC,Bank,Inactive,OL072711,2030-09-16,QG642018,2029-04-15,2027-06-08,2021-08-29
EMP0520-20260916_214726,Declan,Jones,conorhodgson@example.org,2002-02-06,(0114) 496 0259,"2 Fletcher Forest
Cookfort
TF6 0BG",Female,Lakeside District Hospitals NHS Trust,Black,Trinidad and Tobago,British Citizen,Admin,Medical Secretary,Clinical Support Services,4,18.91,2021-07-25,2021-09-05,20.0,0.53,NMC,Permanent,Inactive,OU128753,2028-05-19,UG251176,2030-04-29,2027-03-16,2021-08-15
EMP0521-20260916_214726,Lydia,Jones,sarahsaunders@example.com,1963-07-10,(0191)4960755,"159 Wilson Locks
New Julieside
EC9 1GA",Female,Westmere Community Health NHS Trust,Mixed,New Zealand,ILR,Admin,Data Analyst,Medicine & Acute Care,8A,35.39,2023-05-23,2023-06-27,30.0,0.8,NMC,Permanent,On Leave,FX451387,2027-11-12,TA483705,2026-10-27,2027-07-23,2023-06-13
EMP0522-20260916_214726,Steven,Austin,reecepatel@example.com,1977-09-22,0115 496 0203,"Studio 7
Storey Tunnel
Ahmedshire
L9 0BX",Female,Oakridge Community Services NHS Trust,Black,Trinidad and Tobago,Dependent,AHP,Occupational Therapist,Emergency & Urgent Care,6,25.31,2018-09-08,2018-10-20,37.5,1.0,GMC,Bank,On Leave,MP065323,2029-04-28,RK541196,2031-02-02,2026-12-22,2018-09-29
EMP0523-20260916_214726,Eric,Chapman,latkinson@example.org,1995-04-27,+44(0)1314960123,"85 Collins Highway
Susanview
M14 1GF",Male,Broadfield Clinical Services NHS Trust,Black,Kenya,Skilled Worker,Nursing,Charge Nurse,Emergency & Urgent Care,7,33.27,2021-02-17,2021-03-17,20.0,0.53,HCPC,Permanent,On Leave,QP201346,2027-07-14,DQ458027,2027-06-26,2027-04-22,2021-03-10
EMP0524-20260916_214726,Holly,Hill,byrneamanda@example.com,2006-05-28,+44131 4960069,"Studio 87
Bowen Streets
West Garethside
GY0X 8LA",Male,Eastfield Psychological Services NHS Trust,Black,South Africa,Dependent,AHP,Occupational Therapist,Corporate Services,6,27.34,2025-08-14,2025-09-25,20.0,0.53,None,Fixed Term,On Leave,GZ051161,2031-02-13,IE268059,2029-05-04,2027-04-18,2025-09-04
EMP0525-20260916_214726,Kate,Green,nicolecarroll@example.org,1967-01-16,+44(0)114 496 0811,"883 Bradley Overpass
Lake Anthonyfort
W56 6UG",Female,Greenhaven Acute & Specialist Care NHS Trust,White,United States,Dependent,Nursing,Nursery Nurse,Clinical Support Services,2,13.43,2024-11-19,2024-12-31,20.0,0.53,GMC,Fixed Term,Suspended,SO090079,2029-04-16,UB263162,2028-07-25,2026-11-27,2024-12-10
EMP0526-20260916_214726,Frances,Harrison,kingjake@example.com,1983-08-01,(0113)4960455,"4 Tracey Glens
Brownberg
N6D 1AP",Male,Westmere Community Health NHS Trust,White,Australia,ILR,Nursing,Nursery Nurse,Medicine & Acute Care,2,14.31,2017-11-29,2018-01-03,20.0,0.53,GMC,Permanent,On Leave,RN367856,2030-04-18,GV932360,2028-06-29,2027-01-08,2017-12-20
EMP0527-20260916_214726,Rachael,Martin,ncarter@example.com,2007-07-31,+44118 4960825,"793 Davis Overpass
West Lawrence
S4 1QR",Male,Southvale Hospitals NHS Trust,Mixed,Japan,Skilled Worker,AHP,Physiologist,Critical Care & Anaesthesia,6,26.28,2022-05-07,2022-06-18,20.0,0.53,None,Permanent,Active,CZ234133,2027-03-04,DI712461,2030-11-20,2027-07-16,2022-05-28
EMP0528-20260916_214726,Katie,Jordan,tparkinson@example.org,2000-10-23,08081570625,"Flat 08W
Lesley Point
Brandonbury
ME0 0FZ",Female,Valleyview Mental Wellness NHS Trust,Mixed,Australia,Dependent,Nursing,Nursery Nurse,Surgery & Cancer,2,13.22,2022-08-12,2022-09-23,15.0,0.4,GMC,Bank,Inactive,QM724275,2028-10-27,PB896675,2029-09-24,2027-08-03,2022-09-02
EMP0529-20260916_214726,Kim,Whittaker,hopehazel@example.net,1997-09-30,+44(0)191 496 0926,"Studio 00H
Brandon Curve
South Jodie
IP5B 7FS",Male,Northwood Mental Health NHS Trust,White,United Kingdom,British Citizen,Nursing,Healthcare Assistant,Emergency & Urgent Care,2,13.7,2017-03-14,2017-04-18,15.0,0.4,NMC,Permanent,On Leave,VR840300,2029-02-14,MR919318,2031-05-24,2026-12-19,2017-04-04
EMP0530-20260916_214726,Leanne,Webb,nharvey@example.com,1963-03-25,(0306) 999 0362,"Flat 6
Morley Drive
Kateside
AL3 4BW",Female,Lakeside District Hospitals NHS Trust,White,United States,British Citizen,AHP,Pharmacist,Corporate Services,5,20.69,2022-05-28,2022-07-09,18.75,0.5,None,Bank,Inactive,NN900168,2028-01-20,AJ806991,2030-03-12,2027-05-06,2022-06-18
EMP0531-20260916_214726,Fiona,Wells,jenna88@example.com,1975-02-07,+44(0)3069990671,"6 Owen Mountains
Damianview
SW0 9LT",Male,Valleyview Mental Wellness NHS Trust,Black,Jamaica,Dependent,AHP,Pharmacist,Medicine & Acute Care,5,20.2,2022-09-20,2022-10-25,20.0,0.53,None,Bank,Active,OI795451,2031-04-04,LL006802,2027-02-09,2026-10-29,2022-10-11
EMP0532-20260916_214726,Russell,Clarke,tstevenson@example.net,1965-04-07,0118 4960324,"Flat 6
Grace Rapid
Juliachester
NP9 9ST",Female,Eastfield Psychological Services NHS Trust,Black,Trinidad and Tobago,British Citizen,Medical,SHO,Women & Children,SHO,29.93,2018-09-13,2018-10-11,20.0,0.53,HCPC,Permanent,Inactive,AT799438,2027-09-09,KB726375,2029-10-12,2027-03-07,2018-10-04
EMP0533-20260916_214726,Damien,Young,charleneharris@example.org,2003-05-18,(028) 9018 0749,"8 Yates Meadow
South Adam
SE19 0AW",Male,Horizon Integrated Health Partnership NHS Trust,Asian,Thailand,British Citizen,Admin,Administrator,Medicine & Acute Care,3,13.46,2016-09-18,2016-10-30,15.0,0.4,NMC,Bank,Suspended,QS037950,2030-08-26,AO113298,2027-10-20,2027-04-25,2016-10-09
EMP0534-20260916_214726,Toby,Mitchell,brettcoleman@example.org,1972-08-01,+44115 496 0005,"7 Wyatt Shores
East Mohamed
HP6M 5EX",Female,Northshire University Hospitals NHS Trust,White,Canada,ILR,Medical,FY1/FY2,Emergency & Urgent Care,FY1,21.39,2023-06-26,2023-07-24,15.0,0.4,GMC,Fixed Term,Inactive,TL967601,2030-10-30,WE279258,2029-03-17,2027-05-27,2023-07-17
EMP0535-20260916_214726,Samuel,Hughes,smithhannah@example.net,1975-06-15,+443069990708,"Studio 8
Green Dale
Lake Holly
W2 2WL",Male,Riverbank General Hospitals NHS Trust,Black,Jamaica,Skilled Worker,Medical,FY1/FY2,Emergency & Urgent Care,FY1,19.19,2026-04-09,2026-05-07,18.75,0.5,None,Fixed Term,Active,XB258510,2027-08-31,ND892588,2030-03-19,2027-03-20,2026-04-30
EMP0536-20260916_214726,Diane,Wilson,garethrose@example.com,1996-03-17,(0141) 4960566,"Studio 14
Fisher Ford
Lesleyshire
W3U 0NS",Female,Bluewater Community & Rehabilitation NHS Trust,White,United States,Dependent,Nursing,Senior Staff Nurse,Critical Care & Anaesthesia,6,26.27,2018-06-10,2018-07-08,18.75,0.5,NMC,Permanent,Inactive,AH422402,2029-11-03,AZ156709,2028-10-04,2027-02-28,2018-07-01
EMP0537-20260916_214726,Francis,Thompson,mooreamy@example.com,1997-06-23,(0909) 8790249,"Flat 53
Gibbs Loop
Hallburgh
BS0 4YP",Female,Eastfield Psychological Services NHS Trust,Mixed,Japan,British Citizen,AHP,Physiotherapist,Medicine & Acute Care,6,24.61,2022-10-20,2022-11-17,37.5,1.0,GMC,Permanent,On Leave,SI238112,2031-02-01,BC784573,2029-11-28,2026-10-11,2022-11-10
EMP0538-20260916_214726,Dawn,Yates,ecox@example.com,1989-03-29,+44(0)151 4960797,"Studio 00R
Ronald Drives
Newtontown
N65 2JS",Male,Valleyview Mental Wellness NHS Trust,Mixed,United States,ILR,Medical,SHO,Emergency & Urgent Care,SHO,26.42,2019-03-31,2019-04-28,15.0,0.4,GMC,Bank,Active,DA405221,2027-10-12,HC247417,2026-11-01,2027-08-26,2019-04-21
EMP0539-20260916_214726,Jamie,Bennett,kirsty47@example.net,2007-01-29,+44(0)151 4960090,"Studio 98
Andrew Well
North Rebecca
S3W 4QT",Female,Horizon Integrated Health Partnership NHS Trust,White,Australia,British Citizen,Nursing,Ward Manager,Corporate Services,8A,35.36,2018-12-09,2019-01-13,30.0,0.8,NMC,Fixed Term,Inactive,GS764564,2030-01-23,FX758670,2029-03-15,2027-01-17,2018-12-30
EMP0540-20260916_214726,Thomas,Ward,timothymills@example.org,2000-07-27,029 2018230,"221 Teresa Tunnel
Port Michael
E86 1GL",Male,Bluewater Community & Rehabilitation NHS Trust,Asian,Japan,ILR,Nursing,Senior Staff Nurse,Corporate Services,6,27.12,2020-08-05,2020-09-16,37.5,1.0,GMC,Permanent,Inactive,IA860379,2031-03-23,SF358699,2028-03-07,2027-04-19,2020-08-26
EMP0541-20260916_214726,Kelly,O'Brien,robinsonsuzanne@example.net,1974-12-19,(0121) 496 0640,"Flat 03v
Barnes Extensions
Williamsburgh
L23 0ZW",Male,Eastmoor Teaching Hospitals NHS Trust,Black,South Africa,Skilled Worker,Admin,Data Analyst,Women & Children,8A,35.01,2018-11-10,2018-12-15,30.0,0.8,None,Permanent,Active,CS493518,2030-08-23,NT676608,2028-07-10,2026-12-24,2018-12-01
EMP0542-20260916_214726,Roger,Lowe,davieslouise@example.net,2001-12-20,0115 4960423,"39 Wilkinson Island
Katherinebury
WV4Y 9ZX",Female,Eastfield Psychological Services NHS Trust,White,United States,ILR,Medical,Consultant,Emergency & Urgent Care,CONS,69.78,2022-01-20,2022-02-17,20.0,0.53,NMC,Bank,Inactive,DI028339,2031-03-27,KG956808,2028-06-08,2027-06-14,2022-02-10
EMP0543-20260916_214726,Daniel,Holt,readkaty@example.org,2004-04-11,(0115) 4960844,"1 David Mall
East Lesleyberg
CH0 3SE",Female,Midlands Central Hospitals NHS Trust,Mixed,Australia,ILR,Medical,Consultant,Clinical Support Services,CONS,67.01,2024-01-04,2024-02-08,18.75,0.5,None,Bank,Suspended,IC311671,2030-04-26,AA245980,2028-10-12,2027-05-31,2024-01-25
EMP0544-20260916_214726,Lindsey,Bell,ameliathompson@example.com,1980-10-23,(0131) 4960217,"Flat 57P
Kaur Haven
Lake Charlieview
B57 1PD",Female,Eastmoor Teaching Hospitals NHS Trust,Mixed,South Africa,ILR,Admin,Medical Secretary,Corporate Services,4,18.34,2021-09-10,2021-10-08,18.75,0.5,HCPC,Fixed Term,Active,YE528546,2029-07-24,JU648795,2029-05-19,2026-10-07,2021-10-01
EMP0545-20260916_214726,Wendy,Lee,louisegreen@example.net,2004-10-09,(0113)4960241,"93 Lee Lodge
Thomasview
LS4 8TD",Female,Meadowbrook Community Health NHS Trust,White,United States,ILR,Admin,Data Analyst,Women & Children,8A,28.26,2021-09-28,2021-11-02,30.0,0.8,NMC,Fixed Term,Suspended,FF178446,2027-12-03,ER666815,2027-06-10,2026-11-08,2021-10-19
EMP0546-20260916_214726,Aimee,Ward,eroberts@example.com,1971-06-07,+44(0)113 4960437,"Flat 74
Brian Mission
Judithmouth
E87 1PD",Male,Northwood Mental Health NHS Trust,Mixed,India,ILR,Nursing,Nursery Nurse,Surgery & Cancer,2,12.9,2017-04-04,2017-05-16,20.0,0.53,None,Fixed Term,Suspended,TI798648,2031-02-22,WQ761139,2027-05-16,2027-02-27,2017-04-25
EMP0547-20260916_214726,Harriet,Cook,sandra21@example.net,1994-06-28,(0141) 4960045,"86 Rogers Pike
Lake Anne
S17 8WU",Female,Riverbank General Hospitals NHS Trust,Asian,Japan,ILR,Nursing,Healthcare Assistant,Emergency & Urgent Care,2,13.47,2026-08-23,2026-09-27,30.0,0.8,HCPC,Bank,On Leave,SA705438,2027-07-08,ER944526,2028-03-16,2026-09-29,2026-09-13
EMP0548-20260916_214726,Frederick,Parry,swiftandrew@example.net,2003-12-23,+44(0)114 496 0868,"20 Sam Turnpike
New Emma
G5 5AS",Male,Westborough Acute Care NHS Trust,Mixed,New Zealand,Dependent,Medical,FY1/FY2,Women & Children,FY1,19.43,2020-11-16,2020-12-14,20.0,0.53,NMC,Bank,Active,TU532599,2028-01-09,AW135949,2029-06-15,2027-02-03,2020-12-07
EMP0549-20260916_214726,Margaret,Summers,clementseileen@example.com,1980-07-02,+44114 496 0423,"Flat 2
Hanson Terrace
West Nicole
W9 4QX",Female,Riverbank General Hospitals NHS Trust,White,Australia,British Citizen,AHP,Radiographer,Emergency & Urgent Care,6,24.28,2025-05-12,2025-06-16,15.0,0.4,GMC,Bank,Active,VE627126,2031-05-04,UA505946,2031-08-23,2026-12-16,2025-06-02
EMP0550-20260916_214726,Dale,White,jeandavies@example.org,1986-01-28,(0161)4960737,"Studio 31A
Dunn Village
Conormouth
S14 2YQ",Female,Southvale Hospitals NHS Trust,Black,Trinidad and Tobago,British Citizen,Admin,Medical Secretary,Medicine & Acute Care,4,18.68,2020-03-15,2020-04-19,30.0,0.8,GMC,Fixed Term,On Leave,ZM487613,2026-10-02,EN899738,2026-09-25,2027-08-06,2020-04-05
EMP0551-20260916_214726,Terry,Sykes,burtonlucy@example.net,2006-06-27,0118 496 0597,"33 Jordan Rue
North Maryland
G3B 6LB",Male,Northwood Mental Health NHS Trust,Asian,Thailand,Dependent,Medical,Consultant,Emergency & Urgent Care,CONS,62.25,2022-04-12,2022-05-24,30.0,0.8,GMC,Fixed Term,On Leave,MZ795191,2028-02-27,HU837909,2029-04-03,2026-12-07,2022-05-03
EMP0552-20260916_214726,Diana,Ali,june96@example.net,1983-12-09,0117 4960641,"Studio 90W
Edwards Prairie
New Carolyn
EH9R 9UB",Female,Northwood Mental Health NHS Trust,Asian,Japan,ILR,Admin,Receptionist,Corporate Services,3,15.42,2021-12-24,2022-01-28,20.0,0.53,NMC,Permanent,Active,HK068433,2031-03-22,UM053076,2028-06-12,2027-02-01,2022-01-14
EMP0553-20260916_214726,Jacob,Smith,ttaylor@example.org,1970-09-28,01154960709,"Flat 24t
June Stream
New Cheryl
B46 8JX",Female,Horizon Integrated Health Partnership NHS Trust,Black,Trinidad and Tobago,ILR,Medical,GP,Corporate Services,GP,57.44,2017-11-21,2018-01-02,20.0,0.53,HCPC,Permanent,Active,AQ365516,2031-01-07,PS003190,2027-08-06,2027-02-04,2017-12-12
EMP0554-20260916_214726,Aimee,Oliver,nstevenson@example.org,1962-04-19,+4428 9018016,"3 Kenneth Passage
New Emilystad
KW65 4SB",Male,Lakeside District Hospitals NHS Trust,Black,Trinidad and Tobago,Skilled Worker,Medical,SHO,Emergency & Urgent Care,SHO,30.52,2023-10-21,2023-12-02,37.5,1.0,None,Permanent,Active,CQ457431,2029-09-14,LI385395,2027-02-12,2026-12-29,2023-11-11
EMP0555-20260916_214726,Melanie,Collins,mchapman@example.com,2006-05-05,+44(0)29 2018858,"96 Gerard Crossroad
Barkerborough
E9F 9TN",Female,Midlands Central Hospitals NHS Trust,White,New Zealand,Dependent,Medical,FY1/FY2,Clinical Support Services,FY1,19.95,2018-06-04,2018-07-02,30.0,0.8,None,Permanent,On Leave,FI274829,2029-09-22,TO316308,2028-06-11,2027-05-11,2018-06-25
EMP0556-20260916_214726,Craig,Hodgson,ryansophie@example.org,1983-09-05,+44118 496 0146,"7 Danny Islands
Phillipbury
W2G 6XT",Male,Westmere Community Health NHS Trust,Black,Trinidad and Tobago,Skilled Worker,AHP,Radiographer,Medicine & Acute Care,6,22.91,2019-10-27,2019-12-08,30.0,0.8,GMC,Bank,Inactive,OH577437,2028-02-12,CU517167,2031-07-23,2027-07-11,2019-11-17
EMP0557-20260916_214726,Conor,Williams,charliesmith@example.com,1976-08-13,0161 496 0714,"Flat 10
Wilkinson Spring
Whiteborough
S76 1WR",Male,Westmere Community Health NHS Trust,Black,Jamaica,ILR,Admin,Data Analyst,Emergency & Urgent Care,8A,33.62,2024-06-03,2024-07-01,37.5,1.0,GMC,Permanent,Inactive,NG497824,2031-06-14,RM870120,2031-03-21,2027-05-15,2024-06-24
EMP0558-20260916_214726,Annette,Dean,rickywhitehead@example.com,1993-11-07,(028)9018561,"358 White Estates
Kingmouth
BA42 4JD",Male,Greenhaven Acute & Specialist Care NHS Trust,Asian,Thailand,Dependent,Nursing,Senior Staff Nurse,Medicine & Acute Care,6,22.83,2019-01-03,2019-02-14,30.0,0.8,HCPC,Permanent,Active,FX454861,2029-08-27,MI634621,2029-01-24,2027-06-17,2019-01-24
EMP0559-20260916_214726,Gerald,Lloyd,gordondarren@example.net,1988-12-05,0116 4960124,"Flat 09m
Wells View
North Josephine
W1 4EF",Female,Valleyview Mental Wellness NHS Trust,Black,South Africa,Skilled Worker,Nursing,Nursery Nurse,Women & Children,2,12.58,2024-09-19,2024-10-24,15.0,0.4,None,Fixed Term,Inactive,DP175301,2027-01-28,EF701626,2027-03-12,2026-12-25,2024-10-10
EMP0560-20260916_214726,Gary,Bibi,bernard40@example.org,1983-07-22,0306 9990196,"Studio 59
Rogers Common
Hollytown
S51 5RX",Male,Oakridge Community Services NHS Trust,Black,Nigeria,Skilled Worker,Admin,Administrator,Emergency & Urgent Care,3,13.59,2017-12-07,2018-01-04,15.0,0.4,GMC,Permanent,Suspended,YO855173,2029-08-07,MG423133,2027-12-18,2027-09-09,2017-12-28
EMP0561-20260916_214726,Charles,Jones,halljack@example.net,1993-04-05,+44(0)161 496 0349,"026 Lucas Keys
Bethstad
M70 5YX",Female,Southvale Hospitals NHS Trust,White,United Kingdom,Skilled Worker,Admin,Receptionist,Emergency & Urgent Care,3,15.51,2018-02-03,2018-03-17,37.5,1.0,GMC,Bank,Active,VG486461,2028-10-28,FI755647,2027-08-28,2027-02-11,2018-02-24
EMP0562-20260916_214726,Lorraine,Hill,francesca08@example.net,1984-05-02,(0191) 4960504,"Flat 65
Alice Lock
Katetown
M3G 5NN",Male,Riverbank General Hospitals NHS Trust,White,Canada,British Citizen,Medical,Consultant,Women & Children,CONS,70.43,2017-10-11,2017-11-08,15.0,0.4,HCPC,Fixed Term,On Leave,AO852611,2028-06-21,KM197651,2027-11-04,2027-09-07,2017-11-01
EMP0563-20260916_214726,June,Holmes,james38@example.org,1967-01-13,+44(0)151 496 0883,"74 Abdul Freeway
Lake Gregorymouth
L65 6BG",Female,Greenhaven Acute & Specialist Care NHS Trust,Black,Nigeria,British Citizen,Nursing,Nursery Nurse,Medicine & Acute Care,2,14.19,2026-06-14,2026-07-12,20.0,0.53,HCPC,Permanent,Active,NB576719,2029-05-16,QK422010,2027-01-08,2027-09-06,2026-07-05
EMP0564-20260916_214726,Malcolm,Phillips,helenjackson@example.net,1968-04-28,+44116 4960616,"65 Paige Mill
West June
CV4H 8YX",Male,Southvale Hospitals NHS Trust,White,New Zealand,British Citizen,Medical,FY1/FY2,Emergency & Urgent Care,FY1,19.19,2021-09-16,2021-10-21,20.0,0.53,None,Bank,Inactive,QH646311,2030-01-07,VP621444,2027-06-28,2027-08-02,2021-10-07
EMP0565-20260916_214726,Jemma,Macdonald,lydia63@example.com,2000-02-25,(0131) 496 0964,"Studio 4
Laura Curve
East Geraldside
BS5W 2DX",Female,Southgate Community & Mental Health NHS Trust,White,Australia,British Citizen,Medical,Consultant,Clinical Support Services,CONS,59.67,2018-10-16,2018-11-27,18.75,0.5,HCPC,Bank,Inactive,TJ019539,2031-06-13,VB570745,2030-11-01,2027-06-23,2018-11-06
EMP0566-20260916_214726,Stephen,Edwards,stephaniethompson@example.net,1964-08-01,+44(0)114 4960970,"Studio 30
Watson Green
Manninghaven
S5D 0BJ",Male,Riverbank General Hospitals NHS Trust,White,United States,British Citizen,AHP,Physiotherapist,Critical Care & Anaesthesia,6,24.51,2022-03-07,2022-04-18,18.75,0.5,NMC,Bank,Suspended,MV706069,2031-04-04,WF487354,2029-04-02,2027-09-15,2022-03-28
EMP0567-20260916_214726,Lisa,Wyatt,joyce76@example.org,1999-05-12,(0118)4960092,"047 Kenneth Underpass
Abigailtown
N89 3GN",Female,Oakridge Community Services NHS Trust,Mixed,Barbados,British Citizen,Nursing,Staff Nurse,Surgery & Cancer,5,20.75,2017-08-23,2017-10-04,18.75,0.5,HCPC,Bank,Suspended,TB810926,2031-03-29,TF474449,2031-03-18,2027-05-11,2017-09-13
EMP0568-20260916_214726,Kevin,Abbott,huntbrian@example.net,1972-12-13,01414960613,"715 Price Manors
East Abigailmouth
EC40 7WR",Male,Bluewater Community & Rehabilitation NHS Trust,Mixed,Thailand,British Citizen,Nursing,Ward Manager,Women & Children,8A,31.69,2021-11-07,2021-12-05,15.0,0.4,HCPC,Fixed Term,On Leave,ZH944330,2030-04-24,IU620803,2029-05-19,2027-02-10,2021-11-28
EMP0569-20260916_214726,Maurice,Hall,irenemartin@example.com,1981-07-30,(0114)4960307,"897 Chelsea Lake
West Laurenland
G41 2TA",Female,Westborough Acute Care NHS Trust,Mixed,Barbados,ILR,Medical,FY1/FY2,Corporate Services,FY1,19.54,2022-06-13,2022-07-11,15.0,0.4,None,Permanent,On Leave,LD578212,2028-10-29,HN464334,2030-07-31,2027-01-30,2022-07-04
EMP0570-20260916_214726,Alexander,Taylor,aaron95@example.org,2000-03-17,0151 4960311,"Flat 21z
Hollie Manor
Hazelside
L91 4AW",Male,Westborough Acute Care NHS Trust,Mixed,Thailand,ILR,Medical,FY1/FY2,Emergency & Urgent Care,FY1,20.86,2021-12-27,2022-01-31,20.0,0.53,None,Permanent,Active,UY596715,2029-01-03,CU710094,2029-12-12,2027-01-08,2022-01-17
EMP0571-20260916_214726,Kim,Williamson,parkinmaria@example.net,1990-08-01,01214960796,"Studio 9
Wood Green
East Nathanmouth
E9 3RN",Male,Broadfield Clinical Services NHS Trust,Asian,India,British Citizen,Nursing,Nursery Nurse,Clinical Support Services,2,14.35,2023-03-23,2023-05-04,30.0,0.8,GMC,Fixed Term,Suspended,KL644971,2030-05-02,CR713429,2027-08-09,2026-09-20,2023-04-13
EMP0572-20260916_214726,Aaron,Payne,jwest@example.com,1982-04-09,(0113) 4960782,"95 Hilton Ferry
Lisaton
B0 5AQ",Male,Greenhaven Acute & Specialist Care NHS Trust,Asian,Thailand,Skilled Worker,AHP,Occupational Therapist,Medicine & Acute Care,6,25.8,2026-05-30,2026-07-11,15.0,0.4,GMC,Bank,Inactive,WN768527,2026-10-07,OZ266835,2031-01-11,2026-12-16,2026-06-20
EMP0573-20260916_214726,James,Oliver,nallen@example.com,1991-02-05,(020) 74960366,"933 Adams Keys
East Brenda
M7D 8NR",Female,Meadowbrook Community Health NHS Trust,Mixed,Jamaica,Skilled Worker,Admin,Data Analyst,Emergency & Urgent Care,8A,29.74,2021-10-19,2021-11-23,37.5,1.0,None,Fixed Term,On Leave,LH130069,2029-03-09,XV056347,2030-12-28,2026-10-24,2021-11-09
EMP0574-20260916_214726,Elliott,Brown,dcox@example.com,1991-04-26,0113 496 0542,"Studio 3
Talbot Greens
West Garethberg
G4 1FD",Female,Meadowbrook Community Health NHS Trust,White,United Kingdom,ILR,Admin,Administrator,Critical Care & Anaesthesia,3,15.79,2016-09-23,2016-10-21,18.75,0.5,NMC,Permanent,Suspended,YX697662,2027-07-05,HW151030,2028-06-05,2026-11-23,2016-10-14
EMP0575-20260916_214726,Kieran,Morton,jonescallum@example.com,2004-05-24,+44118 496 0264,"Flat 9
Glenn View
East Norman
LA8 0PE",Male,Southgate Community & Mental Health NHS Trust,White,Canada,British Citizen,Medical,Registrar,Medicine & Acute Care,SPR,36.91,2026-09-13,2026-10-18,20.0,0.53,None,Fixed Term,On Leave,CV366643,2026-12-14,WC779495,2027-02-22,2027-06-04,2026-10-04
EMP0576-20260916_214726,Cameron,Morrison,victoria87@example.org,1978-11-25,+44151 4960352,"Flat 00l
Brenda Crest
Daviesmouth
TS62 8XW",Male,Horizon Integrated Health Partnership NHS Trust,Black,Barbados,ILR,Medical,GP,Critical Care & Anaesthesia,GP,58.83,2023-12-14,2024-01-18,15.0,0.4,NMC,Bank,Inactive,KB154991,2029-04-27,XP380344,2031-07-24,2027-07-28,2024-01-04
EMP0577-20260916_214726,Roger,Bates,ahamilton@example.org,1971-07-18,+44(0)1134960213,"4 Young Walk
Port Hilary
SA2 4QA",Female,Broadfield Clinical Services NHS Trust,Mixed,Jamaica,British Citizen,AHP,Physiotherapist,Critical Care & Anaesthesia,6,26.15,2020-06-21,2020-07-26,37.5,1.0,HCPC,Permanent,Inactive,NW857961,2027-06-06,BO977482,2028-09-09,2027-02-02,2020-07-12
EMP0578-20260916_214726,Rita,Graham,pfisher@example.com,1968-05-20,0306 999 0630,"Studio 67
Watson Club
Port Kerry
NN98 4AZ",Female,Midlands Central Hospitals NHS Trust,White,United States,Skilled Worker,AHP,Pharmacist,Women & Children,5,22.98,2025-06-06,2025-07-18,18.75,0.5,GMC,Permanent,On Leave,WG660199,2031-08-05,LV958987,2027-07-16,2027-04-08,2025-06-27
EMP0579-20260916_214726,Dominic,Swift,carrsarah@example.net,1996-12-16,+44(0)113 4960164,"9 Davis Pines
Brownfurt
G1G 3WR",Female,Westborough Acute Care NHS Trust,Mixed,Australia,British Citizen,Medical,SHO,Critical Care & Anaesthesia,SHO,29.47,2017-12-06,2018-01-03,37.5,1.0,HCPC,Fixed Term,Inactive,RH570216,2027-07-04,BW697258,2030-03-17,2027-03-24,2017-12-27
EMP0580-20260916_214726,Brian,Spencer,matthew97@example.com,1982-07-05,+441514960758,"960 Moore Via
West Annechester
LU50 4FL",Male,Westborough Acute Care NHS Trust,Black,Jamaica,Dependent,AHP,Speech Therapist,Medicine & Acute Care,6,27.67,2022-08-12,2022-09-16,20.0,0.53,None,Bank,On Leave,VA329271,2031-05-05,XR862714,2031-05-16,2027-06-24,2022-09-02
EMP0581-20260916_214726,Jodie,Murphy,tinarobinson@example.org,1981-11-22,0292018690,"Flat 8
Leonard Curve
Margaretchester
M33 4XW",Female,Riverbank General Hospitals NHS Trust,Mixed,China,ILR,Medical,FY1/FY2,Clinical Support Services,FY1,18.58,2017-09-28,2017-10-26,30.0,0.8,None,Permanent,Suspended,SO127004,2031-06-22,DL432589,2029-06-16,2026-12-03,2017-10-19
EMP0582-20260916_214726,Karl,Williams,clarkjoshua@example.com,1987-10-26,(0151) 496 0159,"Studio 3
Davies Squares
Evansside
NP2 7SF",Female,Midlands Central Hospitals NHS Trust,Black,Barbados,British Citizen,Admin,Receptionist,Clinical Support Services,3,15.89,2025-07-16,2025-08-13,20.0,0.53,HCPC,Fixed Term,Inactive,XD057964,2026-10-01,GW024070,2026-10-31,2027-09-05,2025-08-06
EMP0583-20260916_214726,Sarah,Vincent,whanson@example.com,1974-10-11,(0117)4960912,"54 Williams Fords
Kieranton
W7U 6LL",Female,Valleyview Mental Wellness NHS Trust,Black,Nigeria,Dependent,Nursing,Charge Nurse,Critical Care & Anaesthesia,7,28.47,2018-01-17,2018-02-14,15.0,0.4,NMC,Permanent,Suspended,ZO897191,2031-01-21,AQ150115,2029-12-10,2027-05-26,2018-02-07
EMP0584-20260916_214726,Russell,Gill,halealison@example.net,1962-12-04,01134960420,"995 Vincent Valley
South Amanda
W1 6JS",Male,Westmere Community Health NHS Trust,Black,Barbados,Dependent,Admin,Medical Secretary,Critical Care & Anaesthesia,4,16.91,2019-10-10,2019-11-21,15.0,0.4,None,Bank,Active,QM169676,2027-12-19,MI283768,2029-12-15,2027-04-15,2019-10-31
EMP0585-20260916_214726,Paula,Richards,mharrison@example.net,1990-02-11,(0141) 4960682,"9 Martyn Shores
New Allanport
OL76 7HJ",Female,Eastfield Psychological Services NHS Trust,White,Canada,British Citizen,Medical,Registrar,Surgery & Cancer,SPR,42.0,2025-07-09,2025-08-20,18.75,0.5,NMC,Permanent,Suspended,KF754695,2027-06-26,MP140079,2027-02-27,2026-09-29,2025-07-30
EMP0586-20260916_214726,Phillip,Roberts,uelliott@example.org,1970-07-20,+44(0)8081570740,"9 Tom River
Hooperchester
G3K 1AW",Female,Hillcrest Medical Centres NHS Trust,Mixed,Canada,British Citizen,Nursing,Healthcare Assistant,Corporate Services,2,12.58,2022-08-16,2022-09-13,20.0,0.53,NMC,Fixed Term,On Leave,VV373209,2027-10-25,JZ838282,2028-04-29,2026-11-28,2022-09-06
EMP0587-20260916_214726,Lydia,Byrne,bellmargaret@example.org,1969-02-14,+44(0)115 496 0493,"77 William Via
Robinsonfort
SS6X 6PE",Male,Lakeside District Hospitals NHS Trust,Mixed,China,Skilled Worker,Admin,Receptionist,Critical Care & Anaesthesia,3,15.89,2019-04-09,2019-05-14,15.0,0.4,HCPC,Bank,Suspended,SH439346,2028-03-01,PO132641,2029-09-09,2027-08-18,2019-04-30
EMP0588-20260916_214726,Adrian,Clark,amy29@example.net,1975-05-15,0115 4960699,"Studio 00y
Michelle Gardens
Leeside
E7 5SY",Female,Westmere Community Health NHS Trust,White,Canada,Skilled Worker,Nursing,Senior Staff Nurse,Medicine & Acute Care,6,27.21,2019-04-26,2019-05-31,30.0,0.8,GMC,Permanent,On Leave,ZJ946491,2026-10-18,SY760344,2029-11-07,2027-06-13,2019-05-17
EMP0589-20260916_214726,Kirsty,Carter,joan90@example.org,1969-05-08,+44131 496 0257,"Flat 5
Rebecca Street
Rosiemouth
E70 2AF",Female,Midlands Central Hospitals NHS Trust,Black,South Africa,ILR,Admin,Data Analyst,Surgery & Cancer,8A,29.89,2018-09-08,2018-10-06,20.0,0.53,None,Bank,Active,UE536319,2027-05-31,MH392665,2026-11-17,2026-12-29,2018-09-29
EMP0590-20260916_214726,Suzanne,Carter,oarnold@example.net,2004-05-11,+44(0)115 4960933,"99 Stuart Rest
Williamsport
IP19 6BQ",Female,Bluewater Community & Rehabilitation NHS Trust,Black,Jamaica,Skilled Worker,Admin,Receptionist,Women & Children,3,13.84,2018-01-31,2018-03-14,20.0,0.53,NMC,Bank,Suspended,UV942688,2031-04-10,EM232522,2027-03-26,2027-08-16,2018-02-21
EMP0591-20260916_214726,Naomi,Sharpe,katiehayes@example.com,1971-12-04,+449098790046,"561 Robinson Shore
Russellfurt
S6E 4GY",Male,Westmere Community Health NHS Trust,Black,Trinidad and Tobago,Skilled Worker,Medical,SHO,Clinical Support Services,SHO,30.7,2019-07-07,2019-08-04,15.0,0.4,NMC,Permanent,Suspended,YN142249,2029-02-11,WQ267960,2027-08-12,2027-08-07,2019-07-28
EMP0592-20260916_214726,David,Hughes,ushaw@example.org,1969-10-01,+44(0)151 4960874,"Studio 63
Moss Summit
Walkermouth
CB5N 9WX",Male,Bluewater Community & Rehabilitation NHS Trust,Black,Jamaica,British Citizen,AHP,Physiologist,Medicine & Acute Care,6,27.08,2017-12-07,2018-01-11,30.0,0.8,NMC,Permanent,Active,XX226082,2030-10-25,MS990074,2028-03-10,2026-10-21,2017-12-28
EMP0593-20260916_214726,Robert,Hudson,elaineaustin@example.net,2006-11-22,0115 496 0623,"Studio 08F
Jodie Heights
West Terry
DT96 3AF",Male,Eastmoor Teaching Hospitals NHS Trust,Black,Jamaica,Skilled Worker,AHP,Radiographer,Clinical Support Services,6,25.39,2025-12-11,2026-01-15,37.5,1.0,NMC,Permanent,Inactive,AM050955,2027-11-12,XR002686,2026-10-20,2027-07-29,2026-01-01
EMP0594-20260916_214726,Graeme,Hyde,paigeharris@example.org,1980-11-28,+44(0)29 2018048,"Flat 7
Hutchinson Street
Carlytown
OL1 4ZF",Female,Valleyview Mental Wellness NHS Trust,Black,Nigeria,Dependent,Medical,Consultant,Critical Care & Anaesthesia,CONS,62.89,2024-01-26,2024-03-01,18.75,0.5,None,Bank,Active,SH137269,2030-07-22,YI154455,2029-09-13,2026-10-30,2024-02-16
EMP0595-20260916_214726,Fiona,Brown,jpatel@example.net,2008-04-26,+44(0)118 4960446,"88 Andrews Prairie
Port Rossburgh
RG3 1TA",Female,Oakridge Community Services NHS Trust,White,United States,British Citizen,Medical,FY1/FY2,Surgery & Cancer,FY1,18.82,2018-05-22,2018-06-19,30.0,0.8,None,Permanent,Active,GX330332,2028-03-28,NQ549149,2027-07-16,2027-08-04,2018-06-12
EMP0596-20260916_214726,Emma,Phillips,eleanor04@example.com,1960-12-03,0306 9990062,"Flat 30
Katherine Burg
Griffinshire
WF5W 6XQ",Female,Northwood Mental Health NHS Trust,White,United States,British Citizen,Medical,Registrar,Women & Children,SPR,35.78,2024-04-23,2024-05-28,30.0,0.8,HCPC,Fixed Term,Inactive,GX242323,2031-07-30,VK870577,2027-09-21,2027-03-31,2024-05-14
EMP0597-20260916_214726,Gerard,Lawrence,cedwards@example.net,1966-10-27,+44(0)28 9018 0524,"3 Diana Tunnel
Charlenefurt
DG8E 0RH",Female,Northwood Mental Health NHS Trust,Mixed,New Zealand,Skilled Worker,AHP,Pharmacist,Corporate Services,5,20.57,2021-12-20,2022-01-31,20.0,0.53,None,Permanent,On Leave,QA928582,2029-06-02,AL497342,2029-01-30,2026-12-10,2022-01-10
EMP0598-20260916_214726,Gerard,Mason,naomifrench@example.net,1995-03-03,+44117 496 0081,"Flat 48
Jenna Tunnel
Lewisbury
B5K 1AH",Female,Westborough Acute Care NHS Trust,Asian,India,Dependent,Nursing,Nursery Nurse,Women & Children,2,14.04,2025-11-14,2025-12-12,18.75,0.5,NMC,Permanent,Active,EK399546,2030-04-01,ER324988,2029-08-30,2027-03-28,2025-12-05
EMP0599-20260916_214726,Mandy,Davis,coxraymond@example.com,1968-08-25,(0118) 4960262,"7 Daniel Passage
Mollyberg
NW9P 8DQ",Female,Riverbank General Hospitals NHS Trust,Black,Barbados,Skilled Worker,Admin,Medical Secretary,Emergency & Urgent Care,4,19.4,2024-02-06,2024-03-05,37.5,1.0,GMC,Bank,Suspended,WZ805631,2026-10-22,AS005051,2029-08-13,2027-04-03,2024-02-27
EMP0600-20260916_214726,Stacey,Mason,ooliver@example.org,1996-08-23,(0113) 4960670,"332 Shane Rapids
Port Mandyport
E5 4RD",Female,Southgate Community & Mental Health NHS Trust,White,Australia,ILR,AHP,Pharmacist,Corporate Services,5,19.51,2016-09-19,2016-10-17,30.0,0.8,None,Bank,On Leave,LP926190,2027-06-22,HI541297,2026-11-24,2027-05-26,2016-10-10
EMP0601-20260916_214726,Jayne,Clark,craigjackson@example.com,1974-01-10,08081570179,"28 Gardiner Locks
Port Mitchellshire
S8 1GS",Male,Westmere Community Health NHS Trust,Asian,India,ILR,Admin,Receptionist,Emergency & Urgent Care,3,13.78,2018-03-23,2018-04-27,15.0,0.4,NMC,Bank,Active,GY579584,2030-09-30,BV296492,2029-02-16,2027-03-20,2018-04-13
EMP0602-20260916_214726,Michelle,Riley,rjones@example.org,1965-04-06,(0113)4960187,"4 Robinson Square
Port Raymond
LE1W 5HU",Female,Westmere Community Health NHS Trust,Mixed,Barbados,ILR,Admin,Medical Secretary,Clinical Support Services,4,16.37,2020-12-13,2021-01-10,18.75,0.5,None,Permanent,On Leave,FM527908,2026-10-06,CH337406,2030-02-18,2026-10-02,2021-01-03
EMP0603-20260916_214726,Darren,Evans,marilyndunn@example.org,1966-03-03,+4428 9018078,"8 Jones Prairie
Elliemouth
SW9A 9LH",Male,Midlands Central Hospitals NHS Trust,White,Canada,Skilled Worker,Medical,SHO,Clinical Support Services,SHO,27.61,2017-06-22,2017-07-20,15.0,0.4,HCPC,Permanent,Inactive,SZ646274,2029-05-18,ZU706237,2030-12-21,2026-12-22,2017-07-13
EMP0604-20260916_214726,Josh,Chambers,harrietjames@example.com,1979-06-26,+44(0)1214960849,"5 Chapman Circle
Terryfort
DY15 2AT",Male,Eastmoor Teaching Hospitals NHS Trust,Black,Trinidad and Tobago,Dependent,Admin,Medical Secretary,Clinical Support Services,4,16.7,2021-04-23,2021-05-28,30.0,0.8,NMC,Permanent,On Leave,QH366223,2027-10-03,DZ230914,2029-04-07,2027-02-09,2021-05-14
EMP0605-20260916_214726,Bruce,Finch,barlowshirley@example.com,1964-07-05,(0161) 4960776,"Studio 6
Terry Plaza
Bradleyburgh
WS8 9EB",Female,Meadowbrook Community Health NHS Trust,Asian,Japan,Dependent,Admin,Administrator,Medicine & Acute Care,3,14.5,2018-12-14,2019-01-11,18.75,0.5,HCPC,Fixed Term,On Leave,CL312817,2028-04-21,HX976501,2027-09-10,2027-05-13,2019-01-04
EMP0606-20260916_214726,Karen,Parry,anna66@example.com,1992-11-21,(0114)4960977,"Studio 33
Martin Gateway
Jakestad
TR8B 3ZP",Male,Westborough Acute Care NHS Trust,Asian,China,ILR,Admin,Administrator,Critical Care & Anaesthesia,3,13.34,2021-01-08,2021-02-19,20.0,0.53,GMC,Bank,On Leave,HW497538,2027-10-01,CM374222,2029-11-02,2027-09-13,2021-01-29
EMP0607-20260916_214726,Abigail,Turner,carldunn@example.com,1993-03-18,+44(0)1414960339,"3 Ellis Summit
Port Sianshire
TN0P 1XH",Female,Bluewater Community & Rehabilitation NHS Trust,Asian,Japan,Dependent,Medical,GP,Clinical Support Services,GP,61.12,2022-07-11,2022-08-08,37.5,1.0,None,Bank,On Leave,EQ141224,2030-03-02,SX619785,2030-01-03,2026-12-17,2022-08-01
EMP0608-20260916_214726,Stephen,Byrne,brendanewman@example.org,2002-02-24,(0116) 4960707,"Studio 86
Glen Loop
Rhysside
WN2 6JX",Male,Meadowbrook Community Health NHS Trust,Mixed,Australia,Skilled Worker,Medical,FY1/FY2,Clinical Support Services,FY1,21.52,2020-08-26,2020-09-30,15.0,0.4,GMC,Permanent,On Leave,DE857546,2031-01-18,KB981908,2031-07-10,2027-03-10,2020-09-16
EMP0609-20260916_214726,Hollie,Lowe,evansrosemary@example.net,1992-02-25,+441514960773,"Studio 7
Anna Lakes
Leeton
LA77 5EB",Female,Northshire University Hospitals NHS Trust,White,New Zealand,ILR,Medical,GP,Clinical Support Services,GP,59.84,2025-08-30,2025-09-27,37.5,1.0,HCPC,Bank,Suspended,VB448222,2029-06-19,GC381551,2028-05-02,2027-05-07,2025-09-20
EMP0610-20260916_214726,Phillip,Mistry,dennisbates@example.net,1979-06-17,(0141)4960228,"773 William Lodge
Parrybury
E8 2LU",Male,Eastfield Psychological Services NHS Trust,Mixed,South Africa,Skilled Worker,Medical,Consultant,Critical Care & Anaesthesia,CONS,53.25,2023-02-15,2023-03-29,18.75,0.5,NMC,Permanent,Active,EL906539,2031-07-15,QL045828,2030-03-05,2027-01-15,2023-03-08
EMP0611-20260916_214726,Mitchell,Williams,mohamed48@example.net,2002-04-27,(0115)4960049,"Flat 92
Nicholls Light
Lake Jillmouth
B9E 7DS",Male,Riverbank General Hospitals NHS Trust,White,United Kingdom,Skilled Worker,Medical,FY1/FY2,Clinical Support Services,FY1,21.53,2025-10-27,2025-12-01,20.0,0.53,None,Bank,Inactive,CF207924,2027-07-16,QA506061,2029-06-17,2027-08-17,2025-11-17
EMP0612-20260916_214726,Jane,Thompson,taylormelanie@example.net,1977-09-13,01414960134,"Flat 30c
Parkinson Radial
Robinsonborough
E90 0FL",Male,Oakridge Community Services NHS Trust,Mixed,Australia,Dependent,AHP,Speech Therapist,Critical Care & Anaesthesia,6,22.65,2016-11-29,2016-12-27,20.0,0.53,GMC,Fixed Term,Inactive,HX797725,2031-07-09,JF201315,2028-03-22,2026-12-09,2016-12-20
EMP0613-20260916_214726,Glenn,Vincent,callumperry@example.net,1990-09-10,(029)2018115,"Studio 62g
Kieran Views
Josephineborough
CB92 1LL",Male,Hillcrest Medical Centres NHS Trust,Asian,China,ILR,Admin,Data Analyst,Critical Care & Anaesthesia,8A,30.05,2017-02-25,2017-03-25,37.5,1.0,GMC,Bank,On Leave,XG586871,2027-11-13,OX649581,2029-09-09,2027-01-27,2017-03-18
EMP0614-20260916_214726,Frederick,Smith,patriciagriffiths@example.org,1965-08-19,+44909 879 0071,"Studio 56
Anna Course
Port Ashleigh
G5 1TF",Male,Riverside Integrated Care NHS Trust,Mixed,United Kingdom,ILR,Admin,Data Analyst,Medicine & Acute Care,8A,31.54,2023-05-28,2023-07-02,37.5,1.0,HCPC,Fixed Term,Suspended,QN193811,2029-12-07,SI741383,2031-08-06,2027-08-31,2023-06-18
EMP0615-20260916_214726,Vanessa,Wright,russell10@example.com,1977-06-21,+441914960126,"Studio 5
Bethan Trafficway
Lake Elliotport
DT4M 8JD",Female,Bluewater Community & Rehabilitation NHS Trust,Black,Jamaica,Skilled Worker,AHP,Speech Therapist,Medicine & Acute Care,6,27.68,2018-09-18,2018-10-23,30.0,0.8,NMC,Bank,On Leave,ER647945,2028-06-14,SO840761,2028-07-16,2027-02-13,2018-10-09
EMP0616-20260916_214726,Stacey,Curtis,claytonsian@example.net,2002-04-06,(0118) 4960016,"Flat 55
Carter Square
Thorntonberg
LS20 1AW",Male,Riverside Integrated Care NHS Trust,Mixed,United States,ILR,AHP,Physiotherapist,Women & Children,6,27.31,2026-02-02,2026-03-09,30.0,0.8,GMC,Fixed Term,On Leave,MI032441,2030-10-21,EA678746,2027-06-25,2026-10-22,2026-02-23
EMP0617-20260916_214726,Terence,Craig,nicolabarry@example.com,1975-03-06,(0116)4960331,"Studio 2
Butler Street
Port Francis
L82 1NN",Female,Lakeside District Hospitals NHS Trust,Mixed,South Africa,British Citizen,Medical,GP,Women & Children,GP,58.22,2020-09-11,2020-10-23,20.0,0.53,HCPC,Permanent,Suspended,PG235735,2030-02-01,TW257823,2030-07-27,2027-07-10,2020-10-02
EMP0618-20260916_214726,Kathryn,White,arthurstephenson@example.net,1966-02-15,0131 4960688,"Studio 7
Shaun Curve
North Marcusstad
B2E 6PH",Female,Riverbank General Hospitals NHS Trust,Asian,China,Dependent,Nursing,Nursery Nurse,Critical Care & Anaesthesia,2,14.26,2025-02-26,2025-04-02,37.5,1.0,GMC,Bank,On Leave,WE298209,2028-12-16,DL581433,2027-02-03,2027-06-27,2025-03-19
EMP0619-20260916_214726,Eileen,Nolan,masonbeth@example.org,1966-02-10,+44(0)161 496 0010,"2 Pritchard Glen
Sianmouth
G43 8XX",Female,Bluewater Community & Rehabilitation NHS Trust,Asian,Thailand,Skilled Worker,AHP,Occupational Therapist,Medicine & Acute Care,6,22.68,2020-12-07,2021-01-18,15.0,0.4,None,Bank,Active,YM713150,2030-04-05,CU068217,2030-03-23,2026-11-10,2020-12-28
EMP0620-20260916_214726,Adrian,Bishop,dhamilton@example.org,1983-04-02,01314960206,"322 Hawkins Green
Cameronshire
E5 9YL",Female,Riverside Integrated Care NHS Trust,Black,Kenya,Skilled Worker,Admin,Data Analyst,Emergency & Urgent Care,8A,31.58,2024-05-27,2024-07-01,30.0,0.8,GMC,Bank,Inactive,NQ878224,2027-05-25,AQ055689,2027-06-11,2026-11-28,2024-06-17
EMP0621-20260916_214726,Judith,Smith,carlthomas@example.org,1962-05-06,0131 496 0287,"Flat 84
Phillips Gateway
New Dylan
M0H 0PW",Female,Riverbank General Hospitals NHS Trust,White,United Kingdom,ILR,Medical,Registrar,Emergency & Urgent Care,SPR,34.67,2025-11-02,2025-12-07,30.0,0.8,NMC,Bank,Inactive,FH474441,2028-05-23,AJ446401,2027-12-16,2027-08-27,2025-11-23
EMP0622-20260916_214726,Hayley,Butler,vfuller@example.net,1983-05-19,+44(0)20 74960407,"Studio 60i
Cross Tunnel
Billyville
ZE8 1FZ",Female,Northwood Mental Health NHS Trust,White,New Zealand,ILR,Admin,Administrator,Critical Care & Anaesthesia,3,15.31,2021-06-18,2021-07-23,20.0,0.53,GMC,Bank,Suspended,TP493172,2030-03-22,OS269885,2030-06-24,2027-06-08,2021-07-09
EMP0623-20260916_214726,Stacey,Doyle,john33@example.com,1970-06-14,+44116 496 0553,"Flat 90
Sian Viaduct
Hughesport
E32 3YB",Male,Horizon Integrated Health Partnership NHS Trust,Mixed,Japan,Dependent,Nursing,Charge Nurse,Emergency & Urgent Care,7,31.16,2018-03-02,2018-03-30,20.0,0.53,NMC,Bank,Inactive,YJ911933,2028-03-27,UI963928,2027-05-10,2027-05-22,2018-03-23
EMP0624-20260916_214726,Danielle,Phillips,evansdarren@example.com,1968-11-21,+44(0)118 4960522,"8 Mohammed Ferry
Lake Jill
L4 3RP",Female,Greenhaven Acute & Specialist Care NHS Trust,White,Canada,British Citizen,Medical,FY1/FY2,Corporate Services,FY1,20.11,2026-04-02,2026-05-07,18.75,0.5,GMC,Permanent,Suspended,JZ437708,2029-02-28,SJ803096,2028-08-04,2026-11-21,2026-04-23
EMP0625-20260916_214726,Jasmine,Hart,denis66@example.org,1992-01-16,+44(0)116 496 0454,"779 Aaron Circle
Daviesbury
N4H 7UE",Female,Valleyview Mental Wellness NHS Trust,Asian,Thailand,British Citizen,Admin,Administrator,Critical Care & Anaesthesia,3,14.66,2021-06-16,2021-07-28,30.0,0.8,None,Bank,Active,KQ745296,2029-06-08,UT920806,2031-03-10,2026-10-05,2021-07-07
EMP0626-20260916_214726,Debra,Carter,simonferguson@example.net,1970-12-30,+44(0)1314960010,"2 Jessica Glen
West Josephinemouth
PA44 1GN",Female,Southvale Hospitals NHS Trust,White,United Kingdom,British Citizen,Nursing,Healthcare Assistant,Corporate Services,2,13.53,2018-01-25,2018-03-08,15.0,0.4,HCPC,Fixed Term,Active,UJ282827,2029-09-09,UO434045,2029-08-18,2026-10-19,2018-02-15
EMP0627-20260916_214726,Dawn,Johnson,samuelrees@example.org,1963-07-04,0909 8790239,"Flat 87e
Abigail Forges
West Georgina
CW2 0ZX",Female,Hillcrest Medical Centres NHS Trust,Black,South Africa,ILR,Medical,Registrar,Corporate Services,SPR,35.68,2023-06-12,2023-07-17,15.0,0.4,NMC,Fixed Term,On Leave,YF429519,2027-04-26,SZ110730,2029-07-17,2027-08-18,2023-07-03
EMP0628-20260916_214726,Claire,Bennett,robertsjordan@example.net,1972-11-09,+44161 496 0625,"Studio 9
Jacqueline Terrace
Oliverfurt
AB57 9SP",Female,Westborough Acute Care NHS Trust,Black,Barbados,Skilled Worker,Admin,Receptionist,Corporate Services,3,16.38,2018-08-19,2018-09-30,20.0,0.53,GMC,Fixed Term,On Leave,IA324576,2030-06-21,AQ460443,2027-06-11,2027-08-26,2018-09-09
EMP0629-20260916_214726,Jeffrey,Dennis,katy41@example.net,2005-10-14,+44(0)151 496 0440,"75 Joyce Road
Smithmouth
B50 7WH",Male,Lakeside District Hospitals NHS Trust,Black,Ghana,ILR,AHP,Physiotherapist,Clinical Support Services,6,26.44,2025-03-22,2025-04-26,18.75,0.5,HCPC,Permanent,Inactive,SN900575,2028-11-30,SM375828,2030-07-25,2026-09-30,2025-04-12
EMP0630-20260916_214726,Linda,Campbell,greenjoel@example.org,1961-04-05,0117 4960893,"68 Metcalfe Courts
Sheilabury
N2W 5RL",Female,Valleyview Mental Wellness NHS Trust,Asian,Japan,Skilled Worker,AHP,Occupational Therapist,Medicine & Acute Care,6,24.83,2022-11-03,2022-12-01,18.75,0.5,GMC,Permanent,Suspended,YD471827,2031-06-21,YW631346,2031-04-16,2027-04-19,2022-11-24
EMP0631-20260916_214726,Anne,Kay,dawn60@example.net,1965-01-27,(0114) 496 0490,"1 Parsons Junctions
West Grace
L35 8RG",Female,Southgate Community & Mental Health NHS Trust,Black,Trinidad and Tobago,Skilled Worker,Medical,Consultant,Critical Care & Anaesthesia,CONS,49.15,2017-08-02,2017-08-30,18.75,0.5,HCPC,Fixed Term,Active,IE572981,2028-08-25,FI634612,2027-06-09,2027-04-02,2017-08-23
EMP0632-20260916_214726,Margaret,May,ashley86@example.com,1961-08-11,+441144960301,"Flat 4
Alison Forks
West Dawn
B3S 6TQ",Male,Hillcrest Medical Centres NHS Trust,Black,Kenya,ILR,Nursing,Staff Nurse,Corporate Services,5,23.01,2021-06-17,2021-07-15,37.5,1.0,None,Permanent,Inactive,SW926807,2029-11-07,IR162610,2030-12-02,2026-12-14,2021-07-08
EMP0633-20260916_214726,Kerry,Abbott,robinoconnor@example.com,1984-10-12,(029) 2018 0714,"333 Hayley Stream
Khanchester
N7W 9SR",Male,Eastmoor Teaching Hospitals NHS Trust,Black,Jamaica,Dependent,Admin,Data Analyst,Corporate Services,8A,32.09,2016-12-06,2017-01-17,20.0,0.53,NMC,Fixed Term,Inactive,RY956285,2029-08-04,CF127419,2029-04-03,2026-10-11,2016-12-27
EMP0634-20260916_214726,Cheryl,Reid,marshcameron@example.net,1978-07-28,+44161 496 0999,"1 Singh Bridge
New Jodie
BB86 1UT",Female,Southvale Hospitals NHS Trust,Mixed,Japan,Dependent,Admin,Medical Secretary,Critical Care & Anaesthesia,4,16.41,2022-11-03,2022-12-01,18.75,0.5,GMC,Permanent,On Leave,WY770885,2028-10-16,VP664838,2029-02-18,2026-12-12,2022-11-24
EMP0635-20260916_214726,Lucy,Robinson,trichardson@example.com,2003-12-26,(020)74960742,"476 Amelia Ridge
Williamshaven
RH02 6PP",Male,Northwood Mental Health NHS Trust,White,New Zealand,British Citizen,Admin,Medical Secretary,Corporate Services,4,15.58,2019-12-07,2020-01-04,18.75,0.5,None,Fixed Term,Suspended,VA263181,2029-12-14,TP122573,2029-09-08,2027-09-05,2019-12-28
EMP0636-20260916_214726,Emily,Butcher,emiller@example.com,1996-02-12,0118 496 0034,"793 Booth Greens
Hollymouth
IG99 4TG",Female,Midlands Central Hospitals NHS Trust,Black,Nigeria,Skilled Worker,AHP,Occupational Therapist,Critical Care & Anaesthesia,6,24.51,2017-06-02,2017-07-07,18.75,0.5,NMC,Fixed Term,Suspended,PW183523,2031-08-02,JH454664,2028-03-29,2027-01-19,2017-06-23
EMP0637-20260916_214726,Holly,Wright,helen69@example.org,2001-12-26,0191 4960610,"Flat 84C
Haynes Coves
Lake Dorothyville
LE1 9HF",Female,Westborough Acute Care NHS Trust,White,New Zealand,British Citizen,Medical,FY1/FY2,Corporate Services,FY1,19.81,2020-09-17,2020-10-15,18.75,0.5,GMC,Fixed Term,Active,BY911725,2029-11-22,PC020430,2030-08-18,2027-08-07,2020-10-08
EMP0638-20260916_214726,Jade,Jenkins,stewartmiller@example.net,1995-11-14,0113 496 0234,"79 Moore Centers
Henrystad
L14 1FU",Female,Westborough Acute Care NHS Trust,Black,Jamaica,Dependent,AHP,Occupational Therapist,Medicine & Acute Care,6,23.62,2022-09-19,2022-10-17,20.0,0.53,None,Fixed Term,Suspended,VY352295,2031-05-08,PR018894,2026-09-19,2026-11-27,2022-10-10
EMP0639-20260916_214726,Julie,Johnson,woodjack@example.org,1985-04-08,(0306) 9990851,"428 Alexander Glen
Halltown
ML69 2PE",Male,Horizon Integrated Health Partnership NHS Trust,White,Canada,ILR,AHP,Occupational Therapist,Clinical Support Services,6,26.16,2017-03-07,2017-04-18,15.0,0.4,None,Fixed Term,Suspended,EZ311182,2028-04-29,VW462295,2031-03-20,2027-06-29,2017-03-28
EMP0640-20260916_214726,Vincent,Thomas,qknight@example.com,2006-08-07,(01632) 960124,"Studio 36N
Allen Lake
West Malcolm
N97 7BR",Male,Westborough Acute Care NHS Trust,Black,Barbados,British Citizen,Nursing,Healthcare Assistant,Emergency & Urgent Care,2,13.62,2023-09-05,2023-10-03,30.0,0.8,NMC,Fixed Term,Suspended,DQ544239,2029-11-29,PH152332,2031-09-01,2026-10-03,2023-09-26
EMP0641-20260916_214726,Eleanor,Shah,nwilliams@example.net,1992-11-19,+442074960193,"15 Williams Pines
East Eleanorside
HP7 4QT",Male,Westborough Acute Care NHS Trust,Black,Kenya,British Citizen,Nursing,Nursery Nurse,Medicine & Acute Care,2,13.98,2022-12-18,2023-01-22,37.5,1.0,None,Permanent,Inactive,GB372374,2030-09-21,RV514716,2028-12-29,2026-10-25,2023-01-08
EMP0642-20260916_214726,Julie,Stokes,cward@example.com,1977-01-07,+44117 496 0309,"97 Walker Ridge
North Leanne
G2K 4PB",Female,Greenhaven Acute & Specialist Care NHS Trust,Mixed,Barbados,Dependent,AHP,Occupational Therapist,Emergency & Urgent Care,6,26.61,2017-03-22,2017-04-19,37.5,1.0,HCPC,Permanent,On Leave,WR205989,2029-04-19,QO484378,2029-11-09,2027-05-19,2017-04-12
EMP0643-20260916_214726,Georgina,Jones,nigel02@example.org,1973-02-08,020 7946 0469,"63 Adams Cliffs
New Darren
CM7B 4SU",Male,Meadowbrook Community Health NHS Trust,Asian,China,Dependent,Admin,Administrator,Emergency & Urgent Care,3,14.92,2020-10-13,2020-11-17,30.0,0.8,NMC,Bank,Inactive,SV402854,2027-08-30,SJ451773,2031-03-09,2027-05-10,2020-11-03
EMP0644-20260916_214726,Toby,Smith,jonesjennifer@example.org,1990-05-23,(020)74960050,"74 Stuart Ports
Chandlertown
M9B 4SX",Male,Riverbank General Hospitals NHS Trust,Mixed,China,British Citizen,AHP,Radiographer,Critical Care & Anaesthesia,6,23.28,2017-09-16,2017-10-28,30.0,0.8,GMC,Permanent,Active,IH926875,2026-09-22,EZ913280,2029-04-14,2027-01-18,2017-10-07
EMP0645-20260916_214726,Amanda,Holden,vpearce@example.net,1981-03-23,0118 4960962,"3 Harding Greens
Thomasburgh
RG0P 4SS",Female,Northwood Mental Health NHS Trust,Black,Trinidad and Tobago,British Citizen,Nursing,Ward Manager,Medicine & Acute Care,8A,28.84,2024-08-21,2024-09-18,30.0,0.8,NMC,Bank,Inactive,FD478679,2030-12-18,ZP566895,2027-04-14,2027-03-29,2024-09-11
EMP0646-20260916_214726,Christopher,Johnson,moorechloe@example.org,2008-03-22,+44(0)121 496 0170,"Flat 29
Charlie Inlet
Port Joel
SG89 6ZP",Female,Riverside Integrated Care NHS Trust,Mixed,Thailand,Skilled Worker,Nursing,Ward Manager,Surgery & Cancer,8A,33.05,2022-01-29,2022-03-05,30.0,0.8,None,Permanent,Inactive,UY513643,2031-03-11,JS162931,2031-07-07,2027-05-30,2022-02-19
EMP0647-20260916_214726,Samantha,Smith,ubrooks@example.net,1967-05-31,0191 4960238,"Studio 9
Watson Loaf
Julianshire
DT1M 6ZS",Male,Eastfield Psychological Services NHS Trust,Asian,India,British Citizen,Admin,Administrator,Women & Children,3,15.94,2021-10-18,2021-11-29,15.0,0.4,None,Fixed Term,Active,NC137081,2028-01-19,AY244303,2029-02-25,2026-09-22,2021-11-08
EMP0648-20260916_214726,Kim,Slater,williamschristian@example.org,1961-01-31,+44808 1570088,"Flat 28s
Duffy Ridges
Lowechester
GU33 9PP",Male,Horizon Integrated Health Partnership NHS Trust,Asian,India,Dependent,Admin,Receptionist,Women & Children,3,15.42,2020-01-28,2020-02-25,15.0,0.4,None,Fixed Term,On Leave,BQ341835,2030-06-17,YM907097,2030-09-23,2027-02-27,2020-02-18
EMP0649-20260916_214726,Richard,Lloyd,xcollins@example.org,1986-01-24,01514960604,"4 Begum Ports
North Cameronfort
DD2 1XP",Male,Southgate Community & Mental Health NHS Trust,Mixed,New Zealand,Dependent,Medical,Consultant,Clinical Support Services,CONS,66.14,2024-09-29,2024-11-03,37.5,1.0,GMC,Bank,On Leave,GU737845,2027-10-03,JV290958,2028-06-09,2027-05-12,2024-10-20
EMP0650-20260916_214726,Julia,Lee,gregory94@example.org,1997-03-10,+441632 960 719,"Studio 47
Lynn Pines
East Cheryl
WD85 3HS",Male,Oakridge Community Services NHS Trust,Asian,Thailand,Skilled Worker,AHP,Speech Therapist,Women & Children,6,25.91,2025-03-10,2025-04-14,20.0,0.53,NMC,Permanent,Suspended,NK360647,2028-12-22,ZD885601,2029-04-08,2027-08-14,2025-03-31
EMP0651-20260916_214726,June,Bradley,sullivanamber@example.com,2000-06-17,+4420 7496 0995,"1 Jordan Ford
Jillview
DE44 2WL",Male,Greenhaven Acute & Specialist Care NHS Trust,White,United States,British Citizen,Nursing,Healthcare Assistant,Surgery & Cancer,2,13.56,2018-07-24,2018-09-04,15.0,0.4,NMC,Permanent,Inactive,PJ690779,2031-07-07,SP024876,2026-12-06,2027-02-04,2018-08-14
EMP0652-20260916_214726,Zoe,Bond,collinsantony@example.net,1980-11-26,+44(0)191 496 0787,"489 Jasmine Loaf
Lake Paige
DY4 6XQ",Male,Northwood Mental Health NHS Trust,Asian,Thailand,Dependent,Medical,Consultant,Clinical Support Services,CONS,58.24,2025-11-06,2025-12-11,20.0,0.53,NMC,Fixed Term,Active,LG280138,2031-07-19,RR432007,2030-07-15,2027-04-19,2025-11-27
EMP0653-20260916_214726,Caroline,White,annahardy@example.com,1980-07-31,0131 496 0375,"Flat 40g
Goddard Cliff
Neilmouth
NW02 3SB",Female,Riverside Integrated Care NHS Trust,Black,South Africa,Dependent,Admin,Administrator,Clinical Support Services,3,14.4,2021-04-24,2021-06-05,30.0,0.8,HCPC,Permanent,Active,KN644695,2028-08-14,IT006137,2030-03-02,2026-10-05,2021-05-15
EMP0654-20260916_214726,Rebecca,Foster,connorperry@example.com,1965-08-16,01174960849,"Studio 88
Donald Knoll
South Reecestad
NN02 7AQ",Female,Bluewater Community & Rehabilitation NHS Trust,Black,Jamaica,Skilled Worker,Medical,GP,Critical Care & Anaesthesia,GP,54.88,2017-02-07,2017-03-21,20.0,0.53,HCPC,Bank,On Leave,PO167233,2030-09-01,FL483161,2031-06-05,2027-01-14,2017-02-28
EMP0655-20260916_214726,Jade,Davies,georgeford@example.net,2005-03-21,(0141) 496 0487,"228 Harris Parkway
Stephensville
B6 2GA",Female,Valleyview Mental Wellness NHS Trust,White,Canada,Skilled Worker,Medical,Consultant,Critical Care & Anaesthesia,CONS,59.55,2020-11-07,2020-12-05,15.0,0.4,NMC,Permanent,Active,FP842247,2028-08-13,TX087320,2027-02-24,2027-06-15,2020-11-28
EMP0656-20260916_214726,Gary,Palmer,shirley90@example.org,2005-12-19,(029)2018190,"773 Baxter Drives
Mathewmouth
E27 3QL",Female,Eastmoor Teaching Hospitals NHS Trust,Asian,Japan,ILR,Nursing,Nursery Nurse,Clinical Support Services,2,13.38,2021-12-15,2022-01-12,37.5,1.0,None,Bank,Inactive,XL475824,2028-01-27,PF469925,2029-03-18,2026-10-17,2022-01-05
EMP0657-20260916_214726,Darren,Cox,iain71@example.net,1969-02-01,+441184960796,"072 Patrick Viaduct
New Lee
W2 8JJ",Male,Westmere Community Health NHS Trust,Black,Jamaica,British Citizen,Medical,GP,Corporate Services,GP,54.51,2024-07-21,2024-09-01,15.0,0.4,HCPC,Fixed Term,Inactive,ZP709690,2029-03-19,XZ371408,2031-05-26,2027-09-05,2024-08-11
EMP0658-20260916_214726,Kevin,Brookes,deanterence@example.com,1984-03-12,0114 4960385,"Studio 23
Berry Bridge
Ameliabury
NP82 9HZ",Male,Southgate Community & Mental Health NHS Trust,Mixed,Japan,ILR,Medical,FY1/FY2,Critical Care & Anaesthesia,FY1,20.69,2018-04-10,2018-05-22,20.0,0.53,GMC,Fixed Term,Inactive,YR897553,2030-07-14,NE865197,2028-03-11,2027-05-11,2018-05-01
EMP0659-20260916_214726,Eric,Mitchell,lambertvalerie@example.net,1999-08-15,029 2018835,"Studio 73q
Garry Courts
South Bentown
BB7W 7NL",Female,Southvale Hospitals NHS Trust,White,Australia,Skilled Worker,Nursing,Healthcare Assistant,Women & Children,2,13.64,2020-04-15,2020-05-27,20.0,0.53,NMC,Permanent,Inactive,KW553243,2030-01-24,QL696300,2026-12-25,2026-12-23,2020-05-06
EMP0660-20260916_214726,Carol,Bailey,jchapman@example.com,1975-12-03,+44114 4960798,"Flat 40
Adam Junctions
Leefort
M88 6PP",Female,Northwood Mental Health NHS Trust,White,Canada,British Citizen,Medical,FY1/FY2,Surgery & Cancer,FY1,20.02,2019-01-19,2019-02-23,15.0,0.4,NMC,Bank,Active,TC609473,2030-03-24,PY282262,2028-12-25,2027-08-23,2019-02-09
EMP0661-20260916_214726,Francesca,Jackson,ipalmer@example.org,1996-10-23,01134960049,"Studio 44h
Raymond Roads
New Stuart
N1E 7BT",Female,Northshire University Hospitals NHS Trust,Asian,China,Skilled Worker,Nursing,Staff Nurse,Surgery & Cancer,5,21.13,2023-06-18,2023-07-16,15.0,0.4,NMC,Permanent,Inactive,QM340669,2029-09-17,NT566441,2027-09-22,2027-04-29,2023-07-09
EMP0662-20260916_214726,Molly,Brooks,zlewis@example.org,1973-03-06,+44(0)808 1570034,"1 Bowen Falls
Gemmamouth
BA1M 0QJ",Male,Valleyview Mental Wellness NHS Trust,Mixed,Ghana,British Citizen,AHP,Radiographer,Corporate Services,6,26.82,2017-02-25,2017-03-25,37.5,1.0,HCPC,Bank,Inactive,JR861485,2027-10-14,PC130245,2029-02-21,2027-08-23,2017-03-18
EMP0663-20260916_214726,Garry,Herbert,hnash@example.org,1983-10-31,+44(0)131 4960178,"5 Hayley Field
Shaneview
L9 1QS",Male,Eastmoor Teaching Hospitals NHS Trust,Black,Jamaica,Dependent,AHP,Occupational Therapist,Women & Children,6,27.04,2023-04-04,2023-05-09,37.5,1.0,NMC,Bank,On Leave,QP531740,2031-08-08,ME841398,2028-12-17,2026-11-12,2023-04-25
EMP0664-20260916_214726,Wendy,Brown,annajones@example.org,1986-02-04,+441144960461,"Studio 48T
Jessica Points
Fletcherberg
WN9 1EY",Female,Eastfield Psychological Services NHS Trust,Mixed,India,Dependent,Nursing,Charge Nurse,Surgery & Cancer,7,29.45,2022-07-24,2022-08-28,20.0,0.53,None,Permanent,Inactive,JL101286,2029-08-08,TX760915,2029-07-16,2026-11-14,2022-08-14
EMP0665-20260916_214726,Josh,James,elizabeth54@example.org,1996-08-26,01134960094,"Flat 78
Bailey Camp
Port Lindaport
WR15 0GD",Female,Horizon Integrated Health Partnership NHS Trust,Asian,China,ILR,AHP,Physiologist,Surgery & Cancer,6,24.85,2026-04-12,2026-05-17,18.75,0.5,None,Fixed Term,Inactive,EZ569161,2027-11-08,VT344894,2027-12-05,2027-08-21,2026-05-03
EMP0666-20260916_214726,Angela,Mann,jakhtar@example.org,1986-05-17,+44(0)1614960842,"Studio 38F
Katy Courts
Louisberg
HU8H 3XL",Male,Bluewater Community & Rehabilitation NHS Trust,White,Canada,British Citizen,Nursing,Senior Staff Nurse,Critical Care & Anaesthesia,6,24.69,2023-04-15,2023-05-13,18.75,0.5,HCPC,Bank,Suspended,NW809644,2026-10-17,XK368986,2026-11-28,2026-11-14,2023-05-06
EMP0667-20260916_214726,Marcus,Griffin,josephdavies@example.net,1971-12-01,+44(0)909 879 0188,"01 Abigail Views
Patelside
TS8 5ER",Female,Lakeside District Hospitals NHS Trust,Black,Jamaica,British Citizen,Medical,GP,Clinical Support Services,GP,49.61,2024-09-05,2024-10-03,18.75,0.5,NMC,Fixed Term,Active,PX321664,2028-02-05,VL058104,2028-11-22,2026-11-11,2024-09-26
EMP0668-20260916_214726,Janice,Rees,cwatson@example.org,1996-11-08,+44(0)191 4960439,"3 Jones Lights
Baldwinburgh
IG4V 0YH",Female,Valleyview Mental Wellness NHS Trust,Black,Barbados,British Citizen,AHP,Radiographer,Clinical Support Services,6,23.67,2019-11-16,2019-12-14,18.75,0.5,NMC,Fixed Term,Active,VE043725,2031-07-05,JP389665,2029-12-04,2027-02-03,2019-12-07
EMP0669-20260916_214726,Elizabeth,Arnold,michelle32@example.com,1989-12-16,+44117 4960329,"9 Coates Orchard
Port Russellborough
WV0 8HH",Female,Horizon Integrated Health Partnership NHS Trust,Black,Trinidad and Tobago,Skilled Worker,Nursing,Staff Nurse,Corporate Services,5,20.1,2022-05-21,2022-06-18,37.5,1.0,None,Bank,Suspended,VV758105,2026-09-23,RT566363,2028-01-17,2027-03-10,2022-06-11
EMP0670-20260916_214726,Alice,Wright,cmurray@example.org,1967-08-12,0909 879 0385,"47 Tracey Lights
New Carolyn
M09 8NN",Female,Westmere Community Health NHS Trust,Black,Jamaica,British Citizen,Nursing,Staff Nurse,Medicine & Acute Care,5,19.17,2016-09-28,2016-11-02,37.5,1.0,HCPC,Fixed Term,On Leave,XY667525,2028-01-07,ON196545,2027-10-28,2027-04-28,2016-10-19
EMP0671-20260916_214726,Jacqueline,Townsend,nrichards@example.net,1967-11-19,0131 4960317,"Flat 1
Samuel Plaza
South Harriet
HR0 7SG",Female,Westborough Acute Care NHS Trust,Mixed,South Africa,Skilled Worker,Medical,GP,Clinical Support Services,GP,52.58,2018-11-16,2018-12-14,37.5,1.0,None,Permanent,On Leave,XU502384,2030-04-03,JE698816,2030-11-21,2027-08-15,2018-12-07
EMP0672-20260916_214726,Sally,Newton,twarren@example.net,1972-07-08,(0151)4960529,"50 Smart Mission
New Stuart
G1 7DF",Male,Westmere Community Health NHS Trust,Mixed,Ghana,Dependent,AHP,Occupational Therapist,Corporate Services,6,25.29,2022-06-06,2022-07-18,20.0,0.53,HCPC,Bank,Inactive,TO199339,2027-06-28,RT804361,2030-07-14,2026-09-18,2022-06-27
EMP0673-20260916_214726,Damian,Brooks,williamskaty@example.org,1990-09-28,+44121 4960067,"Flat 4
Keith Island
East Mohammed
TA41 5GU",Female,Lakeside District Hospitals NHS Trust,White,New Zealand,British Citizen,AHP,Speech Therapist,Emergency & Urgent Care,6,23.97,2022-11-27,2022-12-25,30.0,0.8,None,Fixed Term,Inactive,NI534588,2026-12-07,ZM893331,2030-02-09,2027-09-02,2022-12-18
EMP0674-20260916_214726,Darren,Berry,gareth86@example.net,1982-09-12,+44(0)116 4960463,"Studio 74
Sharon Circles
Christinestad
S08 8LB",Male,Meadowbrook Community Health NHS Trust,White,Canada,Skilled Worker,Nursing,Healthcare Assistant,Women & Children,2,13.1,2016-12-21,2017-01-18,37.5,1.0,NMC,Fixed Term,Inactive,HT002044,2029-01-19,JW351785,2028-09-17,2027-01-18,2017-01-11
EMP0675-20260916_214726,Mohamed,Savage,donalddonnelly@example.org,1988-02-03,0292018785,"Studio 70J
Turner Drives
Pearsonberg
B1D 9FB",Male,Westmere Community Health NHS Trust,Mixed,Nigeria,Dependent,Admin,Medical Secretary,Critical Care & Anaesthesia,4,17.71,2017-06-04,2017-07-02,20.0,0.53,GMC,Permanent,Inactive,SA977270,2028-03-30,YY435832,2029-08-28,2027-02-23,2017-06-25
EMP0676-20260916_214726,Simon,Foster,traceyroberts@example.com,1982-11-03,(0114) 496 0117,"96 Ashley Crest
North Kevinland
M5H 0WE",Female,Northwood Mental Health NHS Trust,Asian,India,Dependent,AHP,Occupational Therapist,Women & Children,6,27.29,2025-05-18,2025-06-22,18.75,0.5,NMC,Permanent,Suspended,RJ292504,2030-07-11,DE467397,2028-09-30,2027-08-18,2025-06-08
EMP0677-20260916_214726,George,Davies,fharrison@example.org,1975-09-08,(0113) 496 0258,"Studio 1
Marcus Underpass
Lake Stuart
W4S 8NS",Male,Southgate Community & Mental Health NHS Trust,Mixed,India,ILR,Medical,SHO,Medicine & Acute Care,SHO,30.53,2024-01-22,2024-02-26,20.0,0.53,GMC,Fixed Term,Inactive,FC968875,2027-06-05,NT176425,2030-10-24,2027-02-14,2024-02-12
EMP0678-20260916_214726,Helen,Wright,martinlouis@example.com,1968-03-30,0115 496 0343,"Flat 26C
Charles Pine
Perkinshaven
IM95 8ZY",Male,Riverbank General Hospitals NHS Trust,Asian,India,British Citizen,Nursing,Nursery Nurse,Clinical Support Services,2,14.0,2022-05-22,2022-06-26,30.0,0.8,GMC,Fixed Term,Inactive,KT756916,2026-11-27,TN136097,2029-12-16,2027-08-26,2022-06-12
EMP0679-20260916_214726,Georgia,Edwards,iellis@example.net,1971-01-06,+44131 4960464,"Studio 82
Alexandra Brook
West Frederickshire
L89 5PR",Female,Greenhaven Acute & Specialist Care NHS Trust,Black,Nigeria,Skilled Worker,Admin,Administrator,Medicine & Acute Care,3,13.77,2017-03-26,2017-04-30,15.0,0.4,None,Permanent,On Leave,MI832459,2028-01-22,NH803851,2031-05-27,2027-06-06,2017-04-16
EMP0680-20260916_214726,Valerie,Short,rthomson@example.org,1971-11-04,+44(0)1134960977,"7 Jones Island
Port Hannah
CO3B 2NG",Female,Westmere Community Health NHS Trust,White,United States,Skilled Worker,AHP,Physiotherapist,Corporate Services,6,23.62,2023-11-07,2023-12-19,20.0,0.53,None,Permanent,Inactive,BH785014,2031-07-17,ME986156,2027-01-10,2027-04-28,2023-11-28
EMP0681-20260916_214726,Lawrence,Matthews,fevans@example.net,2005-09-18,029 2018 0991,"295 Harris Light
West Danielle
AB8W 7UX",Male,Westmere Community Health NHS Trust,Mixed,Japan,Dependent,AHP,Occupational Therapist,Emergency & Urgent Care,6,25.36,2026-06-24,2026-08-05,20.0,0.53,GMC,Bank,Suspended,CP152192,2027-09-30,NK661652,2031-05-07,2027-01-25,2026-07-15
EMP0682-20260916_214726,Charles,Craig,joshnicholson@example.net,1960-12-17,+44118 4960433,"6 Wilkinson Junctions
West Lynnland
GU7M 2EU",Male,Northwood Mental Health NHS Trust,Black,South Africa,Skilled Worker,Admin,Medical Secretary,Emergency & Urgent Care,4,17.59,2018-07-31,2018-08-28,20.0,0.53,NMC,Bank,On Leave,DC495450,2028-05-31,ZQ507774,2027-10-07,2027-03-22,2018-08-21
EMP0683-20260916_214726,Stacey,Griffin,hwoodward@example.com,1990-04-15,(0118) 496 0688,"5 White Cape
East Megan
B42 2LT",Male,Eastmoor Teaching Hospitals NHS Trust,Black,Nigeria,Dependent,Medical,FY1/FY2,Surgery & Cancer,FY1,21.15,2022-04-03,2022-05-01,30.0,0.8,None,Bank,On Leave,CM126643,2029-08-09,NB361361,2027-05-21,2027-02-12,2022-04-24
EMP0684-20260916_214726,Dorothy,Walsh,frederickallen@example.com,1977-10-28,0151 496 0989,"47 O'Neill Lights
Smithton
S33 6BB",Female,Lakeside District Hospitals NHS Trust,White,New Zealand,British Citizen,Nursing,Healthcare Assistant,Emergency & Urgent Care,2,13.47,2022-03-29,2022-05-03,15.0,0.4,None,Permanent,On Leave,GP496987,2029-04-26,GH862753,2029-08-01,2026-09-17,2022-04-19
EMP0685-20260916_214726,Kelly,Smith,wendyevans@example.org,1969-01-13,(0151) 496 0617,"Studio 82g
Max Trail
Antonyborough
G9U 8SR",Female,Westmere Community Health NHS Trust,Mixed,Nigeria,Skilled Worker,AHP,Radiographer,Clinical Support Services,6,24.85,2020-06-11,2020-07-09,18.75,0.5,NMC,Bank,Active,SY397144,2029-02-08,SN507432,2030-06-06,2027-04-25,2020-07-02
EMP0686-20260916_214726,Hugh,Hooper,adamsemily@example.net,2001-10-10,01214960436,"9 Davies Road
North Stanley
W32 1JR",Female,Meadowbrook Community Health NHS Trust,Mixed,Barbados,British Citizen,Nursing,Staff Nurse,Clinical Support Services,5,20.33,2026-04-22,2026-05-27,37.5,1.0,HCPC,Permanent,On Leave,IZ284236,2031-09-01,BK014748,2028-03-05,2027-03-24,2026-05-13
EMP0687-20260916_214726,Dominic,Fox,jmorton@example.org,1972-04-18,01314960274,"7 Christine Passage
Abigailfort
G55 8GG",Female,Valleyview Mental Wellness NHS Trust,Black,Jamaica,Dependent,Admin,Receptionist,Medicine & Acute Care,3,13.91,2020-12-26,2021-01-23,37.5,1.0,HCPC,Permanent,Suspended,XP090492,2027-07-14,UW759923,2027-05-12,2026-12-28,2021-01-16
EMP0688-20260916_214726,Sarah,Day,bakerbeth@example.net,1991-10-05,+44191 496 0447,"385 West Motorway
Normanfort
M47 6SY",Female,Greenhaven Acute & Specialist Care NHS Trust,Mixed,China,Dependent,Medical,Registrar,Medicine & Acute Care,SPR,39.83,2025-02-27,2025-03-27,37.5,1.0,GMC,Permanent,Suspended,IJ626628,2028-11-23,LL805397,2030-04-02,2026-11-16,2025-03-20
EMP0689-20260916_214726,Grace,Morton,brendamiles@example.org,1980-05-19,(0116) 4960037,"53 Lesley Ports
North Dorothy
NN1 4PB",Male,Broadfield Clinical Services NHS Trust,Black,Nigeria,Skilled Worker,AHP,Physiotherapist,Corporate Services,6,25.73,2019-12-11,2020-01-22,20.0,0.53,NMC,Permanent,Suspended,NZ345554,2029-06-28,OU348467,2030-12-23,2027-06-27,2020-01-01
EMP0690-20260916_214726,Douglas,Harrison,lewisjoseph@example.com,1985-10-27,(0191)4960857,"Studio 54M
Jennifer Forks
South Jackland
W4U 9LD",Female,Riverbank General Hospitals NHS Trust,White,New Zealand,Dependent,Medical,FY1/FY2,Medicine & Acute Care,FY1,20.43,2025-12-18,2026-01-22,18.75,0.5,NMC,Bank,On Leave,AC022454,2031-04-12,EQ372844,2028-04-16,2027-04-13,2026-01-08
EMP0691-20260916_214726,Keith,Allen,mali@example.net,1970-11-02,+44118 496 0332,"Flat 61B
Newton Rue
East Jennifer
G0T 5ZG",Male,Oakridge Community Services NHS Trust,Black,Ghana,British Citizen,Medical,FY1/FY2,Corporate Services,FY1,19.18,2022-10-19,2022-11-23,15.0,0.4,HCPC,Bank,On Leave,BC298483,2029-06-15,RV041091,2026-12-09,2027-02-07,2022-11-09
EMP0692-20260916_214726,Barry,Gough,jasmineadams@example.org,1987-09-25,+44(0)113 4960731,"343 Keith Rest
Alexburgh
SS4 3DD",Male,Southvale Hospitals NHS Trust,Black,Trinidad and Tobago,British Citizen,AHP,Physiotherapist,Surgery & Cancer,6,22.81,2023-03-05,2023-04-16,37.5,1.0,None,Fixed Term,Inactive,RE213619,2030-12-16,AD562286,2029-02-17,2026-12-05,2023-03-26
EMP0693-20260916_214726,Cameron,Lloyd,victorsmith@example.net,1993-07-02,+44(0)131 496 0349,"20 Wong Run
Stewartland
M6 7NN",Female,Northwood Mental Health NHS Trust,Black,South Africa,Skilled Worker,AHP,Physiologist,Corporate Services,6,27.49,2025-09-08,2025-10-13,15.0,0.4,None,Fixed Term,Suspended,HQ068038,2031-03-20,DE688102,2026-09-19,2027-02-27,2025-09-29
EMP0694-20260916_214726,Eileen,Wilson,etaylor@example.net,1966-09-17,(0131) 4960764,"24 Danielle Pine
Hollieport
E3W 8AQ",Female,Riverbank General Hospitals NHS Trust,Mixed,Ghana,Skilled Worker,AHP,Occupational Therapist,Emergency & Urgent Care,6,25.44,2024-11-16,2024-12-14,18.75,0.5,GMC,Permanent,Inactive,HI600134,2030-10-24,II936340,2029-05-31,2027-09-02,2024-12-07
EMP0695-20260916_214726,Hannah,Sharp,evansharry@example.net,1962-02-04,+44(0)20 74960392,"701 Adams Fall
East Bryan
G2 0QE",Female,Bluewater Community & Rehabilitation NHS Trust,Black,Jamaica,Skilled Worker,AHP,Pharmacist,Medicine & Acute Care,5,20.96,2017-01-18,2017-02-15,30.0,0.8,None,Bank,Active,OS450341,2027-05-15,JE704166,2030-06-18,2027-09-15,2017-02-08
EMP0696-20260916_214726,Joyce,Ross,hardywayne@example.com,1994-11-30,(0191) 496 0070,"4 King Cliff
West Mark
PH41 5HE",Female,Horizon Integrated Health Partnership NHS Trust,Mixed,United Kingdom,British Citizen,Admin,Medical Secretary,Emergency & Urgent Care,4,16.0,2020-04-28,2020-05-26,20.0,0.53,NMC,Fixed Term,On Leave,EN977540,2029-12-05,AH139625,2028-07-20,2027-08-31,2020-05-19
EMP0697-20260916_214726,Tracy,Doyle,donaldrobinson@example.org,1976-02-29,+44(0)115 4960573,"8 Bethany Corner
East Juliastad
CR67 6HE",Male,Bluewater Community & Rehabilitation NHS Trust,Black,Kenya,British Citizen,AHP,Physiologist,Clinical Support Services,6,22.58,2021-10-14,2021-11-11,15.0,0.4,HCPC,Permanent,Suspended,RQ214261,2029-07-17,GZ676901,2030-07-20,2027-06-18,2021-11-04
EMP0698-20260916_214726,Oliver,Mellor,terry91@example.org,1970-03-11,+44117 4960687,"Studio 1
Banks Lodge
Stephanieberg
N96 7XF",Female,Eastmoor Teaching Hospitals NHS Trust,White,United States,British Citizen,Nursing,Ward Manager,Clinical Support Services,8A,32.78,2024-05-27,2024-06-24,37.5,1.0,None,Bank,Active,KF655781,2030-10-16,GA895821,2031-08-09,2026-09-29,2024-06-17
EMP0699-20260916_214726,Adam,Blake,mcdonaldmartin@example.net,1973-07-17,+44(0)2074960052,"Flat 91s
Walker Knoll
New Charlie
NE2 0UJ",Female,Eastmoor Teaching Hospitals NHS Trust,White,New Zealand,ILR,Admin,Medical Secretary,Clinical Support Services,4,15.59,2020-06-22,2020-08-03,37.5,1.0,GMC,Fixed Term,Active,DE865366,2027-04-04,JN934266,2030-03-22,2027-07-09,2020-07-13
EMP0700-20260916_214726,Jamie,Lloyd,joan15@example.com,1996-05-08,+44(0)909 8790478,"08 Olivia Mount
Lake Rosemaryfurt
M4 9XY",Male,Meadowbrook Community Health NHS Trust,Mixed,Australia,British Citizen,AHP,Occupational Therapist,Surgery & Cancer,6,23.35,2022-09-08,2022-10-06,18.75,0.5,None,Permanent,Inactive,TL061288,2026-12-18,DK298748,2029-10-05,2027-06-04,2022-09-29
EMP0701-20260916_214726,Clive,Harvey,ishaw@example.net,1974-10-31,+441914960264,"718 Sally Mills
South Bethanmouth
M5F 8PP",Male,Lakeside District Hospitals NHS Trust,Asian,Japan,Dependent,Admin,Medical Secretary,Emergency & Urgent Care,4,16.32,2021-09-14,2021-10-26,18.75,0.5,HCPC,Fixed Term,Active,ND034869,2027-07-22,HI236209,2030-01-29,2027-06-09,2021-10-05
EMP0702-20260916_214726,Alexandra,Taylor,stephaniebaldwin@example.com,1989-02-02,+44151 496 0422,"8 Miller Junction
North Gailview
S29 9AW",Female,Riverbank General Hospitals NHS Trust,Mixed,Nigeria,Skilled Worker,AHP,Physiologist,Surgery & Cancer,6,25.08,2020-10-29,2020-12-03,20.0,0.53,None,Permanent,Suspended,IV110798,2031-07-15,WL578374,2031-01-18,2027-07-25,2020-11-19
EMP0703-20260916_214726,Tony,Wheeler,mwhite@example.org,1962-11-14,0292018093,"2 Thomas Ferry
Priceview
M76 7ZL",Female,Greenhaven Acute & Specialist Care NHS Trust,Mixed,Australia,Skilled Worker,Admin,Administrator,Women & Children,3,13.98,2024-02-09,2024-03-22,37.5,1.0,NMC,Bank,Active,KS482045,2027-06-08,EC098265,2027-12-06,2027-01-28,2024-03-01
EMP0704-20260916_214726,Gareth,Barnes,pearsonarthur@example.net,2007-07-10,+443069990471,"Flat 97A
Vincent Burg
Charlottehaven
W3C 2QA",Female,Eastfield Psychological Services NHS Trust,Mixed,Australia,Skilled Worker,Admin,Medical Secretary,Emergency & Urgent Care,4,18.27,2020-07-12,2020-08-09,20.0,0.53,NMC,Fixed Term,Inactive,FH082638,2029-12-03,FE142400,2031-08-14,2027-08-11,2020-08-02
EMP0705-20260916_214726,Kate,Wilson,glee@example.com,1982-10-14,01632 960991,"Flat 33z
Elaine Place
Brettmouth
NW6V 9UD",Female,Hillcrest Medical Centres NHS Trust,Asian,China,ILR,AHP,Radiographer,Clinical Support Services,6,23.04,2021-07-10,2021-08-14,37.5,1.0,None,Bank,Active,DD906715,2028-12-19,NH057750,2028-10-04,2026-11-19,2021-07-31
EMP0706-20260916_214726,Sam,Manning,smartmarc@example.net,1996-01-30,+44161 496 0571,"Studio 82N
Marion Port
Mooreville
N5 2WB",Male,Southgate Community & Mental Health NHS Trust,Black,Kenya,British Citizen,Medical,SHO,Medicine & Acute Care,SHO,29.79,2020-04-06,2020-05-18,37.5,1.0,None,Fixed Term,Inactive,XL929972,2030-01-02,NQ795555,2028-11-09,2027-08-31,2020-04-27
EMP0707-20260916_214726,Anna,Pearce,gilbertantony@example.net,1999-05-23,+449098790675,"8 Elliott Gateway
Pearceland
W93 5WZ",Male,Horizon Integrated Health Partnership NHS Trust,Asian,China,British Citizen,Nursing,Charge Nurse,Surgery & Cancer,7,28.12,2017-06-21,2017-07-26,20.0,0.53,NMC,Fixed Term,Suspended,PS981483,2028-03-01,LZ352805,2029-04-02,2027-07-04,2017-07-12
EMP0708-20260916_214726,Sarah,Anderson,kirkelaine@example.net,2000-04-22,(0808)1570068,"6 Kerry Ways
East Callum
G5 4BQ",Male,Northwood Mental Health NHS Trust,Asian,India,British Citizen,Nursing,Ward Manager,Surgery & Cancer,8A,32.07,2024-09-26,2024-10-24,20.0,0.53,GMC,Fixed Term,Active,CA512466,2029-08-30,XF532487,2027-04-04,2027-05-21,2024-10-17
EMP0709-20260916_214726,Amelia,Richards,aturner@example.com,1975-04-19,(0117)4960839,"Studio 03
Amanda Canyon
South Laura
G0 1ZE",Female,Oakridge Community Services NHS Trust,Asian,Thailand,ILR,AHP,Pharmacist,Clinical Support Services,5,21.13,2018-06-14,2018-07-19,15.0,0.4,NMC,Permanent,Suspended,RV520999,2027-04-30,XN858873,2030-03-23,2026-11-24,2018-07-05
EMP0710-20260916_214726,Ann,Thomas,kathleen74@example.net,1995-10-09,+44(0)161 496 0041,"Flat 0
Sharp Plain
Samanthaport
WC2 8TA",Male,Meadowbrook Community Health NHS Trust,Black,Ghana,Dependent,Admin,Administrator,Corporate Services,3,14.4,2020-10-18,2020-11-22,15.0,0.4,NMC,Bank,Active,EL871446,2028-05-25,KP721513,2027-06-18,2027-01-21,2020-11-08
EMP0711-20260916_214726,Benjamin,Walker,olivermarshall@example.net,1994-03-12,(0151) 496 0377,"757 Zoe Bypass
West Brett
HS9 4WT",Male,Broadfield Clinical Services NHS Trust,Black,Kenya,British Citizen,AHP,Physiotherapist,Critical Care & Anaesthesia,6,25.68,2016-12-02,2017-01-13,30.0,0.8,None,Bank,Suspended,II742334,2031-07-16,RV261911,2029-02-06,2026-11-11,2016-12-23
EMP0712-20260916_214726,Phillip,Harvey,mohammadcooper@example.org,1968-08-15,(028)9018454,"Studio 9
Pamela Pass
Hudsonstad
PL0A 2GZ",Male,Midlands Central Hospitals NHS Trust,White,Australia,Skilled Worker,Nursing,Healthcare Assistant,Clinical Support Services,2,12.49,2023-11-22,2024-01-03,30.0,0.8,HCPC,Bank,Suspended,XM843050,2029-04-20,CN872360,2028-11-05,2026-12-30,2023-12-13
EMP0713-20260916_214726,Stephen,Marshall,ericcox@example.net,1976-05-24,+441134960074,"Flat 93
Jackson Wall
Warrenport
BB3 2JT",Male,Greenhaven Acute & Specialist Care NHS Trust,Black,Nigeria,ILR,AHP,Physiotherapist,Clinical Support Services,6,23.5,2022-05-12,2022-06-16,15.0,0.4,GMC,Fixed Term,On Leave,BS958442,2027-06-19,OM935335,2031-02-16,2026-12-09,2022-06-02
EMP0714-20260916_214726,Denise,Smith,clementsannette@example.org,1999-09-24,+44(0)909 879 0559,"Flat 48
Cameron Squares
South Clare
S12 0UT",Male,Lakeside District Hospitals NHS Trust,Asian,Thailand,Skilled Worker,Nursing,Healthcare Assistant,Critical Care & Anaesthesia,2,13.86,2021-01-24,2021-02-28,15.0,0.4,GMC,Permanent,Active,BG464388,2029-11-08,BR799374,2027-02-22,2026-12-04,2021-02-14
EMP0715-20260916_214726,David,Ellis,tstokes@example.net,1997-04-28,01414960543,"1 Wright Hills
West Ianville
CF9 2HE",Male,Eastmoor Teaching Hospitals NHS Trust,White,United States,British Citizen,Nursing,Charge Nurse,Critical Care & Anaesthesia,7,31.84,2019-12-30,2020-02-10,15.0,0.4,None,Permanent,Suspended,YI837104,2030-01-31,JD838210,2030-11-25,2026-10-12,2020-01-20
EMP0716-20260916_214726,Ellie,Holland,kylephillips@example.net,1993-09-10,+44(0)1914960377,"62 Hilton Creek
Jonesborough
W3J 8AE",Female,Eastfield Psychological Services NHS Trust,White,United States,ILR,AHP,Radiographer,Surgery & Cancer,6,26.28,2020-01-02,2020-01-30,37.5,1.0,GMC,Bank,Active,RO712899,2026-12-16,FQ434883,2030-07-24,2027-06-14,2020-01-23
EMP0717-20260916_214726,Hazel,Collins,evanselaine@example.org,1998-03-14,+44(0)116 496 0925,"042 Natasha Fields
Hilarytown
SY8 3UR",Female,Westmere Community Health NHS Trust,Black,Nigeria,Skilled Worker,Nursing,Senior Staff Nurse,Emergency & Urgent Care,6,26.5,2020-06-08,2020-07-06,37.5,1.0,None,Fixed Term,On Leave,SJ194516,2030-02-18,IL770560,2028-09-09,2027-04-08,2020-06-29
EMP0718-20260916_214726,Charlene,Hunt,kerryjones@example.net,1993-05-24,+44(0)161 496 0391,"Studio 57L
Olivia Road
South Joannaland
M46 7ZY",Male,Meadowbrook Community Health NHS Trust,Asian,China,ILR,Admin,Data Analyst,Surgery & Cancer,8A,30.23,2023-01-14,2023-02-11,30.0,0.8,NMC,Permanent,On Leave,QH287029,2028-01-21,WR697385,2030-07-31,2026-10-04,2023-02-04
EMP0719-20260916_214726,Heather,Campbell,wholmes@example.org,1971-12-27,(0306) 999 0303,"260 Norman Brook
West Douglas
IV23 9PY",Male,Oakridge Community Services NHS Trust,Black,Jamaica,Dependent,Nursing,Staff Nurse,Critical Care & Anaesthesia,5,22.26,2024-11-05,2024-12-17,18.75,0.5,GMC,Permanent,Suspended,MR783111,2030-10-25,TL964494,2027-05-18,2027-02-14,2024-11-26
EMP0720-20260916_214726,Ann,Smith,finchmelissa@example.org,1980-10-31,(0118)4960597,"6 Nathan Rue
Jessicaview
SK83 1GP",Female,Northshire University Hospitals NHS Trust,Black,South Africa,British Citizen,Nursing,Ward Manager,Critical Care & Anaesthesia,8A,33.14,2025-07-11,2025-08-08,15.0,0.4,NMC,Fixed Term,Suspended,UX057680,2027-01-07,WS304737,2028-04-04,2026-10-28,2025-08-01
EMP0721-20260916_214726,Amber,Gardiner,frees@example.com,1995-11-15,0191 4960503,"Studio 5
Oliver Avenue
Mooretown
CO6 3HT",Female,Westmere Community Health NHS Trust,Mixed,United States,ILR,AHP,Physiotherapist,Critical Care & Anaesthesia,6,24.08,2020-05-11,2020-06-15,15.0,0.4,GMC,Permanent,Inactive,FV147352,2030-06-15,TE257341,2030-01-25,2026-11-01,2020-06-01
EMP0722-20260916_214726,Judith,Wheeler,bjohnson@example.org,2007-11-19,(0191)4960336,"96 Saunders Ports
Nicholasbury
B3 4RP",Male,Westborough Acute Care NHS Trust,Asian,China,ILR,Admin,Medical Secretary,Emergency & Urgent Care,4,18.93,2021-05-30,2021-07-04,18.75,0.5,GMC,Fixed Term,On Leave,FP141773,2028-07-25,PK496080,2029-02-20,2026-09-27,2021-06-20
EMP0723-20260916_214726,Janice,Archer,thomastoby@example.org,1978-04-15,01214960512,"7 White Bridge
Brownton
PR4 1SY",Male,Southvale Hospitals NHS Trust,Asian,China,ILR,AHP,Physiologist,Surgery & Cancer,6,26.45,2023-11-07,2023-12-12,15.0,0.4,GMC,Fixed Term,Active,FY379026,2029-08-18,JJ077147,2028-05-20,2027-06-19,2023-11-28
EMP0724-20260916_214726,Alexander,White,allan53@example.net,1984-11-01,+44191 496 0945,"03 Hilary Island
Mohammadburgh
E8 0US",Male,Bluewater Community & Rehabilitation NHS Trust,Black,Ghana,Dependent,AHP,Radiographer,Critical Care & Anaesthesia,6,24.63,2023-04-23,2023-05-21,18.75,0.5,GMC,Bank,Suspended,WU105897,2027-09-23,DO980510,2027-04-09,2026-11-11,2023-05-14
EMP0725-20260916_214726,Frank,Grant,lordcaroline@example.com,1981-10-20,+44(0)1174960860,"33 Owen Junction
Birdbury
HR4X 7SP",Male,Southgate Community & Mental Health NHS Trust,Mixed,United States,British Citizen,Nursing,Charge Nurse,Medicine & Acute Care,7,31.82,2022-12-06,2023-01-17,30.0,0.8,HCPC,Bank,Active,WP807892,2030-09-28,QR164110,2029-07-03,2027-04-26,2022-12-27
EMP0726-20260916_214726,Julian,Williams,plewis@example.net,1960-11-25,01144960766,"9 Tucker Lodge
Edwardshaven
ML9R 7FR",Male,Riverside Integrated Care NHS Trust,Asian,Japan,Dependent,AHP,Radiographer,Corporate Services,6,26.71,2019-05-09,2019-06-13,20.0,0.53,None,Bank,Suspended,EU541212,2028-01-13,YZ197332,2027-04-04,2026-11-20,2019-05-30
EMP0727-20260916_214726,Eric,Baker,katebaker@example.com,1991-10-07,0292018673,"Studio 9
Amy Circle
Riceburgh
N30 1WH",Male,Oakridge Community Services NHS Trust,White,United States,British Citizen,AHP,Speech Therapist,Corporate Services,6,24.93,2022-04-02,2022-04-30,15.0,0.4,None,Permanent,Active,SJ363667,2030-07-18,WF216815,2031-03-23,2027-03-28,2022-04-23
EMP0728-20260916_214726,Catherine,Parsons,benwhite@example.org,1996-03-04,0141 496 0963,"Flat 38
Tracy Locks
New Carlhaven
CT5E 1FT",Male,Valleyview Mental Wellness NHS Trust,Mixed,Trinidad and Tobago,British Citizen,Nursing,Nursery Nurse,Corporate Services,2,13.53,2017-03-04,2017-04-01,37.5,1.0,NMC,Fixed Term,On Leave,AE274969,2030-10-05,XT673754,2026-12-31,2027-07-11,2017-03-25
EMP0729-20260916_214726,Craig,Campbell,lbond@example.org,1999-06-27,+441174960789,"6 Alison Springs
Port Oliver
N10 5QT",Female,Oakridge Community Services NHS Trust,Mixed,Kenya,ILR,Nursing,Staff Nurse,Clinical Support Services,5,20.33,2018-02-07,2018-03-14,15.0,0.4,HCPC,Permanent,On Leave,BS897273,2030-02-05,ZA285274,2027-11-03,2027-03-06,2018-02-28
EMP0730-20260916_214726,Anne,Taylor,kayleigh08@example.org,1991-01-01,08081570244,"111 Joseph Ways
Patelbury
WD7B 7NB",Male,Southvale Hospitals NHS Trust,Asian,Japan,ILR,AHP,Speech Therapist,Clinical Support Services,6,26.6,2022-02-06,2022-03-13,15.0,0.4,NMC,Fixed Term,Inactive,HF677366,2027-09-18,MY146171,2031-03-24,2027-02-06,2022-02-27
EMP0731-20260916_214726,Charlotte,Clarke,leahadams@example.net,1974-05-06,+44(0)1214960291,"Studio 4
Stevens Hill
Watkinshaven
E8A 6GB",Female,Riverside Integrated Care NHS Trust,Asian,China,ILR,Nursing,Staff Nurse,Surgery & Cancer,5,20.07,2020-10-30,2020-11-27,15.0,0.4,GMC,Fixed Term,Active,UY357400,2028-12-24,WR335379,2026-12-26,2027-03-21,2020-11-20
EMP0732-20260916_214726,Anthony,Kennedy,owilliams@example.net,1972-08-04,+44115 496 0633,"Studio 06
Maria Common
Garethton
TA0R 5NH",Male,Oakridge Community Services NHS Trust,Black,Jamaica,British Citizen,Medical,SHO,Emergency & Urgent Care,SHO,26.75,2019-10-09,2019-11-20,20.0,0.53,HCPC,Fixed Term,Inactive,MX254230,2027-12-22,BJ899240,2028-09-30,2027-04-03,2019-10-30
EMP0733-20260916_214726,Hazel,Jones,jenna79@example.com,1985-11-26,+44(0)117 496 0519,"59 Suzanne Expressway
Dennishaven
B8B 9TN",Male,Southvale Hospitals NHS Trust,Mixed,Thailand,ILR,Medical,Registrar,Medicine & Acute Care,SPR,40.28,2023-12-05,2024-01-02,18.75,0.5,NMC,Fixed Term,Inactive,YQ523918,2030-03-12,QP189979,2029-05-18,2027-07-23,2023-12-26
EMP0734-20260916_214726,Liam,Hayward,paulineiqbal@example.net,1980-09-15,+44(0)28 9018 0599,"7 Smith Stravenue
South Eric
TW9V 3GE",Male,Bluewater Community & Rehabilitation NHS Trust,Asian,Thailand,Skilled Worker,Nursing,Charge Nurse,Surgery & Cancer,7,27.91,2020-05-28,2020-06-25,20.0,0.53,HCPC,Fixed Term,Inactive,JP288148,2031-09-09,SV222790,2028-11-04,2027-03-31,2020-06-18
EMP0735-20260916_214726,Denis,Hewitt,helen66@example.com,1963-01-25,+44(0)306 9990159,"Flat 47
Brandon Summit
Daviesville
S1 4PB",Male,Hillcrest Medical Centres NHS Trust,White,New Zealand,Skilled Worker,Nursing,Staff Nurse,Medicine & Acute Care,5,22.57,2019-04-22,2019-06-03,20.0,0.53,None,Bank,Inactive,SK232152,2027-05-14,XS749919,2027-09-08,2027-04-22,2019-05-13
EMP0736-20260916_214726,Bruce,Ahmed,lisa66@example.org,1967-04-14,+44(0)1414960725,"Studio 5
Hutchinson Corner
Skinnerland
L0K 3FS",Male,Meadowbrook Community Health NHS Trust,Mixed,India,ILR,AHP,Radiographer,Women & Children,6,23.23,2022-11-20,2023-01-01,20.0,0.53,NMC,Bank,Active,CP192214,2031-06-02,BV726933,2029-01-07,2027-02-04,2022-12-11
EMP0737-20260916_214726,Luke,Skinner,kimberley38@example.com,1965-02-16,0306 9990529,"636 Francesca Skyway
Billyside
B3D 4JD",Male,Southgate Community & Mental Health NHS Trust,Asian,India,Skilled Worker,Nursing,Healthcare Assistant,Critical Care & Anaesthesia,2,13.75,2022-07-05,2022-08-09,20.0,0.53,HCPC,Bank,Active,XD621561,2029-09-01,OS706431,2030-05-27,2027-04-21,2022-07-26
EMP0738-20260916_214726,Scott,Akhtar,hhumphries@example.org,1998-10-25,+44(0)141 4960207,"Flat 53
Roger Mills
Bradleymouth
HA8 5JS",Female,Westborough Acute Care NHS Trust,Mixed,Jamaica,ILR,Nursing,Charge Nurse,Emergency & Urgent Care,7,26.84,2025-04-15,2025-05-27,15.0,0.4,GMC,Fixed Term,On Leave,RX105130,2030-03-29,HO867005,2028-06-10,2027-01-17,2025-05-06
EMP0739-20260916_214726,Ashley,Mason,carl75@example.com,1976-04-15,0306 999 0806,"21 Buckley Crossroad
Port Dale
SP2E 4YS",Male,Southvale Hospitals NHS Trust,Mixed,United Kingdom,Dependent,Admin,Administrator,Surgery & Cancer,3,15.51,2021-10-06,2021-11-10,15.0,0.4,GMC,Fixed Term,On Leave,BK097833,2030-12-10,II905049,2027-01-18,2027-03-02,2021-10-27
EMP0740-20260916_214726,Elliott,Willis,bethany72@example.net,1993-09-20,+44(0)808 1570440,"Studio 80
Alexandra Wall
Port John
N5 9YS",Female,Valleyview Mental Wellness NHS Trust,Asian,Japan,Skilled Worker,Medical,Consultant,Women & Children,CONS,57.99,2017-07-16,2017-08-27,37.5,1.0,NMC,Bank,Active,NZ891568,2027-07-07,MF046172,2027-03-25,2026-09-18,2017-08-06
EMP0741-20260916_214726,Brenda,Jones,kieran86@example.org,1966-11-22,08081570628,"Flat 5
Sylvia Pike
South Bryanmouth
N75 1HQ",Male,Southgate Community & Mental Health NHS Trust,Asian,China,Dependent,Admin,Data Analyst,Critical Care & Anaesthesia,8A,29.51,2019-12-22,2020-01-26,20.0,0.53,None,Permanent,Suspended,GK716963,2028-01-30,HZ224803,2029-03-08,2026-10-07,2020-01-12
EMP0742-20260916_214726,Alexander,Anderson,turnersamantha@example.com,1995-05-23,(028) 9018438,"Studio 7
Ian Inlet
Lake Patriciamouth
SK98 1AL",Male,Midlands Central Hospitals NHS Trust,Asian,Thailand,Dependent,AHP,Radiographer,Medicine & Acute Care,6,23.63,2025-09-05,2025-10-03,37.5,1.0,GMC,Fixed Term,On Leave,DI272687,2027-02-01,CL488359,2031-04-11,2027-01-12,2025-09-26
EMP0743-20260916_214726,Jean,Johnson,hwilliams@example.org,1975-08-22,+44(0)3069990902,"9 Harris Hills
Andersonberg
E0U 2GJ",Male,Midlands Central Hospitals NHS Trust,Mixed,Barbados,ILR,Admin,Administrator,Women & Children,3,15.61,2024-02-25,2024-04-07,18.75,0.5,NMC,Bank,Active,IY755226,2029-08-20,KW813779,2027-04-30,2027-04-07,2024-03-17
EMP0744-20260916_214726,Leonard,Hill,ufisher@example.net,1981-03-05,+441632 960058,"6 Manning Courts
Begumfort
CM3X 3LF",Male,Riverbank General Hospitals NHS Trust,Asian,China,Skilled Worker,AHP,Physiologist,Surgery & Cancer,6,25.64,2019-05-31,2019-07-12,20.0,0.53,NMC,Permanent,On Leave,TT613693,2030-05-09,EA433705,2026-12-20,2027-03-04,2019-06-21
EMP0745-20260916_214726,Karen,Smith,samuelwoodward@example.com,2005-03-03,(0121) 4960435,"84 Hart Shores
Chapmanside
CB4Y 5XW",Female,Bluewater Community & Rehabilitation NHS Trust,White,United States,Dependent,AHP,Speech Therapist,Clinical Support Services,6,27.08,2017-10-25,2017-12-06,15.0,0.4,None,Fixed Term,Suspended,KB177443,2030-05-23,HS605583,2028-12-25,2027-01-23,2017-11-15
EMP0746-20260916_214726,Jayne,Cooper,lowegeraldine@example.com,1999-10-01,+44(0)1914960378,"88 Danny Road
South Paigeborough
W0 9TH",Female,Southvale Hospitals NHS Trust,White,United Kingdom,ILR,Admin,Administrator,Surgery & Cancer,3,14.99,2021-12-08,2022-01-05,37.5,1.0,NMC,Fixed Term,Active,XP405378,2031-02-19,OA427398,2027-03-01,2027-07-27,2021-12-29
EMP0747-20260916_214726,Duncan,Ford,wlees@example.org,1996-08-05,+44(0)151 4960240,"Studio 80f
Nicole Place
Hughesville
E0S 6FB",Female,Southgate Community & Mental Health NHS Trust,White,United Kingdom,British Citizen,AHP,Pharmacist,Clinical Support Services,5,21.57,2019-12-17,2020-01-28,37.5,1.0,NMC,Permanent,Active,YQ094786,2026-10-15,RU627666,2027-04-22,2026-09-19,2020-01-07
EMP0748-20260916_214726,Carolyn,Anderson,margaret86@example.org,1981-08-14,+44(0)1164960405,"1 Kirsty Forge
Sarahport
BT48 6YX",Female,Southgate Community & Mental Health NHS Trust,Asian,India,British Citizen,AHP,Physiotherapist,Women & Children,6,22.84,2018-01-09,2018-02-13,20.0,0.53,HCPC,Permanent,Suspended,KO241144,2031-03-28,RH518547,2031-06-03,2027-03-29,2018-01-30
EMP0749-20260916_214726,Chelsea,Brown,wendy40@example.com,1992-02-25,+441414960733,"Studio 83q
Mohammad Radial
East Rickyfort
IP70 3WU",Male,Meadowbrook Community Health NHS Trust,Mixed,India,British Citizen,Nursing,Charge Nurse,Emergency & Urgent Care,7,30.43,2020-12-29,2021-01-26,37.5,1.0,HCPC,Bank,Suspended,HY505341,2029-06-14,WH853261,2028-03-05,2027-06-02,2021-01-19
EMP0750-20260916_214726,Marie,Brown,jamesanna@example.com,1960-10-26,(0117) 496 0192,"Studio 07t
Evans Forks
Lake Terry
CR1 3BF",Female,Lakeside District Hospitals NHS Trust,Mixed,Trinidad and Tobago,Dependent,Medical,GP,Corporate Services,GP,48.25,2016-10-09,2016-11-13,20.0,0.53,NMC,Permanent,Inactive,MZ116171,2031-06-14,TR732141,2028-12-01,2027-03-03,2016-10-30
EMP0751-20260916_214726,Julie,Walker,nicole26@example.net,1968-07-10,+44(0)1314960416,"Studio 82c
Ross Junctions
Andrewbury
E6F 8JD",Female,Lakeside District Hospitals NHS Trust,Black,Kenya,ILR,AHP,Speech Therapist,Critical Care & Anaesthesia,6,26.16,2016-12-23,2017-01-27,20.0,0.53,HCPC,Fixed Term,On Leave,HO623880,2027-05-28,WL641912,2029-11-24,2026-11-05,2017-01-13
EMP0752-20260916_214726,Amy,King,sambanks@example.org,1998-04-28,(0116)4960720,"93 Irene Harbors
Annaborough
N7H 0DJ",Male,Westborough Acute Care NHS Trust,Black,Jamaica,Skilled Worker,Admin,Receptionist,Surgery & Cancer,3,14.75,2021-08-30,2021-10-11,37.5,1.0,None,Fixed Term,On Leave,BK162970,2031-08-10,QR295996,2030-11-15,2027-03-25,2021-09-20
EMP0753-20260916_214726,Grace,Stevens,lloydowen@example.com,1984-07-12,+4429 2018348,"7 Robin Street
East Leighview
B23 5JF",Female,Oakridge Community Services NHS Trust,White,Australia,Dependent,Medical,Registrar,Critical Care & Anaesthesia,SPR,41.29,2024-07-24,2024-09-04,30.0,0.8,NMC,Permanent,On Leave,SU878222,2027-04-28,HV948847,2030-03-29,2027-07-26,2024-08-14
EMP0754-20260916_214726,Paige,Carpenter,frances62@example.net,1989-04-13,01164960827,"9 Maurice Square
Lake Maureenstad
DG73 4DE",Female,Westborough Acute Care NHS Trust,Black,South Africa,Dependent,Nursing,Senior Staff Nurse,Clinical Support Services,6,23.39,2018-03-01,2018-04-12,30.0,0.8,None,Fixed Term,Suspended,CM603623,2029-05-11,VR166858,2031-06-02,2027-02-15,2018-03-22
EMP0755-20260916_214726,Terence,Day,bharding@example.com,2006-04-07,(020) 74960837,"Flat 54e
Kelly Wall
Junefurt
EN42 3BY",Male,Horizon Integrated Health Partnership NHS Trust,Asian,Japan,British Citizen,AHP,Pharmacist,Medicine & Acute Care,5,21.54,2023-04-15,2023-05-13,15.0,0.4,GMC,Fixed Term,Suspended,LI768984,2029-11-20,TS344279,2030-09-28,2026-10-31,2023-05-06
EMP0756-20260916_214726,Katy,George,craigtaylor@example.net,1983-12-10,(0808) 1570397,"Studio 0
Roy Mission
New Margaret
B2 6JW",Female,Bluewater Community & Rehabilitation NHS Trust,Mixed,Japan,Dependent,Medical,SHO,Emergency & Urgent Care,SHO,27.52,2023-02-23,2023-03-30,20.0,0.53,None,Permanent,Suspended,ZJ199282,2030-04-02,RI677327,2027-02-14,2027-03-22,2023-03-16
EMP0757-20260916_214726,Dorothy,Brown,paige92@example.net,1962-11-01,+44(0)28 9018213,"Studio 8
Saunders Spring
Lake Zoeport
GY2V 1TL",Male,Riverbank General Hospitals NHS Trust,Black,Barbados,Dependent,AHP,Speech Therapist,Medicine & Acute Care,6,23.54,2021-02-02,2021-03-09,37.5,1.0,NMC,Permanent,Inactive,EQ912953,2027-10-15,CN841851,2027-08-08,2027-03-23,2021-02-23
EMP0758-20260916_214726,Harry,Farmer,vstephens@example.org,2008-03-04,0151 496 0687,"3 Jones Squares
Luketown
G89 1XG",Female,Bluewater Community & Rehabilitation NHS Trust,White,United Kingdom,ILR,Admin,Medical Secretary,Corporate Services,4,16.95,2019-11-24,2019-12-22,18.75,0.5,GMC,Fixed Term,Suspended,BU231820,2031-04-16,KX149095,2029-08-10,2027-05-31,2019-12-15
EMP0759-20260916_214726,Kevin,Wilson,millersandra@example.net,1992-11-26,+44(0)141 496 0693,"25 Pearce Shore
Port Harryland
CT14 2TJ",Male,Greenhaven Acute & Specialist Care NHS Trust,Asian,China,Dependent,Admin,Administrator,Clinical Support Services,3,14.69,2022-07-07,2022-08-18,15.0,0.4,NMC,Fixed Term,On Leave,SF093500,2031-03-18,KC260447,2028-07-26,2027-04-15,2022-07-28
EMP0760-20260916_214726,Joanne,Clarke,graceclayton@example.org,2005-07-06,0161 496 0649,"Studio 5
Gibbs Vista
Paigemouth
PH60 7DB",Female,Horizon Integrated Health Partnership NHS Trust,White,Canada,ILR,Medical,Registrar,Critical Care & Anaesthesia,SPR,36.93,2025-11-10,2025-12-15,20.0,0.53,None,Permanent,On Leave,DQ601987,2031-04-16,VP947601,2028-11-14,2026-10-01,2025-12-01
EMP0761-20260916_214726,Dennis,Shaw,marie24@example.net,1979-08-28,(0808) 1570131,"5 Richard Underpass
East Jane
AB2 7TQ",Female,Westborough Acute Care NHS Trust,White,Canada,Skilled Worker,AHP,Occupational Therapist,Surgery & Cancer,6,26.28,2022-09-22,2022-10-20,37.5,1.0,None,Bank,Inactive,RJ436401,2028-05-03,ZS921394,2027-06-05,2027-08-25,2022-10-13
EMP0762-20260916_214726,Donna,Hughes,harrisonjames@example.net,1982-12-16,01914960543,"493 Wilkins Roads
Port Emily
G74 7YP",Female,Meadowbrook Community Health NHS Trust,Black,Jamaica,British Citizen,Nursing,Healthcare Assistant,Women & Children,2,13.89,2023-08-25,2023-09-22,30.0,0.8,HCPC,Bank,Inactive,YN571802,2028-02-26,IL866009,2029-08-02,2027-05-21,2023-09-15
EMP0763-20260916_214726,Owen,Parkes,ameliabennett@example.net,1982-08-19,(020) 7496 0855,"127 Jones Key
Carolynview
M3W 6UE",Male,Riverside Integrated Care NHS Trust,Asian,China,British Citizen,AHP,Speech Therapist,Critical Care & Anaesthesia,6,26.98,2022-12-17,2023-01-14,37.5,1.0,GMC,Bank,Suspended,ER038469,2027-08-14,LR036341,2030-06-15,2027-08-05,2023-01-07
EMP0764-20260916_214726,Graham,Ellis,janicewatson@example.net,1968-03-24,(0161) 4960329,"Studio 50l
Wilson Summit
Hayesmouth
G8 8XG",Male,Broadfield Clinical Services NHS Trust,White,United Kingdom,Dependent,Nursing,Ward Manager,Corporate Services,8A,33.26,2023-10-14,2023-11-11,18.75,0.5,GMC,Bank,Suspended,UJ751915,2027-01-20,AZ917539,2029-06-23,2027-04-04,2023-11-04
EMP0765-20260916_214726,Katherine,Taylor,kbevan@example.net,1961-12-29,(020) 7496 0794,"Studio 1
Atkins Spurs
New Anna
E9 6AJ",Male,Westmere Community Health NHS Trust,Mixed,Nigeria,Skilled Worker,Medical,Registrar,Corporate Services,SPR,37.08,2023-06-06,2023-07-18,30.0,0.8,NMC,Bank,Suspended,IX167029,2031-05-01,XS975999,2027-10-09,2027-05-17,2023-06-27
EMP0766-20260916_214726,Dennis,Smith,fsmith@example.com,1961-12-11,+4429 2018887,"2 Jill Branch
Jenniferside
B0G 9RH",Male,Westmere Community Health NHS Trust,White,United Kingdom,ILR,AHP,Radiographer,Critical Care & Anaesthesia,6,27.35,2025-09-21,2025-10-19,30.0,0.8,HCPC,Permanent,Active,OV618143,2028-09-08,HG274082,2027-11-03,2026-10-07,2025-10-12
EMP0767-20260916_214726,Neil,May,caroline53@example.com,2002-03-17,(0141) 496 0804,"Studio 0
Turner Motorway
North Mohammad
S0 5BQ",Male,Horizon Integrated Health Partnership NHS Trust,Mixed,Australia,British Citizen,Medical,SHO,Women & Children,SHO,23.47,2022-08-15,2022-09-12,15.0,0.4,GMC,Permanent,Inactive,PV614158,2029-08-01,MK653897,2028-06-07,2027-03-16,2022-09-05
EMP0768-20260916_214726,Scott,Brooks,curtislynda@example.net,1990-06-10,+44113 4960777,"5 Natalie Path
West Alexland
S3 5RJ",Female,Bluewater Community & Rehabilitation NHS Trust,Black,South Africa,Dependent,Admin,Receptionist,Emergency & Urgent Care,3,16.29,2026-04-26,2026-06-07,30.0,0.8,GMC,Fixed Term,Inactive,PA089845,2030-07-06,BS474443,2029-06-09,2027-01-22,2026-05-17
EMP0769-20260916_214726,Dale,Moore,zdean@example.org,2006-06-30,(028) 9018591,"2 Nelson Well
East Eleanor
E32 7GN",Male,Horizon Integrated Health Partnership NHS Trust,Mixed,Thailand,Skilled Worker,AHP,Physiologist,Critical Care & Anaesthesia,6,23.4,2025-01-09,2025-02-13,30.0,0.8,GMC,Permanent,On Leave,EA354044,2029-04-09,RD159642,2030-08-06,2026-12-04,2025-01-30
EMP0770-20260916_214726,Ashleigh,Clark,iwilliams@example.com,1995-05-06,+44(0)151 496 0518,"338 Peacock Forest
Moorechester
KY5Y 2PR",Female,Southgate Community & Mental Health NHS Trust,Black,Ghana,Skilled Worker,AHP,Pharmacist,Clinical Support Services,5,22.68,2019-03-22,2019-04-19,30.0,0.8,None,Bank,On Leave,UA860225,2028-03-05,FT886978,2030-11-06,2027-03-20,2019-04-12
EMP0771-20260916_214726,Beth,Baxter,turnercarolyn@example.net,2004-05-03,(0191) 4960396,"Studio 73
Glen Parkways
Kevinmouth
W3 1FB",Male,Bluewater Community & Rehabilitation NHS Trust,Black,Barbados,Skilled Worker,Nursing,Senior Staff Nurse,Women & Children,6,27.07,2025-03-20,2025-04-24,15.0,0.4,GMC,Bank,Active,EI144609,2031-09-08,TI373486,2027-12-30,2027-08-16,2025-04-10
EMP0772-20260916_214726,Eric,Wood,tgregory@example.org,1988-07-01,+44117 496 0763,"Studio 41
Holden Common
Joshuaburgh
SG28 1UJ",Male,Northshire University Hospitals NHS Trust,Asian,China,British Citizen,Nursing,Ward Manager,Corporate Services,8A,33.45,2021-07-23,2021-09-03,37.5,1.0,HCPC,Fixed Term,Suspended,ZD507193,2031-06-25,LI521776,2031-06-26,2026-12-16,2021-08-13
EMP0773-20260916_214726,Robert,Williams,williamshelen@example.net,1994-11-16,01134960814,"Flat 05M
Billy Mountain
Abigailhaven
IP4 6YA",Female,Westborough Acute Care NHS Trust,Asian,India,ILR,Medical,Registrar,Critical Care & Anaesthesia,SPR,34.11,2022-09-03,2022-10-01,37.5,1.0,None,Permanent,Inactive,VM007224,2026-11-26,FK248982,2029-01-20,2027-01-25,2022-09-24
EMP0774-20260916_214726,Maurice,Barnes,cgordon@example.org,1992-03-13,(0161)4960481,"2 Kerry Bridge
Frankchester
W8 8YG",Female,Westborough Acute Care NHS Trust,Mixed,United Kingdom,Skilled Worker,Admin,Receptionist,Critical Care & Anaesthesia,3,13.91,2016-12-31,2017-01-28,30.0,0.8,GMC,Permanent,On Leave,MU792889,2029-06-22,SQ713390,2031-01-07,2027-08-04,2017-01-21
EMP0775-20260916_214726,Conor,Bell,matthewsmegan@example.net,1964-07-03,+44(0)113 496 0765,"Flat 73R
Leigh Inlet
West Jean
SM3 4NB",Female,Westmere Community Health NHS Trust,Mixed,United Kingdom,British Citizen,Admin,Receptionist,Surgery & Cancer,3,13.94,2022-09-18,2022-10-16,30.0,0.8,HCPC,Permanent,Inactive,JB664093,2027-11-01,LT585955,2029-01-09,2027-06-28,2022-10-09
EMP0776-20260916_214726,Jamie,Perry,wayne44@example.net,1979-04-21,(0131) 496 0326,"Flat 4
Jenkins Flats
South Dylanchester
E89 7SG",Male,Broadfield Clinical Services NHS Trust,White,United States,British Citizen,Admin,Receptionist,Corporate Services,3,13.66,2018-02-16,2018-03-30,18.75,0.5,None,Bank,Inactive,DU175900,2031-07-30,VL079635,2028-10-09,2027-01-18,2018-03-09
EMP0777-20260916_214726,Douglas,Daly,awilliams@example.com,1963-05-06,0118 4960740,"Studio 60
Owen Harbor
West Alexbury
SL3 2XG",Female,Lakeside District Hospitals NHS Trust,Asian,Thailand,Dependent,Medical,FY1/FY2,Medicine & Acute Care,FY1,20.17,2017-09-15,2017-10-20,20.0,0.53,GMC,Fixed Term,Suspended,YT977767,2030-06-23,XX043986,2030-12-10,2026-10-30,2017-10-06
EMP0778-20260916_214726,Lee,Khan,katy17@example.com,1980-03-21,+44(0)121 496 0349,"405 Watson Lodge
Marionview
WA4N 2YS",Male,Eastfield Psychological Services NHS Trust,Asian,India,Skilled Worker,AHP,Pharmacist,Clinical Support Services,5,21.41,2020-04-23,2020-05-28,15.0,0.4,NMC,Fixed Term,On Leave,JQ950985,2029-12-03,MM147979,2030-04-23,2027-02-23,2020-05-14
EMP0779-20260916_214726,Paul,Atkins,stewartblake@example.net,1967-07-09,+44(0)20 74960417,"Flat 90Q
Gemma Club
Lake Declan
CW9 6BB",Female,Westborough Acute Care NHS Trust,Black,Jamaica,Dependent,Medical,FY1/FY2,Corporate Services,FY1,18.88,2017-11-25,2017-12-23,18.75,0.5,GMC,Bank,Suspended,IO881507,2028-11-19,PQ698443,2031-06-06,2027-08-23,2017-12-16
EMP0780-20260916_214726,Holly,Powell,ahmedantony@example.com,1996-04-04,(0909) 879 0848,"586 Laura Meadows
West Leigh
M7D 7WJ",Male,Horizon Integrated Health Partnership NHS Trust,White,United States,Skilled Worker,Medical,FY1/FY2,Corporate Services,FY1,21.28,2019-08-05,2019-09-09,20.0,0.53,GMC,Permanent,On Leave,LM746856,2031-03-24,OI711127,2027-03-14,2027-07-29,2019-08-26
EMP0781-20260916_214726,Billy,Harris,janepreston@example.net,1987-08-13,0113 4960375,"9 June Ports
East Mariamouth
SK27 0RE",Female,Horizon Integrated Health Partnership NHS Trust,Black,Trinidad and Tobago,British Citizen,AHP,Physiotherapist,Women & Children,6,23.42,2024-03-10,2024-04-14,15.0,0.4,HCPC,Bank,Inactive,KF107670,2029-09-13,TX241269,2028-02-06,2027-05-12,2024-03-31
EMP0782-20260916_214726,Elliott,Wilson,joanevans@example.org,2001-02-22,01514960301,"Flat 46F
Bennett Stream
Lake Mohamedberg
LA21 9PJ",Male,Westmere Community Health NHS Trust,White,New Zealand,Dependent,AHP,Physiotherapist,Corporate Services,6,23.74,2020-06-13,2020-07-25,20.0,0.53,NMC,Fixed Term,Active,ZA817659,2030-10-05,XX337171,2028-07-01,2027-03-26,2020-07-04
EMP0783-20260916_214726,Iain,Ferguson,claytonbrett@example.com,1975-04-17,0151 496 0533,"Flat 22
Dean Falls
Danielmouth
G3F 3HG",Male,Oakridge Community Services NHS Trust,Black,Ghana,ILR,Admin,Data Analyst,Women & Children,8A,30.0,2017-01-08,2017-02-05,20.0,0.53,GMC,Permanent,Inactive,UC636546,2030-10-06,JD973520,2031-01-31,2027-06-20,2017-01-29
EMP0784-20260916_214726,Olivia,Chapman,mroberts@example.com,1964-03-19,+44(0)808 157 0604,"Flat 5
Jones Centers
New Michael
B7 8RZ",Female,Eastfield Psychological Services NHS Trust,Black,Jamaica,Dependent,Admin,Receptionist,Medicine & Acute Care,3,15.54,2016-11-24,2016-12-22,18.75,0.5,GMC,Permanent,On Leave,YJ693518,2027-07-07,CA783556,2028-09-18,2027-09-10,2016-12-15
EMP0785-20260916_214726,Sara,Pratt,oliviahowarth@example.com,1968-02-12,+441632 960411,"Flat 80
June Unions
Port Billymouth
M8 6NB",Male,Broadfield Clinical Services NHS Trust,Black,Nigeria,British Citizen,Nursing,Senior Staff Nurse,Clinical Support Services,6,27.88,2023-07-22,2023-09-02,20.0,0.53,HCPC,Fixed Term,Active,IX932824,2028-09-25,VS959478,2026-11-15,2027-02-12,2023-08-12
EMP0786-20260916_214726,Maurice,Williams,cooksarah@example.org,1972-05-03,01144960627,"250 Walker Mountains
Butlerberg
N4U 6LT",Male,Eastfield Psychological Services NHS Trust,Asian,Japan,ILR,AHP,Speech Therapist,Clinical Support Services,6,27.59,2018-07-03,2018-08-14,15.0,0.4,GMC,Permanent,Inactive,GS000860,2029-05-14,TX864926,2029-09-23,2027-02-05,2018-07-24
EMP0787-20260916_214726,Beverley,Clark,evansoliver@example.net,1962-10-12,0114 4960446,"540 Riley Hollow
Port Alex
G43 5GQ",Male,Eastmoor Teaching Hospitals NHS Trust,Asian,Thailand,Skilled Worker,Nursing,Healthcare Assistant,Medicine & Acute Care,2,13.5,2026-07-26,2026-08-30,15.0,0.4,HCPC,Bank,Inactive,EI834794,2030-09-26,ST762359,2026-12-19,2027-08-16,2026-08-16
EMP0788-20260916_214726,Melissa,Frost,donaldshepherd@example.org,1987-05-22,+44(0)306 9990927,"19 Ian Run
North Jack
BT7Y 7FS",Male,Greenhaven Acute & Specialist Care NHS Trust,White,United States,British Citizen,AHP,Physiotherapist,Emergency & Urgent Care,6,23.42,2024-06-14,2024-07-26,30.0,0.8,None,Bank,Suspended,ZB444376,2031-07-03,KW651583,2029-05-01,2027-05-07,2024-07-05
EMP0789-20260916_214726,Joanne,McCarthy,gerald49@example.com,1977-09-08,+44(0)118 4960469,"Flat 56
Wells Oval
Ryanborough
SN8 3TW",Male,Broadfield Clinical Services NHS Trust,Mixed,South Africa,British Citizen,AHP,Speech Therapist,Clinical Support Services,6,27.46,2016-10-09,2016-11-06,15.0,0.4,NMC,Bank,Active,VJ394504,2028-10-27,OQ986931,2027-12-29,2026-09-19,2016-10-30
EMP0790-20260916_214726,Stephen,Martin,mbegum@example.net,1987-09-10,(01632) 960 361,"Studio 24
Sean Union
East Catherine
B88 6DA",Male,Broadfield Clinical Services NHS Trust,Asian,China,Dependent,Medical,GP,Women & Children,GP,53.17,2018-01-03,2018-02-07,15.0,0.4,HCPC,Bank,Suspended,SK097878,2028-11-09,MI323184,2028-01-18,2027-04-07,2018-01-24
EMP0791-20260916_214726,Deborah,Short,tsykes@example.org,1974-11-07,+441144960961,"Studio 7
Carol Trail
West Kimberley
E09 3AG",Female,Horizon Integrated Health Partnership NHS Trust,Mixed,United States,ILR,Nursing,Nursery Nurse,Surgery & Cancer,2,14.21,2020-08-11,2020-09-15,18.75,0.5,None,Bank,Active,JM803642,2028-07-26,AZ285218,2028-06-07,2027-05-26,2020-09-01
EMP0792-20260916_214726,Callum,Edwards,scott09@example.net,2004-05-05,(0151) 4960629,"Flat 70O
Giles Turnpike
Bowenmouth
HX34 8WF",Female,Hillcrest Medical Centres NHS Trust,Asian,Thailand,Dependent,Medical,SHO,Medicine & Acute Care,SHO,29.97,2024-02-13,2024-03-19,30.0,0.8,GMC,Permanent,Inactive,VK058267,2030-09-15,GZ416780,2027-05-05,2027-04-06,2024-03-05
EMP0793-20260916_214726,Arthur,Ali,samanthamiah@example.net,1995-01-13,(0116) 4960429,"8 James Underpass
Allanberg
S6 0LD",Female,Horizon Integrated Health Partnership NHS Trust,Black,Nigeria,British Citizen,Medical,Consultant,Critical Care & Anaesthesia,CONS,69.97,2021-11-26,2021-12-31,15.0,0.4,None,Bank,Active,GK475984,2031-08-20,QH367462,2027-01-17,2027-07-15,2021-12-17
EMP0794-20260916_214726,Jacqueline,Ward,wattsshane@example.org,1962-03-31,(0118) 496 0529,"199 Holly Mews
Martinmouth
DH9M 8FY",Male,Southvale Hospitals NHS Trust,Mixed,New Zealand,Dependent,Medical,Registrar,Surgery & Cancer,SPR,34.88,2020-04-17,2020-05-15,15.0,0.4,None,Bank,On Leave,BE293632,2029-06-16,AW733551,2027-04-29,2026-10-26,2020-05-08
EMP0795-20260916_214726,Hilary,Kennedy,stuartedwards@example.net,1972-03-06,+44(0)121 496 0269,"27 Mahmood Pine
Smithberg
B1 6BL",Female,Midlands Central Hospitals NHS Trust,White,New Zealand,British Citizen,AHP,Speech Therapist,Corporate Services,6,22.6,2022-09-22,2022-11-03,20.0,0.53,GMC,Permanent,On Leave,CP010212,2027-10-05,CM330816,2028-12-10,2027-05-26,2022-10-13
EMP0796-20260916_214726,Tracey,Flynn,jeanlee@example.net,1985-04-05,+44(0)141 4960986,"Flat 89G
Sanderson Hills
Reedmouth
OX00 3UY",Male,Northshire University Hospitals NHS Trust,White,Australia,Dependent,Nursing,Nursery Nurse,Surgery & Cancer,2,13.28,2022-02-07,2022-03-07,18.75,0.5,NMC,Permanent,On Leave,YW254590,2028-07-09,EC527844,2027-01-22,2026-10-10,2022-02-28
EMP0797-20260916_214726,Sharon,Horton,jamie03@example.com,1989-02-21,(01632) 960 032,"Studio 47a
Joyce Expressway
Laneville
BB2 7FZ",Female,Lakeside District Hospitals NHS Trust,Mixed,Barbados,Dependent,AHP,Speech Therapist,Surgery & Cancer,6,26.56,2022-04-25,2022-05-23,18.75,0.5,GMC,Fixed Term,Active,VD946561,2031-03-20,NN174929,2026-10-18,2027-05-04,2022-05-16
EMP0798-20260916_214726,Justin,Brooks,ashleighlawson@example.com,2006-02-01,+44191 4960568,"45 Samuel Mount
North Rhys
DL58 7ZQ",Female,Hillcrest Medical Centres NHS Trust,White,Canada,British Citizen,Admin,Data Analyst,Corporate Services,8A,30.57,2022-08-08,2022-09-19,15.0,0.4,GMC,Fixed Term,Suspended,UN823309,2028-01-18,RG742053,2031-03-11,2026-10-01,2022-08-29
EMP0799-20260916_214726,Gemma,Young,oliverjoan@example.net,2001-05-13,+4428 9018 0108,"Flat 83
Taylor Mountain
North Fionatown
SK3 5PW",Male,Westborough Acute Care NHS Trust,Mixed,Jamaica,British Citizen,AHP,Speech Therapist,Corporate Services,6,22.71,2026-09-03,2026-10-08,37.5,1.0,None,Permanent,Inactive,VO267156,2029-08-04,QQ976680,2030-02-04,2026-12-16,2026-09-24
EMP0800-20260916_214726,Amelia,Lee,hawkinsdonna@example.org,1966-05-09,0306 9990130,"532 Donna Point
Brownburgh
PR16 9HX",Female,Southvale Hospitals NHS Trust,White,Canada,ILR,Nursing,Charge Nurse,Emergency & Urgent Care,7,31.02,2019-08-22,2019-10-03,18.75,0.5,HCPC,Permanent,Active,ZC310561,2031-01-17,GL117662,2028-04-24,2027-08-12,2019-09-12
EMP0801-20260916_214726,Francesca,Taylor,awyatt@example.org,1998-02-28,+44(0)1164960603,"Flat 5
Sheila Falls
Kellytown
DN6 3DR",Male,Westmere Community Health NHS Trust,Black,Ghana,British Citizen,AHP,Speech Therapist,Women & Children,6,27.24,2018-10-23,2018-11-27,37.5,1.0,None,Permanent,On Leave,FM229647,2028-07-26,WQ542113,2031-09-02,2026-11-14,2018-11-13
EMP0802-20260916_214726,Julian,Cook,ureeves@example.org,1961-04-14,+44(0)117 4960611,"Studio 2
Thompson Forest
West Ryan
CA5E 6BS",Male,Oakridge Community Services NHS Trust,Black,Barbados,Dependent,AHP,Speech Therapist,Surgery & Cancer,6,25.44,2026-04-26,2026-05-24,20.0,0.53,HCPC,Bank,Active,QQ611761,2030-10-25,NQ942228,2026-09-16,2027-02-25,2026-05-17
EMP0803-20260916_214726,Josephine,Chapman,oliviabrooks@example.com,2007-06-01,+44(0)1154960546,"Studio 2
Rees Stream
Abbiestad
IP2E 1FS",Male,Oakridge Community Services NHS Trust,Mixed,United States,British Citizen,AHP,Radiographer,Surgery & Cancer,6,26.83,2021-01-26,2021-03-02,37.5,1.0,GMC,Fixed Term,Suspended,YD766985,2028-01-30,IG749066,2027-06-14,2026-12-10,2021-02-16
EMP0804-20260916_214726,Hayley,Jones,anthony66@example.org,1968-08-13,(0909) 8790262,"72 Natalie Corners
Port Katie
TN7X 2NW",Female,Valleyview Mental Wellness NHS Trust,Mixed,India,Dependent,Nursing,Senior Staff Nurse,Medicine & Acute Care,6,27.75,2017-05-19,2017-06-16,18.75,0.5,None,Fixed Term,Suspended,MO641806,2030-05-01,UJ504730,2031-01-27,2027-04-29,2017-06-09
EMP0805-20260916_214726,Marilyn,James,grace79@example.org,1964-10-25,+44(0)909 879 0187,"Flat 46o
Smith Forks
South Russell
HR10 6WT",Male,Midlands Central Hospitals NHS Trust,Asian,India,British Citizen,Medical,Registrar,Critical Care & Anaesthesia,SPR,38.11,2021-06-07,2021-07-19,18.75,0.5,None,Fixed Term,Active,AV347499,2030-10-01,GK974542,2029-06-14,2026-10-14,2021-06-28
EMP0806-20260916_214726,Maurice,Hunt,ppatel@example.com,1988-03-29,(0141)4960572,"Studio 7
North Square
New Trevor
M6 2JE",Male,Northshire University Hospitals NHS Trust,Black,Jamaica,Skilled Worker,Medical,GP,Critical Care & Anaesthesia,GP,53.82,2024-04-19,2024-05-17,30.0,0.8,GMC,Bank,Inactive,CU840363,2027-04-11,NN448659,2031-09-12,2027-05-12,2024-05-10
EMP0807-20260916_214726,Bryan,Carter,bwilliams@example.org,2004-08-01,(0151) 496 0038,"Flat 01f
Elliott Terrace
North Gavin
CH2Y 6PU",Female,Westborough Acute Care NHS Trust,Asian,Thailand,Dependent,Admin,Receptionist,Medicine & Acute Care,3,15.0,2026-08-21,2026-09-25,30.0,0.8,NMC,Bank,Active,QV353191,2030-04-19,HR922897,2027-08-04,2027-04-27,2026-09-11
EMP0808-20260916_214726,Stewart,Naylor,zanderson@example.com,1970-07-18,01514960130,"Studio 9
Yvonne Roads
Jacksonbury
L85 5EX",Female,Northshire University Hospitals NHS Trust,Asian,India,Skilled Worker,Medical,Registrar,Medicine & Acute Care,SPR,36.83,2018-07-12,2018-08-23,18.75,0.5,NMC,Fixed Term,On Leave,QD353475,2027-10-14,JN064279,2028-01-31,2027-04-14,2018-08-02
EMP0809-20260916_214726,Janice,Wood,brucehooper@example.net,1962-04-22,+44(0)28 9018 0321,"8 Ross Summit
West Gareth
ME3A 5LP",Female,Greenhaven Acute & Specialist Care NHS Trust,Asian,Thailand,Dependent,AHP,Radiographer,Medicine & Acute Care,6,27.42,2017-08-06,2017-09-17,18.75,0.5,HCPC,Permanent,On Leave,XP163095,2029-02-24,UI932534,2027-06-12,2027-07-06,2017-08-27
EMP0810-20260916_214726,Samantha,Hussain,grahamphillip@example.net,1995-11-02,+44(0)114 496 0812,"Flat 67A
Collier Forge
North Malcolmhaven
N5 5BX",Female,Northshire University Hospitals NHS Trust,Asian,Japan,British Citizen,Admin,Administrator,Women & Children,3,14.42,2020-01-17,2020-02-28,18.75,0.5,GMC,Bank,On Leave,KF842475,2029-08-25,KC167118,2027-06-10,2027-05-22,2020-02-07
EMP0811-20260916_214726,Craig,Douglas,youngmark@example.org,1998-07-14,+44(0)191 4960563,"Flat 17
Maurice Via
West Gailtown
S2F 0AX",Female,Northwood Mental Health NHS Trust,Asian,China,Dependent,AHP,Physiotherapist,Critical Care & Anaesthesia,6,25.47,2018-08-18,2018-09-22,37.5,1.0,NMC,Permanent,Inactive,SC448020,2029-06-14,BW769431,2030-07-06,2027-05-05,2018-09-08
EMP0812-20260916_214726,Kyle,Burgess,hrichardson@example.net,2005-07-10,+44(0)1164960100,"376 Dennis Street
South Beth
IP9 1BU",Female,Riverbank General Hospitals NHS Trust,Black,Jamaica,Skilled Worker,Medical,Consultant,Corporate Services,CONS,62.53,2024-07-14,2024-08-18,18.75,0.5,GMC,Fixed Term,On Leave,OP148211,2028-06-19,AB864608,2028-10-25,2027-02-13,2024-08-04
EMP0813-20260916_214726,Joanne,James,charltonjodie@example.org,2000-09-25,+441632 960 010,"3 Francesca Spurs
North Leeville
SP19 4HZ",Male,Southvale Hospitals NHS Trust,White,United Kingdom,ILR,Medical,FY1/FY2,Clinical Support Services,FY1,20.76,2019-04-05,2019-05-17,30.0,0.8,HCPC,Bank,Active,IK780309,2031-08-25,AE636610,2029-07-21,2026-11-29,2019-04-26
EMP0814-20260916_214726,Margaret,Goddard,shane60@example.com,1981-05-08,(0131) 496 0829,"Flat 23V
Griffin Vista
Lake Carolinetown
HA3B 8BN",Female,Lakeside District Hospitals NHS Trust,Mixed,United Kingdom,ILR,Medical,GP,Corporate Services,GP,55.48,2026-03-18,2026-04-29,37.5,1.0,HCPC,Bank,On Leave,GS804143,2031-01-14,OP078596,2027-06-03,2026-12-06,2026-04-08
EMP0815-20260916_214726,Brandon,Jones,wattsmartyn@example.net,1988-08-03,+449098790259,"055 Arthur Mountains
East Justinhaven
L2S 0ZF",Male,Eastfield Psychological Services NHS Trust,Mixed,China,Dependent,Medical,FY1/FY2,Medicine & Acute Care,FY1,18.86,2019-09-21,2019-11-02,20.0,0.53,HCPC,Bank,Active,YB333702,2029-04-27,ML117598,2026-10-10,2027-01-02,2019-10-12
EMP0816-20260916_214726,Aaron,Curtis,kathleencampbell@example.net,1986-01-31,09098790636,"Studio 17Y
Cox Drives
Charltonmouth
EN2 3EN",Male,Northshire University Hospitals NHS Trust,Mixed,Jamaica,British Citizen,AHP,Occupational Therapist,Medicine & Acute Care,6,25.99,2017-12-27,2018-02-07,18.75,0.5,GMC,Fixed Term,Suspended,SZ004639,2027-10-15,OW794104,2028-03-14,2027-09-08,2018-01-17
EMP0817-20260916_214726,Hazel,Bell,gstokes@example.com,1984-08-18,+4428 9018772,"92 Brown Shoal
North Martin
LE80 8DX",Female,Westborough Acute Care NHS Trust,Mixed,United States,ILR,AHP,Occupational Therapist,Emergency & Urgent Care,6,27.25,2024-08-18,2024-09-15,20.0,0.53,HCPC,Fixed Term,Active,DC012039,2031-02-12,SH189389,2029-06-24,2027-02-21,2024-09-08
EMP0818-20260916_214726,June,Rose,hsmith@example.net,1999-10-14,+44(0)121 496 0386,"Studio 89
Tina Radial
New Tracey
EN4W 8EX",Female,Valleyview Mental Wellness NHS Trust,Mixed,Australia,British Citizen,Medical,GP,Clinical Support Services,GP,52.44,2024-02-13,2024-03-26,15.0,0.4,NMC,Fixed Term,Suspended,CR606485,2026-11-12,DS679873,2028-04-21,2026-09-24,2024-03-05
EMP0819-20260916_214726,Maurice,Barker,nwalker@example.net,1970-05-06,01514960201,"828 Harriet Drive
Gillmouth
IP0P 7GY",Male,Greenhaven Acute & Specialist Care NHS Trust,Mixed,Canada,Dependent,Admin,Data Analyst,Critical Care & Anaesthesia,8A,28.22,2023-06-21,2023-07-26,18.75,0.5,NMC,Fixed Term,Inactive,HN923138,2028-08-06,MG797193,2031-08-22,2026-10-07,2023-07-12
EMP0820-20260916_214726,Bradley,Griffiths,shannonarcher@example.org,1995-10-22,01632 960 155,"528 Dean Mill
South Melissaview
CV9Y 8WL",Male,Southvale Hospitals NHS Trust,Asian,India,ILR,Medical,Consultant,Women & Children,CONS,65.7,2026-03-13,2026-04-10,37.5,1.0,HCPC,Bank,Active,CN465013,2029-02-08,AI892966,2030-01-11,2027-03-30,2026-04-03
EMP0821-20260916_214726,Allan,Stanley,teresalynch@example.net,1963-02-14,+44115 4960502,"Flat 29
Ball Meadows
Dawnstad
L27 6FN",Female,Southgate Community & Mental Health NHS Trust,Mixed,Japan,British Citizen,Nursing,Healthcare Assistant,Medicine & Acute Care,2,13.0,2026-01-26,2026-03-09,15.0,0.4,GMC,Bank,Suspended,HD307392,2029-08-20,TQ853940,2030-11-08,2027-06-10,2026-02-16
EMP0822-20260916_214726,Arthur,Green,phillip30@example.com,1981-01-18,0909 879 0079,"529 Jodie Loaf
Lewisport
CM1 2TF",Male,Southvale Hospitals NHS Trust,Mixed,Canada,Dependent,Medical,Consultant,Critical Care & Anaesthesia,CONS,54.77,2018-10-28,2018-12-09,30.0,0.8,GMC,Fixed Term,Active,MK713888,2026-12-09,BM302844,2031-04-04,2027-08-16,2018-11-18
EMP0823-20260916_214726,Toby,Doherty,holdenteresa@example.net,1986-09-13,0191 498 0605,"Flat 4
Goddard Road
Carterville
SN04 9TB",Female,Meadowbrook Community Health NHS Trust,Asian,China,British Citizen,Nursing,Nursery Nurse,Emergency & Urgent Care,2,12.98,2018-05-09,2018-06-20,18.75,0.5,None,Fixed Term,On Leave,PP765278,2029-03-15,OY495503,2028-07-11,2027-05-09,2018-05-30
EMP0824-20260916_214726,Helen,Pearce,alison59@example.org,1963-08-05,0161 4960528,"Flat 0
Rebecca Forges
Bishopborough
PE8B 0HH",Male,Riverside Integrated Care NHS Trust,Mixed,United Kingdom,ILR,Nursing,Staff Nurse,Medicine & Acute Care,5,21.58,2022-06-30,2022-07-28,18.75,0.5,HCPC,Bank,Inactive,LJ873001,2029-10-03,YP521933,2029-08-05,2027-07-25,2022-07-21
EMP0825-20260916_214726,Chelsea,Shaw,kennethsaunders@example.com,1996-06-03,+44117 4960852,"Studio 0
Herbert Crescent
Carolynton
FK83 9RL",Female,Riverbank General Hospitals NHS Trust,Mixed,South Africa,Skilled Worker,Admin,Administrator,Medicine & Acute Care,3,13.73,2018-02-21,2018-04-04,37.5,1.0,None,Bank,On Leave,ZD216301,2031-08-20,VG463706,2030-05-09,2027-06-17,2018-03-14
EMP0826-20260916_214726,Alexander,Hudson,trobson@example.com,1994-06-05,+44114 4960670,"Studio 34
Alan Points
North Bethany
N46 4XZ",Female,Hillcrest Medical Centres NHS Trust,Mixed,Ghana,Skilled Worker,Nursing,Staff Nurse,Clinical Support Services,5,22.66,2019-01-15,2019-02-12,18.75,0.5,NMC,Fixed Term,On Leave,BU613640,2027-05-25,PF579622,2027-04-04,2027-05-01,2019-02-05
EMP0827-20260916_214726,Shane,Taylor,jamiejones@example.com,1962-12-28,+44(0)909 879 0956,"71 Megan Inlet
East Andrewview
AB3 6FP",Female,Westmere Community Health NHS Trust,Black,Jamaica,Skilled Worker,Admin,Medical Secretary,Clinical Support Services,4,17.23,2022-01-04,2022-02-15,30.0,0.8,GMC,Fixed Term,On Leave,ZA917908,2030-02-19,CO463224,2030-07-02,2027-03-01,2022-01-25
EMP0828-20260916_214726,Melissa,Ford,skirby@example.net,1973-07-09,01632 960 180,"0 Leigh Junctions
South Joanne
HD6 1DF",Female,Broadfield Clinical Services NHS Trust,Black,South Africa,British Citizen,Medical,FY1/FY2,Women & Children,FY1,18.98,2019-10-29,2019-11-26,20.0,0.53,HCPC,Permanent,On Leave,GY747823,2028-09-07,OH261424,2029-04-18,2026-09-17,2019-11-19
EMP0829-20260916_214726,Gregory,Kirby,mreynolds@example.org,2004-02-18,+4428 9018 0894,"Flat 27
Hunt Pines
West Michelleberg
LE1 5NW",Female,Riverbank General Hospitals NHS Trust,White,Canada,ILR,Nursing,Charge Nurse,Clinical Support Services,7,30.61,2025-11-09,2025-12-14,15.0,0.4,None,Permanent,Suspended,TQ369409,2027-02-23,WP439200,2026-09-25,2027-06-06,2025-11-30
EMP0830-20260916_214726,Dawn,Berry,murphyliam@example.org,1960-10-30,(020) 7496 0693,"7 Dobson Cove
Lake Samanthaport
W3H 8HD",Male,Horizon Integrated Health Partnership NHS Trust,Black,Nigeria,Dependent,Nursing,Healthcare Assistant,Clinical Support Services,2,12.96,2018-11-09,2018-12-21,18.75,0.5,None,Fixed Term,Inactive,HE093620,2028-12-14,UY027884,2028-03-21,2026-12-12,2018-11-30
EMP0831-20260916_214726,Carol,Sharpe,xjones@example.org,1974-07-30,+44289018636,"967 Mitchell Mission
Garrytown
S1 6EB",Male,Northwood Mental Health NHS Trust,Asian,Thailand,Dependent,Medical,GP,Women & Children,GP,60.25,2020-10-18,2020-11-15,20.0,0.53,None,Fixed Term,Inactive,KA343412,2028-11-14,FD344184,2029-04-06,2026-11-09,2020-11-08
EMP0832-20260916_214726,Zoe,Adams,frank52@example.com,1974-09-27,01184960023,"Flat 77
Marcus Village
West Jeremy
G66 6JT",Female,Eastfield Psychological Services NHS Trust,Black,Trinidad and Tobago,British Citizen,Admin,Medical Secretary,Women & Children,4,15.45,2026-04-02,2026-05-14,15.0,0.4,HCPC,Bank,Inactive,FQ490126,2029-04-23,RR484892,2029-05-12,2026-12-31,2026-04-23
EMP0833-20260916_214726,Rita,Smith,hartamber@example.org,1963-01-07,+442074960994,"52 Marcus Burgs
Port Sarah
B07 4UY",Female,Southvale Hospitals NHS Trust,Asian,China,Skilled Worker,AHP,Physiotherapist,Corporate Services,6,25.34,2019-12-02,2020-01-13,18.75,0.5,None,Fixed Term,Inactive,BJ524644,2030-07-17,LQ221268,2030-10-02,2027-06-26,2019-12-23
EMP0834-20260916_214726,Christopher,Lee,vread@example.com,1992-09-17,0131 4960006,"Flat 7
Moore Station
West Juneland
S5W 7XJ",Female,Southvale Hospitals NHS Trust,Black,South Africa,Dependent,Medical,GP,Critical Care & Anaesthesia,GP,52.5,2025-08-19,2025-09-30,37.5,1.0,NMC,Bank,Suspended,EC252630,2030-08-19,PN654902,2027-04-07,2026-10-14,2025-09-09
EMP0835-20260916_214726,Megan,Jones,carolhopkins@example.net,1987-04-29,0115 4960084,"Flat 8
Derek Park
Port Kennethfurt
DE4 8YR",Male,Meadowbrook Community Health NHS Trust,Asian,China,ILR,AHP,Speech Therapist,Corporate Services,6,26.47,2020-12-08,2021-01-19,37.5,1.0,NMC,Permanent,Inactive,FK223610,2028-06-30,FI632676,2028-10-22,2027-01-26,2020-12-29
EMP0836-20260916_214726,Fiona,Houghton,gdale@example.com,2001-05-31,(0117)4960686,"46 Lindsey Coves
South Mandyville
B44 7PF",Female,Riverbank General Hospitals NHS Trust,Mixed,India,ILR,AHP,Speech Therapist,Surgery & Cancer,6,28.11,2017-10-14,2017-11-25,37.5,1.0,None,Permanent,Inactive,JC165781,2029-07-17,UL649050,2031-05-25,2026-10-19,2017-11-04
EMP0837-20260916_214726,Joseph,Cox,briannoble@example.net,1989-09-16,+44(0)3069990370,"Studio 9
Norris Plain
Kimberleyport
B5H 0DH",Female,Valleyview Mental Wellness NHS Trust,Black,Barbados,ILR,Medical,FY1/FY2,Women & Children,FY1,21.06,2018-10-04,2018-11-08,30.0,0.8,NMC,Permanent,Suspended,LJ919619,2029-11-24,LS306334,2029-11-09,2026-11-16,2018-10-25
EMP0838-20260916_214726,Jake,Davis,howellvalerie@example.net,1963-07-09,+44(0)1614960577,"Studio 44Z
Judith Inlet
West Harrietchester
SN6W 1WY",Female,Westborough Acute Care NHS Trust,Asian,China,Skilled Worker,Admin,Administrator,Critical Care & Anaesthesia,3,14.7,2024-12-05,2025-01-02,15.0,0.4,GMC,Bank,On Leave,RC689713,2031-08-09,UN849386,2026-10-16,2026-11-06,2024-12-26
EMP0839-20260916_214726,Rosie,Turner,paulbrown@example.net,1962-07-09,+44(0)2074960155,"Studio 56
Molly Land
Walkerfort
G53 8AY",Male,Broadfield Clinical Services NHS Trust,Black,Jamaica,Skilled Worker,AHP,Speech Therapist,Emergency & Urgent Care,6,26.4,2021-08-04,2021-09-01,15.0,0.4,NMC,Permanent,Inactive,SB653049,2031-01-20,FK109446,2031-09-09,2027-05-18,2021-08-25
EMP0840-20260916_214726,Lewis,Ryan,brianporter@example.org,1967-06-19,09098790710,"961 Cooper Expressway
East Martynville
ZE9 5DP",Female,Valleyview Mental Wellness NHS Trust,Asian,China,Skilled Worker,Admin,Medical Secretary,Medicine & Acute Care,4,16.74,2024-05-31,2024-06-28,30.0,0.8,GMC,Bank,On Leave,TT442058,2029-09-05,WC955438,2028-07-13,2026-11-13,2024-06-21
EMP0841-20260916_214726,Lydia,Grant,roysmith@example.com,1992-04-10,020 7946 0035,"375 Ian Curve
Lake Holly
E12 1JZ",Female,Riverbank General Hospitals NHS Trust,Black,Ghana,Dependent,Medical,SHO,Medicine & Acute Care,SHO,30.21,2024-11-22,2024-12-20,37.5,1.0,None,Fixed Term,Active,ZD000645,2026-11-08,EV886049,2028-02-05,2027-01-04,2024-12-13
EMP0842-20260916_214726,Hannah,Fraser,isutton@example.org,2003-05-28,+4429 2018 0495,"03 Denise Cliffs
Lake Ellie
G2 6GJ",Male,Eastfield Psychological Services NHS Trust,Mixed,China,ILR,Medical,FY1/FY2,Women & Children,FY1,21.45,2017-03-18,2017-04-29,30.0,0.8,None,Bank,Active,BB604354,2029-10-06,CF796682,2028-06-25,2027-04-12,2017-04-08
EMP0843-20260916_214726,Sian,Simmons,amelia89@example.net,1981-06-10,+449098790540,"517 Gail Islands
Katieshire
DD2E 8DS",Male,Eastfield Psychological Services NHS Trust,Asian,India,British Citizen,Nursing,Staff Nurse,Women & Children,5,20.47,2021-11-14,2021-12-19,20.0,0.53,None,Bank,Active,QH022804,2028-03-06,TF999239,2027-10-21,2027-07-27,2021-12-05
EMP0844-20260916_214726,Ann,Dale,briggssylvia@example.com,1998-06-02,01514960747,"011 Tucker Bridge
Longville
N23 9HU",Male,Valleyview Mental Wellness NHS Trust,White,Canada,Skilled Worker,Admin,Medical Secretary,Critical Care & Anaesthesia,4,16.0,2025-05-24,2025-07-05,15.0,0.4,NMC,Fixed Term,Suspended,SU756498,2029-01-25,CH216333,2029-07-03,2027-01-04,2025-06-14
EMP0845-20260916_214726,Melanie,Young,ericmorris@example.com,1994-04-20,+44(0)116 496 0670,"Studio 1
Charlotte Shoals
Marcport
BS9E 6JY",Male,Horizon Integrated Health Partnership NHS Trust,White,United States,Dependent,Medical,FY1/FY2,Critical Care & Anaesthesia,FY1,19.02,2018-05-15,2018-06-19,20.0,0.53,NMC,Permanent,Active,UY201328,2030-05-15,QY407446,2028-11-17,2027-02-07,2018-06-05
EMP0846-20260916_214726,Lauren,Bailey,garrywebb@example.net,1986-06-15,+44(0)306 9990619,"Flat 7
Joshua Ports
Dorothyborough
BD3 2EP",Female,Greenhaven Acute & Specialist Care NHS Trust,Black,Ghana,ILR,AHP,Radiographer,Medicine & Acute Care,6,27.98,2025-03-30,2025-05-04,30.0,0.8,None,Fixed Term,Suspended,WB874791,2028-04-12,LJ706712,2028-09-28,2027-04-19,2025-04-20
EMP0847-20260916_214726,Judith,Bray,jonesmohammed@example.org,2000-02-20,(0117)4960725,"0 Lauren Well
Lake Douglas
M59 3UQ",Male,Riverbank General Hospitals NHS Trust,Black,Trinidad and Tobago,Dependent,Medical,Registrar,Surgery & Cancer,SPR,35.27,2025-05-02,2025-06-13,20.0,0.53,None,Fixed Term,Inactive,EE349602,2030-07-20,WX945425,2029-08-05,2026-11-15,2025-05-23
EMP0848-20260916_214726,Sharon,Wilson,lakhtar@example.org,2000-05-30,+44(0)115 496 0046,"Studio 72Q
Julian Burgs
West Russellmouth
HU7 6QU",Female,Westborough Acute Care NHS Trust,Black,Jamaica,Skilled Worker,Nursing,Ward Manager,Surgery & Cancer,8A,30.08,2021-08-05,2021-09-02,18.75,0.5,None,Permanent,On Leave,PN865667,2029-12-01,PI379747,2027-04-24,2027-01-30,2021-08-26
EMP0849-20260916_214726,James,Jackson,hollandelizabeth@example.com,1994-02-21,+44(0)141 496 0093,"Studio 48
Harry Port
South Abdulstad
BR5V 7EE",Female,Northwood Mental Health NHS Trust,White,United Kingdom,ILR,Medical,GP,Women & Children,GP,49.53,2020-08-25,2020-10-06,20.0,0.53,NMC,Bank,Suspended,MI408449,2029-02-05,JP760826,2031-01-15,2027-03-21,2020-09-15
EMP0850-20260916_214726,Ryan,Bell,kbegum@example.org,1969-11-15,(020) 7496 0995,"70 Charles Loaf
West Billyborough
W3 5WD",Female,Northshire University Hospitals NHS Trust,Asian,Japan,British Citizen,AHP,Physiotherapist,Surgery & Cancer,6,23.51,2020-08-03,2020-09-07,15.0,0.4,NMC,Fixed Term,Suspended,CQ912278,2029-04-24,BR262007,2028-12-09,2026-10-29,2020-08-24
EMP0851-20260916_214726,Maria,White,ievans@example.net,2002-06-30,01914960401,"Flat 60o
Collins Canyon
North Sianchester
CR5N 0EJ",Male,Greenhaven Acute & Specialist Care NHS Trust,Asian,China,ILR,Admin,Receptionist,Clinical Support Services,3,16.25,2016-12-07,2017-01-18,20.0,0.53,NMC,Bank,On Leave,SI864274,2029-09-10,CS521362,2029-01-01,2027-08-06,2016-12-28
EMP0852-20260916_214726,Lorraine,Curtis,bgilbert@example.net,1997-03-30,+44(0)1144960641,"6 Dale Estates
Port Susanbury
B66 4RL",Male,Northwood Mental Health NHS Trust,White,New Zealand,British Citizen,Admin,Receptionist,Emergency & Urgent Care,3,15.39,2019-12-19,2020-01-30,15.0,0.4,GMC,Permanent,Inactive,YU339245,2028-08-23,LD626509,2030-05-06,2027-06-01,2020-01-09
EMP0853-20260916_214726,Timothy,Clarke,westonjasmine@example.com,1986-06-13,(0191) 4960686,"1 Zoe Extension
Whiteside
IP86 0HR",Female,Hillcrest Medical Centres NHS Trust,White,United States,British Citizen,Nursing,Charge Nurse,Corporate Services,7,30.1,2021-11-06,2021-12-11,18.75,0.5,HCPC,Fixed Term,Inactive,NZ815642,2031-05-15,HG528650,2027-08-07,2027-08-03,2021-11-27
EMP0854-20260916_214726,Sarah,Frost,gibsonmax@example.com,1986-07-22,+44(0)20 7496 0239,"5 Luke Avenue
Lake Elliotshire
L1A 5FD",Male,Bluewater Community & Rehabilitation NHS Trust,Asian,Thailand,ILR,Nursing,Healthcare Assistant,Clinical Support Services,2,14.27,2017-07-11,2017-08-22,15.0,0.4,GMC,Fixed Term,Inactive,JS620755,2028-06-12,FR462137,2026-10-12,2027-03-02,2017-08-01
EMP0855-20260916_214726,Nicholas,Bell,jemmaroberts@example.com,1994-07-23,0118 496 0112,"Flat 0
Murphy Ramp
Gemmafurt
NP0 2PY",Male,Broadfield Clinical Services NHS Trust,Black,Trinidad and Tobago,Skilled Worker,Medical,Consultant,Surgery & Cancer,CONS,68.52,2024-03-03,2024-03-31,20.0,0.53,NMC,Fixed Term,Suspended,DD475031,2029-07-09,RY640670,2029-11-07,2026-12-21,2024-03-24
EMP0856-20260916_214726,Paige,Johnson,mbarnett@example.com,1980-10-02,(029)2018055,"Studio 4
Thomas Stream
East Sean
N9A 9XJ",Female,Southvale Hospitals NHS Trust,Asian,China,Skilled Worker,Nursing,Nursery Nurse,Emergency & Urgent Care,2,12.55,2023-01-15,2023-02-26,18.75,0.5,None,Fixed Term,Suspended,IS280914,2028-12-25,OV951981,2027-11-01,2026-09-27,2023-02-05
EMP0857-20260916_214726,Gemma,Hall,taylorclaire@example.org,2008-02-12,+44(0)9098790649,"37 Parker Shores
South Samuelfurt
LL2M 3ZA",Male,Westborough Acute Care NHS Trust,Mixed,Australia,British Citizen,Nursing,Charge Nurse,Emergency & Urgent Care,7,27.65,2020-03-11,2020-04-08,20.0,0.53,GMC,Permanent,Active,KQ158491,2027-05-09,SC498831,2031-03-31,2026-12-30,2020-04-01
EMP0858-20260916_214726,Abigail,Chapman,tgibbs@example.net,1994-09-09,+44114 496 0081,"Studio 92
Collins Ways
North Raymond
EC92 5BF",Male,Southgate Community & Mental Health NHS Trust,Black,Kenya,Skilled Worker,Admin,Administrator,Emergency & Urgent Care,3,15.82,2018-12-20,2019-01-24,18.75,0.5,NMC,Fixed Term,Suspended,ME625960,2028-01-28,GQ456755,2030-08-18,2027-03-24,2019-01-10
EMP0859-20260916_214726,Bernard,Burton,hayeslesley@example.com,1963-01-20,+44131 496 0047,"1 Chloe Skyway
Jackborough
NW38 6ED",Female,Riverside Integrated Care NHS Trust,Black,Jamaica,British Citizen,Admin,Medical Secretary,Surgery & Cancer,4,19.14,2020-11-08,2020-12-06,30.0,0.8,None,Bank,Suspended,CF087580,2027-12-17,GU268385,2028-01-31,2027-02-03,2020-11-29
EMP0860-20260916_214726,Louis,Conway,jarvisgerald@example.com,1995-05-24,(0117) 496 0131,"102 Khan Locks
Lake Tinabury
OX1 4GE",Female,Eastmoor Teaching Hospitals NHS Trust,White,United States,ILR,Medical,SHO,Women & Children,SHO,29.68,2018-03-26,2018-05-07,18.75,0.5,None,Fixed Term,Suspended,GZ604473,2027-12-24,ZQ162369,2031-07-08,2027-01-16,2018-04-16
EMP0861-20260916_214726,Sian,Andrews,jackharris@example.net,1985-06-23,+44(0)909 879 0980,"Studio 5
Jones Junctions
Lewisfurt
B7 4RN",Female,Horizon Integrated Health Partnership NHS Trust,Asian,Thailand,Dependent,Nursing,Ward Manager,Corporate Services,8A,30.41,2025-05-15,2025-06-26,20.0,0.53,None,Fixed Term,Suspended,IH921069,2029-12-12,UO990301,2031-06-04,2026-11-11,2025-06-05
EMP0862-20260916_214726,Gregory,Thomas,jill19@example.com,1989-02-17,0141 496 0675,"3 Wilson Alley
South Ruth
CM4 4UT",Female,Horizon Integrated Health Partnership NHS Trust,White,Canada,Skilled Worker,AHP,Occupational Therapist,Emergency & Urgent Care,6,24.38,2020-12-21,2021-02-01,20.0,0.53,None,Permanent,Active,XJ619079,2031-03-02,ZQ936637,2029-10-01,2027-04-08,2021-01-11
EMP0863-20260916_214726,Claire,Nash,bmurray@example.net,1964-11-28,+441632960482,"Studio 38y
Marian Prairie
West Molly
S2 3RR",Male,Northshire University Hospitals NHS Trust,Asian,Thailand,British Citizen,AHP,Radiographer,Critical Care & Anaesthesia,6,27.9,2025-06-26,2025-07-24,15.0,0.4,HCPC,Fixed Term,Suspended,XT967800,2030-12-21,TN472166,2030-02-02,2027-02-26,2025-07-17
EMP0864-20260916_214726,Christopher,John,yvonne03@example.org,1966-08-16,(028) 9018296,"Flat 0
Graham Lane
Sianfurt
GU43 6HY",Male,Oakridge Community Services NHS Trust,Asian,China,ILR,AHP,Occupational Therapist,Medicine & Acute Care,6,26.1,2023-11-11,2023-12-09,30.0,0.8,HCPC,Fixed Term,Suspended,MN485989,2031-04-26,XC915645,2027-08-04,2027-07-01,2023-12-02
EMP0865-20260916_214726,Marion,Simmons,chiggins@example.net,1965-06-05,+44121 496 0963,"84 Hanson Run
Lake Harriet
ME43 8BS",Male,Southgate Community & Mental Health NHS Trust,White,Canada,Skilled Worker,AHP,Pharmacist,Emergency & Urgent Care,5,22.55,2018-11-23,2018-12-21,30.0,0.8,NMC,Permanent,Suspended,GQ698989,2028-08-09,HP494118,2030-01-23,2026-12-15,2018-12-14
EMP0866-20260916_214726,Jane,Frost,pauline05@example.com,1991-09-21,0808 1570111,"10 Zoe Street
Valerieport
G08 4ZA",Male,Riverbank General Hospitals NHS Trust,Black,Jamaica,Dependent,AHP,Pharmacist,Emergency & Urgent Care,5,21.39,2021-07-05,2021-08-16,30.0,0.8,GMC,Permanent,On Leave,BS175021,2030-12-12,UW680726,2027-06-15,2026-11-22,2021-07-26
EMP0867-20260916_214726,Timothy,Knight,lbailey@example.net,1993-04-17,+44113 4960433,"Flat 0
Gillian Via
Parkinshire
G44 7GB",Male,Southvale Hospitals NHS Trust,Asian,Japan,ILR,Admin,Receptionist,Critical Care & Anaesthesia,3,16.32,2017-04-07,2017-05-05,18.75,0.5,None,Permanent,Active,JX505068,2029-09-29,CQ924689,2027-12-16,2027-07-08,2017-04-28
EMP0868-20260916_214726,Beth,Mitchell,taylorkaren@example.com,2006-12-22,+44(0)289018238,"45 Frost Rest
Port Robin
LD5 7SG",Male,Northshire University Hospitals NHS Trust,White,Australia,Dependent,AHP,Pharmacist,Medicine & Acute Care,5,21.81,2018-04-11,2018-05-23,30.0,0.8,GMC,Bank,Inactive,HN995719,2027-12-23,CD413873,2030-05-30,2026-12-28,2018-05-02
EMP0869-20260916_214726,Hilary,Robinson,bowenfrank@example.net,2006-02-17,(01632)960882,"Flat 6
Wallace Rapids
Thompsonhaven
E72 5XL",Male,Westmere Community Health NHS Trust,Asian,China,Dependent,Medical,FY1/FY2,Medicine & Acute Care,FY1,19.31,2021-05-11,2021-06-15,37.5,1.0,NMC,Fixed Term,Active,NF345112,2031-08-05,GF213376,2031-07-26,2027-07-29,2021-06-01
EMP0870-20260916_214726,Megan,Briggs,xthomas@example.org,1961-07-17,+44(0)1174960508,"510 Walker Overpass
East Amanda
RH3 6DZ",Male,Bluewater Community & Rehabilitation NHS Trust,White,Canada,Dependent,AHP,Speech Therapist,Emergency & Urgent Care,6,25.92,2021-06-24,2021-07-22,20.0,0.53,None,Permanent,Active,JF864873,2028-10-20,BW115918,2031-04-16,2026-12-17,2021-07-15
EMP0871-20260916_214726,Judith,Davies,nathan92@example.com,1975-05-31,0131 4960504,"858 Allen Springs
Port Elliottstad
TS0N 0LP",Male,Meadowbrook Community Health NHS Trust,Mixed,Kenya,ILR,AHP,Occupational Therapist,Emergency & Urgent Care,6,25.01,2024-09-28,2024-11-02,20.0,0.53,NMC,Bank,Inactive,HA467694,2028-01-20,WZ532121,2030-10-21,2026-11-13,2024-10-19
EMP0872-20260916_214726,Lawrence,Giles,janice33@example.org,1995-03-21,02074960131,"Studio 74G
Brooks Crest
Tinamouth
IG5E 7WA",Female,Northwood Mental Health NHS Trust,Asian,Japan,ILR,Medical,GP,Medicine & Acute Care,GP,51.02,2025-11-11,2025-12-16,37.5,1.0,None,Permanent,On Leave,UU237159,2026-09-27,RP575366,2028-07-16,2026-09-30,2025-12-02
EMP0873-20260916_214726,Mitchell,Fleming,wilkinsonbeth@example.org,1961-12-20,(0306)9990851,"Flat 04J
Bates Shore
Wallaceshire
N8A 0NS",Female,Eastmoor Teaching Hospitals NHS Trust,Asian,India,British Citizen,Admin,Data Analyst,Clinical Support Services,8A,30.63,2024-07-22,2024-08-26,37.5,1.0,NMC,Permanent,On Leave,DC952883,2028-03-18,AM310242,2027-07-05,2027-04-23,2024-08-12
EMP0874-20260916_214726,Malcolm,Webb,fcollins@example.com,1991-11-22,+44909 879 0076,"633 Aimee Point
Nolanview
HU1 6JA",Male,Westborough Acute Care NHS Trust,Asian,India,ILR,Medical,Consultant,Surgery & Cancer,CONS,49.92,2019-12-23,2020-01-20,15.0,0.4,None,Bank,On Leave,IS689823,2027-06-23,SR741940,2030-02-01,2026-12-09,2020-01-13
EMP0875-20260916_214726,Maria,Elliott,tracey93@example.net,1985-08-03,0114 4960202,"6 Russell Locks
North Grahammouth
LN61 2DL",Male,Southvale Hospitals NHS Trust,Asian,China,British Citizen,Nursing,Charge Nurse,Women & Children,7,33.29,2025-12-12,2026-01-23,18.75,0.5,HCPC,Fixed Term,On Leave,DC281639,2028-01-25,YV679047,2029-02-25,2027-08-30,2026-01-02
EMP0876-20260916_214726,Leon,Manning,nicolekelly@example.net,1969-07-26,(0116) 4960471,"9 Patrick Point
South Hazelland
E63 9LH",Male,Northshire University Hospitals NHS Trust,Black,Barbados,Skilled Worker,Medical,Registrar,Medicine & Acute Care,SPR,42.3,2017-03-05,2017-04-16,15.0,0.4,NMC,Bank,On Leave,JI271601,2028-01-29,RB615527,2031-07-29,2027-03-20,2017-03-26
EMP0877-20260916_214726,Jamie,Jenkins,susan32@example.org,1964-09-04,(028) 9018 0313,"204 Karl Village
West Rosieburgh
S2C 0TS",Female,Westborough Acute Care NHS Trust,Asian,Thailand,British Citizen,AHP,Physiologist,Surgery & Cancer,6,26.49,2022-02-03,2022-03-17,20.0,0.53,NMC,Permanent,Suspended,DU609225,2030-02-08,ZP769532,2031-08-05,2026-12-20,2022-02-24
EMP0878-20260916_214726,Dennis,Storey,gloverjudith@example.com,1985-05-04,01134960233,"8 Mills Pike
Taylorview
FY6 2GG",Female,Westmere Community Health NHS Trust,Mixed,United States,Dependent,Medical,Registrar,Corporate Services,SPR,35.47,2021-12-08,2022-01-12,30.0,0.8,HCPC,Bank,Inactive,OJ239544,2028-10-01,PR100101,2030-11-30,2026-09-27,2021-12-29
EMP0879-20260916_214726,Rachel,Kelly,alicarol@example.net,1999-06-12,(0121) 4960914,"Studio 36
Liam Flat
Williamton
DG91 7FW",Male,Horizon Integrated Health Partnership NHS Trust,Mixed,Trinidad and Tobago,Skilled Worker,Medical,GP,Clinical Support Services,GP,54.84,2020-01-31,2020-03-13,18.75,0.5,NMC,Permanent,Inactive,NV631712,2026-09-18,II120740,2029-10-09,2027-07-05,2020-02-21
EMP0880-20260916_214726,Lindsey,Duncan,kyle89@example.net,1966-02-02,0808 157 0381,"597 Brandon Rapid
North Gerard
FK2 7RQ",Female,Hillcrest Medical Centres NHS Trust,Asian,India,Dependent,Nursing,Ward Manager,Corporate Services,8A,35.27,2023-04-02,2023-05-07,20.0,0.53,GMC,Fixed Term,Inactive,NC343451,2031-04-02,WL270929,2029-07-26,2027-08-04,2023-04-23
EMP0881-20260916_214726,Christian,Oliver,charlesnewman@example.org,1974-08-11,+442074960724,"52 Richards Mount
Catherinefort
N1T 5PZ",Male,Riverside Integrated Care NHS Trust,Mixed,India,British Citizen,Admin,Data Analyst,Women & Children,8A,30.46,2023-11-21,2023-12-19,18.75,0.5,HCPC,Fixed Term,Suspended,LB740766,2030-04-26,DQ969208,2028-02-27,2027-05-02,2023-12-12
EMP0882-20260916_214726,Louise,Hall,qfisher@example.com,1992-04-28,(0115) 496 0378,"Studio 08u
Parry Pine
Shortchester
S6D 0SQ",Female,Eastmoor Teaching Hospitals NHS Trust,White,United States,Dependent,Admin,Medical Secretary,Emergency & Urgent Care,4,16.8,2017-10-21,2017-12-02,18.75,0.5,GMC,Fixed Term,Inactive,YR193740,2028-09-11,PN927386,2030-07-28,2026-09-17,2017-11-11
EMP0883-20260916_214726,Alan,Mason,damian20@example.net,1982-06-18,(028) 9018 0266,"48 Skinner Course
Rebeccaton
TD4Y 7ND",Male,Northwood Mental Health NHS Trust,Black,South Africa,Skilled Worker,AHP,Physiologist,Clinical Support Services,6,28.13,2019-08-05,2019-09-02,18.75,0.5,NMC,Permanent,Inactive,KG334201,2027-09-21,RC348325,2030-12-12,2026-11-30,2019-08-26
EMP0884-20260916_214726,Heather,Perry,jsmith@example.net,1973-09-16,+44(0)29 2018 0815,"7 Cameron Flats
Thomasland
G41 2ND",Female,Westborough Acute Care NHS Trust,Black,Barbados,ILR,Medical,Registrar,Corporate Services,SPR,43.46,2019-07-04,2019-08-15,30.0,0.8,HCPC,Fixed Term,On Leave,MK526059,2029-09-01,HE503047,2030-12-08,2027-01-24,2019-07-25
EMP0885-20260916_214726,Michelle,Potts,jparsons@example.org,1977-02-10,0151 496 0059,"00 Khan Coves
Collierton
W2U 9QB",Male,Greenhaven Acute & Specialist Care NHS Trust,Asian,China,Dependent,Admin,Medical Secretary,Corporate Services,4,18.81,2021-09-29,2021-10-27,20.0,0.53,None,Fixed Term,On Leave,HM762328,2027-02-03,VS278435,2030-09-19,2026-10-16,2021-10-20
EMP0886-20260916_214726,Karen,Williams,neil24@example.org,1987-10-18,+4420 74960469,"9 Watts Via
North Josephstad
CR8B 5AH",Male,Lakeside District Hospitals NHS Trust,White,Canada,Skilled Worker,Nursing,Staff Nurse,Corporate Services,5,21.32,2017-02-15,2017-03-15,18.75,0.5,HCPC,Fixed Term,Active,UU660819,2031-07-06,EI534116,2027-06-15,2027-08-25,2017-03-08
EMP0887-20260916_214726,Anne,Lynch,aparker@example.org,1964-11-07,01144960294,"597 Heather Isle
West Caroline
TS17 3SQ",Female,Horizon Integrated Health Partnership NHS Trust,White,New Zealand,ILR,Admin,Data Analyst,Surgery & Cancer,8A,33.04,2019-11-07,2019-12-19,30.0,0.8,None,Permanent,Inactive,PZ720010,2030-01-12,ET871097,2031-06-26,2027-05-06,2019-11-28
EMP0888-20260916_214726,Alex,Brown,julia90@example.com,1973-12-05,+44(0)3069990035,"973 Neil Lodge
Singhtown
S8G 2UA",Male,Northwood Mental Health NHS Trust,Asian,Japan,Dependent,AHP,Physiologist,Emergency & Urgent Care,6,24.32,2022-10-07,2022-11-18,15.0,0.4,NMC,Permanent,Suspended,PH840827,2028-06-26,YX071692,2029-11-20,2027-05-19,2022-10-28
EMP0889-20260916_214726,Lucy,Smith,upratt@example.net,2000-07-08,+448081570024,"Studio 5
Rebecca Parks
Rosiebury
L4T 7LR",Female,Southvale Hospitals NHS Trust,White,United Kingdom,Dependent,Nursing,Charge Nurse,Emergency & Urgent Care,7,31.04,2018-06-13,2018-07-11,18.75,0.5,NMC,Fixed Term,Inactive,ZW160147,2030-05-16,RR230342,2029-01-22,2026-11-29,2018-07-04
EMP0890-20260916_214726,Marilyn,Blake,ycooper@example.org,1967-04-27,0909 879 0872,"Flat 07T
Pugh Shoals
North Janicechester
L04 0UG",Male,Northwood Mental Health NHS Trust,Mixed,China,Skilled Worker,Medical,GP,Medicine & Acute Care,GP,50.84,2025-03-27,2025-05-08,15.0,0.4,GMC,Bank,Suspended,EJ310600,2030-12-27,RK464820,2029-07-20,2027-05-11,2025-04-17
EMP0891-20260916_214726,Nathan,Hill,lorraine23@example.org,1970-06-01,+441144960660,"Flat 3
Harris Shore
Robertstown
S6 8YZ",Female,Eastfield Psychological Services NHS Trust,Mixed,Trinidad and Tobago,Dependent,AHP,Radiographer,Medicine & Acute Care,6,22.9,2023-02-27,2023-04-03,30.0,0.8,GMC,Permanent,Active,WE747670,2026-10-19,NI222862,2028-08-22,2027-01-27,2023-03-20
EMP0892-20260916_214726,Aimee,Gibson,rosieburton@example.com,1983-07-11,0161 4960629,"2 Robinson Square
East Martin
M7U 4ZX",Male,Riverside Integrated Care NHS Trust,Mixed,Barbados,Dependent,Admin,Receptionist,Surgery & Cancer,3,13.67,2022-02-03,2022-03-10,18.75,0.5,GMC,Bank,On Leave,VT799459,2029-07-02,AV324306,2029-10-05,2027-06-18,2022-02-24
EMP0893-20260916_214726,Anthony,Wilkinson,hbolton@example.org,1961-01-30,(0191) 496 0709,"Flat 9
Harvey Valley
North Jemma
EN8X 2LU",Female,Midlands Central Hospitals NHS Trust,Asian,India,Skilled Worker,AHP,Speech Therapist,Clinical Support Services,6,26.94,2024-04-24,2024-05-22,18.75,0.5,HCPC,Permanent,On Leave,AK013208,2029-11-01,RG578699,2030-03-11,2026-10-11,2024-05-15
EMP0894-20260916_214726,Ruth,Riley,rgilbert@example.org,1984-04-15,01414960079,"3 Storey Drive
Taylorview
E65 7GG",Male,Oakridge Community Services NHS Trust,White,Canada,British Citizen,AHP,Physiologist,Clinical Support Services,6,27.5,2019-04-19,2019-05-17,20.0,0.53,HCPC,Bank,Inactive,XB159936,2030-10-29,MR274763,2030-06-17,2027-04-16,2019-05-10
EMP0895-20260916_214726,Gerard,Campbell,gbird@example.net,1973-06-03,(0114) 4960343,"06 Davies Springs
South Abigail
M2U 3WP",Male,Southvale Hospitals NHS Trust,White,United Kingdom,British Citizen,AHP,Physiotherapist,Clinical Support Services,6,26.62,2019-02-14,2019-03-28,18.75,0.5,NMC,Bank,On Leave,AE488508,2028-06-27,OD926017,2028-03-04,2027-02-15,2019-03-07
EMP0896-20260916_214726,Andrea,Long,kirsty14@example.org,1978-10-16,01134960279,"38 Dale Points
West Luke
B5 4XB",Female,Southgate Community & Mental Health NHS Trust,Asian,India,ILR,AHP,Physiologist,Corporate Services,6,22.86,2025-01-24,2025-02-21,30.0,0.8,NMC,Fixed Term,Suspended,OO043095,2028-10-06,YU018546,2030-12-04,2027-02-17,2025-02-14
EMP0897-20260916_214726,Anne,Burrows,ashah@example.net,1965-12-21,+44(0)1144960533,"7 Maurice Burgs
South Charlene
W6 0AL",Female,Southvale Hospitals NHS Trust,Asian,Japan,Skilled Worker,Medical,Registrar,Clinical Support Services,SPR,39.91,2022-09-26,2022-11-07,20.0,0.53,NMC,Permanent,Active,WW062964,2028-02-09,WI153349,2026-09-23,2026-10-08,2022-10-17
EMP0898-20260916_214726,John,Hill,wendy36@example.org,1966-07-13,+44(0)808 157 0532,"882 Davies Estates
North Owenview
DE49 7EX",Female,Valleyview Mental Wellness NHS Trust,Black,Trinidad and Tobago,British Citizen,Medical,Registrar,Corporate Services,SPR,38.63,2018-02-10,2018-03-10,15.0,0.4,None,Fixed Term,On Leave,RU940199,2030-08-11,FN604811,2027-01-08,2027-05-28,2018-03-03
EMP0899-20260916_214726,Annette,Barnes,vberry@example.com,1965-04-29,0161 496 0267,"80 Natalie Via
Smithchester
W15 6YH",Female,Midlands Central Hospitals NHS Trust,Asian,India,British Citizen,Admin,Data Analyst,Surgery & Cancer,8A,30.62,2024-08-19,2024-09-23,20.0,0.53,NMC,Fixed Term,Active,AY424455,2031-05-20,HM230294,2031-02-18,2027-02-23,2024-09-09
EMP0900-20260916_214726,Derek,Khan,lwebster@example.com,1998-08-14,020 74960156,"Studio 08E
Miller Pines
Lake Glennborough
BR3R 7AS",Female,Northwood Mental Health NHS Trust,White,New Zealand,Dependent,Admin,Data Analyst,Corporate Services,8A,32.59,2021-11-05,2021-12-10,30.0,0.8,NMC,Bank,On Leave,XT016550,2030-10-02,ZU622810,2026-12-24,2027-02-22,2021-11-26
EMP0901-20260916_214726,Craig,Kaur,jacksonsandra@example.net,2004-06-22,(0306)9990128,"845 Harrison Port
Joyceborough
OL42 1FP",Female,Northwood Mental Health NHS Trust,Mixed,Australia,British Citizen,Admin,Receptionist,Women & Children,3,16.11,2023-07-02,2023-08-06,15.0,0.4,HCPC,Fixed Term,On Leave,JA496696,2030-08-01,WO755245,2027-06-28,2027-02-25,2023-07-23
EMP0902-20260916_214726,Jonathan,Burgess,robinsonhenry@example.net,1969-06-16,+44191 496 0689,"082 Joanne Alley
North Grahamton
HG64 4UR",Female,Oakridge Community Services NHS Trust,Asian,Thailand,British Citizen,Medical,FY1/FY2,Medicine & Acute Care,FY1,21.28,2021-11-07,2021-12-12,20.0,0.53,HCPC,Fixed Term,Suspended,QA252137,2027-10-23,CX134912,2031-01-11,2026-11-26,2021-11-28
EMP0903-20260916_214726,Ronald,Pollard,katie36@example.org,1970-10-09,+4429 2018979,"779 Danny Causeway
Port Janicebury
G5S 8ZA",Male,Bluewater Community & Rehabilitation NHS Trust,Asian,Japan,British Citizen,Admin,Data Analyst,Emergency & Urgent Care,8A,29.01,2023-07-10,2023-08-14,15.0,0.4,None,Permanent,On Leave,VP608052,2028-12-17,LZ242415,2027-11-08,2027-01-31,2023-07-31
EMP0904-20260916_214726,Melissa,Henderson,trichardson@example.org,1995-09-20,+44191 496 0509,"92 Elliot Estate
Port Jacqueline
S84 7FR",Female,Broadfield Clinical Services NHS Trust,Black,South Africa,Dependent,Medical,SHO,Emergency & Urgent Care,SHO,24.17,2022-04-25,2022-06-06,18.75,0.5,HCPC,Fixed Term,On Leave,BW521320,2030-02-22,XV030971,2029-04-19,2027-07-10,2022-05-16
EMP0905-20260916_214726,Karen,Jenkins,smithmarie@example.net,1983-11-25,+44(0)3069990921,"45 Antony Run
Maureenview
IG1 4GH",Female,Oakridge Community Services NHS Trust,Black,Nigeria,British Citizen,Admin,Medical Secretary,Medicine & Acute Care,4,17.56,2025-11-09,2025-12-14,18.75,0.5,HCPC,Bank,Inactive,YZ300000,2027-03-05,YL088947,2029-03-07,2027-08-24,2025-11-30
EMP0906-20260916_214726,Molly,Burns,gardnerjulia@example.com,2004-03-19,+441154960138,"Flat 72J
Owen Grove
South Kevin
M17 9LP",Male,Riverside Integrated Care NHS Trust,Black,Trinidad and Tobago,Skilled Worker,Admin,Data Analyst,Medicine & Acute Care,8A,35.15,2025-10-06,2025-11-17,20.0,0.53,GMC,Fixed Term,On Leave,VH000434,2031-07-24,GX814677,2028-02-09,2026-10-17,2025-10-27
EMP0907-20260916_214726,Maurice,Fletcher,robertsconnor@example.com,1967-01-28,0113 496 0340,"Studio 3
Smith Branch
South Jasminemouth
WV4 0NJ",Female,Oakridge Community Services NHS Trust,White,New Zealand,British Citizen,Medical,GP,Surgery & Cancer,GP,47.24,2017-02-22,2017-03-22,30.0,0.8,None,Bank,On Leave,TB475815,2031-07-15,PP170800,2030-10-05,2027-01-08,2017-03-15
EMP0908-20260916_214726,Jack,Edwards,hwhite@example.org,1989-11-10,(0808)1570402,"Studio 82P
Jacob Plain
Callumberg
ST7B 5JS",Male,Meadowbrook Community Health NHS Trust,Black,Jamaica,ILR,AHP,Radiographer,Women & Children,6,27.92,2019-05-19,2019-06-23,37.5,1.0,NMC,Bank,Suspended,YA660896,2028-09-25,LO663366,2028-01-09,2027-01-16,2019-06-09
EMP0909-20260916_214726,Holly,John,garethburgess@example.org,1973-03-30,01514960213,"Flat 8
Lewis Mountains
New James
SR6 6WE",Female,Midlands Central Hospitals NHS Trust,White,New Zealand,Dependent,Medical,FY1/FY2,Emergency & Urgent Care,FY1,20.99,2020-08-10,2020-09-14,30.0,0.8,HCPC,Fixed Term,Suspended,KZ885938,2027-03-19,JN909720,2030-07-31,2027-02-07,2020-08-31
EMP0910-20260916_214726,Tina,Townsend,julie88@example.org,1968-04-07,(028) 9018 0977,"041 Hayley Green
Arthurmouth
UB86 2QE",Female,Westmere Community Health NHS Trust,White,United Kingdom,ILR,Admin,Data Analyst,Corporate Services,8A,28.95,2021-12-23,2022-02-03,18.75,0.5,GMC,Bank,Inactive,UJ963447,2031-08-14,MC563135,2029-11-06,2027-02-20,2022-01-13
EMP0911-20260916_214726,Henry,Ellis,nwatts@example.org,1987-11-13,01514960052,"Studio 2
Kaur Heights
New Rosieborough
L4W 1TJ",Male,Valleyview Mental Wellness NHS Trust,Mixed,United Kingdom,Dependent,Nursing,Ward Manager,Critical Care & Anaesthesia,8A,29.11,2024-08-15,2024-09-26,30.0,0.8,None,Permanent,Suspended,DW864234,2030-12-16,NR728610,2027-04-04,2027-03-20,2024-09-05
EMP0912-20260916_214726,Mandy,Phillips,gilliansmith@example.com,1990-07-18,(0306)9990486,"3 Watson Pass
West Shaunstad
N2D 4DA",Female,Greenhaven Acute & Specialist Care NHS Trust,White,Canada,ILR,AHP,Physiologist,Critical Care & Anaesthesia,6,26.29,2020-03-13,2020-04-24,15.0,0.4,NMC,Fixed Term,Active,FX546236,2029-09-15,EZ405855,2027-10-31,2026-11-24,2020-04-03
EMP0913-20260916_214726,Joel,Martin,charlotte09@example.org,1998-02-25,+44909 8790775,"Studio 65V
Alison Haven
Nicholaston
W5J 9FZ",Female,Eastmoor Teaching Hospitals NHS Trust,Asian,China,British Citizen,Admin,Medical Secretary,Women & Children,4,18.61,2019-04-24,2019-05-29,37.5,1.0,NMC,Permanent,Suspended,QB513233,2030-08-02,IT649349,2030-06-27,2027-01-02,2019-05-15
EMP0914-20260916_214726,Elaine,Lee,pearceannette@example.net,2000-07-18,+44141 496 0051,"246 Tucker Field
Hollowayborough
SK09 5QB",Female,Eastfield Psychological Services NHS Trust,Mixed,Japan,Skilled Worker,Admin,Data Analyst,Critical Care & Anaesthesia,8A,34.19,2022-10-29,2022-12-03,20.0,0.53,NMC,Bank,Active,DG795527,2031-07-31,NW816735,2030-12-08,2027-07-16,2022-11-19
EMP0915-20260916_214726,Eric,White,qlloyd@example.com,1981-10-06,(029)2018364,"Studio 6
Hall Causeway
South Bethany
B0U 3DN",Female,Valleyview Mental Wellness NHS Trust,Black,Nigeria,Skilled Worker,Medical,Registrar,Women & Children,SPR,39.58,2025-07-15,2025-08-12,37.5,1.0,None,Permanent,Suspended,FM471532,2031-05-18,EA670580,2029-10-25,2026-10-08,2025-08-05
EMP0916-20260916_214726,Kerry,Kemp,nburton@example.org,1981-09-22,+44(0)1214960181,"95 Philip Viaduct
Philipberg
YO6B 9LQ",Female,Lakeside District Hospitals NHS Trust,Asian,China,ILR,Nursing,Charge Nurse,Emergency & Urgent Care,7,29.66,2020-03-25,2020-05-06,20.0,0.53,HCPC,Permanent,Suspended,MN923994,2030-08-17,EA244094,2029-11-13,2026-12-13,2020-04-15
EMP0917-20260916_214726,Kenneth,Thompson,uturner@example.net,2005-07-05,(0191) 4960409,"1 Stewart Harbor
New Richard
DN4Y 9RE",Female,Valleyview Mental Wellness NHS Trust,Black,South Africa,ILR,Medical,Consultant,Surgery & Cancer,CONS,54.8,2020-06-11,2020-07-09,18.75,0.5,GMC,Permanent,Active,XI318297,2031-07-25,TV146802,2030-08-23,2026-12-14,2020-07-02
EMP0918-20260916_214726,Stephanie,Ahmed,iwilson@example.net,1973-06-12,(0161) 496 0872,"400 McKenzie Spring
West Clareberg
S8 6JA",Female,Eastmoor Teaching Hospitals NHS Trust,Mixed,New Zealand,ILR,Admin,Receptionist,Women & Children,3,14.35,2024-01-24,2024-02-28,20.0,0.53,HCPC,Bank,On Leave,SN282493,2029-01-22,OF161703,2028-01-19,2027-06-30,2024-02-14
EMP0919-20260916_214726,Bernard,Wilkins,tracey06@example.com,1977-04-09,+44(0)131 496 0167,"8 Martin Springs
Christianchester
B3 4DX",Male,Valleyview Mental Wellness NHS Trust,White,Australia,Dependent,Admin,Medical Secretary,Women & Children,4,15.76,2026-06-28,2026-08-02,20.0,0.53,GMC,Bank,On Leave,GK763396,2030-01-18,BI062394,2031-04-24,2027-04-04,2026-07-19
EMP0920-20260916_214726,Gemma,Bryant,scott73@example.org,2006-08-24,0289018106,"Flat 7
Cox Key
Marianview
G52 8PZ",Male,Meadowbrook Community Health NHS Trust,White,Canada,Dependent,Nursing,Charge Nurse,Clinical Support Services,7,28.95,2023-02-18,2023-04-01,20.0,0.53,GMC,Permanent,On Leave,RB021456,2028-04-08,RF509981,2028-01-20,2027-07-19,2023-03-11
EMP0921-20260916_214726,Harriet,Lucas,ealexander@example.net,1976-04-05,+44114 496 0577,"Studio 92
Barbara Mill
New Neil
E1T 4WN",Male,Eastfield Psychological Services NHS Trust,Asian,India,Dependent,Admin,Receptionist,Women & Children,3,15.42,2021-07-23,2021-08-20,20.0,0.53,GMC,Bank,On Leave,FC155989,2028-12-01,VJ972535,2028-02-27,2027-07-18,2021-08-13
EMP0922-20260916_214726,Joan,Knowles,rhys63@example.com,1991-06-11,+44292018468,"057 Pritchard Harbors
Port Tonybury
EN2 7ZE",Male,Oakridge Community Services NHS Trust,White,New Zealand,Skilled Worker,AHP,Speech Therapist,Clinical Support Services,6,23.12,2021-11-02,2021-12-07,30.0,0.8,NMC,Permanent,Inactive,WI035592,2030-12-16,LF746238,2029-12-11,2027-02-25,2021-11-23
EMP0923-20260916_214726,Geraldine,Taylor,ruth40@example.org,1961-01-10,0289018630,"3 Mohamed Mills
New Melissashire
S0 8XG",Female,Meadowbrook Community Health NHS Trust,Black,South Africa,Dependent,Medical,GP,Women & Children,GP,54.32,2023-10-20,2023-11-24,30.0,0.8,NMC,Fixed Term,On Leave,BV711199,2031-08-12,ID564770,2028-05-20,2027-02-03,2023-11-10
EMP0924-20260916_214726,Joanna,Dixon,julie66@example.org,1973-04-23,020 74960525,"Studio 41
Davies Court
Rosemaryside
S68 8DF",Female,Bluewater Community & Rehabilitation NHS Trust,Mixed,Trinidad and Tobago,Skilled Worker,Medical,GP,Emergency & Urgent Care,GP,61.4,2018-11-29,2019-01-10,37.5,1.0,None,Fixed Term,On Leave,XS142938,2029-05-17,DB687510,2029-07-23,2026-11-24,2018-12-20
EMP0925-20260916_214726,Maureen,Miller,gary07@example.org,1968-03-19,0161 496 0877,"76 Williams Point
Iqbalton
W1 1BS",Female,Oakridge Community Services NHS Trust,Asian,Japan,British Citizen,Admin,Administrator,Surgery & Cancer,3,15.81,2021-07-11,2021-08-15,30.0,0.8,NMC,Fixed Term,Suspended,WX018716,2027-06-17,KA681552,2029-06-12,2027-04-27,2021-08-01
EMP0926-20260916_214726,Margaret,Henderson,julianhopkins@example.com,1983-07-24,+44118 4960476,"Studio 4
Williams Squares
Iainberg
N0 6LQ",Female,Northwood Mental Health NHS Trust,Mixed,Ghana,Skilled Worker,AHP,Radiographer,Clinical Support Services,6,23.11,2019-11-30,2020-01-11,30.0,0.8,None,Permanent,Inactive,EP679959,2028-10-25,QH645304,2031-04-23,2027-06-15,2019-12-21
EMP0927-20260916_214726,Gordon,Smith,welchdale@example.org,1968-01-11,+448081570268,"04 Knight Bypass
Glennville
E12 9GD",Female,Lakeside District Hospitals NHS Trust,White,United States,ILR,Medical,SHO,Women & Children,SHO,24.63,2018-02-23,2018-03-30,18.75,0.5,NMC,Bank,Inactive,RV422448,2028-09-11,GF123067,2030-12-17,2026-09-22,2018-03-16
EMP0928-20260916_214726,Ben,Davis,rachel44@example.org,1967-11-19,0808 1570892,"954 Frances River
Hicksmouth
AB96 7JY",Male,Westborough Acute Care NHS Trust,Mixed,United Kingdom,ILR,Admin,Administrator,Corporate Services,3,13.6,2018-05-05,2018-06-09,18.75,0.5,None,Fixed Term,Suspended,ED925267,2030-05-13,FT274682,2029-11-16,2026-09-21,2018-05-26
EMP0929-20260916_214726,Carol,Green,smithjacob@example.com,1984-03-01,+4429 2018 0843,"8 Evans Lane
East Harryland
DY34 9XP",Male,Northshire University Hospitals NHS Trust,Black,Nigeria,ILR,AHP,Physiotherapist,Women & Children,6,27.79,2023-11-23,2023-12-21,15.0,0.4,GMC,Bank,Suspended,GV933276,2028-07-03,DV450308,2028-07-01,2027-05-16,2023-12-14
EMP0930-20260916_214726,Tom,Hunt,hannah32@example.com,1965-08-22,+44(0)114 496 0676,"9 Steven Point
Patelside
AB4H 9PB",Male,Bluewater Community & Rehabilitation NHS Trust,Black,South Africa,Dependent,AHP,Speech Therapist,Critical Care & Anaesthesia,6,26.54,2024-02-20,2024-04-02,15.0,0.4,GMC,Bank,Active,NN845369,2030-11-20,YQ387119,2029-10-25,2027-05-21,2024-03-12
EMP0931-20260916_214726,Dale,Walker,tmorris@example.org,1985-01-30,+44(0)115 4960716,"27 Sutton Mall
North Damianborough
EX55 5JD",Male,Midlands Central Hospitals NHS Trust,Black,South Africa,Dependent,Medical,SHO,Women & Children,SHO,25.81,2026-04-30,2026-06-11,37.5,1.0,NMC,Fixed Term,Inactive,DS673377,2027-09-21,TF249584,2030-09-28,2027-05-17,2026-05-21
EMP0932-20260916_214726,June,Wilkinson,josephinejohn@example.net,1966-06-11,+44(0)9098790367,"75 Stacey Mills
Lake Nicola
S03 7UU",Female,Valleyview Mental Wellness NHS Trust,Black,Barbados,ILR,Medical,FY1/FY2,Corporate Services,FY1,19.05,2016-12-09,2017-01-13,30.0,0.8,HCPC,Permanent,Inactive,QN778948,2028-05-02,VE228082,2026-12-30,2027-05-04,2016-12-30
EMP0933-20260916_214726,Jacob,Myers,whitephilip@example.com,1967-05-09,+44(0)1214960792,"951 Frank Summit
Roytown
DL64 6FH",Female,Bluewater Community & Rehabilitation NHS Trust,Black,Kenya,Dependent,Medical,GP,Emergency & Urgent Care,GP,55.78,2021-11-06,2021-12-04,18.75,0.5,GMC,Fixed Term,Suspended,WB756486,2030-01-14,IP992342,2030-06-02,2027-08-12,2021-11-27
EMP0934-20260916_214726,Mary,Hudson,denisefox@example.org,1998-04-17,+44(0)161 496 0464,"226 Ball Plains
Williamsburgh
L7 2GA",Female,Midlands Central Hospitals NHS Trust,White,Australia,ILR,Admin,Administrator,Women & Children,3,15.89,2026-01-06,2026-02-10,37.5,1.0,None,Permanent,Suspended,FS496868,2027-07-29,QN679417,2030-11-24,2027-02-19,2026-01-27
EMP0935-20260916_214726,Kerry,Hancock,zharding@example.net,1993-03-16,+441214960779,"Studio 72
Brown Meadow
East Dianafurt
M2 0GY",Male,Southgate Community & Mental Health NHS Trust,Black,Trinidad and Tobago,British Citizen,Medical,Consultant,Clinical Support Services,CONS,60.46,2021-06-23,2021-07-21,18.75,0.5,GMC,Permanent,Active,HW501472,2028-08-04,KV543354,2031-07-01,2027-06-30,2021-07-14
EMP0936-20260916_214726,Keith,Ahmed,nporter@example.com,1985-02-03,0121 496 0430,"Flat 1
Donald Trafficway
Begumville
M5 4DL",Male,Northwood Mental Health NHS Trust,Asian,China,Skilled Worker,AHP,Radiographer,Medicine & Acute Care,6,27.92,2025-08-16,2025-09-13,20.0,0.53,NMC,Fixed Term,Active,FZ384523,2029-01-03,FG465021,2027-03-05,2026-11-12,2025-09-06
EMP0937-20260916_214726,Dennis,Payne,djones@example.org,1979-03-18,+441164960556,"29 Carl Extension
Patelchester
SN34 2QG",Female,Westmere Community Health NHS Trust,Mixed,Kenya,British Citizen,Admin,Medical Secretary,Women & Children,4,18.42,2022-02-25,2022-03-25,30.0,0.8,GMC,Bank,Inactive,DU177632,2030-01-17,QI383847,2031-06-02,2027-01-06,2022-03-18
EMP0938-20260916_214726,Marie,Gallagher,lucy23@example.com,1962-09-30,(0306)9990569,"95 Williams Locks
Lake Yvonne
W43 5ZJ",Female,Broadfield Clinical Services NHS Trust,White,New Zealand,ILR,AHP,Speech Therapist,Clinical Support Services,6,22.64,2021-07-23,2021-08-27,20.0,0.53,GMC,Permanent,Suspended,VL426855,2027-08-27,JC442016,2026-10-05,2027-01-07,2021-08-13
EMP0939-20260916_214726,Marilyn,Roberts,molly32@example.net,1998-08-26,+44121 496 0962,"2 Kaur Way
Bishopborough
S5 8YZ",Male,Bluewater Community & Rehabilitation NHS Trust,White,United Kingdom,Dependent,Admin,Administrator,Critical Care & Anaesthesia,3,14.92,2024-01-15,2024-02-12,30.0,0.8,NMC,Bank,On Leave,SE884530,2027-08-14,PJ687015,2027-08-18,2026-09-28,2024-02-05
EMP0940-20260916_214726,Anthony,Jones,elaine15@example.org,1991-04-05,01214960650,"Flat 04
Craig Passage
South Dylanchester
S31 5PW",Male,Northwood Mental Health NHS Trust,Black,Ghana,British Citizen,Admin,Data Analyst,Clinical Support Services,8A,34.72,2019-03-24,2019-04-28,30.0,0.8,GMC,Fixed Term,Active,LL903053,2028-03-05,VE315393,2027-01-29,2027-04-08,2019-04-14
EMP0941-20260916_214726,Lesley,Walker,owenbell@example.com,2004-07-09,+44(0)121 496 0609,"Flat 7
Kayleigh Points
Stephenview
DE14 9RR",Female,Northshire University Hospitals NHS Trust,White,Canada,Skilled Worker,AHP,Physiotherapist,Surgery & Cancer,6,25.48,2021-05-17,2021-06-28,37.5,1.0,None,Permanent,Suspended,FC482067,2028-10-25,RZ344500,2031-01-15,2026-12-14,2021-06-07
EMP0942-20260916_214726,Norman,Thompson,freeves@example.com,1991-04-28,+44(0)1614960604,"4 Lee Station
Port Marionberg
B1 3ZA",Male,Eastmoor Teaching Hospitals NHS Trust,White,United Kingdom,British Citizen,AHP,Radiographer,Clinical Support Services,6,27.24,2024-01-31,2024-03-06,20.0,0.53,GMC,Permanent,Suspended,AE492257,2027-02-26,ER466774,2028-02-03,2027-08-20,2024-02-21
EMP0943-20260916_214726,Richard,Gibbons,williamsjacqueline@example.org,1974-01-13,+441632 960 603,"576 Karl Mall
Rileyfurt
L79 2QH",Male,Riverbank General Hospitals NHS Trust,Black,Nigeria,Skilled Worker,AHP,Pharmacist,Surgery & Cancer,5,20.62,2026-01-02,2026-02-13,37.5,1.0,HCPC,Bank,Active,DS221902,2030-07-18,TV738672,2030-08-19,2027-07-10,2026-01-23
EMP0944-20260916_214726,Amy,Thomas,palmerlewis@example.org,2003-03-03,(0113)4960798,"Studio 1
Richardson Trace
East Hayley
BR1M 6SJ",Female,Riverbank General Hospitals NHS Trust,Asian,Japan,British Citizen,AHP,Speech Therapist,Women & Children,6,27.6,2021-10-31,2021-12-12,18.75,0.5,HCPC,Bank,Suspended,IC160121,2029-04-23,YE061573,2029-10-10,2027-09-15,2021-11-21
EMP0945-20260916_214726,Lorraine,Alexander,seanpearce@example.com,1983-02-27,+44(0)116 4960790,"Studio 48
Tomlinson Valleys
Shannonbury
M2F 2WW",Male,Midlands Central Hospitals NHS Trust,Mixed,Jamaica,ILR,Nursing,Charge Nurse,Critical Care & Anaesthesia,7,29.3,2020-05-31,2020-07-05,30.0,0.8,NMC,Bank,Inactive,QI520071,2029-01-08,YD272388,2029-07-04,2027-05-27,2020-06-21
EMP0946-20260916_214726,Dale,Robinson,ashleigh80@example.org,1980-08-15,+44(0)289018578,"Studio 87O
Price Ranch
Griffithsport
G12 8LZ",Female,Eastmoor Teaching Hospitals NHS Trust,White,United States,Skilled Worker,AHP,Pharmacist,Medicine & Acute Care,5,22.09,2021-08-10,2021-09-07,37.5,1.0,None,Permanent,On Leave,FN072478,2028-07-19,WP344882,2029-01-09,2027-04-30,2021-08-31
EMP0947-20260916_214726,Richard,Burton,nbrown@example.net,1976-07-04,+44(0)306 999 0970,"987 Denise Glen
North Rosieberg
SE8Y 0DW",Male,Riverbank General Hospitals NHS Trust,Asian,Thailand,Skilled Worker,AHP,Radiographer,Surgery & Cancer,6,26.34,2021-05-28,2021-06-25,30.0,0.8,None,Permanent,Inactive,AM513671,2027-08-13,VB414166,2027-04-06,2027-05-16,2021-06-18
EMP0948-20260916_214726,Terence,Holden,olivia59@example.org,1981-10-25,+4428 9018350,"Studio 81c
Newman Oval
Chelseamouth
B1 7BN",Female,Southgate Community & Mental Health NHS Trust,Asian,Thailand,ILR,Nursing,Staff Nurse,Surgery & Cancer,5,20.53,2017-05-06,2017-06-17,30.0,0.8,HCPC,Fixed Term,On Leave,UA775253,2029-04-27,BJ005785,2030-09-16,2027-06-16,2017-05-27
EMP0949-20260916_214726,Donald,Shaw,newtonnathan@example.net,1988-06-04,01184960463,"8 Manning Valley
East Nigelchester
LS9 5EZ",Female,Southvale Hospitals NHS Trust,Mixed,Trinidad and Tobago,ILR,Nursing,Senior Staff Nurse,Corporate Services,6,24.01,2024-06-09,2024-07-21,15.0,0.4,GMC,Bank,Active,JL037511,2027-07-28,WL859492,2027-12-10,2027-02-20,2024-06-30
EMP0950-20260916_214726,Norman,Singh,ibailey@example.net,1971-03-28,(0151) 4960662,"2 Walker Summit
Annefurt
LL5 1FA",Female,Midlands Central Hospitals NHS Trust,White,Canada,ILR,Medical,FY1/FY2,Emergency & Urgent Care,FY1,19.32,2026-09-13,2026-10-18,15.0,0.4,None,Fixed Term,Active,XD130334,2031-06-25,RH135882,2028-12-12,2027-03-05,2026-10-04
EMP0951-20260916_214726,Leonard,James,josh96@example.net,1961-07-23,(0161)4960739,"875 Hawkins Turnpike
South Sally
G1W 5ND",Female,Horizon Integrated Health Partnership NHS Trust,Mixed,Barbados,ILR,Medical,GP,Surgery & Cancer,GP,53.27,2017-05-19,2017-06-16,18.75,0.5,GMC,Permanent,Active,CL859092,2029-01-03,JI323471,2029-01-18,2027-07-17,2017-06-09
EMP0952-20260916_214726,Nigel,Macdonald,ysharp@example.com,1969-08-28,(0116) 4960323,"Flat 47x
Brown Prairie
East Luke
PH55 8EN",Female,Eastfield Psychological Services NHS Trust,White,United States,Skilled Worker,Nursing,Charge Nurse,Surgery & Cancer,7,28.92,2018-11-06,2018-12-18,37.5,1.0,NMC,Bank,Active,YD730949,2030-03-30,TZ585527,2031-07-29,2026-09-18,2018-11-27
EMP0953-20260916_214726,Carl,Williams,rwilliams@example.com,1965-07-10,(028) 9018 0119,"66 Thompson Way
North Angela
B69 4TQ",Female,Eastfield Psychological Services NHS Trust,Asian,China,ILR,Admin,Receptionist,Corporate Services,3,14.81,2024-03-17,2024-04-21,37.5,1.0,HCPC,Fixed Term,Active,OE594065,2031-04-30,SJ642879,2028-07-10,2027-09-02,2024-04-07
EMP0954-20260916_214726,Kevin,Ryan,fmitchell@example.net,1990-11-09,+44117 4960344,"40 Chandler Plaza
New Alexandrabury
RG8H 2UD",Male,Eastmoor Teaching Hospitals NHS Trust,Mixed,Nigeria,Skilled Worker,AHP,Pharmacist,Medicine & Acute Care,5,21.67,2022-09-18,2022-10-30,20.0,0.53,None,Permanent,Active,QA462783,2029-10-15,QP091541,2028-06-04,2027-03-25,2022-10-09
EMP0955-20260916_214726,Rhys,Shaw,ajennings@example.net,1993-02-22,+44(0)151 4960108,"Studio 9
Miller Inlet
Port Sara
DE69 9JJ",Female,Eastmoor Teaching Hospitals NHS Trust,White,United Kingdom,Dependent,Nursing,Charge Nurse,Surgery & Cancer,7,28.07,2024-10-02,2024-11-06,20.0,0.53,HCPC,Fixed Term,Active,WH086367,2031-07-13,BU617663,2028-05-24,2027-08-04,2024-10-23
EMP0956-20260916_214726,Douglas,Wilkinson,jmoss@example.org,2005-07-24,01154960495,"4 Birch Estates
Jillland
BH4 2NL",Male,Midlands Central Hospitals NHS Trust,Mixed,Thailand,Skilled Worker,Admin,Administrator,Critical Care & Anaesthesia,3,15.66,2026-01-24,2026-02-28,15.0,0.4,NMC,Fixed Term,On Leave,KD347834,2029-10-22,ST258429,2030-04-02,2027-09-03,2026-02-14
EMP0957-20260916_214726,Zoe,Pratt,iroberts@example.com,1996-03-16,01414960519,"861 Oliver Lakes
Port Phillip
ML0N 3YD",Female,Horizon Integrated Health Partnership NHS Trust,Black,Kenya,ILR,Nursing,Staff Nurse,Critical Care & Anaesthesia,5,21.54,2023-12-16,2024-01-27,18.75,0.5,None,Permanent,Suspended,RG721608,2028-12-20,EI864336,2027-07-22,2027-08-24,2024-01-06
EMP0958-20260916_214726,Joseph,Jennings,hholland@example.com,1970-03-12,(020)74960641,"721 Bethany Light
Port Annafort
G68 9HF",Female,Westborough Acute Care NHS Trust,Black,Ghana,Skilled Worker,Admin,Administrator,Corporate Services,3,13.6,2018-04-26,2018-05-24,18.75,0.5,HCPC,Fixed Term,Suspended,UJ797570,2030-03-29,KK728699,2028-10-26,2026-10-03,2018-05-17
EMP0959-20260916_214726,Grace,Rose,tracey62@example.org,1980-04-25,+4420 7496 0915,"Flat 26n
Harris Parkways
Port Hannahstad
L0H 2QU",Male,Bluewater Community & Rehabilitation NHS Trust,White,United Kingdom,ILR,Admin,Medical Secretary,Critical Care & Anaesthesia,4,15.6,2024-10-15,2024-11-26,20.0,0.53,None,Bank,Active,HZ420076,2027-09-13,IQ502804,2030-05-18,2027-02-18,2024-11-05
EMP0960-20260916_214726,Marilyn,Ellis,dawnkelly@example.com,1985-04-29,01154960518,"Flat 9
Cox Villages
Lake Gregory
LD89 0TU",Female,Southvale Hospitals NHS Trust,White,New Zealand,Skilled Worker,Nursing,Healthcare Assistant,Clinical Support Services,2,13.49,2020-11-02,2020-12-14,30.0,0.8,HCPC,Bank,On Leave,II003836,2031-04-03,GS680509,2028-01-29,2027-02-21,2020-11-23
EMP0961-20260916_214726,Dawn,Phillips,barrystevens@example.com,2007-01-31,+44(0)1414960006,"725 Hall Bridge
Macdonaldburgh
WV1N 7WY",Female,Westborough Acute Care NHS Trust,White,New Zealand,ILR,Admin,Administrator,Surgery & Cancer,3,15.34,2025-11-18,2025-12-23,37.5,1.0,None,Fixed Term,On Leave,JJ333093,2031-05-29,XC365035,2028-03-06,2027-07-06,2025-12-09
EMP0962-20260916_214726,Sean,Hayes,normantaylor@example.net,1970-09-11,(0113) 496 0333,"Studio 08
Ashton Wells
Smithland
W2U 8PP",Female,Southvale Hospitals NHS Trust,Black,Kenya,Dependent,Medical,SHO,Surgery & Cancer,SHO,28.44,2024-08-10,2024-09-07,37.5,1.0,None,Fixed Term,Inactive,WF033269,2031-02-16,YI401824,2030-02-11,2026-11-26,2024-08-31
EMP0963-20260916_214726,Donna,Chapman,joemason@example.org,1981-03-26,+44909 8790091,"827 Jodie Viaduct
North Wendy
L0H 3UE",Female,Valleyview Mental Wellness NHS Trust,Black,Trinidad and Tobago,ILR,Nursing,Charge Nurse,Critical Care & Anaesthesia,7,32.68,2026-04-29,2026-06-03,15.0,0.4,NMC,Bank,On Leave,UF142345,2027-05-13,XI958476,2029-04-05,2027-05-15,2026-05-20
EMP0964-20260916_214726,Kevin,Black,justinbrooks@example.org,1978-12-25,(0306) 9990496,"Studio 2
Quinn Highway
West Denisetown
GL57 6LB",Female,Lakeside District Hospitals NHS Trust,Asian,India,ILR,Admin,Receptionist,Clinical Support Services,3,13.71,2016-12-18,2017-01-29,30.0,0.8,NMC,Bank,Inactive,IX949699,2030-04-22,FD371722,2031-08-27,2027-07-11,2017-01-08
EMP0965-20260916_214726,Diane,Tomlinson,carol53@example.org,1999-12-28,(0141) 496 0183,"551 Ian Plaza
Duffyview
TA2X 5PA",Male,Northshire University Hospitals NHS Trust,Black,Ghana,ILR,AHP,Pharmacist,Critical Care & Anaesthesia,5,22.79,2016-11-29,2017-01-03,20.0,0.53,None,Bank,Inactive,DI317762,2031-05-02,PC884108,2026-11-22,2027-03-16,2016-12-20
EMP0966-20260916_214726,Chelsea,Parkin,gmarsh@example.net,2006-09-19,0113 496 0375,"67 Stacey Port
O'Neillmouth
SY6R 3BW",Male,Riverbank General Hospitals NHS Trust,White,United States,Skilled Worker,Medical,Registrar,Women & Children,SPR,34.62,2018-12-03,2018-12-31,37.5,1.0,HCPC,Fixed Term,Active,WC511797,2029-06-25,ZY601441,2031-08-14,2026-12-14,2018-12-24
EMP0967-20260916_214726,Patricia,Kay,arthur28@example.com,1970-12-13,+441632 960579,"Studio 54
Samuel Mall
Jillburgh
G4H 7DF",Male,Northwood Mental Health NHS Trust,White,Australia,British Citizen,Nursing,Staff Nurse,Emergency & Urgent Care,5,22.39,2024-09-07,2024-10-12,30.0,0.8,None,Fixed Term,Suspended,XE679748,2031-08-31,FB775695,2029-11-19,2027-01-19,2024-09-28
EMP0968-20260916_214726,Anthony,Riley,thorntonpatricia@example.com,1964-04-16,01414960570,"2 Robertson Lake
North Barbara
GU36 5NW",Male,Eastmoor Teaching Hospitals NHS Trust,Black,Barbados,ILR,Medical,Consultant,Medicine & Acute Care,CONS,67.68,2025-06-08,2025-07-13,20.0,0.53,None,Fixed Term,Suspended,CX614145,2029-02-22,TF759649,2028-10-11,2026-11-02,2025-06-29
EMP0969-20260916_214726,Francis,Jones,wongstacey@example.net,1991-01-07,+449098790368,"978 Todd Knolls
West Janetshire
LL6 8YX",Male,Southvale Hospitals NHS Trust,White,United States,ILR,Medical,SHO,Corporate Services,SHO,26.43,2017-09-25,2017-11-06,37.5,1.0,None,Fixed Term,Suspended,XI096147,2028-12-20,QL121425,2027-02-28,2027-04-30,2017-10-16
EMP0970-20260916_214726,Jade,Hall,jeremy90@example.org,1961-11-17,+44(0)8081570242,"Flat 8
Billy Run
Tobychester
G00 1QT",Male,Eastmoor Teaching Hospitals NHS Trust,Mixed,Kenya,Skilled Worker,Nursing,Nursery Nurse,Surgery & Cancer,2,13.36,2017-04-20,2017-05-25,15.0,0.4,HCPC,Permanent,On Leave,NE272292,2031-09-05,BQ510084,2030-12-17,2026-10-08,2017-05-11
EMP0971-20260916_214726,John,Noble,jharris@example.net,1988-02-26,+44(0)289018694,"Studio 1
Natalie Crescent
New Charlotte
DG4R 1PW",Female,Broadfield Clinical Services NHS Trust,White,Canada,Dependent,Nursing,Ward Manager,Corporate Services,8A,31.9,2017-12-31,2018-02-11,15.0,0.4,None,Fixed Term,Inactive,NN452473,2028-08-07,IM478536,2030-09-26,2027-08-24,2018-01-21
EMP0972-20260916_214726,Philip,Heath,reecejackson@example.com,1970-02-12,(0114)4960440,"Flat 5
Bruce Via
South Lisafort
EN1 3EL",Female,Midlands Central Hospitals NHS Trust,Mixed,Barbados,Dependent,Nursing,Staff Nurse,Emergency & Urgent Care,5,20.29,2022-02-05,2022-03-19,30.0,0.8,NMC,Fixed Term,On Leave,RR039619,2028-08-02,CY527573,2030-10-19,2027-02-03,2022-02-26
EMP0973-20260916_214726,Amelia,Dale,jack09@example.net,1968-05-19,(0151) 496 0251,"Studio 62
Begum Streets
New Declanport
ML1 8SG",Female,Eastfield Psychological Services NHS Trust,Mixed,Ghana,British Citizen,AHP,Speech Therapist,Corporate Services,6,24.18,2023-06-30,2023-08-11,30.0,0.8,GMC,Fixed Term,On Leave,BJ289184,2030-06-18,QU457223,2031-02-01,2027-01-07,2023-07-21
EMP0974-20260916_214726,Bernard,Hussain,joanna35@example.com,1962-06-27,(028) 9018 0018,"4 Mathew Valley
Weststad
CA9N 2RW",Male,Lakeside District Hospitals NHS Trust,White,Canada,ILR,Admin,Medical Secretary,Clinical Support Services,4,15.74,2024-03-17,2024-04-28,30.0,0.8,None,Permanent,Suspended,YW886234,2028-06-19,WK119838,2028-01-29,2027-02-21,2024-04-07
EMP0975-20260916_214726,Matthew,Jones,jeremy82@example.com,2007-02-08,(0116) 4960525,"Flat 68
Thomson Courts
Adamberg
S53 8NT",Female,Bluewater Community & Rehabilitation NHS Trust,Black,Jamaica,Skilled Worker,Nursing,Nursery Nurse,Emergency & Urgent Care,2,12.33,2024-04-19,2024-05-24,15.0,0.4,NMC,Permanent,Active,WR894189,2027-01-20,KI406414,2031-01-13,2026-10-04,2024-05-10
EMP0976-20260916_214726,John,Khan,porterhazel@example.net,1990-08-28,+44141 4960863,"Flat 7
Palmer Crest
Lake Vanessahaven
L5 2QT",Male,Riverside Integrated Care NHS Trust,Asian,Japan,Dependent,Nursing,Healthcare Assistant,Emergency & Urgent Care,2,12.47,2025-05-14,2025-06-18,20.0,0.53,NMC,Fixed Term,Suspended,ZZ410049,2031-01-28,DO132899,2030-06-23,2027-07-22,2025-06-04
EMP0977-20260916_214726,Charlene,Richardson,sharonallen@example.com,1996-04-11,0141 4960022,"983 Katie Hill
Jenniferport
HU12 3JT",Female,Broadfield Clinical Services NHS Trust,Mixed,China,Dependent,AHP,Pharmacist,Critical Care & Anaesthesia,5,22.43,2022-09-11,2022-10-09,37.5,1.0,None,Permanent,Inactive,JG302135,2027-10-07,GG960127,2027-12-15,2026-11-02,2022-10-02
EMP0978-20260916_214726,Keith,Price,murphystacey@example.org,1970-02-17,+44115 4960680,"Studio 2
Lisa Valley
Austinburgh
BR5M 8ZH",Male,Valleyview Mental Wellness NHS Trust,Black,Trinidad and Tobago,Skilled Worker,Medical,Consultant,Emergency & Urgent Care,CONS,55.62,2024-12-29,2025-02-09,30.0,0.8,NMC,Permanent,Suspended,FP242951,2030-07-18,RA156160,2029-02-13,2027-02-15,2025-01-19
EMP0979-20260916_214726,Jordan,Dunn,lwatson@example.net,1969-07-30,+4420 74960562,"9 Brooks Village
East Aimee
LU89 4HD",Male,Southgate Community & Mental Health NHS Trust,Black,Jamaica,ILR,Medical,Consultant,Surgery & Cancer,CONS,67.91,2021-12-27,2022-01-24,20.0,0.53,None,Fixed Term,Active,VM890742,2030-04-02,AT475350,2029-01-25,2027-06-28,2022-01-17
EMP0980-20260916_214726,Nicholas,Bailey,amberhenderson@example.net,1972-08-31,+44(0)1184960090,"Flat 17v
Marilyn Rapids
Lake Susanmouth
E4 2QD",Female,Westborough Acute Care NHS Trust,Asian,Thailand,ILR,AHP,Physiologist,Clinical Support Services,6,26.44,2017-08-28,2017-09-25,18.75,0.5,HCPC,Permanent,Suspended,XA792513,2027-02-05,MQ412642,2027-09-25,2027-02-14,2017-09-18
EMP0981-20260916_214726,Michelle,Fraser,youngbradley@example.com,1978-02-07,(0115) 496 0209,"3 Morris Dam
Dawnbury
N7 8GQ",Male,Riverbank General Hospitals NHS Trust,Mixed,Jamaica,British Citizen,AHP,Pharmacist,Critical Care & Anaesthesia,5,22.19,2021-02-15,2021-03-15,37.5,1.0,None,Fixed Term,Active,LS091125,2030-11-04,WR600131,2027-05-22,2026-09-25,2021-03-08
EMP0982-20260916_214726,Lawrence,Williams,tobyfreeman@example.org,1992-02-28,+44131 4960946,"632 Kimberley Junction
East Wayne
L2W 8XH",Male,Horizon Integrated Health Partnership NHS Trust,Asian,Japan,Dependent,Nursing,Charge Nurse,Corporate Services,7,31.22,2023-08-25,2023-09-22,20.0,0.53,GMC,Permanent,Active,LE235767,2029-11-29,AS091586,2029-08-24,2027-05-31,2023-09-15
EMP0983-20260916_214726,Lucy,Clarke,joel88@example.com,1960-12-04,(0117)4960485,"Studio 84
Pugh Views
North Mohammedstad
L1 4SE",Female,Westborough Acute Care NHS Trust,Mixed,Canada,British Citizen,AHP,Radiographer,Clinical Support Services,6,23.84,2016-12-08,2017-01-12,18.75,0.5,HCPC,Fixed Term,On Leave,CW061035,2027-09-06,UV466617,2031-06-26,2027-02-19,2016-12-29
EMP0984-20260916_214726,Mary,Fleming,daytoby@example.org,1999-05-03,(01632) 960284,"9 Leanne Shoals
Port Michelle
S0 8DS",Male,Southvale Hospitals NHS Trust,White,United States,Skilled Worker,Admin,Data Analyst,Emergency & Urgent Care,8A,30.59,2025-08-07,2025-09-11,18.75,0.5,NMC,Permanent,On Leave,DA574799,2029-06-13,CB804921,2029-09-07,2027-06-18,2025-08-28
EMP0985-20260916_214726,Rosie,Nicholls,hjones@example.net,1973-12-15,+44(0)131 4960188,"Flat 93
Brandon Plains
West Julianfort
LS6 4DD",Female,Westmere Community Health NHS Trust,White,New Zealand,Dependent,Admin,Administrator,Clinical Support Services,3,13.34,2017-01-25,2017-03-01,20.0,0.53,None,Permanent,Active,BA675738,2031-05-28,JW421386,2029-02-01,2026-10-30,2017-02-15
EMP0986-20260916_214726,Bethany,Carter,guy21@example.org,1992-09-01,+44(0)1314960646,"Studio 18b
Reece Mills
West Craig
B6 3ED",Female,Westmere Community Health NHS Trust,Mixed,United Kingdom,Dependent,Admin,Medical Secretary,Critical Care & Anaesthesia,4,17.87,2017-02-06,2017-03-13,18.75,0.5,GMC,Bank,Inactive,HK299379,2026-12-12,ZU590348,2028-03-13,2027-05-24,2017-02-27
EMP0987-20260916_214726,Paige,Davey,bartlettpeter@example.com,1977-10-11,+441164960524,"5 Eric Alley
Stephensonfort
G2 2HG",Male,Greenhaven Acute & Specialist Care NHS Trust,Mixed,Ghana,ILR,Medical,FY1/FY2,Emergency & Urgent Care,FY1,19.69,2025-12-10,2026-01-21,30.0,0.8,NMC,Bank,Suspended,GZ000593,2029-05-12,NC938065,2028-08-31,2027-07-18,2025-12-31
EMP0988-20260916_214726,Sally,Barlow,itownsend@example.org,1961-12-20,0191 4960255,"7 Guy Fork
South Reecemouth
IP3 4QF",Male,Eastfield Psychological Services NHS Trust,Asian,Japan,British Citizen,Medical,GP,Medicine & Acute Care,GP,60.08,2025-09-20,2025-11-01,18.75,0.5,GMC,Fixed Term,On Leave,GW522013,2027-03-21,BQ275978,2030-08-13,2027-01-18,2025-10-11
EMP0989-20260916_214726,Stewart,Rowley,samlynch@example.com,2006-04-09,+441314960870,"6 Wilkinson Center
West Paulinemouth
HP1 5ZU",Male,Meadowbrook Community Health NHS Trust,Mixed,Trinidad and Tobago,ILR,Nursing,Charge Nurse,Clinical Support Services,7,32.92,2026-04-11,2026-05-16,20.0,0.53,HCPC,Fixed Term,On Leave,DT490841,2027-12-12,SS303599,2026-11-22,2026-12-17,2026-05-02
EMP0990-20260916_214726,Naomi,Edwards,lucy39@example.com,1993-05-19,+441144960369,"Studio 94
Daniels Extensions
Trevorfort
N0K 9RR",Female,Eastfield Psychological Services NHS Trust,Black,Kenya,ILR,Medical,Consultant,Clinical Support Services,CONS,50.72,2025-08-26,2025-09-30,20.0,0.53,NMC,Fixed Term,Inactive,GA787369,2030-04-17,GT706083,2031-07-20,2027-04-21,2025-09-16
EMP0991-20260916_214726,Georgina,Smith,william98@example.com,1989-02-03,01164960332,"4 Carol Roads
Port Owenshire
S40 0SJ",Female,Southvale Hospitals NHS Trust,White,Canada,Dependent,AHP,Speech Therapist,Women & Children,6,27.16,2019-03-06,2019-04-03,20.0,0.53,NMC,Fixed Term,Suspended,LQ166632,2030-12-19,TH397610,2031-02-10,2026-12-05,2019-03-27
EMP0992-20260916_214726,Danielle,Ellis,marie40@example.com,2002-06-23,+44289018987,"Flat 91
Watkins Shoals
Natashashire
N25 6JF",Male,Lakeside District Hospitals NHS Trust,Mixed,Australia,Skilled Worker,AHP,Occupational Therapist,Clinical Support Services,6,27.07,2022-02-18,2022-04-01,20.0,0.53,HCPC,Bank,Active,GX262803,2030-11-05,QR737092,2031-01-11,2027-04-16,2022-03-11
EMP0993-20260916_214726,Jeremy,O'Brien,chapmanalbert@example.com,1989-04-14,+44(0)292018781,"Flat 62
Sophie Mountain
Lake Laurenchester
JE1W 0WN",Male,Southgate Community & Mental Health NHS Trust,Black,Trinidad and Tobago,British Citizen,Admin,Administrator,Critical Care & Anaesthesia,3,15.84,2018-09-06,2018-10-18,18.75,0.5,HCPC,Bank,Inactive,SV691785,2027-11-10,HP678970,2029-06-03,2027-08-10,2018-09-27
EMP0994-20260916_214726,Cheryl,Gray,heatherburns@example.com,1999-09-22,0115 496 0203,"07 Spencer Lakes
Fletcherberg
G9W 8JF",Male,Hillcrest Medical Centres NHS Trust,Black,Nigeria,Skilled Worker,AHP,Pharmacist,Women & Children,5,19.46,2021-02-16,2021-03-16,18.75,0.5,HCPC,Permanent,On Leave,BE042579,2028-09-07,LK225034,2028-11-27,2026-10-17,2021-03-09
EMP0995-20260916_214726,Lindsey,Quinn,gmahmood@example.com,2003-07-23,+44(0)151 496 0732,"Flat 8
Jason Isle
Paigeview
B6J 5DX",Female,Broadfield Clinical Services NHS Trust,Black,Barbados,Dependent,Admin,Data Analyst,Critical Care & Anaesthesia,8A,34.98,2018-12-22,2019-01-26,30.0,0.8,GMC,Fixed Term,Active,TU791624,2027-10-03,GW919921,2028-11-19,2027-05-22,2019-01-12
EMP0996-20260916_214726,Alice,Rogers,brogers@example.com,2004-09-16,0121 496 0790,"Flat 01A
Barnett Creek
Sheppardview
KT48 3BU",Female,Oakridge Community Services NHS Trust,Mixed,Trinidad and Tobago,ILR,Nursing,Nursery Nurse,Clinical Support Services,2,12.8,2024-04-11,2024-05-16,15.0,0.4,NMC,Permanent,Suspended,TT622404,2030-09-01,QU830487,2027-07-30,2027-04-15,2024-05-02
EMP0997-20260916_214726,Jean,Rahman,gdobson@example.org,2003-10-08,(01632) 960 314,"Studio 27Y
Stacey Hollow
New Jacobmouth
TR1V 3NS",Female,Northshire University Hospitals NHS Trust,Black,Trinidad and Tobago,British Citizen,Nursing,Charge Nurse,Medicine & Acute Care,7,32.4,2025-06-25,2025-07-30,30.0,0.8,HCPC,Permanent,Inactive,LW949726,2031-08-20,ZA412841,2030-12-05,2027-01-19,2025-07-16
EMP0998-20260916_214726,Joseph,Clayton,gail14@example.net,1989-07-01,01214960628,"97 Ford Loop
Christianmouth
GY04 8DW",Male,Hillcrest Medical Centres NHS Trust,Mixed,Nigeria,ILR,Admin,Medical Secretary,Surgery & Cancer,4,19.41,2019-06-15,2019-07-27,20.0,0.53,NMC,Bank,On Leave,NV017754,2027-11-30,CD018151,2030-08-11,2026-11-02,2019-07-06
EMP0999-20260916_214726,Charlotte,Barrett,denis17@example.com,1994-09-02,+44808 1570838,"Flat 65j
Smith Plaza
Port Julieland
N20 6RN",Male,Bluewater Community & Rehabilitation NHS Trust,White,United States,Dependent,AHP,Radiographer,Emergency & Urgent Care,6,24.87,2024-03-24,2024-05-05,30.0,0.8,HCPC,Bank,Inactive,GT464192,2026-12-17,ZH890721,2028-08-02,2026-12-27,2024-04-14
EMP1000-20260916_214726,Nicola,Armstrong,emmahicks@example.com,1964-02-27,+44(0)115 496 0821,"35 Mahmood Landing
Hollowaytown
NW7 4EY",Male,Midlands Central Hospitals NHS Trust,White,Canada,ILR,Admin,Receptionist,Critical Care & Anaesthesia,3,15.08,2025-05-09,2025-06-06,15.0,0.4,GMC,Bank,Active,MR633261,2029-11-27,YL247182,2031-06-28,2027-07-16,2025-05-30
EMP1001-20260916_214726,Danielle,Pollard,connorconnor@example.net,1979-03-06,020 74960790,"Studio 80d
Cook Spur
Lake Peterville
M0 1JE",Female,Lakeside District Hospitals NHS Trust,Black,Jamaica,Skilled Worker,Admin,Administrator,Corporate Services,3,13.64,2025-12-28,2026-02-08,15.0,0.4,None,Fixed Term,On Leave,RN119053,2028-03-13,MZ353035,2030-10-15,2027-03-13,2026-01-18
EMP1002-20260916_214726,John,Ross,hallelliot@example.org,2005-03-01,+44(0)909 879 0141,"Studio 8
Ian Common
South Jodie
SM74 6GG",Female,Eastfield Psychological Services NHS Trust,White,Australia,Dependent,Nursing,Charge Nurse,Medicine & Acute Care,7,27.42,2024-12-03,2025-01-07,37.5,1.0,GMC,Fixed Term,Suspended,JJ281423,2029-06-02,EO520101,2028-11-27,2027-01-22,2024-12-24
EMP1003-20260916_214726,Rebecca,Power,obarnes@example.net,1985-04-23,+44(0)20 7496 0094,"29 Jessica Spur
Benjaminland
BH02 8QN",Male,Broadfield Clinical Services NHS Trust,Mixed,United Kingdom,Dependent,AHP,Physiotherapist,Surgery & Cancer,6,23.33,2019-11-24,2020-01-05,20.0,0.53,NMC,Bank,On Leave,SR605466,2030-05-10,NX847457,2027-01-04,2027-03-08,2019-12-15
EMP1004-20260916_214726,Jason,Nelson,mariesmith@example.net,1967-05-29,0131 4960614,"2 Carol Well
Lake Jamie
BH5R 1EZ",Male,Bluewater Community & Rehabilitation NHS Trust,Asian,Japan,ILR,Admin,Receptionist,Women & Children,3,14.81,2023-07-10,2023-08-14,30.0,0.8,None,Permanent,Active,HK900460,2027-04-26,SI966387,2030-05-23,2027-01-22,2023-07-31
EMP1005-20260916_214726,Sophie,Chadwick,joel01@example.net,1963-10-30,0115 4960054,"Studio 9
Josh Canyon
Georginaview
M3B 9RJ",Male,Oakridge Community Services NHS Trust,White,United Kingdom,ILR,AHP,Pharmacist,Medicine & Acute Care,5,19.75,2021-12-08,2022-01-12,20.0,0.53,HCPC,Bank,Suspended,RU631439,2030-11-24,HD800264,2027-11-01,2027-06-09,2021-12-29
EMP1006-20260916_214726,Paula,Miles,wilsonamber@example.org,2001-11-07,+441214960201,"403 Alexander Ridges
Vincentberg
LA2X 6DD",Female,Eastfield Psychological Services NHS Trust,Mixed,Japan,Dependent,AHP,Occupational Therapist,Clinical Support Services,6,22.9,2019-09-01,2019-09-29,15.0,0.4,None,Fixed Term,Suspended,HJ345643,2027-10-16,HN785416,2029-05-24,2027-05-20,2019-09-22
EMP1007-20260916_214726,Barbara,Dale,alexanderhowarth@example.org,2008-03-17,0191 4960765,"Flat 51E
Griffiths Mountain
New Stuartbury
M23 0FU",Female,Eastfield Psychological Services NHS Trust,Asian,Japan,ILR,Medical,Consultant,Medicine & Acute Care,CONS,71.55,2025-11-20,2026-01-01,30.0,0.8,HCPC,Permanent,Inactive,SV243283,2031-02-10,WS719358,2026-11-18,2027-06-23,2025-12-11
EMP1008-20260916_214726,Craig,Hill,northpaige@example.net,1962-12-09,+44(0)191 4960029,"Studio 82
Hope View
Edwardborough
TR23 0AF",Male,Midlands Central Hospitals NHS Trust,Asian,Thailand,British Citizen,Admin,Administrator,Clinical Support Services,3,15.68,2024-12-04,2025-01-08,30.0,0.8,None,Permanent,Active,AO167598,2030-04-05,JS297521,2028-12-18,2026-10-24,2024-12-25
EMP1009-20260916_214726,Gareth,Davis,joannebond@example.org,1997-01-21,(0808) 157 0307,"0 Luke Inlet
West Rebecca
AB1E 6XS",Male,Meadowbrook Community Health NHS Trust,White,United Kingdom,Dependent,Nursing,Ward Manager,Corporate Services,8A,29.8,2024-05-15,2024-06-12,30.0,0.8,GMC,Permanent,Inactive,UG327417,2027-11-04,NV131683,2026-10-18,2026-12-24,2024-06-05
EMP1010-20260916_214726,Elaine,Parkin,robertseleanor@example.com,2001-04-13,+44114 496 0983,"2 Smith Crescent
North Terry
L7A 3QR",Male,Riverbank General Hospitals NHS Trust,Mixed,Japan,British Citizen,Nursing,Charge Nurse,Clinical Support Services,7,29.46,2018-12-05,2019-01-09,18.75,0.5,NMC,Bank,Active,AN312101,2027-02-14,LU716590,2030-10-30,2027-05-07,2018-12-26
EMP1011-20260916_214726,Judith,Thomas,brownpatricia@example.com,1966-06-25,0115 4960648,"5 Mason Terrace
Port Bernard
DE6 1DH",Male,Riverside Integrated Care NHS Trust,White,United Kingdom,Dependent,AHP,Pharmacist,Critical Care & Anaesthesia,5,20.65,2022-07-28,2022-09-01,15.0,0.4,None,Bank,On Leave,FL002035,2029-05-25,CO361913,2029-03-05,2027-01-06,2022-08-18
EMP1012-20260916_214726,Andrea,Hill,pdunn@example.net,1991-01-04,01134960682,"4 Vincent Lake
Lake Kerry
SY0X 9TL",Female,Greenhaven Acute & Specialist Care NHS Trust,Asian,China,British Citizen,AHP,Occupational Therapist,Surgery & Cancer,6,24.27,2019-11-14,2019-12-26,18.75,0.5,None,Bank,Active,CK668774,2030-07-01,BB250627,2029-11-10,2027-01-15,2019-12-05
EMP1013-20260916_214726,Bradley,Evans,kellygemma@example.org,1998-01-31,+44808 157 0886,"1 Stone Falls
Khanville
AB5B 2UA",Male,Valleyview Mental Wellness NHS Trust,Asian,Japan,British Citizen,Medical,FY1/FY2,Surgery & Cancer,FY1,20.09,2024-04-11,2024-05-09,37.5,1.0,GMC,Fixed Term,Suspended,MD171486,2031-02-04,AG142434,2028-06-28,2027-02-07,2024-05-02
EMP1014-20260916_214726,Judith,Lowe,ellisdiana@example.com,1978-01-18,(0151) 4960537,"Flat 09t
Heather Isle
Nashfort
E1F 8ST",Male,Broadfield Clinical Services NHS Trust,Mixed,New Zealand,British Citizen,Admin,Data Analyst,Women & Children,8A,30.54,2018-02-10,2018-03-24,15.0,0.4,HCPC,Fixed Term,Inactive,PR077702,2028-03-04,ZK859428,2029-04-05,2026-12-22,2018-03-03
EMP1015-20260916_214726,Keith,Baker,jamie41@example.com,2005-05-22,(0808) 1570392,"4 Amy Causeway
East Jamieton
DD8A 2TS",Male,Riverbank General Hospitals NHS Trust,Mixed,Nigeria,British Citizen,Nursing,Charge Nurse,Critical Care & Anaesthesia,7,30.13,2021-03-07,2021-04-04,18.75,0.5,HCPC,Fixed Term,On Leave,FP881411,2030-02-26,BV762504,2029-08-31,2026-11-15,2021-03-28
EMP1016-20260916_214726,Stanley,Crawford,ybrowne@example.com,1987-03-13,+44(0)1514960281,"Flat 1
Stuart Centers
Hallview
M5 9BF",Male,Southvale Hospitals NHS Trust,White,Australia,Skilled Worker,Medical,GP,Emergency & Urgent Care,GP,50.89,2022-08-25,2022-09-22,20.0,0.53,HCPC,Permanent,Active,RP197098,2027-05-28,HR542453,2027-08-04,2027-04-19,2022-09-15
EMP1017-20260916_214726,Louise,Lewis,toliver@example.com,1966-05-01,+441514960654,"Flat 26T
Barnes Gateway
Lake Donna
M88 2PG",Female,Valleyview Mental Wellness NHS Trust,Asian,China,British Citizen,AHP,Physiologist,Medicine & Acute Care,6,27.47,2023-05-11,2023-06-22,37.5,1.0,None,Permanent,Inactive,JL714367,2026-12-19,YZ169352,2029-05-22,2027-08-24,2023-06-01
EMP1018-20260916_214726,Chelsea,Fletcher,denise48@example.com,1981-03-08,+44131 496 0631,"61 Cartwright Flats
Lake Gavin
LE88 9BU",Female,Westmere Community Health NHS Trust,Asian,Thailand,Skilled Worker,Nursing,Charge Nurse,Medicine & Acute Care,7,28.83,2017-10-15,2017-11-26,30.0,0.8,HCPC,Fixed Term,Suspended,MX077182,2028-04-07,OW447499,2027-10-07,2027-03-29,2017-11-05
EMP1019-20260916_214726,Linda,Dickinson,rosiekennedy@example.com,2002-01-10,0114 4960489,"Flat 32
Leanne Loaf
Pattersonland
L6B 8AD",Female,Bluewater Community & Rehabilitation NHS Trust,White,Canada,ILR,Admin,Medical Secretary,Clinical Support Services,4,16.49,2025-08-17,2025-09-28,20.0,0.53,NMC,Bank,Active,ES915557,2031-03-05,TZ295309,2028-08-08,2027-07-14,2025-09-07
EMP1020-20260916_214726,Kirsty,Rowe,chelseacarter@example.net,1985-11-27,01914960232,"24 Clark Plains
Alistad
B8 7JU",Female,Broadfield Clinical Services NHS Trust,Black,Nigeria,Skilled Worker,Medical,Registrar,Women & Children,SPR,38.57,2024-12-16,2025-01-27,30.0,0.8,None,Permanent,On Leave,JT782054,2028-12-14,LY078768,2027-11-21,2026-10-22,2025-01-06
EMP1021-20260916_214726,Malcolm,Lewis,fgriffiths@example.com,1979-07-04,+441632 960 755,"Studio 37s
Linda Prairie
Amyton
HD2R 2ZL",Female,Eastmoor Teaching Hospitals NHS Trust,Black,Ghana,British Citizen,Nursing,Nursery Nurse,Emergency & Urgent Care,2,13.7,2021-06-26,2021-07-24,15.0,0.4,HCPC,Bank,Suspended,WN578060,2030-12-22,JL873274,2029-09-27,2027-06-21,2021-07-17
EMP1022-20260916_214726,Katherine,Davis,jenna35@example.com,2003-11-07,+441914960188,"5 Edward Turnpike
Lake Caroline
IP9 1FU",Female,Riverbank General Hospitals NHS Trust,Black,Jamaica,Skilled Worker,Nursing,Nursery Nurse,Surgery & Cancer,2,13.53,2024-12-10,2025-01-21,37.5,1.0,HCPC,Fixed Term,Inactive,JA194594,2030-01-30,WJ316451,2029-05-06,2027-08-06,2024-12-31
EMP1023-20260916_214726,Karl,Clarke,jdennis@example.org,2004-03-01,0121 4960608,"Flat 26
Jarvis Mission
Craigview
E7W 9EG",Female,Eastfield Psychological Services NHS Trust,Mixed,Barbados,ILR,Admin,Administrator,Surgery & Cancer,3,14.99,2020-05-28,2020-07-09,37.5,1.0,NMC,Fixed Term,Inactive,BY085085,2029-07-02,JD698079,2027-01-04,2027-06-28,2020-06-18
EMP1024-20260916_214726,Steven,Edwards,jonesvalerie@example.org,2002-03-29,+441144960111,"Flat 02A
Julie Bypass
North Rossside
WD3 1EY",Female,Oakridge Community Services NHS Trust,White,New Zealand,British Citizen,Medical,FY1/FY2,Surgery & Cancer,FY1,18.78,2026-06-08,2026-07-13,37.5,1.0,None,Permanent,Suspended,SF198650,2029-12-23,PN285617,2027-05-12,2026-10-30,2026-06-29
EMP1025-20260916_214726,Georgia,Turnbull,donald44@example.com,1977-03-26,+44(0)1134960148,"Flat 98C
Kate Plains
Rickyburgh
M17 7ZQ",Male,Greenhaven Acute & Specialist Care NHS Trust,Asian,China,British Citizen,Nursing,Charge Nurse,Surgery & Cancer,7,32.03,2020-05-19,2020-06-30,20.0,0.53,HCPC,Fixed Term,Inactive,DN229557,2028-04-28,VK386107,2031-04-18,2027-02-10,2020-06-09
EMP1026-20260916_214726,Suzanne,Blackburn,twood@example.com,1983-06-14,+44(0)28 9018825,"Studio 17p
Hill Forge
South Georginafort
LL0 3DL",Male,Eastfield Psychological Services NHS Trust,Mixed,India,Skilled Worker,Medical,SHO,Women & Children,SHO,30.56,2024-05-29,2024-07-03,30.0,0.8,GMC,Permanent,On Leave,OA535945,2027-12-30,BM542198,2026-12-25,2027-04-08,2024-06-19
EMP1027-20260916_214726,Scott,Edwards,caroltownsend@example.com,1970-11-28,+44(0)808 1570126,"339 Russell Circle
Wilsonmouth
AL1B 8AG",Male,Northwood Mental Health NHS Trust,Black,Trinidad and Tobago,British Citizen,Medical,GP,Medicine & Acute Care,GP,53.36,2019-04-30,2019-06-11,30.0,0.8,None,Bank,Suspended,TS490931,2027-04-08,HY583530,2030-12-04,2026-10-03,2019-05-21
EMP1028-20260916_214726,Jason,Sullivan,clarkecarol@example.net,1984-10-13,+44(0)29 2018 0939,"Studio 84
Terence Expressway
North Lisa
JE8H 4NF",Female,Northshire University Hospitals NHS Trust,White,Canada,Dependent,AHP,Physiologist,Critical Care & Anaesthesia,6,26.09,2017-10-28,2017-12-09,20.0,0.53,NMC,Fixed Term,Active,OC316757,2028-03-30,HE305952,2027-03-08,2027-04-17,2017-11-18
EMP1029-20260916_214726,Thomas,Thompson,utaylor@example.com,1982-09-25,+44151 4960685,"Studio 16x
Brenda Divide
Chandlerville
W9 8NA",Male,Riverbank General Hospitals NHS Trust,Mixed,United Kingdom,Skilled Worker,AHP,Pharmacist,Women & Children,5,19.05,2025-09-09,2025-10-21,37.5,1.0,GMC,Bank,Active,JV288644,2029-01-18,SB527536,2026-10-14,2026-09-19,2025-09-30
EMP1030-20260916_214726,Paula,Gallagher,matthew97@example.org,1980-04-11,(020)74960387,"2 Scott Street
East Scottfurt
SN1Y 6BY",Female,Greenhaven Acute & Specialist Care NHS Trust,Asian,Thailand,British Citizen,AHP,Physiotherapist,Critical Care & Anaesthesia,6,27.87,2020-05-13,2020-06-24,18.75,0.5,NMC,Fixed Term,On Leave,SM528294,2026-11-07,YG224262,2026-09-17,2027-08-12,2020-06-03
EMP1031-20260916_214726,Carol,Brown,royscott@example.net,1998-07-05,(0191) 496 0201,"Studio 70
Parsons Road
North Lynda
M7H 7BR",Female,Horizon Integrated Health Partnership NHS Trust,Black,Ghana,Dependent,AHP,Radiographer,Women & Children,6,27.24,2025-02-17,2025-03-17,18.75,0.5,NMC,Fixed Term,Inactive,WW821295,2029-05-04,WL237001,2026-09-21,2026-10-24,2025-03-10
EMP1032-20260916_214726,Annette,Bates,jemma42@example.net,1968-02-18,08081570919,"Flat 20
Freeman Valleys
Smithview
TA48 5XX",Male,Horizon Integrated Health Partnership NHS Trust,Mixed,United States,Skilled Worker,AHP,Pharmacist,Surgery & Cancer,5,22.9,2024-09-02,2024-10-14,15.0,0.4,GMC,Fixed Term,On Leave,AC397511,2031-08-09,UW177469,2031-01-20,2026-09-27,2024-09-23
EMP1033-20260916_214726,Rebecca,Jones,rwilkinson@example.org,2005-06-19,+442074960302,"468 Slater Ports
Gilbertmouth
L8E 9ES",Female,Eastfield Psychological Services NHS Trust,Asian,Thailand,British Citizen,Admin,Receptionist,Medicine & Acute Care,3,15.25,2018-09-27,2018-11-01,20.0,0.53,HCPC,Fixed Term,Inactive,NA368049,2030-07-18,KM221770,2029-04-09,2027-02-11,2018-10-18
EMP1034-20260916_214726,Kim,Clark,tina97@example.net,1960-09-28,+44115 496 0343,"Flat 1
Joan Camp
East Rachael
W78 2XR",Female,Southvale Hospitals NHS Trust,White,Australia,Skilled Worker,Nursing,Charge Nurse,Critical Care & Anaesthesia,7,27.57,2022-12-14,2023-01-25,18.75,0.5,None,Bank,Inactive,WN348174,2030-12-27,OC926152,2028-08-11,2027-09-10,2023-01-04
EMP1035-20260916_214726,Conor,Woods,gemmarose@example.org,1971-10-27,+4428 9018 0941,"Flat 8
Karen Inlet
West Amandachester
G9 2WD",Male,Northshire University Hospitals NHS Trust,Mixed,South Africa,Skilled Worker,Admin,Medical Secretary,Critical Care & Anaesthesia,4,17.88,2021-08-29,2021-10-03,18.75,0.5,NMC,Bank,Suspended,RU871685,2031-03-28,ER031272,2029-04-15,2026-11-13,2021-09-19
EMP1036-20260916_214726,Glenn,Wade,odixon@example.com,1984-12-08,02074960299,"Flat 46o
Shaun Key
Lake Jeanfort
S8U 9UZ",Female,Oakridge Community Services NHS Trust,Mixed,China,Skilled Worker,Medical,GP,Women & Children,GP,59.66,2020-01-19,2020-02-16,20.0,0.53,None,Bank,On Leave,RQ571118,2029-05-31,NM526888,2027-12-11,2027-04-18,2020-02-09
EMP1037-20260916_214726,Neil,Walker,lisa05@example.org,1996-05-22,+441632 960459,"92 Patterson Ports
Allanmouth
DN4 8FA",Male,Eastfield Psychological Services NHS Trust,Asian,India,Skilled Worker,AHP,Physiotherapist,Emergency & Urgent Care,6,23.65,2026-01-21,2026-02-25,18.75,0.5,None,Bank,On Leave,SS588018,2030-05-05,ZM003969,2027-05-18,2027-06-24,2026-02-11
EMP1038-20260916_214726,Katherine,Thompson,nicholas26@example.com,2004-11-18,(0115)4960060,"519 Clarke Court
East Dorothy
N4 5QQ",Female,Riverbank General Hospitals NHS Trust,Black,Barbados,Skilled Worker,Admin,Medical Secretary,Clinical Support Services,4,16.15,2024-06-04,2024-07-16,15.0,0.4,NMC,Bank,Active,IG900858,2031-03-19,PO654594,2028-02-04,2027-07-31,2024-06-25
EMP1039-20260916_214726,Brenda,Wilson,mohammedwalker@example.net,1982-09-24,(028)9018067,"02 Aaron Landing
New Bethan
N3 5JE",Female,Riverbank General Hospitals NHS Trust,White,Australia,Dependent,Admin,Medical Secretary,Surgery & Cancer,4,18.39,2024-08-19,2024-09-30,30.0,0.8,None,Permanent,On Leave,RU064461,2029-02-11,KZ169855,2029-01-26,2027-04-17,2024-09-09
EMP1040-20260916_214726,June,Lewis,jonesdaniel@example.org,1993-04-07,+44(0)141 4960943,"Flat 74H
Michael Crescent
New Deborahchester
CR4H 3LD",Female,Midlands Central Hospitals NHS Trust,Mixed,Kenya,Dependent,Medical,Registrar,Clinical Support Services,SPR,34.37,2023-04-05,2023-05-10,37.5,1.0,None,Fixed Term,On Leave,JJ890498,2028-08-28,SB211992,2027-12-13,2027-08-15,2023-04-26
EMP1041-20260916_214726,Aaron,Dunn,andrewjones@example.com,1981-10-12,+44306 9990566,"4 Bell Parkway
Maryberg
MK20 3RD",Female,Horizon Integrated Health Partnership NHS Trust,Mixed,South Africa,Skilled Worker,Nursing,Charge Nurse,Surgery & Cancer,7,32.14,2017-04-23,2017-05-21,37.5,1.0,HCPC,Bank,Inactive,WK094621,2031-02-02,HC227912,2028-07-11,2026-11-02,2017-05-14
EMP1042-20260916_214726,Vincent,Davis,mitchellowen@example.net,1986-07-06,+44(0)3069990805,"194 Watkins Pine
Paigestad
N9 5DX",Female,Southgate Community & Mental Health NHS Trust,Mixed,Trinidad and Tobago,Dependent,Medical,Consultant,Surgery & Cancer,CONS,68.07,2017-02-01,2017-03-01,30.0,0.8,NMC,Bank,Suspended,RK216171,2031-07-15,MH761640,2027-11-20,2027-05-26,2017-02-22
EMP1043-20260916_214726,Sarah,Page,francescathorpe@example.org,1977-07-01,+44(0)141 496 0990,"199 Hunter Corner
Westfort
CM00 0AD",Male,Hillcrest Medical Centres NHS Trust,White,New Zealand,ILR,Admin,Receptionist,Clinical Support Services,3,14.81,2017-12-31,2018-02-11,20.0,0.53,NMC,Bank,Active,MG693875,2028-03-14,QM652304,2028-07-16,2027-08-24,2018-01-21
EMP1044-20260916_214726,Hazel,Moore,williamskathryn@example.com,1983-07-19,(0116)4960787,"Flat 09i
Walsh Green
Davisfurt
S91 6WJ",Male,Lakeside District Hospitals NHS Trust,Mixed,South Africa,British Citizen,Medical,GP,Emergency & Urgent Care,GP,52.24,2024-09-10,2024-10-08,30.0,0.8,None,Bank,Inactive,NK862198,2031-08-26,VX181090,2031-04-01,2027-08-24,2024-10-01
EMP1045-20260916_214726,Leslie,Wilson,prose@example.com,1978-11-08,0292018056,"78 Clifford Stream
Lake Paige
RG2M 1LP",Male,Lakeside District Hospitals NHS Trust,Mixed,Jamaica,Dependent,Medical,GP,Surgery & Cancer,GP,57.89,2020-11-02,2020-12-14,15.0,0.4,GMC,Bank,Suspended,SE543476,2029-11-02,HJ533828,2029-11-25,2027-02-15,2020-11-23
EMP1046-20260916_214726,Mohammad,Griffin,kirsty41@example.net,1966-07-11,+44141 496 0263,"Studio 5
Emma Place
Kingstad
LN1 5AH",Male,Eastfield Psychological Services NHS Trust,Mixed,Australia,Dependent,Medical,Consultant,Corporate Services,CONS,50.8,2021-11-24,2021-12-22,15.0,0.4,None,Fixed Term,On Leave,CA100282,2028-02-09,KH441691,2027-11-13,2027-03-12,2021-12-15
EMP1047-20260916_214726,Mary,Jones,margaret38@example.org,1982-01-02,+44121 4960794,"Flat 74l
Harris Grove
Port Wayne
B63 6FX",Female,Horizon Integrated Health Partnership NHS Trust,White,Australia,British Citizen,Medical,SHO,Medicine & Acute Care,SHO,27.26,2023-02-12,2023-03-12,37.5,1.0,NMC,Permanent,Suspended,IV695449,2030-03-18,KF121219,2027-11-26,2026-10-23,2023-03-05
EMP1048-20260916_214726,Joanna,Harrison,xreynolds@example.com,1992-06-23,+44306 999 0997,"Studio 5
Pearson Field
Liamview
CR8 4RG",Male,Riverside Integrated Care NHS Trust,Black,Kenya,British Citizen,Nursing,Staff Nurse,Medicine & Acute Care,5,20.81,2022-03-21,2022-04-25,18.75,0.5,NMC,Bank,Suspended,SH848599,2029-01-01,QB753077,2028-03-31,2027-06-28,2022-04-11
EMP1049-20260916_214726,Yvonne,Jones,deanmartin@example.org,1979-11-02,+442074960957,"Studio 39u
Molly Neck
Wattsburgh
ML6B 6BD",Male,Eastmoor Teaching Hospitals NHS Trust,Mixed,United States,Dependent,AHP,Radiographer,Surgery & Cancer,6,24.06,2019-03-01,2019-04-05,37.5,1.0,None,Bank,Inactive,JV879191,2028-11-04,TW239314,2028-07-15,2026-12-29,2019-03-22
EMP1050-20260916_214726,Rita,Turner,eric03@example.org,1971-12-17,+441164960815,"05 Macdonald Track
Staceyport
WC4 3LN",Male,Hillcrest Medical Centres NHS Trust,White,United States,Dependent,Admin,Data Analyst,Critical Care & Anaesthesia,8A,33.49,2018-10-05,2018-11-16,20.0,0.53,NMC,Bank,Active,AE718748,2027-11-17,BM822922,2028-10-27,2027-05-21,2018-10-26
EMP1051-20260916_214726,Rachel,Evans,bradleyedwards@example.net,2003-11-25,0117 496 0562,"0 Hart Heights
Ianshire
M89 6EA",Male,Horizon Integrated Health Partnership NHS Trust,Black,Jamaica,ILR,AHP,Occupational Therapist,Critical Care & Anaesthesia,6,25.12,2025-08-26,2025-09-30,37.5,1.0,NMC,Permanent,Inactive,ES874986,2029-10-07,DG324906,2031-06-28,2027-03-08,2025-09-16
EMP1052-20260916_214726,Ruth,White,owatkins@example.org,1987-07-25,0114 4960668,"Flat 8
Johnston Fork
Jillstad
N3A 3QB",Male,Greenhaven Acute & Specialist Care NHS Trust,Asian,Thailand,Skilled Worker,Nursing,Nursery Nurse,Clinical Support Services,2,12.85,2025-01-17,2025-02-14,37.5,1.0,HCPC,Permanent,Active,FO408559,2031-07-02,MT501235,2028-12-07,2026-10-29,2025-02-07
EMP1053-20260916_214726,Stephen,Chapman,frostmaureen@example.net,1987-03-14,+44(0)1144960858,"974 Lindsey Hollow
Michaelchester
WF5R 9FH",Male,Greenhaven Acute & Specialist Care NHS Trust,Black,Ghana,Skilled Worker,Nursing,Nursery Nurse,Women & Children,2,13.29,2022-12-10,2023-01-14,20.0,0.53,NMC,Permanent,Active,TP685473,2029-04-27,VP082654,2029-07-07,2027-04-04,2022-12-31
EMP1054-20260916_214726,Ryan,Steele,mhughes@example.org,1983-02-13,+44(0)1632960516,"Studio 42
Hooper Orchard
Gerardberg
EX1 9NP",Male,Southgate Community & Mental Health NHS Trust,White,Canada,ILR,Nursing,Nursery Nurse,Corporate Services,2,13.98,2018-04-08,2018-05-13,37.5,1.0,None,Fixed Term,Active,PO869684,2029-08-17,OJ915775,2027-06-04,2027-01-11,2018-04-29
EMP1055-20260916_214726,Marilyn,Doyle,paulinehancock@example.org,1991-10-22,(0118) 496 0186,"242 Bryan Rapids
Leighshire
PH1 6HU",Male,Lakeside District Hospitals NHS Trust,Black,Barbados,ILR,Nursing,Healthcare Assistant,Emergency & Urgent Care,2,13.95,2023-03-05,2023-04-16,20.0,0.53,GMC,Permanent,Active,MF011288,2028-11-15,RI156437,2028-06-01,2027-03-06,2023-03-26
EMP1056-20260916_214726,Marc,Evans,thomas27@example.com,2002-08-07,(0151) 496 0572,"57 Parsons Flat
Pamelaburgh
E8W 1GD",Female,Northshire University Hospitals NHS Trust,White,New Zealand,Skilled Worker,AHP,Occupational Therapist,Corporate Services,6,22.98,2017-02-21,2017-03-28,18.75,0.5,GMC,Bank,Suspended,KA553880,2029-03-10,ZU747700,2028-09-23,2026-11-06,2017-03-14
EMP1057-20260916_214726,Alex,Campbell,pthompson@example.net,1969-06-30,0191 4960775,"Studio 95u
James Loop
New Luketon
DH34 7DS",Female,Riverbank General Hospitals NHS Trust,Mixed,South Africa,Dependent,AHP,Pharmacist,Critical Care & Anaesthesia,5,22.27,2016-09-17,2016-10-22,20.0,0.53,HCPC,Fixed Term,Inactive,EZ040248,2028-08-26,PZ830298,2030-09-11,2027-05-29,2016-10-08
EMP1058-20260916_214726,Megan,Whitehead,simon51@example.net,1964-05-25,+441314960682,"Flat 89P
Rogers Causeway
New Lesleyburgh
TN01 8QN",Female,Westborough Acute Care NHS Trust,Mixed,Thailand,Skilled Worker,Medical,SHO,Surgery & Cancer,SHO,28.33,2018-08-05,2018-09-02,30.0,0.8,None,Bank,Active,AV131449,2027-12-12,ZD260232,2028-07-20,2027-09-05,2018-08-26
EMP1059-20260916_214726,Mandy,Harding,denis25@example.org,2001-03-07,+4420 7496 0896,"Studio 66V
Jarvis Vista
South Wayne
G7A 3BU",Female,Valleyview Mental Wellness NHS Trust,White,United Kingdom,ILR,Nursing,Nursery Nurse,Women & Children,2,14.02,2025-08-18,2025-09-22,30.0,0.8,GMC,Bank,On Leave,XV151730,2031-02-26,AP151498,2031-04-08,2026-10-31,2025-09-08
EMP1060-20260916_214726,Lauren,Smith,holly31@example.org,1985-10-19,+44131 4960159,"6 Linda Key
West Kyleshire
E7 1FP",Male,Southgate Community & Mental Health NHS Trust,Mixed,Canada,Skilled Worker,Admin,Receptionist,Corporate Services,3,15.67,2018-06-10,2018-07-15,37.5,1.0,None,Bank,On Leave,NI358848,2028-03-23,QF722081,2027-09-05,2027-07-18,2018-07-01
EMP1061-20260916_214726,Connor,Cartwright,rachaeljones@example.org,1961-04-08,+44(0)3069990752,"682 Joanne Burgs
Rossberg
G85 7EB",Female,Bluewater Community & Rehabilitation NHS Trust,White,United Kingdom,ILR,AHP,Radiographer,Women & Children,6,26.81,2025-08-14,2025-09-11,20.0,0.53,NMC,Permanent,Inactive,LW056212,2031-01-11,BJ304358,2029-06-18,2027-03-24,2025-09-04
EMP1062-20260916_214726,Jane,Smith,bmorris@example.org,1985-03-21,0113 496 0367,"563 Lydia Wall
New Annetteton
L3 9DZ",Male,Westmere Community Health NHS Trust,Asian,China,Skilled Worker,Admin,Medical Secretary,Medicine & Acute Care,4,18.09,2024-11-08,2024-12-13,20.0,0.53,HCPC,Bank,Suspended,NT539802,2029-11-15,AH547171,2029-03-03,2026-11-01,2024-11-29
EMP1063-20260916_214726,Frank,Grant,cheryl00@example.net,1986-12-27,+441614960862,"8 Shah Junction
Alanshire
S07 2HQ",Male,Valleyview Mental Wellness NHS Trust,White,United Kingdom,ILR,AHP,Physiologist,Corporate Services,6,25.41,2020-08-01,2020-09-05,18.75,0.5,None,Fixed Term,Suspended,AI210853,2028-02-05,ML475082,2031-04-21,2027-08-21,2020-08-22
EMP1064-20260916_214726,Amy,Brown,begumconnor@example.net,1968-08-22,+44292018894,"584 Suzanne Bridge
Port Sean
E28 5LP",Female,Southgate Community & Mental Health NHS Trust,Black,South Africa,Dependent,Nursing,Ward Manager,Critical Care & Anaesthesia,8A,34.09,2021-03-22,2021-04-19,20.0,0.53,None,Permanent,On Leave,MD362053,2031-08-03,UJ621791,2027-03-17,2026-09-26,2021-04-12
EMP1065-20260916_214726,Julie,Saunders,pedwards@example.org,1971-03-11,+44(0)1164960214,"Studio 62
Jemma Spur
Bennettville
S80 5NU",Male,Southgate Community & Mental Health NHS Trust,Mixed,United Kingdom,Skilled Worker,Nursing,Staff Nurse,Clinical Support Services,5,22.88,2017-07-10,2017-08-07,37.5,1.0,NMC,Permanent,Inactive,EW401121,2030-07-10,MN656632,2030-11-15,2026-11-27,2017-07-31
EMP1066-20260916_214726,Joanna,James,paige21@example.org,1973-05-12,(0121) 496 0452,"Flat 67
Jodie Mountains
Garychester
L5 7YL",Male,Broadfield Clinical Services NHS Trust,Mixed,Jamaica,British Citizen,Admin,Data Analyst,Medicine & Acute Care,8A,31.13,2017-06-04,2017-07-16,18.75,0.5,None,Fixed Term,Inactive,QF966392,2030-12-07,HE466690,2027-04-01,2027-04-10,2017-06-25
EMP1067-20260916_214726,Harry,Lowe,aligavin@example.org,1974-03-17,(0121)4960058,"1 Hart Views
Port Brett
DT05 8GA",Female,Midlands Central Hospitals NHS Trust,Black,South Africa,Skilled Worker,Nursing,Healthcare Assistant,Women & Children,2,14.29,2018-04-11,2018-05-23,37.5,1.0,None,Bank,Inactive,VC472216,2028-03-10,AM522216,2028-03-15,2026-12-02,2018-05-02
EMP1068-20260916_214726,Beverley,Dawson,charlotte75@example.org,1983-07-22,(0118) 4960530,"Studio 49
Smith Parkways
Oliviabury
HR9 7JH",Female,Meadowbrook Community Health NHS Trust,Black,Ghana,ILR,Nursing,Senior Staff Nurse,Critical Care & Anaesthesia,6,26.87,2017-07-18,2017-08-22,30.0,0.8,HCPC,Permanent,Inactive,PV282614,2031-08-16,CH607284,2028-09-26,2026-10-08,2017-08-08
EMP1069-20260916_214726,Philip,Ahmed,peter74@example.com,1990-12-30,+441134960627,"89 Maurice Creek
Conorborough
ME1W 3FT",Female,Broadfield Clinical Services NHS Trust,Black,Kenya,British Citizen,Medical,Consultant,Medicine & Acute Care,CONS,52.4,2024-10-21,2024-12-02,15.0,0.4,HCPC,Fixed Term,On Leave,TP893293,2030-10-15,VY803437,2028-02-01,2026-10-16,2024-11-11
EMP1070-20260916_214726,Scott,Griffiths,briansingh@example.net,1998-04-05,(020) 74960808,"008 Webb Harbors
Hughesbury
WC9A 2JB",Female,Horizon Integrated Health Partnership NHS Trust,Black,Kenya,Skilled Worker,AHP,Physiologist,Emergency & Urgent Care,6,24.28,2022-03-19,2022-04-23,20.0,0.53,HCPC,Permanent,On Leave,OF743674,2028-11-17,ZC464600,2030-04-18,2027-02-19,2022-04-09
EMP1071-20260916_214726,Charlie,Lawson,oliver40@example.net,1986-07-12,01414960709,"Flat 25
Simpson Extension
Lawrenceview
SO36 2WU",Female,Southvale Hospitals NHS Trust,Black,Trinidad and Tobago,British Citizen,AHP,Physiotherapist,Corporate Services,6,27.05,2023-11-29,2024-01-03,15.0,0.4,GMC,Permanent,On Leave,YL646981,2031-01-16,KT899644,2030-12-31,2027-01-13,2023-12-20
EMP1072-20260916_214726,Phillip,Burns,tmitchell@example.net,1967-06-30,+441184960871,"Flat 2
Bennett Plain
South Suzannestad
W2 3ZL",Female,Bluewater Community & Rehabilitation NHS Trust,Asian,Japan,Skilled Worker,AHP,Radiographer,Corporate Services,6,25.36,2019-07-27,2019-08-31,15.0,0.4,NMC,Fixed Term,On Leave,BE289286,2030-03-03,YZ996230,2027-05-03,2027-05-07,2019-08-17
EMP1073-20260916_214726,Karen,Stevens,emma29@example.org,1984-11-24,(0808) 1570077,"Flat 76U
Wells Squares
Barnetttown
S1U 5TS",Male,Oakridge Community Services NHS Trust,White,Canada,Dependent,AHP,Radiographer,Surgery & Cancer,6,22.77,2020-05-19,2020-06-16,30.0,0.8,GMC,Permanent,On Leave,HK258187,2031-06-18,RG973941,2028-02-09,2027-04-29,2020-06-09
EMP1074-20260916_214726,Georgina,Turner,hsmith@example.net,2003-09-16,(01632) 960266,"2 Clarke Bypass
Francescaside
WS60 9SY",Male,Horizon Integrated Health Partnership NHS Trust,Mixed,Canada,Dependent,Nursing,Nursery Nurse,Clinical Support Services,2,12.82,2021-06-18,2021-07-30,37.5,1.0,NMC,Bank,Active,KA827467,2028-11-30,GR252763,2029-10-22,2026-09-28,2021-07-09
EMP1075-20260916_214726,Jessica,Austin,clare82@example.net,1969-07-25,+44115 496 0938,"83 Heather Trail
South Carl
E20 7DY",Female,Eastmoor Teaching Hospitals NHS Trust,Mixed,South Africa,British Citizen,Nursing,Ward Manager,Medicine & Acute Care,8A,35.4,2021-09-08,2021-10-13,37.5,1.0,GMC,Bank,Suspended,IN027127,2028-04-18,BD097705,2028-03-11,2026-10-18,2021-09-29
EMP1076-20260916_214726,Lesley,Barton,melissasimpson@example.org,1969-01-02,+4420 74960305,"36 Geoffrey Camp
Wyattburgh
L0F 0NU",Female,Oakridge Community Services NHS Trust,Mixed,Australia,Dependent,AHP,Occupational Therapist,Emergency & Urgent Care,6,27.85,2022-09-28,2022-11-09,15.0,0.4,HCPC,Bank,Active,BK067827,2030-03-08,MG551014,2030-09-20,2026-10-26,2022-10-19
EMP1077-20260916_214726,Thomas,Lewis,jholland@example.org,1971-01-17,01154960509,"33 Ashleigh Prairie
Fergusonburgh
B1 6SJ",Male,Northwood Mental Health NHS Trust,Black,Ghana,Dependent,AHP,Physiologist,Emergency & Urgent Care,6,24.36,2024-04-28,2024-06-09,15.0,0.4,GMC,Bank,On Leave,SY039779,2027-07-24,KT920354,2030-08-27,2026-12-22,2024-05-19
EMP1078-20260916_214726,Rosie,Davies,elliottdonald@example.net,1993-07-19,+44(0)29 2018 0737,"4 Taylor Keys
South Danielle
S8K 2ZP",Female,Meadowbrook Community Health NHS Trust,Mixed,Canada,Skilled Worker,Medical,GP,Critical Care & Anaesthesia,GP,57.91,2020-08-29,2020-10-03,30.0,0.8,HCPC,Fixed Term,Suspended,KN014092,2028-04-14,FN300364,2028-10-01,2027-04-28,2020-09-19
EMP1079-20260916_214726,Andrew,May,butlerstephanie@example.org,1982-01-01,+44(0)114 496 0003,"Flat 2
Stevens Circles
South Mitchell
KA22 9UH",Female,Valleyview Mental Wellness NHS Trust,Mixed,Thailand,Skilled Worker,Admin,Receptionist,Clinical Support Services,3,14.74,2024-03-09,2024-04-06,30.0,0.8,NMC,Permanent,Inactive,JK778173,2029-04-03,WM169107,2031-08-15,2027-02-12,2024-03-30
EMP1080-20260916_214726,Ruth,Parsons,bturner@example.org,1982-01-23,+44(0)113 496 0322,"1 Jones Glens
Port Allanborough
EH33 5HE",Female,Midlands Central Hospitals NHS Trust,Asian,India,Skilled Worker,Nursing,Charge Nurse,Medicine & Acute Care,7,29.26,2024-03-09,2024-04-06,30.0,0.8,HCPC,Fixed Term,Active,SG317036,2029-03-05,DZ009051,2030-07-19,2026-12-03,2024-03-30
EMP1081-20260916_214726,Tina,Cooper,megan08@example.org,1987-12-04,+44(0)117 4960255,"902 Marie Cliff
Hussaintown
W2W 9LE",Male,Westmere Community Health NHS Trust,Mixed,Australia,Skilled Worker,Nursing,Healthcare Assistant,Critical Care & Anaesthesia,2,14.05,2019-12-19,2020-01-23,20.0,0.53,NMC,Permanent,On Leave,FV809473,2030-02-03,HH299075,2029-05-25,2027-03-11,2020-01-09
EMP1082-20260916_214726,Jonathan,Dobson,alexbrown@example.com,1962-12-12,0151 496 0153,"Flat 99
Shirley Plain
New Marion
SA47 2JX",Male,Eastmoor Teaching Hospitals NHS Trust,Mixed,Canada,British Citizen,AHP,Occupational Therapist,Clinical Support Services,6,25.8,2020-05-20,2020-06-17,37.5,1.0,None,Fixed Term,Inactive,ZE663463,2029-12-30,KF420452,2026-10-26,2027-03-10,2020-06-10
EMP1083-20260916_214726,Yvonne,Roberts,marian22@example.net,1980-08-20,01514960972,"03 Diane Via
South Deanland
NR36 8JJ",Male,Lakeside District Hospitals NHS Trust,White,United States,Skilled Worker,Nursing,Senior Staff Nurse,Medicine & Acute Care,6,26.05,2023-01-17,2023-02-21,30.0,0.8,NMC,Bank,Suspended,EQ811224,2028-11-22,JN845589,2027-10-05,2026-10-14,2023-02-07
EMP1084-20260916_214726,Chloe,Wilson,hmarshall@example.net,1989-06-19,+44(0)20 74960820,"Studio 09g
Patel Port
Joycestad
E4 5DX",Male,Meadowbrook Community Health NHS Trust,Mixed,Barbados,British Citizen,Nursing,Nursery Nurse,Surgery & Cancer,2,13.02,2016-11-23,2017-01-04,37.5,1.0,GMC,Fixed Term,Inactive,KY558365,2027-03-13,HT631347,2029-03-19,2027-01-28,2016-12-14
EMP1085-20260916_214726,Sheila,Smith,tmetcalfe@example.net,1970-09-12,+44909 8790137,"Flat 9
Debra Station
McDonaldton
N9K 1JG",Female,Southvale Hospitals NHS Trust,Mixed,India,Dependent,Medical,GP,Clinical Support Services,GP,49.05,2017-09-06,2017-10-18,30.0,0.8,NMC,Fixed Term,Active,IT364195,2030-01-22,YN131275,2030-03-07,2027-08-12,2017-09-27
EMP1086-20260916_214726,George,Hussain,ktownsend@example.org,1969-07-30,+44(0)131 496 0491,"9 Ronald Expressway
Janetport
B6 1BH",Female,Eastmoor Teaching Hospitals NHS Trust,White,New Zealand,ILR,Nursing,Staff Nurse,Critical Care & Anaesthesia,5,22.23,2023-05-29,2023-07-10,30.0,0.8,HCPC,Permanent,Active,GP350457,2031-02-10,CN611935,2029-01-28,2027-05-27,2023-06-19
EMP1087-20260916_214726,Terry,Wright,nwebb@example.net,1982-01-19,+44(0)28 9018 0026,"050 Gerard Port
Adamsville
M7C 4ZZ",Male,Hillcrest Medical Centres NHS Trust,Black,Jamaica,Skilled Worker,AHP,Speech Therapist,Emergency & Urgent Care,6,25.22,2017-02-06,2017-03-06,30.0,0.8,None,Permanent,Inactive,DD626771,2030-06-09,AC493482,2030-02-08,2027-06-18,2017-02-27
EMP1088-20260916_214726,George,Little,julia04@example.org,1962-07-17,+44(0)161 496 0644,"Flat 0
Marion Hollow
Dennisshire
N95 7ET",Male,Riverbank General Hospitals NHS Trust,Black,Kenya,British Citizen,Nursing,Healthcare Assistant,Emergency & Urgent Care,2,13.46,2023-01-10,2023-02-07,15.0,0.4,None,Permanent,Active,YI915300,2027-04-15,DD422191,2028-03-11,2027-04-21,2023-01-31
EMP1089-20260916_214726,Christopher,Kennedy,roweroger@example.org,1996-10-10,0909 879 0876,"Studio 62K
Johnson Flat
Richardsonbury
L43 0DU",Female,Lakeside District Hospitals NHS Trust,White,United Kingdom,British Citizen,AHP,Speech Therapist,Surgery & Cancer,6,26.99,2020-01-11,2020-02-08,18.75,0.5,NMC,Permanent,Suspended,KE040190,2030-09-30,KU943674,2027-07-29,2027-02-20,2020-02-01
EMP1090-20260916_214726,John,Chandler,marshallryan@example.org,1984-02-02,(0118) 4960653,"Studio 73
Holmes Stravenue
Hancockstad
PR6V 6LB",Female,Bluewater Community & Rehabilitation NHS Trust,Mixed,Barbados,ILR,AHP,Radiographer,Women & Children,6,25.33,2022-05-13,2022-06-24,37.5,1.0,NMC,Bank,Inactive,IW815668,2028-01-21,QX873119,2029-05-25,2026-12-15,2022-06-03
EMP1091-20260916_214726,Ryan,Pritchard,lauralawrence@example.com,1978-07-21,+44(0)20 74960842,"5 Kelly Way
Cameronmouth
CV99 0QE",Male,Oakridge Community Services NHS Trust,Asian,China,Dependent,AHP,Speech Therapist,Corporate Services,6,24.46,2017-03-23,2017-04-20,18.75,0.5,GMC,Permanent,Inactive,IZ450063,2028-02-29,SY463457,2030-08-26,2026-12-16,2017-04-13
EMP1092-20260916_214726,Kerry,Mitchell,lwalker@example.org,1978-09-14,01144960239,"33 Lewis Dam
South Mohammadville
WC40 8SD",Female,Westmere Community Health NHS Trust,Mixed,China,Dependent,Nursing,Senior Staff Nurse,Emergency & Urgent Care,6,27.98,2021-12-26,2022-02-06,15.0,0.4,HCPC,Fixed Term,Inactive,JI083383,2028-01-14,TL872110,2029-12-17,2026-12-31,2022-01-16
EMP1093-20260916_214726,Glen,Smith,gailsmith@example.org,2001-11-22,+44(0)113 4960806,"Studio 68B
Nigel Unions
Lake Charlene
G4 5LR",Female,Meadowbrook Community Health NHS Trust,Mixed,Thailand,Dependent,Admin,Administrator,Medicine & Acute Care,3,15.03,2024-05-25,2024-06-22,18.75,0.5,HCPC,Fixed Term,On Leave,YE663186,2026-09-20,HN031227,2028-10-03,2027-03-06,2024-06-15
EMP1094-20260916_214726,Norman,West,lmahmood@example.com,2008-06-21,(020) 74960765,"39 Donna Fort
North Declanton
W0K 1ST",Female,Riverside Integrated Care NHS Trust,Mixed,Australia,ILR,Admin,Medical Secretary,Clinical Support Services,4,15.61,2019-03-22,2019-04-19,15.0,0.4,GMC,Permanent,Suspended,CE285000,2029-02-19,VY663455,2029-07-08,2027-09-13,2019-04-12
EMP1095-20260916_214726,Ricky,Jarvis,guy04@example.com,1983-12-10,(0191) 496 0243,"Studio 42
Ryan Greens
Seanchester
HU8 7RB",Male,Southvale Hospitals NHS Trust,Mixed,China,British Citizen,Admin,Medical Secretary,Clinical Support Services,4,16.46,2018-03-02,2018-03-30,15.0,0.4,HCPC,Bank,Active,JX462812,2027-10-11,TJ133101,2031-01-13,2027-02-03,2018-03-23
EMP1096-20260916_214726,Barbara,Long,dominicevans@example.com,1997-08-25,0116 4960190,"211 Louis Run
Wilsonborough
W2 3JZ",Female,Horizon Integrated Health Partnership NHS Trust,Mixed,South Africa,ILR,Medical,GP,Women & Children,GP,52.73,2024-08-26,2024-09-30,30.0,0.8,GMC,Bank,Suspended,YG972912,2029-03-21,AW314434,2027-07-09,2026-09-25,2024-09-16
EMP1097-20260916_214726,Martin,Jones,graham66@example.net,1981-02-04,+44131 496 0897,"76 Russell Spurs
Shannonton
W0 3NX",Female,Northwood Mental Health NHS Trust,Mixed,Thailand,British Citizen,Medical,FY1/FY2,Critical Care & Anaesthesia,FY1,20.64,2020-11-20,2020-12-25,20.0,0.53,HCPC,Bank,On Leave,EG530018,2029-07-16,PJ973026,2030-06-13,2027-07-18,2020-12-11
EMP1098-20260916_214726,Lee,French,buckleyhugh@example.com,1986-12-17,+44(0)1184960514,"6 Kenneth Street
Glenstad
B2E 5HN",Male,Hillcrest Medical Centres NHS Trust,Mixed,Jamaica,British Citizen,Admin,Medical Secretary,Clinical Support Services,4,18.88,2017-04-20,2017-05-18,20.0,0.53,HCPC,Bank,Active,YP914872,2031-06-13,OV995965,2031-03-21,2027-01-15,2017-05-11
EMP1099-20260916_214726,Craig,Collins,martynmiller@example.org,2002-12-06,(0118)4960174,"590 Turner Rest
South Janet
HG53 2UG",Male,Riverside Integrated Care NHS Trust,White,United States,ILR,Medical,SHO,Clinical Support Services,SHO,26.74,2018-04-16,2018-05-14,20.0,0.53,None,Permanent,Active,PJ672984,2028-06-15,OT376481,2030-12-17,2027-03-24,2018-05-07
EMP1100-20260916_214726,Lewis,Fisher,louiseharrison@example.org,1997-06-01,01314960248,"Studio 07
Yvonne Green
Sheilashire
W3C 8FG",Female,Northshire University Hospitals NHS Trust,Black,Ghana,ILR,Nursing,Healthcare Assistant,Clinical Support Services,2,14.28,2020-02-24,2020-04-06,20.0,0.53,GMC,Permanent,On Leave,FB427301,2027-07-12,LY658994,2027-09-28,2026-11-27,2020-03-16
EMP1101-20260916_214726,Marion,Cox,katherine77@example.com,1969-09-18,(0151)4960101,"Studio 95
Davies Vista
West Bethanchester
DN3R 2AU",Female,Southgate Community & Mental Health NHS Trust,Mixed,Kenya,ILR,Nursing,Ward Manager,Medicine & Acute Care,8A,30.7,2019-03-31,2019-05-12,30.0,0.8,NMC,Permanent,Active,DN966974,2030-04-28,YX660989,2027-11-28,2026-11-24,2019-04-21
EMP1102-20260916_214726,Caroline,Cooke,taylorcarol@example.com,1995-10-22,+44(0)306 999 0428,"91 Khan Squares
Lake Joanna
EC21 0ZS",Male,Horizon Integrated Health Partnership NHS Trust,Mixed,Canada,Skilled Worker,Admin,Receptionist,Clinical Support Services,3,14.9,2019-06-17,2019-07-15,15.0,0.4,None,Fixed Term,Active,ZI610021,2031-07-29,YV796913,2031-03-07,2027-01-28,2019-07-08
EMP1103-20260916_214726,Joyce,Hall,ellie86@example.net,1963-03-13,+44116 4960176,"Studio 3
Duncan Isle
Catherinebury
DL29 5PL",Male,Eastfield Psychological Services NHS Trust,Black,Ghana,Skilled Worker,AHP,Occupational Therapist,Emergency & Urgent Care,6,23.5,2020-06-19,2020-07-31,15.0,0.4,HCPC,Fixed Term,On Leave,NA436354,2030-07-03,ZW141214,2028-05-03,2027-09-09,2020-07-10
EMP1104-20260916_214726,Jordan,Smith,anthonywilkinson@example.org,1961-10-06,0118 4960435,"1 Marian Oval
Johnsonstad
GU73 5ZH",Female,Eastfield Psychological Services NHS Trust,Asian,China,Skilled Worker,Medical,SHO,Emergency & Urgent Care,SHO,27.78,2018-08-02,2018-09-13,18.75,0.5,HCPC,Fixed Term,Inactive,IS524218,2028-05-09,PJ559679,2028-12-11,2026-12-04,2018-08-23
EMP1105-20260916_214726,Lydia,Green,annacarter@example.com,1985-10-12,+44114 4960457,"3 Natalie Rapid
New Janiceshire
G2W 8BX",Male,Broadfield Clinical Services NHS Trust,White,Canada,Skilled Worker,Nursing,Ward Manager,Critical Care & Anaesthesia,8A,35.26,2025-02-20,2025-03-27,15.0,0.4,HCPC,Permanent,Suspended,TO617111,2029-04-24,CX889096,2030-06-24,2027-04-07,2025-03-13
EMP1106-20260916_214726,Jordan,Reeves,alexanderking@example.net,1983-05-27,+44(0)909 879 0893,"821 Lesley Valleys
New Hayleyshire
L97 9NT",Male,Meadowbrook Community Health NHS Trust,White,Canada,Skilled Worker,Admin,Receptionist,Emergency & Urgent Care,3,15.16,2020-08-21,2020-09-18,37.5,1.0,HCPC,Permanent,Suspended,KN608909,2029-02-04,QG356888,2027-09-09,2027-05-06,2020-09-11
EMP1107-20260916_214726,Rosemary,Hayes,hawkinssuzanne@example.com,1972-11-01,+44121 496 0997,"Flat 16
Lewis Radial
Morganstad
W3D 9ZH",Male,Westmere Community Health NHS Trust,Asian,India,Dependent,AHP,Speech Therapist,Critical Care & Anaesthesia,6,26.18,2019-12-16,2020-01-13,18.75,0.5,GMC,Fixed Term,On Leave,YY925751,2028-02-09,VE041126,2029-11-03,2027-04-23,2020-01-06
EMP1108-20260916_214726,Paul,Nash,brendajones@example.org,2004-09-27,+44121 496 0958,"Flat 5
Harding Mill
Longland
N64 9DB",Male,Riverside Integrated Care NHS Trust,Asian,India,ILR,AHP,Occupational Therapist,Critical Care & Anaesthesia,6,27.8,2022-11-19,2022-12-17,20.0,0.53,HCPC,Permanent,Active,MT771715,2027-06-23,PO496129,2028-03-23,2027-01-01,2022-12-10
EMP1109-20260916_214726,Clive,Pritchard,zjackson@example.org,1975-10-07,01314960960,"Studio 1
Moss Neck
Brooksstad
L28 5NX",Female,Southvale Hospitals NHS Trust,Mixed,Australia,British Citizen,Nursing,Ward Manager,Corporate Services,8A,35.89,2021-06-19,2021-07-24,37.5,1.0,HCPC,Bank,On Leave,QM878529,2029-03-21,DJ373297,2029-01-14,2026-11-30,2021-07-10
EMP1110-20260916_214726,Sheila,Marshall,dwoodward@example.net,1969-08-15,+44161 4960698,"9 Parker Key
New Donaldhaven
E0 7GG",Female,Southgate Community & Mental Health NHS Trust,Asian,China,ILR,Medical,Registrar,Critical Care & Anaesthesia,SPR,36.35,2018-09-02,2018-09-30,30.0,0.8,GMC,Bank,Suspended,IL301413,2031-03-14,CL230271,2028-05-22,2026-09-27,2018-09-23
EMP1111-20260916_214726,Louise,Carr,sandra85@example.org,1991-06-15,+44306 9990223,"Studio 4
Christopher Shore
Port Lewis
G6 4FG",Female,Eastfield Psychological Services NHS Trust,Asian,India,Dependent,AHP,Radiographer,Emergency & Urgent Care,6,22.78,2026-03-29,2026-05-03,20.0,0.53,NMC,Bank,Inactive,JT834443,2027-10-29,OT194776,2028-08-07,2026-12-06,2026-04-19
EMP1112-20260916_214726,Garry,Williams,claire11@example.com,1993-05-13,(020) 74960429,"1 Powell Spring
North Richardville
OX7Y 2ST",Male,Lakeside District Hospitals NHS Trust,Black,Jamaica,Skilled Worker,Nursing,Ward Manager,Emergency & Urgent Care,8A,28.66,2025-08-13,2025-09-10,37.5,1.0,GMC,Bank,Inactive,CR518608,2028-11-27,GJ046223,2029-02-05,2027-08-14,2025-09-03
EMP1113-20260916_214726,Bethany,Ahmed,scottblack@example.org,1990-04-23,+44(0)191 496 0314,"Studio 60g
Ronald Summit
McKenzieberg
S2U 8AQ",Female,Hillcrest Medical Centres NHS Trust,Asian,China,ILR,Admin,Data Analyst,Medicine & Acute Care,8A,35.24,2025-08-11,2025-09-15,37.5,1.0,HCPC,Fixed Term,Suspended,VJ741210,2031-07-31,IO714220,2030-01-22,2027-06-13,2025-09-01
EMP1114-20260916_214726,Irene,Smith,plane@example.net,1974-09-27,(0161) 496 0950,"14 Dominic Junctions
Shawmouth
N6 1NE",Male,Midlands Central Hospitals NHS Trust,Mixed,South Africa,British Citizen,AHP,Occupational Therapist,Critical Care & Anaesthesia,6,25.31,2020-03-07,2020-04-18,30.0,0.8,NMC,Fixed Term,On Leave,OI396166,2030-09-11,RP728849,2028-11-12,2026-11-04,2020-03-28
EMP1115-20260916_214726,Donna,Marsh,samantha78@example.com,2007-10-03,(0113)4960296,"Flat 35n
Power Coves
Allenview
DT88 9LT",Female,Westborough Acute Care NHS Trust,White,New Zealand,British Citizen,AHP,Occupational Therapist,Clinical Support Services,6,27.87,2022-06-07,2022-07-19,18.75,0.5,HCPC,Fixed Term,On Leave,AW049165,2031-04-01,PG255550,2031-04-19,2026-10-04,2022-06-28
EMP1116-20260916_214726,Ian,Mason,cameron59@example.org,1967-08-21,(028) 9018182,"Studio 3
Saunders Center
Hughborough
M9 4QL",Male,Hillcrest Medical Centres NHS Trust,White,United States,Dependent,Medical,SHO,Critical Care & Anaesthesia,SHO,26.98,2019-08-06,2019-09-10,20.0,0.53,HCPC,Fixed Term,Active,XB593298,2028-09-28,GZ039428,2029-10-03,2027-06-19,2019-08-27
EMP1117-20260916_214726,Eileen,Jackson,jacob02@example.net,1963-05-05,01314960987,"Studio 49B
Stanley Mill
Sheilamouth
EX2Y 3GJ",Male,Riverside Integrated Care NHS Trust,Mixed,Japan,British Citizen,Admin,Data Analyst,Critical Care & Anaesthesia,8A,35.59,2023-05-15,2023-06-19,30.0,0.8,NMC,Permanent,Suspended,FB493243,2028-02-14,SZ922177,2028-01-29,2027-01-31,2023-06-05
EMP1118-20260916_214726,Sheila,Doherty,callum30@example.com,1969-06-18,(0113) 4960401,"446 Mohammad Union
Martinfort
WD28 2BG",Female,Broadfield Clinical Services NHS Trust,Mixed,Australia,Dependent,Medical,Registrar,Critical Care & Anaesthesia,SPR,38.15,2020-03-11,2020-04-08,20.0,0.53,HCPC,Bank,Suspended,GB097611,2027-07-11,UQ066493,2030-10-05,2026-11-25,2020-04-01
EMP1119-20260916_214726,Howard,Richards,shaun42@example.org,1971-02-04,0116 496 0451,"Flat 85
Nicholls Parkways
Geraldtown
E44 6PD",Male,Horizon Integrated Health Partnership NHS Trust,Mixed,New Zealand,Dependent,Nursing,Staff Nurse,Critical Care & Anaesthesia,5,21.64,2022-08-28,2022-10-02,18.75,0.5,HCPC,Bank,Active,YM832122,2030-01-24,GR035388,2028-08-29,2027-08-28,2022-09-18
EMP1120-20260916_214726,Charlene,Stevens,elliecooper@example.org,1989-12-31,0151 4960682,"926 McLean Ranch
Lake Sandra
L3T 1RL",Female,Northshire University Hospitals NHS Trust,Asian,Thailand,British Citizen,AHP,Physiotherapist,Clinical Support Services,6,26.22,2024-07-28,2024-09-01,18.75,0.5,NMC,Fixed Term,Inactive,HB999009,2027-04-27,UV638017,2029-09-02,2027-09-15,2024-08-18
EMP1121-20260916_214726,Valerie,Wood,iedwards@example.net,1991-03-26,(0161) 496 0206,"93 Brady Forest
Hilarychester
B7U 2EZ",Male,Westborough Acute Care NHS Trust,Black,Kenya,British Citizen,AHP,Speech Therapist,Emergency & Urgent Care,6,23.95,2022-11-20,2022-12-25,18.75,0.5,NMC,Permanent,Inactive,QI604958,2026-11-22,RX663190,2028-08-08,2027-05-09,2022-12-11
EMP1122-20260916_214726,Lisa,Smith,harveyrhys@example.net,2006-03-26,01632960353,"1 Robertson Mountains
East Ellie
WN3 1FB",Female,Greenhaven Acute & Specialist Care NHS Trust,White,Canada,Skilled Worker,Admin,Data Analyst,Medicine & Acute Care,8A,32.83,2022-06-03,2022-07-01,37.5,1.0,GMC,Bank,Inactive,ZO420298,2027-04-16,FG570379,2029-05-24,2027-08-29,2022-06-24
EMP1123-20260916_214726,Terry,Taylor,thomas28@example.net,1982-06-28,+44115 496 0659,"Flat 10
Rhys Keys
Benjaminport
B0 1RE",Female,Eastfield Psychological Services NHS Trust,Mixed,Nigeria,British Citizen,Admin,Administrator,Critical Care & Anaesthesia,3,14.21,2023-02-22,2023-04-05,30.0,0.8,NMC,Permanent,Inactive,TU885087,2031-04-04,SG622030,2028-08-28,2026-12-31,2023-03-15
EMP1124-20260916_214726,Rita,O'Brien,bennettnicola@example.org,1978-09-16,+44(0)1214960063,"Flat 65
Hyde Mountain
West Simon
EH20 3TQ",Male,Meadowbrook Community Health NHS Trust,Black,South Africa,British Citizen,Nursing,Ward Manager,Critical Care & Anaesthesia,8A,29.9,2018-06-29,2018-08-03,30.0,0.8,HCPC,Fixed Term,Inactive,LC281149,2028-08-30,FL045013,2029-07-08,2027-06-09,2018-07-20
EMP1125-20260916_214726,Francesca,Riley,byrnemargaret@example.com,1969-05-07,0131 4960711,"87 Adrian View
Sianland
CT14 2LP",Male,Greenhaven Acute & Specialist Care NHS Trust,Mixed,Nigeria,ILR,Medical,SHO,Women & Children,SHO,27.29,2020-08-15,2020-09-12,18.75,0.5,HCPC,Fixed Term,Inactive,JJ306190,2028-01-25,RU765363,2031-02-19,2027-09-11,2020-09-05
EMP1126-20260916_214726,Eleanor,Gilbert,stephenshaw@example.com,1992-01-19,+442074960727,"832 Georgia Mountains
Port Seanville
G5D 4PQ",Female,Northshire University Hospitals NHS Trust,White,United Kingdom,Dependent,Admin,Administrator,Critical Care & Anaesthesia,3,13.56,2017-12-06,2018-01-03,30.0,0.8,None,Bank,Active,AB401379,2029-01-21,QE213597,2027-11-04,2027-06-26,2017-12-27
EMP1127-20260916_214726,Damian,Singh,lukeevans@example.org,1999-04-20,+44(0)292018076,"Studio 81k
Gerald Junctions
Jeremyfurt
BD6 2WQ",Female,Northwood Mental Health NHS Trust,Black,Ghana,Skilled Worker,Nursing,Nursery Nurse,Surgery & Cancer,2,12.52,2020-05-27,2020-07-08,30.0,0.8,None,Fixed Term,Inactive,QG519439,2030-11-06,AE199259,2028-12-12,2027-07-15,2020-06-17
EMP1128-20260916_214726,Karl,Patel,bevankerry@example.net,1993-03-26,01314960329,"Flat 93a
Mason Plains
Paulaborough
GU1H 5PW",Male,Riverside Integrated Care NHS Trust,Asian,China,British Citizen,Admin,Medical Secretary,Surgery & Cancer,4,17.28,2023-06-04,2023-07-02,18.75,0.5,GMC,Bank,On Leave,BB025249,2030-03-04,LX953294,2028-05-18,2027-05-10,2023-06-25
EMP1129-20260916_214726,Matthew,Green,ikelly@example.com,1976-12-07,+441514960781,"Flat 22
Richard Stream
South Christopher
B4B 5ZU",Female,Southvale Hospitals NHS Trust,White,United Kingdom,Skilled Worker,Admin,Administrator,Corporate Services,3,14.34,2026-01-07,2026-02-04,15.0,0.4,NMC,Permanent,Active,JM477268,2031-07-19,NF505485,2030-12-02,2027-05-05,2026-01-28
EMP1130-20260916_214726,Marie,Pickering,jmurphy@example.com,1963-07-03,0191 498 0654,"2 Terence Ways
Port Lorraineburgh
S9 9SP",Female,Oakridge Community Services NHS Trust,White,Australia,ILR,Admin,Medical Secretary,Corporate Services,4,18.87,2017-10-11,2017-11-15,15.0,0.4,GMC,Fixed Term,Active,GP715057,2029-07-13,EW035766,2028-11-27,2027-06-10,2017-11-01
EMP1131-20260916_214726,Albert,Parsons,irussell@example.net,1990-04-10,(0131)4960146,"Flat 91
Josephine Wells
Judithchester
L5 7AE",Male,Valleyview Mental Wellness NHS Trust,Asian,India,British Citizen,Admin,Medical Secretary,Critical Care & Anaesthesia,4,17.51,2020-08-30,2020-10-04,15.0,0.4,None,Bank,Suspended,GO267820,2027-09-10,QQ405972,2031-04-03,2026-12-12,2020-09-20
EMP1132-20260916_214726,Guy,Wright,madams@example.com,1966-01-19,+441164960881,"475 Luke Turnpike
Brooksmouth
B32 8TS",Male,Bluewater Community & Rehabilitation NHS Trust,Asian,China,Dependent,Admin,Medical Secretary,Clinical Support Services,4,16.79,2024-05-01,2024-05-29,18.75,0.5,HCPC,Fixed Term,On Leave,YN928613,2027-09-23,LQ215588,2027-02-11,2027-02-12,2024-05-22
EMP1133-20260916_214726,Andrea,Marshall,jnelson@example.org,1995-06-01,+4420 7496 0361,"Flat 79y
Elliott Extensions
East Cheryl
M88 8AY",Male,Westborough Acute Care NHS Trust,White,New Zealand,Skilled Worker,Admin,Data Analyst,Emergency & Urgent Care,8A,35.53,2023-03-20,2023-04-17,20.0,0.53,GMC,Permanent,Inactive,BW911857,2029-07-07,PW699324,2028-11-15,2027-06-26,2023-04-10
EMP1134-20260916_214726,Naomi,Williams,scott53@example.com,1966-11-23,(0909) 879 0370,"7 Knowles Tunnel
New Douglas
E07 9FA",Female,Northwood Mental Health NHS Trust,Asian,Thailand,Skilled Worker,Medical,SHO,Women & Children,SHO,23.76,2017-03-31,2017-05-12,37.5,1.0,HCPC,Bank,Inactive,EQ698368,2027-07-21,RT402144,2030-11-22,2027-05-11,2017-04-21
EMP1135-20260916_214726,Peter,Shepherd,craigfrances@example.org,1969-04-28,0115 4960652,"Flat 3
Cameron Creek
South Lynn
B9 8WF",Male,Riverside Integrated Care NHS Trust,Black,Trinidad and Tobago,Skilled Worker,Admin,Medical Secretary,Surgery & Cancer,4,19.01,2026-06-16,2026-07-14,15.0,0.4,None,Fixed Term,Active,UV310309,2028-08-20,KH384494,2030-12-01,2026-12-11,2026-07-07
EMP1136-20260916_214726,Gareth,Martin,amelia04@example.com,1999-05-11,+44909 8790319,"36 Parker Mews
Abbietown
TF4 0QP",Male,Hillcrest Medical Centres NHS Trust,Black,Barbados,ILR,AHP,Physiologist,Critical Care & Anaesthesia,6,24.73,2019-06-20,2019-07-18,15.0,0.4,HCPC,Bank,Inactive,CF199595,2029-08-30,VV980412,2030-01-01,2027-01-10,2019-07-11
EMP1137-20260916_214726,Elizabeth,Mitchell,nigel84@example.org,2008-06-01,+44808 1570370,"Studio 25k
Davidson Highway
Bethville
FY0 3XR",Male,Midlands Central Hospitals NHS Trust,Mixed,Jamaica,British Citizen,Medical,Registrar,Clinical Support Services,SPR,40.85,2020-03-08,2020-04-19,18.75,0.5,HCPC,Bank,Active,DS929688,2027-03-25,HU108781,2028-10-23,2027-04-03,2020-03-29
EMP1138-20260916_214726,Arthur,Davies,russellparry@example.net,2001-10-24,+44(0)8081570537,"6 Dominic Junction
Jonesport
G22 8JB",Male,Southvale Hospitals NHS Trust,Black,Ghana,ILR,Admin,Administrator,Critical Care & Anaesthesia,3,13.62,2018-06-17,2018-07-22,30.0,0.8,GMC,Fixed Term,Inactive,YM253021,2029-07-29,AL982825,2029-11-15,2027-06-21,2018-07-08
EMP1139-20260916_214726,Joe,Davison,julian59@example.org,1962-02-06,+44(0)1632 960489,"Studio 2
Lee Mountain
East Traceytown
S9G 5PZ",Male,Northwood Mental Health NHS Trust,Black,Jamaica,Skilled Worker,Nursing,Nursery Nurse,Women & Children,2,13.14,2019-07-26,2019-08-23,30.0,0.8,HCPC,Permanent,Active,QC123780,2027-11-07,OF676805,2028-08-24,2027-04-20,2019-08-16
EMP1140-20260916_214726,Sheila,Robinson,smithglen@example.org,2007-07-27,+44113 496 0924,"4 Robson Ville
Hendersonmouth
N63 0LD",Male,Eastfield Psychological Services NHS Trust,Mixed,United States,British Citizen,Nursing,Charge Nurse,Clinical Support Services,7,32.58,2021-10-20,2021-12-01,20.0,0.53,NMC,Fixed Term,Active,FN212213,2026-10-13,PW240478,2028-12-01,2027-05-07,2021-11-10
EMP1141-20260916_214726,Deborah,Kelly,ohussain@example.net,1969-02-25,+44113 4960232,"Flat 97
Antony Trail
South Leanne
SM25 4ED",Female,Midlands Central Hospitals NHS Trust,Black,Trinidad and Tobago,Dependent,Admin,Medical Secretary,Critical Care & Anaesthesia,4,15.96,2023-11-08,2023-12-20,37.5,1.0,None,Bank,Suspended,WJ910402,2026-11-05,HI452261,2027-04-06,2026-11-20,2023-11-29
EMP1142-20260916_214726,Wendy,Dodd,jonesstewart@example.org,1980-01-26,01144960825,"455 Scott Spur
New Abbieville
W1 7AY",Male,Westmere Community Health NHS Trust,Asian,India,Skilled Worker,AHP,Physiologist,Emergency & Urgent Care,6,27.33,2017-06-25,2017-08-06,20.0,0.53,GMC,Fixed Term,Inactive,CA259005,2028-06-22,YV050535,2027-01-14,2027-04-15,2017-07-16
EMP1143-20260916_214726,Kieran,Summers,megan74@example.com,1980-07-30,+44(0)121 496 0946,"Flat 95e
Nathan Inlet
Hughesland
LA88 4WT",Male,Meadowbrook Community Health NHS Trust,Asian,China,British Citizen,Nursing,Ward Manager,Clinical Support Services,8A,33.64,2017-02-20,2017-04-03,30.0,0.8,NMC,Bank,Active,FD709887,2029-04-03,ZS391249,2028-09-22,2026-10-09,2017-03-13
EMP1144-20260916_214726,Mohammad,Rees,jennifersmith@example.com,1985-07-21,(0306)9990764,"444 Williams Plaza
North Leonard
G3 9NS",Male,Westmere Community Health NHS Trust,Asian,China,British Citizen,Medical,SHO,Emergency & Urgent Care,SHO,28.19,2023-06-19,2023-07-17,37.5,1.0,None,Permanent,Active,OB012507,2029-04-23,GL331769,2027-02-12,2027-04-14,2023-07-10
EMP1145-20260916_214726,Eric,Brookes,chelsea71@example.net,1994-09-24,+44121 4960059,"1 Joe Flat
Hobbsburgh
S82 5DY",Female,Greenhaven Acute & Specialist Care NHS Trust,White,New Zealand,Skilled Worker,AHP,Speech Therapist,Women & Children,6,22.67,2025-11-19,2025-12-17,37.5,1.0,NMC,Permanent,Inactive,UZ720587,2028-02-11,YS637942,2028-04-05,2027-03-01,2025-12-10
EMP1146-20260916_214726,Mary,Turner,iwright@example.net,1977-12-11,(0115) 4960467,"70 Olivia Corner
West Rebeccaberg
TQ9E 6YQ",Male,Northwood Mental Health NHS Trust,Black,Nigeria,British Citizen,Medical,Registrar,Women & Children,SPR,35.23,2024-02-03,2024-03-09,37.5,1.0,NMC,Permanent,Suspended,RD676644,2028-10-05,MJ763598,2030-06-25,2026-12-04,2024-02-24
EMP1147-20260916_214726,Rita,Cooper,bradshawmaria@example.org,1961-09-24,(0121) 496 0090,"Studio 29
Owens Run
East Bradleyside
S6K 3ZA",Male,Eastfield Psychological Services NHS Trust,Black,Kenya,ILR,AHP,Speech Therapist,Critical Care & Anaesthesia,6,27.99,2026-03-23,2026-05-04,20.0,0.53,NMC,Bank,Active,HH453911,2027-04-10,HE898762,2026-09-29,2026-10-13,2026-04-13
EMP1148-20260916_214726,Bethan,Morgan,thompsonlouise@example.org,1990-10-12,+44(0)191 4960737,"Studio 8
Ashley Isle
Louishaven
CB3 4RP",Male,Meadowbrook Community Health NHS Trust,Black,Barbados,Skilled Worker,Medical,Consultant,Critical Care & Anaesthesia,CONS,68.84,2018-01-04,2018-02-15,15.0,0.4,NMC,Bank,Active,SJ442980,2028-12-06,AK272639,2027-07-20,2027-04-26,2018-01-25
EMP1149-20260916_214726,Rachael,Adams,ibradley@example.com,2008-06-18,+44116 4960838,"Studio 14Q
Brown Harbor
Ianmouth
DY3 0XU",Female,Meadowbrook Community Health NHS Trust,Mixed,Jamaica,Dependent,Admin,Administrator,Clinical Support Services,3,13.73,2022-04-10,2022-05-15,20.0,0.53,HCPC,Bank,Active,JP709230,2030-08-21,PE733888,2031-01-15,2026-10-28,2022-05-01
EMP1150-20260916_214726,Maria,Williams,uhill@example.net,2000-10-04,+44(0)3069990003,"9 Williams Freeway
Port Elliot
OX04 1RJ",Male,Oakridge Community Services NHS Trust,Asian,China,ILR,Admin,Administrator,Medicine & Acute Care,3,15.33,2017-04-13,2017-05-18,18.75,0.5,NMC,Fixed Term,Suspended,FW253401,2028-02-08,JN498805,2028-08-17,2027-02-16,2017-05-04
EMP1151-20260916_214726,Terence,Johnson,johnsonjacqueline@example.net,1966-05-01,(0141) 4960866,"Studio 79o
Ruth Heights
Port Maureen
BS4 5BF",Female,Bluewater Community & Rehabilitation NHS Trust,Mixed,China,British Citizen,AHP,Radiographer,Medicine & Acute Care,6,27.52,2019-01-09,2019-02-06,37.5,1.0,NMC,Bank,Inactive,YS136874,2030-10-17,DU028220,2026-10-30,2026-10-05,2019-01-30
EMP1152-20260916_214726,Beth,Dodd,andrew86@example.org,1977-03-21,+44306 999 0851,"Studio 38f
Mahmood Squares
West Damian
L67 7UJ",Female,Riverside Integrated Care NHS Trust,Mixed,Barbados,British Citizen,Medical,Registrar,Women & Children,SPR,33.88,2024-08-02,2024-08-30,20.0,0.53,None,Permanent,On Leave,VA552081,2027-10-30,TE473149,2030-12-29,2027-02-21,2024-08-23
EMP1153-20260916_214726,Carol,Lewis,zwillis@example.com,2004-11-02,+44113 496 0438,"Flat 8
Andrew Springs
West Bernardville
DA77 0PB",Male,Northshire University Hospitals NHS Trust,Asian,Thailand,Skilled Worker,Nursing,Senior Staff Nurse,Critical Care & Anaesthesia,6,26.41,2019-11-03,2019-12-01,15.0,0.4,NMC,Bank,Inactive,SY126829,2027-05-14,WE975553,2027-11-16,2027-06-08,2019-11-24
EMP1154-20260916_214726,Jacob,Henry,hwilliams@example.org,1999-10-26,0116 4960425,"1 Alex Common
Debraburgh
G0 6HT",Female,Broadfield Clinical Services NHS Trust,Black,Kenya,Dependent,Medical,FY1/FY2,Women & Children,FY1,20.32,2020-11-20,2020-12-18,37.5,1.0,NMC,Fixed Term,On Leave,OJ721653,2029-05-22,HZ726910,2029-07-11,2027-01-14,2020-12-11
EMP1155-20260916_214726,Joanne,Johnson,ronaldwilliamson@example.net,1984-05-27,+441632 960278,"8 Nathan Islands
Colintown
G5K 3FE",Female,Southgate Community & Mental Health NHS Trust,Black,South Africa,British Citizen,Medical,FY1/FY2,Surgery & Cancer,FY1,21.49,2025-06-02,2025-07-07,20.0,0.53,HCPC,Fixed Term,On Leave,NO192289,2027-02-25,YJ401815,2028-05-05,2026-12-08,2025-06-23
EMP1156-20260916_214726,Joan,Roberts,walleleanor@example.org,1977-11-02,(0121) 496 0708,"0 Carey Dale
New Janiceshire
EN8H 3TU",Female,Eastfield Psychological Services NHS Trust,Mixed,Nigeria,Skilled Worker,Nursing,Ward Manager,Medicine & Acute Care,8A,28.55,2021-05-20,2021-06-24,18.75,0.5,GMC,Fixed Term,Active,AK389024,2028-03-01,FF235864,2030-03-10,2026-11-22,2021-06-10
EMP1157-20260916_214726,Samantha,Clark,geoffreyjarvis@example.net,1990-06-06,+44(0)116 496 0085,"356 Victoria Common
Vanessashire
BA0X 4HJ",Female,Northwood Mental Health NHS Trust,Asian,India,Skilled Worker,Admin,Medical Secretary,Medicine & Acute Care,4,16.66,2019-10-19,2019-11-16,37.5,1.0,HCPC,Permanent,Inactive,UW884974,2029-03-17,MC718072,2031-06-04,2026-12-23,2019-11-09
EMP1158-20260916_214726,Caroline,Pearce,abdulpope@example.com,1998-01-13,+441614960651,"Flat 9
Christian Grove
Royborough
IV0E 6HY",Female,Bluewater Community & Rehabilitation NHS Trust,Black,Jamaica,ILR,Admin,Data Analyst,Women & Children,8A,29.57,2017-09-28,2017-10-26,37.5,1.0,HCPC,Permanent,Inactive,PW014786,2030-01-27,OR740234,2027-10-04,2027-01-16,2017-10-19
EMP1159-20260916_214726,Melanie,Barker,yrichardson@example.net,1979-11-07,0306 999 0759,"Studio 02
Philip Key
North Peter
G8 2PQ",Male,Bluewater Community & Rehabilitation NHS Trust,Mixed,United Kingdom,Skilled Worker,AHP,Physiotherapist,Women & Children,6,24.99,2024-06-19,2024-07-24,15.0,0.4,GMC,Fixed Term,Inactive,RF772445,2026-11-14,PL823236,2030-03-28,2027-08-22,2024-07-10
EMP1160-20260916_214726,Abbie,Weston,croberts@example.com,1966-09-22,+44(0)118 4960379,"Flat 8
Paula Rue
West Christopher
W4D 1PP",Male,Greenhaven Acute & Specialist Care NHS Trust,Asian,Thailand,Skilled Worker,Nursing,Charge Nurse,Clinical Support Services,7,32.11,2026-09-07,2026-10-05,18.75,0.5,None,Bank,Suspended,GP735235,2028-03-09,AQ168361,2028-12-02,2027-06-25,2026-09-28
EMP1161-20260916_214726,Joyce,Thomas,charlie82@example.org,1983-10-01,0808 1570823,"Studio 72v
Thomas Haven
Port Terryborough
M5C 1SL",Female,Eastfield Psychological Services NHS Trust,White,Australia,ILR,Medical,Consultant,Women & Children,CONS,51.31,2018-04-01,2018-05-13,30.0,0.8,HCPC,Fixed Term,Active,MR431391,2029-09-12,NV098800,2029-07-21,2026-09-28,2018-04-22
EMP1162-20260916_214726,Elliott,Harper,brandon82@example.com,1969-06-22,+44(0)9098790786,"Flat 35d
Preston Haven
Hughesville
N70 9ND",Male,Hillcrest Medical Centres NHS Trust,Asian,Thailand,Dependent,Medical,GP,Critical Care & Anaesthesia,GP,52.22,2018-02-05,2018-03-12,30.0,0.8,HCPC,Fixed Term,Active,ZB550616,2028-10-22,PC389003,2027-02-11,2027-01-18,2018-02-26
EMP1163-20260916_214726,Pamela,Davies,gareth32@example.org,1965-11-24,+44(0)1134960474,"Flat 00m
Hartley Pines
Knightmouth
LE81 2HL",Female,Northwood Mental Health NHS Trust,Black,Trinidad and Tobago,ILR,Admin,Data Analyst,Women & Children,8A,32.82,2026-03-27,2026-05-08,30.0,0.8,GMC,Permanent,Inactive,MG483548,2027-04-24,ZC147431,2028-09-22,2026-10-06,2026-04-17
EMP1164-20260916_214726,Jack,Stevens,keithevans@example.com,1983-09-30,+44(0)121 4960446,"510 Joanne Expressway
Port Sam
L2 5PD",Female,Meadowbrook Community Health NHS Trust,Mixed,United Kingdom,British Citizen,Nursing,Senior Staff Nurse,Surgery & Cancer,6,23.55,2024-08-11,2024-09-15,18.75,0.5,None,Fixed Term,Active,LD349711,2028-11-11,DU974754,2028-09-08,2027-08-22,2024-09-01
EMP1165-20260916_214726,Jessica,Browne,tracystorey@example.com,1972-04-30,0113 496 0457,"59 Carolyn Summit
Grahamberg
HG8 0RQ",Female,Broadfield Clinical Services NHS Trust,White,Canada,Dependent,Admin,Administrator,Women & Children,3,14.94,2017-10-04,2017-11-08,30.0,0.8,GMC,Bank,On Leave,MS971054,2028-12-02,BI688915,2031-03-21,2026-11-06,2017-10-25
EMP1166-20260916_214726,Douglas,Reeves,sheila76@example.net,1996-04-18,(0121) 4960782,"Flat 73w
Roberts Plaza
Boothmouth
L16 4NH",Female,Riverbank General Hospitals NHS Trust,Asian,India,Dependent,AHP,Radiographer,Emergency & Urgent Care,6,24.74,2019-06-28,2019-08-09,20.0,0.53,NMC,Permanent,On Leave,RP071088,2026-12-16,HH905824,2026-11-13,2027-04-27,2019-07-19
EMP1167-20260916_214726,Amy,Austin,grahamsmith@example.com,2005-07-01,(0161) 496 0720,"Flat 58
Walker Parkways
East Clifford
B24 8EH",Female,Hillcrest Medical Centres NHS Trust,Asian,Thailand,Skilled Worker,Medical,Consultant,Corporate Services,CONS,58.33,2024-12-19,2025-01-30,37.5,1.0,None,Fixed Term,On Leave,UP872683,2029-02-14,IS787725,2028-01-26,2027-07-31,2025-01-09
EMP1168-20260916_214726,Helen,Chapman,nathan57@example.com,2003-07-31,(020)74960794,"94 Smith Pass
Port Louismouth
WR2 7SA",Male,Oakridge Community Services NHS Trust,Asian,India,British Citizen,AHP,Physiotherapist,Critical Care & Anaesthesia,6,24.52,2017-12-21,2018-01-25,18.75,0.5,None,Permanent,Active,ZD524957,2027-08-22,PI339671,2029-10-22,2027-03-02,2018-01-11
EMP1169-20260916_214726,Tony,Dean,harrisjordan@example.net,1990-07-10,(0117)4960195,"Flat 22
Sheila Courts
North Paul
W2J 5ZP",Male,Riverbank General Hospitals NHS Trust,Black,Trinidad and Tobago,British Citizen,Nursing,Charge Nurse,Medicine & Acute Care,7,29.28,2021-05-01,2021-05-29,15.0,0.4,None,Bank,On Leave,BT649387,2030-06-03,RS106625,2030-08-06,2027-04-27,2021-05-22
EMP1170-20260916_214726,Gary,O'Sullivan,sharrison@example.org,2000-02-08,01632 960 925,"0 Wilson Flat
East Christopherton
B8A 1WB",Male,Greenhaven Acute & Specialist Care NHS Trust,White,New Zealand,ILR,AHP,Physiotherapist,Clinical Support Services,6,23.35,2025-01-13,2025-02-17,30.0,0.8,NMC,Permanent,Suspended,IC918014,2026-10-27,HY263919,2030-06-27,2026-10-29,2025-02-03
EMP1171-20260916_214726,Amanda,Hodgson,griffithsalexander@example.com,1965-09-17,(020) 7496 0459,"13 Scott Highway
Griffithsmouth
BA4E 6GG",Female,Broadfield Clinical Services NHS Trust,Asian,India,Dependent,Nursing,Charge Nurse,Corporate Services,7,32.9,2025-07-21,2025-09-01,20.0,0.53,GMC,Permanent,On Leave,ZX434258,2028-06-24,AS674087,2026-12-16,2026-12-10,2025-08-11
EMP1172-20260916_214726,Mary,Walsh,brucemarilyn@example.com,1976-08-21,+44(0)131 496 0389,"Studio 69P
Roy Dam
South Joannetown
NP12 1WA",Male,Northshire University Hospitals NHS Trust,Asian,India,ILR,Admin,Medical Secretary,Clinical Support Services,4,16.46,2022-09-07,2022-10-19,20.0,0.53,NMC,Permanent,Suspended,PE088132,2027-10-06,TR117219,2031-07-23,2027-06-01,2022-09-28
EMP1173-20260916_214726,Suzanne,Foster,rbrookes@example.org,1989-07-15,+44(0)116 4960545,"Studio 2
Joel Mission
Alexandraberg
DY1 0TY",Female,Valleyview Mental Wellness NHS Trust,Black,Barbados,Dependent,AHP,Radiographer,Emergency & Urgent Care,6,27.11,2019-03-27,2019-05-01,30.0,0.8,HCPC,Fixed Term,On Leave,SJ737936,2029-11-12,WA908373,2029-03-12,2027-01-31,2019-04-17
EMP1174-20260916_214726,Aimee,Hayes,stephanie37@example.org,1965-06-11,02074960526,"99 Jason Islands
Newmanstad
PA9 2TE",Female,Lakeside District Hospitals NHS Trust,Black,Ghana,British Citizen,AHP,Physiotherapist,Surgery & Cancer,6,24.2,2022-10-16,2022-11-13,15.0,0.4,NMC,Permanent,Inactive,MS022301,2028-09-29,MV350482,2026-12-17,2027-05-08,2022-11-06
EMP1175-20260916_214726,Ashleigh,Byrne,thomastony@example.com,2007-08-25,+44(0)3069990064,"Studio 74c
Dennis Junctions
Nicolefurt
N9 7AZ",Male,Westborough Acute Care NHS Trust,Black,Ghana,ILR,Medical,SHO,Emergency & Urgent Care,SHO,26.3,2025-07-02,2025-08-13,30.0,0.8,NMC,Fixed Term,Active,ZX417275,2029-10-31,JN156194,2030-12-05,2027-08-14,2025-07-23
EMP1176-20260916_214726,Rebecca,Watson,mathew54@example.com,1998-10-26,+44(0)1134960124,"51 Lynne Mountains
Jacquelineland
KT90 8NW",Male,Midlands Central Hospitals NHS Trust,Asian,Thailand,Skilled Worker,Medical,Registrar,Surgery & Cancer,SPR,37.06,2021-06-04,2021-07-09,15.0,0.4,None,Permanent,On Leave,MY365488,2030-03-22,HI757320,2027-05-05,2027-03-14,2021-06-25
EMP1177-20260916_214726,Jasmine,Freeman,rlong@example.net,1976-09-28,+44151 496 0415,"Flat 9
Duncan Lakes
Emilyville
HA6 5JH",Female,Southvale Hospitals NHS Trust,White,Canada,British Citizen,Nursing,Staff Nurse,Women & Children,5,20.98,2025-09-17,2025-10-29,20.0,0.53,None,Bank,Inactive,XN129785,2027-06-13,IY450628,2031-01-02,2027-02-28,2025-10-08
EMP1178-20260916_214726,Damian,Kennedy,marshallteresa@example.com,2001-09-05,0292018742,"599 Parker Highway
Williamsberg
OL0 0FS",Male,Oakridge Community Services NHS Trust,Black,South Africa,British Citizen,Medical,GP,Critical Care & Anaesthesia,GP,47.65,2023-09-08,2023-10-06,37.5,1.0,NMC,Fixed Term,Suspended,RW101271,2026-12-01,HA885153,2026-11-26,2027-03-05,2023-09-29
EMP1179-20260916_214726,Abigail,Baker,ghall@example.net,1983-10-08,+4429 2018 0917,"820 Wallis Shore
Lake Alexandra
WC2A 5HX",Female,Bluewater Community & Rehabilitation NHS Trust,White,United States,Skilled Worker,Medical,Registrar,Clinical Support Services,SPR,38.11,2018-01-20,2018-03-03,20.0,0.53,None,Permanent,Inactive,YO711492,2027-05-09,QH919870,2030-10-26,2027-06-07,2018-02-10
EMP1180-20260916_214726,Marian,King,garnergregory@example.net,1991-10-15,+44(0)1632 960451,"6 Smith Heights
North Georgiafort
E9J 8ZE",Male,Northwood Mental Health NHS Trust,Mixed,Australia,Dependent,Medical,SHO,Critical Care & Anaesthesia,SHO,30.44,2022-08-28,2022-10-02,20.0,0.53,GMC,Fixed Term,On Leave,YH123184,2028-11-05,ES458797,2030-09-15,2027-07-07,2022-09-18
EMP1181-20260916_214726,Julie,Brown,francescataylor@example.com,1992-07-15,+44(0)118 4960281,"91 Lawrence Drives
Rileyfort
N8 6EL",Female,Valleyview Mental Wellness NHS Trust,White,United States,Dependent,Medical,FY1/FY2,Corporate Services,FY1,20.34,2023-10-28,2023-12-09,15.0,0.4,HCPC,Permanent,On Leave,PK743771,2028-08-18,SP442145,2029-04-26,2027-05-07,2023-11-18
EMP1182-20260916_214726,Clifford,Douglas,carolesinclair@example.com,1999-06-24,+44141 496 0539,"56 Katy Place
New Dorothyshire
SW8 2XS",Female,Lakeside District Hospitals NHS Trust,White,United States,British Citizen,Nursing,Healthcare Assistant,Critical Care & Anaesthesia,2,12.46,2021-09-23,2021-11-04,18.75,0.5,None,Bank,On Leave,EV637192,2030-01-11,DS387190,2027-06-25,2027-04-08,2021-10-14
EMP1183-20260916_214726,Abdul,Rose,berryrichard@example.org,1986-02-19,+44(0)292018853,"Flat 7
Robert Trail
South Hazel
CW64 9XA",Male,Northwood Mental Health NHS Trust,Asian,China,Skilled Worker,AHP,Occupational Therapist,Emergency & Urgent Care,6,26.58,2018-06-03,2018-07-08,37.5,1.0,GMC,Permanent,Inactive,JV857677,2029-06-12,BF044376,2028-06-26,2026-10-04,2018-06-24
EMP1184-20260916_214726,Leon,Johnson,millsbethan@example.org,1982-03-10,+441514960163,"535 Lewis Vista
West Gillian
E2 4FB",Female,Northshire University Hospitals NHS Trust,White,New Zealand,Dependent,Nursing,Charge Nurse,Critical Care & Anaesthesia,7,26.84,2020-08-18,2020-09-15,30.0,0.8,GMC,Fixed Term,Active,YY662077,2028-07-19,SI410771,2027-01-29,2026-10-17,2020-09-08
EMP1185-20260916_214726,Charlotte,Foster,aquinn@example.com,1986-11-04,01134960321,"Flat 25
Kate Field
Goodwinville
W73 8LU",Male,Hillcrest Medical Centres NHS Trust,White,United Kingdom,British Citizen,Nursing,Nursery Nurse,Corporate Services,2,13.94,2022-12-07,2023-01-04,37.5,1.0,GMC,Fixed Term,Inactive,OI237292,2028-12-04,WA707596,2030-11-23,2027-02-10,2022-12-28
EMP1186-20260916_214726,Thomas,Little,stephensglen@example.org,1994-12-18,+44(0)8081570337,"0 Porter Mountain
Lake Colin
FY1 0PE",Male,Hillcrest Medical Centres NHS Trust,Mixed,Jamaica,British Citizen,AHP,Occupational Therapist,Corporate Services,6,26.16,2023-03-30,2023-05-11,15.0,0.4,GMC,Permanent,Inactive,GK178684,2027-05-12,IZ450184,2030-10-04,2027-01-15,2023-04-20
EMP1187-20260916_214726,Marcus,Thomas,qriley@example.com,1991-01-09,(0113) 496 0020,"404 Evans Course
North Olivia
TW5 1BU",Female,Midlands Central Hospitals NHS Trust,Mixed,Nigeria,British Citizen,Admin,Administrator,Corporate Services,3,15.46,2024-09-12,2024-10-24,15.0,0.4,None,Bank,Suspended,GT911805,2029-07-29,ED386166,2029-08-26,2027-05-14,2024-10-03
EMP1188-20260916_214726,Connor,Burrows,june14@example.org,1964-02-08,+4420 7496 0258,"Studio 40D
Lynne Branch
North Colin
E47 7JA",Male,Horizon Integrated Health Partnership NHS Trust,Black,South Africa,British Citizen,AHP,Radiographer,Medicine & Acute Care,6,23.43,2023-04-10,2023-05-22,18.75,0.5,None,Permanent,Active,MF772541,2031-04-02,BT754337,2026-12-21,2027-04-30,2023-05-01
EMP1189-20260916_214726,Frank,Baker,terencerobinson@example.org,2005-03-03,02074960227,"69 Brookes Station
Higginshaven
L9 1HX",Male,Lakeside District Hospitals NHS Trust,Black,Jamaica,Dependent,Medical,SHO,Critical Care & Anaesthesia,SHO,25.39,2017-04-17,2017-05-29,20.0,0.53,HCPC,Bank,Active,OU317452,2029-05-31,DH525063,2026-11-09,2027-05-23,2017-05-08
EMP1190-20260916_214726,Samantha,Henderson,howellssam@example.net,1981-08-25,(0114) 4960965,"Flat 8
King Crossroad
West Melissa
BH2 2ZN",Male,Hillcrest Medical Centres NHS Trust,Mixed,Kenya,ILR,Admin,Administrator,Corporate Services,3,13.81,2019-05-26,2019-07-07,37.5,1.0,HCPC,Fixed Term,On Leave,ZX737044,2029-04-12,UC485310,2027-01-18,2027-02-15,2019-06-16
EMP1191-20260916_214726,Abdul,Foster,phillipwalker@example.org,1982-10-02,+441514960147,"78 Smith Gardens
Port Tracey
S0 6AW",Female,Eastfield Psychological Services NHS Trust,White,New Zealand,ILR,Medical,SHO,Emergency & Urgent Care,SHO,26.44,2023-07-03,2023-08-14,37.5,1.0,NMC,Permanent,Active,CA119526,2028-10-18,YP546577,2031-08-17,2027-08-21,2023-07-24
EMP1192-20260916_214726,Eileen,Lane,patriciamiller@example.net,1997-05-01,+44(0)1184960341,"Studio 7
Matthews Parkway
Port Mathewtown
EX4 3ZE",Male,Greenhaven Acute & Specialist Care NHS Trust,Asian,Thailand,British Citizen,Admin,Medical Secretary,Critical Care & Anaesthesia,4,15.66,2017-08-11,2017-09-08,20.0,0.53,None,Bank,Suspended,VE202231,2031-04-02,LD816404,2030-05-24,2027-02-10,2017-09-01
EMP1193-20260916_214726,Ian,Holt,eharrison@example.com,2001-06-27,+441632 960 442,"Flat 31J
Eric Ports
Antonyshire
LD5 6UE",Male,Southvale Hospitals NHS Trust,White,United States,British Citizen,Admin,Medical Secretary,Critical Care & Anaesthesia,4,17.23,2020-03-19,2020-04-16,20.0,0.53,GMC,Permanent,Suspended,TT589894,2030-11-21,NR221315,2027-01-25,2027-02-06,2020-04-09
EMP1194-20260916_214726,Tom,Hughes,robinsonbeverley@example.com,1968-05-25,+44(0)141 496 0846,"556 Sian Mission
North Duncanchester
HR8 3YX",Male,Riverbank General Hospitals NHS Trust,Black,Jamaica,Skilled Worker,Nursing,Healthcare Assistant,Critical Care & Anaesthesia,2,13.94,2024-06-13,2024-07-25,20.0,0.53,NMC,Fixed Term,Suspended,YT240044,2026-11-19,ZB155480,2031-07-03,2027-09-12,2024-07-04
EMP1195-20260916_214726,Sean,Smith,hilary73@example.net,1989-12-21,+44(0)3069990413,"853 Barber Groves
Carterland
L67 4QY",Male,Northwood Mental Health NHS Trust,White,United States,British Citizen,Medical,SHO,Critical Care & Anaesthesia,SHO,28.28,2018-05-19,2018-06-23,37.5,1.0,GMC,Permanent,On Leave,DI825498,2031-03-25,HA155099,2029-06-05,2027-01-06,2018-06-09
EMP1196-20260916_214726,Jemma,Clayton,gwalker@example.org,2001-03-25,+4420 74960212,"Flat 22
Joe Neck
Leetown
B28 4WT",Female,Riverside Integrated Care NHS Trust,Asian,Thailand,British Citizen,Medical,SHO,Surgery & Cancer,SHO,30.68,2022-03-20,2022-05-01,37.5,1.0,GMC,Permanent,Inactive,EK961981,2027-03-02,TO424978,2031-07-10,2027-01-10,2022-04-10
EMP1197-20260916_214726,Donna,Stewart,greenanna@example.org,1984-10-08,08081570144,"674 Ashley Well
South Anneland
PR9 8SH",Female,Southgate Community & Mental Health NHS Trust,Black,Ghana,ILR,Medical,Registrar,Women & Children,SPR,43.39,2023-12-21,2024-01-18,15.0,0.4,HCPC,Bank,Active,DX061325,2030-07-01,IE762680,2028-08-04,2027-07-20,2024-01-11
EMP1198-20260916_214726,Joseph,Davies,kirbyharriet@example.com,1973-01-02,+44(0)151 4960022,"Flat 9
David Land
Port Simon
N8B 4LE",Male,Southgate Community & Mental Health NHS Trust,Asian,India,Skilled Worker,Medical,FY1/FY2,Emergency & Urgent Care,FY1,21.14,2024-05-30,2024-07-04,20.0,0.53,NMC,Bank,Active,LY459182,2030-04-20,XZ865360,2030-08-05,2027-08-06,2024-06-20
EMP1199-20260916_214726,Denis,Jones,bjones@example.org,1962-09-03,+44(0)1134960658,"Flat 33
Green Radial
North David
ZE0 5YG",Female,Northshire University Hospitals NHS Trust,Asian,Thailand,Dependent,AHP,Radiographer,Clinical Support Services,6,25.99,2016-12-24,2017-01-21,18.75,0.5,NMC,Bank,Suspended,AJ757494,2027-02-27,JX141400,2028-12-04,2027-09-01,2017-01-14
EMP1200-20260916_214726,Roy,Lee,ebrown@example.com,1978-05-29,(0114)4960857,"50 Leonard Village
Reynoldsmouth
LE4 9ZQ",Female,Eastmoor Teaching Hospitals NHS Trust,Asian,Japan,Skilled Worker,Admin,Administrator,Clinical Support Services,3,13.38,2024-11-03,2024-12-15,20.0,0.53,NMC,Bank,On Leave,RI047962,2028-10-27,PU349741,2028-06-06,2027-05-30,2024-11-24
