Employee ID,first_name,last_name,email,DOB,Telephone,Address,Gender,Trust,Ethnicity,Nationality,Visa Status,Staff Group,Role,Division,Ward,Grade,Salary,Hire Date,Contract Start,Weekly Hours,FTE,Registration Type,Contract Type,Employment Status,Registration Number,NI Number,Registration Expiry Date,DBS Expiry Date,Mandatory Training Completion Date,Mandatory Training Expiry Date,Profile Date
EMP0001,Margaret,Johnson,warddylan@example.net,1994-12-03,(0118) 496 0854,"3 Wright Meadow
Seanton
WS7 9NT",Male,Bluewater Community & Rehabilitation NHS Trust,White,Australia,ILR,Nursing,Charge Nurse,Critical Care & Anaesthesia,Intensive Care Unit,7,57724,2024-02-14,2024-03-13,15.0,0.4,NMC,Bank,Active,CC621809,DL180256,2029-05-02,2029-02-26,2025-10-30,2027-09-08,2024-03-06
EMP0002,Sharon,Richards,fbates@example.com,1998-10-25,+443069990652,"Flat 86
Margaret Neck
New Duncan
M95 5AW",Male,Broadfield Clinical Services NHS Trust,Asian,India,Dependent,Admin,Medical Secretary,Medicine & Acute Care,Rheumatology,4,35132,2024-08-24,2024-10-05,37.5,1.0,GMC,Permanent,Suspended,ZY962787,CX387170,2026-10-30,2029-08-22,2026-03-16,2027-07-04,2024-09-14
EMP0003,Antony,Reid,mitchell68@example.org,2002-11-30,(029)2018476,"30 Williams Knoll
Aimeestad
L8 2AJ",Female,Southvale Hospitals NHS Trust,Black,Jamaica,British Citizen,Admin,Receptionist,Clinical Support Services,Pharmacy,3,29074,2016-09-26,2016-10-31,15.0,0.4,None,Permanent,Suspended,UA525070,LP026781,2030-08-04,2030-08-18,2026-04-05,2027-03-04,2016-10-17
EMP0004,Clive,Watkins,paulawilson@example.com,1974-07-07,+44(0)121 4960659,"88 Phillip Village
Barrettland
IM21 1LW",Female,Oakridge Community Services NHS Trust,Asian,China,ILR,Admin,Receptionist,Clinical Support Services,Pharmacy,3,29851,2024-08-17,2024-09-28,20.0,0.53,HCPC,Bank,On Leave,SK244404,IO130909,2029-08-28,2029-03-13,2026-01-23,2027-04-30,2024-09-07
EMP0005,Carol,Cook,graham35@example.com,1985-05-07,(0808)1570456,"53 Gray Park
Warrentown
WN2R 9SF",Male,Northwood Mental Health NHS Trust,Mixed,India,British Citizen,Nursing,Staff Nurse,Corporate Services,Finance,5,37294,2024-12-10,2025-01-07,20.0,0.53,GMC,Bank,On Leave,IH211420,GO678228,2030-02-19,2031-04-30,2025-11-01,2027-03-16,2024-12-31
EMP0006,Pamela,Foster,kathleenrowe@example.org,1975-03-24,+44(0)161 4960092,"Studio 31
Nixon Freeway
Edwardsmouth
L7 5EZ",Female,Northwood Mental Health NHS Trust,Mixed,Japan,Skilled Worker,Admin,Administrator,Critical Care & Anaesthesia,Pain Management,3,30129,2017-08-26,2017-10-07,18.75,0.5,HCPC,Bank,Suspended,PM696538,NW477364,2026-12-28,2030-12-26,2025-12-07,2027-05-22,2017-09-16
EMP0007,Cameron,Lewis,tony10@example.com,1974-11-26,(0116)4960902,"46 Dylan Unions
Kayleighmouth
S46 9WH",Female,Eastmoor Teaching Hospitals NHS Trust,Asian,India,Skilled Worker,Admin,Medical Secretary,Critical Care & Anaesthesia,Intensive Care Unit,4,33645,2017-09-19,2017-10-31,15.0,0.4,HCPC,Permanent,On Leave,WP423059,CC427739,2028-10-17,2028-12-02,2026-08-19,2026-12-19,2017-10-10
EMP0008,Duncan,Powell,qjohnson@example.org,1968-01-17,01164960620,"Studio 9
Brooks Roads
New Steven
W2 9HF",Female,Greenhaven Acute & Specialist Care NHS Trust,White,United States,British Citizen,Admin,Administrator,Women & Children,Postnatal Care,3,27794,2021-07-04,2021-08-15,37.5,1.0,NMC,Bank,Suspended,XG428244,HU675087,2029-12-02,2030-03-01,2026-03-13,2027-01-09,2021-07-25
EMP0009,Clifford,Ashton,hilltoby@example.org,1977-07-19,+44(0)1614960280,"1 Angela Way
New Adrian
BN2 7SF",Female,Oakridge Community Services NHS Trust,Mixed,China,Dependent,Medical,Registrar,Critical Care & Anaesthesia,Pain Management,SPR,76525,2020-01-31,2020-03-13,30.0,0.8,NMC,Fixed Term,Suspended,BZ627136,MJ886022,2027-12-11,2026-09-17,2026-01-02,2027-04-18,2020-02-21
EMP0010,Ronald,Lewis,lesley72@example.com,1973-05-04,(0131) 4960907,"Flat 51n
Murphy Court
Kathleenland
EH52 0DP",Male,Southgate Community & Mental Health NHS Trust,Black,Trinidad and Tobago,Dependent,Nursing,Staff Nurse,Surgery & Cancer,Neurosurgery,5,44003,2021-06-18,2021-07-23,18.75,0.5,HCPC,Bank,Suspended,XU452701,HY074537,2027-06-03,2027-12-01,2026-01-24,2026-10-21,2021-07-09
EMP0011,Carly,Williams,fwatts@example.org,1972-11-09,(0141)4960004,"860 Conor Vista
Schofieldshire
LS95 4FW",Male,Meadowbrook Community Health NHS Trust,White,New Zealand,Skilled Worker,Admin,Administrator,Women & Children,Obstetrics,3,31171,2016-12-19,2017-01-30,18.75,0.5,None,Permanent,On Leave,GU837165,GQ930767,2030-03-09,2030-12-08,2025-10-21,2027-01-30,2017-01-09
EMP0012,Jenna,Thompson,phillip38@example.net,1965-04-21,(0191)4960700,"71 Cunningham Circles
Eleanormouth
E8 2SW",Male,Eastfield Psychological Services NHS Trust,Mixed,Kenya,ILR,Medical,Consultant,Surgery & Cancer,ENT Surgery,CONS,98165,2022-10-17,2022-11-28,37.5,1.0,HCPC,Bank,Active,RH885689,CM088025,2029-03-24,2027-04-13,2026-08-12,2027-08-07,2022-11-07
EMP0013,Antony,Sutton,aaronjones@example.org,1975-05-21,(0131) 4960214,"3 Anderson Groves
West Jayneport
N6A 3TB",Male,Horizon Integrated Health Partnership NHS Trust,Mixed,India,Dependent,Admin,Receptionist,Surgery & Cancer,Neurosurgery,3,31944,2024-09-01,2024-10-13,37.5,1.0,NMC,Fixed Term,Active,KI341637,AQ416183,2027-05-25,2030-03-17,2026-06-22,2027-06-26,2024-09-22
EMP0014,Luke,Robinson,alicewilson@example.org,1986-06-23,+44116 4960564,"Studio 24K
Oliver Passage
West Marietown
GL10 2PY",Male,Westmere Community Health NHS Trust,White,United Kingdom,British Citizen,Admin,Data Analyst,Clinical Support Services,Radiology,8A,56471,2023-11-14,2023-12-26,30.0,0.8,GMC,Fixed Term,Active,NZ196508,CI627932,2026-09-22,2030-01-08,2026-01-27,2027-07-22,2023-12-05
EMP0015,Ben,Gough,charlotte45@example.net,1966-12-24,+44306 9990701,"412 Bibi Track
Port Paige
W55 4NU",Male,Riverside Integrated Care NHS Trust,Black,South Africa,Dependent,Nursing,Healthcare Assistant,Critical Care & Anaesthesia,Intensive Care Unit,2,26441,2022-06-01,2022-07-13,30.0,0.8,HCPC,Permanent,Active,ZM788811,LJ409592,2030-06-02,2027-11-21,2026-02-14,2026-10-20,2022-06-22
EMP0016,Hayley,Riley,chamberstracy@example.org,1970-03-20,0306 999 0918,"Flat 9
Ann Ramp
O'Brienchester
CF58 3FZ",Male,Midlands Central Hospitals NHS Trust,White,Canada,ILR,Nursing,Staff Nurse,Critical Care & Anaesthesia,Intensive Care Unit,5,40470,2019-06-02,2019-07-07,37.5,1.0,GMC,Bank,Suspended,AG702407,MC088384,2028-05-26,2031-05-28,2025-10-26,2027-09-07,2019-06-23
EMP0017,Julian,Baxter,vwilliams@example.net,1966-03-21,(0808) 1570729,"Studio 57X
Graham Place
Murphyton
S5C 8QT",Female,Northshire University Hospitals NHS Trust,Black,South Africa,ILR,Medical,FY1/FY2,Clinical Support Services,Radiology,FY1,39506,2024-02-26,2024-03-25,20.0,0.53,GMC,Bank,On Leave,PR321171,PH715727,2027-12-18,2031-03-06,2025-09-18,2027-06-24,2024-03-18
EMP0018,Gail,Talbot,charlotte75@example.com,2006-05-12,(0118) 496 0213,"7 Wendy Land
New Beverleybury
JE53 3EX",Male,Valleyview Mental Wellness NHS Trust,Black,Nigeria,Dependent,Medical,GP,Corporate Services,IT Support,GP,96738,2022-03-08,2022-04-19,15.0,0.4,None,Fixed Term,On Leave,VY448216,AC879834,2028-04-06,2030-12-23,2026-07-19,2027-02-06,2022-03-29
EMP0019,Malcolm,Woods,suzanne95@example.org,1992-09-10,+443069990451,"110 Williams Drive
Robinsonport
SK9E 1LH",Female,Southvale Hospitals NHS Trust,White,United Kingdom,British Citizen,Nursing,Healthcare Assistant,Corporate Services,Communications,2,24251,2019-07-11,2019-08-08,37.5,1.0,NMC,Bank,Inactive,DA389553,SB806804,2028-11-21,2028-05-30,2026-01-22,2026-11-01,2019-08-01
EMP0020,Jemma,Miles,stewartsandra@example.org,1996-09-16,03069990613,"Studio 1
Wright Corners
Shahfurt
DA5P 4UG",Female,Oakridge Community Services NHS Trust,Mixed,United Kingdom,British Citizen,Medical,FY1/FY2,Women & Children,Paediatrics,FY1,36891,2024-02-04,2024-03-03,18.75,0.5,HCPC,Fixed Term,Suspended,VW356522,CR701670,2031-04-27,2029-02-08,2025-12-02,2026-10-04,2024-02-25
EMP0021,Graeme,Wood,meganfox@example.org,2004-08-21,0141 4960232,"Flat 34
Russell Rue
New Karenshire
TA8N 7YF",Male,Southgate Community & Mental Health NHS Trust,Mixed,United Kingdom,ILR,Admin,Receptionist,Medicine & Acute Care,Geriatrics,3,27326,2019-03-31,2019-05-12,15.0,0.4,None,Bank,Active,GS169982,YJ718854,2031-08-13,2026-11-11,2025-10-29,2027-07-21,2019-04-21
EMP0022,Patrick,Brown,stanleyparkes@example.com,1969-05-02,+44(0)1134960071,"52 Joan Coves
Fionachester
M6T 3QL",Male,Meadowbrook Community Health NHS Trust,Mixed,New Zealand,Skilled Worker,Nursing,Ward Manager,Emergency & Urgent Care,Ambulance Services,8A,67085,2022-12-30,2023-02-03,30.0,0.8,HCPC,Bank,Inactive,QU396640,ON923054,2027-11-14,2027-09-03,2025-09-17,2027-08-20,2023-01-20
EMP0023,Dennis,Fraser,wilsonamanda@example.net,1963-12-20,0289018356,"60 Amy Land
South Janet
L95 6SB",Female,Bluewater Community & Rehabilitation NHS Trust,Black,Kenya,ILR,Nursing,Nursery Nurse,Medicine & Acute Care,Cardiology,2,27623,2016-10-06,2016-11-17,30.0,0.8,NMC,Bank,Active,ZL832175,ZA320520,2030-10-24,2029-04-06,2025-09-13,2027-08-09,2016-10-27
EMP0024,Dylan,Blake,manningkeith@example.org,2008-08-23,(01632) 960361,"35 Maria Manors
Alichester
WR61 8SH",Female,Eastmoor Teaching Hospitals NHS Trust,Mixed,China,Dependent,Admin,Administrator,Critical Care & Anaesthesia,Intensive Care Unit,3,26182,2026-06-23,2026-08-04,20.0,0.53,None,Permanent,Suspended,XW083476,NB400046,2031-08-25,2031-08-18,2025-10-29,2026-12-07,2026-07-14
EMP0025,Kyle,Macdonald,jparker@example.com,1977-06-30,+441144960927,"368 Joseph Grove
Austinville
HS61 4XA",Female,Southvale Hospitals NHS Trust,White,New Zealand,Skilled Worker,Admin,Administrator,Clinical Support Services,Occupational Therapy,3,31981,2016-10-01,2016-11-12,30.0,0.8,None,Fixed Term,Suspended,WK436978,SF973028,2030-10-21,2026-10-31,2025-11-06,2027-05-12,2016-10-22
EMP0026,Thomas,Bates,maxjones@example.net,2007-09-12,(0117) 4960377,"Flat 75c
Rachel Plain
East Norman
SL11 6QX",Male,Meadowbrook Community Health NHS Trust,Mixed,Australia,Dependent,Admin,Receptionist,Critical Care & Anaesthesia,Intensive Care Unit,3,30818,2023-11-19,2023-12-24,18.75,0.5,HCPC,Permanent,On Leave,TT912521,MT043736,2029-06-16,2030-09-19,2025-10-04,2027-02-01,2023-12-10
EMP0027,Diana,Chadwick,stokesalexander@example.com,1961-01-30,+44(0)1164960833,"2 Francesca Keys
South Russellville
SN7 2BE",Male,Southvale Hospitals NHS Trust,Mixed,Thailand,British Citizen,Nursing,Charge Nurse,Women & Children,Postnatal Care,7,60711,2017-05-22,2017-06-26,18.75,0.5,HCPC,Permanent,Active,IN032824,GL762910,2029-05-09,2027-07-12,2026-01-20,2026-12-11,2017-06-12
EMP0028,Gareth,Grant,mnewman@example.net,1966-06-07,020 74960254,"Flat 56
Khan Groves
Bradleyfurt
L5B 7HR",Female,Riverside Integrated Care NHS Trust,White,United States,Skilled Worker,Nursing,Staff Nurse,Critical Care & Anaesthesia,Anaesthesia,5,41425,2021-08-20,2021-10-01,20.0,0.53,GMC,Fixed Term,Active,JF711397,RP861105,2029-09-02,2029-01-31,2025-12-31,2026-11-30,2021-09-10
EMP0029,Karen,Middleton,jacquelinegill@example.net,1984-07-31,0131 4960624,"909 Newman Squares
East Lyndamouth
CV7 1DB",Male,Eastmoor Teaching Hospitals NHS Trust,Asian,China,Dependent,AHP,Speech Therapist,Clinical Support Services,Pathology,6,51856,2016-11-22,2016-12-27,30.0,0.8,None,Bank,Active,HO016969,QA807491,2026-12-15,2031-04-12,2025-09-11,2027-01-21,2016-12-13
EMP0030,Cheryl,Smith,ellismarc@example.com,1963-02-06,+44(0)1164960834,"Flat 28
Turner Groves
Middletonville
TQ1 5HS",Male,Greenhaven Acute & Specialist Care NHS Trust,Asian,Thailand,ILR,Medical,FY1/FY2,Clinical Support Services,Occupational Therapy,FY1,37367,2022-08-03,2022-09-14,15.0,0.4,None,Fixed Term,Inactive,RN697777,QD397676,2030-10-31,2028-02-22,2026-02-26,2026-11-29,2022-08-24
EMP0031,Danny,Davies,jessicataylor@example.net,1978-06-18,(0808)1570437,"Studio 56A
Wood Ranch
Bethanytown
S3J 6QB",Male,Northwood Mental Health NHS Trust,Asian,China,Dependent,Nursing,Staff Nurse,Clinical Support Services,Pathology,5,40844,2025-04-26,2025-06-07,30.0,0.8,None,Permanent,Inactive,AG396025,VB502405,2030-05-27,2029-05-27,2025-11-14,2027-02-01,2025-05-17
EMP0032,Dylan,Williams,jennasmith@example.org,1964-05-08,+44(0)306 999 0706,"Studio 51H
Mason Hill
Taylorstad
G71 7LD",Female,Eastmoor Teaching Hospitals NHS Trust,Mixed,Japan,Skilled Worker,Medical,Consultant,Medicine & Acute Care,Endocrinology,CONS,120423,2022-07-27,2022-09-07,15.0,0.4,GMC,Permanent,Inactive,BO274716,HB125445,2027-02-07,2030-01-27,2026-08-12,2026-10-23,2022-08-17
EMP0033,Linda,Brooks,debra13@example.net,1977-02-02,(0116) 4960708,"392 Francis Circles
Lake Elliottmouth
TQ67 7SP",Male,Southvale Hospitals NHS Trust,Asian,China,Skilled Worker,Nursing,Healthcare Assistant,Women & Children,Gynaecology,2,25083,2016-10-01,2016-11-12,15.0,0.4,None,Fixed Term,Suspended,HF938327,EX769586,2030-10-11,2030-07-05,2026-04-22,2027-02-28,2016-10-22
EMP0034,Jamie,White,kathleen25@example.com,1966-01-03,(020)74960214,"Studio 6
Emily Junction
West Gavin
SW1 2SR",Female,Meadowbrook Community Health NHS Trust,White,New Zealand,Skilled Worker,Medical,Registrar,Critical Care & Anaesthesia,Anaesthesia,SPR,77383,2023-10-20,2023-12-01,15.0,0.4,NMC,Fixed Term,Active,YU577415,UX496752,2028-03-19,2026-12-13,2026-03-15,2027-02-07,2023-11-10
EMP0035,Stacey,Hewitt,lewis73@example.com,1986-10-01,029 2018 0095,"Flat 5
Bowen Junctions
Liamhaven
M8 6NZ",Male,Oakridge Community Services NHS Trust,Mixed,Canada,ILR,AHP,Physiologist,Critical Care & Anaesthesia,Intensive Care Unit,6,45484,2023-12-24,2024-01-28,30.0,0.8,NMC,Bank,Active,TS441129,TF956901,2030-09-19,2028-01-24,2026-04-01,2027-01-28,2024-01-14
EMP0036,Amanda,Atkinson,williamsvalerie@example.com,1982-06-27,0113 4960260,"2 Chadwick Ports
South Rosie
OL47 0EH",Male,Riverbank General Hospitals NHS Trust,Mixed,Kenya,British Citizen,AHP,Radiographer,Surgery & Cancer,Breast Surgery,6,49829,2025-10-10,2025-11-07,20.0,0.53,GMC,Bank,Suspended,VR263254,JA158954,2028-08-22,2029-04-02,2026-06-05,2027-08-04,2025-10-31
EMP0037,Christine,West,sjones@example.net,1962-01-24,01314960269,"Studio 9
Dorothy Plains
New Ryanland
TW3 0ZG",Male,Southvale Hospitals NHS Trust,Mixed,Canada,Dependent,Medical,SHO,Women & Children,Obstetrics,SHO,55721,2018-04-26,2018-06-07,37.5,1.0,GMC,Permanent,Inactive,QG545100,SX299825,2030-02-05,2028-08-14,2026-04-12,2027-09-07,2018-05-17
EMP0038,Susan,Watson,rosemarymarshall@example.com,1962-07-09,+44191 496 0156,"Studio 91u
Kelly Flat
New Marcuston
L7D 5DT",Male,Eastfield Psychological Services NHS Trust,White,Canada,Skilled Worker,Medical,FY1/FY2,Medicine & Acute Care,Infectious Diseases,FY1,40716,2026-07-31,2026-09-11,18.75,0.5,NMC,Bank,Inactive,ZN436624,TN014932,2026-12-10,2027-03-09,2026-06-23,2027-07-24,2026-08-21
EMP0039,Annette,Williams,jadearnold@example.net,1962-01-07,0113 4960548,"282 Andrea Road
Brownburgh
W4 1HX",Male,Midlands Central Hospitals NHS Trust,Asian,Thailand,British Citizen,Admin,Data Analyst,Surgery & Cancer,Breast Surgery,8A,59604,2022-08-28,2022-09-25,30.0,0.8,GMC,Fixed Term,On Leave,LS811116,LY639876,2027-07-21,2030-03-23,2026-05-30,2026-12-21,2022-09-18
EMP0040,Paula,Stanley,tonybarker@example.org,1984-12-07,020 7946 0873,"24 Lauren Drives
North Lauren
E79 8HT",Male,Riverside Integrated Care NHS Trust,Black,Barbados,British Citizen,Nursing,Healthcare Assistant,Surgery & Cancer,Neurosurgery,2,26051,2018-07-13,2018-08-17,15.0,0.4,HCPC,Fixed Term,On Leave,XY658085,NC587598,2028-09-18,2029-08-20,2025-10-06,2027-05-21,2018-08-03
EMP0041,Mathew,McCarthy,carly02@example.com,2005-08-10,(0115)4960872,"Studio 79
Kaur Shoal
Normanville
DG5W 6FL",Female,Northshire University Hospitals NHS Trust,White,United States,ILR,AHP,Occupational Therapist,Corporate Services,Facilities Management,6,54782,2020-11-22,2020-12-27,30.0,0.8,None,Bank,Inactive,HZ046981,LL720550,2030-02-05,2028-02-03,2026-02-03,2026-12-20,2020-12-13
EMP0042,Christopher,Clarke,jfarmer@example.com,2002-03-31,01414960750,"Flat 9
Rahman Bridge
Masonfort
N79 2JW",Male,Eastfield Psychological Services NHS Trust,Mixed,United States,British Citizen,AHP,Occupational Therapist,Critical Care & Anaesthesia,Anaesthesia,6,44860,2025-12-05,2026-01-09,15.0,0.4,None,Bank,Inactive,PE942038,TH252532,2026-10-19,2026-12-16,2026-01-29,2027-01-01,2025-12-26
EMP0043,Kim,Townsend,judith69@example.net,2000-11-18,0117 496 0153,"Flat 22R
Brandon Parkway
Port Susanchester
WS2X 4PZ",Male,Valleyview Mental Wellness NHS Trust,White,Canada,Skilled Worker,Nursing,Senior Staff Nurse,Clinical Support Services,Pharmacy,6,52142,2026-07-24,2026-08-28,18.75,0.5,NMC,Bank,On Leave,RV210501,MA389915,2028-05-30,2028-05-01,2026-05-05,2027-07-06,2026-08-14
EMP0044,Donna,Williams,yevans@example.net,1990-08-03,(0808) 1570848,"70 Jemma Plaza
West Natasha
LE63 9DR",Male,Bluewater Community & Rehabilitation NHS Trust,Black,Jamaica,ILR,Admin,Medical Secretary,Clinical Support Services,Radiology,4,36092,2026-08-29,2026-10-10,15.0,0.4,None,Bank,On Leave,VI383468,FA390550,2028-01-02,2030-04-22,2025-12-08,2027-04-17,2026-09-19
EMP0045,Thomas,Baxter,kimberley61@example.com,1983-05-13,01632 960 186,"Studio 79
Francis Locks
Jasonton
B00 5WQ",Male,Broadfield Clinical Services NHS Trust,Black,Barbados,British Citizen,Medical,Consultant,Medicine & Acute Care,Acute Medicine,CONS,106339,2024-12-05,2025-01-09,20.0,0.53,NMC,Bank,Suspended,CR066418,CP013639,2028-06-20,2031-03-14,2026-05-25,2026-10-31,2024-12-26
EMP0046,Alan,Jones,adrian82@example.net,1962-05-24,+441144960492,"Studio 10w
Paula Hill
South Bruce
B15 5TQ",Male,Horizon Integrated Health Partnership NHS Trust,White,Australia,British Citizen,Medical,SHO,Critical Care & Anaesthesia,Anaesthesia,SHO,48932,2020-11-17,2020-12-15,15.0,0.4,HCPC,Fixed Term,On Leave,MZ368457,OW503988,2028-01-20,2028-08-23,2025-12-02,2026-12-15,2020-12-08
EMP0047,Deborah,Barrett,jacksonholly@example.org,1972-07-29,+441154960609,"013 Clare Avenue
Port Teresa
GL9 7BS",Male,Westmere Community Health NHS Trust,Mixed,Kenya,British Citizen,Nursing,Senior Staff Nurse,Critical Care & Anaesthesia,Anaesthesia,6,53434,2026-08-11,2026-09-15,30.0,0.8,HCPC,Fixed Term,Inactive,RU671880,ME888228,2027-08-24,2027-07-05,2025-10-03,2027-05-12,2026-09-01
EMP0048,Ricky,Rowe,emma83@example.com,1999-05-07,+4429 2018 0079,"819 Lynn Square
Lorraineton
SL65 4EJ",Male,Hillcrest Medical Centres NHS Trust,Mixed,United States,Dependent,Nursing,Ward Manager,Surgery & Cancer,Colorectal Surgery,8A,56795,2024-10-27,2024-12-08,18.75,0.5,HCPC,Permanent,Inactive,FF861472,YZ527352,2027-08-18,2027-03-06,2026-01-24,2026-10-16,2024-11-17
EMP0049,Amber,Thomas,morleykathryn@example.com,1995-05-06,(0114)4960110,"2 Wallace Summit
Michaelburgh
PL4 4JD",Female,Eastmoor Teaching Hospitals NHS Trust,Mixed,Australia,Dependent,AHP,Speech Therapist,Emergency & Urgent Care,Minor Injuries Unit,6,52063,2024-06-27,2024-07-25,18.75,0.5,NMC,Fixed Term,Active,ZS651061,VX448537,2029-09-14,2027-09-11,2026-04-27,2027-07-14,2024-07-18
EMP0050,Bernard,Kelly,alexandra03@example.net,1991-06-01,+44121 4960819,"Studio 52
Jamie Knolls
North Denisehaven
TN38 5PY",Male,Bluewater Community & Rehabilitation NHS Trust,Black,Barbados,Dependent,Admin,Data Analyst,Women & Children,Paediatrics,8A,69981,2025-01-28,2025-03-11,30.0,0.8,None,Permanent,Inactive,ST448234,TG888474,2028-12-10,2029-07-28,2025-11-10,2027-08-06,2025-02-18
EMP0051,Rebecca,Gibson,blackjean@example.com,1975-06-29,(029) 2018984,"64 Barlow Stream
Pamelaberg
ME7P 8SW",Male,Oakridge Community Services NHS Trust,Asian,India,ILR,Nursing,Nursery Nurse,Surgery & Cancer,General Surgery,2,24694,2024-01-02,2024-02-13,15.0,0.4,HCPC,Fixed Term,Suspended,WQ244849,XI703562,2028-05-18,2027-07-22,2026-02-13,2027-03-29,2024-01-23
EMP0052,Jenna,Hughes,michael71@example.net,1985-11-01,+44131 496 0922,"Flat 24
Colin Way
South Mauriceport
B10 8PH",Male,Bluewater Community & Rehabilitation NHS Trust,Black,South Africa,ILR,Nursing,Charge Nurse,Emergency & Urgent Care,Ambulance Services,7,64514,2020-04-17,2020-05-15,30.0,0.8,None,Permanent,Active,PT323464,QJ469556,2027-09-22,2031-08-01,2026-06-26,2027-01-09,2020-05-08
EMP0053,Kathleen,Jones,daniellehayes@example.com,1990-03-19,+4429 2018 0244,"Studio 20
Burgess Village
North Margaret
G2J 8DB",Female,Hillcrest Medical Centres NHS Trust,Mixed,Jamaica,ILR,AHP,Speech Therapist,Medicine & Acute Care,Endocrinology,6,44026,2023-04-11,2023-05-16,15.0,0.4,GMC,Permanent,Active,WE258352,MF156185,2028-05-28,2027-05-16,2026-03-26,2027-04-30,2023-05-02
EMP0054,Ashley,Wilson,daniellebevan@example.net,2007-07-01,09098790110,"2 Scott Plains
Parryview
W4E 3LZ",Female,Meadowbrook Community Health NHS Trust,Asian,India,Dependent,Admin,Data Analyst,Emergency & Urgent Care,Emergency Department,8A,60727,2026-08-19,2026-09-30,20.0,0.53,GMC,Permanent,On Leave,GC306527,ZS827504,2031-01-23,2027-08-20,2026-04-26,2027-02-24,2026-09-09
EMP0055,Pamela,Ahmed,emily15@example.com,1987-06-03,+44114 4960859,"Studio 9
Carly Springs
Martynhaven
AL3 1WD",Female,Eastmoor Teaching Hospitals NHS Trust,Mixed,Thailand,Dependent,Medical,Registrar,Clinical Support Services,Pharmacy,SPR,79345,2020-04-17,2020-05-15,20.0,0.53,GMC,Bank,Inactive,SP923124,BO207320,2026-09-19,2030-02-22,2026-09-11,2026-09-19,2020-05-08
EMP0056,Reece,Jennings,rosiebuckley@example.net,1996-10-26,+44121 4960335,"Flat 0
Christian Mountains
New Ellie
CF3 4FA",Male,Eastfield Psychological Services NHS Trust,Black,Nigeria,Skilled Worker,Medical,Registrar,Surgery & Cancer,Breast Surgery,SPR,73704,2016-12-04,2017-01-01,15.0,0.4,None,Permanent,Active,NP851173,JG790377,2030-10-13,2029-01-20,2026-03-04,2027-08-26,2016-12-25
EMP0057,Maureen,Roberts,michelle70@example.com,1987-04-03,(0117) 496 0345,"Flat 10
Richard Fall
New Alexander
B9W 9XU",Female,Eastmoor Teaching Hospitals NHS Trust,Black,Jamaica,ILR,Admin,Administrator,Critical Care & Anaesthesia,Intensive Care Unit,3,29267,2020-03-19,2020-04-16,37.5,1.0,NMC,Bank,On Leave,NU073738,XS894024,2028-09-01,2031-05-29,2026-07-11,2027-07-02,2020-04-09
EMP0058,Annette,Roberts,christopherwilkinson@example.net,1994-03-29,(0808)1570467,"Studio 66i
Caroline Squares
Connorberg
BT3 9UE",Male,Meadowbrook Community Health NHS Trust,Asian,India,Dependent,Medical,SHO,Medicine & Acute Care,General Surgery,SHO,49297,2018-12-07,2019-01-04,30.0,0.8,NMC,Permanent,Suspended,LT264188,CO036047,2030-09-21,2030-01-17,2026-08-30,2026-12-20,2018-12-28
EMP0059,Danny,Wilkinson,iwilson@example.org,1974-01-20,020 7946 0243,"61 Singh Run
South David
B41 3HZ",Male,Broadfield Clinical Services NHS Trust,Black,Kenya,British Citizen,Medical,Registrar,Medicine & Acute Care,Acute Medicine,SPR,78246,2017-03-30,2017-05-11,30.0,0.8,None,Bank,Inactive,QU086012,LP492628,2029-09-22,2030-10-05,2025-10-08,2027-07-16,2017-04-20
EMP0060,Valerie,Andrews,dorothyfitzgerald@example.org,1971-11-17,0292018464,"321 Johnson Manors
New Garry
W3 5GW",Male,Broadfield Clinical Services NHS Trust,White,United Kingdom,ILR,Admin,Receptionist,Women & Children,Paediatrics,3,26592,2020-06-27,2020-08-08,15.0,0.4,GMC,Permanent,Suspended,RM779264,SF192975,2027-06-26,2030-09-04,2026-09-11,2027-06-19,2020-07-18
EMP0061,Deborah,Evans,griffinstewart@example.net,1964-10-12,+44(0)808 157 0044,"6 Jeremy Pike
Martinborough
S3 0RL",Female,Northwood Mental Health NHS Trust,White,Australia,Skilled Worker,Admin,Receptionist,Critical Care & Anaesthesia,Anaesthesia,3,31237,2019-02-24,2019-03-24,18.75,0.5,GMC,Fixed Term,Suspended,BE576463,PU395441,2030-04-27,2026-09-16,2025-12-24,2026-11-11,2019-03-17
EMP0062,Sam,Thomas,lmarshall@example.net,1970-05-22,0289018862,"30 Lee Burgs
New Dennisland
SR6P 8XN",Female,Bluewater Community & Rehabilitation NHS Trust,Mixed,India,Skilled Worker,Nursing,Ward Manager,Corporate Services,IT Support,8A,65245,2025-08-12,2025-09-23,20.0,0.53,GMC,Bank,Active,JZ382990,ZR585345,2027-05-27,2030-03-09,2025-09-17,2027-09-07,2025-09-02
EMP0063,Christopher,Smith,rowens@example.org,2005-11-23,09098790482,"363 Louise Center
North Emilyland
L00 0RP",Male,Oakridge Community Services NHS Trust,White,United Kingdom,Dependent,AHP,Pharmacist,Surgery & Cancer,Colorectal Surgery,5,42381,2017-05-21,2017-06-18,15.0,0.4,HCPC,Bank,Inactive,LF188198,VJ600147,2029-03-11,2030-03-18,2026-06-07,2027-05-11,2017-06-11
EMP0064,Sara,Jones,cmckenzie@example.com,1998-03-01,029 2018893,"57 Foster Island
Lake Steven
LL0 6LW",Male,Oakridge Community Services NHS Trust,Mixed,Australia,British Citizen,Admin,Administrator,Women & Children,Obstetrics,3,26080,2019-04-30,2019-06-04,30.0,0.8,HCPC,Fixed Term,On Leave,LL178840,AQ811411,2030-10-24,2026-10-14,2025-12-07,2027-04-11,2019-05-21
EMP0065,David,Dawson,haywardgemma@example.org,1976-04-01,01614960048,"619 Abbie Mountain
New Vincent
LA4V 3DB",Female,Hillcrest Medical Centres NHS Trust,Mixed,South Africa,Dependent,AHP,Occupational Therapist,Surgery & Cancer,ENT Surgery,6,54862,2025-02-20,2025-03-27,15.0,0.4,NMC,Bank,Suspended,BL287808,TA777964,2029-08-07,2026-11-23,2026-01-15,2026-10-21,2025-03-13
EMP0066,William,Richards,stephanie02@example.net,1982-12-09,01614960825,"074 Ruth Terrace
Yvonneview
N9B 0DE",Female,Midlands Central Hospitals NHS Trust,Black,Trinidad and Tobago,Dependent,Nursing,Senior Staff Nurse,Medicine & Acute Care,Infectious Diseases,6,47965,2023-07-04,2023-08-15,30.0,0.8,None,Fixed Term,On Leave,AU570844,OL890223,2027-06-28,2029-07-01,2025-12-03,2027-03-18,2023-07-25
EMP0067,Alan,Holmes,nixondavid@example.com,1978-02-18,(0117) 496 0369,"Flat 15X
Evans Drive
West Iaintown
TD7W 7QG",Male,Eastfield Psychological Services NHS Trust,Asian,China,ILR,AHP,Speech Therapist,Clinical Support Services,Pharmacy,6,44794,2023-09-23,2023-10-21,18.75,0.5,NMC,Fixed Term,Suspended,RL907908,QL724390,2028-11-20,2029-10-31,2026-08-01,2027-02-20,2023-10-14
EMP0068,Ben,Clarke,davidlloyd@example.org,1974-05-07,020 74960134,"549 Boyle Drive
Lake Bethany
SK6 6ES",Female,Westborough Acute Care NHS Trust,White,United Kingdom,British Citizen,Admin,Data Analyst,Critical Care & Anaesthesia,Pain Management,8A,62458,2017-12-08,2018-01-12,20.0,0.53,NMC,Bank,Suspended,XX262606,JN150778,2031-04-21,2028-12-15,2026-09-06,2027-03-27,2017-12-29
EMP0069,Charlotte,Griffiths,douglasrobinson@example.net,1999-01-13,0161 4960416,"000 Reece Freeway
East Edward
TQ9P 6PT",Female,Northshire University Hospitals NHS Trust,Black,Trinidad and Tobago,ILR,Medical,GP,Clinical Support Services,Occupational Therapy,GP,91917,2022-01-29,2022-03-12,20.0,0.53,HCPC,Bank,Inactive,SQ216983,HD862900,2027-09-20,2027-01-21,2026-02-22,2027-09-07,2022-02-19
EMP0070,Harry,Rhodes,barbara48@example.net,2002-09-27,0151 496 0314,"Studio 32
Thorpe Island
Smithland
SE9Y 7UW",Male,Broadfield Clinical Services NHS Trust,Asian,China,British Citizen,Admin,Data Analyst,Corporate Services,Human Resources,8A,69808,2021-06-04,2021-07-16,30.0,0.8,None,Fixed Term,Inactive,CA449134,TI629642,2028-09-04,2029-10-30,2026-01-17,2026-11-26,2021-06-25
EMP0071,Clifford,Parker,gailmoran@example.net,1988-04-02,+44(0)118 496 0493,"50 Godfrey Groves
West Simon
PL6H 5JY",Male,Horizon Integrated Health Partnership NHS Trust,White,United Kingdom,Dependent,AHP,Radiographer,Medicine & Acute Care,Infectious Diseases,6,45688,2020-04-13,2020-05-11,20.0,0.53,GMC,Fixed Term,Active,ZB411566,OC185638,2026-10-28,2029-09-22,2026-03-01,2027-03-24,2020-05-04
EMP0072,Jordan,Harrison,lucylee@example.net,1979-03-01,01174960198,"7 Julian Station
South Judith
WC5 2ED",Male,Oakridge Community Services NHS Trust,Mixed,Thailand,Dependent,Medical,SHO,Corporate Services,Communications,SHO,58100,2019-07-10,2019-08-14,20.0,0.53,None,Permanent,Inactive,KA006279,AQ829021,2028-05-07,2027-11-17,2025-11-11,2026-12-27,2019-07-31
EMP0073,Vincent,Davies,alexandranorton@example.com,1982-07-06,+44(0)909 8790369,"43 Clarke Crest
Barrymouth
N28 9TZ",Female,Lakeside District Hospitals NHS Trust,Asian,India,ILR,Nursing,Healthcare Assistant,Clinical Support Services,Physiotherapy,2,27550,2016-11-09,2016-12-21,30.0,0.8,GMC,Fixed Term,Inactive,OR202401,AW826058,2027-05-26,2028-10-05,2025-11-28,2027-03-12,2016-11-30
EMP0074,Abigail,Wright,melanie21@example.net,1961-01-08,0808 157 0818,"09 Smith Station
Mauricetown
ZE6P 5BT",Female,Bluewater Community & Rehabilitation NHS Trust,White,New Zealand,Dependent,Medical,Registrar,Critical Care & Anaesthesia,Intensive Care Unit,SPR,69029,2023-09-07,2023-10-05,20.0,0.53,GMC,Bank,Suspended,IR119317,WZ495097,2031-01-17,2030-07-04,2026-09-03,2027-09-02,2023-09-28
EMP0075,Jenna,Skinner,graykirsty@example.com,2007-12-15,+44(0)191 4960971,"46 Burrows Club
Lake Jemmatown
SP8A 1ZJ",Male,Greenhaven Acute & Specialist Care NHS Trust,White,Australia,ILR,Nursing,Charge Nurse,Corporate Services,Communications,7,54048,2017-03-15,2017-04-12,15.0,0.4,HCPC,Permanent,On Leave,QF350907,GX032844,2029-12-25,2030-05-12,2026-07-03,2026-09-15,2017-04-05
EMP0076,Max,Clark,jessicaali@example.org,1976-08-27,+44161 4960312,"Flat 71
Leonard Curve
New Joseph
M7 2TB",Male,Eastfield Psychological Services NHS Trust,Mixed,Ghana,ILR,Nursing,Healthcare Assistant,Corporate Services,Facilities Management,2,25208,2020-02-10,2020-03-16,20.0,0.53,GMC,Permanent,Inactive,JY285530,IY419823,2028-03-05,2029-05-14,2026-04-07,2026-12-27,2020-03-02
EMP0077,Nathan,Charlton,irene16@example.com,1997-10-12,0113 4960000,"Studio 25Q
Edwards Shoals
North Sylvia
N4A 7UH",Male,Riverside Integrated Care NHS Trust,Mixed,Thailand,ILR,Medical,FY1/FY2,Women & Children,Gynaecology,FY1,38726,2021-06-29,2021-08-10,30.0,0.8,None,Permanent,Inactive,OI392315,MT689979,2027-09-04,2031-04-12,2026-06-25,2026-10-29,2021-07-20
EMP0078,Ryan,Wright,austinbrandon@example.com,1970-11-13,0131 4960181,"Flat 5
Stewart Alley
Paigeton
HD2B 5DF",Male,Oakridge Community Services NHS Trust,White,Australia,Dependent,Admin,Data Analyst,Emergency & Urgent Care,Urgent Care,8A,64202,2026-01-22,2026-02-19,15.0,0.4,None,Permanent,Active,KM186004,FP640008,2029-09-30,2029-01-17,2025-09-28,2027-07-03,2026-02-12
EMP0079,Guy,Carter,wilkinsonjasmine@example.org,1979-09-06,01914960678,"1 Stone Alley
Lake Joanneport
M3S 6DD",Female,Midlands Central Hospitals NHS Trust,Asian,Japan,Dependent,AHP,Radiographer,Emergency & Urgent Care,Ambulance Services,6,51444,2024-05-30,2024-07-11,37.5,1.0,GMC,Bank,On Leave,JQ837450,EO868394,2030-06-07,2027-05-07,2026-01-23,2027-07-28,2024-06-20
EMP0080,Lee,West,scott06@example.org,2007-06-27,(0114)4960239,"4 Cameron Unions
Victoriaport
G20 9FJ",Male,Oakridge Community Services NHS Trust,Asian,Thailand,Dependent,AHP,Physiotherapist,Women & Children,Postnatal Care,6,51715,2017-09-21,2017-11-02,18.75,0.5,NMC,Permanent,Inactive,ZW046346,DG376192,2028-07-02,2027-12-22,2026-05-16,2027-07-16,2017-10-12
EMP0081,Tom,Saunders,heatherbarker@example.org,1964-08-14,0292018435,"154 Burton Creek
New Rachel
B25 6EN",Male,Eastfield Psychological Services NHS Trust,Black,South Africa,Skilled Worker,AHP,Pharmacist,Medicine & Acute Care,Infectious Diseases,5,38062,2017-07-04,2017-08-01,18.75,0.5,NMC,Fixed Term,Inactive,XL878544,LX917714,2031-03-16,2027-10-02,2026-04-18,2027-06-15,2017-07-25
EMP0082,Elaine,Ellis,morganphillip@example.org,1996-07-02,(0909) 879 0862,"9 Amy Passage
Masonmouth
SS4 8SG",Female,Riverside Integrated Care NHS Trust,Black,Barbados,Skilled Worker,Nursing,Healthcare Assistant,Critical Care & Anaesthesia,Intensive Care Unit,2,25484,2021-02-25,2021-03-25,30.0,0.8,HCPC,Fixed Term,On Leave,JH666846,FU230105,2030-07-17,2030-12-02,2026-07-16,2027-05-23,2021-03-18
EMP0083,Jayne,Martin,alexander95@example.org,1995-05-01,+442074960847,"214 Wright Station
Port James
DG76 6YS",Male,Lakeside District Hospitals NHS Trust,Asian,India,British Citizen,Admin,Data Analyst,Clinical Support Services,Pharmacy,8A,55257,2018-01-25,2018-03-08,15.0,0.4,HCPC,Fixed Term,Suspended,JJ768699,IF742836,2027-01-20,2027-08-28,2026-02-05,2027-04-12,2018-02-15
EMP0084,Hayley,Watson,billy51@example.com,2006-10-13,(0141) 4960677,"90 Barrett Coves
West Bernard
G97 4LS",Female,Northwood Mental Health NHS Trust,Black,Jamaica,Skilled Worker,Nursing,Nursery Nurse,Medicine & Acute Care,Oncology,2,26780,2022-04-09,2022-05-14,37.5,1.0,HCPC,Fixed Term,Inactive,SX068383,BY102782,2030-01-02,2028-09-01,2025-11-15,2027-04-08,2022-04-30
EMP0085,Kayleigh,Stone,rfoster@example.net,1981-10-30,+44161 496 0050,"Flat 65
Emma Skyway
Kateshire
N8 2EE",Female,Bluewater Community & Rehabilitation NHS Trust,Asian,China,British Citizen,Medical,Consultant,Medicine & Acute Care,Respiratory Medicine,CONS,122569,2019-12-14,2020-01-25,18.75,0.5,None,Fixed Term,On Leave,UQ171121,ML131268,2028-12-27,2030-09-04,2026-08-08,2026-12-19,2020-01-04
EMP0086,Cheryl,Briggs,wilsonkevin@example.net,1976-01-20,0151 4960377,"89 Brown Light
Margaretville
DT0H 0AU",Female,Lakeside District Hospitals NHS Trust,White,New Zealand,ILR,Medical,Registrar,Emergency & Urgent Care,Minor Injuries Unit,SPR,72457,2023-02-27,2023-04-03,37.5,1.0,GMC,Bank,Active,EA898915,CG923918,2031-05-09,2029-12-13,2025-10-03,2027-07-12,2023-03-20
EMP0087,Allan,Murphy,jamie94@example.net,1961-03-08,+44(0)808 157 0442,"96 Marilyn Plains
Aimeehaven
LE2H 9JJ",Male,Oakridge Community Services NHS Trust,White,New Zealand,Skilled Worker,Nursing,Senior Staff Nurse,Surgery & Cancer,Orthopaedics,6,46982,2022-05-31,2022-07-05,30.0,0.8,GMC,Fixed Term,Inactive,SW537247,CC566482,2027-08-25,2031-06-26,2026-01-04,2026-09-22,2022-06-21
EMP0088,Antony,Peters,lynne02@example.net,1990-06-12,+44115 496 0697,"Flat 53P
Wood Parks
South Daniel
BL5E 0LE",Male,Lakeside District Hospitals NHS Trust,Mixed,China,British Citizen,AHP,Occupational Therapist,Corporate Services,Communications,6,49091,2019-05-18,2019-06-22,20.0,0.53,None,Fixed Term,Active,WW442194,AH583336,2028-04-19,2031-01-20,2026-05-02,2027-03-08,2019-06-08
EMP0089,Paige,Higgins,lsmith@example.org,1977-08-08,+441154960186,"7 Ali Course
Lake Barry
NR52 3NS",Male,Lakeside District Hospitals NHS Trust,Mixed,Nigeria,Skilled Worker,Nursing,Nursery Nurse,Medicine & Acute Care,Nephrology,2,24347,2018-10-19,2018-11-23,15.0,0.4,HCPC,Permanent,Suspended,QD910276,LP459248,2026-09-21,2030-08-22,2026-08-25,2027-03-16,2018-11-09
EMP0090,Sophie,Whitehead,vbarton@example.com,1966-04-16,(029) 2018 0105,"61 Thompson Spring
Mandyton
N1F 5DL",Female,Southvale Hospitals NHS Trust,Black,Kenya,Skilled Worker,Nursing,Ward Manager,Corporate Services,Human Resources,8A,61756,2023-08-01,2023-09-05,37.5,1.0,None,Bank,Suspended,GN712408,HJ131905,2030-01-29,2027-06-03,2025-10-03,2026-12-09,2023-08-22
EMP0091,Hugh,O'Brien,chelsea23@example.com,2002-04-29,(0909) 879 0724,"Flat 6
Barbara Harbors
West Judith
G5 0HE",Female,Northshire University Hospitals NHS Trust,Black,South Africa,Dependent,Nursing,Nursery Nurse,Surgery & Cancer,Colorectal Surgery,2,24857,2019-04-01,2019-05-06,20.0,0.53,GMC,Permanent,Active,SH959946,LA292043,2030-11-05,2029-08-09,2025-11-02,2027-03-12,2019-04-22
EMP0092,Ben,Booth,billywhite@example.net,1965-02-16,(0118) 4960369,"Studio 40u
Butler Walk
Greenwoodfort
N9E 8UB",Female,Northshire University Hospitals NHS Trust,Mixed,Australia,Skilled Worker,AHP,Physiologist,Emergency & Urgent Care,Emergency Department,6,54146,2024-08-22,2024-09-19,18.75,0.5,GMC,Permanent,Active,VL089057,VM299192,2030-02-04,2030-05-04,2026-01-21,2027-03-01,2024-09-12
EMP0093,Judith,Gray,wleonard@example.com,1998-02-01,0115 496 0797,"Flat 11y
Bradley Ranch
New Josephine
HR61 7PP",Male,Northwood Mental Health NHS Trust,Black,Ghana,ILR,Admin,Receptionist,Clinical Support Services,Pathology,3,29639,2020-08-27,2020-10-08,30.0,0.8,NMC,Bank,Inactive,XV672349,GJ580089,2029-08-09,2031-01-26,2026-07-11,2027-06-23,2020-09-17
EMP0094,Terry,Curtis,sfreeman@example.com,1970-03-14,+4429 2018928,"Flat 35
West Grove
Thomasville
WF58 1DB",Female,Valleyview Mental Wellness NHS Trust,Mixed,Jamaica,ILR,Medical,GP,Surgery & Cancer,Colorectal Surgery,GP,102963,2021-11-17,2021-12-29,15.0,0.4,GMC,Fixed Term,Suspended,NP584758,SL759401,2030-08-20,2030-05-14,2026-01-30,2027-03-01,2021-12-08
EMP0095,Pauline,Yates,shardy@example.net,2003-11-26,+441184960948,"35 Daniel Centers
Traceyport
G0C 7QZ",Male,Westborough Acute Care NHS Trust,Mixed,Kenya,Dependent,Nursing,Ward Manager,Women & Children,Gynaecology,8A,61869,2017-03-03,2017-03-31,30.0,0.8,None,Fixed Term,Suspended,EQ648591,PO550767,2029-08-27,2030-03-17,2026-07-24,2026-10-30,2017-03-24
EMP0096,Ronald,Jones,francis13@example.org,2002-07-08,029 2018 0432,"Studio 24
Antony River
Port Andrewmouth
IG48 5TF",Female,Hillcrest Medical Centres NHS Trust,Asian,Thailand,ILR,AHP,Occupational Therapist,Surgery & Cancer,ENT Surgery,6,45680,2022-01-13,2022-02-10,18.75,0.5,NMC,Bank,Inactive,AB455939,CK778733,2029-11-18,2027-07-04,2026-08-28,2027-03-27,2022-02-03
EMP0097,Louise,Stevens,aparkes@example.net,1996-01-17,(0191) 496 0410,"Studio 4
Georgia Drives
New Lynnchester
EX4 9XA",Male,Westmere Community Health NHS Trust,White,United Kingdom,Dependent,Medical,FY1/FY2,Surgery & Cancer,Breast Surgery,FY1,36126,2018-04-16,2018-05-14,15.0,0.4,NMC,Fixed Term,On Leave,FS445664,XA004483,2027-08-11,2027-06-24,2026-09-08,2026-11-24,2018-05-07
EMP0098,Allan,Whitehead,john88@example.com,1968-09-13,0151 496 0427,"8 Little Village
Thomastown
DL17 5GL",Male,Southvale Hospitals NHS Trust,White,Australia,ILR,Admin,Receptionist,Emergency & Urgent Care,Ambulance Services,3,27145,2024-02-18,2024-03-31,18.75,0.5,GMC,Fixed Term,Inactive,AJ319592,OO946701,2026-11-07,2028-10-06,2025-12-23,2027-05-17,2024-03-10
EMP0099,Rebecca,Page,reynoldshenry@example.com,1981-03-21,02074960660,"Flat 9
Alison Unions
Lesliemouth
G30 2NZ",Female,Eastmoor Teaching Hospitals NHS Trust,Mixed,Thailand,Skilled Worker,Medical,GP,Corporate Services,Human Resources,GP,111672,2022-02-28,2022-03-28,20.0,0.53,HCPC,Fixed Term,On Leave,NX534690,FZ002400,2029-12-21,2028-04-21,2026-05-20,2027-05-26,2022-03-21
EMP0100,Sheila,Waters,gregory03@example.org,1961-11-11,01632 960 441,"62 Carole Route
East Jasonland
N8J 8AQ",Female,Southgate Community & Mental Health NHS Trust,Mixed,Japan,Skilled Worker,Admin,Administrator,Surgery & Cancer,Neurosurgery,3,29896,2025-01-27,2025-03-10,20.0,0.53,None,Permanent,On Leave,ZB448228,FI199546,2028-11-30,2028-04-11,2025-10-18,2027-04-24,2025-02-17
EMP0101,Charlene,Wright,edwardsamber@example.net,1967-02-23,+44(0)306 999 0532,"510 Marilyn Tunnel
Robertsside
M41 1YJ",Male,Valleyview Mental Wellness NHS Trust,White,New Zealand,Skilled Worker,AHP,Radiographer,Critical Care & Anaesthesia,Intensive Care Unit,6,48395,2020-12-04,2021-01-08,37.5,1.0,GMC,Fixed Term,Active,LV912138,SB093600,2029-05-31,2029-10-23,2026-07-25,2027-08-24,2020-12-25
EMP0102,Guy,Johnson,joel52@example.net,1964-08-02,+44(0)306 9990715,"Studio 41
Kathryn Road
South Scotttown
SY46 8BT",Female,Westborough Acute Care NHS Trust,White,Australia,Dependent,Admin,Receptionist,Medicine & Acute Care,Nephrology,3,30826,2023-09-20,2023-11-01,30.0,0.8,NMC,Fixed Term,On Leave,FZ463337,LS193211,2029-03-23,2029-11-29,2026-02-13,2026-10-26,2023-10-11
EMP0103,Julie,Lee,marc75@example.net,1971-03-09,+44(0)289018789,"Studio 22
Glenn Plains
Port Geoffreyfort
S61 5GB",Female,Meadowbrook Community Health NHS Trust,Black,Nigeria,British Citizen,Nursing,Charge Nurse,Corporate Services,Facilities Management,7,62732,2017-03-10,2017-04-14,37.5,1.0,GMC,Bank,Suspended,BR731059,QD683241,2031-08-18,2030-11-27,2026-05-22,2027-02-08,2017-03-31
EMP0104,Maureen,Adams,coxtina@example.net,1963-07-22,0121 496 0231,"2 Wood Harbors
Amberburgh
KY2H 8HD",Male,Bluewater Community & Rehabilitation NHS Trust,Mixed,Ghana,Skilled Worker,Nursing,Nursery Nurse,Emergency & Urgent Care,Ambulance Services,2,27267,2021-04-22,2021-05-27,18.75,0.5,NMC,Bank,Inactive,TL013544,CM575029,2026-12-04,2030-09-19,2026-04-14,2027-05-29,2021-05-13
EMP0105,Julie,Spencer,ypreston@example.com,1961-10-13,(0131) 496 0955,"7 Roberts Highway
Mitchelltown
N50 1NR",Female,Oakridge Community Services NHS Trust,Black,Nigeria,Dependent,AHP,Speech Therapist,Women & Children,Postnatal Care,6,47284,2024-06-03,2024-07-15,15.0,0.4,NMC,Permanent,On Leave,QM492891,NP485649,2027-11-09,2028-09-03,2026-08-12,2026-11-27,2024-06-24
EMP0106,Eric,Cook,louise27@example.net,1998-02-17,+44(0)20 7496 0303,"Flat 3
Pearson Flats
Jennaside
G3 1PH",Female,Meadowbrook Community Health NHS Trust,Black,Trinidad and Tobago,Dependent,AHP,Pharmacist,Surgery & Cancer,Colorectal Surgery,5,39805,2017-05-13,2017-06-17,20.0,0.53,None,Bank,Active,RA450837,GQ399180,2026-10-27,2031-01-09,2026-02-07,2026-12-24,2017-06-03
EMP0107,Margaret,Cunningham,osaunders@example.net,1967-07-01,0118 4960552,"259 Mason Ferry
West Georginamouth
L71 1ZW",Male,Northwood Mental Health NHS Trust,White,Canada,ILR,Medical,GP,Medicine & Acute Care,Geriatrics,GP,106569,2020-08-06,2020-09-10,18.75,0.5,NMC,Permanent,On Leave,TM901641,FM699845,2027-06-28,2030-05-30,2025-12-28,2027-08-18,2020-08-27
EMP0108,Hayley,Harvey,ldodd@example.org,2003-03-07,0118 4960769,"43 Carol Lake
Port Richard
G78 2FR",Female,Midlands Central Hospitals NHS Trust,Asian,India,Dependent,AHP,Occupational Therapist,Emergency & Urgent Care,Urgent Care,6,54929,2026-06-05,2026-07-03,37.5,1.0,GMC,Fixed Term,Suspended,WW485547,FS357390,2028-05-14,2029-01-13,2026-08-23,2027-03-13,2026-06-26
EMP0109,Jill,Wilkinson,andreadavison@example.net,1963-08-05,+44306 9990932,"820 Williamson Row
New Jakeburgh
L5B 0GU",Female,Greenhaven Acute & Specialist Care NHS Trust,Black,Nigeria,British Citizen,AHP,Physiologist,Surgery & Cancer,Breast Surgery,6,44522,2020-10-14,2020-11-25,18.75,0.5,NMC,Permanent,Inactive,GS204057,YK569562,2026-09-14,2030-02-16,2026-04-07,2026-09-13,2020-11-04
EMP0110,Frank,Glover,ejones@example.org,1999-07-05,(0114)4960684,"24 Rosie Extension
Lake Sianchester
B69 5SZ",Male,Valleyview Mental Wellness NHS Trust,White,New Zealand,ILR,Medical,GP,Corporate Services,Facilities Management,GP,103518,2017-02-25,2017-03-25,30.0,0.8,HCPC,Bank,Suspended,ZA252345,PQ838445,2028-02-24,2029-12-12,2025-12-04,2026-11-12,2017-03-18
EMP0111,Lawrence,Reynolds,tturner@example.net,2002-02-20,(0151) 4960285,"87 Conor Fields
Stephensmouth
L9 5UL",Male,Midlands Central Hospitals NHS Trust,Asian,India,British Citizen,Admin,Data Analyst,Surgery & Cancer,General Surgery,8A,67441,2023-04-25,2023-05-23,30.0,0.8,NMC,Fixed Term,Active,AH445342,KU735874,2026-10-24,2030-05-08,2026-02-03,2026-12-12,2023-05-16
EMP0112,Karen,Rogers,katherine77@example.com,1973-03-28,(0116)4960632,"Flat 18
Stacey Crest
Jonesville
S73 2FQ",Male,Westborough Acute Care NHS Trust,Black,Trinidad and Tobago,Dependent,AHP,Physiologist,Emergency & Urgent Care,Ambulance Services,6,54736,2025-09-16,2025-10-21,18.75,0.5,NMC,Fixed Term,Suspended,PN923143,RD755634,2026-10-16,2031-09-02,2025-12-24,2026-12-24,2025-10-07
EMP0113,Abigail,Ward,lindsey27@example.org,1996-02-15,(0141) 496 0201,"16 Ford Creek
Port Carolineshire
LE79 7AP",Female,Meadowbrook Community Health NHS Trust,Asian,Japan,British Citizen,Nursing,Nursery Nurse,Surgery & Cancer,ENT Surgery,2,27065,2025-02-22,2025-03-29,30.0,0.8,HCPC,Fixed Term,On Leave,WF806730,KS986632,2028-02-07,2027-04-23,2025-11-08,2027-05-08,2025-03-15
EMP0114,Adrian,Turnbull,bradleycharlie@example.net,1971-06-28,01164960519,"Flat 52c
Abigail Views
Bateshaven
RM79 8AP",Female,Northshire University Hospitals NHS Trust,White,United States,Skilled Worker,Admin,Administrator,Clinical Support Services,Physiotherapy,3,31476,2024-12-13,2025-01-24,20.0,0.53,NMC,Bank,Suspended,FG955241,UK418594,2027-05-22,2026-12-03,2026-06-01,2027-02-24,2025-01-03
EMP0115,Jayne,O'Neill,taylorelliot@example.org,1982-02-18,+4429 2018880,"862 Davies Curve
Jodiemouth
W8J 8HF",Male,Broadfield Clinical Services NHS Trust,Black,Trinidad and Tobago,ILR,Nursing,Charge Nurse,Women & Children,Gynaecology,7,64252,2017-10-15,2017-11-26,30.0,0.8,HCPC,Bank,Inactive,TT158833,RN805495,2031-01-03,2029-02-13,2025-09-30,2027-03-22,2017-11-05
EMP0116,Bryan,Patel,mary84@example.com,1969-07-06,+441184960676,"7 Hussain Stream
Evansview
W8 6ZW",Male,Oakridge Community Services NHS Trust,Asian,Thailand,British Citizen,Nursing,Nursery Nurse,Clinical Support Services,Pharmacy,2,25468,2025-10-04,2025-11-01,15.0,0.4,GMC,Fixed Term,Active,RC655429,NI654880,2026-12-20,2027-01-12,2026-06-05,2027-06-30,2025-10-25
EMP0117,Carly,Evans,vedwards@example.net,1990-12-23,+44(0)1632960250,"Flat 05i
Jones Mountains
Lawsonborough
S4A 7AR",Female,Eastmoor Teaching Hospitals NHS Trust,White,New Zealand,Dependent,Admin,Receptionist,Clinical Support Services,Pharmacy,3,26974,2021-01-31,2021-02-28,15.0,0.4,NMC,Fixed Term,Suspended,RY720297,AF966891,2029-01-10,2028-09-12,2026-08-11,2026-11-27,2021-02-21
EMP0118,Elaine,Barnes,geoffrey28@example.org,1961-11-20,+44(0)1154960776,"Studio 63u
Rhodes Square
East Owenstad
LU0A 3WT",Male,Valleyview Mental Wellness NHS Trust,Mixed,China,Skilled Worker,Admin,Administrator,Medicine & Acute Care,Oncology,3,31987,2023-01-15,2023-02-19,30.0,0.8,GMC,Fixed Term,Inactive,LE571028,ZZ190223,2027-02-18,2027-12-09,2025-09-11,2027-01-18,2023-02-05
EMP0119,Lynne,Wong,kellychristine@example.org,2008-05-10,(029) 2018 0215,"Studio 65
Joe Inlet
Kingland
G5H 3AD",Female,Southvale Hospitals NHS Trust,White,United States,Dependent,Admin,Data Analyst,Medicine & Acute Care,Infectious Diseases,8A,62086,2023-02-04,2023-03-04,18.75,0.5,GMC,Permanent,Active,JE250500,OE225696,2031-04-05,2027-04-01,2026-03-23,2026-12-28,2023-02-25
EMP0120,Phillip,Williamson,rosegerard@example.org,1997-04-22,+44(0)117 496 0207,"85 Spencer Parkways
Heatherchester
BL6 5ZP",Female,Lakeside District Hospitals NHS Trust,Asian,Thailand,ILR,Admin,Receptionist,Medicine & Acute Care,Acute Medicine,3,30159,2023-09-05,2023-10-10,18.75,0.5,GMC,Fixed Term,Active,ZJ667497,PY290930,2029-02-10,2029-03-25,2026-08-28,2027-04-28,2023-09-26
EMP0121,Lydia,Gibson,davidmoore@example.org,1992-01-08,+44117 496 0893,"0 Byrne Mission
Janetton
BS7 7DS",Male,Westborough Acute Care NHS Trust,Asian,Thailand,Skilled Worker,AHP,Physiotherapist,Emergency & Urgent Care,Emergency Department,6,48779,2019-06-19,2019-07-24,20.0,0.53,NMC,Bank,Suspended,UN509624,WY382445,2028-07-05,2029-08-05,2026-08-30,2027-03-13,2019-07-10
EMP0122,Marcus,Frost,mitchelllane@example.net,1992-10-12,0141 4960575,"Flat 08d
Thompson Overpass
West Kimview
CO62 8HJ",Female,Horizon Integrated Health Partnership NHS Trust,Asian,Japan,British Citizen,Nursing,Ward Manager,Critical Care & Anaesthesia,Pain Management,8A,67381,2023-12-12,2024-01-23,30.0,0.8,NMC,Permanent,Suspended,ER304957,NK517971,2031-06-07,2027-10-17,2026-01-29,2027-08-27,2024-01-02
EMP0123,Gareth,Harvey,bradley32@example.net,1988-06-16,020 7946 0986,"Studio 97
Taylor Common
Port Megan
GU44 2AW",Male,Riverside Integrated Care NHS Trust,White,United Kingdom,Skilled Worker,AHP,Occupational Therapist,Women & Children,Gynaecology,6,45128,2020-12-23,2021-01-20,30.0,0.8,NMC,Bank,On Leave,WC206847,MJ572431,2031-03-06,2030-08-08,2026-01-03,2027-02-06,2021-01-13
EMP0124,Susan,Jones,elizabeth35@example.net,1974-02-11,01632 960 296,"Flat 6
Moss Freeway
Port Jodie
CM0 6EE",Male,Oakridge Community Services NHS Trust,Mixed,Japan,ILR,Admin,Receptionist,Women & Children,Gynaecology,3,27514,2023-05-28,2023-07-09,18.75,0.5,NMC,Bank,On Leave,RU762812,JY188605,2028-06-15,2031-02-20,2026-07-05,2027-04-01,2023-06-18
EMP0125,Stewart,Hall,goodwinjade@example.org,1980-05-01,+44(0)1514960084,"Flat 82
Graham Creek
Port Ryanborough
NN9 3BE",Male,Greenhaven Acute & Specialist Care NHS Trust,Asian,Thailand,British Citizen,Medical,Registrar,Critical Care & Anaesthesia,Intensive Care Unit,SPR,80680,2024-06-26,2024-08-07,18.75,0.5,GMC,Bank,Active,ZX260397,GO373315,2028-12-06,2026-09-18,2026-05-21,2027-06-20,2024-07-17
EMP0126,Kirsty,Bryant,akhtarraymond@example.com,1976-10-14,(0116)4960574,"Studio 36
Margaret Forge
New Kimberleyport
EN6 7DB",Female,Southvale Hospitals NHS Trust,White,Australia,Skilled Worker,Admin,Receptionist,Emergency & Urgent Care,Minor Injuries Unit,3,28687,2026-02-12,2026-03-12,37.5,1.0,NMC,Fixed Term,On Leave,IJ623477,JN255933,2030-10-10,2029-06-19,2026-08-14,2026-11-21,2026-03-05
EMP0127,Marion,Higgins,tuckergail@example.com,1970-12-13,(0121) 4960370,"Flat 83
Joanne Parks
East Amystad
E2 2LJ",Male,Bluewater Community & Rehabilitation NHS Trust,White,Canada,ILR,Nursing,Staff Nurse,Corporate Services,Finance,5,39359,2020-01-06,2020-02-03,30.0,0.8,GMC,Permanent,Active,EO765803,FQ923071,2028-04-28,2030-09-23,2026-03-15,2027-02-11,2020-01-27
EMP0128,Amanda,Hilton,phillip93@example.org,1967-10-09,(0118) 4960075,"Flat 9
Shane Road
North Jeffrey
B0 0FS",Female,Oakridge Community Services NHS Trust,Black,Nigeria,British Citizen,Medical,Registrar,Corporate Services,Finance,SPR,65527,2017-03-15,2017-04-12,20.0,0.53,None,Fixed Term,Inactive,EI639932,VO690158,2031-04-07,2026-11-20,2026-06-07,2026-09-26,2017-04-05
EMP0129,Kyle,Leach,danielleiqbal@example.org,1994-08-17,(0113)4960170,"Studio 07E
Smith Parkways
Lake Stephanietown
S3H 3RJ",Male,Greenhaven Acute & Specialist Care NHS Trust,Mixed,United Kingdom,Skilled Worker,Medical,SHO,Women & Children,Postnatal Care,SHO,59894,2023-12-14,2024-01-25,15.0,0.4,GMC,Fixed Term,Active,JF497540,HQ249325,2027-04-30,2029-08-31,2026-05-29,2027-05-15,2024-01-04
EMP0130,Alan,Martin,louisenash@example.net,1981-12-03,0131 4960441,"234 Nicholson Fords
New Guy
S8 3ZY",Male,Bluewater Community & Rehabilitation NHS Trust,Mixed,Nigeria,Skilled Worker,Medical,GP,Critical Care & Anaesthesia,Anaesthesia,GP,91630,2022-05-23,2022-06-20,18.75,0.5,None,Bank,Inactive,YB959253,RI077015,2028-09-12,2029-09-22,2026-03-21,2027-06-05,2022-06-13
EMP0131,Sophie,Williams,pobrien@example.net,2008-08-19,028 9018 0025,"Flat 42c
Kirsty Streets
North Timothy
TN5N 7RA",Female,Oakridge Community Services NHS Trust,Black,Trinidad and Tobago,Skilled Worker,Admin,Administrator,Emergency & Urgent Care,Emergency Department,3,29552,2023-08-01,2023-09-05,37.5,1.0,GMC,Fixed Term,Suspended,VA348196,DI038505,2028-04-28,2028-12-21,2026-05-26,2026-11-22,2023-08-22
EMP0132,Victor,Goddard,naomi03@example.org,2002-03-31,+44(0)306 9990123,"864 Poole Square
North Julia
W23 1TZ",Female,Greenhaven Acute & Specialist Care NHS Trust,White,Australia,British Citizen,Medical,FY1/FY2,Clinical Support Services,Radiology,FY1,37510,2024-08-17,2024-09-14,18.75,0.5,None,Bank,Suspended,UC182077,XR006934,2030-01-09,2031-05-12,2026-03-23,2027-07-28,2024-09-07
EMP0133,Helen,Hayward,walkerbethan@example.net,1984-09-24,(0113)4960847,"93 Blackburn Avenue
Alexhaven
W28 5GB",Male,Northwood Mental Health NHS Trust,Asian,Japan,Skilled Worker,Medical,SHO,Corporate Services,Facilities Management,SHO,46026,2020-03-30,2020-05-04,30.0,0.8,None,Fixed Term,On Leave,KQ980038,FU438832,2029-12-13,2027-12-24,2025-09-28,2027-07-04,2020-04-20
EMP0134,Georgina,Mills,uflynn@example.org,1984-06-18,0141 496 0509,"Studio 09
Jamie Club
Elaineton
HA01 2LE",Female,Midlands Central Hospitals NHS Trust,Mixed,Jamaica,ILR,Nursing,Senior Staff Nurse,Clinical Support Services,Pathology,6,50003,2020-12-25,2021-01-29,37.5,1.0,NMC,Permanent,Inactive,TC316392,KD338269,2029-07-13,2028-04-03,2026-02-19,2026-10-29,2021-01-15
EMP0135,Rita,Hayes,twilson@example.com,1995-09-12,0909 879 0731,"67 Butcher Burg
South Natalie
GL1H 6AP",Female,Southgate Community & Mental Health NHS Trust,Mixed,Barbados,British Citizen,Nursing,Charge Nurse,Women & Children,Obstetrics,7,64021,2021-08-17,2021-09-14,18.75,0.5,None,Permanent,Suspended,JT264207,HD222667,2027-08-28,2030-03-28,2026-08-09,2027-03-06,2021-09-07
EMP0136,Janet,Haynes,marilyn84@example.com,1989-07-11,+441184960620,"Flat 91v
Moss Pike
Jamesborough
TA9 0FH",Male,Eastmoor Teaching Hospitals NHS Trust,Black,Barbados,Dependent,AHP,Occupational Therapist,Women & Children,Paediatrics,6,54656,2018-01-09,2018-02-06,30.0,0.8,GMC,Permanent,Active,IY876710,GQ042449,2028-03-04,2029-11-19,2026-05-22,2027-04-21,2018-01-30
EMP0137,Harriet,Walker,harveykelly@example.net,1986-07-01,+441184960240,"73 Johnson Lakes
South Alice
LS3 5SG",Female,Broadfield Clinical Services NHS Trust,Asian,Thailand,ILR,Admin,Medical Secretary,Women & Children,Obstetrics,4,32022,2017-03-19,2017-04-30,15.0,0.4,GMC,Bank,Suspended,ZB718126,YX739372,2028-11-19,2029-08-04,2026-06-26,2026-11-26,2017-04-09
EMP0138,Ashleigh,Webster,eclark@example.net,1996-09-19,01632960427,"Flat 33r
Harrison Walk
West Kayleigh
IG25 8AJ",Male,Oakridge Community Services NHS Trust,Mixed,Nigeria,Skilled Worker,Admin,Receptionist,Emergency & Urgent Care,Emergency Department,3,29819,2023-01-25,2023-03-01,30.0,0.8,HCPC,Fixed Term,Inactive,TI111209,YK397754,2029-05-01,2030-07-03,2026-07-15,2026-11-01,2023-02-15
EMP0139,Victor,Cox,buckleymelanie@example.net,1972-09-17,(0161) 496 0291,"Flat 6
Brooks Falls
West Ryan
B0 6FS",Female,Westborough Acute Care NHS Trust,Asian,India,ILR,Nursing,Staff Nurse,Medicine & Acute Care,General Surgery,5,41263,2018-12-01,2018-12-29,37.5,1.0,None,Permanent,Suspended,JO150662,GK287670,2029-05-05,2027-06-18,2026-06-10,2026-10-04,2018-12-22
EMP0140,Emily,Gibson,opritchard@example.net,1988-01-05,0131 4960774,"55 Adrian Alley
East Susan
SG86 7TR",Female,Eastmoor Teaching Hospitals NHS Trust,Asian,India,Dependent,AHP,Physiologist,Clinical Support Services,Pharmacy,6,46600,2020-09-27,2020-11-08,15.0,0.4,None,Fixed Term,Active,XJ061004,MO164107,2030-03-11,2028-08-27,2026-07-05,2027-06-29,2020-10-18
EMP0141,Fiona,Holmes,xknight@example.org,1964-09-12,(0909) 8790496,"68 Iain Land
Patelland
N42 5SL",Female,Bluewater Community & Rehabilitation NHS Trust,White,Australia,Dependent,AHP,Occupational Therapist,Clinical Support Services,Pharmacy,6,49147,2024-03-03,2024-04-14,15.0,0.4,GMC,Permanent,On Leave,GN556451,FT053481,2028-08-20,2030-10-03,2025-10-06,2027-04-04,2024-03-24
EMP0142,Elliot,Morgan,zbrown@example.org,1974-11-25,+44(0)909 8790115,"Studio 3
Terence Cliff
Whiteberg
ME2E 0UH",Female,Riverside Integrated Care NHS Trust,White,Canada,British Citizen,Nursing,Charge Nurse,Women & Children,Postnatal Care,7,53532,2025-11-03,2025-12-15,15.0,0.4,NMC,Fixed Term,Active,GQ831358,WW176622,2030-05-09,2029-07-06,2025-11-26,2027-02-16,2025-11-24
EMP0143,Christian,Barton,dianaaustin@example.net,1973-07-23,(0141) 4960968,"Studio 6
Alison Grove
Nicholasville
NP1Y 7LY",Female,Riverside Integrated Care NHS Trust,White,United Kingdom,British Citizen,Medical,Registrar,Emergency & Urgent Care,Minor Injuries Unit,SPR,65187,2025-12-14,2026-01-18,37.5,1.0,None,Fixed Term,Suspended,CL928744,ME962982,2027-12-01,2030-08-04,2025-11-22,2027-02-22,2026-01-04
EMP0144,Fiona,Payne,hthomas@example.org,1975-10-16,+44121 496 0725,"Flat 52X
Julie Turnpike
Port Allanchester
DL2M 7GZ",Male,Westborough Acute Care NHS Trust,Mixed,Ghana,ILR,Admin,Administrator,Surgery & Cancer,General Surgery,3,28525,2017-04-28,2017-06-02,37.5,1.0,HCPC,Bank,On Leave,GP451795,TR843437,2031-07-19,2028-10-07,2025-10-08,2026-09-16,2017-05-19
EMP0145,Liam,Brown,levans@example.com,1987-07-12,+44(0)28 9018333,"Studio 35
Byrne Stream
McDonaldville
DN0R 0DR",Female,Riverbank General Hospitals NHS Trust,Black,Jamaica,Dependent,Medical,Registrar,Critical Care & Anaesthesia,Anaesthesia,SPR,69233,2018-03-11,2018-04-15,15.0,0.4,GMC,Fixed Term,Suspended,IF402924,JR566461,2030-09-01,2028-02-20,2026-03-16,2027-09-05,2018-04-01
EMP0146,Shirley,Wells,xdonnelly@example.com,1963-09-22,(0117) 496 0485,"Studio 34
Ali Landing
Lake Wayne
CR6H 8PP",Female,Oakridge Community Services NHS Trust,Black,Ghana,Skilled Worker,AHP,Occupational Therapist,Emergency & Urgent Care,Urgent Care,6,45792,2024-12-19,2025-01-30,20.0,0.53,HCPC,Permanent,On Leave,VW569829,FF671940,2030-05-31,2030-12-15,2025-10-29,2026-12-17,2025-01-09
EMP0147,Kayleigh,Stewart,cameronjack@example.net,1991-05-15,+44116 4960569,"497 Hall Parkway
East Kathleen
EH5 1SG",Female,Greenhaven Acute & Specialist Care NHS Trust,Mixed,United Kingdom,Skilled Worker,AHP,Radiographer,Clinical Support Services,Occupational Therapy,6,52125,2024-12-25,2025-02-05,15.0,0.4,NMC,Bank,On Leave,JN195419,NC004971,2028-10-05,2030-03-28,2025-10-21,2026-12-12,2025-01-15
EMP0148,Anna,Howe,goodwinlorraine@example.com,2002-03-04,0161 496 0015,"335 Melissa Streets
Curtisport
RH3E 5UZ",Female,Riverbank General Hospitals NHS Trust,Black,Barbados,British Citizen,Admin,Administrator,Surgery & Cancer,ENT Surgery,3,26800,2021-01-06,2021-02-17,30.0,0.8,HCPC,Fixed Term,Active,KV575264,AH653695,2026-10-14,2030-07-19,2026-06-18,2026-11-03,2021-01-27
EMP0149,Douglas,Khan,webstermichael@example.com,1986-07-15,(0116) 496 0536,"Flat 4
Anderson Land
Bryanberg
HG56 3LD",Male,Bluewater Community & Rehabilitation NHS Trust,Black,Nigeria,ILR,AHP,Radiographer,Medicine & Acute Care,Haematology,6,45858,2020-09-17,2020-10-15,37.5,1.0,None,Fixed Term,Active,CM301899,QJ722861,2027-01-18,2027-07-16,2025-10-24,2027-05-24,2020-10-08
EMP0150,Maria,Bell,beth33@example.net,1968-01-04,+44(0)29 2018 0365,"76 Marcus Hill
Karenville
HS4A 0DL",Male,Southgate Community & Mental Health NHS Trust,Mixed,Canada,Dependent,AHP,Occupational Therapist,Women & Children,Postnatal Care,6,46023,2024-04-27,2024-05-25,18.75,0.5,NMC,Bank,On Leave,XE723803,GC742362,2027-11-25,2029-07-29,2025-10-09,2026-11-03,2024-05-18
EMP0151,Dawn,Baldwin,shaunarmstrong@example.net,1983-11-15,(0118) 4960141,"997 Charlie Inlet
Maureenfort
CW3H 0HR",Male,Riverbank General Hospitals NHS Trust,Black,Trinidad and Tobago,British Citizen,Medical,FY1/FY2,Emergency & Urgent Care,Ambulance Services,FY1,36754,2026-04-18,2026-05-30,20.0,0.53,NMC,Fixed Term,On Leave,PB780447,WD698749,2029-07-19,2031-05-29,2026-05-24,2027-08-12,2026-05-09
EMP0152,Wayne,Collins,robinsonjoseph@example.net,1986-09-02,0306 9990263,"Flat 07I
Maurice Coves
Harrisview
B2 0BP",Female,Northshire University Hospitals NHS Trust,Black,Kenya,British Citizen,Admin,Administrator,Corporate Services,Facilities Management,3,28000,2018-11-05,2018-12-17,20.0,0.53,HCPC,Fixed Term,Inactive,MX142775,CK879573,2030-11-30,2030-07-01,2025-10-08,2027-05-10,2018-11-26
EMP0153,Leonard,Harvey,connorwright@example.net,1968-12-25,(029)2018175,"Flat 2
Powell Trace
Valerietown
E5C 0UX",Male,Riverbank General Hospitals NHS Trust,White,Canada,British Citizen,Nursing,Nursery Nurse,Medicine & Acute Care,Cardiology,2,27854,2017-09-21,2017-11-02,20.0,0.53,NMC,Permanent,Suspended,FC828030,UF504087,2030-03-13,2029-07-10,2025-11-09,2027-05-07,2017-10-12
EMP0154,Kayleigh,Evans,turnerlynda@example.org,2005-12-04,+44(0)29 2018 0505,"73 Owen Drive
Bradshawborough
E25 8NG",Female,Northwood Mental Health NHS Trust,Black,Trinidad and Tobago,Skilled Worker,Medical,Consultant,Medicine & Acute Care,Infectious Diseases,CONS,137691,2019-10-01,2019-11-05,20.0,0.53,GMC,Bank,Active,KI121268,WI248449,2030-04-06,2028-03-31,2026-05-23,2027-04-13,2019-10-22
EMP0155,Stacey,Stevens,waustin@example.com,1967-08-08,+44151 4960401,"Flat 20M
Dorothy Prairie
Michelleshire
S1 1LH",Female,Northshire University Hospitals NHS Trust,Black,South Africa,Dependent,Medical,Registrar,Clinical Support Services,Pharmacy,SPR,83233,2022-06-23,2022-07-28,30.0,0.8,None,Bank,On Leave,FS562515,GE097227,2027-07-30,2029-10-12,2026-03-14,2026-10-20,2022-07-14
EMP0156,Timothy,Morgan,christian20@example.com,1970-01-31,+44(0)113 4960910,"Studio 69
Vincent Row
New Ian
AB71 3QD",Male,Midlands Central Hospitals NHS Trust,Asian,Thailand,British Citizen,AHP,Physiotherapist,Surgery & Cancer,ENT Surgery,6,49463,2022-08-29,2022-10-10,20.0,0.53,GMC,Bank,Inactive,QU084805,FO610703,2029-02-22,2030-09-02,2026-01-25,2027-03-01,2022-09-19
EMP0157,Samuel,Payne,johnsonnigel@example.net,1964-04-18,01164960435,"Studio 09
Julia Fall
Reesshire
G64 1JR",Female,Meadowbrook Community Health NHS Trust,Black,Nigeria,Skilled Worker,Nursing,Staff Nurse,Corporate Services,IT Support,5,44667,2017-01-04,2017-02-15,15.0,0.4,NMC,Fixed Term,Active,HL304209,MS149275,2029-01-23,2030-06-28,2026-06-20,2027-05-30,2017-01-25
EMP0158,Roger,Saunders,jeffreysmith@example.com,2006-04-10,+44(0)909 879 0715,"Flat 21M
Whitehead Lodge
South Howard
L4 5BB",Male,Southvale Hospitals NHS Trust,White,United Kingdom,Dependent,AHP,Speech Therapist,Medicine & Acute Care,Dermatology,6,47201,2026-03-30,2026-05-11,37.5,1.0,GMC,Bank,Active,YE198183,CS152620,2030-03-06,2027-08-06,2026-01-07,2026-09-29,2026-04-20
EMP0159,Leah,Singh,gordonmurray@example.com,1965-04-20,(0151)4960062,"Studio 66Y
Janice Stream
Charlottechester
L1D 2RL",Female,Oakridge Community Services NHS Trust,Asian,Japan,ILR,AHP,Speech Therapist,Medicine & Acute Care,General Surgery,6,49551,2025-09-07,2025-10-19,20.0,0.53,NMC,Permanent,Active,YH958008,QJ255574,2030-11-09,2028-09-17,2025-11-11,2027-05-07,2025-09-28
EMP0160,Marcus,Thompson,pricestewart@example.com,1965-01-22,(01632)960886,"Flat 32Q
Ward Rest
Russellland
AB01 3LP",Male,Broadfield Clinical Services NHS Trust,Black,Barbados,Skilled Worker,AHP,Occupational Therapist,Emergency & Urgent Care,Emergency Department,6,51820,2018-08-24,2018-09-28,18.75,0.5,HCPC,Fixed Term,Inactive,RY876908,VR342445,2030-05-29,2029-05-22,2025-12-12,2027-04-05,2018-09-14
EMP0161,Christine,Hall,rickyrees@example.org,1981-02-26,01914960041,"772 Gerald Mission
North Alexandra
E1 0NE",Male,Northwood Mental Health NHS Trust,Asian,China,ILR,Medical,SHO,Emergency & Urgent Care,Minor Injuries Unit,SHO,47034,2023-08-12,2023-09-09,20.0,0.53,HCPC,Permanent,On Leave,NS566252,ON076164,2027-01-07,2030-12-23,2025-09-14,2027-07-02,2023-09-02
EMP0162,Lucy,Hughes,rileylorraine@example.net,2001-06-29,(0117) 4960425,"184 Thompson Extensions
Lake Alicefurt
S06 0HS",Female,Bluewater Community & Rehabilitation NHS Trust,Asian,Japan,British Citizen,Medical,Registrar,Critical Care & Anaesthesia,Anaesthesia,SPR,72599,2025-02-27,2025-04-10,15.0,0.4,HCPC,Permanent,Suspended,QX212221,TK222240,2027-01-26,2027-07-23,2026-04-06,2027-07-02,2025-03-20
EMP0163,Hazel,Davis,morleyalexandra@example.com,1997-05-31,+44(0)1164960823,"Flat 34
Murphy Prairie
West Reece
WR8 0EP",Female,Valleyview Mental Wellness NHS Trust,Asian,Thailand,Dependent,Admin,Data Analyst,Corporate Services,Human Resources,8A,56035,2018-11-17,2018-12-22,20.0,0.53,NMC,Fixed Term,Active,MN756418,UJ395745,2030-12-31,2031-06-19,2026-01-13,2027-08-11,2018-12-08
EMP0164,Graham,Tucker,matthew18@example.net,2002-07-19,+44(0)306 9990788,"Studio 0
Patel Islands
New Clareside
N0 2HB",Male,Lakeside District Hospitals NHS Trust,White,United States,Dependent,Admin,Receptionist,Medicine & Acute Care,Acute Medicine,3,28168,2025-01-02,2025-02-13,18.75,0.5,NMC,Bank,Suspended,AQ192372,YW694728,2028-03-24,2031-04-10,2025-12-06,2026-11-01,2025-01-23
EMP0165,Tina,Sullivan,megan22@example.net,1960-10-21,+44(0)289018212,"Flat 61c
May Meadow
Stevenchester
B7 5DA",Male,Southvale Hospitals NHS Trust,Asian,Thailand,ILR,Medical,Consultant,Critical Care & Anaesthesia,Pain Management,CONS,126253,2023-05-19,2023-06-30,20.0,0.53,None,Fixed Term,Inactive,AO674151,TN216124,2031-05-12,2030-10-07,2026-01-01,2027-07-17,2023-06-09
EMP0166,Carol,Jones,rossgreen@example.net,1971-03-16,+44113 4960868,"329 Morris Turnpike
West Stuartborough
RM0M 4NH",Female,Midlands Central Hospitals NHS Trust,Asian,India,ILR,AHP,Pharmacist,Emergency & Urgent Care,Minor Injuries Unit,5,40314,2025-08-19,2025-09-23,30.0,0.8,HCPC,Fixed Term,On Leave,TX554949,WP255033,2031-01-20,2027-11-05,2025-10-16,2027-03-06,2025-09-09
EMP0167,Lynn,Carr,dianejones@example.org,1976-05-02,(0808)1570144,"Flat 12k
Raymond Islands
New Graham
S1S 9RE",Female,Hillcrest Medical Centres NHS Trust,Black,Nigeria,British Citizen,AHP,Radiographer,Surgery & Cancer,ENT Surgery,6,49215,2017-06-03,2017-07-08,20.0,0.53,GMC,Fixed Term,Suspended,GM434134,VH757851,2027-09-25,2026-12-19,2026-03-05,2027-07-02,2017-06-24
EMP0168,Brian,Davies,williamselaine@example.net,1994-07-20,01174960124,"Flat 2
Lawrence Islands
West Harriet
M26 5EL",Male,Meadowbrook Community Health NHS Trust,Asian,Japan,Skilled Worker,Nursing,Staff Nurse,Emergency & Urgent Care,Minor Injuries Unit,5,41836,2023-05-31,2023-07-05,30.0,0.8,GMC,Bank,Suspended,LJ540525,NU992620,2028-05-22,2030-12-28,2026-06-12,2027-07-19,2023-06-21
EMP0169,Jennifer,Jones,albert42@example.com,1968-10-02,+44141 496 0986,"Flat 88
Kelly Gardens
Port Adamborough
E5J 0TF",Male,Eastfield Psychological Services NHS Trust,Asian,India,Skilled Worker,Nursing,Ward Manager,Emergency & Urgent Care,Urgent Care,8A,67046,2025-03-07,2025-04-11,18.75,0.5,GMC,Fixed Term,Active,QL957847,YL053912,2029-01-25,2027-01-11,2026-05-22,2027-03-24,2025-03-28
EMP0170,Harriet,Wilson,olivia65@example.org,1984-09-06,(0113) 4960252,"05 Mark Lights
Andersonfort
S2 3QX",Male,Riverside Integrated Care NHS Trust,Asian,Japan,Skilled Worker,Admin,Receptionist,Women & Children,Gynaecology,3,28417,2025-03-24,2025-04-28,30.0,0.8,NMC,Permanent,Active,XO078192,XL786490,2027-05-20,2029-12-01,2025-11-29,2027-08-15,2025-04-14
EMP0171,Conor,Lee,charleswatts@example.com,2005-11-29,(0113) 496 0657,"3 Bell Keys
Lake Declan
N2 2EW",Female,Bluewater Community & Rehabilitation NHS Trust,White,United States,Skilled Worker,Nursing,Healthcare Assistant,Medicine & Acute Care,Geriatrics,2,27820,2018-07-31,2018-09-11,20.0,0.53,None,Permanent,On Leave,TZ342271,BJ303750,2031-07-07,2028-09-05,2025-10-11,2027-04-29,2018-08-21
EMP0172,Graeme,Brown,carltucker@example.org,2005-06-15,09098790466,"32 Reed Gardens
West Dorothy
IG06 4XS",Male,Midlands Central Hospitals NHS Trust,Black,Kenya,ILR,AHP,Physiologist,Women & Children,Gynaecology,6,54622,2024-01-14,2024-02-18,18.75,0.5,NMC,Fixed Term,On Leave,YE127723,OB854458,2029-11-20,2027-08-26,2026-06-08,2026-12-03,2024-02-04
EMP0173,Alison,Armstrong,christian82@example.org,1990-05-16,(0121) 4960901,"Flat 66n
Gardner Squares
Parsonschester
BA88 6ZA",Female,Riverbank General Hospitals NHS Trust,Asian,India,Dependent,Admin,Administrator,Critical Care & Anaesthesia,Anaesthesia,3,30359,2025-04-02,2025-05-07,37.5,1.0,NMC,Permanent,Suspended,NK580903,UF950184,2028-04-03,2026-11-19,2026-05-23,2027-06-14,2025-04-23
EMP0174,Elliott,Dunn,dpickering@example.org,1971-03-17,+44(0)118 4960810,"73 Roberts Passage
East Pamela
N2U 2HR",Female,Riverbank General Hospitals NHS Trust,Black,Nigeria,British Citizen,Admin,Data Analyst,Surgery & Cancer,ENT Surgery,8A,61414,2021-02-14,2021-03-28,15.0,0.4,HCPC,Permanent,Suspended,IS382903,ES089792,2031-08-26,2030-12-26,2025-11-23,2027-05-22,2021-03-07
EMP0175,Maria,Wood,pthompson@example.com,1974-05-27,+44(0)151 496 0033,"069 Knight Fort
North Kevin
E4D 2PQ",Male,Broadfield Clinical Services NHS Trust,Black,Barbados,British Citizen,AHP,Pharmacist,Emergency & Urgent Care,Emergency Department,5,37752,2020-04-01,2020-04-29,37.5,1.0,GMC,Bank,Suspended,ZT734633,MK193305,2027-02-18,2029-04-07,2026-03-28,2027-03-28,2020-04-22
EMP0176,Colin,Turner,bennettdennis@example.com,2004-03-23,+44(0)1164960873,"Studio 4
Parker Junction
West Kieranstad
WA04 1ET",Male,Broadfield Clinical Services NHS Trust,White,Australia,Skilled Worker,Nursing,Nursery Nurse,Surgery & Cancer,ENT Surgery,2,27248,2020-12-09,2021-01-13,15.0,0.4,HCPC,Bank,Active,AM654870,IT400148,2029-07-26,2031-02-21,2026-02-18,2026-12-28,2020-12-30
EMP0177,Carol,Johnson,jonathanfreeman@example.org,1976-10-20,(020) 7496 0346,"09 Geraldine Avenue
Watsonville
M8 1XQ",Female,Lakeside District Hospitals NHS Trust,Asian,Japan,Skilled Worker,Admin,Medical Secretary,Emergency & Urgent Care,Urgent Care,4,34117,2024-02-04,2024-03-17,18.75,0.5,HCPC,Fixed Term,Active,FS113071,HE043262,2030-10-21,2028-04-01,2026-02-28,2027-07-08,2024-02-25
EMP0178,Bernard,Ali,georgia84@example.net,1995-08-05,01414960513,"96 Winter Parks
Port Melaniefurt
S05 4NU",Male,Greenhaven Acute & Specialist Care NHS Trust,Black,Trinidad and Tobago,Dependent,Admin,Medical Secretary,Critical Care & Anaesthesia,Pain Management,4,35589,2020-12-14,2021-01-25,15.0,0.4,NMC,Permanent,Suspended,TT810719,FE517029,2030-08-17,2030-11-29,2026-01-13,2027-08-21,2021-01-04
EMP0179,Dean,Holden,francishardy@example.org,1995-10-25,01154960883,"95 McDonald Spurs
West Irene
W9B 4PH",Female,Broadfield Clinical Services NHS Trust,Black,Jamaica,Skilled Worker,AHP,Physiotherapist,Emergency & Urgent Care,Urgent Care,6,46959,2023-07-20,2023-08-17,15.0,0.4,NMC,Bank,On Leave,YU848321,OT193701,2031-07-05,2030-07-18,2026-06-30,2026-12-12,2023-08-10
EMP0180,Raymond,Rahman,vfaulkner@example.com,1969-08-01,+44(0)118 496 0171,"Studio 79
Jill Ville
West Ireneland
HX0 9QX",Female,Horizon Integrated Health Partnership NHS Trust,Mixed,India,Skilled Worker,Medical,FY1/FY2,Clinical Support Services,Physiotherapy,FY1,39107,2021-05-18,2021-06-29,18.75,0.5,None,Permanent,Inactive,SY550815,LB918245,2030-05-22,2028-12-24,2026-01-18,2027-03-20,2021-06-08
EMP0181,Anthony,Pickering,afaulkner@example.com,1986-02-11,0909 8790028,"Studio 58
Graeme Landing
Lake Edward
G6 8LJ",Male,Southvale Hospitals NHS Trust,Black,Kenya,British Citizen,AHP,Physiotherapist,Emergency & Urgent Care,Ambulance Services,6,51581,2017-04-22,2017-05-27,20.0,0.53,GMC,Permanent,On Leave,BF368500,LD966938,2029-06-15,2027-10-28,2026-03-22,2027-02-02,2017-05-13
EMP0182,Grace,Davies,tkhan@example.net,1996-02-13,+44(0)115 496 0549,"2 Kerr Prairie
Lake Jameshaven
TD3 3SJ",Female,Eastmoor Teaching Hospitals NHS Trust,Black,Nigeria,Skilled Worker,AHP,Pharmacist,Surgery & Cancer,General Surgery,5,37252,2022-05-09,2022-06-20,30.0,0.8,HCPC,Permanent,Active,SW900499,WT090754,2028-08-06,2026-09-22,2025-09-11,2027-05-22,2022-05-30
EMP0183,Natasha,Griffiths,abbiemanning@example.net,1998-11-29,+44114 4960748,"Flat 88
Young Mountain
East Lynnechester
WA23 9ZA",Male,Oakridge Community Services NHS Trust,Mixed,Japan,Skilled Worker,AHP,Speech Therapist,Critical Care & Anaesthesia,Anaesthesia,6,46821,2017-01-02,2017-02-13,37.5,1.0,NMC,Fixed Term,Inactive,QQ230495,FN012906,2028-04-26,2030-01-18,2026-02-28,2026-10-07,2017-01-23
EMP0184,Jayne,Scott,matthewbennett@example.com,1969-02-07,+44115 496 0179,"Studio 06O
Danny Loaf
Coopertown
W9 1DJ",Female,Greenhaven Acute & Specialist Care NHS Trust,Black,Nigeria,Skilled Worker,AHP,Occupational Therapist,Corporate Services,Communications,6,48442,2018-07-17,2018-08-28,15.0,0.4,None,Fixed Term,On Leave,OY456992,TO614591,2028-09-15,2029-08-25,2026-03-15,2027-01-14,2018-08-07
EMP0185,Sarah,Osborne,mlynch@example.net,1996-05-26,+44(0)909 8790858,"1 Julian Port
Heatherfort
FK1 0NS",Female,Northwood Mental Health NHS Trust,Asian,Japan,ILR,AHP,Occupational Therapist,Women & Children,Postnatal Care,6,44537,2023-05-08,2023-06-12,15.0,0.4,None,Bank,Active,KP233412,XK562770,2029-10-02,2030-07-18,2026-07-27,2027-07-04,2023-05-29
EMP0186,Kayleigh,Ryan,adawson@example.org,1992-01-03,0909 8790272,"4 Wayne Passage
New Oliverstad
E4 6BP",Female,Eastmoor Teaching Hospitals NHS Trust,White,United Kingdom,ILR,Nursing,Senior Staff Nurse,Clinical Support Services,Pathology,6,48209,2020-03-17,2020-04-21,37.5,1.0,NMC,Fixed Term,On Leave,DQ122540,IS678705,2028-05-13,2027-02-02,2025-11-14,2027-08-30,2020-04-07
EMP0187,Rebecca,Kaur,mchambers@example.net,1968-05-21,01632 960116,"738 Jake Course
Lake Stephenland
S7 7PT",Male,Bluewater Community & Rehabilitation NHS Trust,Black,South Africa,British Citizen,Medical,GP,Clinical Support Services,Pharmacy,GP,91795,2017-02-01,2017-03-08,20.0,0.53,NMC,Permanent,Active,CL988878,FZ087681,2029-12-20,2027-12-16,2025-12-28,2027-01-31,2017-02-22
EMP0188,Steven,Long,paul10@example.org,2002-10-14,01154960462,"Studio 8
Luke Lane
Lake Deanhaven
B4 2UU",Male,Riverbank General Hospitals NHS Trust,White,New Zealand,British Citizen,Medical,GP,Clinical Support Services,Pathology,GP,110956,2020-12-08,2021-01-12,37.5,1.0,GMC,Bank,Suspended,VG409849,VT091223,2028-05-21,2030-08-01,2026-02-21,2027-03-06,2020-12-29
EMP0189,Jennifer,Wood,greenhenry@example.org,1987-05-30,(029) 2018 0360,"Flat 10
Price Fall
South Geoffrey
E82 7JU",Female,Eastfield Psychological Services NHS Trust,Mixed,Trinidad and Tobago,Skilled Worker,Nursing,Staff Nurse,Medicine & Acute Care,Infectious Diseases,5,37448,2017-09-20,2017-10-18,30.0,0.8,None,Permanent,Active,RJ173875,XC725699,2031-01-02,2027-06-04,2026-07-08,2027-07-04,2017-10-11
EMP0190,Douglas,Naylor,rogersdanielle@example.net,1979-03-17,+44(0)116 4960190,"84 Mark Ville
Helenborough
WS2N 9GS",Female,Lakeside District Hospitals NHS Trust,Black,Trinidad and Tobago,Skilled Worker,Admin,Data Analyst,Critical Care & Anaesthesia,Intensive Care Unit,8A,55514,2020-01-03,2020-02-07,37.5,1.0,NMC,Permanent,On Leave,IH061036,MA421551,2027-07-02,2029-11-10,2026-08-23,2026-12-22,2020-01-24
EMP0191,Justin,Burton,lucy59@example.com,1978-01-02,(0151) 4960293,"64 Martin Forges
West Graham
N0 2FN",Male,Meadowbrook Community Health NHS Trust,Asian,China,ILR,AHP,Physiotherapist,Medicine & Acute Care,General Surgery,6,44613,2020-02-05,2020-03-04,15.0,0.4,NMC,Bank,Active,HW743070,XH665543,2026-10-05,2031-03-14,2026-01-21,2027-08-13,2020-02-26
EMP0192,Rita,Hancock,jamie12@example.org,2005-09-19,(0113)4960716,"Flat 30
Rahman Inlet
Billytown
SP97 5AN",Female,Southgate Community & Mental Health NHS Trust,Asian,Japan,Dependent,Admin,Data Analyst,Emergency & Urgent Care,Urgent Care,8A,67739,2023-05-05,2023-06-16,15.0,0.4,GMC,Permanent,On Leave,YG558862,AL608595,2027-10-25,2026-11-06,2026-04-17,2027-03-27,2023-05-26
EMP0193,Jacqueline,Dunn,nlynch@example.org,1998-10-06,+44(0)1164960432,"691 Katherine Dale
Maryfort
CR34 8ZJ",Male,Riverside Integrated Care NHS Trust,White,United Kingdom,ILR,Medical,Registrar,Women & Children,Obstetrics,SPR,83415,2020-04-20,2020-06-01,30.0,0.8,HCPC,Bank,On Leave,XV012401,VN800000,2029-10-22,2031-01-11,2025-12-10,2026-09-16,2020-05-11
EMP0194,Sophie,Townsend,paigemorrison@example.org,1961-05-18,+44(0)141 4960226,"Flat 3
Macdonald Harbors
Thomasfort
IV2N 1HF",Female,Bluewater Community & Rehabilitation NHS Trust,White,New Zealand,Skilled Worker,Medical,GP,Surgery & Cancer,Breast Surgery,GP,110763,2017-09-21,2017-10-19,15.0,0.4,NMC,Fixed Term,On Leave,VB758882,AM516360,2029-08-02,2031-09-02,2025-12-03,2027-03-21,2017-10-12
EMP0195,Martin,Begum,mathew41@example.com,1967-02-02,(0141) 4960440,"0 Aaron Road
Knowlesside
W1J 0PW",Female,Midlands Central Hospitals NHS Trust,White,United States,British Citizen,Admin,Administrator,Corporate Services,Finance,3,31191,2024-06-05,2024-07-17,37.5,1.0,None,Fixed Term,Inactive,OA991079,RS059314,2029-10-23,2030-03-25,2025-11-15,2027-04-25,2024-06-26
EMP0196,Cameron,Davies,stanley18@example.org,1973-05-27,0121 496 0181,"34 Finch Crossroad
East Bruceland
L3 8YT",Female,Eastmoor Teaching Hospitals NHS Trust,White,Australia,Skilled Worker,Nursing,Healthcare Assistant,Clinical Support Services,Occupational Therapy,2,26147,2022-02-05,2022-03-19,15.0,0.4,NMC,Fixed Term,Suspended,TR105705,EA814165,2028-07-11,2031-06-17,2026-07-07,2027-08-23,2022-02-26
EMP0197,Lynne,Hurst,huntercolin@example.com,2008-07-09,+44(0)1184960649,"59 Tracey Hills
Brownton
EC0 9AB",Male,Greenhaven Acute & Specialist Care NHS Trust,Mixed,Australia,Dependent,Admin,Medical Secretary,Medicine & Acute Care,General Surgery,4,31592,2023-08-21,2023-09-18,20.0,0.53,GMC,Bank,Suspended,RI305725,OF925340,2028-07-25,2031-02-25,2026-04-05,2026-12-20,2023-09-11
EMP0198,Fiona,Dickinson,tracy77@example.net,1966-01-13,020 74960893,"Flat 66a
Smith Ports
West Chelsea
S9 5FS",Female,Midlands Central Hospitals NHS Trust,Black,Barbados,British Citizen,Nursing,Healthcare Assistant,Critical Care & Anaesthesia,Pain Management,2,26747,2024-10-28,2024-12-02,30.0,0.8,HCPC,Bank,Active,YC386073,DR233416,2031-08-06,2026-10-03,2026-03-07,2027-02-03,2024-11-18
EMP0199,Benjamin,Thompson,kennedyjanet@example.net,1997-10-26,+44(0)1184960947,"62 Georgina Drive
North Craig
B5T 1PB",Male,Northshire University Hospitals NHS Trust,Mixed,United States,Dependent,AHP,Occupational Therapist,Corporate Services,Human Resources,6,45817,2018-08-28,2018-09-25,30.0,0.8,NMC,Permanent,Suspended,JJ959400,UE557259,2028-09-27,2031-01-12,2026-04-29,2027-03-25,2018-09-18
EMP0200,Louise,Hussain,georginahamilton@example.net,2004-03-25,+44(0)28 9018 0538,"67 Barbara Light
Dorothymouth
ZE8 8LX",Male,Lakeside District Hospitals NHS Trust,Black,Trinidad and Tobago,Skilled Worker,Nursing,Nursery Nurse,Emergency & Urgent Care,Urgent Care,2,26273,2020-06-25,2020-08-06,15.0,0.4,NMC,Bank,Active,VS174142,KX316373,2028-12-20,2030-03-23,2025-11-18,2026-10-15,2020-07-16
EMP0201,Stacey,Marshall,johnbradley@example.org,2003-06-12,+44131 4960789,"Studio 2
Watson Row
New Margaret
E9K 0JN",Female,Lakeside District Hospitals NHS Trust,Asian,Thailand,Skilled Worker,Admin,Administrator,Critical Care & Anaesthesia,Pain Management,3,31071,2020-02-17,2020-03-16,30.0,0.8,GMC,Fixed Term,Inactive,TF521338,NT028207,2027-08-27,2026-12-13,2025-12-05,2027-06-13,2020-03-09
EMP0202,Maria,Newman,joecooper@example.org,1988-12-17,+44131 496 0173,"407 Ashley Estate
New Juneton
SS4R 1TT",Female,Southvale Hospitals NHS Trust,Mixed,New Zealand,Dependent,Nursing,Healthcare Assistant,Women & Children,Gynaecology,2,27943,2020-06-02,2020-06-30,15.0,0.4,HCPC,Fixed Term,Suspended,LI159902,MI207103,2027-01-17,2031-01-08,2025-12-19,2027-05-25,2020-06-23
EMP0203,Conor,Bradley,lucywest@example.com,1975-09-09,+44(0)118 4960436,"Flat 26r
Jayne Plaza
Port Oliverborough
BL7B 1HW",Male,Westmere Community Health NHS Trust,Black,Ghana,ILR,Medical,SHO,Critical Care & Anaesthesia,Intensive Care Unit,SHO,49658,2022-11-13,2022-12-25,20.0,0.53,NMC,Bank,Active,WK087426,WI429807,2030-01-15,2030-07-14,2026-01-11,2027-02-24,2022-12-04
EMP0204,Caroline,Law,xallen@example.org,1997-09-09,+441632 960 821,"Flat 38a
Horton Spur
Jennifermouth
B1A 4FY",Female,Eastmoor Teaching Hospitals NHS Trust,Black,Kenya,Skilled Worker,AHP,Occupational Therapist,Clinical Support Services,Occupational Therapy,6,47387,2017-04-13,2017-05-11,20.0,0.53,None,Fixed Term,Suspended,OJ723233,IU505676,2027-05-31,2027-02-01,2026-08-23,2026-10-15,2017-05-04
EMP0205,Pamela,Howarth,francescahutchinson@example.org,1981-06-24,(0191) 4960577,"43 Toby Landing
Lake Ericberg
N0 1LN",Male,Broadfield Clinical Services NHS Trust,White,United States,ILR,AHP,Physiologist,Critical Care & Anaesthesia,Intensive Care Unit,6,52312,2021-09-01,2021-09-29,15.0,0.4,HCPC,Fixed Term,Active,SU212947,DK305822,2030-01-29,2029-11-20,2025-10-30,2027-05-06,2021-09-22
EMP0206,Janice,Wyatt,aaron00@example.net,2002-12-24,+44(0)9098790673,"Flat 5
Joe Flat
New Kelly
KY16 3NR",Male,Riverbank General Hospitals NHS Trust,Asian,Japan,ILR,Admin,Receptionist,Surgery & Cancer,Orthopaedics,3,26854,2023-02-04,2023-03-11,37.5,1.0,HCPC,Permanent,On Leave,AH609437,JI987654,2030-10-17,2029-11-12,2025-11-01,2026-12-22,2023-02-25
EMP0207,Leon,Wells,thomasmaurice@example.com,1983-05-29,+44(0)1174960167,"Studio 5
Maurice Gateway
West Jasmine
L3E 6JH",Female,Eastmoor Teaching Hospitals NHS Trust,Mixed,Kenya,British Citizen,Medical,Consultant,Women & Children,Postnatal Care,CONS,139849,2022-12-23,2023-01-20,30.0,0.8,GMC,Permanent,Suspended,BM272000,WH647080,2027-10-16,2029-01-28,2026-04-05,2027-08-28,2023-01-13
EMP0208,Joshua,Roberts,pamelabenson@example.com,1967-08-13,+44(0)1154960109,"644 Alan Way
Reynoldshaven
G0 7YF",Female,Valleyview Mental Wellness NHS Trust,Mixed,India,ILR,Nursing,Ward Manager,Corporate Services,Human Resources,8A,61081,2016-10-26,2016-12-07,20.0,0.53,NMC,Bank,On Leave,DM266489,MZ293527,2029-04-27,2031-03-18,2026-03-08,2027-01-07,2016-11-16
EMP0209,Glen,Taylor,julierichardson@example.net,1984-01-14,(0131) 4960738,"767 Karl Burg
Martinfort
HU87 2GE",Male,Valleyview Mental Wellness NHS Trust,Black,South Africa,British Citizen,Medical,FY1/FY2,Women & Children,Obstetrics,FY1,41121,2019-05-23,2019-06-27,18.75,0.5,NMC,Fixed Term,Active,LA907693,GM309436,2027-03-13,2031-09-10,2026-08-12,2026-11-28,2019-06-13
EMP0210,Eileen,Wilson,billywilliams@example.com,1990-03-26,(0131) 496 0011,"Flat 4
Roy Harbor
Kieranfurt
LE90 1YE",Female,Broadfield Clinical Services NHS Trust,White,Canada,ILR,Admin,Receptionist,Women & Children,Gynaecology,3,30931,2021-12-26,2022-01-30,18.75,0.5,None,Permanent,On Leave,AL462133,EB165653,2027-02-22,2031-03-21,2026-05-09,2027-01-09,2022-01-16
EMP0211,Jeremy,Singh,kathryn15@example.net,1996-10-02,+441314960101,"Studio 41
Wayne Turnpike
Gavinview
FY4R 3LY",Female,Horizon Integrated Health Partnership NHS Trust,White,United Kingdom,ILR,Medical,GP,Emergency & Urgent Care,Urgent Care,GP,95856,2017-10-22,2017-11-26,15.0,0.4,NMC,Permanent,Inactive,OG468206,OC356524,2028-07-21,2029-08-14,2026-07-12,2026-10-04,2017-11-12
EMP0212,Natasha,Moore,leesjake@example.org,2004-12-20,+44(0)161 496 0119,"Flat 0
Baker Tunnel
East Lynn
OL02 4NF",Female,Northwood Mental Health NHS Trust,Asian,Japan,Dependent,Medical,SHO,Women & Children,Gynaecology,SHO,46844,2025-07-07,2025-08-11,30.0,0.8,None,Permanent,On Leave,FP890698,RJ164163,2031-07-13,2028-01-14,2026-03-19,2027-01-25,2025-07-28
EMP0213,Barry,Cole,ingramkathryn@example.net,1981-02-24,+44292018903,"2 Lawrence Rapid
Wardmouth
KA8N 8WE",Female,Broadfield Clinical Services NHS Trust,Black,South Africa,Skilled Worker,Admin,Receptionist,Women & Children,Obstetrics,3,31810,2020-04-07,2020-05-19,30.0,0.8,HCPC,Bank,Suspended,XM770374,GI001564,2030-12-31,2031-08-10,2026-01-20,2027-05-13,2020-04-28
EMP0214,Rhys,Walker,derekclarke@example.com,1996-06-13,0116 4960239,"Flat 20W
Hall Neck
Lake Gordonfort
UB16 4GH",Male,Riverside Integrated Care NHS Trust,Mixed,Trinidad and Tobago,Skilled Worker,Medical,Consultant,Corporate Services,Human Resources,CONS,137647,2023-02-13,2023-03-27,30.0,0.8,NMC,Bank,Suspended,NG159785,NB580455,2031-03-08,2027-07-14,2026-08-08,2027-02-18,2023-03-06
EMP0215,Robin,Cook,upratt@example.com,1987-01-28,(0116) 496 0784,"8 Summers Viaduct
Ireneberg
B54 0JB",Female,Northwood Mental Health NHS Trust,White,United Kingdom,British Citizen,Admin,Data Analyst,Surgery & Cancer,Breast Surgery,8A,55763,2025-12-28,2026-02-08,30.0,0.8,HCPC,Permanent,Suspended,MK395547,OG256142,2030-11-20,2031-06-05,2025-09-22,2027-03-06,2026-01-18
EMP0216,Connor,Hamilton,mwalker@example.net,1993-02-18,0116 4960159,"Studio 18l
Alice Square
Naylorland
N1T 3AB",Female,Broadfield Clinical Services NHS Trust,Asian,Japan,ILR,Admin,Administrator,Corporate Services,Communications,3,31505,2018-02-20,2018-03-20,30.0,0.8,NMC,Fixed Term,Inactive,MV624783,TW358824,2028-08-30,2027-02-22,2026-08-27,2027-02-10,2018-03-13
EMP0217,Frances,Bell,emma87@example.com,1973-07-30,0191 498 0614,"19 Hill Flat
South Iainton
HU20 5BU",Male,Broadfield Clinical Services NHS Trust,White,Australia,British Citizen,AHP,Physiotherapist,Medicine & Acute Care,Haematology,6,51957,2021-02-06,2021-03-06,20.0,0.53,GMC,Permanent,Active,QE142865,AN705968,2029-07-10,2028-08-04,2026-03-18,2027-03-10,2021-02-27
EMP0218,Lesley,Jones,marilyn87@example.org,1993-03-04,+44(0)131 496 0924,"56 Hamilton Island
Georgebury
N65 1FN",Female,Midlands Central Hospitals NHS Trust,Mixed,India,Skilled Worker,AHP,Speech Therapist,Corporate Services,IT Support,6,49160,2016-09-16,2016-10-14,30.0,0.8,None,Fixed Term,Inactive,ZO388721,CR249191,2031-04-25,2028-11-26,2026-01-16,2027-02-22,2016-10-07
EMP0219,Diana,Bennett,gcurtis@example.net,1992-02-15,0191 4960673,"98 Lane Court
East Karlburgh
EN3 2PY",Male,Bluewater Community & Rehabilitation NHS Trust,Mixed,Trinidad and Tobago,Skilled Worker,Medical,GP,Emergency & Urgent Care,Ambulance Services,GP,96264,2022-04-19,2022-05-17,20.0,0.53,NMC,Fixed Term,Suspended,AG276416,PA247001,2027-04-16,2031-07-15,2026-03-14,2026-12-20,2022-05-10
EMP0220,Richard,Elliott,andreahill@example.org,1969-05-06,(029) 2018531,"3 Gail Club
Brownfurt
M27 6DY",Female,Riverbank General Hospitals NHS Trust,Asian,Thailand,British Citizen,Medical,SHO,Critical Care & Anaesthesia,Pain Management,SHO,57026,2023-06-27,2023-07-25,20.0,0.53,None,Permanent,Active,TL330259,XL184742,2030-05-24,2029-03-08,2025-11-27,2027-08-25,2023-07-18
EMP0221,Karl,Smith,steven31@example.net,1962-09-06,+44(0)161 496 0527,"Studio 3
Kay Light
Cooperburgh
E00 1WQ",Female,Hillcrest Medical Centres NHS Trust,Black,Trinidad and Tobago,ILR,AHP,Physiotherapist,Surgery & Cancer,Colorectal Surgery,6,44722,2016-09-21,2016-11-02,18.75,0.5,NMC,Bank,On Leave,TD640832,WR984125,2028-08-14,2029-10-22,2026-07-03,2026-10-07,2016-10-12
EMP0222,Gary,Hunt,charlotte00@example.com,1989-04-18,0121 496 0325,"Flat 6
Bradley Summit
New Raymond
E6 0US",Male,Northwood Mental Health NHS Trust,Black,Barbados,Skilled Worker,Nursing,Ward Manager,Emergency & Urgent Care,Minor Injuries Unit,8A,67181,2024-06-04,2024-07-09,30.0,0.8,NMC,Bank,Active,XL846853,PA611262,2030-09-10,2027-06-28,2026-07-04,2027-05-08,2024-06-25
EMP0223,John,Pritchard,fordmarilyn@example.org,1971-06-24,+44(0)151 496 0662,"Flat 1
Griffiths Ford
Port Hayleyland
W5J 3JG",Female,Bluewater Community & Rehabilitation NHS Trust,White,United Kingdom,Skilled Worker,Nursing,Healthcare Assistant,Clinical Support Services,Physiotherapy,2,27542,2018-02-22,2018-03-29,18.75,0.5,None,Bank,Inactive,TR162674,XE536152,2028-09-12,2026-11-09,2025-09-15,2027-06-10,2018-03-15
EMP0224,Kayleigh,Reid,dawsontom@example.com,1990-07-28,+441632960590,"7 Davies Canyon
Scottbury
TF7R 5JA",Female,Lakeside District Hospitals NHS Trust,White,Canada,ILR,Nursing,Ward Manager,Clinical Support Services,Physiotherapy,8A,68392,2025-09-11,2025-10-09,18.75,0.5,NMC,Permanent,Inactive,NB696732,YF715700,2028-10-02,2026-10-21,2026-01-01,2027-05-09,2025-10-02
EMP0225,Ricky,Bailey,khunt@example.net,2001-03-06,01214960580,"316 Hughes Hollow
East Amelia
L97 6FR",Male,Oakridge Community Services NHS Trust,Asian,China,Skilled Worker,Nursing,Healthcare Assistant,Clinical Support Services,Pathology,2,25086,2019-07-02,2019-08-06,20.0,0.53,None,Fixed Term,Active,EO801927,KL044799,2031-02-09,2030-08-07,2025-10-21,2027-05-01,2019-07-23
EMP0226,Carole,Barker,max95@example.org,1992-05-13,(0909) 879 0104,"2 Spencer Extensions
Jakechester
G17 4XD",Male,Southvale Hospitals NHS Trust,Black,Trinidad and Tobago,Dependent,Admin,Data Analyst,Women & Children,Paediatrics,8A,65367,2021-12-14,2022-01-18,18.75,0.5,GMC,Permanent,Active,CB762447,VR323666,2030-01-13,2029-08-22,2025-12-22,2027-06-06,2022-01-04
EMP0227,Bryan,Baker,wrightgillian@example.org,1997-06-01,0151 4960275,"4 Ellis Plaza
Victoriaport
L7U 3UE",Male,Oakridge Community Services NHS Trust,White,New Zealand,British Citizen,AHP,Physiotherapist,Emergency & Urgent Care,Urgent Care,6,46515,2022-10-25,2022-12-06,15.0,0.4,NMC,Permanent,Inactive,PV490634,BK980253,2027-02-07,2030-06-10,2026-08-06,2027-04-07,2022-11-15
EMP0228,Alan,Ball,wardmarilyn@example.com,1992-08-29,0131 496 0780,"Studio 55K
Humphreys Key
Port Dale
HR6 1YR",Female,Midlands Central Hospitals NHS Trust,Black,Nigeria,ILR,Admin,Data Analyst,Medicine & Acute Care,General Surgery,8A,58049,2026-02-16,2026-03-30,30.0,0.8,NMC,Permanent,Active,ZT487331,ON725440,2029-07-13,2028-08-21,2026-01-28,2027-06-14,2026-03-09
EMP0229,Stuart,Ahmed,emitchell@example.org,2003-04-29,01214960909,"Studio 68Q
Ronald Island
West Gemma
LL35 5NZ",Female,Riverside Integrated Care NHS Trust,Asian,Thailand,British Citizen,Admin,Medical Secretary,Medicine & Acute Care,Haematology,4,36494,2024-04-18,2024-05-30,20.0,0.53,NMC,Bank,On Leave,FK972163,GU493710,2027-03-30,2030-07-25,2026-01-24,2027-03-24,2024-05-09
EMP0230,Tracey,Connor,justin01@example.net,1975-08-16,(0117) 4960385,"278 Taylor Mountain
Hughburgh
W9 8UL",Male,Greenhaven Acute & Specialist Care NHS Trust,Asian,Thailand,British Citizen,Admin,Data Analyst,Surgery & Cancer,Breast Surgery,8A,61628,2020-08-30,2020-10-11,18.75,0.5,HCPC,Bank,Suspended,CE162995,IJ846436,2029-09-23,2029-03-29,2026-07-21,2027-06-14,2020-09-20
EMP0231,Alan,Taylor,georgia94@example.com,1997-05-19,+44141 4960868,"114 Sally Light
Mariaville
G0F 0UG",Female,Broadfield Clinical Services NHS Trust,Black,Jamaica,Skilled Worker,Medical,FY1/FY2,Emergency & Urgent Care,Ambulance Services,FY1,40094,2022-03-28,2022-05-02,15.0,0.4,NMC,Permanent,Active,EQ723958,EF722067,2028-01-24,2029-11-12,2026-05-31,2027-06-22,2022-04-18
EMP0232,Kieran,Thomas,bwilliams@example.org,1974-10-29,+44(0)1154960380,"Studio 31J
Dean Crescent
West Vanessa
E00 7WD",Male,Eastmoor Teaching Hospitals NHS Trust,Mixed,New Zealand,Dependent,AHP,Occupational Therapist,Women & Children,Paediatrics,6,49309,2017-10-13,2017-11-24,20.0,0.53,GMC,Bank,Inactive,TJ010063,GG582958,2030-10-30,2030-08-01,2025-12-06,2026-09-21,2017-11-03
EMP0233,Megan,Moore,cunninghamlouis@example.net,1978-10-08,(0191)4960879,"22 Roberts Road
Port Katyshire
RG2N 0NJ",Male,Meadowbrook Community Health NHS Trust,White,United Kingdom,Dependent,Medical,SHO,Surgery & Cancer,General Surgery,SHO,58783,2020-05-24,2020-06-28,18.75,0.5,None,Fixed Term,Active,XX149362,QN246910,2027-01-29,2027-07-08,2026-08-16,2027-04-19,2020-06-14
EMP0234,Tony,Harper,jordanarthur@example.net,1998-01-27,01614960523,"Studio 5
Louis Keys
Stevenmouth
S8C 3GT",Female,Bluewater Community & Rehabilitation NHS Trust,White,United States,Skilled Worker,Medical,GP,Clinical Support Services,Physiotherapy,GP,91070,2024-06-09,2024-07-07,20.0,0.53,None,Fixed Term,Active,UM362554,GC859286,2030-04-09,2026-11-12,2025-12-20,2027-06-05,2024-06-30
EMP0235,Richard,Thomas,graemepower@example.com,1962-04-03,0113 4960288,"43 Jones Mount
Jasminehaven
DN9 8HS",Female,Northwood Mental Health NHS Trust,White,United States,Skilled Worker,AHP,Physiologist,Medicine & Acute Care,Neurology,6,45555,2020-12-05,2021-01-16,18.75,0.5,GMC,Bank,On Leave,SN979777,PN612653,2028-08-14,2030-03-01,2025-10-04,2027-02-02,2020-12-26
EMP0236,Keith,Dixon,iwalsh@example.org,1966-06-14,+44(0)191 496 0944,"462 Ashleigh Turnpike
East Garyside
L2U 9RP",Male,Horizon Integrated Health Partnership NHS Trust,Mixed,Kenya,ILR,AHP,Radiographer,Medicine & Acute Care,Cardiology,6,44066,2018-03-01,2018-03-29,37.5,1.0,NMC,Fixed Term,Active,JJ259393,ZW171953,2030-05-28,2030-08-12,2025-12-20,2027-08-19,2018-03-22
EMP0237,Julie,Dixon,ostewart@example.net,1967-06-23,01214960737,"7 Hollie Estate
Frenchview
HS1 1XT",Male,Eastfield Psychological Services NHS Trust,Mixed,India,British Citizen,Medical,Registrar,Corporate Services,IT Support,SPR,84143,2023-12-17,2024-01-14,15.0,0.4,NMC,Bank,On Leave,JJ616864,XD633521,2029-07-21,2027-06-09,2025-11-28,2026-12-05,2024-01-07
EMP0238,Adrian,Bevan,hartleynigel@example.net,1970-05-08,+441632 960 263,"Studio 11
Leah Plaza
Griffithsborough
SP3R 9QQ",Female,Riverbank General Hospitals NHS Trust,White,United Kingdom,ILR,Admin,Receptionist,Critical Care & Anaesthesia,Pain Management,3,30379,2020-02-12,2020-03-11,15.0,0.4,NMC,Bank,Inactive,AA266549,DJ929001,2029-06-06,2028-09-22,2026-06-19,2027-06-21,2020-03-04
EMP0239,Darren,Wilson,barrywilson@example.org,1982-05-05,(0191) 496 0018,"Flat 43h
Martyn Prairie
Griffintown
L3C 6AN",Male,Hillcrest Medical Centres NHS Trust,White,Canada,Skilled Worker,Admin,Receptionist,Medicine & Acute Care,Neurology,3,28457,2025-04-25,2025-05-23,18.75,0.5,NMC,Fixed Term,Active,VB155049,LE098913,2026-11-13,2031-02-07,2026-06-10,2027-04-22,2025-05-16
EMP0240,Ryan,Hodgson,ymartin@example.org,1997-10-29,01164960932,"Studio 0
Emily Overpass
Annshire
BS6 4XN",Female,Riverside Integrated Care NHS Trust,Mixed,South Africa,Skilled Worker,Medical,SHO,Medicine & Acute Care,Cardiology,SHO,52937,2017-02-19,2017-03-19,20.0,0.53,HCPC,Permanent,Active,ST517180,YD037134,2029-10-08,2028-05-20,2025-09-20,2027-02-10,2017-03-12
EMP0241,Lynda,Martin,dskinner@example.com,2005-05-03,(0121)4960709,"Flat 20h
Mathew Village
Jadefort
E9T 8SY",Male,Greenhaven Acute & Specialist Care NHS Trust,White,New Zealand,Skilled Worker,Admin,Medical Secretary,Surgery & Cancer,Breast Surgery,4,31242,2023-08-27,2023-10-01,15.0,0.4,NMC,Permanent,Active,GP614086,GF925460,2029-11-29,2028-12-27,2026-05-05,2026-11-15,2023-09-17
EMP0242,Mohammad,Wallace,leon48@example.org,1968-03-03,01514960536,"66 Lesley Plains
Lake Philipside
JE13 2LQ",Male,Riverbank General Hospitals NHS Trust,White,New Zealand,British Citizen,Admin,Receptionist,Surgery & Cancer,Neurosurgery,3,27655,2021-06-29,2021-08-10,15.0,0.4,HCPC,Bank,Active,QB825574,XZ414321,2029-09-27,2029-11-14,2026-07-15,2027-02-03,2021-07-20
EMP0243,Jay,Wallis,laurenmckenzie@example.net,1972-05-02,020 74960830,"251 Stewart Bridge
Lynnberg
M1 7DH",Male,Greenhaven Acute & Specialist Care NHS Trust,Black,Barbados,British Citizen,Nursing,Nursery Nurse,Corporate Services,Facilities Management,2,26187,2026-01-11,2026-02-15,30.0,0.8,NMC,Fixed Term,On Leave,DB062344,EW252652,2027-09-02,2029-08-06,2026-08-12,2027-04-06,2026-02-01
EMP0244,Frank,Fox,vtownsend@example.org,1976-04-30,+44(0)115 4960219,"Flat 91
Laura Gateway
Katyshire
S74 1AN",Female,Westmere Community Health NHS Trust,Asian,Japan,ILR,AHP,Physiotherapist,Surgery & Cancer,Neurosurgery,6,49383,2022-09-19,2022-10-17,37.5,1.0,NMC,Fixed Term,Inactive,ZF815506,UE928650,2027-08-08,2028-08-31,2026-08-14,2027-09-11,2022-10-10
EMP0245,Edward,Ali,igray@example.org,1976-12-08,0909 8790981,"74 Henderson Mill
East Hilaryshire
SP04 9LT",Male,Riverside Integrated Care NHS Trust,Mixed,Trinidad and Tobago,British Citizen,Admin,Administrator,Clinical Support Services,Occupational Therapy,3,26969,2025-12-30,2026-02-03,37.5,1.0,HCPC,Permanent,On Leave,QI565912,TL832562,2031-06-08,2026-11-04,2026-07-19,2027-06-01,2026-01-20
EMP0246,Adrian,Harvey,briansmith@example.org,2003-06-02,+44141 4960057,"Studio 9
Parsons Parks
Thomasfurt
G83 4PW",Female,Northwood Mental Health NHS Trust,Black,Barbados,Dependent,Nursing,Nursery Nurse,Medicine & Acute Care,Neurology,2,26021,2026-09-03,2026-10-08,37.5,1.0,HCPC,Permanent,Inactive,GN276279,IF178663,2028-12-30,2028-01-21,2026-08-19,2027-01-10,2026-09-24
EMP0247,Shirley,Todd,jacksonalice@example.org,2007-10-02,0115 4960618,"39 Stephenson Islands
South Janeborough
W45 8SU",Male,Northshire University Hospitals NHS Trust,Black,Ghana,Skilled Worker,AHP,Radiographer,Women & Children,Gynaecology,6,45208,2019-09-28,2019-10-26,37.5,1.0,GMC,Bank,On Leave,BU025339,HN099709,2030-11-19,2030-06-20,2025-10-12,2027-06-11,2019-10-19
EMP0248,Gemma,Hurst,sbaker@example.net,1969-10-26,+44(0)118 4960796,"Studio 50
Davies Wall
North Jacqueline
TS9X 2DA",Female,Riverside Integrated Care NHS Trust,White,Australia,Skilled Worker,AHP,Physiotherapist,Emergency & Urgent Care,Minor Injuries Unit,6,47878,2019-08-04,2019-09-01,18.75,0.5,HCPC,Bank,On Leave,KH292250,WU240383,2028-02-19,2029-08-20,2026-04-15,2027-02-24,2019-08-25
EMP0249,Grace,Taylor,fmurphy@example.net,1974-03-05,+44115 496 0467,"5 Katie Creek
West Francesca
ZE5 6EB",Female,Northshire University Hospitals NHS Trust,Mixed,United States,Dependent,Admin,Medical Secretary,Women & Children,Paediatrics,4,37110,2024-04-07,2024-05-05,20.0,0.53,NMC,Fixed Term,On Leave,TS588017,GH819100,2029-12-16,2030-01-01,2026-01-06,2026-09-28,2024-04-28
EMP0250,Jade,Walsh,millerdale@example.com,2000-08-11,(0141) 496 0955,"Flat 12T
Alexander Burg
Caroletown
LA6E 5UX",Female,Southvale Hospitals NHS Trust,Mixed,Kenya,Skilled Worker,AHP,Radiographer,Medicine & Acute Care,Haematology,6,46829,2025-07-15,2025-08-12,30.0,0.8,HCPC,Fixed Term,Inactive,IR323750,ST527115,2028-05-20,2030-02-15,2026-07-21,2026-09-13,2025-08-05
EMP0251,Marie,Nicholls,boothharry@example.com,1990-01-22,01174960239,"Flat 7
Kennedy Lake
Port Jackfurt
S1 2ER",Male,Lakeside District Hospitals NHS Trust,White,United Kingdom,Skilled Worker,Admin,Receptionist,Medicine & Acute Care,Acute Medicine,3,28454,2019-06-19,2019-07-31,37.5,1.0,GMC,Fixed Term,Active,OT919920,RH270557,2027-06-27,2026-12-26,2025-10-13,2027-08-26,2019-07-10
EMP0252,Alexander,Norton,sedwards@example.net,1996-04-09,(0115) 496 0399,"39 Ball Street
South Paigeland
TR4 6NF",Male,Valleyview Mental Wellness NHS Trust,Mixed,United Kingdom,Dependent,Medical,SHO,Critical Care & Anaesthesia,Pain Management,SHO,50780,2019-02-17,2019-03-17,15.0,0.4,HCPC,Bank,Active,BE784608,BD225296,2026-09-26,2027-02-08,2026-01-06,2027-08-19,2019-03-10
EMP0253,Darren,Lyons,iwilliams@example.com,1992-10-22,03069990748,"Flat 27j
Naomi Fields
Jameston
N06 5BJ",Female,Eastfield Psychological Services NHS Trust,Mixed,Nigeria,ILR,Admin,Medical Secretary,Critical Care & Anaesthesia,Intensive Care Unit,4,32655,2022-12-01,2023-01-05,20.0,0.53,NMC,Bank,Suspended,QP413309,WW870387,2030-09-29,2029-02-07,2026-02-04,2026-10-16,2022-12-22
EMP0254,Alan,Moran,wbirch@example.net,1974-01-27,+44(0)151 4960300,"909 Hayley Course
Shawshire
N0W 6RB",Male,Riverside Integrated Care NHS Trust,Mixed,Jamaica,ILR,Medical,GP,Clinical Support Services,Physiotherapy,GP,103176,2024-07-02,2024-08-13,15.0,0.4,None,Permanent,Suspended,ZY224368,YE172852,2029-09-08,2029-03-02,2026-01-21,2027-02-03,2024-07-23
EMP0255,Jemma,Williams,ksaunders@example.net,2001-01-12,+44131 4960088,"358 Robinson Crescent
East Nathanmouth
WS0W 4UP",Female,Oakridge Community Services NHS Trust,Mixed,China,Dependent,Nursing,Nursery Nurse,Critical Care & Anaesthesia,Anaesthesia,2,25946,2021-11-03,2021-12-01,20.0,0.53,NMC,Permanent,On Leave,XX151047,XE895233,2030-12-07,2030-10-09,2025-10-12,2027-01-13,2021-11-24
EMP0256,Max,Smith,skerr@example.org,1980-07-12,+44(0)1154960307,"Flat 68
Jarvis Plaza
West Angela
L2 0FW",Female,Westmere Community Health NHS Trust,White,New Zealand,British Citizen,Nursing,Senior Staff Nurse,Women & Children,Paediatrics,6,44705,2019-11-09,2019-12-14,37.5,1.0,None,Bank,Inactive,IW017405,CY117666,2031-01-03,2028-08-15,2026-04-18,2027-01-22,2019-11-30
EMP0257,Deborah,Williams,vgriffiths@example.org,1987-06-30,+44117 496 0016,"Studio 71a
Parkes Forges
Jacobland
SG8W 7NU",Male,Horizon Integrated Health Partnership NHS Trust,Black,Trinidad and Tobago,Skilled Worker,Admin,Administrator,Clinical Support Services,Radiology,3,31856,2020-07-07,2020-08-18,37.5,1.0,None,Bank,Suspended,BO200505,RV106269,2030-11-10,2029-01-08,2026-07-11,2026-09-20,2020-07-28
EMP0258,Danny,Smith,masonsara@example.net,1970-08-15,+44(0)161 4960386,"1 Mohammad Grove
West Dorothy
G0 6EA",Male,Eastmoor Teaching Hospitals NHS Trust,White,United States,Dependent,Nursing,Charge Nurse,Women & Children,Paediatrics,7,56602,2020-08-15,2020-09-12,37.5,1.0,HCPC,Permanent,Suspended,JC505021,HT766322,2027-05-18,2030-03-12,2025-11-19,2026-11-15,2020-09-05
EMP0259,Gary,Smith,clarkannette@example.org,1964-03-30,(0141)4960132,"Studio 37O
Joyce Rest
Lake Lorrainebury
G5T 6TL",Male,Northwood Mental Health NHS Trust,Black,Trinidad and Tobago,Dependent,Admin,Administrator,Medicine & Acute Care,Respiratory Medicine,3,26250,2021-09-09,2021-10-07,15.0,0.4,None,Permanent,Active,CS747375,ML802015,2027-11-13,2030-09-16,2026-04-14,2026-10-26,2021-09-30
EMP0260,Abdul,Green,alexander08@example.com,1999-09-11,(0121) 4960442,"Studio 6
Jeremy Trail
South Katy
ME55 2SB",Male,Eastmoor Teaching Hospitals NHS Trust,White,Australia,Dependent,Medical,GP,Critical Care & Anaesthesia,Pain Management,GP,96736,2023-09-18,2023-10-30,20.0,0.53,NMC,Fixed Term,Active,HO284465,RD871230,2028-02-13,2027-05-28,2026-07-24,2027-05-14,2023-10-09
EMP0261,Emma,Kirby,carl68@example.org,1969-10-22,+44113 496 0522,"Studio 97t
Cox Isle
West Dean
E4 1ZQ",Male,Southvale Hospitals NHS Trust,Mixed,United States,Skilled Worker,Medical,Consultant,Emergency & Urgent Care,Ambulance Services,CONS,135987,2019-04-01,2019-04-29,37.5,1.0,NMC,Fixed Term,Suspended,KX156867,XJ239981,2030-10-30,2028-10-23,2025-09-23,2026-11-01,2019-04-22
EMP0262,Bryan,Simpson,bjones@example.net,1968-12-18,(0141) 496 0546,"Flat 99
Nathan Trafficway
Port Toby
SK5 3ZX",Female,Oakridge Community Services NHS Trust,White,United States,Dependent,Admin,Administrator,Corporate Services,Facilities Management,3,31903,2017-04-16,2017-05-14,37.5,1.0,NMC,Bank,On Leave,RF863810,YF216683,2030-12-28,2026-09-30,2025-12-13,2027-03-05,2017-05-07
EMP0263,Mitchell,King,anthonynewton@example.com,1969-06-27,029 2018501,"270 Christian Vista
New Jonathan
SS9 7QN",Female,Broadfield Clinical Services NHS Trust,White,United States,Dependent,AHP,Occupational Therapist,Medicine & Acute Care,Geriatrics,6,52566,2019-01-20,2019-02-17,15.0,0.4,HCPC,Bank,Suspended,HS451195,GK915210,2031-06-17,2027-06-22,2026-06-19,2027-01-26,2019-02-10
EMP0264,Matthew,Nicholls,sullivansteven@example.net,1992-12-09,+44306 999 0448,"17 Simpson Burgs
West Lawrence
M44 7NR",Male,Hillcrest Medical Centres NHS Trust,Black,Nigeria,British Citizen,Medical,Registrar,Surgery & Cancer,Breast Surgery,SPR,73603,2023-12-05,2024-01-16,30.0,0.8,HCPC,Permanent,Suspended,SN581077,AQ042996,2029-12-11,2030-07-13,2026-07-04,2027-07-25,2023-12-26
EMP0265,Alexandra,Evans,ymorton@example.com,1972-07-20,(0131) 496 0034,"9 Phillips Mountains
East Christianmouth
E9J 2UG",Female,Horizon Integrated Health Partnership NHS Trust,Asian,China,Skilled Worker,AHP,Physiologist,Emergency & Urgent Care,Ambulance Services,6,46869,2020-03-05,2020-04-16,37.5,1.0,GMC,Bank,On Leave,JD317656,HL914831,2031-06-20,2030-07-12,2026-06-29,2026-10-30,2020-03-26
EMP0266,Lauren,McLean,owencarey@example.com,1980-05-10,+44(0)116 4960564,"Studio 84j
Jill Ports
Ashleighville
E35 4QH",Male,Horizon Integrated Health Partnership NHS Trust,White,Canada,British Citizen,Medical,SHO,Medicine & Acute Care,Acute Medicine,SHO,51881,2017-03-28,2017-05-09,15.0,0.4,HCPC,Permanent,Suspended,WF200922,DU540937,2026-11-11,2027-04-24,2026-07-17,2026-10-30,2017-04-18
EMP0267,Sophie,Welch,fwebster@example.com,1995-07-09,01632960573,"9 Katy Summit
New Wayne
TS2 4DQ",Male,Broadfield Clinical Services NHS Trust,White,United States,British Citizen,AHP,Occupational Therapist,Medicine & Acute Care,Geriatrics,6,47202,2026-01-19,2026-03-02,15.0,0.4,GMC,Permanent,Suspended,MG345741,YQ434915,2031-02-01,2030-01-01,2025-09-11,2026-11-22,2026-02-09
EMP0268,Janice,Turner,jodierogers@example.net,1966-12-11,+44(0)808 1570812,"Studio 2
Davies Spring
North Kimberley
CF65 2SA",Female,Westmere Community Health NHS Trust,Mixed,Trinidad and Tobago,Dependent,Nursing,Ward Manager,Corporate Services,Finance,8A,57778,2019-04-15,2019-05-20,15.0,0.4,NMC,Fixed Term,Inactive,UK381036,TM408653,2029-05-11,2029-09-20,2025-11-27,2026-12-21,2019-05-06
EMP0269,Rosemary,Smith,christiancoles@example.net,1986-11-08,+44(0)117 496 0221,"628 Brenda Rest
West Eleanor
S0 4UB",Male,Valleyview Mental Wellness NHS Trust,Asian,Japan,British Citizen,Admin,Administrator,Women & Children,Postnatal Care,3,26574,2018-10-26,2018-11-23,18.75,0.5,HCPC,Bank,Active,JR190300,VY744278,2027-12-25,2027-03-02,2025-09-22,2027-02-07,2018-11-16
EMP0270,Marian,Burke,jemmaporter@example.com,2003-02-03,01144960678,"8 Dawn Light
Debraport
E7 3FG",Male,Eastfield Psychological Services NHS Trust,Black,Nigeria,ILR,AHP,Occupational Therapist,Corporate Services,Communications,6,44160,2019-03-25,2019-05-06,18.75,0.5,NMC,Permanent,On Leave,UI832599,GH793701,2026-09-12,2030-02-19,2025-12-13,2026-12-04,2019-04-15
EMP0271,Norman,Coleman,hardingkathleen@example.org,1972-02-12,09098790648,"Flat 5
Baker Ports
Lake Elliotstad
N31 7LU",Female,Southvale Hospitals NHS Trust,Mixed,South Africa,Skilled Worker,Medical,Registrar,Critical Care & Anaesthesia,Intensive Care Unit,SPR,74779,2017-11-10,2017-12-22,18.75,0.5,GMC,Bank,On Leave,NK745489,MR858428,2028-06-20,2028-04-29,2026-05-19,2026-12-21,2017-12-01
EMP0272,Leonard,Smith,phillip77@example.com,1963-08-01,+44(0)28 9018 0939,"Flat 50
Deborah Isle
Lake Dianachester
BS8B 3UX",Female,Meadowbrook Community Health NHS Trust,Mixed,Nigeria,Skilled Worker,Nursing,Staff Nurse,Emergency & Urgent Care,Minor Injuries Unit,5,37444,2025-04-25,2025-05-23,20.0,0.53,None,Bank,On Leave,KD112527,CC168014,2026-11-06,2030-04-09,2025-12-14,2027-05-03,2025-05-16
EMP0273,Lisa,Page,robertwilson@example.org,1995-05-02,+44(0)808 1570041,"Flat 17
Weston Pines
Adamton
M3 6SX",Male,Eastfield Psychological Services NHS Trust,Mixed,China,British Citizen,AHP,Occupational Therapist,Medicine & Acute Care,Neurology,6,45221,2024-09-11,2024-10-09,20.0,0.53,None,Fixed Term,Active,RU131271,NK251302,2028-10-03,2026-09-22,2025-09-12,2026-12-19,2024-10-02
EMP0274,Tom,Reeves,beverley13@example.org,1987-04-21,+44(0)9098790243,"48 Whitehead Union
Stewartside
N7 3QS",Female,Meadowbrook Community Health NHS Trust,Mixed,Jamaica,Dependent,Nursing,Senior Staff Nurse,Medicine & Acute Care,Endocrinology,6,54366,2019-10-24,2019-12-05,15.0,0.4,None,Bank,Active,VY190591,XL839574,2028-01-19,2029-07-03,2026-07-13,2027-08-30,2019-11-14
EMP0275,Dominic,Holland,iangallagher@example.org,1998-10-16,+449098790275,"Flat 01
Rosie Terrace
Samanthaland
S79 4EB",Female,Midlands Central Hospitals NHS Trust,Asian,China,ILR,Medical,Consultant,Critical Care & Anaesthesia,Intensive Care Unit,CONS,132452,2022-06-07,2022-07-05,37.5,1.0,None,Fixed Term,On Leave,YP717331,OG157250,2030-07-21,2028-07-20,2026-06-29,2026-12-16,2022-06-28
EMP0276,Sara,Wyatt,yjames@example.org,1961-01-02,029 2018 0930,"748 Allan Fort
Elliotland
E0 1TE",Male,Eastfield Psychological Services NHS Trust,Mixed,Australia,British Citizen,Nursing,Healthcare Assistant,Emergency & Urgent Care,Emergency Department,2,26462,2024-08-05,2024-09-09,18.75,0.5,None,Permanent,Suspended,ZR689381,UD314680,2029-03-18,2030-01-21,2025-10-18,2027-03-30,2024-08-26
EMP0277,Catherine,Lawrence,darren87@example.org,1979-02-10,+44(0)117 4960315,"Flat 71
Ryan Isle
West Craighaven
SE1 3DH",Female,Bluewater Community & Rehabilitation NHS Trust,Black,South Africa,Dependent,Nursing,Staff Nurse,Clinical Support Services,Radiology,5,42550,2023-12-24,2024-01-21,30.0,0.8,GMC,Bank,Suspended,VH105276,BJ208803,2029-10-11,2030-10-16,2026-07-31,2027-04-27,2024-01-14
EMP0278,Frederick,Fletcher,bennettmartyn@example.com,1966-11-18,+441184960261,"62 James Port
Lindseyland
E18 0JJ",Male,Meadowbrook Community Health NHS Trust,White,United Kingdom,British Citizen,Admin,Administrator,Critical Care & Anaesthesia,Pain Management,3,27651,2018-02-15,2018-03-22,30.0,0.8,HCPC,Permanent,On Leave,ZP846464,GO232537,2029-05-28,2027-08-13,2025-12-17,2027-03-15,2018-03-08
EMP0279,Amelia,Smith,burkejulia@example.com,1991-04-22,(0121) 4960873,"Studio 81
Rhodes Fort
Loweville
SM18 9NQ",Male,Greenhaven Acute & Specialist Care NHS Trust,Asian,China,Skilled Worker,AHP,Speech Therapist,Corporate Services,Finance,6,52019,2024-09-18,2024-10-30,18.75,0.5,NMC,Fixed Term,On Leave,BB035847,AQ751872,2031-05-08,2027-05-06,2026-07-02,2026-09-17,2024-10-09
EMP0280,Leslie,Hardy,patriciablack@example.com,1968-06-10,+44(0)3069990931,"Flat 8
Price Spur
South Hayleybury
PL8A 6QJ",Female,Greenhaven Acute & Specialist Care NHS Trust,White,Australia,Dependent,Nursing,Nursery Nurse,Medicine & Acute Care,Acute Medicine,2,25424,2024-05-25,2024-06-22,20.0,0.53,None,Permanent,Suspended,RR636307,NY759131,2028-02-08,2027-01-02,2026-08-26,2027-07-10,2024-06-15
EMP0281,Jessica,Campbell,bradley79@example.com,1966-08-18,+44118 496 0900,"Studio 32d
Joshua Mountains
Port Shannon
M9 3NR",Female,Bluewater Community & Rehabilitation NHS Trust,Asian,China,Skilled Worker,Medical,Registrar,Corporate Services,Facilities Management,SPR,69285,2021-05-25,2021-06-22,15.0,0.4,GMC,Fixed Term,On Leave,RY181555,IF691110,2029-11-21,2028-04-15,2026-01-30,2026-11-23,2021-06-15
EMP0282,Jordan,Burton,rgriffiths@example.net,1965-01-17,0117 496 0662,"8 Turner Isle
Smithborough
W55 3HN",Female,Meadowbrook Community Health NHS Trust,Black,Trinidad and Tobago,ILR,Admin,Administrator,Medicine & Acute Care,Dermatology,3,29243,2023-02-27,2023-04-03,18.75,0.5,GMC,Permanent,Inactive,RF166305,EE763738,2030-01-09,2029-02-02,2026-09-01,2026-11-30,2023-03-20
EMP0283,Jean,Barnes,colinwalsh@example.com,1985-03-27,01632 960308,"Studio 33C
Francesca Ridge
Lake Richardside
G6S 1HS",Female,Riverside Integrated Care NHS Trust,Asian,China,Skilled Worker,Medical,SHO,Clinical Support Services,Radiology,SHO,51838,2019-12-18,2020-01-29,18.75,0.5,HCPC,Permanent,Suspended,KC749499,GI285733,2030-10-27,2029-06-29,2026-08-03,2027-05-08,2020-01-08
EMP0284,Leon,Cameron,mauricerobinson@example.org,1982-06-08,+44(0)151 496 0799,"Studio 14f
Dorothy Turnpike
Curtisfort
BT4P 4PB",Male,Riverside Integrated Care NHS Trust,Asian,China,Skilled Worker,AHP,Occupational Therapist,Surgery & Cancer,ENT Surgery,6,48270,2022-05-04,2022-06-15,37.5,1.0,None,Permanent,Active,VW927626,OI034047,2026-09-16,2030-04-21,2026-05-05,2027-01-24,2022-05-25
EMP0285,Donna,Farrell,frussell@example.org,1972-01-09,(0306) 9990656,"2 Smith Stravenue
West Albert
WC7X 7NQ",Female,Valleyview Mental Wellness NHS Trust,Mixed,Nigeria,ILR,Medical,Consultant,Surgery & Cancer,Neurosurgery,CONS,98616,2017-01-04,2017-02-01,15.0,0.4,None,Permanent,On Leave,PK916792,WI202977,2030-06-21,2027-07-30,2026-01-19,2026-11-01,2017-01-25
EMP0286,Maureen,Marsden,hunterkathryn@example.org,1996-12-10,03069990891,"Studio 59
Johnson Pines
Geraldside
G9E 0EB",Male,Riverbank General Hospitals NHS Trust,Asian,China,ILR,AHP,Speech Therapist,Emergency & Urgent Care,Emergency Department,6,47987,2024-07-27,2024-08-24,18.75,0.5,NMC,Bank,Active,DP442800,CW635134,2028-11-21,2029-08-31,2025-11-21,2026-10-27,2024-08-17
EMP0287,Helen,Warren,jason79@example.com,2003-04-16,+44(0)20 7496 0441,"7 Kyle Shoals
Lake Paul
JE2B 1NF",Male,Midlands Central Hospitals NHS Trust,Black,Trinidad and Tobago,British Citizen,Admin,Receptionist,Critical Care & Anaesthesia,Intensive Care Unit,3,26581,2023-09-10,2023-10-15,15.0,0.4,HCPC,Permanent,Active,DC287079,BL867274,2027-07-22,2029-11-14,2025-10-15,2027-08-20,2023-10-01
EMP0288,Bethan,Green,cburrows@example.com,1998-10-14,+44(0)118 496 0753,"Studio 34
Marian Shore
Ruthview
NW6 1UB",Male,Eastfield Psychological Services NHS Trust,Mixed,United Kingdom,British Citizen,Nursing,Staff Nurse,Surgery & Cancer,Breast Surgery,5,41458,2017-01-01,2017-02-12,37.5,1.0,NMC,Fixed Term,Active,XK117468,BX224073,2030-07-05,2029-07-15,2025-10-08,2027-08-30,2017-01-22
EMP0289,Georgina,Poole,ewalker@example.org,1996-04-11,01174960896,"907 Mandy Falls
South Clifford
L3T 6WJ",Female,Lakeside District Hospitals NHS Trust,Black,Trinidad and Tobago,Dependent,Medical,GP,Corporate Services,IT Support,GP,99168,2021-08-25,2021-10-06,30.0,0.8,GMC,Permanent,Active,OO748846,IR054071,2028-12-05,2030-02-03,2025-10-26,2026-12-30,2021-09-15
EMP0290,Mohamed,Miah,guy16@example.com,1987-04-29,+4429 2018557,"399 Stewart Inlet
Port Timothyview
E98 4NF",Male,Oakridge Community Services NHS Trust,Black,Barbados,Skilled Worker,AHP,Occupational Therapist,Women & Children,Obstetrics,6,49254,2025-12-03,2026-01-07,37.5,1.0,HCPC,Bank,On Leave,ML001025,HO385555,2026-11-03,2030-04-03,2025-11-02,2027-04-17,2025-12-24
EMP0291,Maria,Reynolds,moorejosephine@example.com,1969-11-18,+44(0)29 2018 0603,"535 Lee Canyon
Benjaminfort
BR5 0UN",Female,Riverbank General Hospitals NHS Trust,Black,Trinidad and Tobago,Skilled Worker,Admin,Administrator,Surgery & Cancer,Breast Surgery,3,29833,2024-05-03,2024-06-14,15.0,0.4,HCPC,Fixed Term,On Leave,GZ142600,NK651853,2027-07-09,2029-05-07,2025-11-20,2027-02-25,2024-05-24
EMP0292,Danielle,Watson,keithrhodes@example.org,2003-11-23,(0116) 4960499,"Studio 11
Richards Mountains
Lake Charlie
ML98 1LU",Female,Westborough Acute Care NHS Trust,Asian,Thailand,British Citizen,Medical,SHO,Emergency & Urgent Care,Emergency Department,SHO,56975,2021-11-13,2021-12-11,15.0,0.4,NMC,Permanent,Active,ZI445562,PM128634,2027-10-08,2031-01-13,2026-07-19,2027-07-02,2021-12-04
EMP0293,Jeffrey,Cooper,johnsonleslie@example.net,2003-06-09,+44116 4960270,"2 Watson Branch
North Shannon
M47 1SH",Female,Valleyview Mental Wellness NHS Trust,Asian,India,British Citizen,Admin,Administrator,Medicine & Acute Care,Acute Medicine,3,28423,2025-09-22,2025-10-20,18.75,0.5,GMC,Bank,Suspended,HJ116286,LB005122,2028-03-14,2031-04-24,2026-06-13,2026-11-26,2025-10-13
EMP0294,Trevor,Williams,irenecooper@example.org,1993-06-04,01632 960 619,"594 Charlene Inlet
New Luke
SN2H 8AP",Male,Northshire University Hospitals NHS Trust,Black,Nigeria,ILR,Admin,Data Analyst,Surgery & Cancer,ENT Surgery,8A,55973,2022-06-03,2022-07-01,20.0,0.53,HCPC,Fixed Term,Suspended,HS336430,ST096609,2031-06-12,2026-10-17,2026-07-01,2027-06-14,2022-06-24
EMP0295,Caroline,Atkins,nathan99@example.org,1995-05-07,(0118)4960038,"Flat 9
Jones Unions
South Beth
SR0V 7SY",Female,Eastfield Psychological Services NHS Trust,Mixed,South Africa,Dependent,Medical,Registrar,Critical Care & Anaesthesia,Pain Management,SPR,70088,2022-11-09,2022-12-14,15.0,0.4,NMC,Permanent,Active,MY398888,YK486878,2031-04-22,2031-06-15,2026-09-02,2026-10-15,2022-11-30
EMP0296,Charlie,Howarth,natalie36@example.org,1971-04-20,+44(0)1632 960 387,"Flat 9
Norman Union
Rebeccaside
G0 7PT",Female,Eastfield Psychological Services NHS Trust,White,New Zealand,Dependent,AHP,Physiotherapist,Emergency & Urgent Care,Minor Injuries Unit,6,49440,2022-03-09,2022-04-06,15.0,0.4,NMC,Bank,Active,CU192129,LU443749,2028-05-12,2029-04-20,2026-06-15,2026-09-27,2022-03-30
EMP0297,Lorraine,Wheeler,brettwilkins@example.com,2005-07-22,(0909) 8790117,"507 Wayne Forges
South Hannahton
BH17 6GL",Female,Northshire University Hospitals NHS Trust,Black,Trinidad and Tobago,Skilled Worker,Nursing,Ward Manager,Corporate Services,Facilities Management,8A,58170,2019-11-20,2020-01-01,30.0,0.8,NMC,Permanent,Inactive,QU176121,JY834056,2028-07-27,2029-09-05,2026-08-25,2026-11-19,2019-12-11
EMP0298,Hollie,Stevenson,fthomson@example.net,2007-03-01,01164960056,"8 Pearce Junctions
Port Jeremystad
E0F 3LX",Male,Horizon Integrated Health Partnership NHS Trust,Black,Nigeria,British Citizen,AHP,Pharmacist,Women & Children,Obstetrics,5,37494,2016-12-28,2017-02-01,18.75,0.5,None,Fixed Term,On Leave,RF360316,KL702119,2030-01-17,2029-05-16,2026-08-18,2026-10-08,2017-01-18
EMP0299,Hilary,Hill,susanfinch@example.com,1971-10-16,0115 4960603,"Flat 86
Chelsea Curve
Port Ameliaport
FK2E 0SG",Male,Broadfield Clinical Services NHS Trust,Asian,Thailand,Skilled Worker,Medical,Consultant,Corporate Services,Facilities Management,CONS,136795,2025-09-28,2025-11-02,30.0,0.8,NMC,Bank,On Leave,JA113198,AW293572,2031-05-03,2029-03-14,2026-04-26,2027-04-09,2025-10-19
EMP0300,Carly,Singh,rachael65@example.com,2006-08-27,0118 496 0650,"Studio 34Y
Walker Isle
Wilsonburgh
N54 9UY",Female,Horizon Integrated Health Partnership NHS Trust,White,New Zealand,British Citizen,AHP,Physiotherapist,Medicine & Acute Care,General Surgery,6,46585,2022-05-28,2022-06-25,15.0,0.4,None,Fixed Term,Suspended,KQ976350,EY389210,2028-09-09,2031-07-13,2026-06-04,2027-01-23,2022-06-18
EMP0301,Lucy,Rees,nicholas04@example.com,2001-02-03,+44(0)114 4960608,"Flat 79
Samuel Place
South Chloeburgh
PL57 1GZ",Female,Oakridge Community Services NHS Trust,Asian,Japan,British Citizen,Medical,GP,Surgery & Cancer,Orthopaedics,GP,90974,2017-01-26,2017-03-02,15.0,0.4,None,Fixed Term,Inactive,EJ100663,WL445948,2027-10-14,2028-10-31,2026-08-18,2026-12-20,2017-02-16
EMP0302,Kimberley,Porter,margaret90@example.net,1996-01-16,+441214960521,"798 Derek Haven
Lake Stewart
N9 7LQ",Female,Eastmoor Teaching Hospitals NHS Trust,Asian,India,ILR,Admin,Receptionist,Emergency & Urgent Care,Emergency Department,3,30050,2021-05-15,2021-06-26,18.75,0.5,None,Permanent,Suspended,RJ245147,QF792465,2030-09-08,2027-04-05,2025-11-06,2027-07-15,2021-06-05
EMP0303,Ann,Harper,byrnetina@example.com,2000-09-03,+441314960423,"04 Oliver Island
East Ruthhaven
IG7X 5QE",Male,Valleyview Mental Wellness NHS Trust,White,Australia,British Citizen,Nursing,Ward Manager,Critical Care & Anaesthesia,Pain Management,8A,65007,2021-06-03,2021-07-01,20.0,0.53,NMC,Bank,Inactive,SO729043,JL596989,2027-06-03,2028-05-02,2026-04-13,2027-01-30,2021-06-24
EMP0304,Jessica,Davies,benpearson@example.com,2006-10-17,(0909) 8790431,"06 Steven Isle
New Katie
G8 0AF",Female,Oakridge Community Services NHS Trust,Asian,India,British Citizen,Admin,Receptionist,Clinical Support Services,Radiology,3,31268,2021-08-09,2021-09-13,37.5,1.0,None,Permanent,On Leave,LX687544,BI440606,2028-01-02,2030-09-17,2026-02-04,2026-09-20,2021-08-30
EMP0305,Terry,Martin,dennis47@example.com,1993-12-02,01914960868,"06 Adam Coves
Lake Leon
G9G 3LF",Female,Westmere Community Health NHS Trust,Asian,China,British Citizen,Nursing,Nursery Nurse,Surgery & Cancer,Colorectal Surgery,2,25059,2017-01-20,2017-02-17,18.75,0.5,None,Bank,Active,UK934615,RP794803,2029-10-16,2028-10-16,2026-07-20,2027-09-11,2017-02-10
EMP0306,Josephine,Shah,danielphillips@example.net,1997-08-01,+44117 496 0203,"3 Burns Island
Oliverfurt
S1 2SX",Male,Northwood Mental Health NHS Trust,Mixed,Thailand,British Citizen,AHP,Radiographer,Surgery & Cancer,General Surgery,6,44785,2019-09-05,2019-10-03,20.0,0.53,None,Bank,Suspended,PB699921,LY864206,2029-06-23,2030-08-03,2026-02-06,2027-07-16,2019-09-26
EMP0307,Valerie,Jones,terencehodgson@example.com,1984-03-22,+44(0)9098790778,"Flat 45
Teresa Parkway
Newmanburgh
G1W 1UE",Male,Southgate Community & Mental Health NHS Trust,Mixed,United States,Skilled Worker,Medical,Consultant,Clinical Support Services,Pathology,CONS,112619,2017-12-29,2018-02-09,30.0,0.8,NMC,Permanent,Active,UZ488168,CQ448467,2026-11-29,2030-12-14,2025-10-18,2027-01-28,2018-01-19
EMP0308,Sara,Harper,awilliams@example.com,2003-02-24,+44(0)20 74960298,"Studio 7
Sullivan Course
Lake Arthurhaven
M3H 1GW",Male,Riverside Integrated Care NHS Trust,Mixed,Kenya,British Citizen,Nursing,Nursery Nurse,Clinical Support Services,Physiotherapy,2,24200,2021-08-06,2021-09-03,18.75,0.5,None,Permanent,Suspended,GY995777,UM710145,2031-07-16,2029-10-20,2025-12-26,2027-03-25,2021-08-27
EMP0309,Amy,Murphy,miahaimee@example.net,1980-01-20,+44(0)1414960588,"Flat 37l
Clive Club
East Craig
WA0 4TB",Male,Horizon Integrated Health Partnership NHS Trust,Asian,Japan,ILR,AHP,Occupational Therapist,Clinical Support Services,Pharmacy,6,53512,2021-05-12,2021-06-23,37.5,1.0,HCPC,Permanent,Suspended,WD223843,WO618308,2028-10-13,2027-10-29,2026-04-21,2027-01-13,2021-06-02
EMP0310,Lindsey,Stokes,kellycallum@example.org,1967-03-23,+441414960673,"3 Jones Neck
North Lynn
DG7 5YP",Male,Southvale Hospitals NHS Trust,Mixed,Barbados,Skilled Worker,Medical,FY1/FY2,Medicine & Acute Care,Acute Medicine,FY1,36002,2025-03-20,2025-04-17,15.0,0.4,NMC,Fixed Term,Inactive,XM358348,QD170807,2029-01-23,2028-08-11,2026-06-26,2027-02-12,2025-04-10
EMP0311,Norman,Bray,jackshaw@example.com,1979-01-06,(0306) 9990857,"355 Katie Crossroad
West Rachael
TA6 6XQ",Female,Oakridge Community Services NHS Trust,Mixed,Nigeria,British Citizen,Nursing,Nursery Nurse,Surgery & Cancer,ENT Surgery,2,27973,2024-12-13,2025-01-24,18.75,0.5,None,Bank,On Leave,DN888317,KY374552,2029-12-07,2030-07-25,2025-09-29,2027-01-13,2025-01-03
EMP0312,Abbie,Evans,jacquelinehall@example.net,2005-08-18,+44(0)191 496 0464,"Flat 21
Stephen Plains
East Hugh
NE3R 0TG",Male,Bluewater Community & Rehabilitation NHS Trust,Mixed,Jamaica,Skilled Worker,Medical,GP,Clinical Support Services,Physiotherapy,GP,90553,2026-08-03,2026-09-07,15.0,0.4,GMC,Fixed Term,Inactive,NE114138,HZ053969,2031-04-23,2027-06-08,2026-04-21,2027-02-01,2026-08-24
EMP0313,Maureen,Randall,zoe81@example.com,2000-08-13,+44(0)909 879 0786,"Studio 43K
Mathew Park
Karlport
CW3W 1DG",Female,Midlands Central Hospitals NHS Trust,Asian,Japan,Dependent,Medical,Registrar,Women & Children,Obstetrics,SPR,78023,2021-03-11,2021-04-08,18.75,0.5,GMC,Bank,Suspended,XN348769,HD060405,2028-07-04,2031-09-01,2026-02-22,2027-01-22,2021-04-01
EMP0314,Douglas,White,bjohnson@example.org,1991-03-02,+44(0)121 496 0192,"Flat 60e
Vincent Circle
Port Sandraview
EN24 7ZB",Female,Riverbank General Hospitals NHS Trust,Black,Jamaica,ILR,AHP,Pharmacist,Corporate Services,Human Resources,5,42872,2025-04-29,2025-06-03,15.0,0.4,NMC,Fixed Term,Suspended,ER220738,ND930428,2030-06-08,2029-03-22,2025-09-26,2027-05-31,2025-05-20
EMP0315,Kenneth,Hope,berryeric@example.com,1976-04-07,(0113) 496 0869,"21 Townsend Views
New Ritaland
KY2V 5LY",Male,Lakeside District Hospitals NHS Trust,Asian,China,ILR,Medical,FY1/FY2,Clinical Support Services,Pathology,FY1,41468,2022-10-08,2022-11-05,37.5,1.0,HCPC,Fixed Term,On Leave,OI390905,GU608612,2030-07-20,2031-01-28,2026-02-22,2026-10-27,2022-10-29
EMP0316,George,Williams,hendersonlisa@example.net,2005-05-18,+44306 999 0195,"Studio 63
Gareth Heights
Kentbury
N85 7LU",Male,Westmere Community Health NHS Trust,Asian,Thailand,Skilled Worker,Nursing,Healthcare Assistant,Medicine & Acute Care,Cardiology,2,27920,2020-10-20,2020-11-24,15.0,0.4,GMC,Bank,Inactive,IB846395,AZ409590,2030-05-06,2029-03-04,2026-01-04,2027-03-30,2020-11-10
EMP0317,Garry,Thorpe,smithdennis@example.com,1972-05-20,01144960790,"8 Scott Harbors
West Benjaminport
SM4M 3AY",Female,Eastmoor Teaching Hospitals NHS Trust,Mixed,Barbados,British Citizen,Nursing,Healthcare Assistant,Women & Children,Postnatal Care,2,25754,2024-02-13,2024-03-19,37.5,1.0,None,Bank,Suspended,EK002380,HZ109651,2031-05-17,2028-07-06,2025-11-10,2027-03-17,2024-03-05
EMP0318,Jeffrey,May,blackfrank@example.net,1974-06-15,0141 496 0574,"Studio 2
Griffiths Terrace
Lake Charlotteland
BH1X 9JE",Male,Bluewater Community & Rehabilitation NHS Trust,Black,Ghana,British Citizen,Nursing,Nursery Nurse,Emergency & Urgent Care,Emergency Department,2,27819,2026-03-01,2026-03-29,37.5,1.0,NMC,Fixed Term,Suspended,KQ874509,NK956671,2029-03-21,2030-07-29,2026-08-25,2027-02-03,2026-03-22
EMP0319,Wendy,Glover,leesjessica@example.org,1998-01-12,+44(0)909 8790381,"76 Price Neck
New Jenna
MK7W 6TT",Male,Eastmoor Teaching Hospitals NHS Trust,Black,Jamaica,Skilled Worker,Nursing,Nursery Nurse,Women & Children,Gynaecology,2,26735,2018-03-13,2018-04-24,37.5,1.0,None,Fixed Term,On Leave,GZ676528,RB599032,2030-04-15,2028-05-05,2026-05-08,2026-11-20,2018-04-03
EMP0320,Stephen,Russell,marcus46@example.org,1980-03-03,+44(0)117 496 0445,"Flat 4
Charlene Skyway
South Joanne
E16 9FD",Male,Greenhaven Acute & Specialist Care NHS Trust,Mixed,Canada,British Citizen,Admin,Administrator,Women & Children,Postnatal Care,3,31530,2019-10-11,2019-11-15,20.0,0.53,None,Bank,Suspended,KP659513,BW699989,2030-10-06,2028-02-11,2026-09-08,2027-01-15,2019-11-01
EMP0321,Helen,Fleming,maureen93@example.com,1977-12-26,+44(0)115 496 0079,"Studio 56
Jay Mountain
Whiteport
BS4N 1RL",Male,Horizon Integrated Health Partnership NHS Trust,Mixed,Ghana,Dependent,Medical,GP,Critical Care & Anaesthesia,Anaesthesia,GP,115076,2023-08-02,2023-09-13,37.5,1.0,None,Fixed Term,On Leave,WS592787,VK686827,2028-07-23,2030-06-01,2026-06-19,2026-10-16,2023-08-23
EMP0322,Naomi,Jenkins,ben92@example.org,1995-09-17,+44(0)113 4960474,"12 Scott Shore
New Bethanyfort
B13 4QA",Female,Bluewater Community & Rehabilitation NHS Trust,White,Australia,British Citizen,Nursing,Ward Manager,Medicine & Acute Care,Rheumatology,8A,59503,2020-11-19,2020-12-31,30.0,0.8,HCPC,Fixed Term,Active,JX593961,JQ830051,2028-09-02,2029-05-23,2026-04-02,2027-07-31,2020-12-10
EMP0323,Peter,Kemp,wardpamela@example.com,2008-09-11,+44808 1570175,"30 Middleton Junction
Jacquelinemouth
GY00 4PE",Female,Eastmoor Teaching Hospitals NHS Trust,Mixed,Ghana,Dependent,Nursing,Healthcare Assistant,Surgery & Cancer,Breast Surgery,2,24247,2020-06-26,2020-08-07,20.0,0.53,NMC,Fixed Term,Active,ZX850059,XW872840,2028-06-03,2029-11-17,2025-10-05,2026-12-26,2020-07-17
EMP0324,Ashleigh,Ward,leanne17@example.com,1976-04-24,0118 4960013,"956 Roger Unions
New Geraldburgh
L4B 7FG",Female,Bluewater Community & Rehabilitation NHS Trust,Black,South Africa,British Citizen,AHP,Physiologist,Corporate Services,Communications,6,46440,2022-08-03,2022-09-07,37.5,1.0,HCPC,Fixed Term,On Leave,TB046944,PL749960,2028-08-16,2028-06-21,2025-09-25,2026-11-25,2022-08-24
EMP0325,Bethan,Lord,wadams@example.net,1986-12-28,(0161) 4960779,"Studio 18o
Russell Spur
Lydiahaven
RG13 3US",Female,Northshire University Hospitals NHS Trust,Mixed,United States,British Citizen,Nursing,Charge Nurse,Emergency & Urgent Care,Emergency Department,7,57560,2022-03-16,2022-04-20,37.5,1.0,HCPC,Permanent,Suspended,OS805478,IQ205120,2026-11-20,2029-02-15,2026-07-21,2026-10-07,2022-04-06
EMP0326,Gary,Donnelly,jacquelinedavies@example.org,1969-08-25,(0141)4960712,"7 Singh Tunnel
Port Rogerberg
B81 3BX",Male,Oakridge Community Services NHS Trust,Asian,Japan,Skilled Worker,Medical,GP,Medicine & Acute Care,General Surgery,GP,113360,2025-09-30,2025-11-11,15.0,0.4,None,Fixed Term,Suspended,NX582997,QS250700,2029-02-09,2030-11-29,2026-05-27,2026-10-30,2025-10-21
EMP0327,Leanne,Brown,sthomas@example.org,2007-02-18,+44(0)292018533,"74 Alex Hills
Lake Gavin
N0 2NS",Female,Northwood Mental Health NHS Trust,Mixed,Canada,British Citizen,Admin,Medical Secretary,Corporate Services,Communications,4,32385,2019-03-15,2019-04-26,20.0,0.53,HCPC,Bank,Active,AS911127,TW235882,2027-07-03,2031-06-05,2026-06-21,2027-06-19,2019-04-05
EMP0328,Emma,Cross,owenricky@example.net,1990-05-01,+44(0)118 4960229,"598 Iain Streets
Michaelborough
HU5B 7RD",Female,Hillcrest Medical Centres NHS Trust,Asian,China,Skilled Worker,Admin,Data Analyst,Critical Care & Anaesthesia,Pain Management,8A,68819,2021-04-26,2021-06-07,20.0,0.53,HCPC,Bank,Suspended,WT837474,IC696590,2030-05-12,2031-08-31,2026-09-04,2027-03-03,2021-05-17
EMP0329,Lynda,Patel,kerrygill@example.com,2008-03-09,+4429 2018911,"957 McCarthy Keys
Port Marc
SG50 1UA",Female,Southgate Community & Mental Health NHS Trust,Mixed,Australia,ILR,Admin,Data Analyst,Surgery & Cancer,General Surgery,8A,57701,2016-11-04,2016-12-02,15.0,0.4,HCPC,Fixed Term,On Leave,QU465613,JR214264,2028-06-30,2031-02-10,2026-05-30,2027-07-11,2016-11-25
EMP0330,Michelle,Skinner,carterlynda@example.com,1996-04-02,+44(0)20 74960643,"Studio 5
Barnes Mountain
Richardsonborough
N7K 3ZL",Female,Greenhaven Acute & Specialist Care NHS Trust,Mixed,Kenya,British Citizen,AHP,Speech Therapist,Critical Care & Anaesthesia,Anaesthesia,6,46367,2017-06-05,2017-07-10,18.75,0.5,HCPC,Permanent,Suspended,XC947756,IW797001,2029-04-28,2028-06-08,2026-02-25,2027-07-12,2017-06-26
EMP0331,Andrew,Smith,wendy88@example.net,1964-05-20,+44(0)1632960794,"Studio 2
Wallace Key
Port Kevin
CM8 6BX",Male,Riverside Integrated Care NHS Trust,Asian,China,Dependent,Admin,Administrator,Critical Care & Anaesthesia,Intensive Care Unit,3,29550,2026-07-26,2026-08-30,30.0,0.8,NMC,Permanent,Suspended,AD668672,AX978955,2028-06-26,2030-03-02,2025-09-16,2026-10-31,2026-08-16
EMP0332,Jane,Kay,holdenclifford@example.org,1968-04-28,+44141 4960863,"Studio 15l
Janet River
Lake Frances
NG33 1LJ",Female,Southvale Hospitals NHS Trust,Asian,China,ILR,Medical,GP,Corporate Services,Human Resources,GP,109482,2019-12-24,2020-02-04,37.5,1.0,GMC,Fixed Term,Active,JJ662611,QT385394,2026-10-19,2027-05-17,2026-01-30,2027-06-28,2020-01-14
EMP0333,Michael,Clarke,kbarton@example.net,2003-05-14,(0151) 4960113,"Flat 64
Williams Ports
Port Ricky
S1 8NN",Female,Westmere Community Health NHS Trust,Asian,India,Skilled Worker,AHP,Occupational Therapist,Women & Children,Paediatrics,6,49042,2025-04-22,2025-06-03,30.0,0.8,NMC,Permanent,Suspended,NS594031,RQ420692,2028-05-28,2031-01-29,2026-03-31,2027-03-21,2025-05-13
EMP0334,Jade,Williams,mauriceharrison@example.org,1981-04-14,(0115) 496 0590,"22 Lisa Orchard
Millerchester
N90 6PW",Female,Eastmoor Teaching Hospitals NHS Trust,Black,Trinidad and Tobago,Dependent,Admin,Receptionist,Medicine & Acute Care,Acute Medicine,3,31230,2026-01-19,2026-03-02,37.5,1.0,None,Fixed Term,Active,YC061147,HY050070,2030-05-12,2031-04-01,2025-10-05,2027-09-10,2026-02-09
EMP0335,Lesley,Williams,deanwilkinson@example.net,2001-07-21,(029)2018326,"9 Crawford Lodge
Geoffreyland
M8B 4HP",Female,Horizon Integrated Health Partnership NHS Trust,Black,Kenya,ILR,AHP,Physiotherapist,Surgery & Cancer,General Surgery,6,48446,2022-04-10,2022-05-22,18.75,0.5,HCPC,Permanent,Suspended,CY428445,ZJ094323,2027-05-21,2028-11-13,2026-05-20,2027-08-12,2022-05-01
EMP0336,Jodie,Butler,zspencer@example.net,1998-04-05,+44(0)1914960428,"712 Whitehouse Island
Port Paula
HX2E 7FP",Female,Valleyview Mental Wellness NHS Trust,White,New Zealand,Dependent,Medical,GP,Women & Children,Obstetrics,GP,113727,2024-10-16,2024-11-27,15.0,0.4,GMC,Bank,Inactive,WF520171,FY368912,2031-05-29,2031-01-01,2026-05-20,2026-11-08,2024-11-06
EMP0337,Gerard,Kay,carolethomas@example.org,1972-06-24,(0909) 8790731,"5 Craig Junctions
Bowenburgh
HU60 1BJ",Female,Greenhaven Acute & Specialist Care NHS Trust,Mixed,South Africa,British Citizen,Medical,Consultant,Critical Care & Anaesthesia,Intensive Care Unit,CONS,114305,2023-05-06,2023-06-17,20.0,0.53,HCPC,Bank,On Leave,ZH082700,ZL657430,2026-10-10,2030-08-30,2025-10-18,2027-05-02,2023-05-27
EMP0338,Kelly,Stanley,nolangeorgia@example.com,1989-10-09,(0131) 4960111,"Flat 22
Mills Pass
Nicolabury
HS4M 4HU",Male,Westborough Acute Care NHS Trust,Asian,China,British Citizen,Nursing,Senior Staff Nurse,Critical Care & Anaesthesia,Intensive Care Unit,6,53197,2017-05-30,2017-07-04,30.0,0.8,GMC,Permanent,Suspended,NS676282,XS283674,2031-01-01,2028-06-21,2026-03-03,2026-12-07,2017-06-20
EMP0339,Ian,Martin,harrissally@example.net,1970-08-14,+44121 4960110,"Flat 23b
Aimee Plaza
North Gracehaven
WF5E 4LJ",Female,Horizon Integrated Health Partnership NHS Trust,Asian,China,Skilled Worker,Medical,FY1/FY2,Corporate Services,Finance,FY1,40960,2021-06-13,2021-07-18,30.0,0.8,NMC,Bank,On Leave,JF807773,MH575802,2031-05-05,2029-06-23,2026-06-05,2027-02-09,2021-07-04
EMP0340,Paige,Murphy,benjamin12@example.org,1996-03-09,0909 879 0152,"Studio 95Z
Dawn Summit
Bernardmouth
N3T 0SY",Female,Horizon Integrated Health Partnership NHS Trust,Black,Kenya,British Citizen,Medical,SHO,Corporate Services,Communications,SHO,51212,2022-09-14,2022-10-26,15.0,0.4,HCPC,Bank,Inactive,GA005190,BH839914,2029-01-24,2028-12-13,2026-09-09,2027-07-24,2022-10-05
EMP0341,Philip,Taylor,mwood@example.com,1969-01-21,(0808)1570051,"631 Godfrey Stream
East Robinshire
LU07 7LT",Female,Southvale Hospitals NHS Trust,White,United States,ILR,Admin,Administrator,Surgery & Cancer,Orthopaedics,3,27762,2021-12-28,2022-02-01,37.5,1.0,None,Fixed Term,Active,EX333502,FX534663,2028-10-30,2029-02-20,2025-12-11,2026-12-07,2022-01-18
EMP0342,Eleanor,Reed,melanieswift@example.com,1999-12-19,+44(0)20 7496 0008,"Studio 3
Elliott Stream
East Trevorchester
LN5E 1AR",Male,Southgate Community & Mental Health NHS Trust,White,Canada,Dependent,Medical,Consultant,Emergency & Urgent Care,Urgent Care,CONS,135876,2022-06-30,2022-08-11,37.5,1.0,NMC,Permanent,On Leave,BT630447,ET637308,2030-02-28,2026-11-12,2026-06-08,2027-02-27,2022-07-21
EMP0343,Megan,Bradshaw,ofox@example.com,1985-06-09,+44808 157 0501,"Flat 65
Rachel Loaf
Ashleyville
E2 5ST",Male,Horizon Integrated Health Partnership NHS Trust,Black,Nigeria,Skilled Worker,Medical,FY1/FY2,Emergency & Urgent Care,Ambulance Services,FY1,38932,2019-05-10,2019-06-14,20.0,0.53,NMC,Bank,Inactive,MH849364,QW306197,2029-09-01,2028-12-09,2026-05-03,2027-04-05,2019-05-31
EMP0344,Angela,Hill,antonythornton@example.net,1964-05-21,03069990372,"5 Franklin Dale
New Amy
OX49 6RZ",Male,Meadowbrook Community Health NHS Trust,Asian,Thailand,Skilled Worker,AHP,Physiologist,Women & Children,Gynaecology,6,48811,2020-03-24,2020-05-05,20.0,0.53,HCPC,Bank,Inactive,BV282984,BN588442,2030-09-26,2026-11-26,2026-05-29,2027-05-28,2020-04-14
EMP0345,Gail,Sanders,holmesallan@example.com,1962-05-18,0117 496 0474,"932 Thomas Drive
North Kieranside
CW8B 5PF",Female,Meadowbrook Community Health NHS Trust,Black,South Africa,Skilled Worker,AHP,Physiologist,Emergency & Urgent Care,Minor Injuries Unit,6,49038,2016-11-01,2016-12-13,37.5,1.0,HCPC,Fixed Term,On Leave,BX612571,NZ035783,2031-04-14,2028-08-20,2026-08-01,2027-03-19,2016-11-22
EMP0346,Ashley,Hill,davismohammad@example.org,1980-09-01,0116 496 0627,"6 Davies Mountain
South Gracebury
HS40 9JX",Female,Riverbank General Hospitals NHS Trust,Black,Nigeria,ILR,Medical,SHO,Corporate Services,Facilities Management,SHO,51434,2025-01-25,2025-03-01,15.0,0.4,GMC,Bank,Suspended,KU731832,DX755976,2030-11-10,2026-09-13,2025-12-29,2027-02-02,2025-02-15
EMP0347,Hilary,Harper,jordandavis@example.com,2005-07-14,(0121) 4960261,"182 Lambert Inlet
Mohamedmouth
TN4 0UY",Female,Northshire University Hospitals NHS Trust,White,United Kingdom,Dependent,Admin,Receptionist,Clinical Support Services,Physiotherapy,3,26599,2022-11-09,2022-12-07,15.0,0.4,GMC,Permanent,Active,SV365201,OG139141,2028-03-23,2030-12-15,2026-03-17,2027-07-23,2022-11-30
EMP0348,Carole,Cooper,eileen82@example.net,1983-07-05,+44141 496 0646,"Flat 0
Hartley Hill
Iainside
N4E 1AP",Male,Midlands Central Hospitals NHS Trust,Black,South Africa,Skilled Worker,AHP,Physiologist,Emergency & Urgent Care,Minor Injuries Unit,6,54676,2024-05-14,2024-06-18,30.0,0.8,NMC,Permanent,Inactive,OI893956,ZF922043,2027-09-12,2026-11-24,2026-04-25,2027-04-09,2024-06-04
EMP0349,Charlene,Hobbs,irobinson@example.net,1992-07-22,+441414960349,"Flat 31
Teresa Course
Brownland
W4 3ZW",Female,Riverside Integrated Care NHS Trust,White,Canada,British Citizen,Nursing,Ward Manager,Women & Children,Obstetrics,8A,69797,2025-09-09,2025-10-07,37.5,1.0,NMC,Permanent,Inactive,GN972388,PQ052751,2027-06-21,2028-03-25,2025-12-16,2027-01-01,2025-09-30
EMP0350,Simon,Harrison,bhughes@example.org,1970-02-15,0121 496 0711,"782 Jason Ville
Brucefort
W9U 4ZW",Female,Oakridge Community Services NHS Trust,Asian,India,ILR,Nursing,Charge Nurse,Clinical Support Services,Pharmacy,7,62737,2021-03-01,2021-04-05,37.5,1.0,HCPC,Fixed Term,Inactive,VB073987,TK618923,2028-04-23,2029-06-08,2025-12-17,2027-08-18,2021-03-22
EMP0351,Glenn,Winter,morgannicholas@example.com,1962-04-05,+44808 1570859,"36 Jade Bridge
Tonyview
E6H 8JF",Female,Valleyview Mental Wellness NHS Trust,White,Australia,ILR,Nursing,Senior Staff Nurse,Surgery & Cancer,General Surgery,6,52124,2018-10-19,2018-11-23,30.0,0.8,NMC,Fixed Term,Suspended,ZA471895,OU272961,2029-02-26,2028-02-11,2026-02-02,2027-02-17,2018-11-09
EMP0352,Heather,Sutton,finchlauren@example.com,1964-02-11,01914960665,"9 Jayne Grove
South Rosie
W4 5ST",Female,Valleyview Mental Wellness NHS Trust,White,United States,Skilled Worker,Nursing,Healthcare Assistant,Medicine & Acute Care,Endocrinology,2,25495,2021-06-25,2021-07-30,37.5,1.0,HCPC,Bank,Active,ZH175306,WG140729,2031-01-19,2031-05-11,2026-08-27,2027-07-29,2021-07-16
EMP0353,Gareth,Watts,zoejones@example.net,1970-02-01,+441632960698,"5 Thomas Point
Knightview
SY7 5HA",Female,Horizon Integrated Health Partnership NHS Trust,Mixed,Japan,Dependent,AHP,Physiologist,Medicine & Acute Care,Respiratory Medicine,6,48852,2022-11-29,2023-01-03,30.0,0.8,NMC,Permanent,Suspended,ML447839,LS107918,2031-02-18,2028-01-09,2026-02-22,2027-08-26,2022-12-20
EMP0354,Catherine,Daly,stokesjemma@example.com,1990-04-02,(029) 2018 0657,"584 Fiona Mountains
Youngfurt
WA1Y 1HS",Male,Riverside Integrated Care NHS Trust,Black,Trinidad and Tobago,Dependent,Admin,Medical Secretary,Clinical Support Services,Pathology,4,30804,2018-07-27,2018-09-07,18.75,0.5,HCPC,Fixed Term,On Leave,GH017350,JS114303,2029-09-25,2029-04-29,2026-03-02,2027-03-26,2018-08-17
EMP0355,Tom,Turner,jenningsgerard@example.org,1983-05-31,0151 4960234,"Flat 7
Catherine Parks
Christianland
FY2 0TD",Male,Midlands Central Hospitals NHS Trust,Mixed,Australia,ILR,AHP,Physiotherapist,Surgery & Cancer,General Surgery,6,47326,2022-07-15,2022-08-12,20.0,0.53,GMC,Fixed Term,Active,HZ417863,GT320141,2027-04-16,2027-10-11,2026-01-06,2026-10-02,2022-08-05
EMP0356,Lee,Kelly,laurataylor@example.net,2002-07-19,+44118 4960692,"9 Elaine Drives
South Bradleyport
E0H 3TD",Male,Westborough Acute Care NHS Trust,White,Canada,British Citizen,Medical,FY1/FY2,Medicine & Acute Care,Respiratory Medicine,FY1,37010,2025-11-16,2025-12-14,15.0,0.4,HCPC,Permanent,Suspended,DY592158,CX886819,2028-12-04,2029-03-24,2025-10-30,2027-03-03,2025-12-07
EMP0357,Gregory,Edwards,gbarker@example.com,1968-03-12,+44(0)115 496 0128,"Flat 8
Oliver Divide
East Leon
RH88 7RA",Male,Greenhaven Acute & Specialist Care NHS Trust,Asian,Japan,Dependent,AHP,Radiographer,Clinical Support Services,Physiotherapy,6,53958,2019-12-12,2020-01-16,30.0,0.8,None,Fixed Term,Suspended,TG421528,UM572907,2027-10-16,2030-02-19,2026-03-16,2027-04-25,2020-01-02
EMP0358,Michelle,Williams,whitekieran@example.net,1963-11-14,+44(0)117 4960348,"Flat 20t
Hill Bypass
Deborahhaven
S0H 8BN",Male,Oakridge Community Services NHS Trust,White,United Kingdom,ILR,Admin,Administrator,Women & Children,Obstetrics,3,31521,2018-02-20,2018-03-20,18.75,0.5,HCPC,Bank,Suspended,UB088372,TH881325,2027-10-18,2029-06-12,2026-08-12,2026-10-18,2018-03-13
EMP0359,Deborah,Jones,eandrews@example.com,1983-03-31,+441134960659,"Flat 75
Bailey Fall
Bradleyland
S13 1XJ",Female,Greenhaven Acute & Specialist Care NHS Trust,Asian,Japan,ILR,Nursing,Senior Staff Nurse,Surgery & Cancer,General Surgery,6,47905,2024-12-06,2025-01-17,37.5,1.0,HCPC,Bank,Inactive,SS221518,VI190270,2031-05-07,2029-11-17,2026-06-10,2027-02-28,2024-12-27
EMP0360,Guy,Taylor,amann@example.com,2003-05-24,+4420 74960171,"60 Webster Mission
West Brian
L1B 4LQ",Male,Southvale Hospitals NHS Trust,Mixed,Japan,Skilled Worker,Medical,GP,Corporate Services,Communications,GP,93898,2023-11-23,2023-12-28,18.75,0.5,GMC,Bank,Suspended,JL752114,NU415158,2029-06-04,2026-10-18,2026-08-31,2026-11-13,2023-12-14
EMP0361,Joshua,Watson,annetteevans@example.net,1971-10-19,(0151) 496 0964,"Flat 8
Nelson Square
South Andreaville
E55 7YL",Female,Bluewater Community & Rehabilitation NHS Trust,White,Canada,British Citizen,Medical,SHO,Surgery & Cancer,Neurosurgery,SHO,55051,2018-12-30,2019-01-27,30.0,0.8,NMC,Bank,Inactive,TU859432,IQ931911,2029-09-25,2027-03-03,2025-10-19,2026-10-21,2019-01-20
EMP0362,Jay,Brown,lorrainebennett@example.com,2002-07-22,+44(0)1414960342,"26 Hussain Ways
Hughland
S1G 2EA",Male,Riverside Integrated Care NHS Trust,Black,Trinidad and Tobago,British Citizen,Medical,SHO,Clinical Support Services,Radiology,SHO,46009,2026-07-31,2026-09-11,30.0,0.8,HCPC,Permanent,On Leave,EV709907,JF457884,2028-05-16,2027-01-14,2025-11-05,2026-12-30,2026-08-21
EMP0363,Jordan,Williams,colinblack@example.net,1989-05-02,+44(0)114 4960355,"Studio 0
Fisher Street
East Joanneton
B8B 2TU",Male,Horizon Integrated Health Partnership NHS Trust,White,Australia,ILR,AHP,Speech Therapist,Emergency & Urgent Care,Urgent Care,6,49067,2021-11-04,2021-12-02,37.5,1.0,GMC,Permanent,Active,XS598104,MK940219,2027-01-19,2027-02-08,2026-05-12,2026-11-05,2021-11-25
EMP0364,Eileen,Patel,rogerspaula@example.org,1996-11-30,(0909) 879 0887,"Flat 4
Jenkins Junction
East Hollieside
S83 9QY",Female,Oakridge Community Services NHS Trust,Mixed,United Kingdom,Skilled Worker,Nursing,Senior Staff Nurse,Medicine & Acute Care,Neurology,6,54040,2023-10-10,2023-11-07,20.0,0.53,NMC,Bank,Suspended,YO348182,YV701670,2030-12-30,2030-11-23,2026-08-12,2026-09-14,2023-10-31
EMP0365,Carly,Price,crussell@example.com,1992-01-04,0121 4960782,"Studio 7
Kevin Lakes
South Rosemary
TF6V 8UJ",Female,Northshire University Hospitals NHS Trust,White,New Zealand,Skilled Worker,AHP,Speech Therapist,Critical Care & Anaesthesia,Anaesthesia,6,50644,2021-12-27,2022-01-31,20.0,0.53,HCPC,Permanent,Active,OF133143,XR604714,2027-03-19,2027-03-02,2026-05-21,2027-06-30,2022-01-17
EMP0366,Joel,Akhtar,lisarichardson@example.net,1973-03-18,0121 496 0054,"Flat 8
Lewis Via
New Jackmouth
G4 5TJ",Female,Westborough Acute Care NHS Trust,Black,Nigeria,Skilled Worker,Medical,FY1/FY2,Corporate Services,Human Resources,FY1,41594,2021-08-28,2021-09-25,37.5,1.0,HCPC,Fixed Term,Suspended,IN762177,SE427133,2030-09-08,2026-10-30,2025-12-06,2027-04-07,2021-09-18
EMP0367,Trevor,Elliott,brett27@example.org,1973-11-04,+44161 4960878,"17 Hudson Terrace
Port Joelmouth
WN6M 7HN",Male,Northwood Mental Health NHS Trust,Black,Nigeria,Dependent,Admin,Medical Secretary,Surgery & Cancer,Orthopaedics,4,32098,2019-09-15,2019-10-13,15.0,0.4,None,Fixed Term,Active,HI592055,LW899219,2031-09-02,2026-10-15,2026-08-07,2027-04-09,2019-10-06
EMP0368,Dominic,Taylor,ccoles@example.com,1988-02-05,(0113) 496 0101,"0 Valerie Squares
Port Garyside
B8B 0GJ",Female,Greenhaven Acute & Specialist Care NHS Trust,White,United Kingdom,Dependent,AHP,Physiologist,Clinical Support Services,Physiotherapy,6,51049,2017-05-13,2017-06-17,37.5,1.0,GMC,Fixed Term,Inactive,LU204973,MN983909,2027-09-01,2026-12-25,2025-10-29,2027-02-11,2017-06-03
EMP0369,Charlie,Watson,rosemary30@example.com,1999-10-05,+44131 4960413,"Studio 93
Fisher Manors
East Gemma
BN6V 0BJ",Female,Southvale Hospitals NHS Trust,White,New Zealand,Dependent,AHP,Pharmacist,Emergency & Urgent Care,Emergency Department,5,43963,2023-05-20,2023-06-17,15.0,0.4,None,Permanent,Suspended,GX661066,KJ028534,2028-08-01,2028-05-12,2026-02-14,2027-02-03,2023-06-10
EMP0370,Philip,Harrison,campbellbruce@example.net,1985-10-19,+44(0)1514960988,"Flat 67o
Oliver Road
Guyport
M1 5TG",Female,Midlands Central Hospitals NHS Trust,Black,Ghana,Skilled Worker,Admin,Medical Secretary,Corporate Services,Human Resources,4,36391,2022-04-06,2022-05-18,30.0,0.8,None,Permanent,Active,QJ166321,VG549106,2030-11-09,2029-06-29,2026-07-22,2027-06-20,2022-04-27
EMP0371,Graham,Ali,sbaxter@example.org,1991-08-18,01632 960 978,"477 Mathew Creek
Jadeland
ME53 8QA",Male,Hillcrest Medical Centres NHS Trust,Black,Kenya,Dependent,AHP,Occupational Therapist,Surgery & Cancer,ENT Surgery,6,54211,2018-01-22,2018-03-05,30.0,0.8,NMC,Bank,Inactive,LY091801,RS079071,2029-02-28,2029-02-13,2026-02-19,2027-03-19,2018-02-12
EMP0372,Samuel,Wells,carlyowen@example.org,2006-12-26,02074960791,"770 Cox Pass
Jonesville
B85 3NP",Male,Hillcrest Medical Centres NHS Trust,Black,South Africa,ILR,Nursing,Nursery Nurse,Clinical Support Services,Radiology,2,25380,2020-06-17,2020-07-22,37.5,1.0,NMC,Permanent,Inactive,NF252799,RL178247,2030-11-16,2030-10-09,2026-07-20,2027-08-14,2020-07-08
EMP0373,Elliot,Buckley,katieedwards@example.org,1979-12-14,029 2018272,"Flat 9
Booth Islands
Port Nicoletown
TR52 6ZB",Female,Meadowbrook Community Health NHS Trust,Black,Ghana,Dependent,AHP,Radiographer,Medicine & Acute Care,General Surgery,6,45510,2017-06-30,2017-08-04,15.0,0.4,GMC,Permanent,Active,CJ611434,PU179925,2029-08-26,2028-08-16,2025-11-17,2026-11-27,2017-07-21
EMP0374,Anna,Wilson,mitchell52@example.net,1978-05-08,(0115)4960450,"78 Jones Mall
South Katherine
M7W 0TS",Male,Riverbank General Hospitals NHS Trust,Asian,Thailand,Skilled Worker,AHP,Physiologist,Corporate Services,Human Resources,6,46810,2017-07-04,2017-08-01,30.0,0.8,GMC,Fixed Term,On Leave,IA803972,YS929303,2027-04-25,2030-10-10,2026-03-02,2026-10-10,2017-07-25
EMP0375,Kathryn,Daniels,tom84@example.com,1987-02-06,+441164960941,"Flat 60p
Sharon Trail
Hillberg
E91 4UQ",Male,Hillcrest Medical Centres NHS Trust,Asian,India,ILR,Nursing,Staff Nurse,Surgery & Cancer,Colorectal Surgery,5,38489,2025-02-13,2025-03-20,18.75,0.5,None,Fixed Term,On Leave,KI471163,LT501015,2026-12-13,2029-09-05,2026-07-30,2027-08-30,2025-03-06
EMP0376,Elizabeth,Smith,marionrees@example.org,1970-08-03,+44(0)20 7496 0831,"Flat 99z
Dawn Lakes
East Traceybury
IG2 1ST",Female,Riverbank General Hospitals NHS Trust,Mixed,Japan,Dependent,Medical,GP,Medicine & Acute Care,General Surgery,GP,98962,2023-08-04,2023-09-08,30.0,0.8,NMC,Permanent,Active,IZ209457,IG127363,2026-12-31,2027-04-17,2026-04-25,2026-10-17,2023-08-25
EMP0377,Colin,Farrell,jayne31@example.net,1979-09-09,(0116)4960357,"593 Gould Path
South Rosemaryfort
EN7H 5FA",Female,Southgate Community & Mental Health NHS Trust,Mixed,New Zealand,Skilled Worker,AHP,Radiographer,Medicine & Acute Care,Haematology,6,47930,2017-10-10,2017-11-07,15.0,0.4,GMC,Permanent,Suspended,ZV992675,PZ140559,2030-12-03,2028-07-09,2026-06-01,2027-07-05,2017-10-31
EMP0378,Jodie,White,glennsimmons@example.org,1985-10-14,0114 4960759,"Flat 3
Mohammed Glen
Bennettton
SO3 3GD",Male,Midlands Central Hospitals NHS Trust,Mixed,United Kingdom,British Citizen,Nursing,Healthcare Assistant,Emergency & Urgent Care,Emergency Department,2,25167,2019-07-10,2019-08-14,18.75,0.5,NMC,Bank,On Leave,AT916056,MG664648,2031-03-13,2027-06-26,2025-10-23,2026-10-25,2019-07-31
EMP0379,Tom,Lee,hillsamantha@example.org,1964-07-25,+44(0)115 4960315,"Studio 69F
Cole Turnpike
East Leighbury
BB36 4WL",Male,Oakridge Community Services NHS Trust,Asian,Japan,Dependent,Nursing,Ward Manager,Emergency & Urgent Care,Urgent Care,8A,62869,2020-04-29,2020-06-03,30.0,0.8,None,Bank,Inactive,GV951133,VL285259,2026-09-19,2027-07-08,2026-08-29,2026-11-07,2020-05-20
EMP0380,Fiona,Cox,gailatkinson@example.net,1977-07-03,+441164960547,"983 Smith Mountains
Robinsonport
W7C 7NQ",Female,Westborough Acute Care NHS Trust,Asian,India,ILR,Medical,Registrar,Medicine & Acute Care,Neurology,SPR,78411,2019-02-19,2019-04-02,37.5,1.0,GMC,Fixed Term,Inactive,TM308438,ZO540954,2029-01-06,2029-10-04,2025-09-14,2026-11-28,2019-03-12
EMP0381,Annette,Begum,probinson@example.org,1979-08-29,(0114)4960579,"Studio 20
Clarke Rest
Franklinfort
E47 7BG",Female,Horizon Integrated Health Partnership NHS Trust,Black,Barbados,British Citizen,Admin,Administrator,Clinical Support Services,Physiotherapy,3,28860,2020-05-02,2020-06-06,15.0,0.4,HCPC,Bank,Active,DY264942,QK059705,2030-03-14,2029-10-06,2025-09-18,2027-01-02,2020-05-23
EMP0382,Ricky,Moore,judithwilkinson@example.org,1992-02-15,(0808) 157 0273,"77 Graham Creek
South Robertberg
WV3 3YP",Male,Westmere Community Health NHS Trust,Asian,China,British Citizen,Admin,Administrator,Emergency & Urgent Care,Urgent Care,3,31165,2024-10-23,2024-12-04,30.0,0.8,None,Fixed Term,Active,CV502795,BC310944,2028-06-27,2027-01-24,2026-05-17,2026-09-27,2024-11-13
EMP0383,Joan,Roberts,jessicawilkinson@example.org,1995-07-01,+441174960580,"405 Yvonne Mall
New Ashleigh
W51 3NY",Male,Westborough Acute Care NHS Trust,Asian,India,Dependent,Admin,Medical Secretary,Emergency & Urgent Care,Urgent Care,4,33997,2021-01-22,2021-03-05,37.5,1.0,None,Fixed Term,Inactive,QM798777,OP589672,2027-01-09,2031-07-07,2026-08-22,2026-11-09,2021-02-12
EMP0384,Mary,Burke,leanne83@example.org,1976-04-18,0118 4960155,"Studio 04
Gillian Port
South Kate
N91 2QU",Male,Midlands Central Hospitals NHS Trust,White,Canada,British Citizen,AHP,Speech Therapist,Corporate Services,Communications,6,49475,2024-05-31,2024-07-12,15.0,0.4,None,Fixed Term,On Leave,FH261966,GV159249,2031-06-08,2031-01-11,2026-06-20,2026-11-19,2024-06-21
EMP0385,Kenneth,Williams,harry35@example.net,1982-09-06,+44(0)1614960709,"Flat 08l
Parker Flat
New Joyceport
CH5R 1JN",Female,Northwood Mental Health NHS Trust,Mixed,United States,British Citizen,Admin,Receptionist,Women & Children,Postnatal Care,3,30559,2019-08-21,2019-09-18,15.0,0.4,NMC,Permanent,Inactive,GB993579,PZ946552,2030-01-31,2026-11-02,2026-01-14,2026-10-19,2019-09-11
EMP0386,Shane,Marshall,janetsimmons@example.net,1985-10-21,+44(0)151 496 0828,"Flat 23
Jones Vista
Johnsonland
SO52 4ZU",Male,Eastmoor Teaching Hospitals NHS Trust,Black,Nigeria,British Citizen,Nursing,Nursery Nurse,Corporate Services,Facilities Management,2,25125,2024-10-19,2024-11-23,15.0,0.4,None,Permanent,On Leave,EC427034,LK514577,2031-05-05,2029-11-24,2026-04-16,2027-08-16,2024-11-09
EMP0387,Alan,Lewis,thayward@example.net,2008-04-09,01154960830,"0 Briggs Orchard
Lake Francis
MK2 6YN",Male,Bluewater Community & Rehabilitation NHS Trust,Asian,Japan,Dependent,AHP,Radiographer,Emergency & Urgent Care,Urgent Care,6,54216,2018-02-26,2018-03-26,37.5,1.0,None,Bank,Active,IU061482,TH520737,2029-09-13,2027-08-09,2026-03-14,2026-11-01,2018-03-19
EMP0388,Jake,Saunders,mooregeraldine@example.net,2002-09-01,(0115) 496 0295,"Flat 72O
Lewis Stravenue
Daviesmouth
N71 7AR",Female,Eastfield Psychological Services NHS Trust,White,Australia,Dependent,Nursing,Ward Manager,Emergency & Urgent Care,Urgent Care,8A,62764,2021-12-08,2022-01-19,15.0,0.4,HCPC,Bank,On Leave,OE329816,XU748174,2031-02-15,2028-07-02,2026-04-03,2026-09-26,2021-12-29
EMP0389,Wayne,Holland,kieranhughes@example.net,1998-04-15,(0306) 999 0338,"Studio 92
Shaw Ramp
Port Irene
GL32 9YF",Male,Southvale Hospitals NHS Trust,Asian,India,British Citizen,Medical,SHO,Surgery & Cancer,General Surgery,SHO,51854,2020-09-26,2020-10-24,20.0,0.53,None,Bank,Active,ZM803352,TS790166,2027-11-20,2030-06-23,2026-04-06,2027-09-05,2020-10-17
EMP0390,Sean,Little,sheilarowe@example.org,2002-11-07,01174960834,"39 Perkins Field
Emmaport
S6G 3ZX",Female,Southvale Hospitals NHS Trust,Black,Ghana,ILR,Admin,Medical Secretary,Emergency & Urgent Care,Emergency Department,4,35784,2025-06-05,2025-07-03,15.0,0.4,NMC,Bank,On Leave,JO442799,RW282551,2028-06-27,2028-11-15,2026-08-31,2027-05-11,2025-06-26
EMP0391,Barry,Jones,jeremy35@example.org,1966-02-02,+448081570247,"Flat 3
Luke Island
Benshire
PL8 3WA",Female,Greenhaven Acute & Specialist Care NHS Trust,White,Canada,British Citizen,Medical,Registrar,Clinical Support Services,Pharmacy,SPR,76083,2025-04-16,2025-05-14,37.5,1.0,None,Permanent,Active,UO333109,PU080813,2028-09-05,2028-06-01,2026-04-12,2027-08-10,2025-05-07
EMP0392,Katherine,White,bishopdenise@example.org,2005-06-18,+449098790837,"3 Stone Valleys
East Kayleigh
NR4 0SF",Male,Lakeside District Hospitals NHS Trust,White,United States,British Citizen,AHP,Speech Therapist,Medicine & Acute Care,Rheumatology,6,45320,2026-02-14,2026-03-21,18.75,0.5,NMC,Fixed Term,Active,PV312443,MU592486,2028-07-03,2029-05-16,2025-11-06,2027-05-30,2026-03-07
EMP0393,Justin,Lewis,msummers@example.com,1961-11-05,(0117)4960792,"Flat 7
Kelly Roads
Portertown
W5 0FT",Male,Southgate Community & Mental Health NHS Trust,White,Australia,Dependent,Nursing,Nursery Nurse,Emergency & Urgent Care,Urgent Care,2,26038,2019-04-26,2019-06-07,37.5,1.0,NMC,Fixed Term,Suspended,BF057680,TA338460,2028-06-17,2030-10-06,2026-02-01,2027-06-20,2019-05-17
EMP0394,Robert,Thomas,rwong@example.com,1999-06-25,+44131 496 0824,"7 Barry Knolls
West Grahamfort
WD06 0SR",Male,Riverside Integrated Care NHS Trust,White,Australia,Skilled Worker,Nursing,Charge Nurse,Critical Care & Anaesthesia,Pain Management,7,57217,2021-02-20,2021-04-03,37.5,1.0,GMC,Permanent,Inactive,JJ693347,DJ920953,2028-08-20,2026-12-14,2026-02-06,2027-07-09,2021-03-13
EMP0395,Jay,Ward,morriskatherine@example.org,1977-02-16,+441144960632,"Studio 8
Stone Loop
Port Teresahaven
E2 0DA",Male,Valleyview Mental Wellness NHS Trust,White,New Zealand,British Citizen,Admin,Data Analyst,Critical Care & Anaesthesia,Anaesthesia,8A,58739,2024-05-29,2024-07-10,15.0,0.4,None,Bank,Suspended,UE046051,UE118967,2029-07-27,2029-09-11,2026-05-12,2027-07-26,2024-06-19
EMP0396,Bethany,Taylor,nicolacampbell@example.org,1971-03-05,09098790109,"Studio 55t
Martin Glens
East Brandon
E14 2FW",Female,Horizon Integrated Health Partnership NHS Trust,Asian,India,British Citizen,Medical,GP,Clinical Support Services,Occupational Therapy,GP,117406,2018-11-29,2019-01-03,37.5,1.0,GMC,Bank,Suspended,PN380230,MI962962,2027-08-16,2031-06-15,2026-04-20,2027-07-06,2018-12-20
EMP0397,Jasmine,Knight,usteele@example.org,1991-08-11,(0117) 4960023,"7 Hazel Shore
Roybury
G3 2SF",Male,Horizon Integrated Health Partnership NHS Trust,White,Australia,British Citizen,Admin,Receptionist,Emergency & Urgent Care,Emergency Department,3,27360,2019-06-23,2019-07-21,20.0,0.53,GMC,Fixed Term,Suspended,MK107738,XN198510,2028-09-24,2027-10-03,2026-06-25,2027-05-13,2019-07-14
EMP0398,Francesca,Anderson,hblack@example.net,2002-01-24,0909 8790096,"Flat 13M
Howard Springs
New Jeanfurt
G8D 9LD",Female,Horizon Integrated Health Partnership NHS Trust,Black,Kenya,Dependent,AHP,Speech Therapist,Corporate Services,Finance,6,52444,2019-05-22,2019-06-26,18.75,0.5,None,Bank,On Leave,FA977652,IL581553,2028-10-08,2028-03-17,2026-01-13,2027-02-27,2019-06-12
EMP0399,William,Brown,murphyannette@example.org,1972-02-14,+441184960492,"Studio 79
Conway Knolls
West Ryan
E6B 8NW",Female,Eastfield Psychological Services NHS Trust,Mixed,Barbados,British Citizen,Admin,Administrator,Emergency & Urgent Care,Ambulance Services,3,27494,2025-08-10,2025-09-14,30.0,0.8,HCPC,Fixed Term,Active,PK127723,YD349332,2031-07-21,2030-10-23,2026-07-26,2026-09-28,2025-08-31
EMP0400,Tracy,Wright,mohammadmiles@example.net,1986-05-23,(0909) 879 0528,"Flat 6
Hart Plaza
Adrianville
L96 1EQ",Male,Horizon Integrated Health Partnership NHS Trust,Asian,China,Skilled Worker,Medical,Registrar,Critical Care & Anaesthesia,Anaesthesia,SPR,79070,2024-10-24,2024-11-28,37.5,1.0,NMC,Bank,On Leave,SA165213,KJ695540,2029-01-04,2030-06-17,2026-05-11,2027-07-21,2024-11-14
EMP0401,Emily,Jones,kathryn12@example.org,2000-05-05,+441632960121,"95 Willis Union
New Dalestad
NR4 8QL",Female,Northwood Mental Health NHS Trust,Mixed,Trinidad and Tobago,British Citizen,Medical,Consultant,Surgery & Cancer,ENT Surgery,CONS,136081,2020-07-18,2020-08-15,30.0,0.8,None,Permanent,Suspended,OF627859,LK350741,2031-06-16,2026-10-21,2026-05-16,2026-09-24,2020-08-08
EMP0402,Josephine,Bailey,suttoncharlene@example.com,2004-04-28,(0131)4960973,"Flat 5
Wendy Crest
Andrewmouth
DA4 0FD",Female,Southvale Hospitals NHS Trust,Mixed,Thailand,Dependent,Admin,Receptionist,Emergency & Urgent Care,Ambulance Services,3,28996,2023-11-20,2023-12-18,20.0,0.53,HCPC,Permanent,On Leave,YU825702,RO419154,2029-02-04,2028-07-31,2026-05-05,2026-09-20,2023-12-11
EMP0403,Patricia,O'Neill,frenchjean@example.org,1986-09-20,+4428 9018 0281,"Flat 26
Craig Branch
Joebury
M5C 5YQ",Female,Riverside Integrated Care NHS Trust,Mixed,Jamaica,British Citizen,Admin,Receptionist,Women & Children,Postnatal Care,3,31187,2026-01-15,2026-02-19,20.0,0.53,None,Bank,Active,OO144685,TN603256,2027-05-04,2027-01-29,2025-10-21,2027-02-25,2026-02-05
EMP0404,Elizabeth,Hughes,xbutcher@example.com,1995-04-27,+44808 157 0391,"54 Davis Motorway
Leonbury
G81 8PL",Female,Northwood Mental Health NHS Trust,Black,Ghana,ILR,Nursing,Ward Manager,Medicine & Acute Care,Gastroenterology,8A,62848,2018-04-13,2018-05-11,15.0,0.4,HCPC,Bank,Active,NJ138407,OF174275,2030-02-07,2027-04-20,2026-01-12,2026-09-19,2018-05-04
EMP0405,Stacey,Forster,colin85@example.org,2004-01-08,+44118 4960188,"71 Reynolds Meadows
North Aimee
S62 6US",Female,Broadfield Clinical Services NHS Trust,Black,Ghana,British Citizen,Admin,Receptionist,Clinical Support Services,Occupational Therapy,3,31732,2022-02-07,2022-03-14,18.75,0.5,None,Permanent,On Leave,CZ730254,JY903647,2027-11-03,2028-01-30,2026-05-26,2026-12-12,2022-02-28
EMP0406,Aimee,Harris,phillip95@example.org,1977-01-12,0113 4960351,"55 Francesca Overpass
Leahbury
LE07 4UN",Male,Bluewater Community & Rehabilitation NHS Trust,Asian,India,ILR,Medical,Registrar,Critical Care & Anaesthesia,Intensive Care Unit,SPR,74450,2018-08-29,2018-09-26,20.0,0.53,NMC,Fixed Term,Active,FT470614,QG158832,2028-04-28,2031-05-12,2025-11-20,2026-11-07,2018-09-19
EMP0407,Alex,Clark,sian32@example.org,1967-05-17,0121 496 0006,"Flat 83S
Bethany River
North Jason
SW19 9JB",Female,Broadfield Clinical Services NHS Trust,Black,Kenya,Dependent,Nursing,Nursery Nurse,Medicine & Acute Care,Neurology,2,26629,2016-12-19,2017-01-30,37.5,1.0,None,Bank,Inactive,OK919012,OP064430,2027-09-13,2030-08-16,2026-02-04,2027-07-09,2017-01-09
EMP0408,Denis,Moore,donna63@example.org,1975-08-17,08081570782,"Studio 23
Hammond Islands
West Tony
LL8E 0YX",Male,Bluewater Community & Rehabilitation NHS Trust,Mixed,United States,ILR,AHP,Occupational Therapist,Women & Children,Postnatal Care,6,53317,2018-09-09,2018-10-14,18.75,0.5,None,Fixed Term,Inactive,PC682775,AH228559,2028-10-09,2028-01-08,2026-04-05,2027-02-26,2018-09-30
EMP0409,Clare,Palmer,ellie36@example.net,1992-01-07,+441632960117,"067 Morris View
Port Tracy
G8 0YH",Male,Riverside Integrated Care NHS Trust,Asian,Thailand,Skilled Worker,AHP,Pharmacist,Critical Care & Anaesthesia,Intensive Care Unit,5,42147,2023-07-09,2023-08-06,20.0,0.53,None,Fixed Term,Suspended,ER782375,KA103394,2030-09-19,2029-02-03,2026-01-02,2027-03-02,2023-07-30
EMP0410,Beverley,Ferguson,owenlucy@example.com,1987-05-26,+44808 1570299,"Flat 03
Shane Roads
Ellishaven
KY8M 9RU",Male,Northshire University Hospitals NHS Trust,Black,Jamaica,ILR,Nursing,Nursery Nurse,Emergency & Urgent Care,Ambulance Services,2,25240,2018-04-27,2018-06-01,18.75,0.5,NMC,Permanent,Active,GN916865,TR655248,2027-01-22,2030-07-11,2026-03-19,2027-08-04,2018-05-18
EMP0411,Bradley,Noble,mrose@example.org,2008-04-13,+441414960649,"Flat 26
Alan View
Port Fionaborough
GL5 8GP",Male,Oakridge Community Services NHS Trust,Mixed,New Zealand,British Citizen,Nursing,Healthcare Assistant,Surgery & Cancer,Colorectal Surgery,2,26408,2025-12-14,2026-01-18,18.75,0.5,None,Bank,Active,PZ223875,DI007496,2030-11-11,2027-09-20,2026-03-13,2026-11-05,2026-01-04
EMP0412,Liam,Barker,kieran86@example.org,1971-03-13,0115 4960575,"419 Ricky Stravenue
North Daletown
W0 2AE",Female,Northwood Mental Health NHS Trust,Mixed,Canada,Dependent,Nursing,Staff Nurse,Medicine & Acute Care,Endocrinology,5,43151,2018-05-20,2018-07-01,20.0,0.53,NMC,Bank,Suspended,LD542558,UH180080,2031-07-30,2029-06-11,2026-06-11,2026-12-07,2018-06-10
EMP0413,Garry,Williams,emorton@example.org,2004-05-09,+44(0)117 4960392,"Studio 7
Frost Way
New Jayburgh
N06 2RX",Female,Midlands Central Hospitals NHS Trust,White,New Zealand,Dependent,Admin,Administrator,Critical Care & Anaesthesia,Pain Management,3,27982,2025-05-19,2025-06-16,15.0,0.4,None,Fixed Term,Active,XC403539,BI281075,2029-01-30,2027-10-28,2025-09-29,2026-10-23,2025-06-09
EMP0414,Catherine,Richards,leonard73@example.net,1992-10-19,01632 960 267,"7 Kieran Avenue
Turnerberg
EC1P 7WX",Male,Northshire University Hospitals NHS Trust,Black,Kenya,Dependent,Nursing,Nursery Nurse,Corporate Services,IT Support,2,27834,2018-10-30,2018-11-27,30.0,0.8,NMC,Permanent,Active,BV363284,ER054312,2031-08-14,2030-06-08,2025-09-19,2027-08-25,2018-11-20
EMP0415,Geraldine,Robinson,barlowcharlotte@example.org,1984-11-10,+44(0)141 4960206,"Flat 36P
Caroline Turnpike
Leesport
WF00 9JH",Female,Hillcrest Medical Centres NHS Trust,Black,Nigeria,Skilled Worker,Nursing,Senior Staff Nurse,Surgery & Cancer,General Surgery,6,54469,2018-01-24,2018-02-28,20.0,0.53,GMC,Permanent,On Leave,FW943829,ST835351,2030-06-29,2031-05-27,2026-03-15,2027-03-23,2018-02-14
EMP0416,Pauline,Leonard,jason00@example.net,1991-02-10,+44(0)151 496 0322,"7 Jenkins Roads
Shannonborough
B3C 8FQ",Female,Eastmoor Teaching Hospitals NHS Trust,Asian,China,ILR,Medical,Consultant,Surgery & Cancer,Colorectal Surgery,CONS,109538,2025-05-30,2025-07-04,18.75,0.5,GMC,Fixed Term,Inactive,ZI614627,UY226185,2027-12-30,2028-08-19,2026-03-15,2027-02-16,2025-06-20
EMP0417,Melanie,Gallagher,hwilliams@example.net,1965-12-05,0118 496 0000,"Studio 59
Stacey Tunnel
North Bethchester
E53 7JS",Male,Bluewater Community & Rehabilitation NHS Trust,Black,Barbados,Dependent,Medical,Registrar,Emergency & Urgent Care,Urgent Care,SPR,81447,2017-08-02,2017-09-13,15.0,0.4,NMC,Fixed Term,On Leave,UO979325,GX929108,2030-11-12,2029-07-31,2026-06-11,2026-11-29,2017-08-23
EMP0418,Diana,Brown,iwinter@example.com,1996-03-04,01632 960648,"Studio 08
Benjamin Islands
West Kateton
DG2Y 2PH",Male,Meadowbrook Community Health NHS Trust,Asian,India,British Citizen,Admin,Administrator,Clinical Support Services,Radiology,3,28300,2023-05-01,2023-05-29,20.0,0.53,HCPC,Permanent,Suspended,DG587518,RB416710,2031-04-19,2027-06-23,2026-03-29,2027-01-22,2023-05-22
EMP0419,Victoria,Cole,hollyhunt@example.net,1972-04-15,+44(0)1414960748,"Flat 55
Adams Key
Terencemouth
ZE4 9ET",Male,Meadowbrook Community Health NHS Trust,Asian,Thailand,ILR,Nursing,Healthcare Assistant,Critical Care & Anaesthesia,Anaesthesia,2,26116,2021-10-31,2021-12-12,15.0,0.4,None,Permanent,Inactive,OT194994,HX465369,2031-07-25,2029-07-05,2025-09-22,2027-04-02,2021-11-21
EMP0420,Duncan,Stephens,mgregory@example.org,1975-03-30,+44161 4960575,"Studio 63
Barry Ramp
Lloydmouth
CW12 2BE",Male,Oakridge Community Services NHS Trust,White,United Kingdom,British Citizen,Admin,Receptionist,Clinical Support Services,Occupational Therapy,3,27058,2019-05-16,2019-06-13,20.0,0.53,None,Permanent,Active,HQ805767,OP204570,2027-04-27,2031-03-22,2026-03-26,2027-09-11,2019-06-06
EMP0421,Pauline,Banks,stewart63@example.org,1997-09-07,(0808)1570331,"Flat 71R
Wilson Extensions
Whiteberg
EX87 7HS",Male,Horizon Integrated Health Partnership NHS Trust,Asian,China,ILR,AHP,Physiologist,Critical Care & Anaesthesia,Intensive Care Unit,6,45775,2020-06-28,2020-08-09,20.0,0.53,GMC,Permanent,Active,NR256896,RJ225085,2030-01-30,2031-03-02,2026-04-30,2027-07-10,2020-07-19
EMP0422,Malcolm,Taylor,olivertaylor@example.com,1986-04-21,+4420 7496 0765,"5 Ellis Harbor
Garymouth
G27 7UQ",Female,Lakeside District Hospitals NHS Trust,White,United States,Dependent,Nursing,Charge Nurse,Critical Care & Anaesthesia,Intensive Care Unit,7,58195,2021-05-15,2021-06-12,18.75,0.5,HCPC,Bank,Active,XU957912,VR925340,2030-08-02,2030-03-31,2026-02-27,2027-04-23,2021-06-05
EMP0423,Mohamed,Walker,zharding@example.net,1964-04-10,0191 498 0094,"816 Chelsea Squares
Howardside
S39 6TR",Female,Northwood Mental Health NHS Trust,White,New Zealand,Skilled Worker,Medical,Registrar,Emergency & Urgent Care,Minor Injuries Unit,SPR,80186,2016-09-23,2016-11-04,30.0,0.8,HCPC,Permanent,On Leave,DM582831,IO066147,2028-06-26,2027-10-25,2025-12-13,2027-05-10,2016-10-14
EMP0424,Terry,Craig,joneslouise@example.net,1974-12-18,0292018434,"Flat 4
Jayne Pines
North Charlotte
CH19 4HB",Male,Valleyview Mental Wellness NHS Trust,Asian,China,Skilled Worker,Medical,SHO,Clinical Support Services,Occupational Therapy,SHO,47501,2020-01-01,2020-02-05,18.75,0.5,NMC,Bank,On Leave,HI964117,VI761092,2027-12-02,2030-03-04,2026-05-24,2027-04-13,2020-01-22
EMP0425,Karl,Rice,townsendsean@example.net,1995-03-22,(0131) 4960969,"Flat 77
Fuller Prairie
Timothybury
S4A 4BU",Female,Greenhaven Acute & Specialist Care NHS Trust,Asian,Thailand,British Citizen,Admin,Administrator,Medicine & Acute Care,Nephrology,3,31668,2022-06-21,2022-07-26,30.0,0.8,HCPC,Permanent,On Leave,YH166687,TZ358858,2027-04-01,2029-01-22,2025-10-09,2027-03-03,2022-07-12
EMP0426,Natalie,Hodgson,rebeccawilliams@example.org,1978-07-19,+441164960541,"Studio 30K
Aimee Shoals
North Bethany
LU3 3NS",Male,Valleyview Mental Wellness NHS Trust,Asian,India,ILR,AHP,Physiologist,Corporate Services,Finance,6,44445,2024-06-22,2024-08-03,37.5,1.0,None,Bank,On Leave,IX530881,HR601198,2031-01-08,2028-07-06,2026-08-16,2027-06-19,2024-07-13
EMP0427,Jenna,O'Connor,robin21@example.org,1965-11-02,(0909) 8790237,"181 Vanessa Springs
Howellport
IP6X 4SD",Female,Southvale Hospitals NHS Trust,White,Canada,British Citizen,AHP,Radiographer,Surgery & Cancer,Breast Surgery,6,45124,2025-03-28,2025-05-02,30.0,0.8,HCPC,Permanent,Active,MC573000,NT248382,2029-10-17,2029-05-31,2026-09-08,2027-04-04,2025-04-18
EMP0428,Charlotte,Coleman,eric86@example.com,2006-03-05,+44(0)116 4960188,"Flat 67
Bell Village
Pageport
L92 5HU",Female,Eastmoor Teaching Hospitals NHS Trust,Black,Kenya,ILR,Admin,Receptionist,Surgery & Cancer,Orthopaedics,3,27330,2019-01-11,2019-02-08,20.0,0.53,GMC,Bank,Inactive,MD283819,BZ037935,2031-03-05,2028-07-24,2026-06-21,2027-06-17,2019-02-01
EMP0429,Gary,Bennett,jack36@example.net,1970-11-24,+44808 157 0722,"Flat 41
Woods Way
Joshualand
OL68 0TP",Female,Northshire University Hospitals NHS Trust,Black,Nigeria,ILR,Medical,FY1/FY2,Medicine & Acute Care,Rheumatology,FY1,37078,2026-08-19,2026-09-30,30.0,0.8,GMC,Fixed Term,On Leave,RS614639,EG477796,2031-07-16,2027-10-28,2025-11-16,2027-09-01,2026-09-09
EMP0430,Clare,Stevens,mevans@example.org,1985-03-05,+44808 157 0408,"76 Jack Groves
Alisonburgh
S53 8RA",Male,Horizon Integrated Health Partnership NHS Trust,Black,Jamaica,British Citizen,Admin,Medical Secretary,Medicine & Acute Care,Acute Medicine,4,30095,2018-01-18,2018-02-22,18.75,0.5,None,Bank,Suspended,WD821995,ZA854926,2029-06-11,2030-03-24,2025-11-12,2027-03-03,2018-02-08
EMP0431,Kenneth,Hunt,gerard48@example.com,1998-02-08,+44121 4960544,"956 Howard Mission
Gillianfurt
E7K 6TQ",Female,Westborough Acute Care NHS Trust,White,Canada,British Citizen,AHP,Speech Therapist,Medicine & Acute Care,Infectious Diseases,6,52740,2024-12-05,2025-01-09,20.0,0.53,NMC,Bank,On Leave,GR468624,NB755811,2031-07-26,2030-08-09,2025-12-31,2027-05-16,2024-12-26
EMP0432,Jill,Brady,vwhite@example.org,1961-09-24,0113 4960002,"304 Rosemary Shoals
North Joel
G17 2YW",Male,Bluewater Community & Rehabilitation NHS Trust,Mixed,Nigeria,Skilled Worker,Admin,Data Analyst,Surgery & Cancer,Breast Surgery,8A,62966,2017-02-03,2017-03-03,30.0,0.8,HCPC,Bank,Active,AX875466,UA265005,2031-01-28,2031-06-24,2026-05-12,2026-11-28,2017-02-24
EMP0433,Maureen,Phillips,stephenpage@example.net,1988-10-28,01134960234,"Flat 80W
Barry Lock
Murphyland
BH1N 0AU",Female,Southvale Hospitals NHS Trust,Mixed,Barbados,Dependent,Nursing,Ward Manager,Corporate Services,Finance,8A,55870,2022-11-26,2022-12-31,20.0,0.53,HCPC,Fixed Term,Active,ZC703197,WJ911006,2027-01-17,2028-03-26,2025-10-27,2027-07-12,2022-12-17
EMP0434,Derek,Edwards,bryan85@example.com,2000-02-18,(0191) 496 0456,"Flat 28R
Miles Drives
Lake Margaretburgh
LL8V 6JT",Male,Oakridge Community Services NHS Trust,White,United Kingdom,Dependent,AHP,Speech Therapist,Clinical Support Services,Pharmacy,6,53273,2022-09-19,2022-10-31,15.0,0.4,NMC,Fixed Term,On Leave,AQ564247,XB505424,2027-07-16,2029-06-08,2026-08-16,2026-09-23,2022-10-10
EMP0435,Bruce,Morris,martyn01@example.com,1995-05-31,+44151 496 0241,"819 Conway Oval
Davidsonport
CA04 7LH",Male,Northshire University Hospitals NHS Trust,White,Australia,British Citizen,AHP,Occupational Therapist,Clinical Support Services,Physiotherapy,6,54209,2019-05-21,2019-06-18,20.0,0.53,None,Bank,Suspended,FR380454,KD640462,2031-07-10,2029-08-12,2025-10-24,2027-01-26,2019-06-11
EMP0436,Toby,Baxter,mmartin@example.net,2000-09-11,(0118) 496 0153,"14 Kirsty Radial
Cliffordborough
S3A 9GS",Female,Broadfield Clinical Services NHS Trust,Black,Barbados,Skilled Worker,Medical,SHO,Clinical Support Services,Pharmacy,SHO,58022,2020-06-05,2020-07-03,30.0,0.8,HCPC,Bank,Inactive,CB181444,KS956723,2028-09-04,2029-12-08,2026-06-08,2027-02-17,2020-06-26
EMP0437,Marcus,Williams,ebarrett@example.org,1973-01-29,+441632 960 469,"14 Humphreys Rest
East Gavin
L53 7LT",Male,Southgate Community & Mental Health NHS Trust,White,United States,Skilled Worker,AHP,Speech Therapist,Emergency & Urgent Care,Urgent Care,6,48245,2017-09-21,2017-11-02,37.5,1.0,HCPC,Fixed Term,On Leave,UW751147,NF879331,2031-08-09,2030-01-19,2026-08-05,2027-02-23,2017-10-12
EMP0438,Barbara,Pearce,rosemary37@example.com,1966-04-13,(0131)4960878,"7 Clark Tunnel
Smartburgh
GU1 3GA",Female,Riverside Integrated Care NHS Trust,Black,Kenya,Skilled Worker,Admin,Data Analyst,Emergency & Urgent Care,Minor Injuries Unit,8A,66388,2022-08-10,2022-09-14,20.0,0.53,None,Permanent,Suspended,BW867528,DW495603,2029-03-31,2026-10-19,2025-11-08,2027-08-15,2022-08-31
EMP0439,Joshua,Harrison,mooreben@example.com,2003-06-22,+44114 4960940,"6 Mills Meadow
Garyland
DD6 9PH",Male,Northshire University Hospitals NHS Trust,White,Australia,ILR,Medical,SHO,Clinical Support Services,Pharmacy,SHO,59158,2018-02-12,2018-03-19,20.0,0.53,None,Fixed Term,On Leave,UB965174,CT165964,2028-10-15,2030-08-26,2026-02-21,2026-12-04,2018-03-05
EMP0440,Nigel,Ford,wrightnicola@example.net,1961-07-06,+44(0)115 496 0660,"Studio 56
Nelson Fort
New Gerald
G96 4AF",Male,Riverside Integrated Care NHS Trust,Mixed,India,Skilled Worker,Admin,Administrator,Emergency & Urgent Care,Minor Injuries Unit,3,27459,2025-03-01,2025-04-12,30.0,0.8,NMC,Bank,Inactive,DR417480,IR937971,2027-12-09,2027-07-15,2025-09-27,2026-11-14,2025-03-22
EMP0441,Amber,Jackson,porterabbie@example.com,1987-03-20,(0151) 4960174,"Studio 62
Khan Bypass
Palmerchester
N9 1HD",Female,Horizon Integrated Health Partnership NHS Trust,Black,Ghana,Skilled Worker,Admin,Medical Secretary,Emergency & Urgent Care,Urgent Care,4,34734,2024-12-11,2025-01-15,15.0,0.4,HCPC,Bank,On Leave,HS049605,OM374222,2029-08-28,2030-11-28,2025-12-16,2026-11-18,2025-01-01
EMP0442,Craig,Welch,claremitchell@example.net,1966-04-18,0114 4960908,"Studio 66K
Richards Fort
Catherineberg
LN14 4WP",Female,Eastfield Psychological Services NHS Trust,Mixed,Nigeria,British Citizen,Admin,Medical Secretary,Women & Children,Paediatrics,4,31735,2024-05-11,2024-06-15,30.0,0.8,None,Permanent,Suspended,IT748094,IS236157,2028-10-02,2028-12-08,2026-08-18,2027-05-06,2024-06-01
EMP0443,Alan,Abbott,glennevans@example.net,1987-06-30,0191 4960928,"650 John Mountain
Markside
M19 6GY",Male,Bluewater Community & Rehabilitation NHS Trust,Mixed,New Zealand,Skilled Worker,Admin,Receptionist,Corporate Services,Finance,3,30874,2019-11-21,2019-12-26,20.0,0.53,NMC,Bank,Active,QL994168,ZH167772,2029-12-20,2027-04-18,2025-10-26,2027-01-27,2019-12-12
EMP0444,Lesley,Bennett,robinsongail@example.net,1997-10-28,+44(0)141 496 0149,"Studio 32
O'Connor Rapid
Traceyfort
CT58 8BU",Female,Bluewater Community & Rehabilitation NHS Trust,White,Canada,Dependent,Admin,Receptionist,Women & Children,Obstetrics,3,30900,2025-07-27,2025-08-24,37.5,1.0,None,Bank,Inactive,PP998106,ZC563506,2029-04-13,2027-06-05,2026-02-18,2027-04-25,2025-08-17
EMP0445,Paula,Clarke,hollyjones@example.com,1963-12-28,+441154960406,"Flat 69
Bruce Shore
East Garryville
B8 4TS",Female,Riverbank General Hospitals NHS Trust,Asian,Thailand,British Citizen,Medical,GP,Critical Care & Anaesthesia,Intensive Care Unit,GP,106772,2022-02-27,2022-03-27,37.5,1.0,NMC,Fixed Term,Suspended,GF965941,OZ705487,2030-03-24,2027-12-30,2026-01-29,2027-06-03,2022-03-20
EMP0446,Donna,Lynch,hollie97@example.com,2002-07-13,(0115) 4960997,"Flat 5
Martin Mews
Lake Victorialand
CB5 1DL",Male,Eastmoor Teaching Hospitals NHS Trust,Black,Jamaica,Skilled Worker,AHP,Physiotherapist,Medicine & Acute Care,Rheumatology,6,53558,2016-11-14,2016-12-19,37.5,1.0,HCPC,Permanent,On Leave,FY550850,DN652025,2028-10-14,2028-10-01,2026-01-18,2027-04-15,2016-12-05
EMP0447,Mark,Carr,ehowell@example.com,1983-03-18,(0118)4960245,"58 Powell Parkway
Williamsburgh
KY31 0PS",Female,Broadfield Clinical Services NHS Trust,White,United States,ILR,Admin,Data Analyst,Emergency & Urgent Care,Minor Injuries Unit,8A,63407,2019-08-03,2019-09-07,20.0,0.53,None,Fixed Term,Suspended,RF033641,LZ288447,2026-10-01,2027-12-17,2025-09-25,2027-04-20,2019-08-24
EMP0448,Rebecca,Lee,neilconnor@example.com,1977-09-08,+4428 9018 0527,"8 Debra Light
North Charleshaven
W97 4GL",Male,Eastmoor Teaching Hospitals NHS Trust,Black,Ghana,Dependent,Admin,Data Analyst,Corporate Services,Communications,8A,62779,2021-08-14,2021-09-11,18.75,0.5,NMC,Bank,Suspended,RT953629,RZ677322,2027-02-01,2029-10-29,2025-12-21,2027-05-28,2021-09-04
EMP0449,Phillip,Wilkinson,stevenhewitt@example.com,1971-09-12,(028)9018758,"46 Marc Spur
Lake Shannon
M6U 7TN",Male,Horizon Integrated Health Partnership NHS Trust,Asian,India,Skilled Worker,Nursing,Healthcare Assistant,Women & Children,Obstetrics,2,26233,2017-05-25,2017-07-06,18.75,0.5,None,Permanent,Active,DL348987,GP056663,2028-07-18,2030-07-11,2025-11-19,2027-01-27,2017-06-15
EMP0450,Diana,Smith,rebecca66@example.com,1995-06-26,+44909 8790695,"Studio 22x
William Landing
Harrietmouth
SN0E 7BD",Female,Westborough Acute Care NHS Trust,Black,Trinidad and Tobago,British Citizen,Admin,Administrator,Women & Children,Obstetrics,3,27641,2021-11-27,2022-01-01,18.75,0.5,HCPC,Permanent,Inactive,YW823338,QL486851,2030-01-28,2027-02-07,2026-07-18,2026-09-30,2021-12-18
EMP0451,Joe,Owen,griffithsmalcolm@example.org,1967-11-19,01632 960612,"53 Denise Summit
Brownhaven
DY87 1SG",Male,Southgate Community & Mental Health NHS Trust,White,Canada,Dependent,AHP,Radiographer,Clinical Support Services,Pathology,6,44058,2024-12-13,2025-01-10,15.0,0.4,GMC,Fixed Term,On Leave,HT428883,VH215125,2029-06-08,2026-12-07,2026-08-14,2027-04-21,2025-01-03
EMP0452,Trevor,Smith,cedwards@example.net,1992-03-16,+44(0)909 879 0111,"61 Gail Islands
Staceyfort
L2 7XU",Female,Westmere Community Health NHS Trust,Asian,China,British Citizen,Nursing,Senior Staff Nurse,Clinical Support Services,Radiology,6,45540,2023-11-29,2024-01-03,15.0,0.4,None,Bank,Suspended,OR679251,VF670098,2029-03-26,2028-02-26,2026-07-18,2027-06-07,2023-12-20
EMP0453,Billy,Wells,griffithselliott@example.org,1988-09-19,(0113) 4960692,"Flat 35n
Watson Centers
New Howard
M8K 1NZ",Male,Hillcrest Medical Centres NHS Trust,Black,Barbados,Dependent,AHP,Speech Therapist,Corporate Services,Facilities Management,6,51440,2019-03-17,2019-04-21,37.5,1.0,HCPC,Permanent,On Leave,DP511344,BM400122,2028-03-05,2028-07-17,2026-06-05,2026-11-18,2019-04-07
EMP0454,Dean,Hilton,mohammed07@example.com,1978-06-27,+44808 1570373,"3 Reece Island
Collierton
G1 5EH",Female,Midlands Central Hospitals NHS Trust,Black,Nigeria,Dependent,Admin,Administrator,Clinical Support Services,Physiotherapy,3,31653,2025-10-08,2025-11-05,20.0,0.53,GMC,Permanent,Active,BM755432,BZ034631,2028-11-02,2029-09-17,2026-03-12,2027-03-08,2025-10-29
EMP0455,Megan,Wilson,esmith@example.net,1978-12-16,08081570768,"Studio 71T
David Tunnel
West Denisfort
IP4 8FS",Male,Bluewater Community & Rehabilitation NHS Trust,Asian,Thailand,Skilled Worker,AHP,Radiographer,Emergency & Urgent Care,Emergency Department,6,47397,2026-01-27,2026-02-24,37.5,1.0,GMC,Permanent,Suspended,UO224374,IP472355,2027-07-24,2031-06-17,2026-02-17,2026-10-21,2026-02-17
EMP0456,Judith,Davies,gwalker@example.org,1993-02-25,+4420 7496 0813,"5 Victoria Drive
Martinville
L7 4LX",Male,Eastmoor Teaching Hospitals NHS Trust,Asian,Japan,Skilled Worker,Medical,SHO,Clinical Support Services,Radiology,SHO,53482,2023-03-27,2023-05-01,15.0,0.4,NMC,Fixed Term,Inactive,SL268035,HD638076,2030-07-19,2028-07-17,2025-11-07,2027-06-23,2023-04-17
EMP0457,Joel,Armstrong,john99@example.org,2007-02-25,+44292018445,"Flat 86
Farrell Crescent
Daveyport
B31 3YB",Male,Hillcrest Medical Centres NHS Trust,Mixed,Barbados,Dependent,Admin,Receptionist,Medicine & Acute Care,Respiratory Medicine,3,28282,2018-09-08,2018-10-13,37.5,1.0,GMC,Bank,Suspended,WS053143,TI229496,2027-11-06,2030-07-04,2025-11-26,2026-10-24,2018-09-29
EMP0458,Beverley,Miller,jlittle@example.com,1971-01-17,+44(0)9098790204,"Studio 7
Teresa Extension
Robertsonburgh
CB4X 9RS",Male,Riverside Integrated Care NHS Trust,Black,Ghana,Dependent,Medical,GP,Corporate Services,Finance,GP,107774,2017-02-08,2017-03-15,37.5,1.0,HCPC,Fixed Term,Inactive,GA238672,PQ259459,2027-05-07,2031-05-19,2025-11-11,2027-03-21,2017-03-01
EMP0459,Mandy,Robinson,smartin@example.org,1981-04-05,+44(0)1134960159,"91 Jones Keys
West Lesliemouth
M40 7RN",Male,Riverside Integrated Care NHS Trust,Black,Jamaica,Dependent,Admin,Data Analyst,Clinical Support Services,Occupational Therapy,8A,64843,2017-09-07,2017-10-19,20.0,0.53,NMC,Permanent,Active,IE263063,JR434191,2026-10-17,2030-05-07,2025-10-19,2027-01-14,2017-09-28
EMP0460,Declan,Knowles,kyle85@example.com,1969-05-24,+441414960356,"Flat 84s
Nicola Mission
Lake James
L1G 2XR",Male,Southgate Community & Mental Health NHS Trust,Asian,India,Skilled Worker,Nursing,Nursery Nurse,Corporate Services,Human Resources,2,27641,2022-12-05,2023-01-09,18.75,0.5,None,Permanent,Inactive,NT086838,GJ979942,2028-05-15,2027-08-20,2026-03-03,2027-08-29,2022-12-26
EMP0461,Michelle,Evans,lynn14@example.com,1983-05-04,0161 4960531,"Flat 72
Lynda Trace
New Kimfurt
SL35 9BF",Male,Broadfield Clinical Services NHS Trust,Black,South Africa,Dependent,Medical,Registrar,Critical Care & Anaesthesia,Pain Management,SPR,76327,2023-10-22,2023-11-19,18.75,0.5,GMC,Fixed Term,Inactive,PG951004,NS201337,2027-02-06,2029-07-30,2025-11-27,2026-09-29,2023-11-12
EMP0462,Karen,Pearce,ihill@example.com,1961-10-30,+4420 74960191,"Flat 1
Melanie Harbors
Port Sallystad
GL67 0BT",Female,Midlands Central Hospitals NHS Trust,Asian,China,Skilled Worker,AHP,Radiographer,Surgery & Cancer,Orthopaedics,6,49736,2019-05-22,2019-06-19,30.0,0.8,None,Permanent,Active,RH774946,HP385685,2029-10-27,2028-06-19,2026-05-31,2027-07-10,2019-06-12
EMP0463,Elizabeth,Clark,vincent62@example.net,1977-04-30,+44(0)289018162,"Flat 21
Callum Neck
Dickinsonborough
SS7N 5WJ",Male,Meadowbrook Community Health NHS Trust,Black,Barbados,ILR,Admin,Data Analyst,Medicine & Acute Care,Neurology,8A,66947,2023-03-16,2023-04-13,37.5,1.0,None,Fixed Term,Active,OJ041466,XX280711,2030-03-27,2028-10-08,2026-04-07,2027-03-08,2023-04-06
EMP0464,Roger,Thompson,colin76@example.com,1987-10-11,0306 9990408,"7 Martyn Junctions
Teresafurt
LA9A 1GS",Male,Hillcrest Medical Centres NHS Trust,Black,Ghana,ILR,Admin,Data Analyst,Critical Care & Anaesthesia,Intensive Care Unit,8A,55956,2020-06-27,2020-08-08,37.5,1.0,None,Permanent,Active,QU067088,QU050195,2026-09-17,2028-08-24,2025-12-24,2026-12-31,2020-07-18
EMP0465,Terry,Henderson,hayley54@example.com,1971-09-03,01314960400,"319 Simon Gardens
South Davidport
EC5 1EE",Male,Northwood Mental Health NHS Trust,Black,Kenya,British Citizen,Medical,GP,Critical Care & Anaesthesia,Intensive Care Unit,GP,92877,2021-01-28,2021-03-11,15.0,0.4,NMC,Bank,On Leave,RB540605,YK992940,2026-10-11,2030-12-23,2026-02-15,2026-10-19,2021-02-18
EMP0466,Caroline,Atkinson,millerbethany@example.net,1963-08-25,+44141 4960160,"Studio 61
Zoe Square
Parkerport
L02 7JU",Male,Westborough Acute Care NHS Trust,Mixed,Nigeria,British Citizen,Nursing,Charge Nurse,Surgery & Cancer,Orthopaedics,7,57838,2023-01-03,2023-01-31,18.75,0.5,None,Permanent,Suspended,OE865941,VJ937541,2029-05-03,2027-08-03,2026-08-23,2027-02-28,2023-01-24
EMP0467,Rosie,Armstrong,singheric@example.com,1996-07-06,+44(0)121 496 0186,"108 Ingram Flats
North Barry
TD15 8XU",Female,Westborough Acute Care NHS Trust,Asian,India,Skilled Worker,Medical,FY1/FY2,Women & Children,Gynaecology,FY1,41668,2023-06-08,2023-07-20,15.0,0.4,HCPC,Bank,Inactive,LX255917,KT447709,2027-03-28,2029-07-10,2025-10-27,2027-03-08,2023-06-29
EMP0468,Elliot,Reynolds,barnettgeraldine@example.org,1978-04-12,(0191)4960689,"Flat 46B
Ben Flat
North Barbaraville
SK2B 3YP",Female,Meadowbrook Community Health NHS Trust,Asian,China,British Citizen,Admin,Administrator,Corporate Services,IT Support,3,26602,2024-08-05,2024-09-16,37.5,1.0,NMC,Fixed Term,Inactive,CP530311,IN677229,2028-04-05,2027-05-09,2025-11-17,2027-08-05,2024-08-26
EMP0469,Declan,Higgins,carlrichards@example.org,2004-03-24,+44306 9990796,"43 Luke Parkways
South Tracey
N79 0BY",Female,Northshire University Hospitals NHS Trust,Black,Nigeria,Skilled Worker,Nursing,Healthcare Assistant,Critical Care & Anaesthesia,Anaesthesia,2,27402,2023-08-22,2023-09-19,15.0,0.4,GMC,Fixed Term,Inactive,SS727205,WE299585,2029-08-23,2030-01-26,2026-08-18,2027-03-01,2023-09-12
EMP0470,Gordon,Robinson,porterterence@example.net,1989-09-21,+44(0)141 496 0858,"Flat 95i
Graham Groves
New Annastad
S8K 4RQ",Female,Eastfield Psychological Services NHS Trust,White,Canada,British Citizen,AHP,Radiographer,Emergency & Urgent Care,Minor Injuries Unit,6,49988,2022-08-14,2022-09-25,18.75,0.5,NMC,Bank,On Leave,HV491702,JF347970,2027-10-01,2029-11-02,2026-06-23,2026-11-18,2022-09-04
EMP0471,Dominic,Johnson,dominic64@example.com,2000-06-27,+44141 496 0026,"58 Newton Station
Lindaberg
B1 7LS",Male,Eastmoor Teaching Hospitals NHS Trust,Black,Jamaica,British Citizen,Medical,GP,Clinical Support Services,Pharmacy,GP,103545,2017-09-24,2017-10-22,37.5,1.0,GMC,Bank,Inactive,ZR236579,JX026714,2028-11-10,2030-10-28,2026-07-29,2027-05-10,2017-10-15
EMP0472,Georgia,Hope,thomastalbot@example.com,1986-10-19,+44116 496 0595,"Studio 38
David Cape
Ashleyborough
PH5 5HP",Male,Horizon Integrated Health Partnership NHS Trust,Mixed,India,Dependent,Nursing,Charge Nurse,Critical Care & Anaesthesia,Intensive Care Unit,7,52174,2022-11-04,2022-12-09,30.0,0.8,HCPC,Fixed Term,Active,XG451827,EL942434,2029-10-05,2028-12-31,2025-11-26,2027-08-23,2022-11-25
EMP0473,Arthur,Sheppard,ismith@example.org,1969-05-17,+44(0)1184960646,"67 Richards Roads
Lake Brucehaven
TF05 9RG",Male,Northshire University Hospitals NHS Trust,Asian,India,ILR,Admin,Data Analyst,Surgery & Cancer,Breast Surgery,8A,65731,2023-12-08,2024-01-19,18.75,0.5,HCPC,Bank,Suspended,XG220422,MR259824,2031-07-11,2027-01-16,2025-12-04,2027-06-15,2023-12-29
EMP0474,Emma,Brown,jeffrey56@example.com,1974-09-09,(0131) 496 0488,"Studio 96
Sophie Turnpike
Joannafort
N5 5BP",Female,Westborough Acute Care NHS Trust,Asian,Japan,Dependent,Medical,SHO,Critical Care & Anaesthesia,Intensive Care Unit,SHO,50239,2016-09-22,2016-10-20,30.0,0.8,None,Bank,Inactive,BD043367,MI380504,2028-08-31,2028-08-08,2026-03-07,2027-04-14,2016-10-13
EMP0475,Allan,Hunt,lbarker@example.com,1987-06-14,+44(0)141 496 0516,"597 Lloyd Trafficway
West Rosstown
EH06 7ZW",Female,Southgate Community & Mental Health NHS Trust,Asian,Thailand,Skilled Worker,Nursing,Ward Manager,Critical Care & Anaesthesia,Pain Management,8A,55266,2018-11-30,2019-01-04,18.75,0.5,None,Bank,Inactive,KK563215,VX807688,2030-02-04,2027-12-18,2025-12-02,2027-03-15,2018-12-21
EMP0476,Sheila,Patterson,warnergeorge@example.org,1999-04-08,+44(0)29 2018727,"Flat 3
Riley Summit
Sharonfort
B3 5YW",Male,Riverside Integrated Care NHS Trust,Black,Ghana,Skilled Worker,Admin,Receptionist,Critical Care & Anaesthesia,Anaesthesia,3,28035,2018-07-10,2018-08-07,18.75,0.5,NMC,Permanent,On Leave,TL118664,WS521434,2031-04-25,2029-06-24,2026-06-26,2027-09-02,2018-07-31
EMP0477,Georgia,Thompson,callummartin@example.org,1961-01-07,(0808) 1570804,"462 Mann Harbor
West Clairechester
S86 6TB",Female,Valleyview Mental Wellness NHS Trust,Mixed,Kenya,Skilled Worker,Admin,Data Analyst,Women & Children,Paediatrics,8A,64113,2023-03-20,2023-05-01,30.0,0.8,NMC,Fixed Term,Inactive,MV735441,AK183623,2030-03-26,2028-02-26,2026-09-03,2027-03-01,2023-04-10
EMP0478,Amy,Taylor,rita40@example.com,1996-02-05,(0113)4960032,"Flat 78W
Stacey Station
Nashville
G5F 2ES",Female,Eastmoor Teaching Hospitals NHS Trust,Asian,China,British Citizen,Nursing,Healthcare Assistant,Corporate Services,Communications,2,24871,2022-07-30,2022-09-03,37.5,1.0,HCPC,Fixed Term,Suspended,KR392133,PM962748,2029-04-13,2031-07-12,2026-08-10,2026-12-04,2022-08-20
EMP0479,Philip,Thorpe,fburke@example.com,1968-12-09,029 2018 0849,"Studio 43
Evans Square
Laneville
L1W 6NX",Female,Greenhaven Acute & Specialist Care NHS Trust,White,Canada,Skilled Worker,Nursing,Charge Nurse,Corporate Services,Human Resources,7,57482,2024-09-30,2024-11-04,18.75,0.5,None,Permanent,On Leave,OG629226,DT565400,2026-12-01,2027-09-19,2026-04-23,2026-12-13,2024-10-21
EMP0480,Jill,Foster,wilsonvincent@example.org,1978-07-12,(0306) 999 0440,"Studio 6
Paige Lock
Tylerview
OL7 5QJ",Female,Northwood Mental Health NHS Trust,White,United Kingdom,British Citizen,Admin,Administrator,Corporate Services,IT Support,3,29673,2022-01-19,2022-02-23,30.0,0.8,HCPC,Bank,Suspended,IM729180,EI563143,2030-11-29,2030-06-25,2026-01-24,2027-07-18,2022-02-09
EMP0481,Robert,Walker,oliverfrench@example.org,2000-12-06,08081570448,"507 Reynolds Prairie
Bradshawburgh
L97 0UQ",Female,Lakeside District Hospitals NHS Trust,Mixed,Australia,ILR,Admin,Data Analyst,Medicine & Acute Care,Geriatrics,8A,68676,2016-11-16,2016-12-14,18.75,0.5,HCPC,Fixed Term,Suspended,CL400133,IX588609,2028-11-12,2030-07-09,2025-12-13,2026-11-12,2016-12-07
EMP0482,Sian,Campbell,bethanyconway@example.net,2004-04-05,+44(0)141 496 0176,"Flat 79
Johnson Curve
Lake Amandabury
B5H 0QA",Female,Lakeside District Hospitals NHS Trust,Asian,Thailand,ILR,Admin,Receptionist,Medicine & Acute Care,Cardiology,3,30246,2016-12-12,2017-01-09,20.0,0.53,HCPC,Fixed Term,Active,OS325080,ZL360424,2026-12-19,2027-08-30,2025-10-02,2027-08-03,2017-01-02
EMP0483,Leah,Wilson,reidyvonne@example.net,1994-09-13,0161 496 0607,"77 Jacob Pass
East George
S2 5LY",Female,Eastmoor Teaching Hospitals NHS Trust,Black,Barbados,Dependent,AHP,Pharmacist,Emergency & Urgent Care,Minor Injuries Unit,5,43127,2019-07-08,2019-08-19,20.0,0.53,None,Permanent,Inactive,MQ921412,TY237703,2027-12-21,2029-07-19,2026-02-08,2027-03-01,2019-07-29
EMP0484,Frank,Willis,jburke@example.com,1964-03-16,+44808 157 0162,"Studio 83f
Denise Views
Aimeeland
N90 9NG",Female,Oakridge Community Services NHS Trust,Asian,Japan,ILR,AHP,Occupational Therapist,Medicine & Acute Care,Haematology,6,50643,2020-01-25,2020-03-07,20.0,0.53,NMC,Fixed Term,Active,CN117891,PS338563,2029-11-24,2027-09-11,2025-10-24,2027-05-07,2020-02-15
EMP0485,Tom,Lawrence,denispayne@example.com,1983-07-27,020 7946 0750,"Flat 54w
Sharon Port
Katymouth
M1 5WW",Male,Northwood Mental Health NHS Trust,White,Canada,ILR,Nursing,Nursery Nurse,Women & Children,Paediatrics,2,24168,2026-07-04,2026-08-01,15.0,0.4,None,Bank,Suspended,TW804732,JI566587,2031-03-19,2028-07-17,2026-05-21,2027-02-14,2026-07-25
EMP0486,Jenna,Knight,marchall@example.com,1961-02-13,+4428 9018 0387,"Flat 16M
Rachel Mission
Burkeview
WA9 8LU",Male,Meadowbrook Community Health NHS Trust,Asian,India,British Citizen,Medical,Consultant,Surgery & Cancer,Breast Surgery,CONS,137798,2017-01-23,2017-02-20,37.5,1.0,None,Permanent,On Leave,HR077673,XH474496,2030-06-03,2030-06-14,2026-06-13,2027-08-25,2017-02-13
EMP0487,Charles,Bell,georginagrant@example.com,1999-07-01,+44(0)131 496 0265,"405 Jones Motorway
Kayville
DY6N 8HL",Female,Westborough Acute Care NHS Trust,White,United Kingdom,Dependent,Admin,Data Analyst,Women & Children,Gynaecology,8A,55399,2025-02-09,2025-03-09,15.0,0.4,HCPC,Bank,On Leave,IX214055,WL537874,2027-05-21,2029-08-23,2025-12-28,2027-03-09,2025-03-02
EMP0488,Samuel,Phillips,denis91@example.net,1960-10-28,+44(0)1164960454,"Flat 3
Bryan Isle
Fordstad
S78 0SL",Female,Northwood Mental Health NHS Trust,White,United States,Skilled Worker,Nursing,Nursery Nurse,Corporate Services,Human Resources,2,24159,2020-03-21,2020-04-25,37.5,1.0,GMC,Fixed Term,Suspended,XQ486286,XS920560,2028-10-27,2027-01-14,2025-10-22,2027-03-15,2020-04-11
EMP0489,Clifford,Evans,fyoung@example.com,1972-12-09,(0191) 4960416,"Studio 6
Osborne Divide
South Dianamouth
S77 2TE",Male,Northshire University Hospitals NHS Trust,Black,Nigeria,British Citizen,Medical,Consultant,Emergency & Urgent Care,Emergency Department,CONS,111494,2019-04-24,2019-05-29,18.75,0.5,HCPC,Bank,Inactive,QT609091,JR368770,2031-05-11,2028-06-04,2026-07-11,2027-04-23,2019-05-15
EMP0490,Mathew,Sutton,townsendstephen@example.net,1991-03-10,+44(0)306 999 0746,"88 Smith Shores
Cliffordbury
E8 9WZ",Male,Eastmoor Teaching Hospitals NHS Trust,Asian,Thailand,British Citizen,Medical,SHO,Corporate Services,Facilities Management,SHO,51779,2019-07-08,2019-08-05,20.0,0.53,NMC,Permanent,On Leave,IU973584,BU842870,2028-12-30,2027-10-12,2026-03-07,2026-12-16,2019-07-29
EMP0491,Thomas,Simpson,smithgillian@example.net,1989-11-25,(0118) 496 0278,"Studio 2
Kayleigh Lodge
South Samantha
G07 4NN",Male,Westborough Acute Care NHS Trust,Asian,Japan,ILR,Admin,Receptionist,Clinical Support Services,Pharmacy,3,27785,2025-04-09,2025-05-07,15.0,0.4,NMC,Bank,On Leave,UK036505,QH414088,2027-06-09,2030-03-25,2026-01-09,2027-09-03,2025-04-30
EMP0492,Geraldine,Collins,vburrows@example.com,1986-07-11,+44(0)1632960656,"82 Valerie Island
New Suzannefurt
LL7P 8SU",Male,Meadowbrook Community Health NHS Trust,Asian,China,Dependent,Medical,FY1/FY2,Women & Children,Gynaecology,FY1,36926,2020-01-30,2020-02-27,20.0,0.53,HCPC,Bank,On Leave,GK763649,FI541128,2030-07-28,2029-05-23,2025-10-03,2027-02-24,2020-02-20
EMP0493,Jake,Hughes,emorgan@example.org,2000-09-10,+448081570551,"7 Megan Brook
East Kerrymouth
CB6 2UB",Male,Lakeside District Hospitals NHS Trust,Mixed,Jamaica,British Citizen,AHP,Speech Therapist,Surgery & Cancer,General Surgery,6,44582,2018-11-13,2018-12-25,30.0,0.8,HCPC,Permanent,Active,ZR096269,VO163696,2030-01-10,2027-12-19,2025-11-05,2026-09-27,2018-12-04
EMP0494,Philip,Thompson,victorburns@example.net,1990-12-30,+4428 9018477,"Studio 9
Debra Lock
New Patriciastad
N6 0WF",Female,Bluewater Community & Rehabilitation NHS Trust,White,Australia,Skilled Worker,AHP,Physiotherapist,Clinical Support Services,Radiology,6,46246,2020-10-25,2020-12-06,18.75,0.5,NMC,Bank,Inactive,HI681277,TU862249,2028-07-06,2027-07-23,2026-03-23,2027-08-10,2020-11-15
EMP0495,Louise,Johnson,evansjoshua@example.net,1990-10-07,(0808)1570976,"682 Joyce Ford
South Michaelton
CB8 6LS",Male,Northwood Mental Health NHS Trust,Asian,China,Dependent,AHP,Speech Therapist,Women & Children,Postnatal Care,6,46047,2018-04-23,2018-05-21,30.0,0.8,None,Permanent,Suspended,EM507232,JR558007,2027-08-31,2030-10-04,2026-06-06,2027-02-08,2018-05-14
EMP0496,Dawn,Daniels,stevendavison@example.org,1988-11-29,0113 496 0553,"34 Holmes Squares
Paigeland
ME6 4NZ",Male,Horizon Integrated Health Partnership NHS Trust,Black,Ghana,ILR,Admin,Administrator,Clinical Support Services,Pathology,3,27482,2020-08-18,2020-09-22,30.0,0.8,GMC,Bank,Suspended,WS359503,UI863997,2027-12-19,2031-04-20,2026-09-03,2026-11-15,2020-09-08
EMP0497,Heather,Williams,jay20@example.com,2006-05-13,+44121 496 0311,"Flat 21
Moore Mountains
Leonbury
G69 0NJ",Female,Riverbank General Hospitals NHS Trust,Asian,India,Dependent,Medical,GP,Surgery & Cancer,Colorectal Surgery,GP,112177,2016-09-13,2016-10-25,30.0,0.8,None,Permanent,Active,HH248134,WU042183,2028-08-20,2030-07-01,2026-07-29,2027-02-25,2016-10-04
EMP0498,Beth,Marshall,smithstephen@example.net,1984-01-28,+44(0)1174960014,"0 Wayne Pine
Edwardchester
ZE93 9HE",Male,Hillcrest Medical Centres NHS Trust,Asian,India,ILR,Medical,Consultant,Clinical Support Services,Pathology,CONS,117872,2019-12-28,2020-02-08,15.0,0.4,None,Bank,On Leave,UJ020063,AI019229,2028-09-14,2029-09-17,2025-11-28,2027-02-09,2020-01-18
EMP0499,Christopher,Blackburn,dmiller@example.org,1999-02-21,+44113 496 0164,"65 Edwards Meadow
Stanleyhaven
M00 5UG",Female,Meadowbrook Community Health NHS Trust,Mixed,United States,Skilled Worker,Nursing,Charge Nurse,Women & Children,Postnatal Care,7,53200,2016-12-06,2017-01-17,18.75,0.5,HCPC,Bank,Active,RH973631,RH073244,2030-09-29,2029-02-25,2026-01-14,2027-06-13,2016-12-27
EMP0500,Ross,Chamberlain,sophieharris@example.org,1996-09-29,(0121) 496 0113,"1 Houghton Stream
North Graeme
CA2 5ZY",Female,Midlands Central Hospitals NHS Trust,Mixed,Thailand,British Citizen,Medical,FY1/FY2,Surgery & Cancer,Neurosurgery,FY1,38254,2026-03-02,2026-04-06,20.0,0.53,GMC,Bank,On Leave,AK204399,CN897142,2031-07-27,2027-07-08,2026-07-28,2027-06-03,2026-03-23
EMP0501,Ellie,Edwards,oharris@example.net,1980-10-28,0161 4960022,"5 Patrick Lake
Junemouth
CB14 9ZZ",Male,Eastfield Psychological Services NHS Trust,Mixed,South Africa,Dependent,AHP,Pharmacist,Clinical Support Services,Physiotherapy,5,37648,2021-09-21,2021-11-02,37.5,1.0,HCPC,Permanent,On Leave,FI093957,VT986028,2029-11-09,2028-02-05,2025-10-16,2026-09-23,2021-10-12
EMP0502,Gareth,Slater,jonesrachael@example.org,1984-12-11,+44161 4960705,"Flat 31
Charlie Landing
Phillipstown
TR02 5HW",Female,Midlands Central Hospitals NHS Trust,White,Australia,ILR,Admin,Medical Secretary,Medicine & Acute Care,Gastroenterology,4,33815,2017-04-04,2017-05-02,20.0,0.53,HCPC,Fixed Term,Suspended,PX578937,DI249767,2029-01-22,2028-07-14,2026-02-13,2027-06-21,2017-04-25
EMP0503,Daniel,Adams,pamela11@example.com,1970-11-11,+44(0)121 496 0983,"Studio 94b
Dale Forest
East Lawrenceport
E0F 0YU",Male,Southgate Community & Mental Health NHS Trust,White,United Kingdom,ILR,Admin,Administrator,Emergency & Urgent Care,Ambulance Services,3,30974,2024-05-11,2024-06-22,18.75,0.5,HCPC,Fixed Term,Inactive,DF690549,ZM191624,2030-10-13,2029-10-05,2026-08-14,2027-02-09,2024-06-01
EMP0504,Sara,Lyons,stevensonabdul@example.com,1991-03-07,+4428 9018750,"Studio 16M
Thomas Trail
Nataliemouth
DT0Y 7TX",Male,Southgate Community & Mental Health NHS Trust,White,Canada,Dependent,Nursing,Staff Nurse,Emergency & Urgent Care,Emergency Department,5,39050,2019-11-22,2019-12-20,18.75,0.5,GMC,Fixed Term,Inactive,XE271394,MH929527,2030-01-25,2030-08-24,2026-05-10,2027-02-23,2019-12-13
EMP0505,Jessica,Wilson,vanessachapman@example.net,1987-01-14,(0114)4960910,"6 Ford Meadow
Leeborough
SL45 4EN",Female,Midlands Central Hospitals NHS Trust,Asian,China,Dependent,Admin,Data Analyst,Corporate Services,IT Support,8A,57898,2018-06-12,2018-07-24,18.75,0.5,HCPC,Bank,Inactive,KY875592,DE739191,2030-01-03,2029-02-20,2025-09-16,2027-01-20,2018-07-03
EMP0506,Aimee,Turner,reece67@example.net,1967-10-06,0121 4960006,"Flat 23F
Heath Dale
Stevensland
CV7R 0BR",Female,Northwood Mental Health NHS Trust,Asian,Japan,Skilled Worker,Medical,Registrar,Corporate Services,Facilities Management,SPR,66260,2020-04-21,2020-06-02,30.0,0.8,None,Bank,Inactive,VE927924,YS466219,2031-08-20,2030-03-02,2026-06-16,2027-04-05,2020-05-12
EMP0507,Fiona,Clark,ojones@example.net,1983-12-21,+44(0)141 496 0156,"538 Mitchell Summit
Mayfurt
CV92 8AD",Male,Hillcrest Medical Centres NHS Trust,Asian,Japan,Dependent,AHP,Physiologist,Corporate Services,Finance,6,52486,2021-09-18,2021-10-16,18.75,0.5,None,Bank,Active,HM912750,AH618984,2029-02-11,2030-03-08,2026-07-30,2027-08-26,2021-10-09
EMP0508,Judith,Heath,awilliams@example.com,1974-02-07,+44116 496 0720,"240 Hamilton Greens
New Josh
ZE71 6ZD",Male,Valleyview Mental Wellness NHS Trust,Asian,India,Dependent,AHP,Physiotherapist,Emergency & Urgent Care,Minor Injuries Unit,6,51423,2018-05-22,2018-06-19,30.0,0.8,NMC,Fixed Term,Suspended,YE961788,QP215396,2026-10-26,2029-11-10,2026-06-30,2027-08-14,2018-06-12
EMP0509,Molly,Gregory,ohancock@example.com,1988-07-05,+44(0)29 2018 0938,"Studio 65
Robinson Brook
North Katyfort
DY1 1ST",Female,Horizon Integrated Health Partnership NHS Trust,Black,Nigeria,Skilled Worker,Admin,Receptionist,Women & Children,Obstetrics,3,29494,2026-01-09,2026-02-06,37.5,1.0,HCPC,Permanent,Suspended,LZ248033,RG823520,2030-05-25,2031-05-26,2026-01-12,2027-05-05,2026-01-30
EMP0510,Derek,Ward,danielle58@example.net,1985-06-02,+441914960843,"Flat 59L
Diana Unions
North Bethanybury
L85 0FW",Female,Westmere Community Health NHS Trust,Black,Jamaica,Dependent,Medical,FY1/FY2,Surgery & Cancer,Orthopaedics,FY1,36814,2025-11-13,2025-12-18,18.75,0.5,HCPC,Fixed Term,Active,FB296128,BA401571,2029-04-17,2031-03-19,2025-09-13,2026-11-07,2025-12-04
EMP0511,Mark,Adams,humphreysjoe@example.org,1977-10-26,+44114 4960668,"Studio 86
Griffiths Square
Alexandraview
BL0 3AQ",Male,Riverbank General Hospitals NHS Trust,Mixed,Thailand,Skilled Worker,AHP,Radiographer,Corporate Services,IT Support,6,44837,2019-03-04,2019-04-15,18.75,0.5,GMC,Bank,Suspended,KD145692,UN815842,2031-08-04,2029-06-11,2026-05-25,2027-08-22,2019-03-25
EMP0512,Katherine,Read,ewilliams@example.com,1995-05-02,0306 9990192,"Studio 75
Harvey Ramp
Lake Hannah
S2E 2XF",Male,Northwood Mental Health NHS Trust,Mixed,Jamaica,Dependent,Medical,SHO,Medicine & Acute Care,Dermatology,SHO,57807,2023-12-07,2024-01-04,18.75,0.5,GMC,Permanent,Suspended,PZ120693,CQ574494,2027-11-16,2026-09-26,2026-08-15,2027-06-25,2023-12-28
EMP0513,Naomi,Howell,ipotter@example.net,1995-07-21,(0909)8790289,"Studio 87t
Lambert Valleys
Lake Brett
LL10 3YF",Male,Eastmoor Teaching Hospitals NHS Trust,White,Australia,British Citizen,AHP,Physiotherapist,Corporate Services,Facilities Management,6,50911,2021-02-14,2021-03-14,18.75,0.5,NMC,Permanent,On Leave,BU623972,ZV339147,2031-05-11,2031-01-05,2025-12-17,2027-06-22,2021-03-07
EMP0514,Frances,Stevens,smithabdul@example.com,2000-09-06,+44(0)808 157 0901,"774 Harris Locks
West Joelbury
BR8 1EX",Male,Westmere Community Health NHS Trust,Asian,Japan,British Citizen,Medical,SHO,Women & Children,Paediatrics,SHO,58409,2023-01-21,2023-02-18,37.5,1.0,GMC,Permanent,Inactive,GN944414,FR265531,2029-06-09,2027-04-05,2026-09-01,2026-10-19,2023-02-11
EMP0515,Douglas,Holt,hayeskyle@example.com,1961-12-01,0909 879 0957,"Flat 20
Humphries Crescent
Port Katherine
WF10 8FT",Female,Westborough Acute Care NHS Trust,Black,Barbados,ILR,AHP,Physiologist,Medicine & Acute Care,Neurology,6,49060,2021-06-29,2021-07-27,20.0,0.53,NMC,Bank,On Leave,ER900121,ZT207358,2031-01-13,2030-11-18,2026-04-29,2027-05-23,2021-07-20
EMP0516,Sandra,Ellis,josephmartin@example.net,1995-05-03,(0113) 496 0980,"Flat 52
Thomas Locks
North Alicemouth
W20 9XG",Female,Lakeside District Hospitals NHS Trust,Asian,China,Dependent,Medical,Consultant,Medicine & Acute Care,General Surgery,CONS,129932,2022-12-22,2023-01-19,20.0,0.53,NMC,Bank,Active,PF097908,KL393292,2030-07-10,2028-12-05,2026-01-06,2027-04-19,2023-01-12
EMP0517,Amanda,Cooke,cameroncoates@example.com,1975-12-04,(0131) 4960134,"806 Rosie Villages
New Normanburgh
KY9 9JX",Female,Southgate Community & Mental Health NHS Trust,White,Canada,Skilled Worker,Nursing,Healthcare Assistant,Emergency & Urgent Care,Emergency Department,2,26293,2018-01-22,2018-02-26,30.0,0.8,HCPC,Fixed Term,Active,ML754455,AQ823744,2031-03-15,2026-12-29,2026-02-11,2027-07-02,2018-02-12
EMP0518,Hayley,Pickering,sianmckenzie@example.com,1999-03-14,+44(0)1914960000,"Flat 8
Willis Place
New Tony
S42 3BQ",Male,Valleyview Mental Wellness NHS Trust,Mixed,Jamaica,British Citizen,Nursing,Charge Nurse,Critical Care & Anaesthesia,Anaesthesia,7,56827,2023-05-15,2023-06-19,18.75,0.5,GMC,Permanent,Inactive,MW085676,NB726617,2030-03-25,2029-11-23,2025-11-24,2027-09-08,2023-06-05
EMP0519,Georgia,Nelson,watkinslinda@example.com,1994-06-29,(0191) 496 0456,"Studio 33
Alison Crossroad
Jamesmouth
L38 2XG",Male,Oakridge Community Services NHS Trust,Black,Trinidad and Tobago,Dependent,Admin,Administrator,Emergency & Urgent Care,Ambulance Services,3,31652,2025-12-17,2026-01-14,30.0,0.8,GMC,Bank,On Leave,DU395270,GZ819327,2030-06-28,2028-04-26,2026-04-26,2027-08-14,2026-01-07
EMP0520,Nicola,Buckley,jemmahartley@example.net,1978-04-27,+44306 9990247,"2 Sarah Rue
Donnabury
S8U 2DG",Female,Northshire University Hospitals NHS Trust,Black,Ghana,British Citizen,Nursing,Senior Staff Nurse,Emergency & Urgent Care,Ambulance Services,6,53497,2024-07-05,2024-08-16,30.0,0.8,NMC,Bank,Inactive,VT399944,CK236358,2030-01-10,2029-04-30,2026-02-17,2027-08-17,2024-07-26
EMP0521,Michelle,Jones,dale03@example.org,2000-05-06,+44118 496 0441,"Flat 7
Griffiths Isle
Lake Connor
GU2 2AR",Male,Riverbank General Hospitals NHS Trust,Black,Jamaica,Dependent,Admin,Administrator,Medicine & Acute Care,Rheumatology,3,26081,2025-06-10,2025-07-15,20.0,0.53,None,Fixed Term,Active,SI352814,AQ498761,2028-12-29,2029-11-08,2025-12-15,2026-09-22,2025-07-01
EMP0522,Eileen,Cole,uwilliams@example.net,2006-05-26,+441144960970,"1 Day Park
New Sophie
E7 5FJ",Female,Southgate Community & Mental Health NHS Trust,Mixed,New Zealand,Skilled Worker,AHP,Radiographer,Surgery & Cancer,Orthopaedics,6,53840,2024-07-06,2024-08-03,37.5,1.0,HCPC,Permanent,Inactive,KV096095,BJ984193,2030-12-05,2031-03-24,2026-02-17,2026-10-25,2024-07-27
EMP0523,Edward,Watson,bradshawcarl@example.com,1997-09-23,(0306) 9990094,"Studio 93
Ryan Roads
Stephaniemouth
S41 5ZT",Male,Northwood Mental Health NHS Trust,Black,Jamaica,ILR,Admin,Medical Secretary,Surgery & Cancer,Colorectal Surgery,4,31890,2019-05-02,2019-06-13,15.0,0.4,None,Fixed Term,Active,KL093477,GX419544,2029-11-10,2030-10-25,2025-10-10,2026-12-29,2019-05-23
EMP0524,Malcolm,Williams,duncan57@example.net,1983-11-28,08081570688,"Flat 99
Guy Ports
New Charlie
LA36 7BD",Female,Northwood Mental Health NHS Trust,Asian,China,British Citizen,AHP,Speech Therapist,Critical Care & Anaesthesia,Pain Management,6,47254,2024-03-03,2024-04-14,30.0,0.8,None,Fixed Term,Inactive,VG677959,PS289654,2031-01-08,2027-03-04,2026-04-06,2026-11-24,2024-03-24
EMP0525,Jill,Parry,nhill@example.org,1968-04-24,0113 4960046,"005 Joseph Walks
West Hollie
S3F 9NN",Male,Greenhaven Acute & Specialist Care NHS Trust,Asian,Thailand,Dependent,Admin,Medical Secretary,Clinical Support Services,Occupational Therapy,4,36324,2022-07-13,2022-08-10,20.0,0.53,HCPC,Fixed Term,On Leave,CX260081,EH263292,2027-10-07,2028-09-16,2026-04-22,2026-10-07,2022-08-03
EMP0526,Julia,Hardy,rscott@example.com,1992-10-05,(0306)9990250,"Studio 3
Sheppard Shoals
Bellhaven
G3 3GQ",Female,Greenhaven Acute & Specialist Care NHS Trust,Asian,China,Skilled Worker,Medical,Registrar,Corporate Services,Facilities Management,SPR,81762,2021-09-27,2021-11-01,30.0,0.8,NMC,Fixed Term,Inactive,YV410000,QZ001300,2027-05-01,2030-12-12,2026-06-23,2027-08-11,2021-10-18
EMP0527,Michael,Higgins,bennettsharon@example.com,1983-08-05,0131 496 0580,"Flat 40R
Morrison Station
Lake Fiona
E8E 8LB",Male,Greenhaven Acute & Specialist Care NHS Trust,Asian,China,British Citizen,Nursing,Ward Manager,Critical Care & Anaesthesia,Intensive Care Unit,8A,57193,2024-11-09,2024-12-14,30.0,0.8,NMC,Fixed Term,Suspended,US234404,QW401818,2028-08-16,2030-07-06,2026-05-07,2027-07-25,2024-11-30
EMP0528,Clifford,Mitchell,shughes@example.com,1995-01-11,(0909) 879 0289,"7 Dennis Hollow
South Brian
W4 1PB",Female,Midlands Central Hospitals NHS Trust,Asian,Japan,ILR,Admin,Data Analyst,Corporate Services,Facilities Management,8A,65720,2021-09-07,2021-10-12,15.0,0.4,NMC,Fixed Term,Suspended,DE650090,BR169194,2029-08-02,2026-09-24,2025-12-08,2027-03-28,2021-09-28
EMP0529,Graeme,Elliott,bsharp@example.net,1962-06-05,+44909 879 0582,"Studio 4
Danny Burg
Lake Martin
B5 8FU",Male,Southgate Community & Mental Health NHS Trust,Mixed,Thailand,Skilled Worker,Medical,GP,Corporate Services,Communications,GP,93039,2017-05-11,2017-06-15,20.0,0.53,HCPC,Bank,Active,RA071671,UA698203,2031-09-07,2026-10-09,2026-05-22,2027-08-05,2017-06-01
EMP0530,Georgia,Wyatt,oliviaward@example.net,1969-11-11,(0121)4960682,"9 Andrews Land
Lake Ericland
BT9 6EJ",Male,Horizon Integrated Health Partnership NHS Trust,White,Australia,Skilled Worker,Medical,GP,Women & Children,Paediatrics,GP,102443,2022-01-17,2022-02-14,37.5,1.0,HCPC,Fixed Term,On Leave,CZ314327,WR460768,2028-01-30,2028-03-29,2026-01-02,2026-12-19,2022-02-07
EMP0531,Patrick,Winter,leanne03@example.org,1999-07-07,+44(0)1614960773,"Flat 04
Taylor View
Abbieberg
L8B 0XQ",Male,Midlands Central Hospitals NHS Trust,Black,Barbados,British Citizen,AHP,Pharmacist,Surgery & Cancer,Breast Surgery,5,37312,2025-05-23,2025-07-04,18.75,0.5,GMC,Bank,On Leave,GW127846,AC112556,2026-11-09,2029-08-31,2025-12-20,2027-08-16,2025-06-13
EMP0532,Malcolm,Nixon,harrisstephanie@example.org,1999-12-24,(0121) 4960622,"Studio 53w
Jenna Orchard
North Simonbury
DL14 1RU",Female,Northshire University Hospitals NHS Trust,Asian,India,Skilled Worker,Medical,SHO,Women & Children,Postnatal Care,SHO,56409,2019-10-17,2019-11-14,37.5,1.0,None,Bank,Suspended,EH798398,AS332605,2027-10-17,2031-06-23,2026-06-23,2027-04-07,2019-11-07
EMP0533,Lauren,Hunt,malcolmprice@example.org,1977-01-19,01144960074,"Flat 52
Akhtar Square
West Roger
W13 6EX",Male,Northshire University Hospitals NHS Trust,White,United Kingdom,British Citizen,Medical,Registrar,Surgery & Cancer,ENT Surgery,SPR,81064,2024-02-14,2024-03-20,15.0,0.4,HCPC,Permanent,On Leave,ER257943,IE681430,2028-03-22,2026-09-18,2026-08-23,2026-11-26,2024-03-06
EMP0534,Ben,Mason,victoriastewart@example.net,1962-11-28,+441414960114,"Flat 24
Hollie Port
East Amelia
W05 9HY",Female,Southgate Community & Mental Health NHS Trust,Mixed,United States,Skilled Worker,Nursing,Healthcare Assistant,Critical Care & Anaesthesia,Intensive Care Unit,2,26647,2020-05-19,2020-06-30,15.0,0.4,None,Permanent,Suspended,BI547697,XP915211,2031-04-12,2031-01-02,2026-08-09,2027-05-07,2020-06-09
EMP0535,Hayley,Palmer,paulawillis@example.com,1973-11-30,+449098790128,"Studio 37F
Wilson Unions
Jamieton
BB03 0SW",Female,Southgate Community & Mental Health NHS Trust,Asian,Thailand,ILR,Admin,Data Analyst,Women & Children,Postnatal Care,8A,61694,2022-09-28,2022-11-02,37.5,1.0,HCPC,Bank,Inactive,CA782022,EZ360997,2030-08-09,2027-10-01,2025-11-28,2027-01-07,2022-10-19
EMP0536,Phillip,Ahmed,maureenmurphy@example.org,1988-03-08,+44(0)1184960165,"Flat 8
Hart Way
Lake Joyce
NE3 1BZ",Male,Northwood Mental Health NHS Trust,Asian,Japan,Skilled Worker,Medical,Registrar,Women & Children,Paediatrics,SPR,66850,2025-08-11,2025-09-15,15.0,0.4,None,Bank,Active,MZ633509,UO922545,2030-05-18,2027-06-07,2026-05-31,2026-12-29,2025-09-01
EMP0537,Elizabeth,Powell,evansgeorgia@example.com,1976-06-08,+44(0)28 9018 0090,"7 Lane Junctions
New Deniseport
E2G 6YX",Female,Horizon Integrated Health Partnership NHS Trust,Asian,Thailand,Dependent,AHP,Pharmacist,Emergency & Urgent Care,Urgent Care,5,40990,2019-06-09,2019-07-07,18.75,0.5,NMC,Permanent,Suspended,WD010761,SM078042,2031-08-02,2030-11-05,2026-05-11,2026-12-05,2019-06-30
EMP0538,Bradley,White,kjarvis@example.org,1968-11-23,(0113) 496 0728,"Flat 41E
Nicola Rapids
Port Georgina
E27 4JZ",Male,Westmere Community Health NHS Trust,Mixed,Trinidad and Tobago,ILR,Medical,GP,Medicine & Acute Care,Rheumatology,GP,117088,2021-09-01,2021-09-29,18.75,0.5,GMC,Permanent,Suspended,WZ491124,ZA873731,2029-02-14,2030-06-19,2026-04-25,2026-10-03,2021-09-22
EMP0539,Tom,Wilson,nicholasclark@example.org,1990-12-02,0113 4960014,"07 Gregory Manor
Lake Joanberg
M83 8UB",Male,Horizon Integrated Health Partnership NHS Trust,Asian,Thailand,British Citizen,AHP,Physiotherapist,Surgery & Cancer,Breast Surgery,6,44156,2021-11-11,2021-12-09,15.0,0.4,NMC,Permanent,Inactive,ZX953341,CD911708,2029-01-31,2028-11-01,2025-10-07,2027-02-15,2021-12-02
EMP0540,Peter,Turner,ambermoore@example.org,1971-08-14,+44(0)1414960221,"Studio 52U
Eric Way
Vanessafort
BB7 5WF",Female,Eastfield Psychological Services NHS Trust,White,United States,Dependent,Medical,FY1/FY2,Women & Children,Obstetrics,FY1,36698,2018-04-05,2018-05-10,20.0,0.53,HCPC,Bank,Suspended,RE772741,QF079366,2030-03-04,2027-08-06,2026-06-17,2026-10-19,2018-04-26
EMP0541,Tracy,Jones,oking@example.net,1975-03-04,01632 960596,"8 Lydia Cliff
Grahamton
M1 7SE",Male,Eastmoor Teaching Hospitals NHS Trust,Asian,Japan,ILR,Admin,Administrator,Corporate Services,IT Support,3,28031,2026-05-09,2026-06-13,37.5,1.0,NMC,Permanent,Active,ZE542553,NB677915,2031-03-30,2027-07-20,2026-02-27,2027-03-01,2026-05-30
EMP0542,Kieran,Perry,zoe70@example.org,1976-12-13,+44(0)1214960575,"053 Chandler Cliff
Sharpside
BD1 7NL",Female,Oakridge Community Services NHS Trust,Asian,China,Dependent,Nursing,Nursery Nurse,Critical Care & Anaesthesia,Pain Management,2,25877,2022-05-22,2022-06-26,18.75,0.5,None,Bank,On Leave,DN996090,AO654025,2030-09-18,2030-07-11,2025-09-29,2026-11-23,2022-06-12
EMP0543,Jacqueline,Austin,uwilliams@example.com,1973-10-13,+44(0)1632 960948,"843 Franklin Mountains
Geraldinetown
S8A 2HL",Female,Southvale Hospitals NHS Trust,White,Canada,ILR,Admin,Receptionist,Surgery & Cancer,General Surgery,3,30089,2025-06-20,2025-07-18,37.5,1.0,HCPC,Permanent,On Leave,UJ607319,AA662356,2028-08-15,2026-11-09,2026-06-09,2026-12-20,2025-07-11
EMP0544,Cheryl,Bond,mohamed41@example.com,1977-07-27,+441164960858,"Studio 57
Debra Dale
Stanleyburgh
G9 0DG",Female,Southvale Hospitals NHS Trust,Asian,India,Skilled Worker,Admin,Receptionist,Women & Children,Paediatrics,3,30467,2022-12-10,2023-01-07,15.0,0.4,NMC,Permanent,Active,UP572600,EJ489665,2027-08-19,2031-03-24,2026-01-31,2027-06-19,2022-12-31
EMP0545,Carl,Brown,bethankirby@example.org,1997-04-26,01414960115,"Flat 9
Carpenter Forest
South Michelle
W19 6QN",Male,Riverbank General Hospitals NHS Trust,Black,Jamaica,Skilled Worker,AHP,Pharmacist,Critical Care & Anaesthesia,Anaesthesia,5,37047,2024-01-26,2024-03-08,37.5,1.0,HCPC,Fixed Term,Inactive,BD100702,SM516457,2027-12-10,2026-12-27,2026-08-18,2027-07-15,2024-02-16
EMP0546,Christian,Porter,frankali@example.com,1972-04-01,(028) 9018 0206,"3 Stephen Land
Christopherton
M5B 8DY",Female,Oakridge Community Services NHS Trust,Mixed,Kenya,Skilled Worker,Medical,Consultant,Emergency & Urgent Care,Minor Injuries Unit,CONS,116885,2020-04-08,2020-05-20,20.0,0.53,NMC,Permanent,Inactive,AW644769,HX449955,2028-02-15,2027-01-03,2026-01-07,2027-04-14,2020-04-29
EMP0547,Russell,Smith,brobinson@example.net,1984-04-28,(0118)4960961,"Flat 73M
Davis Square
East Seanburgh
WA0 1YX",Female,Broadfield Clinical Services NHS Trust,White,United Kingdom,Dependent,AHP,Radiographer,Surgery & Cancer,ENT Surgery,6,53427,2018-05-20,2018-06-24,18.75,0.5,GMC,Bank,Active,AI705677,ET166028,2028-02-09,2029-08-09,2025-11-18,2026-11-07,2018-06-10
EMP0548,Samuel,Dickinson,nigel24@example.org,1984-10-04,01144960114,"352 Josh Vista
West Donna
M0 8PB",Female,Broadfield Clinical Services NHS Trust,White,United States,ILR,Admin,Data Analyst,Women & Children,Paediatrics,8A,68561,2025-08-01,2025-09-05,30.0,0.8,GMC,Fixed Term,On Leave,JZ551838,GU771234,2027-09-10,2026-11-21,2025-09-27,2027-02-22,2025-08-22
EMP0549,Ryan,Kemp,francesbartlett@example.com,1989-12-25,+44141 4960529,"394 Conway Skyway
Port Callumhaven
G6 6RX",Female,Northwood Mental Health NHS Trust,White,Australia,Dependent,Nursing,Ward Manager,Medicine & Acute Care,Acute Medicine,8A,61426,2023-06-03,2023-07-01,15.0,0.4,GMC,Bank,Inactive,RD618580,NY082838,2029-03-08,2026-10-05,2026-06-02,2027-02-23,2023-06-24
EMP0550,Justin,Palmer,conor90@example.net,1975-10-07,01914960045,"Flat 66
Norman Harbors
Jacksonhaven
AL9H 5SF",Female,Broadfield Clinical Services NHS Trust,Mixed,Kenya,Dependent,Nursing,Healthcare Assistant,Women & Children,Paediatrics,2,26591,2025-06-09,2025-07-07,20.0,0.53,HCPC,Bank,On Leave,JL433444,LD089062,2031-05-05,2029-09-14,2026-04-17,2027-04-15,2025-06-30
EMP0551,Kenneth,Cox,ohart@example.com,1989-12-16,+44(0)1914960131,"838 Charlotte Plains
Sophietown
DL2N 7HR",Male,Meadowbrook Community Health NHS Trust,Black,Trinidad and Tobago,British Citizen,Admin,Data Analyst,Emergency & Urgent Care,Urgent Care,8A,61211,2021-11-13,2021-12-18,18.75,0.5,GMC,Fixed Term,Active,EW467298,AU033654,2028-02-15,2028-08-20,2025-11-29,2026-11-04,2021-12-04
EMP0552,Katherine,Roberts,harrisruth@example.com,1999-05-21,(0191) 4960235,"53 Davies Bypass
South Martin
N4D 3ZS",Female,Midlands Central Hospitals NHS Trust,Mixed,China,Skilled Worker,Nursing,Healthcare Assistant,Surgery & Cancer,Colorectal Surgery,2,26594,2025-01-17,2025-02-14,15.0,0.4,HCPC,Bank,Inactive,XB541681,PB174140,2031-08-09,2031-01-04,2026-01-26,2026-12-21,2025-02-07
EMP0553,Gemma,Brown,paynerosemary@example.com,1983-09-10,(029)2018650,"Studio 37
Victor Squares
North Jennifer
CB0H 8QA",Male,Meadowbrook Community Health NHS Trust,Mixed,Ghana,ILR,Admin,Medical Secretary,Emergency & Urgent Care,Emergency Department,4,33248,2025-03-18,2025-04-22,20.0,0.53,HCPC,Permanent,Suspended,ZG226685,LB548646,2029-11-05,2030-03-19,2026-01-21,2027-07-10,2025-04-08
EMP0554,Michelle,Brown,nchandler@example.com,1976-04-21,+44115 496 0055,"254 Parsons Coves
South Lynda
HX9H 8DY",Female,Northshire University Hospitals NHS Trust,Mixed,Japan,Dependent,Nursing,Charge Nurse,Surgery & Cancer,Breast Surgery,7,64862,2023-10-12,2023-11-09,18.75,0.5,None,Fixed Term,Suspended,KP412597,WF709908,2029-03-06,2028-01-29,2026-07-09,2026-10-09,2023-11-02
EMP0555,Christian,Warren,elizabeth55@example.net,1981-01-31,+44(0)114 4960889,"Studio 34
Jones Extensions
Victoriahaven
AL9M 1BQ",Male,Lakeside District Hospitals NHS Trust,Asian,China,Skilled Worker,Medical,GP,Clinical Support Services,Radiology,GP,103052,2020-12-06,2021-01-10,18.75,0.5,HCPC,Permanent,Inactive,XC828404,ST088538,2027-02-13,2029-07-09,2026-07-15,2027-04-21,2020-12-27
EMP0556,Ruth,Lewis,cherylwest@example.org,1975-06-06,+44191 496 0637,"41 Francis Lodge
Cooperport
DT77 3HH",Male,Horizon Integrated Health Partnership NHS Trust,Asian,Thailand,British Citizen,AHP,Radiographer,Critical Care & Anaesthesia,Pain Management,6,45958,2017-10-18,2017-11-15,15.0,0.4,GMC,Bank,On Leave,YV290432,YN691969,2028-05-12,2030-09-09,2026-05-20,2027-09-08,2017-11-08
EMP0557,Louise,Cooper,allangregory@example.net,1987-07-11,+44(0)161 496 0717,"Studio 7
Leah Keys
West Patrickchester
SA9W 6WR",Male,Greenhaven Acute & Specialist Care NHS Trust,Mixed,Jamaica,Skilled Worker,Admin,Medical Secretary,Clinical Support Services,Pathology,4,33421,2021-11-16,2021-12-14,20.0,0.53,GMC,Bank,Active,RZ956812,KL760323,2029-02-03,2027-08-13,2025-10-17,2027-07-05,2021-12-07
EMP0558,Ashley,Jones,kingelizabeth@example.net,1991-02-26,+44(0)28 9018530,"7 Paul Port
Port Henry
NR1M 3ZF",Male,Lakeside District Hospitals NHS Trust,White,United Kingdom,British Citizen,Medical,SHO,Clinical Support Services,Physiotherapy,SHO,58435,2022-08-29,2022-10-10,20.0,0.53,HCPC,Permanent,Suspended,TW587412,ZZ399232,2027-02-18,2030-04-07,2026-05-31,2027-01-28,2022-09-19
EMP0559,Jill,Thompson,kim20@example.net,2006-06-19,+44(0)117 4960739,"Flat 38
Mitchell Station
Mooreport
G4H 5FT",Male,Greenhaven Acute & Specialist Care NHS Trust,Asian,China,Dependent,Medical,Registrar,Emergency & Urgent Care,Emergency Department,SPR,76301,2023-01-12,2023-02-16,37.5,1.0,GMC,Bank,Active,FI323241,JM021478,2030-10-19,2026-10-19,2026-04-06,2027-04-27,2023-02-02
EMP0560,Amanda,Cox,storeybrett@example.net,1967-08-28,+44113 496 0559,"17 Mills Gateway
North Janet
N5 8GR",Female,Oakridge Community Services NHS Trust,Asian,India,ILR,Admin,Data Analyst,Corporate Services,Finance,8A,63104,2021-02-13,2021-03-13,30.0,0.8,GMC,Fixed Term,Inactive,JG204140,HS771940,2030-12-22,2028-12-23,2026-07-23,2027-08-25,2021-03-06
EMP0561,Rachael,Turner,jennarowe@example.com,2006-04-04,+441174960808,"4 Georgina Forest
Beverleybury
W8S 5FY",Female,Hillcrest Medical Centres NHS Trust,White,New Zealand,Dependent,AHP,Physiologist,Surgery & Cancer,Orthopaedics,6,50926,2017-02-04,2017-03-04,18.75,0.5,None,Fixed Term,Active,GO327008,DQ278462,2027-12-03,2030-06-06,2025-09-25,2026-09-24,2017-02-25
EMP0562,Timothy,Pearce,yclarke@example.org,1996-11-15,+44151 496 0372,"Flat 1
Naomi Trail
Stewarttown
SG7E 3HL",Male,Horizon Integrated Health Partnership NHS Trust,Asian,India,British Citizen,Nursing,Charge Nurse,Medicine & Acute Care,Dermatology,7,61605,2024-04-30,2024-05-28,37.5,1.0,None,Permanent,Suspended,DX108631,LY454394,2030-03-25,2026-09-13,2026-03-14,2027-08-10,2024-05-21
EMP0563,Gary,Mann,craig47@example.net,1973-08-31,+44(0)118 4960585,"Studio 36
Duffy Groves
Michaelside
NN18 1FW",Female,Hillcrest Medical Centres NHS Trust,Asian,India,British Citizen,Nursing,Nursery Nurse,Corporate Services,Facilities Management,2,27356,2020-02-28,2020-04-03,37.5,1.0,NMC,Permanent,Suspended,IW706042,TV381938,2029-08-30,2026-11-04,2026-05-22,2026-11-06,2020-03-20
EMP0564,Cheryl,Begum,ndaniels@example.com,1973-10-08,+44121 4960735,"Studio 0
Victor Extensions
Williamsmouth
N77 2DJ",Male,Hillcrest Medical Centres NHS Trust,White,New Zealand,British Citizen,Nursing,Ward Manager,Emergency & Urgent Care,Urgent Care,8A,60656,2020-05-03,2020-06-14,18.75,0.5,GMC,Fixed Term,Suspended,YM140274,IN350195,2027-09-27,2029-05-22,2026-02-25,2027-04-07,2020-05-24
EMP0565,Laura,Oliver,kylewilkinson@example.org,2005-03-07,01134960330,"8 Phillips Plaza
Annefort
NN18 2NZ",Female,Oakridge Community Services NHS Trust,Black,Kenya,Dependent,Admin,Data Analyst,Critical Care & Anaesthesia,Intensive Care Unit,8A,58650,2017-10-14,2017-11-11,37.5,1.0,HCPC,Fixed Term,Active,GU108179,YY017735,2030-03-07,2028-07-10,2026-04-13,2027-06-02,2017-11-04
EMP0566,Angela,West,amberbell@example.com,1997-08-24,+44131 4960900,"Studio 89x
Amber Locks
Danielsfurt
DD0 3LE",Female,Horizon Integrated Health Partnership NHS Trust,Black,Nigeria,Dependent,Medical,SHO,Clinical Support Services,Occupational Therapy,SHO,53061,2022-08-29,2022-10-10,37.5,1.0,NMC,Permanent,On Leave,UH905265,GZ062636,2029-12-04,2031-03-30,2026-01-16,2027-02-24,2022-09-19
EMP0567,Vanessa,Jones,hartconnor@example.net,1996-03-02,01144960155,"911 Terry Well
Adrianton
S5W 9JL",Female,Northshire University Hospitals NHS Trust,Asian,Thailand,ILR,AHP,Physiotherapist,Surgery & Cancer,Neurosurgery,6,47127,2023-10-08,2023-11-12,15.0,0.4,None,Bank,Suspended,PS027437,WW221126,2027-02-13,2026-12-21,2025-09-18,2027-08-06,2023-10-29
EMP0568,Douglas,Haynes,lewis05@example.org,1988-02-03,(0115) 4960224,"0 Daly Brooks
Carolinetown
FY92 0XD",Female,Oakridge Community Services NHS Trust,Asian,China,Skilled Worker,Medical,Consultant,Clinical Support Services,Physiotherapy,CONS,123231,2019-10-15,2019-11-19,15.0,0.4,NMC,Permanent,Suspended,NZ207734,SV918383,2027-12-10,2026-09-30,2026-04-02,2027-03-10,2019-11-05
EMP0569,Claire,Martin,megan69@example.net,1988-04-28,+44(0)8081570583,"Flat 93a
Lee Passage
North Tobymouth
N3K 2DT",Male,Bluewater Community & Rehabilitation NHS Trust,Mixed,Trinidad and Tobago,ILR,Medical,FY1/FY2,Critical Care & Anaesthesia,Intensive Care Unit,FY1,40021,2021-11-07,2021-12-05,15.0,0.4,GMC,Bank,Active,GV688089,HG812388,2029-06-04,2031-04-11,2026-08-11,2026-11-25,2021-11-28
EMP0570,Ruth,Shah,bpoole@example.net,2004-02-09,01314960025,"6 Bentley Islands
Davidsonstad
G18 5FW",Male,Valleyview Mental Wellness NHS Trust,Asian,India,Dependent,Medical,FY1/FY2,Medicine & Acute Care,Acute Medicine,FY1,40428,2020-10-10,2020-11-07,20.0,0.53,NMC,Permanent,On Leave,HJ039180,UZ125691,2031-07-25,2029-03-28,2026-07-10,2027-03-01,2020-10-31
EMP0571,Duncan,Steele,shawdale@example.org,1981-02-12,+44(0)118 496 0784,"Flat 87
Clarke Plaza
Lambertport
B8 7GQ",Female,Westborough Acute Care NHS Trust,Mixed,India,Skilled Worker,Admin,Administrator,Emergency & Urgent Care,Ambulance Services,3,30465,2024-03-28,2024-05-02,20.0,0.53,HCPC,Permanent,Suspended,YK161737,TU687686,2029-05-28,2027-05-03,2026-06-06,2027-08-25,2024-04-18
EMP0572,Janet,Sharp,carpenteradrian@example.net,1978-06-22,+4428 9018390,"Flat 96H
Mitchell Summit
Lake Katherine
CO12 7PU",Male,Southgate Community & Mental Health NHS Trust,White,United Kingdom,British Citizen,Nursing,Ward Manager,Medicine & Acute Care,Gastroenterology,8A,61471,2024-10-12,2024-11-16,30.0,0.8,GMC,Permanent,Suspended,KY702035,PA403810,2029-09-10,2028-10-02,2026-09-05,2026-12-10,2024-11-02
EMP0573,Jeffrey,Powell,russellrose@example.net,1975-09-09,+44(0)28 9018359,"8 Miles Springs
Mossstad
W60 8RT",Female,Lakeside District Hospitals NHS Trust,Asian,Japan,British Citizen,AHP,Pharmacist,Critical Care & Anaesthesia,Intensive Care Unit,5,42607,2017-10-29,2017-11-26,15.0,0.4,NMC,Permanent,Suspended,JI244950,DF748257,2030-07-11,2031-08-22,2026-04-24,2026-09-19,2017-11-19
EMP0574,Tony,Webb,archerbarbara@example.net,1984-07-08,0151 4960273,"216 Scott Forge
East Neil
TN49 0PY",Male,Eastmoor Teaching Hospitals NHS Trust,Black,Ghana,ILR,Medical,Consultant,Corporate Services,Finance,CONS,111398,2026-05-28,2026-07-02,37.5,1.0,None,Bank,On Leave,QB878063,HO633346,2031-03-10,2028-11-12,2025-09-23,2027-08-02,2026-06-18
EMP0575,Jennifer,Martin,johnburgess@example.net,1962-08-03,(0118)4960202,"Flat 5
Melanie Inlet
Port Gillianfurt
BR5H 2AZ",Male,Southgate Community & Mental Health NHS Trust,White,Australia,Dependent,Admin,Data Analyst,Medicine & Acute Care,Neurology,8A,67108,2022-08-20,2022-09-17,18.75,0.5,None,Bank,Inactive,LV350657,MX097651,2031-04-18,2030-03-25,2026-05-02,2027-03-21,2022-09-10
EMP0576,Georgina,Clark,vallen@example.net,2006-06-16,+44(0)1154960938,"11 Rees Plains
Russellport
SN9 8ZB",Female,Lakeside District Hospitals NHS Trust,Asian,Thailand,Skilled Worker,Medical,GP,Medicine & Acute Care,Gastroenterology,GP,105268,2016-10-29,2016-12-03,15.0,0.4,NMC,Fixed Term,On Leave,YJ274887,DE143461,2030-02-01,2026-11-19,2025-12-07,2026-10-15,2016-11-19
EMP0577,Henry,Brown,howardglenn@example.net,2007-01-29,+44118 4960436,"20 Lynn Expressway
Lynneborough
WD0 4ZE",Female,Southgate Community & Mental Health NHS Trust,White,Australia,Dependent,AHP,Pharmacist,Corporate Services,Finance,5,43089,2020-07-29,2020-09-09,37.5,1.0,HCPC,Fixed Term,Inactive,EM795715,VJ188595,2028-12-02,2030-12-07,2026-03-07,2026-09-29,2020-08-19
EMP0578,Jamie,Arnold,uwright@example.org,1994-12-16,+44(0)1214960097,"Studio 81f
Weston Orchard
Mooreborough
LL0P 3FJ",Female,Hillcrest Medical Centres NHS Trust,Asian,China,Dependent,AHP,Physiotherapist,Women & Children,Postnatal Care,6,44091,2018-01-27,2018-03-03,30.0,0.8,GMC,Permanent,On Leave,YI936015,YN717020,2027-10-12,2030-08-11,2026-03-31,2027-08-21,2018-02-17
EMP0579,June,Duffy,fletcherross@example.net,1977-11-06,01184960884,"873 Smith Crescent
Arthurton
IM5A 9LQ",Female,Westborough Acute Care NHS Trust,White,Australia,Dependent,Admin,Receptionist,Women & Children,Obstetrics,3,27199,2019-07-27,2019-08-31,18.75,0.5,NMC,Fixed Term,Inactive,AN949931,XN286719,2026-12-18,2030-02-17,2025-12-09,2027-05-01,2019-08-17
EMP0580,Karl,Todd,bakerjudith@example.org,1988-05-30,+44161 496 0660,"Studio 17
Read Light
New Marcfort
E8 9LS",Female,Westmere Community Health NHS Trust,Mixed,Jamaica,ILR,Nursing,Charge Nurse,Medicine & Acute Care,Oncology,7,59065,2020-07-08,2020-08-12,30.0,0.8,NMC,Bank,Suspended,EW739797,AU307509,2029-04-06,2028-07-22,2026-05-01,2026-12-30,2020-07-29
EMP0581,Oliver,Doyle,billybooth@example.com,1992-01-05,(0151)4960922,"Flat 1
Wilkins Path
New Edwardshire
CT7 9TF",Female,Eastfield Psychological Services NHS Trust,Black,Ghana,Dependent,Nursing,Healthcare Assistant,Clinical Support Services,Pathology,2,25668,2019-10-13,2019-11-17,37.5,1.0,HCPC,Bank,On Leave,XQ946032,TK077614,2027-05-21,2030-03-04,2026-04-11,2026-10-13,2019-11-03
EMP0582,Henry,Hammond,pauljohnson@example.net,1997-01-21,09098790192,"Studio 91
Wilson Stream
Jamietown
GY90 0UE",Male,Broadfield Clinical Services NHS Trust,Asian,China,Skilled Worker,Medical,Registrar,Women & Children,Paediatrics,SPR,70707,2017-10-25,2017-11-29,20.0,0.53,HCPC,Permanent,Suspended,ZH213670,WU146055,2030-08-08,2030-01-11,2025-11-24,2027-07-23,2017-11-15
EMP0583,Diana,Harrison,danielle76@example.net,1986-12-25,+44(0)116 4960894,"Flat 41
Patel Branch
West Joshua
BL2 4ZS",Female,Eastfield Psychological Services NHS Trust,Asian,Japan,Skilled Worker,Nursing,Senior Staff Nurse,Corporate Services,Finance,6,47585,2020-09-27,2020-11-08,37.5,1.0,HCPC,Bank,On Leave,ZT008775,LP556018,2029-03-26,2028-01-01,2026-03-08,2027-08-05,2020-10-18
EMP0584,Neil,Ahmed,gillianchan@example.com,1961-05-11,01632 960237,"Studio 03c
Dunn Well
Lake Paige
TD1 2YE",Male,Southvale Hospitals NHS Trust,Black,Trinidad and Tobago,British Citizen,Nursing,Charge Nurse,Clinical Support Services,Pharmacy,7,57519,2019-09-29,2019-11-10,30.0,0.8,GMC,Fixed Term,Inactive,CG189383,MH499520,2030-09-17,2027-05-17,2026-06-27,2027-01-17,2019-10-20
EMP0585,Frank,Doyle,butlermax@example.org,1991-01-15,+4429 2018782,"Flat 22
Rosie Run
North Juliefurt
PO2 7SD",Male,Northshire University Hospitals NHS Trust,Black,Jamaica,British Citizen,Nursing,Charge Nurse,Emergency & Urgent Care,Ambulance Services,7,57797,2017-11-03,2017-12-15,18.75,0.5,HCPC,Bank,Inactive,SJ753082,IN769459,2029-07-15,2030-04-05,2026-03-27,2027-01-20,2017-11-24
EMP0586,William,Lewis,helen07@example.com,1972-11-04,+44(0)1134960995,"453 Molly Creek
Careyton
SN47 6RX",Female,Riverside Integrated Care NHS Trust,Mixed,South Africa,ILR,AHP,Speech Therapist,Surgery & Cancer,ENT Surgery,6,54854,2026-07-03,2026-08-07,20.0,0.53,GMC,Permanent,On Leave,UP887064,XM687337,2028-03-01,2027-09-18,2026-03-28,2026-12-25,2026-07-24
EMP0587,Karen,Powell,michaelhawkins@example.net,1994-05-12,+441164960698,"4 Bryant Inlet
Marshchester
PO0B 4JY",Male,Westborough Acute Care NHS Trust,Asian,Japan,Dependent,Medical,Consultant,Medicine & Acute Care,Nephrology,CONS,131284,2020-01-29,2020-02-26,37.5,1.0,HCPC,Bank,Inactive,JA394932,SY557464,2029-07-21,2026-12-10,2026-06-10,2026-09-23,2020-02-19
EMP0588,Mary,Harvey,martinguy@example.org,1987-05-07,+44161 4960113,"Studio 16
Patricia Street
East Samanthaton
E61 9XJ",Male,Bluewater Community & Rehabilitation NHS Trust,Black,Ghana,Skilled Worker,Medical,GP,Medicine & Acute Care,Gastroenterology,GP,101899,2021-01-20,2021-02-24,20.0,0.53,NMC,Fixed Term,Inactive,PY199128,LU896318,2030-04-22,2029-10-27,2026-06-12,2026-10-10,2021-02-10
EMP0589,Phillip,Wright,anne94@example.net,1990-02-27,+44191 4960040,"Studio 50
Brenda Glens
Paulaland
N5 8DR",Male,Westborough Acute Care NHS Trust,White,New Zealand,Dependent,AHP,Occupational Therapist,Clinical Support Services,Pharmacy,6,44680,2020-12-14,2021-01-25,37.5,1.0,GMC,Fixed Term,Suspended,FG809390,EP336926,2028-08-04,2027-07-19,2025-11-14,2027-03-12,2021-01-04
EMP0590,Reece,Faulkner,ellie00@example.com,1991-07-21,(0116) 4960281,"689 Tracy Mills
East Elaine
HU9W 4HY",Male,Bluewater Community & Rehabilitation NHS Trust,Mixed,Thailand,Skilled Worker,Medical,FY1/FY2,Emergency & Urgent Care,Emergency Department,FY1,39447,2021-11-11,2021-12-16,20.0,0.53,None,Bank,On Leave,DA657093,DH304520,2030-10-03,2029-04-10,2026-06-05,2027-03-03,2021-12-02
EMP0591,Karen,Griffin,charlotte65@example.org,1981-10-22,0131 4960210,"Studio 95I
Benjamin Forest
New Declanhaven
G66 9EN",Female,Southgate Community & Mental Health NHS Trust,Black,Jamaica,Skilled Worker,AHP,Radiographer,Medicine & Acute Care,Endocrinology,6,48954,2023-11-05,2023-12-03,30.0,0.8,GMC,Permanent,Active,BN675456,GT442978,2029-03-21,2026-11-01,2025-10-01,2027-06-15,2023-11-26
EMP0592,Fiona,Gray,judith61@example.org,1991-06-15,+44808 157 0025,"617 Raymond Station
South Kimberley
SO4X 3BB",Female,Riverside Integrated Care NHS Trust,Asian,India,Dependent,Medical,GP,Critical Care & Anaesthesia,Anaesthesia,GP,96654,2021-09-06,2021-10-18,18.75,0.5,None,Bank,On Leave,JR849080,GD410334,2030-08-06,2028-10-13,2025-11-23,2027-03-03,2021-09-27
EMP0593,Maureen,Ellis,mohammedtaylor@example.org,1983-04-26,0121 4960791,"Flat 53
Kimberley Estates
Skinnertown
E36 7YT",Male,Oakridge Community Services NHS Trust,Mixed,Barbados,Skilled Worker,Nursing,Senior Staff Nurse,Clinical Support Services,Physiotherapy,6,48552,2022-11-11,2022-12-09,20.0,0.53,NMC,Bank,Active,LS950497,ST212951,2028-08-12,2028-05-18,2026-08-04,2026-10-06,2022-12-02
EMP0594,Leslie,Hutchinson,kbolton@example.net,1995-04-12,0131 4960231,"86 Smith Junction
Collinstown
B7 6DG",Female,Lakeside District Hospitals NHS Trust,White,United Kingdom,ILR,Admin,Data Analyst,Corporate Services,Facilities Management,8A,69164,2019-06-23,2019-07-21,20.0,0.53,None,Fixed Term,On Leave,FU550022,RW137604,2031-08-09,2028-03-15,2026-04-03,2027-01-07,2019-07-14
EMP0595,Alexander,Hughes,georgiawhite@example.net,1998-11-21,+443069990243,"603 Megan Shores
North Danny
S50 9SE",Female,Horizon Integrated Health Partnership NHS Trust,Black,Barbados,Dependent,Nursing,Senior Staff Nurse,Critical Care & Anaesthesia,Intensive Care Unit,6,52104,2025-10-21,2025-12-02,20.0,0.53,None,Bank,Suspended,ZD157254,ZJ744678,2031-08-10,2027-10-16,2026-01-21,2027-07-24,2025-11-11
EMP0596,Victor,Kelly,dean31@example.net,1969-11-11,(0306) 999 0401,"7 Robinson Walk
Chadwickmouth
W75 7HH",Male,Hillcrest Medical Centres NHS Trust,Asian,China,British Citizen,Admin,Medical Secretary,Women & Children,Paediatrics,4,34729,2022-02-21,2022-03-21,15.0,0.4,NMC,Fixed Term,Suspended,ZO508962,VK448569,2028-03-17,2029-12-08,2026-03-12,2026-10-10,2022-03-14
EMP0597,Stacey,Smith,ahargreaves@example.org,1982-10-02,+44121 4960057,"408 Kenneth Pike
New Robertview
BT2W 1YW",Male,Lakeside District Hospitals NHS Trust,Asian,Japan,British Citizen,Medical,FY1/FY2,Emergency & Urgent Care,Minor Injuries Unit,FY1,41301,2017-07-28,2017-09-01,30.0,0.8,None,Permanent,Inactive,EZ092489,PP540787,2030-11-05,2027-04-21,2026-06-28,2027-03-03,2017-08-18
EMP0598,Sara,Dale,peterchadwick@example.org,2003-05-24,0117 496 0712,"Studio 9
Griffiths Port
Kennedyview
TQ3M 5PP",Male,Riverbank General Hospitals NHS Trust,White,New Zealand,Skilled Worker,Medical,Registrar,Critical Care & Anaesthesia,Intensive Care Unit,SPR,80396,2024-06-18,2024-07-23,20.0,0.53,HCPC,Permanent,Inactive,VC685214,AK564982,2030-11-28,2030-08-11,2025-11-23,2027-05-12,2024-07-09
EMP0599,Jill,Perry,alan04@example.org,1983-04-12,+44(0)1214960526,"70 Julia Canyon
Martinberg
NP1 9AU",Male,Riverside Integrated Care NHS Trust,Asian,India,Dependent,Medical,FY1/FY2,Corporate Services,Human Resources,FY1,41405,2018-04-03,2018-05-08,18.75,0.5,HCPC,Fixed Term,Suspended,WQ967272,KR690641,2029-12-15,2028-12-18,2026-08-04,2027-04-13,2018-04-24
EMP0600,Pamela,Cooper,storeyjoanne@example.org,1970-09-20,(0121)4960446,"842 Matthew Corners
Lake Normanhaven
BH09 2AQ",Male,Eastfield Psychological Services NHS Trust,Asian,Thailand,Dependent,Nursing,Nursery Nurse,Surgery & Cancer,General Surgery,2,27450,2021-03-26,2021-04-30,18.75,0.5,None,Bank,Inactive,MD348198,AI293311,2029-11-18,2027-04-09,2026-04-22,2027-02-09,2021-04-16
EMP0601,Marc,Walker,dawnjohnson@example.net,1988-09-16,+441174960142,"956 Anderson Villages
Stevensonberg
DN3Y 2AX",Female,Lakeside District Hospitals NHS Trust,Mixed,Kenya,ILR,Nursing,Healthcare Assistant,Critical Care & Anaesthesia,Anaesthesia,2,24161,2021-05-25,2021-07-06,30.0,0.8,NMC,Bank,Inactive,HT294334,ZG913060,2030-10-24,2028-05-14,2026-01-27,2026-10-26,2021-06-15
EMP0602,Hilary,Thompson,brucepotter@example.net,1999-05-31,+441632 960 343,"Flat 49
Allan Cliff
Shortton
L1 7EP",Male,Oakridge Community Services NHS Trust,Mixed,United Kingdom,British Citizen,Medical,GP,Surgery & Cancer,General Surgery,GP,91179,2023-08-02,2023-08-30,30.0,0.8,NMC,Bank,Suspended,SL756688,GB807529,2031-05-19,2027-01-06,2026-07-30,2027-04-01,2023-08-23
EMP0603,Jonathan,Foster,lstevenson@example.com,1979-07-18,(0118)4960036,"Studio 60
Hayes Fall
New Norman
TW76 2NJ",Female,Bluewater Community & Rehabilitation NHS Trust,White,New Zealand,British Citizen,Admin,Receptionist,Clinical Support Services,Occupational Therapy,3,26082,2024-04-04,2024-05-16,18.75,0.5,None,Bank,On Leave,MW648469,NZ525772,2028-04-11,2028-10-02,2026-03-18,2027-06-30,2024-04-25
EMP0604,Amber,Davis,savagevanessa@example.net,1988-08-03,(0121) 4960576,"8 Kieran Mountain
Margaretport
EN9H 7SS",Female,Lakeside District Hospitals NHS Trust,White,Canada,ILR,Medical,Consultant,Medicine & Acute Care,Respiratory Medicine,CONS,136245,2024-01-29,2024-03-11,30.0,0.8,NMC,Fixed Term,On Leave,RF596252,JD478821,2028-01-10,2030-12-29,2025-12-31,2027-05-13,2024-02-19
EMP0605,Luke,Gregory,osullivan@example.com,1964-07-08,(028)9018743,"Studio 7
Laura Glens
Jasonborough
G73 4ZL",Female,Oakridge Community Services NHS Trust,Mixed,Nigeria,Skilled Worker,Admin,Administrator,Critical Care & Anaesthesia,Intensive Care Unit,3,28649,2018-04-03,2018-05-15,30.0,0.8,GMC,Permanent,On Leave,LY932643,UL523390,2028-02-19,2031-06-02,2026-07-11,2027-01-28,2018-04-24
EMP0606,Roger,Cunningham,vaughanmary@example.org,2004-03-04,(0191)4960890,"Flat 3
Pearce Mountain
Port Hannah
MK5H 0SY",Male,Northwood Mental Health NHS Trust,Asian,Japan,Dependent,Admin,Data Analyst,Corporate Services,Human Resources,8A,57055,2018-11-28,2019-01-02,18.75,0.5,HCPC,Fixed Term,On Leave,EC951091,UM519502,2028-04-08,2030-06-18,2025-11-11,2027-05-30,2018-12-19
EMP0607,Max,Carr,bradleysharp@example.org,1998-07-31,0117 4960358,"8 Ben Forges
South Annetteshire
S4G 5QE",Male,Hillcrest Medical Centres NHS Trust,White,Canada,Skilled Worker,Admin,Receptionist,Corporate Services,Finance,3,28597,2019-02-07,2019-03-14,15.0,0.4,GMC,Fixed Term,Active,GB517614,CZ157351,2027-09-25,2029-07-09,2025-11-18,2027-07-21,2019-02-28
EMP0608,Albert,Brown,hudsonnatasha@example.com,1987-03-17,+44(0)1214960168,"Studio 36
Katie Fields
Clarkeville
LL3 1TD",Male,Lakeside District Hospitals NHS Trust,Mixed,India,Skilled Worker,Medical,GP,Medicine & Acute Care,Haematology,GP,101337,2025-02-21,2025-03-28,18.75,0.5,None,Bank,Suspended,RZ663076,ZA409791,2030-06-30,2031-04-14,2026-03-07,2027-01-18,2025-03-14
EMP0609,Howard,Ahmed,lynne48@example.net,1997-05-03,+44(0)8081570113,"987 Annette Lane
Port Andrewbury
W31 1EU",Male,Hillcrest Medical Centres NHS Trust,White,Canada,ILR,Admin,Data Analyst,Surgery & Cancer,Neurosurgery,8A,58558,2017-05-15,2017-06-26,30.0,0.8,NMC,Permanent,Inactive,UH928905,VP978005,2026-12-02,2029-04-07,2026-07-23,2027-08-10,2017-06-05
EMP0610,Jasmine,Jones,jenkinsleanne@example.com,1995-09-29,+44(0)2074960766,"041 Morgan Street
Ballbury
S8 3WG",Male,Northshire University Hospitals NHS Trust,Black,Ghana,British Citizen,Admin,Administrator,Corporate Services,Finance,3,28345,2019-02-04,2019-03-04,15.0,0.4,HCPC,Fixed Term,Suspended,UM525821,ZW596144,2027-07-05,2029-03-28,2025-11-13,2027-07-08,2019-02-25
EMP0611,Nicola,Murphy,norman91@example.org,1977-12-25,(0116)4960311,"Flat 96
Owen Terrace
North Annette
IM6 2LT",Male,Horizon Integrated Health Partnership NHS Trust,Mixed,Kenya,Skilled Worker,AHP,Speech Therapist,Surgery & Cancer,Breast Surgery,6,49555,2018-01-04,2018-02-01,15.0,0.4,HCPC,Fixed Term,Inactive,JJ084815,RF403024,2026-11-17,2029-08-06,2025-10-24,2026-10-20,2018-01-25
EMP0612,Katherine,Kay,katyhughes@example.org,1978-08-12,+44116 4960179,"Studio 46Q
Hill Harbor
Lake Conorside
WC1 7RP",Female,Southgate Community & Mental Health NHS Trust,White,Australia,Dependent,AHP,Speech Therapist,Clinical Support Services,Occupational Therapy,6,52307,2019-03-04,2019-04-15,20.0,0.53,GMC,Permanent,Suspended,CL100570,QX620094,2028-12-16,2027-08-04,2026-04-25,2027-06-14,2019-03-25
EMP0613,Brian,Akhtar,naomi54@example.org,1969-12-15,+44(0)191 4960039,"Flat 68W
Adrian Trace
Lake Lisa
TA8 7AJ",Female,Hillcrest Medical Centres NHS Trust,Mixed,Kenya,British Citizen,Admin,Data Analyst,Surgery & Cancer,Neurosurgery,8A,68221,2026-06-08,2026-07-06,20.0,0.53,None,Permanent,Inactive,NW560258,UO994543,2026-10-12,2027-01-29,2026-05-27,2027-06-12,2026-06-29
EMP0614,Charles,King,parryamelia@example.net,1993-07-28,03069990396,"Studio 1
Alexander Turnpike
Foxland
E8C 4UB",Female,Broadfield Clinical Services NHS Trust,White,New Zealand,Skilled Worker,Nursing,Senior Staff Nurse,Medicine & Acute Care,Cardiology,6,45028,2021-09-29,2021-10-27,15.0,0.4,HCPC,Permanent,On Leave,VM911951,EW259596,2029-02-15,2028-08-05,2025-11-04,2026-10-22,2021-10-20
EMP0615,Joseph,Robinson,loliver@example.org,1999-03-04,+44(0)292018483,"Studio 0
Ronald Square
South Toby
WS2 6EF",Female,Meadowbrook Community Health NHS Trust,White,New Zealand,British Citizen,AHP,Physiologist,Critical Care & Anaesthesia,Anaesthesia,6,52449,2020-10-18,2020-11-15,37.5,1.0,None,Fixed Term,Active,NC880647,AQ932247,2029-10-18,2027-03-10,2025-10-04,2026-09-18,2020-11-08
EMP0616,Zoe,Steele,coopercarl@example.net,1978-01-14,01134960425,"Flat 1
Mitchell Trail
South Mitchellport
GY3V 6YG",Female,Southvale Hospitals NHS Trust,White,Australia,Dependent,AHP,Physiologist,Medicine & Acute Care,Nephrology,6,53606,2022-09-21,2022-10-19,18.75,0.5,None,Permanent,Suspended,IS256825,AH003796,2027-09-23,2030-03-07,2026-09-06,2027-09-08,2022-10-12
EMP0617,Nathan,Webb,declantaylor@example.net,1966-01-07,0909 879 0054,"16 Bibi Ferry
Justinfurt
W0 7RL",Male,Valleyview Mental Wellness NHS Trust,Mixed,India,British Citizen,Medical,Consultant,Clinical Support Services,Occupational Therapy,CONS,136423,2024-03-18,2024-04-15,20.0,0.53,HCPC,Fixed Term,Inactive,WM380766,IC329026,2029-12-04,2027-07-02,2025-11-06,2027-02-05,2024-04-08
EMP0618,Victoria,Power,annetterogers@example.net,1992-03-15,0141 4960807,"08 Chloe Pike
West Wendymouth
DD34 6ZU",Female,Riverside Integrated Care NHS Trust,Mixed,Canada,Dependent,AHP,Radiographer,Emergency & Urgent Care,Minor Injuries Unit,6,51383,2018-09-09,2018-10-14,20.0,0.53,None,Fixed Term,On Leave,NU103722,KT665586,2027-11-02,2028-11-17,2026-03-15,2027-07-09,2018-09-30
EMP0619,Lauren,Baker,lcarter@example.net,1963-03-08,+441414960151,"Flat 8
Robinson Rapid
Lake Albertville
B5 4AH",Female,Greenhaven Acute & Specialist Care NHS Trust,Black,Trinidad and Tobago,Skilled Worker,Admin,Administrator,Medicine & Acute Care,Respiratory Medicine,3,26761,2018-12-10,2019-01-21,15.0,0.4,None,Fixed Term,Suspended,AU361688,YO954058,2027-04-21,2029-01-28,2025-10-28,2027-08-23,2018-12-31
EMP0620,Eileen,Smith,michael48@example.org,1966-01-05,01614960649,"979 Thomas Meadow
East Jacob
M90 8WB",Male,Westmere Community Health NHS Trust,Black,Barbados,Skilled Worker,Nursing,Staff Nurse,Corporate Services,IT Support,5,40519,2019-10-04,2019-11-08,15.0,0.4,NMC,Bank,Active,BD383140,RS281612,2030-02-08,2027-10-23,2026-02-21,2027-06-29,2019-10-25
EMP0621,Kathryn,Gibbs,palmerroger@example.net,1978-05-24,028 9018 0732,"41 Beth Groves
South Timothy
HD3N 3JX",Female,Broadfield Clinical Services NHS Trust,Asian,China,Skilled Worker,Medical,FY1/FY2,Critical Care & Anaesthesia,Intensive Care Unit,FY1,41283,2021-01-26,2021-03-09,37.5,1.0,GMC,Fixed Term,On Leave,NH831604,WY251390,2028-12-03,2028-06-13,2025-10-19,2027-06-06,2021-02-16
EMP0622,Yvonne,Chapman,elliott20@example.org,2005-08-26,+44(0)1614960676,"Studio 6
Andrews Lights
Emmaland
BA3M 9ZL",Female,Westmere Community Health NHS Trust,Black,Nigeria,Skilled Worker,Nursing,Ward Manager,Medicine & Acute Care,General Surgery,8A,63828,2023-06-02,2023-06-30,20.0,0.53,HCPC,Bank,Inactive,LY334745,TR638452,2029-07-24,2028-11-04,2025-12-17,2027-02-09,2023-06-23
EMP0623,Lydia,Kemp,brownandrew@example.com,1973-07-01,0118 4960765,"67 Jacqueline Crossroad
East Maureenborough
PO37 9FW",Male,Westmere Community Health NHS Trust,White,United Kingdom,Skilled Worker,AHP,Physiotherapist,Corporate Services,Communications,6,52879,2026-08-19,2026-09-30,20.0,0.53,HCPC,Fixed Term,On Leave,FR600951,IN333478,2029-03-05,2030-10-17,2025-09-21,2027-03-03,2026-09-09
EMP0624,Elaine,Harding,deniseobrien@example.net,1993-10-20,(0113) 496 0738,"602 Grant Way
Gillianshire
BA8 1RH",Female,Westmere Community Health NHS Trust,White,United Kingdom,British Citizen,AHP,Occupational Therapist,Emergency & Urgent Care,Minor Injuries Unit,6,49062,2023-02-25,2023-04-01,15.0,0.4,HCPC,Permanent,Active,KT714046,MH263251,2028-11-05,2026-10-14,2025-12-06,2027-04-01,2023-03-18
EMP0625,Tracy,Wood,juliewillis@example.org,1977-09-04,+44(0)292018243,"210 Natasha Junctions
Anneview
HA92 1DL",Male,Westmere Community Health NHS Trust,Black,Kenya,Skilled Worker,Medical,Registrar,Corporate Services,Human Resources,SPR,75459,2017-07-09,2017-08-06,30.0,0.8,GMC,Fixed Term,Active,SK058907,JW346429,2028-08-13,2031-06-17,2025-09-29,2026-12-29,2017-07-30
EMP0626,Lynda,Shaw,morgancaroline@example.com,1965-10-04,+44118 496 0797,"Flat 18
Norman Parkways
South Kennethport
NW3B 6LY",Female,Hillcrest Medical Centres NHS Trust,Black,South Africa,British Citizen,Admin,Receptionist,Emergency & Urgent Care,Minor Injuries Unit,3,31554,2017-04-20,2017-05-18,20.0,0.53,HCPC,Bank,Active,IJ025674,VY590143,2029-08-06,2029-10-27,2026-08-23,2026-12-02,2017-05-11
EMP0627,Gordon,Young,chloe77@example.com,1980-09-10,+44(0)9098790204,"Studio 25L
Norton Coves
Stewartchester
ML94 0WY",Female,Broadfield Clinical Services NHS Trust,Black,Trinidad and Tobago,Skilled Worker,Admin,Administrator,Women & Children,Postnatal Care,3,28579,2020-11-12,2020-12-17,20.0,0.53,GMC,Fixed Term,Suspended,TY182364,PQ758440,2027-01-08,2026-10-21,2026-06-17,2027-02-22,2020-12-03
EMP0628,Nathan,Ali,knightelaine@example.org,1990-07-11,+44(0)292018948,"Flat 2
Pearce Orchard
East Jadechester
NE0M 1GE",Male,Northshire University Hospitals NHS Trust,Mixed,South Africa,Skilled Worker,Medical,Consultant,Women & Children,Postnatal Care,CONS,97376,2019-04-07,2019-05-05,15.0,0.4,NMC,Bank,On Leave,XT361673,FL581546,2028-05-29,2027-02-06,2025-11-18,2026-11-21,2019-04-28
EMP0629,Anna,Manning,wilsonsuzanne@example.com,1998-12-22,+44(0)28 9018286,"2 Davies Ville
Hopkinshaven
M3 4LA",Male,Greenhaven Acute & Specialist Care NHS Trust,Mixed,Canada,ILR,AHP,Physiotherapist,Women & Children,Gynaecology,6,53229,2021-02-11,2021-03-18,20.0,0.53,NMC,Permanent,Suspended,NL808067,LO297846,2030-09-26,2028-01-18,2025-11-20,2027-09-07,2021-03-04
EMP0630,Liam,Campbell,elainemckenzie@example.com,1983-01-05,+44(0)8081570509,"Studio 75
James Loaf
South Kellyfort
G9 3BB",Male,Eastfield Psychological Services NHS Trust,Black,Trinidad and Tobago,British Citizen,Admin,Receptionist,Clinical Support Services,Pathology,3,31902,2022-01-04,2022-02-08,20.0,0.53,HCPC,Fixed Term,On Leave,FR259253,AC674037,2031-09-02,2028-07-04,2026-06-30,2027-05-27,2022-01-25
EMP0631,Abbie,Lee,cflynn@example.org,1984-11-07,(0117) 496 0314,"2 Fletcher Place
West Sharon
B1T 3PQ",Male,Oakridge Community Services NHS Trust,Mixed,Kenya,British Citizen,Nursing,Senior Staff Nurse,Medicine & Acute Care,General Surgery,6,51582,2025-01-01,2025-01-29,18.75,0.5,NMC,Bank,Active,BH980321,MT333661,2029-07-01,2030-03-11,2026-08-18,2027-06-07,2025-01-22
EMP0632,Joseph,Thomas,vfry@example.com,1967-02-24,01314960881,"Flat 0
Georgina Trafficway
Aaronborough
G13 5EX",Female,Valleyview Mental Wellness NHS Trust,White,Australia,Skilled Worker,Admin,Administrator,Emergency & Urgent Care,Emergency Department,3,31809,2023-07-09,2023-08-13,15.0,0.4,GMC,Permanent,Inactive,TV584872,PK045120,2031-08-15,2030-02-16,2026-02-18,2027-08-23,2023-07-30
EMP0633,Julia,Cole,jeffrey50@example.org,1964-08-30,+44(0)306 9990271,"5 Naomi Street
Mortonland
HD93 6ZN",Female,Midlands Central Hospitals NHS Trust,Asian,Thailand,ILR,Admin,Administrator,Clinical Support Services,Radiology,3,26882,2018-09-23,2018-10-21,18.75,0.5,HCPC,Permanent,Suspended,PA834641,JY596671,2028-02-15,2028-03-12,2025-10-09,2027-02-11,2018-10-14
EMP0634,Marc,Brooks,hsmith@example.org,2000-04-07,+442074960330,"4 Smith Camp
East Joanneview
E0 8WN",Male,Eastmoor Teaching Hospitals NHS Trust,Black,Trinidad and Tobago,Skilled Worker,Admin,Medical Secretary,Clinical Support Services,Pathology,4,31435,2019-09-09,2019-10-14,37.5,1.0,HCPC,Fixed Term,Inactive,DA339708,QP446869,2030-05-11,2031-01-02,2026-03-23,2027-06-22,2019-09-30
EMP0635,Ann,Robertson,oliver08@example.org,1976-06-09,(0191) 4960591,"88 Baxter Brook
Lake Tony
N9 7GU",Male,Westborough Acute Care NHS Trust,Asian,India,Skilled Worker,Admin,Data Analyst,Emergency & Urgent Care,Urgent Care,8A,55713,2017-02-27,2017-03-27,30.0,0.8,NMC,Permanent,Active,DJ199039,XB129954,2028-03-28,2026-11-28,2026-08-28,2027-02-01,2017-03-20
EMP0636,Melanie,Richards,gstone@example.org,1987-06-11,(01632) 960 159,"18 Wright Grove
South Neilborough
PL4 3WS",Male,Hillcrest Medical Centres NHS Trust,Mixed,India,Dependent,Admin,Medical Secretary,Emergency & Urgent Care,Minor Injuries Unit,4,35533,2017-03-27,2017-04-24,18.75,0.5,NMC,Bank,Suspended,LS557623,KI785162,2027-01-15,2028-01-16,2026-05-06,2027-08-22,2017-04-17
EMP0637,Joyce,Porter,browndenis@example.net,2003-08-11,+44141 496 0284,"41 Roberts Village
West Donnaport
LD25 5HZ",Female,Valleyview Mental Wellness NHS Trust,Black,Kenya,British Citizen,Admin,Administrator,Surgery & Cancer,Breast Surgery,3,30056,2026-01-12,2026-02-09,37.5,1.0,NMC,Fixed Term,Suspended,ES512320,UB759732,2029-03-06,2029-02-07,2025-11-06,2027-08-26,2026-02-02
EMP0638,Andrew,Booth,woodwardelliott@example.net,1973-06-28,01144960802,"5 Christian Run
Greenshire
N7W 6EG",Male,Bluewater Community & Rehabilitation NHS Trust,Mixed,Kenya,ILR,Nursing,Ward Manager,Critical Care & Anaesthesia,Intensive Care Unit,8A,59489,2020-12-17,2021-01-21,20.0,0.53,GMC,Fixed Term,On Leave,FW198469,WM899382,2030-07-29,2027-12-23,2026-05-19,2027-07-23,2021-01-07
EMP0639,Antony,Robinson,tbolton@example.org,1971-12-18,01632 960 413,"Flat 15
Lee Shoal
South Emmaburgh
S7 3SL",Male,Valleyview Mental Wellness NHS Trust,White,New Zealand,Dependent,Medical,GP,Medicine & Acute Care,Cardiology,GP,112248,2020-01-02,2020-01-30,15.0,0.4,NMC,Fixed Term,Suspended,YN694490,YO899995,2031-02-28,2028-12-22,2026-09-07,2027-08-02,2020-01-23
EMP0640,Tony,Randall,twilliams@example.net,1967-11-30,+44(0)161 4960691,"Flat 1
Griffin Mews
Rosieton
LN67 6JQ",Male,Northwood Mental Health NHS Trust,White,Canada,Dependent,Admin,Medical Secretary,Women & Children,Gynaecology,4,32704,2022-07-24,2022-09-04,30.0,0.8,HCPC,Bank,Suspended,VI698088,NT453219,2029-10-12,2029-04-15,2026-07-04,2027-02-10,2022-08-14
EMP0641,Melanie,Davies,graham14@example.com,1961-05-14,0909 879 0371,"Flat 90z
Jenna Plains
Carolynstad
B63 0GE",Female,Eastmoor Teaching Hospitals NHS Trust,White,Australia,Skilled Worker,Medical,Registrar,Medicine & Acute Care,Cardiology,SPR,65207,2025-10-01,2025-10-29,30.0,0.8,NMC,Permanent,On Leave,FL331310,LZ023127,2029-06-12,2028-04-29,2025-11-19,2027-03-30,2025-10-22
EMP0642,Samuel,Moore,zoesanders@example.com,1966-10-20,+44808 1570704,"9 Hudson Mountains
Nathanstad
N4G 8LZ",Male,Oakridge Community Services NHS Trust,Mixed,Kenya,Dependent,AHP,Radiographer,Corporate Services,Finance,6,51606,2024-01-19,2024-03-01,18.75,0.5,GMC,Permanent,Inactive,KK915318,CE677081,2028-07-30,2029-08-22,2026-01-28,2027-03-15,2024-02-09
EMP0643,Barry,Green,dale91@example.com,1992-11-19,(0151) 4960837,"2 Hopkins Extensions
North Lucymouth
G58 5WL",Female,Valleyview Mental Wellness NHS Trust,Mixed,Ghana,British Citizen,Medical,FY1/FY2,Women & Children,Obstetrics,FY1,37829,2023-02-12,2023-03-26,15.0,0.4,GMC,Bank,Suspended,GZ927582,UI832559,2029-08-16,2027-01-02,2026-05-23,2027-08-21,2023-03-05
EMP0644,Christine,Ahmed,thompsonbruce@example.com,1964-10-01,+44(0)20 7496 0335,"63 Kimberley Court
East Elizabethfort
S4 8YP",Male,Oakridge Community Services NHS Trust,White,Australia,Skilled Worker,Admin,Data Analyst,Emergency & Urgent Care,Ambulance Services,8A,67671,2023-11-08,2023-12-06,18.75,0.5,NMC,Fixed Term,On Leave,PV217753,DF531169,2031-03-31,2030-08-29,2025-10-14,2027-06-13,2023-11-29
EMP0645,Jacqueline,Clarke,vcross@example.net,1986-12-20,+44(0)29 2018 0705,"08 Smith Center
Lake Philiphaven
B9 2FG",Male,Hillcrest Medical Centres NHS Trust,Asian,Japan,Skilled Worker,Medical,Registrar,Emergency & Urgent Care,Minor Injuries Unit,SPR,78943,2022-01-16,2022-02-20,37.5,1.0,HCPC,Bank,On Leave,SF111015,KM585676,2029-02-13,2028-03-22,2025-12-15,2026-09-20,2022-02-06
EMP0646,Janice,Ali,georgiatomlinson@example.net,1968-04-11,01632960994,"Flat 0
Chadwick Plains
New Helen
KY31 7UQ",Male,Southvale Hospitals NHS Trust,White,Australia,Skilled Worker,Medical,GP,Emergency & Urgent Care,Ambulance Services,GP,112797,2017-06-26,2017-07-24,37.5,1.0,GMC,Bank,On Leave,ST671674,QR260281,2027-12-14,2031-08-14,2026-07-17,2026-10-15,2017-07-17
EMP0647,Molly,Kelly,teresa40@example.org,2005-06-04,+44(0)1164960780,"856 Bowen Roads
Victoriahaven
CO4X 7BR",Female,Riverside Integrated Care NHS Trust,Asian,Thailand,British Citizen,AHP,Speech Therapist,Emergency & Urgent Care,Ambulance Services,6,52847,2021-09-09,2021-10-21,15.0,0.4,GMC,Fixed Term,Active,ET061060,PO763363,2030-01-22,2026-12-04,2025-10-06,2027-05-15,2021-09-30
EMP0648,Valerie,Parkes,lukewilliams@example.net,1962-10-06,+44(0)116 496 0130,"Studio 33p
Rogers Road
Jessicaside
CW42 9LZ",Female,Southgate Community & Mental Health NHS Trust,Asian,Thailand,Dependent,Admin,Administrator,Critical Care & Anaesthesia,Pain Management,3,26983,2024-10-18,2024-11-15,15.0,0.4,None,Fixed Term,Active,UM190042,TH821154,2030-12-23,2027-03-24,2025-10-26,2027-05-19,2024-11-08
EMP0649,Iain,Woods,garrysmith@example.com,1969-09-09,(0141) 4960972,"Flat 1
Payne Stream
Brendaview
W2 9RW",Male,Riverside Integrated Care NHS Trust,Mixed,New Zealand,ILR,AHP,Physiotherapist,Corporate Services,Communications,6,52497,2025-02-21,2025-03-21,37.5,1.0,GMC,Bank,Suspended,GX415860,KU738174,2030-10-24,2030-11-14,2026-02-09,2026-12-17,2025-03-14
EMP0650,Jason,Armstrong,kbradshaw@example.com,1982-11-18,+44306 9990202,"Studio 46k
Robin Pines
Arthurbury
KT9 9QN",Male,Northshire University Hospitals NHS Trust,Black,Barbados,Skilled Worker,Admin,Receptionist,Medicine & Acute Care,Haematology,3,27223,2017-09-19,2017-10-31,37.5,1.0,None,Fixed Term,Suspended,WI319016,LL054515,2026-12-26,2031-08-22,2026-04-02,2027-05-29,2017-10-10
EMP0651,Mohamed,Lewis,eric35@example.org,1981-03-01,(0121)4960717,"Studio 4
Max Creek
North Lydiabury
LN3 8WZ",Male,Northwood Mental Health NHS Trust,Black,Kenya,ILR,Admin,Administrator,Surgery & Cancer,General Surgery,3,29483,2024-11-28,2025-01-02,37.5,1.0,HCPC,Permanent,Suspended,ZO262717,JP010616,2028-07-08,2029-06-09,2026-02-01,2027-07-07,2024-12-19
EMP0652,Eileen,Shaw,sophie43@example.net,1996-05-12,0115 496 0800,"Flat 56
Paige Vista
West Debra
M0 7FQ",Male,Hillcrest Medical Centres NHS Trust,White,New Zealand,British Citizen,Medical,FY1/FY2,Emergency & Urgent Care,Emergency Department,FY1,36459,2025-04-25,2025-05-30,18.75,0.5,None,Fixed Term,On Leave,WQ933501,IB227869,2028-01-15,2028-02-21,2026-01-18,2027-03-03,2025-05-16
EMP0653,Julia,Farmer,brownkimberley@example.com,1992-04-01,+44(0)151 496 0049,"Flat 74Q
Hayley Trafficway
East Charlesborough
N8 7NF",Male,Southgate Community & Mental Health NHS Trust,Black,Kenya,ILR,Medical,GP,Medicine & Acute Care,Geriatrics,GP,117649,2025-04-30,2025-06-11,37.5,1.0,GMC,Fixed Term,On Leave,QR216839,JZ110701,2029-10-12,2028-06-22,2025-10-17,2027-08-08,2025-05-21
EMP0654,Elliot,Newman,cduffy@example.com,1987-10-07,+44(0)1174960139,"Studio 72
Craig Land
South Clive
S3 5GX",Female,Northshire University Hospitals NHS Trust,Mixed,Canada,Dependent,Admin,Medical Secretary,Women & Children,Gynaecology,4,32468,2021-06-10,2021-07-15,15.0,0.4,None,Permanent,Suspended,BZ813947,ZH720882,2029-06-01,2028-06-03,2026-03-25,2027-05-20,2021-07-01
EMP0655,Karl,Evans,gregorytucker@example.org,2007-05-15,+4429 2018 0154,"816 Boyle Island
Leachton
N78 3TF",Female,Hillcrest Medical Centres NHS Trust,White,United Kingdom,Skilled Worker,Admin,Receptionist,Medicine & Acute Care,Cardiology,3,31245,2023-12-02,2024-01-06,18.75,0.5,NMC,Fixed Term,Suspended,JV200786,SN640308,2029-11-22,2029-02-17,2026-03-18,2027-04-01,2023-12-23
EMP0656,Fiona,Rees,dean62@example.org,2000-06-21,+441134960508,"Studio 07Q
Hartley Loaf
North Sandra
DE0W 8HY",Male,Northshire University Hospitals NHS Trust,White,Australia,ILR,Medical,SHO,Women & Children,Obstetrics,SHO,55023,2022-05-13,2022-06-24,30.0,0.8,None,Fixed Term,Active,ZH138711,IR014286,2028-11-06,2030-02-21,2026-01-18,2027-05-25,2022-06-03
EMP0657,Leah,Simpson,donnellykaren@example.org,1970-09-07,+44(0)2074960359,"Studio 94n
King Points
Shaunburgh
GU14 3RN",Male,Westborough Acute Care NHS Trust,Mixed,Nigeria,British Citizen,Nursing,Charge Nurse,Corporate Services,IT Support,7,60986,2026-01-23,2026-03-06,37.5,1.0,GMC,Bank,Inactive,WV959665,EZ777980,2027-05-24,2031-05-28,2026-09-08,2027-03-12,2026-02-13
EMP0658,Lauren,Harding,jasmine67@example.net,1971-11-09,(0117) 4960371,"Flat 06B
Taylor Springs
North Harryland
E6H 9PU",Female,Valleyview Mental Wellness NHS Trust,White,Canada,Dependent,Medical,Registrar,Emergency & Urgent Care,Emergency Department,SPR,74141,2021-08-07,2021-09-11,18.75,0.5,None,Fixed Term,Active,PL477934,BN322708,2026-10-18,2028-06-13,2025-10-28,2027-08-06,2021-08-28
EMP0659,Kirsty,Williams,ghobbs@example.net,2005-05-02,+44(0)1154960752,"4 Garry Mountains
New Phillip
KT3P 2QX",Male,Riverside Integrated Care NHS Trust,Asian,China,Skilled Worker,Admin,Administrator,Surgery & Cancer,Breast Surgery,3,31494,2017-06-14,2017-07-12,18.75,0.5,GMC,Fixed Term,On Leave,ZV961568,NB261558,2030-06-07,2029-03-11,2026-05-06,2027-07-02,2017-07-05
EMP0660,Jill,Begum,baxtermegan@example.org,1968-06-06,(0191) 4960534,"2 Smith Forest
Port Rita
HA0 2ZQ",Male,Riverbank General Hospitals NHS Trust,Asian,Japan,ILR,Nursing,Senior Staff Nurse,Critical Care & Anaesthesia,Pain Management,6,45716,2019-09-09,2019-10-21,20.0,0.53,HCPC,Permanent,On Leave,WF334898,ZV349755,2027-09-03,2029-05-12,2026-08-09,2027-04-29,2019-09-30
EMP0661,Lisa,Foster,crosstony@example.com,1964-08-11,+44(0)1914960890,"Flat 98o
Gibson Station
Richardsonfort
WR37 2RS",Female,Hillcrest Medical Centres NHS Trust,White,New Zealand,ILR,Nursing,Ward Manager,Corporate Services,IT Support,8A,66926,2020-05-05,2020-06-16,18.75,0.5,GMC,Fixed Term,On Leave,BF550673,VZ111734,2027-09-16,2030-08-26,2025-10-20,2027-01-16,2020-05-26
EMP0662,Marilyn,Brown,brownegillian@example.com,1979-09-28,029 2018200,"Flat 50W
Ward Highway
Elaineville
NW92 7TW",Male,Valleyview Mental Wellness NHS Trust,Asian,Japan,Dependent,AHP,Speech Therapist,Critical Care & Anaesthesia,Anaesthesia,6,48428,2025-03-19,2025-04-16,30.0,0.8,None,Bank,Inactive,JB857657,XG743659,2029-01-08,2029-09-18,2026-04-14,2027-03-19,2025-04-09
EMP0663,Colin,Morrison,johnlee@example.com,1990-09-17,+44(0)29 2018 0609,"4 Brown Trace
West Clairebury
SW4V 6UR",Male,Westborough Acute Care NHS Trust,Black,Trinidad and Tobago,ILR,AHP,Physiotherapist,Clinical Support Services,Radiology,6,51367,2024-11-24,2024-12-22,18.75,0.5,GMC,Permanent,Active,IK054287,IQ835035,2028-02-13,2030-09-10,2026-05-21,2027-03-25,2024-12-15
EMP0664,Aimee,Hunt,pknight@example.com,1989-06-26,+44(0)121 4960942,"Flat 0
Zoe Light
West Amandaport
W6H 3RL",Male,Valleyview Mental Wellness NHS Trust,Mixed,Australia,Skilled Worker,Nursing,Healthcare Assistant,Medicine & Acute Care,Gastroenterology,2,24720,2022-05-27,2022-06-24,30.0,0.8,NMC,Permanent,Suspended,JB316106,BP767925,2026-11-15,2031-06-13,2026-04-01,2026-10-21,2022-06-17
EMP0665,Mark,Thomson,joelsmith@example.com,2006-01-03,0116 4960941,"Studio 4
Browne Point
East Maureen
WS9 0HS",Male,Horizon Integrated Health Partnership NHS Trust,White,United Kingdom,Dependent,Nursing,Senior Staff Nurse,Corporate Services,Human Resources,6,48502,2017-05-14,2017-06-18,30.0,0.8,None,Permanent,On Leave,AZ779780,LU129963,2028-12-08,2030-02-16,2025-11-19,2027-02-09,2017-06-04
EMP0666,Elaine,Smith,hpearson@example.net,1975-01-13,(0118) 496 0724,"Studio 52c
Carroll Drives
Stephenstad
FY4B 7FA",Female,Westborough Acute Care NHS Trust,Black,Kenya,Skilled Worker,Admin,Receptionist,Surgery & Cancer,Colorectal Surgery,3,29297,2025-10-18,2025-11-15,30.0,0.8,HCPC,Permanent,Suspended,WC605604,EB981266,2027-09-01,2028-03-02,2026-02-15,2027-01-05,2025-11-08
EMP0667,Mohammed,Bryan,janet78@example.net,1965-09-16,+44116 496 0982,"91 Hughes Roads
Port Victorbury
ME9M 4JQ",Female,Southgate Community & Mental Health NHS Trust,White,United Kingdom,ILR,Nursing,Staff Nurse,Corporate Services,Human Resources,5,38512,2023-03-18,2023-04-15,18.75,0.5,GMC,Bank,Active,IV229495,IZ199170,2031-03-13,2029-10-21,2026-04-25,2027-02-04,2023-04-08
EMP0668,Kimberley,Martin,reevesfrederick@example.com,1969-11-04,01184960277,"259 Wallace Wall
New Oliviaberg
CA9V 4NN",Male,Northshire University Hospitals NHS Trust,White,Canada,Skilled Worker,Admin,Data Analyst,Critical Care & Anaesthesia,Anaesthesia,8A,58282,2019-08-03,2019-08-31,37.5,1.0,NMC,Fixed Term,Suspended,GZ162224,RL365329,2030-09-23,2026-09-30,2026-06-26,2026-10-11,2019-08-24
EMP0669,Kerry,Davies,harrisonjean@example.net,1960-11-15,+449098790417,"Studio 43S
Owen Square
Andersonmouth
M4 1ED",Male,Meadowbrook Community Health NHS Trust,Asian,China,ILR,Nursing,Ward Manager,Emergency & Urgent Care,Minor Injuries Unit,8A,62338,2023-01-09,2023-02-20,30.0,0.8,NMC,Permanent,On Leave,SA295255,GE924608,2027-06-11,2031-04-15,2025-11-24,2027-02-04,2023-01-30
EMP0670,Kathleen,Jones,sheila45@example.net,1977-11-05,(0115) 496 0048,"589 Catherine Meadow
Aaronview
E15 2WP",Female,Bluewater Community & Rehabilitation NHS Trust,Mixed,Canada,Dependent,AHP,Pharmacist,Surgery & Cancer,Orthopaedics,5,40996,2025-08-28,2025-09-25,30.0,0.8,NMC,Fixed Term,Inactive,KE390753,VC969491,2029-01-15,2028-05-12,2026-02-15,2026-09-14,2025-09-18
EMP0671,Bruce,Parker,blackdamian@example.com,1990-01-17,(0114) 496 0152,"Studio 1
Brandon Springs
East Reece
B5 2UX",Female,Westborough Acute Care NHS Trust,Asian,Japan,British Citizen,Admin,Medical Secretary,Surgery & Cancer,ENT Surgery,4,34340,2021-10-19,2021-11-30,37.5,1.0,GMC,Permanent,Inactive,HR110059,KQ508409,2030-03-24,2031-01-24,2026-07-11,2027-03-06,2021-11-09
EMP0672,Beth,Barrett,mark56@example.com,1980-05-01,+441632960057,"61 Marshall Ports
Melanieville
M6 1FH",Female,Westborough Acute Care NHS Trust,Asian,Japan,Skilled Worker,AHP,Pharmacist,Surgery & Cancer,Colorectal Surgery,5,42819,2021-12-21,2022-02-01,37.5,1.0,GMC,Fixed Term,Active,MK400282,JM336558,2026-11-04,2031-04-04,2026-04-01,2027-04-22,2022-01-11
EMP0673,Joshua,Tucker,jill85@example.org,1984-08-31,+44(0)118 496 0617,"Studio 8
Louis Village
South Jane
M9 8BJ",Female,Greenhaven Acute & Specialist Care NHS Trust,Asian,China,British Citizen,Nursing,Senior Staff Nurse,Clinical Support Services,Occupational Therapy,6,47803,2025-07-03,2025-08-14,20.0,0.53,GMC,Bank,Suspended,TO514401,GK782490,2027-11-20,2027-07-09,2026-03-30,2027-08-04,2025-07-24
EMP0674,Rebecca,Pritchard,geoffrey25@example.com,2000-06-13,(029) 2018330,"Flat 1
Dennis Point
South Guyburgh
M7K 0LR",Male,Southgate Community & Mental Health NHS Trust,Black,Nigeria,ILR,Medical,GP,Clinical Support Services,Pharmacy,GP,106720,2026-03-24,2026-05-05,37.5,1.0,GMC,Bank,Suspended,YR397935,VO185013,2030-07-28,2028-07-20,2025-10-08,2027-06-22,2026-04-14
EMP0675,Tony,Riley,lauren86@example.org,1976-01-25,(028) 9018 0810,"97 Taylor Rapid
South Christine
W2 0YA",Female,Eastfield Psychological Services NHS Trust,Black,Barbados,Dependent,AHP,Pharmacist,Medicine & Acute Care,Haematology,5,37009,2021-07-28,2021-09-01,18.75,0.5,GMC,Fixed Term,On Leave,WF716507,ZR850839,2027-04-20,2029-10-31,2026-04-05,2027-03-27,2021-08-18
EMP0676,Benjamin,Sutton,victor92@example.com,1981-07-04,01134960632,"82 Rachel Junctions
Alifurt
N1B 9LU",Male,Westmere Community Health NHS Trust,Black,Kenya,ILR,Nursing,Senior Staff Nurse,Surgery & Cancer,Neurosurgery,6,54308,2017-01-10,2017-02-14,20.0,0.53,HCPC,Permanent,Inactive,GX280649,WE634698,2029-11-18,2027-09-08,2026-01-15,2027-09-10,2017-01-31
EMP0677,Joanne,Thornton,roy53@example.net,1993-02-09,+44(0)191 4960761,"9 Lewis Well
East Joshua
BR8 1AL",Male,Northshire University Hospitals NHS Trust,Asian,India,ILR,Nursing,Senior Staff Nurse,Surgery & Cancer,ENT Surgery,6,54204,2023-07-26,2023-08-30,20.0,0.53,None,Fixed Term,Active,MU657245,IR850384,2031-08-10,2027-12-12,2026-06-22,2027-04-29,2023-08-16
EMP0678,Lynne,Edwards,roger24@example.net,1969-05-30,+44(0)9098790887,"0 Barker Mission
Lake Joeview
WA97 7UZ",Female,Southgate Community & Mental Health NHS Trust,Mixed,Barbados,Skilled Worker,AHP,Radiographer,Corporate Services,Human Resources,6,51837,2021-11-20,2021-12-25,18.75,0.5,GMC,Fixed Term,Inactive,JI928780,MR009422,2031-08-29,2027-03-16,2026-08-06,2027-02-20,2021-12-11
EMP0679,Katie,Harvey,bwhittaker@example.org,1987-02-09,0117 496 0226,"7 Gavin Mill
Suttonville
N7 0RH",Male,Horizon Integrated Health Partnership NHS Trust,White,United States,ILR,AHP,Pharmacist,Emergency & Urgent Care,Emergency Department,5,41831,2018-11-30,2019-01-11,30.0,0.8,HCPC,Fixed Term,On Leave,LV853793,GC878465,2027-07-31,2027-02-16,2025-12-10,2027-05-09,2018-12-21
EMP0680,Arthur,Jackson,julian60@example.com,1987-02-08,(0808) 1570444,"Studio 50G
Mitchell Pines
Lake Rachelmouth
G5B 8YX",Male,Midlands Central Hospitals NHS Trust,Asian,China,British Citizen,Admin,Receptionist,Corporate Services,Communications,3,27402,2026-07-17,2026-08-28,30.0,0.8,HCPC,Bank,Inactive,XN154472,PL126682,2031-04-23,2029-07-17,2026-02-24,2027-05-30,2026-08-07
EMP0681,Bruce,Woods,csmith@example.org,1961-02-12,(029) 2018 0628,"3 Browne Trafficway
Smithville
IV32 2UF",Female,Bluewater Community & Rehabilitation NHS Trust,White,United Kingdom,Skilled Worker,Admin,Data Analyst,Corporate Services,Human Resources,8A,68536,2024-08-20,2024-10-01,15.0,0.4,None,Fixed Term,Active,ZX276787,MX221382,2027-09-03,2030-12-16,2026-03-05,2027-01-10,2024-09-10
EMP0682,Amy,Graham,dmartin@example.net,2000-08-03,+441174960118,"Studio 73S
Chapman Causeway
West Rachaelside
WA0 6JU",Male,Bluewater Community & Rehabilitation NHS Trust,Black,South Africa,ILR,Medical,Registrar,Surgery & Cancer,Colorectal Surgery,SPR,79237,2025-09-16,2025-10-14,18.75,0.5,NMC,Permanent,Inactive,CX786645,JD184057,2028-01-03,2027-09-04,2026-05-20,2027-03-16,2025-10-07
EMP0683,Jason,Hall,thargreaves@example.com,1968-03-01,(028) 9018937,"2 Vanessa Street
West Victoria
L9T 0WU",Male,Lakeside District Hospitals NHS Trust,Black,Jamaica,British Citizen,AHP,Occupational Therapist,Clinical Support Services,Pharmacy,6,49543,2026-02-11,2026-03-11,30.0,0.8,NMC,Permanent,Suspended,YP628238,BL270547,2030-09-05,2029-08-27,2026-07-03,2027-07-12,2026-03-04
EMP0684,Jake,Akhtar,xrogers@example.org,1973-12-18,(0909)8790621,"Flat 17
Rowley Garden
East Maureenshire
B37 4AX",Female,Eastfield Psychological Services NHS Trust,White,Australia,British Citizen,Nursing,Staff Nurse,Clinical Support Services,Physiotherapy,5,42831,2018-01-15,2018-02-12,37.5,1.0,GMC,Bank,Inactive,JW752588,MW705992,2028-02-26,2027-06-28,2026-05-07,2027-01-24,2018-02-05
EMP0685,Leonard,Bradley,allanphillips@example.com,2000-07-24,+441632960959,"845 Matthews Hill
Staceyberg
MK8 1WR",Male,Southgate Community & Mental Health NHS Trust,Mixed,Jamaica,ILR,Medical,SHO,Women & Children,Paediatrics,SHO,46470,2020-05-16,2020-06-27,18.75,0.5,GMC,Permanent,Inactive,NE626426,RT122159,2030-04-11,2029-02-19,2025-12-20,2027-07-03,2020-06-06
EMP0686,Phillip,Spencer,carolward@example.org,1995-12-12,01134960566,"Studio 1
Christine Cliff
Rosechester
PH6 2SB",Female,Valleyview Mental Wellness NHS Trust,Asian,India,British Citizen,Nursing,Charge Nurse,Women & Children,Obstetrics,7,60256,2026-03-06,2026-04-03,30.0,0.8,None,Permanent,Suspended,LK308563,JS624070,2031-04-27,2027-12-12,2025-10-01,2026-09-18,2026-03-27
EMP0687,Ian,Owen,jwilson@example.org,1990-12-26,+44(0)1154960344,"Studio 29
Lewis Mission
Metcalfeland
HX6 7QG",Male,Lakeside District Hospitals NHS Trust,White,United Kingdom,Dependent,Medical,FY1/FY2,Emergency & Urgent Care,Emergency Department,FY1,41310,2026-06-03,2026-07-08,37.5,1.0,None,Permanent,Inactive,OF855615,CW478171,2031-06-07,2027-09-22,2025-12-17,2027-03-28,2026-06-24
EMP0688,James,Price,sstephens@example.org,1992-02-07,(020) 74960371,"Studio 2
Hilary Square
Port Maria
E28 1LU",Male,Southvale Hospitals NHS Trust,Black,Barbados,Dependent,Nursing,Staff Nurse,Critical Care & Anaesthesia,Pain Management,5,42697,2020-05-19,2020-06-30,37.5,1.0,None,Permanent,Inactive,UR226004,FZ589006,2029-02-23,2030-11-14,2025-12-17,2026-11-25,2020-06-09
EMP0689,Caroline,Davies,chelseamurray@example.com,1986-05-07,+44131 4960964,"4 Harriet Gateway
Marilynview
GY3 4TQ",Female,Bluewater Community & Rehabilitation NHS Trust,Asian,Thailand,ILR,AHP,Occupational Therapist,Emergency & Urgent Care,Minor Injuries Unit,6,48890,2021-02-12,2021-03-19,18.75,0.5,None,Fixed Term,On Leave,IE139070,GU831290,2030-05-11,2027-01-31,2026-07-03,2027-03-01,2021-03-05
EMP0690,Vincent,Bird,oarnold@example.net,1977-01-06,(028) 9018 0191,"28 Neil Parkways
Stephaniefort
M89 1PN",Female,Hillcrest Medical Centres NHS Trust,Asian,India,ILR,Medical,GP,Surgery & Cancer,Colorectal Surgery,GP,116797,2024-04-27,2024-06-01,18.75,0.5,HCPC,Permanent,Suspended,OQ147414,LN576205,2027-03-12,2029-11-04,2026-05-30,2027-03-15,2024-05-18
EMP0691,Harry,Evans,pfletcher@example.net,1994-04-11,(0117) 496 0541,"Flat 3
Nicholls Track
Gordonland
BT2R 1LL",Female,Riverside Integrated Care NHS Trust,Asian,Japan,British Citizen,Nursing,Charge Nurse,Critical Care & Anaesthesia,Intensive Care Unit,7,57305,2017-04-08,2017-05-20,15.0,0.4,None,Bank,Inactive,SR839765,BM870339,2027-01-03,2030-04-08,2026-03-20,2026-10-01,2017-04-29
EMP0692,Hugh,Alexander,mooresally@example.com,1988-09-30,0113 496 0062,"660 Elaine Green
Francescaberg
E98 0EL",Male,Westborough Acute Care NHS Trust,Asian,India,ILR,Medical,Registrar,Clinical Support Services,Pharmacy,SPR,66127,2026-05-21,2026-06-25,18.75,0.5,HCPC,Bank,On Leave,YR193238,KD855756,2029-11-21,2028-03-02,2026-01-04,2027-07-10,2026-06-11
EMP0693,Hollie,Reeves,uahmed@example.com,1965-01-13,0141 4960861,"Flat 0
Mark Forks
North Leestad
S4E 1LN",Male,Greenhaven Acute & Specialist Care NHS Trust,White,United Kingdom,Skilled Worker,AHP,Radiographer,Corporate Services,Finance,6,50161,2016-12-10,2017-01-07,37.5,1.0,HCPC,Fixed Term,On Leave,UN711123,EF388390,2031-01-07,2031-04-19,2026-02-25,2027-08-23,2016-12-31
EMP0694,Scott,Wilkinson,nhoward@example.net,1999-05-15,+44(0)29 2018581,"2 Kayleigh Point
Walkerbury
EH7V 9PB",Female,Southvale Hospitals NHS Trust,Mixed,China,Skilled Worker,Admin,Receptionist,Surgery & Cancer,ENT Surgery,3,29877,2026-02-12,2026-03-19,18.75,0.5,GMC,Permanent,On Leave,RA971716,YW426969,2030-03-09,2029-06-09,2026-03-26,2027-05-13,2026-03-05
EMP0695,Gail,Schofield,alees@example.com,2004-03-05,(0113)4960008,"760 Henry Stream
Nicolebury
M44 3WY",Female,Greenhaven Acute & Specialist Care NHS Trust,Black,Trinidad and Tobago,Dependent,Admin,Data Analyst,Critical Care & Anaesthesia,Anaesthesia,8A,55974,2019-09-05,2019-10-17,30.0,0.8,HCPC,Permanent,Active,YI864074,AL374132,2031-03-25,2030-03-10,2026-09-09,2026-11-18,2019-09-26
EMP0696,Julie,Briggs,glenn35@example.com,1981-10-28,(0151) 496 0038,"8 Patel Knoll
East Hilary
S60 0NA",Male,Hillcrest Medical Centres NHS Trust,Mixed,India,ILR,Nursing,Charge Nurse,Medicine & Acute Care,Infectious Diseases,7,55838,2023-08-03,2023-09-07,18.75,0.5,NMC,Permanent,Suspended,DD727424,LY103822,2030-01-25,2027-07-02,2026-08-03,2026-10-10,2023-08-24
EMP0697,Steven,Booth,qthompson@example.org,1988-04-06,0113 496 0236,"5 Taylor Passage
Clareborough
CM5 0PL",Female,Northshire University Hospitals NHS Trust,Black,Nigeria,ILR,Medical,Consultant,Emergency & Urgent Care,Minor Injuries Unit,CONS,98338,2024-11-08,2024-12-06,37.5,1.0,NMC,Fixed Term,Suspended,OS919457,NL985311,2026-10-04,2031-05-14,2026-05-28,2027-01-22,2024-11-29
EMP0698,Ricky,Hartley,daviescallum@example.net,1992-05-04,+44118 496 0702,"Studio 7
Catherine Hollow
Dannystad
B7 4XN",Female,Meadowbrook Community Health NHS Trust,White,United Kingdom,British Citizen,Nursing,Senior Staff Nurse,Clinical Support Services,Pharmacy,6,50059,2021-12-24,2022-02-04,30.0,0.8,NMC,Bank,Suspended,BM850287,MY425008,2029-02-09,2030-05-16,2026-06-30,2027-07-22,2022-01-14
EMP0699,Jade,Wheeler,carternicole@example.net,2001-01-19,(0116)4960724,"94 Collins Forks
South Carl
ML47 4BB",Male,Westborough Acute Care NHS Trust,Mixed,United States,ILR,Medical,FY1/FY2,Women & Children,Paediatrics,FY1,41845,2018-01-04,2018-02-01,15.0,0.4,None,Fixed Term,Suspended,AD453623,ZW510752,2027-09-08,2029-07-11,2026-06-17,2027-06-13,2018-01-25
EMP0700,Joanne,Talbot,liam32@example.org,2007-01-20,+44(0)1414960670,"26 Mitchell Estate
East Ericmouth
SY7E 3BE",Male,Northwood Mental Health NHS Trust,White,United Kingdom,Skilled Worker,Nursing,Ward Manager,Emergency & Urgent Care,Minor Injuries Unit,8A,62680,2017-02-05,2017-03-19,20.0,0.53,NMC,Permanent,Inactive,WI175040,XU914640,2030-05-23,2030-01-31,2025-12-03,2027-01-12,2017-02-26
EMP0701,Gareth,Parkes,kaurbenjamin@example.org,1971-06-25,+44121 4960976,"064 Denis Forest
Jacksonport
TR02 0FL",Male,Southgate Community & Mental Health NHS Trust,White,New Zealand,ILR,Nursing,Nursery Nurse,Surgery & Cancer,Colorectal Surgery,2,27052,2019-07-14,2019-08-11,18.75,0.5,HCPC,Permanent,Inactive,CW998129,JT030331,2031-02-08,2027-06-29,2026-04-06,2027-09-07,2019-08-04
EMP0702,Nigel,Gordon,sian78@example.org,1991-07-16,0116 4960223,"Flat 2
Cooper Trail
Youngfurt
WS8N 5PY",Female,Valleyview Mental Wellness NHS Trust,Black,Jamaica,Skilled Worker,AHP,Physiotherapist,Surgery & Cancer,ENT Surgery,6,44240,2024-06-04,2024-07-02,20.0,0.53,None,Bank,Inactive,CF330909,AT723584,2029-05-15,2029-04-04,2025-11-16,2027-08-29,2024-06-25
EMP0703,Samuel,Nicholls,donnapatel@example.org,2002-08-12,01614960978,"399 Lynch Greens
Elliottville
M44 0RY",Female,Midlands Central Hospitals NHS Trust,White,United States,ILR,Admin,Administrator,Corporate Services,Facilities Management,3,30630,2022-01-27,2022-02-24,20.0,0.53,NMC,Fixed Term,Inactive,RI315649,NN288443,2029-03-31,2029-02-06,2026-03-30,2026-12-09,2022-02-17
EMP0704,Nicholas,Smith,naomi73@example.net,1961-02-03,(0909) 8790298,"12 Gavin Junction
Jacksonmouth
OX81 0YQ",Female,Eastmoor Teaching Hospitals NHS Trust,White,Canada,British Citizen,Nursing,Staff Nurse,Medicine & Acute Care,Neurology,5,39087,2022-12-22,2023-01-26,15.0,0.4,NMC,Permanent,Suspended,JA008216,DZ579721,2031-01-11,2030-11-03,2026-05-27,2026-10-24,2023-01-12
EMP0705,Hazel,James,karen69@example.org,1972-12-01,+448081570248,"8 Marc Mission
South Patrickshire
G0C 7NY",Female,Eastfield Psychological Services NHS Trust,White,Canada,Dependent,Nursing,Senior Staff Nurse,Corporate Services,Facilities Management,6,50808,2017-11-03,2017-12-08,37.5,1.0,GMC,Permanent,Inactive,AW592391,PR540827,2027-01-18,2029-08-12,2025-11-16,2027-04-28,2017-11-24
EMP0706,Malcolm,Webb,rosswhite@example.org,1970-04-22,+44289018450,"6 Ricky Port
Lake Staceybury
TA0 5EU",Male,Eastfield Psychological Services NHS Trust,White,United Kingdom,Dependent,Admin,Data Analyst,Critical Care & Anaesthesia,Anaesthesia,8A,63547,2026-01-08,2026-02-12,37.5,1.0,None,Permanent,On Leave,SU728345,ZR828421,2027-12-30,2027-02-07,2026-07-30,2026-11-24,2026-01-29
EMP0707,Catherine,Anderson,helengriffin@example.org,2000-09-17,0306 999 0765,"Studio 56
Alan Coves
Wattsshire
SE52 8LE",Female,Northwood Mental Health NHS Trust,Asian,Japan,Skilled Worker,Nursing,Ward Manager,Surgery & Cancer,ENT Surgery,8A,57243,2022-12-21,2023-02-01,30.0,0.8,GMC,Permanent,On Leave,LY444604,AF473928,2028-04-14,2027-07-24,2025-11-12,2027-07-15,2023-01-11
EMP0708,Abdul,Morris,harrymcdonald@example.net,1974-06-01,+44(0)1184960873,"Flat 98a
Brenda Corner
West Benjaminton
NR41 6LH",Female,Valleyview Mental Wellness NHS Trust,Asian,Thailand,ILR,Admin,Medical Secretary,Corporate Services,Communications,4,31397,2021-12-11,2022-01-22,30.0,0.8,NMC,Bank,Active,VI993617,YJ403229,2028-03-09,2030-03-15,2026-07-13,2026-12-19,2022-01-01
EMP0709,Christine,Morris,terrycooke@example.com,1993-06-14,0808 1570264,"29 Mary Avenue
Zoestad
NR64 0GE",Male,Eastfield Psychological Services NHS Trust,Black,Trinidad and Tobago,ILR,Admin,Medical Secretary,Medicine & Acute Care,Oncology,4,32460,2019-05-08,2019-06-05,15.0,0.4,NMC,Bank,Active,ZP156772,WG643353,2030-11-18,2028-05-05,2026-04-03,2027-05-21,2019-05-29
EMP0710,Marion,Marsden,jbarnes@example.net,1975-12-03,+44(0)1184960260,"911 Johnston Dale
West Jasmine
E7J 9DF",Male,Westmere Community Health NHS Trust,White,Canada,ILR,Admin,Data Analyst,Emergency & Urgent Care,Minor Injuries Unit,8A,58427,2021-01-06,2021-02-10,15.0,0.4,HCPC,Bank,Suspended,XF024866,KK691114,2030-01-17,2026-09-21,2026-08-04,2027-02-18,2021-01-27
EMP0711,Amy,Smith,lesleylloyd@example.org,1964-05-28,+44117 496 0865,"9 Bryant Springs
Simpsonborough
CF8H 6PT",Female,Eastfield Psychological Services NHS Trust,Mixed,Kenya,British Citizen,AHP,Physiotherapist,Critical Care & Anaesthesia,Intensive Care Unit,6,54523,2024-05-04,2024-06-08,15.0,0.4,NMC,Permanent,On Leave,FW398042,HA134612,2026-10-22,2027-03-06,2026-08-08,2027-03-15,2024-05-25
EMP0712,Jeffrey,Graham,sparkes@example.net,1963-05-24,0131 496 0532,"5 Ashley Path
South Brandon
M86 9LE",Male,Greenhaven Acute & Specialist Care NHS Trust,Asian,Japan,Skilled Worker,Medical,Consultant,Surgery & Cancer,Breast Surgery,CONS,138839,2024-08-01,2024-08-29,20.0,0.53,HCPC,Bank,On Leave,SP787509,UW040839,2026-10-02,2030-10-09,2025-12-19,2027-06-25,2024-08-22
EMP0713,Mandy,Grant,pamelasingh@example.org,1965-10-28,0151 4960436,"3 Eric Forks
North Geoffreybury
SL54 0NJ",Male,Northwood Mental Health NHS Trust,White,Australia,British Citizen,Medical,FY1/FY2,Women & Children,Paediatrics,FY1,41900,2016-09-21,2016-11-02,37.5,1.0,GMC,Bank,On Leave,BJ395472,WI812222,2027-03-01,2027-08-25,2026-07-02,2027-01-14,2016-10-12
EMP0714,Dawn,Booth,edwardchamberlain@example.com,1982-02-02,+44131 4960226,"Studio 91i
Charles Keys
Naomiberg
N6H 3BF",Female,Northshire University Hospitals NHS Trust,Asian,China,Dependent,Medical,Registrar,Corporate Services,Finance,SPR,74490,2021-10-13,2021-11-17,15.0,0.4,HCPC,Fixed Term,Suspended,LT620506,XZ558368,2028-11-11,2027-02-19,2025-12-02,2027-09-09,2021-11-03
EMP0715,Aimee,Wilson,hillnaomi@example.org,1968-06-24,(029) 2018313,"Studio 02
Christine Island
North Susanmouth
N9 3SY",Male,Oakridge Community Services NHS Trust,Asian,China,ILR,Nursing,Nursery Nurse,Clinical Support Services,Pharmacy,2,24362,2018-11-11,2018-12-16,20.0,0.53,GMC,Permanent,Active,DA439671,MT574874,2029-01-17,2031-05-18,2025-09-16,2027-05-13,2018-12-02
EMP0716,Lynda,Thomson,fwood@example.net,1987-01-10,(0114) 4960756,"Studio 1
Sean Circles
Stewartview
RG0 0QB",Female,Northwood Mental Health NHS Trust,Black,South Africa,ILR,Admin,Medical Secretary,Emergency & Urgent Care,Urgent Care,4,36080,2026-08-17,2026-09-21,20.0,0.53,None,Bank,Suspended,CB038016,MZ675770,2028-07-26,2028-01-24,2026-02-14,2027-06-09,2026-09-07
EMP0717,Max,Lewis,williamsjamie@example.net,1972-01-22,+44(0)141 4960206,"Studio 26p
Katie Forge
Lake Leahberg
NN58 6RQ",Female,Midlands Central Hospitals NHS Trust,Asian,China,British Citizen,Admin,Medical Secretary,Critical Care & Anaesthesia,Pain Management,4,35811,2024-04-02,2024-05-14,30.0,0.8,GMC,Fixed Term,Inactive,CY083201,PZ267764,2026-10-02,2030-09-11,2026-08-06,2027-05-26,2024-04-23
EMP0718,Rosie,Williams,albert95@example.net,1992-05-03,+44(0)1614960360,"Studio 21m
Jodie Road
South Martin
WN5 3TT",Male,Riverbank General Hospitals NHS Trust,White,Canada,Dependent,Nursing,Senior Staff Nurse,Emergency & Urgent Care,Urgent Care,6,52796,2019-03-14,2019-04-11,15.0,0.4,GMC,Permanent,Suspended,NS635175,EX823146,2027-11-18,2030-06-07,2026-04-05,2027-01-12,2019-04-04
EMP0719,Terry,Thomas,brendabrown@example.org,1982-07-12,+44(0)808 157 0573,"9 Ann Hills
South Abbiebury
W16 8QZ",Male,Horizon Integrated Health Partnership NHS Trust,Asian,Thailand,Skilled Worker,Medical,GP,Surgery & Cancer,General Surgery,GP,107553,2020-12-19,2021-01-16,15.0,0.4,HCPC,Fixed Term,Suspended,BE710157,TK850756,2029-02-27,2029-12-30,2025-10-04,2027-07-20,2021-01-09
EMP0720,Derek,Chapman,graham61@example.net,1994-04-06,+44151 496 0113,"Flat 36a
Kaur Harbors
Edwardsshire
S0A 6QP",Female,Westmere Community Health NHS Trust,Asian,China,ILR,AHP,Physiotherapist,Medicine & Acute Care,Cardiology,6,44305,2017-08-28,2017-10-02,30.0,0.8,GMC,Permanent,Active,JL926229,UW024804,2028-02-06,2027-10-28,2026-01-28,2027-09-03,2017-09-18
EMP0721,James,Williams,sallyrichards@example.com,1984-06-16,01314960970,"3 Anthony Circle
New Christopherville
YO70 0LN",Male,Horizon Integrated Health Partnership NHS Trust,Black,Jamaica,ILR,Nursing,Ward Manager,Surgery & Cancer,General Surgery,8A,56753,2025-10-02,2025-11-13,30.0,0.8,GMC,Fixed Term,On Leave,WL877526,PA868388,2027-05-01,2028-07-12,2026-07-19,2027-07-27,2025-10-23
EMP0722,Brian,Cooper,sinclairemily@example.net,1963-08-14,(0909)8790422,"Flat 7
Karl Bridge
Turnerton
SP9 8LY",Female,Northwood Mental Health NHS Trust,White,United Kingdom,ILR,Nursing,Ward Manager,Emergency & Urgent Care,Minor Injuries Unit,8A,62778,2018-08-24,2018-09-21,30.0,0.8,HCPC,Permanent,Suspended,KX295587,UX587897,2027-12-15,2030-02-25,2026-04-12,2026-12-27,2018-09-14
EMP0723,Andrea,Jackson,froberts@example.net,1973-12-27,+44(0)131 4960151,"Studio 88G
Holly Springs
Laurentown
CV0 0HY",Female,Northwood Mental Health NHS Trust,White,Australia,ILR,Nursing,Healthcare Assistant,Emergency & Urgent Care,Ambulance Services,2,26298,2016-11-25,2017-01-06,37.5,1.0,NMC,Fixed Term,On Leave,YV122895,PT703944,2027-04-03,2029-02-23,2026-02-15,2026-09-18,2016-12-16
EMP0724,Timothy,Davison,ebrown@example.net,1985-08-06,+44141 4960629,"35 Williamson Views
West Jeremy
SP83 6YG",Male,Westborough Acute Care NHS Trust,Mixed,Nigeria,ILR,Nursing,Charge Nurse,Clinical Support Services,Pharmacy,7,56792,2017-12-16,2018-01-27,20.0,0.53,None,Permanent,Inactive,LV089014,SC124516,2029-02-05,2031-01-31,2026-01-14,2027-04-04,2018-01-06
EMP0725,Jessica,Collins,nigel23@example.net,2006-06-20,(0151) 496 0086,"36 Raymond Forest
Miahshire
N3 5TU",Male,Bluewater Community & Rehabilitation NHS Trust,White,United States,Skilled Worker,Nursing,Ward Manager,Corporate Services,Finance,8A,68682,2025-05-21,2025-06-18,30.0,0.8,GMC,Permanent,Suspended,RH073327,SI622387,2027-04-09,2026-12-04,2026-02-11,2027-09-02,2025-06-11
EMP0726,Gary,Smith,smithlynn@example.net,2008-06-30,0161 496 0076,"Flat 82
Clarke Passage
Butlerhaven
FK1B 0ZF",Female,Horizon Integrated Health Partnership NHS Trust,Asian,China,Skilled Worker,Admin,Data Analyst,Women & Children,Obstetrics,8A,64103,2023-01-15,2023-02-19,20.0,0.53,HCPC,Bank,On Leave,LM895939,CS615470,2029-07-12,2029-09-22,2026-06-17,2027-09-09,2023-02-05
EMP0727,Ronald,Harris,thompsonangela@example.com,2002-08-06,(0114)4960573,"Flat 73
Adam Summit
Junebury
M32 6RW",Male,Oakridge Community Services NHS Trust,Black,Ghana,British Citizen,Medical,GP,Surgery & Cancer,Orthopaedics,GP,110036,2026-01-08,2026-02-19,15.0,0.4,None,Fixed Term,Inactive,AH209890,XM136571,2026-11-30,2027-08-29,2025-12-06,2027-04-22,2026-01-29
EMP0728,Conor,Ferguson,garethsmith@example.com,1993-07-04,+44(0)116 496 0347,"Flat 4
Colin Port
South Trevor
N1W 8QB",Male,Greenhaven Acute & Specialist Care NHS Trust,White,New Zealand,Skilled Worker,Medical,GP,Critical Care & Anaesthesia,Pain Management,GP,93494,2025-12-17,2026-01-14,37.5,1.0,None,Bank,Inactive,HM023497,BZ105642,2028-11-17,2027-01-23,2026-04-26,2027-08-16,2026-01-07
EMP0729,Tina,Collins,kieran47@example.org,2002-05-07,+441632960095,"241 Flynn Brooks
Barrymouth
CB0M 7ZF",Male,Southvale Hospitals NHS Trust,Asian,India,ILR,Admin,Medical Secretary,Medicine & Acute Care,Cardiology,4,33060,2022-08-07,2022-09-04,20.0,0.53,NMC,Fixed Term,Active,BH435904,VT436742,2029-05-29,2027-11-11,2026-01-06,2027-03-26,2022-08-28
EMP0730,Allan,Morris,opearson@example.com,1968-05-20,+44(0)909 879 0087,"Flat 1
Declan Branch
New Denis
N38 0AE",Male,Bluewater Community & Rehabilitation NHS Trust,Mixed,New Zealand,Dependent,Medical,SHO,Clinical Support Services,Pharmacy,SHO,49652,2023-08-30,2023-10-11,20.0,0.53,NMC,Bank,Active,LZ313371,YK853136,2030-08-27,2029-02-14,2026-06-10,2027-07-13,2023-09-20
EMP0731,Leigh,Lee,damienbray@example.org,1966-01-01,+44(0)161 4960975,"Studio 78V
Lees Squares
West Rogerland
CV43 7LE",Female,Eastfield Psychological Services NHS Trust,Asian,Thailand,ILR,Admin,Data Analyst,Emergency & Urgent Care,Ambulance Services,8A,67153,2017-03-02,2017-03-30,37.5,1.0,GMC,Fixed Term,Active,BE633170,AO846000,2031-01-19,2027-02-03,2025-09-14,2026-11-08,2017-03-23
EMP0732,Billy,Saunders,vdixon@example.com,1978-01-15,+44121 4960314,"Studio 32
Ward Cove
North Tracey
TR6 1TZ",Male,Greenhaven Acute & Specialist Care NHS Trust,Black,Nigeria,ILR,AHP,Pharmacist,Corporate Services,Communications,5,37786,2017-06-19,2017-07-17,20.0,0.53,None,Permanent,Suspended,JW824318,CQ535156,2028-03-28,2028-09-30,2025-10-03,2027-01-19,2017-07-10
EMP0733,Samuel,Wells,elliottmorris@example.net,2000-05-06,01614960199,"284 Morgan Lakes
Vanessaborough
BS06 2BX",Male,Lakeside District Hospitals NHS Trust,Mixed,Ghana,Dependent,Medical,SHO,Women & Children,Gynaecology,SHO,56985,2020-10-02,2020-11-13,18.75,0.5,GMC,Fixed Term,Suspended,TP045847,VX958400,2027-03-07,2029-07-06,2026-04-18,2027-07-25,2020-10-23
EMP0734,Shannon,Smith,allentom@example.com,1992-08-15,+441214960336,"Flat 6
Andrea Groves
Lynnebury
WN49 6UT",Female,Southgate Community & Mental Health NHS Trust,Black,Barbados,Skilled Worker,AHP,Physiologist,Critical Care & Anaesthesia,Anaesthesia,6,47696,2025-06-26,2025-07-24,20.0,0.53,None,Permanent,Active,NC798588,YM849279,2030-05-29,2030-06-08,2026-09-01,2026-12-31,2025-07-17
EMP0735,Conor,Mitchell,millerpaige@example.com,1994-08-15,(0808) 157 0861,"2 Cameron Trace
South Elliot
HP6A 1FN",Female,Meadowbrook Community Health NHS Trust,Black,Ghana,British Citizen,Admin,Medical Secretary,Critical Care & Anaesthesia,Anaesthesia,4,37025,2022-05-20,2022-07-01,15.0,0.4,HCPC,Bank,Inactive,FH837703,HF533992,2031-07-14,2026-10-21,2025-10-24,2026-12-25,2022-06-10
EMP0736,Joanna,Jones,donna40@example.org,1968-03-22,(0161) 496 0438,"08 Andrews Ramp
Denisberg
S1 4NL",Female,Northwood Mental Health NHS Trust,White,United States,British Citizen,Admin,Medical Secretary,Medicine & Acute Care,Acute Medicine,4,37000,2018-11-06,2018-12-11,18.75,0.5,GMC,Fixed Term,Active,DP388017,TB571787,2027-04-16,2031-04-10,2025-09-29,2026-12-23,2018-11-27
EMP0737,Carol,Brookes,gstephenson@example.com,2005-03-26,020 74960364,"73 Gavin Walks
Valeriebury
BN2 2ZQ",Female,Broadfield Clinical Services NHS Trust,White,New Zealand,ILR,AHP,Radiographer,Medicine & Acute Care,Dermatology,6,46330,2018-08-05,2018-09-16,30.0,0.8,GMC,Permanent,Suspended,AZ718118,PI740975,2030-01-02,2028-02-20,2026-07-18,2027-08-08,2018-08-26
EMP0738,Sophie,Henderson,brenda14@example.net,1982-09-04,020 7946 0750,"Studio 53
Frank Landing
East Sally
B2H 0QL",Male,Broadfield Clinical Services NHS Trust,White,Australia,British Citizen,Admin,Medical Secretary,Women & Children,Obstetrics,4,32051,2025-08-02,2025-09-13,20.0,0.53,NMC,Permanent,Inactive,VB675853,HE837562,2030-11-02,2029-10-18,2025-12-22,2026-11-17,2025-08-23
EMP0739,Samuel,Reed,pattersonmandy@example.net,1973-07-30,+44(0)1414960227,"Flat 26
Jay Underpass
South Patriciastad
B77 3UB",Female,Riverbank General Hospitals NHS Trust,White,United States,ILR,Admin,Medical Secretary,Women & Children,Gynaecology,4,32942,2025-03-23,2025-04-27,37.5,1.0,None,Permanent,Suspended,SE623800,WQ463189,2030-11-30,2031-04-11,2026-05-08,2027-06-10,2025-04-13
EMP0740,Pamela,Bennett,doddsamuel@example.org,2001-07-28,+44115 496 0253,"89 Wright Place
Port Carly
N48 7YT",Male,Horizon Integrated Health Partnership NHS Trust,White,United States,British Citizen,Admin,Administrator,Surgery & Cancer,ENT Surgery,3,26475,2025-05-01,2025-06-12,15.0,0.4,NMC,Fixed Term,Active,VX804759,ND854771,2030-03-06,2031-06-14,2026-08-20,2027-05-28,2025-05-22
EMP0741,Craig,Chan,aimeesharp@example.org,1996-07-20,0117 4960041,"64 Weston Common
East Rosie
MK42 4YS",Male,Greenhaven Acute & Specialist Care NHS Trust,Asian,India,Dependent,Medical,GP,Corporate Services,Facilities Management,GP,93244,2016-10-22,2016-11-19,20.0,0.53,NMC,Bank,Suspended,ZL215864,CZ484812,2029-04-04,2031-09-08,2026-02-04,2027-01-10,2016-11-12
EMP0742,Reece,Robinson,gholland@example.net,1968-09-09,02074960607,"Studio 2
Young Route
Port Jill
CR7X 2PQ",Female,Northshire University Hospitals NHS Trust,Black,South Africa,Dependent,Nursing,Charge Nurse,Surgery & Cancer,General Surgery,7,62030,2018-05-20,2018-06-24,30.0,0.8,HCPC,Permanent,Active,UY992171,PD941287,2026-10-12,2027-06-16,2026-03-12,2026-10-22,2018-06-10
EMP0743,Martyn,Davies,normanangela@example.org,1994-03-24,(0141) 4960382,"51 Holly Knoll
Clementsville
L3S 3UL",Female,Riverbank General Hospitals NHS Trust,Asian,Thailand,Dependent,Medical,SHO,Corporate Services,Facilities Management,SHO,56513,2026-04-03,2026-05-15,37.5,1.0,None,Fixed Term,Suspended,SP549433,BG854597,2027-02-11,2031-02-18,2026-04-14,2026-11-28,2026-04-24
EMP0744,Max,Hayward,thompsonmelissa@example.com,1989-06-05,+44(0)1614960374,"Studio 9
Dickinson View
Nigelhaven
CB8 0RQ",Male,Riverside Integrated Care NHS Trust,White,Canada,ILR,Medical,SHO,Corporate Services,Communications,SHO,58262,2026-09-04,2026-10-16,20.0,0.53,GMC,Bank,Inactive,GM236341,AL966890,2027-07-13,2030-01-13,2025-11-18,2027-02-24,2026-09-25
EMP0745,James,Wright,jpatel@example.org,1988-10-21,+4420 74960780,"Studio 58
Russell Pines
Ericborough
WC4 4LN",Female,Bluewater Community & Rehabilitation NHS Trust,Asian,China,Skilled Worker,Medical,SHO,Medicine & Acute Care,Haematology,SHO,49811,2020-03-13,2020-04-24,37.5,1.0,None,Permanent,On Leave,WG660830,KL262519,2030-01-27,2031-08-25,2025-10-21,2027-08-17,2020-04-03
EMP0746,Abigail,Walker,rclark@example.com,1993-01-17,02074960249,"Studio 88
Callum Roads
Edwardbury
B3U 4ZU",Female,Meadowbrook Community Health NHS Trust,Black,Jamaica,British Citizen,AHP,Radiographer,Clinical Support Services,Radiology,6,48469,2022-04-04,2022-05-02,15.0,0.4,NMC,Bank,Active,GT234344,HQ986075,2028-07-19,2030-03-04,2026-05-24,2027-09-02,2022-04-25
EMP0747,Daniel,Campbell,kcooper@example.com,1963-08-13,+44(0)1914960770,"428 Leigh Ways
Lake Kerryport
BS13 7ET",Female,Lakeside District Hospitals NHS Trust,Mixed,Canada,British Citizen,Medical,FY1/FY2,Emergency & Urgent Care,Minor Injuries Unit,FY1,38141,2026-03-24,2026-04-21,20.0,0.53,HCPC,Permanent,Active,KW918279,AJ974522,2029-02-11,2029-07-24,2026-01-12,2026-10-02,2026-04-14
EMP0748,Shane,Ross,robertsnatalie@example.net,1988-09-29,+44(0)808 1570457,"Studio 32
Sanders Trace
New Katy
SE6 4ZF",Female,Eastfield Psychological Services NHS Trust,Mixed,United Kingdom,Skilled Worker,Nursing,Charge Nurse,Surgery & Cancer,Breast Surgery,7,59123,2022-12-09,2023-01-06,20.0,0.53,GMC,Fixed Term,Inactive,EZ039819,CL660680,2027-07-09,2027-06-04,2026-07-20,2027-01-30,2022-12-30
EMP0749,Jane,Ahmed,geoffrey29@example.org,1971-06-07,+441614960183,"48 Abbott Brook
West Zoe
E62 0ER",Male,Riverside Integrated Care NHS Trust,Mixed,Kenya,Skilled Worker,Medical,Consultant,Corporate Services,Human Resources,CONS,103958,2020-06-13,2020-07-11,20.0,0.53,HCPC,Permanent,Inactive,FH005725,ED830875,2029-05-30,2027-04-13,2025-10-09,2026-09-22,2020-07-04
EMP0750,Sandra,Anderson,scotthughes@example.com,2005-06-07,+441134960103,"Studio 88o
Begum Center
Lake Shauntown
NN0A 2AQ",Female,Meadowbrook Community Health NHS Trust,Black,Jamaica,ILR,AHP,Occupational Therapist,Clinical Support Services,Radiology,6,54372,2020-03-20,2020-05-01,15.0,0.4,GMC,Bank,Active,IQ599945,TC461178,2031-07-19,2031-04-02,2026-03-22,2026-12-13,2020-04-10
EMP0751,Michael,Miller,sara49@example.org,1967-01-29,02074960235,"9 Walker Turnpike
Whitestad
SK2 7UU",Male,Eastmoor Teaching Hospitals NHS Trust,Asian,Japan,Dependent,AHP,Radiographer,Emergency & Urgent Care,Minor Injuries Unit,6,48715,2019-11-23,2019-12-28,15.0,0.4,NMC,Fixed Term,Suspended,OQ332830,PK541683,2029-12-02,2029-11-15,2025-11-27,2027-04-20,2019-12-14
EMP0752,Danielle,Hunt,nigel63@example.com,1968-10-23,02074960945,"80 Suzanne Hollow
Sallystad
N4A 1JS",Male,Westmere Community Health NHS Trust,Asian,Thailand,ILR,Medical,Registrar,Emergency & Urgent Care,Emergency Department,SPR,81436,2017-08-23,2017-10-04,18.75,0.5,GMC,Fixed Term,Suspended,EM981307,RQ062079,2029-04-27,2027-11-02,2026-04-05,2027-04-14,2017-09-13
EMP0753,Emma,Hewitt,jharvey@example.org,1982-07-09,+44118 496 0608,"7 Birch Manors
Alihaven
TR9R 8AQ",Male,Southvale Hospitals NHS Trust,Mixed,Trinidad and Tobago,ILR,AHP,Pharmacist,Clinical Support Services,Radiology,5,39399,2023-07-30,2023-08-27,20.0,0.53,NMC,Bank,On Leave,LG891686,FH795756,2028-11-08,2030-07-16,2026-03-25,2027-01-28,2023-08-20
EMP0754,Jay,Saunders,nbennett@example.net,2007-07-23,029 2018338,"Flat 99a
Brown Loaf
Patelchester
E0E 5WS",Male,Valleyview Mental Wellness NHS Trust,Mixed,Ghana,Dependent,AHP,Pharmacist,Medicine & Acute Care,General Surgery,5,42820,2018-07-24,2018-08-28,15.0,0.4,HCPC,Fixed Term,On Leave,HY753176,ML872983,2027-07-03,2026-12-28,2026-07-26,2027-03-02,2018-08-14
EMP0755,Natalie,Mistry,diana59@example.net,1997-02-12,+44306 999 0816,"Studio 95N
Brenda Prairie
West Joe
B54 9RW",Male,Midlands Central Hospitals NHS Trust,Asian,Japan,British Citizen,Nursing,Charge Nurse,Corporate Services,IT Support,7,55032,2018-04-25,2018-05-30,20.0,0.53,GMC,Bank,On Leave,RU026118,AF073919,2031-05-10,2028-01-27,2026-08-09,2027-06-28,2018-05-16
EMP0756,Chloe,White,lee78@example.com,1964-04-24,0306 999 0643,"53 Karl Knoll
Port Rachelmouth
CB1W 3QU",Female,Hillcrest Medical Centres NHS Trust,White,United States,Skilled Worker,Medical,SHO,Emergency & Urgent Care,Ambulance Services,SHO,45617,2018-10-12,2018-11-16,20.0,0.53,HCPC,Bank,Suspended,LD409151,KS596998,2030-06-13,2031-02-23,2026-07-26,2027-06-01,2018-11-02
EMP0757,Robin,Storey,melissa63@example.net,1988-08-31,(0117) 496 0762,"Studio 20
Naomi Parkway
Port Fiona
M3 9QY",Female,Oakridge Community Services NHS Trust,Black,Nigeria,British Citizen,Admin,Medical Secretary,Critical Care & Anaesthesia,Intensive Care Unit,4,33129,2019-03-06,2019-04-10,20.0,0.53,GMC,Permanent,Inactive,DC436283,KF476887,2029-04-25,2027-06-28,2026-01-13,2027-08-20,2019-03-27
EMP0758,Linda,Smith,jane07@example.com,1986-03-16,+44(0)20 7496 0417,"Flat 44
Carl Crescent
Wallacemouth
CW4H 9DZ",Male,Valleyview Mental Wellness NHS Trust,White,United Kingdom,Skilled Worker,AHP,Occupational Therapist,Surgery & Cancer,Orthopaedics,6,47183,2022-05-12,2022-06-09,37.5,1.0,None,Bank,Inactive,YU714983,LO619246,2026-10-03,2031-01-14,2026-04-24,2027-01-17,2022-06-02
EMP0759,Alexandra,Kay,olivia56@example.org,1977-03-14,01514960797,"Flat 47u
Barrett Ford
West Andrew
B9W 5UD",Female,Eastfield Psychological Services NHS Trust,Black,Jamaica,ILR,Medical,Consultant,Women & Children,Postnatal Care,CONS,128434,2020-09-08,2020-10-06,30.0,0.8,None,Bank,Active,NM103487,XX168121,2028-03-06,2026-09-17,2025-10-20,2027-03-18,2020-09-29
EMP0760,Eric,Collins,graham52@example.net,1985-11-13,+44114 496 0512,"Flat 67
Coleman Harbors
South Barbarachester
B4A 8HZ",Female,Lakeside District Hospitals NHS Trust,Asian,China,Dependent,AHP,Pharmacist,Critical Care & Anaesthesia,Pain Management,5,40669,2023-08-23,2023-10-04,30.0,0.8,HCPC,Fixed Term,Inactive,NR969362,VQ534694,2029-04-26,2031-05-11,2025-12-26,2027-06-19,2023-09-13
EMP0761,Dale,Coleman,vhooper@example.com,1970-02-16,+44(0)161 4960102,"Flat 6
Elizabeth Burgs
Zoeville
L54 7GN",Female,Bluewater Community & Rehabilitation NHS Trust,White,United Kingdom,Skilled Worker,Medical,SHO,Women & Children,Postnatal Care,SHO,46244,2026-08-30,2026-10-11,15.0,0.4,NMC,Bank,Suspended,EN735152,ZK785460,2031-01-27,2030-01-26,2025-11-08,2027-03-01,2026-09-20
EMP0762,Graeme,Bird,smithruth@example.net,1973-12-05,+44(0)1184960977,"Studio 41c
Morris Junction
Lyndaburgh
G4 9UJ",Female,Northshire University Hospitals NHS Trust,White,Canada,ILR,AHP,Radiographer,Medicine & Acute Care,Rheumatology,6,51261,2026-06-26,2026-08-07,30.0,0.8,GMC,Permanent,Active,AN671440,TO889546,2027-07-26,2026-11-29,2026-05-20,2027-09-11,2026-07-17
EMP0763,Phillip,Smith,iclark@example.net,1998-07-11,+4428 9018618,"Flat 0
Whitehead Divide
Rachaelborough
E2S 4YE",Male,Riverbank General Hospitals NHS Trust,Black,Barbados,Skilled Worker,Nursing,Ward Manager,Emergency & Urgent Care,Urgent Care,8A,64291,2021-12-06,2022-01-17,37.5,1.0,HCPC,Permanent,On Leave,OT918402,GY398380,2026-12-01,2031-02-26,2026-05-30,2026-11-01,2021-12-27
EMP0764,Helen,Kelly,williamskathleen@example.net,1982-09-10,+44118 4960464,"Studio 53
Howard Spring
Jacksonton
TA58 1SQ",Male,Meadowbrook Community Health NHS Trust,Asian,India,British Citizen,AHP,Radiographer,Corporate Services,Human Resources,6,50476,2018-05-02,2018-05-30,18.75,0.5,GMC,Fixed Term,Active,PX589568,SS085985,2031-01-28,2028-12-28,2026-08-08,2027-04-09,2018-05-23
EMP0765,Max,Wilkinson,walkerdouglas@example.com,1965-01-30,+441134960834,"Studio 9
Scott Station
New Damian
G3 0HA",Male,Northwood Mental Health NHS Trust,White,Australia,British Citizen,AHP,Pharmacist,Women & Children,Postnatal Care,5,43189,2017-11-10,2017-12-08,18.75,0.5,NMC,Bank,Inactive,SK750554,AF845304,2031-03-07,2028-02-20,2026-08-04,2027-04-17,2017-12-01
EMP0766,Norman,Davis,dstewart@example.net,1970-11-25,0116 496 0440,"324 Caroline Light
Iqbalberg
HU8 3EB",Male,Westborough Acute Care NHS Trust,Mixed,South Africa,Dependent,Nursing,Nursery Nurse,Medicine & Acute Care,Acute Medicine,2,26139,2022-11-18,2022-12-23,30.0,0.8,None,Bank,Suspended,DR725317,CN567935,2030-07-02,2029-12-07,2026-03-10,2026-10-05,2022-12-09
EMP0767,June,Begum,kieranrose@example.com,1998-07-02,+44292018953,"Studio 0
Josh Hollow
West Matthew
AL4 1BR",Male,Bluewater Community & Rehabilitation NHS Trust,Mixed,India,Dependent,Medical,FY1/FY2,Women & Children,Paediatrics,FY1,41866,2022-06-11,2022-07-16,18.75,0.5,NMC,Permanent,Inactive,YD755629,MA601740,2027-07-04,2027-10-28,2025-10-05,2026-12-11,2022-07-02
EMP0768,Philip,Reid,lynda05@example.com,1989-10-06,(0306) 999 0896,"Studio 3
Gregory Manors
New Jeanfurt
EH2N 1PL",Female,Southvale Hospitals NHS Trust,Black,Barbados,ILR,Nursing,Ward Manager,Women & Children,Gynaecology,8A,60862,2020-08-23,2020-10-04,15.0,0.4,NMC,Fixed Term,Suspended,EZ577601,ZE830822,2027-03-16,2030-05-01,2026-03-31,2027-01-23,2020-09-13
EMP0769,Glenn,Cox,jacksonvictor@example.net,1966-04-11,+44(0)1314960128,"70 Daniel Rest
Gillview
SM8 4HZ",Male,Oakridge Community Services NHS Trust,Asian,Japan,ILR,AHP,Pharmacist,Clinical Support Services,Radiology,5,42268,2022-05-08,2022-06-19,20.0,0.53,GMC,Bank,Inactive,UX503742,VO863585,2030-09-04,2027-03-29,2026-06-02,2026-09-13,2022-05-29
EMP0770,Molly,Hughes,evanspaula@example.net,1991-04-11,+44(0)1184960788,"Studio 16
Miller Forks
Port Alexanderborough
IG9Y 9LR",Female,Westmere Community Health NHS Trust,Black,South Africa,ILR,Nursing,Staff Nurse,Women & Children,Gynaecology,5,37121,2021-08-05,2021-09-09,30.0,0.8,None,Permanent,Inactive,KS046942,HO667815,2031-07-02,2027-08-01,2026-02-02,2027-05-31,2021-08-26
EMP0771,Louise,Hayes,dianebooth@example.net,1988-11-04,+44(0)20 7496 0734,"Studio 15
Martyn Mount
Williammouth
RG8P 3QX",Female,Meadowbrook Community Health NHS Trust,White,United Kingdom,Dependent,Medical,Consultant,Critical Care & Anaesthesia,Pain Management,CONS,124621,2023-09-05,2023-10-03,15.0,0.4,GMC,Permanent,On Leave,SJ762290,JH731565,2030-03-15,2027-12-14,2026-02-22,2027-07-03,2023-09-26
EMP0772,Sarah,Gardner,andreawalker@example.com,1970-11-16,01414960288,"81 Keith Roads
Bradleyberg
SA16 9DX",Male,Southvale Hospitals NHS Trust,Asian,Japan,Skilled Worker,Admin,Receptionist,Women & Children,Postnatal Care,3,30987,2024-12-31,2025-01-28,37.5,1.0,None,Permanent,On Leave,NV994154,LR616615,2027-12-18,2030-08-19,2026-09-11,2027-03-14,2025-01-21
EMP0773,Jill,Phillips,annettefuller@example.com,1993-06-23,(0161) 4960341,"646 Hilary Trail
Baxtertown
B8 6UJ",Male,Westborough Acute Care NHS Trust,Black,Barbados,British Citizen,AHP,Pharmacist,Emergency & Urgent Care,Minor Injuries Unit,5,43809,2017-05-25,2017-06-29,30.0,0.8,None,Permanent,Inactive,TW875738,HK138884,2030-12-30,2029-03-13,2026-02-01,2026-10-14,2017-06-15
EMP0774,Frank,Edwards,kimberley96@example.net,1979-06-26,(0114)4960118,"82 Terry Fort
Johnsonchester
L8J 2RH",Female,Lakeside District Hospitals NHS Trust,White,United Kingdom,ILR,Admin,Data Analyst,Medicine & Acute Care,Infectious Diseases,8A,64163,2025-12-15,2026-01-12,30.0,0.8,NMC,Bank,Suspended,TJ630473,QJ999004,2028-11-03,2026-10-12,2026-04-06,2027-05-16,2026-01-05
EMP0775,Natasha,Gordon,nortondenis@example.org,1995-10-08,(0118) 4960938,"85 Francesca Light
Deanfort
HA60 3UZ",Male,Southvale Hospitals NHS Trust,Mixed,Thailand,ILR,AHP,Radiographer,Emergency & Urgent Care,Urgent Care,6,54472,2026-03-22,2026-05-03,20.0,0.53,NMC,Fixed Term,Active,IX853503,OW512305,2029-03-31,2028-08-14,2025-12-06,2027-04-21,2026-04-12
EMP0776,Dale,Stone,cperry@example.net,1962-02-20,(0115) 496 0495,"09 Griffiths Tunnel
West Dorothychester
BS58 0LP",Female,Eastmoor Teaching Hospitals NHS Trust,Black,South Africa,Skilled Worker,Medical,SHO,Clinical Support Services,Pharmacy,SHO,56197,2019-10-20,2019-11-24,18.75,0.5,GMC,Fixed Term,Active,XI410134,FA754433,2026-10-13,2030-11-26,2026-06-17,2027-08-29,2019-11-10
EMP0777,Clare,Fisher,rogerhardy@example.com,1968-10-30,+44161 496 0989,"Studio 14
Barrett Rest
New Adrian
WC5V 8QE",Male,Eastmoor Teaching Hospitals NHS Trust,Mixed,Jamaica,ILR,AHP,Occupational Therapist,Corporate Services,Communications,6,49334,2018-06-07,2018-07-12,30.0,0.8,NMC,Permanent,On Leave,RL487171,VY077956,2029-09-12,2030-04-17,2025-09-23,2027-08-17,2018-06-28
EMP0778,Katherine,Walsh,nicholas73@example.com,1992-12-04,+441914960745,"90 Elliott Ports
South Juliaside
SP39 8WZ",Male,Northwood Mental Health NHS Trust,Black,Barbados,British Citizen,AHP,Radiographer,Women & Children,Postnatal Care,6,46880,2024-03-21,2024-04-18,18.75,0.5,GMC,Permanent,Suspended,IZ154979,FX615319,2031-04-20,2027-01-27,2026-05-02,2027-06-01,2024-04-11
EMP0779,Rhys,Lloyd,taylorhenry@example.org,1962-12-23,(0306) 999 0927,"Studio 20N
Phillip Coves
Ahmedchester
KT09 2UD",Male,Midlands Central Hospitals NHS Trust,White,Australia,Skilled Worker,Medical,Registrar,Women & Children,Postnatal Care,SPR,73449,2024-10-26,2024-11-23,30.0,0.8,GMC,Fixed Term,Inactive,DB708920,IG252555,2031-03-27,2029-07-17,2026-06-12,2027-06-22,2024-11-16
EMP0780,Shannon,Taylor,gjones@example.net,1961-08-27,+441154960359,"19 Angela Crest
Lake Denise
BN65 4ZD",Female,Broadfield Clinical Services NHS Trust,White,New Zealand,Dependent,Medical,GP,Surgery & Cancer,Neurosurgery,GP,115858,2024-01-21,2024-02-25,20.0,0.53,None,Bank,Suspended,SR196075,JC074180,2028-11-13,2031-03-28,2026-05-23,2026-10-28,2024-02-11
EMP0781,Denise,Page,fsutton@example.net,1984-12-13,+44(0)1414960097,"95 White Hills
North Terence
PH5E 1DS",Female,Hillcrest Medical Centres NHS Trust,White,United Kingdom,British Citizen,AHP,Speech Therapist,Emergency & Urgent Care,Urgent Care,6,51641,2018-11-30,2019-01-04,20.0,0.53,None,Permanent,Active,UK457008,AH963575,2028-03-08,2030-10-07,2026-07-07,2027-05-17,2018-12-21
EMP0782,Ryan,Carr,vpollard@example.com,1992-04-15,(0113) 496 0566,"963 Ricky Freeway
South Nicola
UB09 4HT",Female,Riverside Integrated Care NHS Trust,Black,Nigeria,Dependent,Nursing,Staff Nurse,Corporate Services,Facilities Management,5,44596,2019-09-03,2019-10-01,37.5,1.0,HCPC,Permanent,Active,PS982044,GX904693,2029-09-02,2031-07-25,2025-11-09,2027-08-09,2019-09-24
EMP0783,Louise,Shepherd,dhughes@example.com,1993-12-26,+44(0)808 157 0161,"1 Higgins Courts
South Carolyn
BT65 4DZ",Female,Northshire University Hospitals NHS Trust,Black,Nigeria,Dependent,Admin,Receptionist,Critical Care & Anaesthesia,Anaesthesia,3,31087,2021-12-25,2022-01-29,15.0,0.4,NMC,Fixed Term,On Leave,QL668878,AO598354,2030-03-24,2030-04-28,2026-04-26,2027-08-25,2022-01-15
EMP0784,Ryan,Burgess,stevengill@example.net,2006-01-05,(0161) 4960780,"0 Kaur Viaduct
Port Paige
B5C 8GT",Male,Hillcrest Medical Centres NHS Trust,Black,Ghana,ILR,Admin,Administrator,Emergency & Urgent Care,Emergency Department,3,31089,2022-01-16,2022-02-27,20.0,0.53,HCPC,Fixed Term,Active,OB208290,AE793969,2027-01-17,2027-07-19,2026-02-03,2027-05-01,2022-02-06
EMP0785,Marilyn,Bentley,maria59@example.net,1973-05-30,(01632) 960520,"044 Cooper Turnpike
Katieport
DG4 0XS",Female,Broadfield Clinical Services NHS Trust,Mixed,Australia,British Citizen,Admin,Administrator,Critical Care & Anaesthesia,Pain Management,3,27480,2022-08-25,2022-10-06,37.5,1.0,NMC,Fixed Term,Suspended,BE327305,QC986749,2030-04-01,2028-12-21,2026-04-01,2027-02-11,2022-09-15
EMP0786,Roy,White,tstewart@example.net,1980-10-12,(029)2018062,"15 Paul Green
Port Michael
WR1N 8RF",Male,Midlands Central Hospitals NHS Trust,Asian,China,British Citizen,AHP,Physiologist,Emergency & Urgent Care,Minor Injuries Unit,6,46217,2019-03-19,2019-04-30,15.0,0.4,HCPC,Permanent,Inactive,IJ427139,LN063801,2027-09-09,2029-01-16,2026-05-04,2027-01-24,2019-04-09
EMP0787,Caroline,Parker,mccarthypaige@example.net,1964-10-23,+44(0)117 4960120,"44 Giles Mountains
Guyberg
N2 8FA",Female,Northwood Mental Health NHS Trust,White,Australia,British Citizen,Admin,Administrator,Emergency & Urgent Care,Urgent Care,3,26318,2024-02-23,2024-03-22,37.5,1.0,NMC,Fixed Term,Suspended,UJ672716,XI787721,2030-02-25,2030-03-31,2026-06-12,2027-01-11,2024-03-15
EMP0788,Sean,Kay,mohammed53@example.com,2005-10-20,+44141 4960534,"227 George Forges
South Michael
E9H 4BR",Male,Northwood Mental Health NHS Trust,Black,South Africa,Skilled Worker,Admin,Data Analyst,Critical Care & Anaesthesia,Intensive Care Unit,8A,61123,2017-12-08,2018-01-12,20.0,0.53,HCPC,Permanent,On Leave,FZ601160,OY707645,2028-03-11,2030-08-18,2026-06-02,2027-06-11,2017-12-29
EMP0789,Adam,Brooks,frances01@example.com,1997-02-17,(0909) 8790226,"974 Kevin Shoal
South Victoriashire
M80 5HU",Male,Riverside Integrated Care NHS Trust,Mixed,Jamaica,Skilled Worker,Nursing,Nursery Nurse,Surgery & Cancer,Breast Surgery,2,24904,2022-12-25,2023-01-22,30.0,0.8,None,Fixed Term,Inactive,WS748844,FK876905,2031-05-13,2027-01-16,2026-07-27,2027-03-23,2023-01-15
EMP0790,Jessica,Johnston,frankbrookes@example.com,1974-10-05,+44141 496 0015,"Studio 6
Kate Inlet
Port Natalie
IG7B 6GH",Male,Valleyview Mental Wellness NHS Trust,Asian,Thailand,Dependent,Admin,Medical Secretary,Clinical Support Services,Radiology,4,34061,2022-06-06,2022-07-18,18.75,0.5,None,Permanent,Inactive,LR468080,TW501438,2030-09-06,2027-10-14,2026-06-19,2027-06-06,2022-06-27
EMP0791,Neil,Evans,jonessean@example.com,1960-11-03,+44114 496 0560,"Flat 63h
Woodward Parks
Lake Mary
LD98 3HX",Female,Northshire University Hospitals NHS Trust,White,United Kingdom,British Citizen,Admin,Medical Secretary,Surgery & Cancer,Neurosurgery,4,33616,2019-11-14,2019-12-26,18.75,0.5,HCPC,Bank,On Leave,PX164182,KE882931,2031-07-21,2028-04-25,2026-01-29,2027-03-24,2019-12-05
EMP0792,Benjamin,Phillips,ychapman@example.net,1997-12-26,+44121 496 0898,"Studio 72o
Kate River
Port Dylan
WF0E 4GY",Female,Horizon Integrated Health Partnership NHS Trust,Mixed,South Africa,ILR,Nursing,Senior Staff Nurse,Medicine & Acute Care,Haematology,6,52402,2022-12-16,2023-01-13,30.0,0.8,NMC,Bank,Active,XS661062,YO977476,2029-11-19,2027-02-15,2026-06-01,2027-04-19,2023-01-06
EMP0793,Louis,Turner,rdavies@example.com,1985-09-16,+44(0)1514960163,"208 Davies Squares
New Justin
DT46 9WH",Male,Eastfield Psychological Services NHS Trust,Asian,Thailand,Dependent,AHP,Pharmacist,Surgery & Cancer,ENT Surgery,5,43820,2023-12-14,2024-01-25,20.0,0.53,HCPC,Fixed Term,Suspended,LB820364,MH291786,2031-07-27,2029-03-23,2025-12-08,2027-03-03,2024-01-04
EMP0794,Derek,Thomas,reevescharlie@example.com,1999-06-05,0131 4960588,"Studio 8
Fletcher Mall
Byrneland
G1 3PB",Female,Southgate Community & Mental Health NHS Trust,Asian,India,British Citizen,Admin,Administrator,Corporate Services,IT Support,3,28564,2018-08-14,2018-09-11,30.0,0.8,None,Bank,Active,GP380773,IS670874,2027-04-26,2027-02-23,2026-08-10,2027-02-12,2018-09-04
EMP0795,Anna,Smith,katywood@example.org,1994-12-06,+44(0)191 4960153,"Flat 3
Jemma Underpass
Port Ellie
IM9R 6NU",Male,Greenhaven Acute & Specialist Care NHS Trust,Mixed,India,ILR,Medical,FY1/FY2,Medicine & Acute Care,Geriatrics,FY1,39851,2024-11-27,2025-01-01,15.0,0.4,None,Bank,Inactive,GO627999,GC947779,2027-02-03,2027-09-26,2025-10-11,2027-08-30,2024-12-18
EMP0796,Alexandra,Ball,mollyfletcher@example.com,1992-08-10,+44(0)115 4960659,"Studio 6
Woods Landing
New Judithtown
W55 8UT",Female,Northshire University Hospitals NHS Trust,Mixed,India,ILR,Admin,Medical Secretary,Medicine & Acute Care,Infectious Diseases,4,34146,2020-10-31,2020-11-28,30.0,0.8,HCPC,Permanent,Suspended,DQ706079,FS384554,2028-08-01,2030-10-20,2026-07-13,2026-12-16,2020-11-21
EMP0797,Donald,Ward,jakerichardson@example.net,1972-05-30,01214960760,"1 Patel Junctions
Fisherville
HA2P 8FE",Male,Westborough Acute Care NHS Trust,Black,Jamaica,Dependent,AHP,Occupational Therapist,Medicine & Acute Care,Nephrology,6,46986,2023-11-22,2023-12-27,30.0,0.8,None,Bank,On Leave,IK598740,EH842854,2031-05-23,2027-02-23,2026-03-06,2026-10-15,2023-12-13
EMP0798,Georgina,Taylor,amelia46@example.org,1991-09-30,029 2018924,"82 Georgia Parks
South Samuel
RH94 6QA",Female,Riverside Integrated Care NHS Trust,Asian,Japan,Dependent,Admin,Medical Secretary,Corporate Services,Finance,4,33194,2019-02-22,2019-04-05,30.0,0.8,NMC,Bank,Inactive,PN863072,AA919368,2030-04-07,2027-11-05,2026-01-07,2027-04-19,2019-03-15
EMP0799,Olivia,Harrison,kedwards@example.com,1963-05-28,+44(0)141 4960069,"Flat 63o
Julian Circle
Katiefort
HS4H 0ES",Male,Riverbank General Hospitals NHS Trust,Mixed,India,Dependent,Nursing,Staff Nurse,Women & Children,Gynaecology,5,37520,2021-08-23,2021-09-27,20.0,0.53,HCPC,Fixed Term,On Leave,RS094023,FI830619,2029-07-19,2028-06-04,2026-03-08,2026-09-20,2021-09-13
EMP0800,Alan,Phillips,josephine25@example.com,1967-05-13,+44118 4960835,"56 Ford Streets
Wilsontown
E86 7EN",Male,Hillcrest Medical Centres NHS Trust,Black,South Africa,ILR,Nursing,Nursery Nurse,Critical Care & Anaesthesia,Intensive Care Unit,2,26244,2020-02-07,2020-03-06,18.75,0.5,GMC,Bank,Active,XV493027,HS917439,2027-04-18,2027-01-23,2026-08-03,2027-07-27,2020-02-28
EMP0801,Valerie,John,turnerharriet@example.com,1995-03-26,0121 496 0417,"Flat 1
Alex Crescent
Shawchester
W13 6FG",Female,Westborough Acute Care NHS Trust,Black,South Africa,Skilled Worker,Medical,SHO,Surgery & Cancer,Neurosurgery,SHO,53426,2016-11-26,2016-12-31,18.75,0.5,GMC,Fixed Term,Inactive,OX798294,UY168839,2029-10-17,2027-09-26,2026-06-13,2027-09-01,2016-12-17
EMP0802,Alice,Mitchell,carolprice@example.org,1994-07-12,+44(0)28 9018 0481,"3 Cole Shores
Jessicaberg
G4 4WE",Male,Riverbank General Hospitals NHS Trust,Black,Kenya,Skilled Worker,Nursing,Staff Nurse,Corporate Services,Communications,5,44226,2024-06-08,2024-07-20,18.75,0.5,NMC,Bank,Suspended,IR014941,ZJ010710,2028-07-07,2028-02-29,2026-02-23,2027-04-30,2024-06-29
EMP0803,Jonathan,Barnes,ldean@example.net,2001-03-29,01154960487,"4 Hall Extension
Aimeeton
G8 8GF",Male,Riverbank General Hospitals NHS Trust,White,United Kingdom,Dependent,Medical,Registrar,Clinical Support Services,Pharmacy,SPR,75706,2025-05-27,2025-07-08,20.0,0.53,HCPC,Fixed Term,Suspended,SL036738,XY589231,2028-10-07,2026-09-26,2026-07-21,2027-04-30,2025-06-17
EMP0804,Beth,Murray,karencollins@example.com,1965-06-11,+44(0)1154960106,"717 Sian Viaduct
Wellsview
BT0W 5FY",Female,Valleyview Mental Wellness NHS Trust,Asian,China,British Citizen,AHP,Physiotherapist,Medicine & Acute Care,Dermatology,6,49162,2026-01-26,2026-02-23,15.0,0.4,NMC,Fixed Term,Active,QL753727,PV928301,2029-01-14,2030-03-30,2026-08-18,2026-11-30,2026-02-16
EMP0805,Owen,O'Connor,rwilliams@example.net,1965-11-18,+44151 496 0618,"10 Paula Drive
New Peterland
ST11 4JB",Male,Valleyview Mental Wellness NHS Trust,Asian,Japan,Dependent,AHP,Physiologist,Surgery & Cancer,Breast Surgery,6,50801,2024-02-02,2024-03-15,18.75,0.5,HCPC,Permanent,On Leave,MQ270349,IH149511,2026-10-02,2026-09-28,2026-07-06,2027-02-26,2024-02-23
EMP0806,Kim,Berry,riceharriet@example.net,2004-10-18,01614960731,"172 Jeffrey Springs
Jonesstad
LN4 9UL",Female,Southvale Hospitals NHS Trust,Mixed,Barbados,British Citizen,Nursing,Healthcare Assistant,Emergency & Urgent Care,Urgent Care,2,26411,2022-03-29,2022-04-26,37.5,1.0,GMC,Bank,Active,IC165733,FA996695,2031-03-19,2031-01-11,2026-07-14,2027-08-13,2022-04-19
EMP0807,Rita,Jarvis,steveningram@example.org,1990-09-18,+44(0)141 4960057,"03 Shannon Centers
Denisestad
N9 2BE",Male,Valleyview Mental Wellness NHS Trust,Asian,Japan,ILR,Medical,Consultant,Women & Children,Postnatal Care,CONS,99692,2023-12-20,2024-01-31,15.0,0.4,HCPC,Fixed Term,Inactive,GF820858,QR041121,2027-05-28,2030-08-23,2026-01-14,2027-07-15,2024-01-10
EMP0808,Sarah,Watkins,dhunt@example.com,1965-11-01,(0113) 4960377,"Flat 3
Laura Common
Ashleighborough
HR1 9JX",Female,Riverside Integrated Care NHS Trust,Mixed,Trinidad and Tobago,Skilled Worker,AHP,Pharmacist,Clinical Support Services,Occupational Therapy,5,39525,2023-10-08,2023-11-19,15.0,0.4,HCPC,Bank,Suspended,FW769959,NU528094,2028-01-31,2031-07-21,2026-09-04,2027-05-28,2023-10-29
EMP0809,Shaun,Khan,kieran28@example.com,1983-10-04,+44(0)909 8790985,"Flat 41
Donnelly Corner
Simmonsland
SG3 9HY",Male,Broadfield Clinical Services NHS Trust,Black,Nigeria,Dependent,Nursing,Healthcare Assistant,Clinical Support Services,Physiotherapy,2,24741,2024-07-23,2024-09-03,15.0,0.4,NMC,Permanent,Active,CK595617,LE309969,2028-12-10,2028-05-29,2026-01-07,2026-10-24,2024-08-13
EMP0810,Kieran,Collins,nchapman@example.org,1997-09-17,0151 496 0377,"6 Frost Freeway
West Graceborough
M4 0QW",Female,Hillcrest Medical Centres NHS Trust,Mixed,Barbados,ILR,Medical,GP,Critical Care & Anaesthesia,Anaesthesia,GP,98920,2022-10-07,2022-11-04,15.0,0.4,GMC,Bank,Inactive,QG735487,XD966204,2029-09-30,2028-06-02,2025-09-26,2027-02-09,2022-10-28
EMP0811,Ronald,Sutton,hbaldwin@example.org,1986-02-28,029 2018229,"Flat 7
Jones Isle
Lake Susan
N8 0DP",Female,Horizon Integrated Health Partnership NHS Trust,White,Australia,Skilled Worker,Medical,Registrar,Medicine & Acute Care,Nephrology,SPR,66343,2022-09-27,2022-11-08,20.0,0.53,HCPC,Bank,Active,RQ784302,KU311874,2031-02-26,2029-08-24,2026-03-30,2027-07-14,2022-10-18
EMP0812,Amy,Jones,brandonlittle@example.org,1978-01-14,+44306 999 0399,"Studio 43
Georgina Extension
East Ryanchester
BD92 6ZX",Female,Bluewater Community & Rehabilitation NHS Trust,Mixed,Trinidad and Tobago,British Citizen,Medical,Registrar,Emergency & Urgent Care,Emergency Department,SPR,80627,2020-09-06,2020-10-18,37.5,1.0,HCPC,Fixed Term,Suspended,SB449431,YU714733,2031-08-14,2026-09-16,2025-10-23,2027-03-17,2020-09-27
EMP0813,Stuart,Wall,sophielees@example.com,1983-10-28,0115 4960510,"Flat 06
Natalie Corners
Craigton
M8 7ZY",Female,Hillcrest Medical Centres NHS Trust,White,New Zealand,British Citizen,Nursing,Ward Manager,Women & Children,Obstetrics,8A,65213,2018-11-04,2018-12-09,37.5,1.0,None,Bank,On Leave,ES523726,SC189715,2031-03-30,2026-12-17,2026-08-09,2026-10-16,2018-11-25
EMP0814,Dennis,Field,mjackson@example.com,2001-11-05,(0141) 4960567,"907 Andrew Manor
New Bethanymouth
BN8 3HP",Male,Valleyview Mental Wellness NHS Trust,White,Australia,Dependent,AHP,Physiologist,Critical Care & Anaesthesia,Pain Management,6,44171,2026-08-21,2026-09-25,20.0,0.53,HCPC,Bank,On Leave,KB606362,BY586010,2028-01-26,2031-08-16,2026-07-05,2027-08-12,2026-09-11
EMP0815,Dean,Hussain,kellymarshall@example.org,2006-01-08,(028) 9018 0944,"9 Graham Manor
Justinland
S8 7XX",Female,Southgate Community & Mental Health NHS Trust,Black,South Africa,ILR,AHP,Physiologist,Medicine & Acute Care,Endocrinology,6,54768,2026-03-29,2026-04-26,30.0,0.8,HCPC,Permanent,Inactive,WZ153494,ID023956,2027-10-10,2028-09-14,2026-06-17,2027-06-17,2026-04-19
EMP0816,Dorothy,Jones,lawrence65@example.com,1966-08-12,+441174960228,"524 Lindsey Path
Smithmouth
M9 2WT",Male,Horizon Integrated Health Partnership NHS Trust,Asian,China,Dependent,Admin,Administrator,Surgery & Cancer,Breast Surgery,3,30495,2019-05-04,2019-06-08,18.75,0.5,None,Fixed Term,On Leave,PD070475,VY966234,2031-07-10,2031-08-17,2026-03-31,2027-06-05,2019-05-25
EMP0817,Joshua,Bailey,jill58@example.net,1974-05-08,+448081570710,"96 King Cape
Brayburgh
SM5 6NU",Female,Northshire University Hospitals NHS Trust,White,United Kingdom,Dependent,AHP,Physiologist,Medicine & Acute Care,Respiratory Medicine,6,53311,2016-10-10,2016-11-14,37.5,1.0,HCPC,Bank,Inactive,LN265334,JP490806,2030-06-06,2029-04-13,2026-09-09,2026-11-19,2016-10-31
EMP0818,Carl,Turner,mgordon@example.net,1997-07-27,(0115)4960099,"7 Archer Lodge
Paulafort
KW39 9EX",Male,Hillcrest Medical Centres NHS Trust,Mixed,United States,Dependent,Admin,Receptionist,Critical Care & Anaesthesia,Pain Management,3,28849,2021-05-26,2021-06-30,30.0,0.8,NMC,Fixed Term,Suspended,BS463699,YM463205,2030-08-26,2029-10-19,2026-04-29,2027-01-10,2021-06-16
EMP0819,Aimee,Owens,kimberleyjones@example.com,2002-03-16,+44141 4960779,"Studio 60r
Marion Center
Smithhaven
SA95 6YQ",Male,Westmere Community Health NHS Trust,White,United Kingdom,Dependent,Medical,Registrar,Women & Children,Obstetrics,SPR,84965,2018-12-05,2019-01-09,37.5,1.0,HCPC,Permanent,Inactive,UU908343,KH654606,2030-11-25,2028-08-12,2026-05-04,2026-09-22,2018-12-26
EMP0820,Mohamed,Green,rachel92@example.net,2001-06-11,(0115) 4960378,"5 Henry Circle
Melissafort
N7C 9DU",Female,Greenhaven Acute & Specialist Care NHS Trust,Black,Barbados,Dependent,AHP,Occupational Therapist,Surgery & Cancer,ENT Surgery,6,50921,2026-05-30,2026-07-04,37.5,1.0,NMC,Permanent,Inactive,HC748266,XN494352,2029-11-10,2029-06-02,2026-01-17,2027-02-18,2026-06-20
EMP0821,Jemma,Patel,lcartwright@example.org,1988-05-07,(0113) 496 0990,"Flat 0
Wilson Run
Lake Graham
M9 9WG",Female,Lakeside District Hospitals NHS Trust,Asian,Thailand,Dependent,AHP,Pharmacist,Corporate Services,Human Resources,5,37450,2022-06-28,2022-08-02,30.0,0.8,None,Fixed Term,Inactive,PG038509,BK593552,2030-12-14,2029-10-14,2026-01-18,2026-11-05,2022-07-19
EMP0822,Kenneth,Powell,elizabethsmith@example.net,1970-07-19,(01632) 960077,"Studio 90
Cooper Extensions
East Wayneburgh
TW6M 9AG",Female,Riverbank General Hospitals NHS Trust,Mixed,India,Skilled Worker,Medical,Registrar,Surgery & Cancer,Neurosurgery,SPR,76316,2016-12-22,2017-01-19,18.75,0.5,NMC,Bank,On Leave,SI318674,XJ956281,2029-11-29,2027-08-02,2026-07-30,2026-10-14,2017-01-12
EMP0823,Deborah,Mitchell,henryrobinson@example.net,1991-06-27,+44(0)1314960304,"Studio 7
Louise Landing
West Lorrainebury
E56 0UT",Female,Westborough Acute Care NHS Trust,Black,Kenya,ILR,Nursing,Senior Staff Nurse,Women & Children,Gynaecology,6,48336,2024-07-14,2024-08-11,37.5,1.0,HCPC,Bank,On Leave,QQ576292,VR567446,2028-10-01,2029-07-14,2025-12-24,2026-10-19,2024-08-04
EMP0824,Alison,Jones,barlowlesley@example.com,1966-10-20,+44141 496 0377,"Flat 22
Watts Manors
Lake Samantha
ZE5X 5ZL",Female,Westborough Acute Care NHS Trust,Mixed,Ghana,Dependent,Nursing,Charge Nurse,Critical Care & Anaesthesia,Pain Management,7,57374,2026-09-02,2026-09-30,15.0,0.4,NMC,Bank,Inactive,HD311588,KT677395,2028-07-27,2031-08-08,2026-06-30,2027-06-10,2026-09-23
EMP0825,Reece,Phillips,brooksbernard@example.org,2006-07-20,(0121)4960122,"16 Davison Fall
Elainestad
TD40 1ZZ",Female,Eastmoor Teaching Hospitals NHS Trust,Mixed,Kenya,ILR,AHP,Occupational Therapist,Clinical Support Services,Radiology,6,46076,2026-06-10,2026-07-08,15.0,0.4,NMC,Fixed Term,Active,YU865403,RL151452,2029-02-15,2030-05-16,2026-04-07,2027-08-12,2026-07-01
EMP0826,Emma,Wright,joanneharris@example.org,1991-09-13,(0113) 4960805,"922 Norman Plaza
Smithberg
WN5 0QR",Male,Eastfield Psychological Services NHS Trust,Black,Ghana,ILR,Admin,Administrator,Medicine & Acute Care,Endocrinology,3,28471,2026-08-28,2026-10-09,20.0,0.53,GMC,Permanent,Inactive,ZM963235,YD359725,2027-11-15,2027-02-06,2026-04-03,2027-01-08,2026-09-18
EMP0827,Keith,Evans,fbutler@example.net,2003-12-02,+4420 74960384,"4 Sally Grove
West Markside
DY0X 9BE",Female,Southvale Hospitals NHS Trust,Asian,India,Dependent,Admin,Administrator,Clinical Support Services,Physiotherapy,3,31699,2022-07-09,2022-08-13,18.75,0.5,GMC,Permanent,On Leave,RP058575,IO196943,2030-08-08,2028-01-28,2025-11-08,2026-09-20,2022-07-30
EMP0828,Harry,Lewis,murphytracy@example.org,1967-05-30,(0909) 8790406,"082 Young Run
Andrewshaven
B8U 2JT",Female,Riverside Integrated Care NHS Trust,Asian,Japan,British Citizen,Nursing,Staff Nurse,Women & Children,Gynaecology,5,43918,2019-03-25,2019-04-29,18.75,0.5,NMC,Bank,On Leave,HQ458098,VF773621,2029-05-12,2030-07-15,2025-09-26,2027-04-13,2019-04-15
EMP0829,Roger,Herbert,joel58@example.org,1983-04-21,+441184960190,"750 Peter Villages
Adamton
L18 3YB",Male,Northwood Mental Health NHS Trust,White,Canada,ILR,AHP,Pharmacist,Critical Care & Anaesthesia,Intensive Care Unit,5,44421,2018-03-02,2018-04-13,30.0,0.8,None,Permanent,Suspended,CF689707,QY482953,2026-09-15,2029-06-01,2026-06-19,2027-06-25,2018-03-23
EMP0830,Molly,West,dennisthomas@example.com,1999-04-12,01514960948,"Studio 43
Rita Lodge
Kellyland
KA3 3PF",Female,Lakeside District Hospitals NHS Trust,Asian,Japan,Skilled Worker,Medical,GP,Clinical Support Services,Radiology,GP,99588,2018-02-12,2018-03-26,18.75,0.5,HCPC,Permanent,On Leave,MG202729,WU282405,2027-02-21,2029-01-22,2026-01-23,2026-09-20,2018-03-05
EMP0831,Shaun,Thomas,tbutcher@example.net,1999-03-05,+44(0)1314960338,"Flat 18
Holly Plains
New Gracehaven
BB77 9ZS",Female,Northshire University Hospitals NHS Trust,Mixed,Ghana,ILR,Nursing,Nursery Nurse,Clinical Support Services,Occupational Therapy,2,25962,2017-06-12,2017-07-17,37.5,1.0,HCPC,Fixed Term,Suspended,PP540386,YL589332,2029-07-21,2028-12-08,2026-04-05,2027-02-11,2017-07-03
EMP0832,Brenda,Hussain,toby45@example.com,2001-02-02,+44(0)161 496 0642,"560 Howard Land
New Charlenefurt
HA4N 5WQ",Female,Riverbank General Hospitals NHS Trust,Asian,India,ILR,Nursing,Nursery Nurse,Corporate Services,Human Resources,2,25490,2022-01-28,2022-03-11,15.0,0.4,GMC,Bank,On Leave,MS933236,AO651663,2028-07-02,2028-05-21,2026-05-05,2026-12-16,2022-02-18
EMP0833,Ruth,Freeman,acraig@example.com,2002-07-14,0306 9990353,"626 Lydia Well
Jacksonfort
DE9 2HJ",Female,Westmere Community Health NHS Trust,Mixed,New Zealand,ILR,Admin,Data Analyst,Emergency & Urgent Care,Emergency Department,8A,61893,2022-12-14,2023-01-18,15.0,0.4,HCPC,Permanent,Inactive,HF028813,LW311615,2028-01-21,2027-02-03,2026-03-25,2027-07-04,2023-01-04
EMP0834,Carol,Singh,gbooth@example.net,1986-05-08,08081570792,"366 Dodd Well
Lake Abigailmouth
N48 6SZ",Male,Oakridge Community Services NHS Trust,Asian,China,Dependent,Medical,FY1/FY2,Surgery & Cancer,ENT Surgery,FY1,39504,2026-09-08,2026-10-13,30.0,0.8,GMC,Bank,Suspended,RD125555,MU842263,2027-06-14,2027-12-16,2026-08-04,2026-10-02,2026-09-29
EMP0835,Jasmine,Cole,glenwalsh@example.net,1966-06-15,+44(0)1134960559,"Flat 47
Clarke Plaza
North Carl
L87 8DY",Male,Lakeside District Hospitals NHS Trust,Asian,Thailand,ILR,Medical,GP,Corporate Services,IT Support,GP,111516,2020-12-23,2021-01-27,20.0,0.53,GMC,Fixed Term,On Leave,BG394989,XH263446,2028-10-22,2031-05-20,2025-11-29,2027-02-28,2021-01-13
EMP0836,Anne,Banks,adrian36@example.net,1991-04-21,0115 496 0923,"Studio 70F
Patricia Shoals
Port Jacktown
G6T 0JG",Male,Westmere Community Health NHS Trust,White,United Kingdom,ILR,Nursing,Nursery Nurse,Corporate Services,Finance,2,25564,2023-08-04,2023-09-15,18.75,0.5,HCPC,Bank,On Leave,VC168229,AV123886,2030-12-06,2031-01-16,2026-02-12,2027-04-15,2023-08-25
EMP0837,Abbie,Hancock,reynoldsmalcolm@example.net,1980-07-12,+44(0)113 496 0415,"Studio 12
Adrian Summit
New Anna
N6F 8BE",Female,Southgate Community & Mental Health NHS Trust,Asian,India,Dependent,Medical,Consultant,Clinical Support Services,Radiology,CONS,117500,2021-09-21,2021-10-19,15.0,0.4,GMC,Fixed Term,Suspended,PU842275,RY727203,2029-05-16,2031-04-28,2026-01-07,2027-04-10,2021-10-12
EMP0838,Andrea,Marsh,georginasmith@example.org,1996-01-28,0151 4960541,"91 Denis Mission
Leachchester
CM54 4SR",Female,Horizon Integrated Health Partnership NHS Trust,Black,Jamaica,Dependent,Nursing,Charge Nurse,Emergency & Urgent Care,Ambulance Services,7,61353,2025-10-20,2025-11-17,20.0,0.53,GMC,Bank,Active,GK364748,MP677886,2030-04-04,2026-10-19,2026-03-15,2026-12-23,2025-11-10
EMP0839,Douglas,Edwards,maureenday@example.org,1963-05-21,(0116) 496 0825,"2 Gray Drive
Eileenfurt
M03 0GW",Male,Hillcrest Medical Centres NHS Trust,Asian,India,Skilled Worker,Nursing,Staff Nurse,Corporate Services,Human Resources,5,41238,2021-06-06,2021-07-11,30.0,0.8,NMC,Permanent,Active,QH924380,FA559726,2026-11-02,2031-07-04,2026-01-31,2026-09-13,2021-06-27
EMP0840,Victoria,James,jasmine01@example.net,1990-12-10,020 7946 0302,"13 Gibson Isle
East Stanley
CV2E 5DR",Female,Eastfield Psychological Services NHS Trust,Mixed,Nigeria,British Citizen,Nursing,Ward Manager,Corporate Services,Finance,8A,59429,2022-10-28,2022-12-02,37.5,1.0,GMC,Permanent,Active,EQ406713,OB202237,2031-05-20,2030-05-19,2026-04-24,2026-10-06,2022-11-18
EMP0841,Hilary,Myers,nathanadams@example.org,1986-03-19,+44(0)28 9018836,"Flat 88
Glen Summit
West Kerry
ST3 9JF",Male,Riverside Integrated Care NHS Trust,Mixed,Trinidad and Tobago,British Citizen,AHP,Speech Therapist,Surgery & Cancer,Breast Surgery,6,51968,2018-09-24,2018-10-22,15.0,0.4,HCPC,Bank,On Leave,FE009407,PY874793,2029-09-24,2031-06-15,2025-09-16,2026-11-13,2018-10-15
EMP0842,Harry,John,hughesdenise@example.net,1987-11-28,+44(0)1134960469,"Studio 00f
Cunningham Cove
South Victoriashire
NG70 2GF",Female,Hillcrest Medical Centres NHS Trust,Asian,India,Skilled Worker,Nursing,Healthcare Assistant,Emergency & Urgent Care,Ambulance Services,2,25783,2025-02-06,2025-03-13,20.0,0.53,None,Bank,On Leave,QB187080,RS827117,2030-08-08,2031-07-12,2026-05-11,2027-05-11,2025-02-27
EMP0843,Gareth,Evans,amelia31@example.org,1988-09-18,+441174960002,"7 Antony Springs
Port Derek
YO5M 1SH",Male,Northwood Mental Health NHS Trust,Black,Ghana,British Citizen,Admin,Data Analyst,Women & Children,Obstetrics,8A,58659,2017-05-21,2017-06-18,20.0,0.53,HCPC,Bank,Inactive,FT259603,XW310367,2030-08-20,2028-06-02,2026-07-30,2026-10-03,2017-06-11
EMP0844,Garry,Walsh,phillipsmaria@example.com,1977-12-07,+44292018657,"28 Bradshaw Motorway
East Hayley
EH24 2UY",Male,Hillcrest Medical Centres NHS Trust,Black,Kenya,Dependent,Nursing,Ward Manager,Corporate Services,Communications,8A,65515,2024-01-03,2024-01-31,20.0,0.53,NMC,Permanent,Active,JP035219,XY317985,2030-02-22,2027-09-08,2026-09-03,2027-07-26,2024-01-24
EMP0845,Ellie,Price,joannagallagher@example.com,1975-09-05,+44113 496 0326,"1 Bryan Valley
North Harrietfurt
WN26 9NW",Female,Eastfield Psychological Services NHS Trust,Asian,China,British Citizen,Admin,Receptionist,Emergency & Urgent Care,Ambulance Services,3,30886,2017-06-15,2017-07-20,30.0,0.8,GMC,Permanent,On Leave,GD687656,XT583030,2027-05-29,2027-12-07,2026-05-09,2027-07-18,2017-07-06
EMP0846,Jeffrey,Bentley,nathan45@example.net,1998-01-23,+44(0)3069990791,"Studio 96
Mandy Plains
West Lorraine
CA1 5EY",Male,Westmere Community Health NHS Trust,White,Australia,Skilled Worker,AHP,Occupational Therapist,Clinical Support Services,Radiology,6,48685,2019-03-05,2019-04-09,15.0,0.4,NMC,Fixed Term,Inactive,PI109981,PL940052,2026-09-24,2028-10-26,2026-07-12,2027-04-27,2019-03-26
EMP0847,Samantha,Smith,fletcherpamela@example.net,2008-02-11,(0191) 496 0695,"461 Williams Stream
Michelleland
E8E 1NN",Male,Eastfield Psychological Services NHS Trust,Asian,India,Skilled Worker,Medical,FY1/FY2,Corporate Services,Communications,FY1,38937,2022-03-17,2022-04-21,37.5,1.0,GMC,Fixed Term,Inactive,HP006020,TL547680,2029-01-13,2027-05-18,2026-08-07,2026-10-31,2022-04-07
EMP0848,Geraldine,Harris,kellygriffiths@example.net,1996-01-27,(0909) 879 0764,"Studio 29x
Smith Islands
South Helen
L6 0QH",Female,Bluewater Community & Rehabilitation NHS Trust,Black,South Africa,ILR,Admin,Receptionist,Surgery & Cancer,General Surgery,3,29205,2022-02-14,2022-03-14,15.0,0.4,None,Permanent,Active,ZD978906,HT019867,2028-03-06,2030-12-25,2026-08-11,2026-10-11,2022-03-07
EMP0849,Russell,Burns,lhutchinson@example.org,1979-07-19,(0306)9990245,"Studio 9
Brooks Meadows
Danielsmouth
E3 1AA",Male,Riverside Integrated Care NHS Trust,Mixed,Kenya,British Citizen,Nursing,Staff Nurse,Surgery & Cancer,Breast Surgery,5,42120,2022-08-11,2022-09-08,30.0,0.8,GMC,Fixed Term,Suspended,AU164428,NV000427,2027-04-02,2027-11-25,2026-07-25,2027-03-05,2022-09-01
EMP0850,Georgia,Carr,paulinehill@example.com,1978-10-11,(0131)4960041,"Studio 7
Stevens Square
Daviesside
N3 0QF",Male,Riverside Integrated Care NHS Trust,Black,Ghana,Dependent,AHP,Speech Therapist,Medicine & Acute Care,Neurology,6,54758,2021-09-08,2021-10-20,37.5,1.0,HCPC,Bank,Active,RG554125,CU322147,2028-10-29,2028-03-19,2025-11-06,2026-10-26,2021-09-29
EMP0851,Charlie,Humphreys,khunter@example.net,2001-10-23,029 2018 0306,"Flat 40
Davies Station
Masonstad
N7 7PH",Female,Hillcrest Medical Centres NHS Trust,White,Canada,Dependent,AHP,Physiotherapist,Corporate Services,Communications,6,51372,2021-11-18,2021-12-16,37.5,1.0,NMC,Fixed Term,On Leave,HV432278,YJ094678,2027-09-30,2031-08-29,2025-09-19,2026-10-17,2021-12-09
EMP0852,Mark,Wright,bruce55@example.org,1986-12-18,+44(0)28 9018862,"263 Newman Tunnel
Hunthaven
L24 1AD",Male,Riverbank General Hospitals NHS Trust,Asian,Japan,British Citizen,Admin,Receptionist,Women & Children,Paediatrics,3,27799,2021-09-11,2021-10-23,15.0,0.4,GMC,Bank,Suspended,YE953151,YJ628572,2027-08-24,2029-12-21,2026-04-26,2027-03-21,2021-10-02
EMP0853,Grace,Palmer,woodjoe@example.com,1982-11-02,+44(0)113 496 0582,"Studio 87a
Hollie Greens
Lindseyhaven
N8 4WS",Female,Northwood Mental Health NHS Trust,Black,Trinidad and Tobago,Skilled Worker,AHP,Radiographer,Emergency & Urgent Care,Emergency Department,6,44653,2026-05-02,2026-06-06,18.75,0.5,GMC,Permanent,Active,WF117077,OW554415,2029-09-14,2027-04-25,2025-10-19,2027-08-20,2026-05-23
EMP0854,Sara,Jones,charlesthomas@example.org,1976-04-21,(0117)4960972,"Studio 00R
Anderson Springs
Lake John
BD93 7SD",Female,Northshire University Hospitals NHS Trust,Black,Barbados,British Citizen,Admin,Receptionist,Clinical Support Services,Radiology,3,29349,2016-10-01,2016-11-05,20.0,0.53,NMC,Fixed Term,On Leave,QX651558,KH842804,2027-05-01,2028-09-08,2026-06-05,2027-06-29,2016-10-22
EMP0855,Donna,Stanley,nicholascartwright@example.com,1991-06-13,(0808) 157 0327,"Flat 61
Browne Valley
Port Ericstad
M6 4HG",Female,Bluewater Community & Rehabilitation NHS Trust,White,Canada,Dependent,Medical,Consultant,Emergency & Urgent Care,Urgent Care,CONS,127203,2021-03-27,2021-04-24,18.75,0.5,NMC,Permanent,On Leave,YU765215,FN285697,2029-07-19,2027-01-25,2026-01-27,2026-10-28,2021-04-17
EMP0856,Pauline,Williams,patrick17@example.org,1965-09-20,(0306) 999 0222,"5 Smith Inlet
Jonesberg
HP79 3XU",Male,Eastfield Psychological Services NHS Trust,Black,South Africa,Skilled Worker,Medical,GP,Women & Children,Paediatrics,GP,114767,2025-04-11,2025-05-09,30.0,0.8,HCPC,Permanent,Active,OY406958,IO392504,2029-01-14,2029-03-26,2026-03-03,2026-10-12,2025-05-02
EMP0857,Vanessa,Barton,walliscarole@example.net,1962-01-28,+44121 4960588,"85 Gerald Rapid
Port Hannah
FY59 8GS",Female,Midlands Central Hospitals NHS Trust,White,United Kingdom,Dependent,Nursing,Ward Manager,Critical Care & Anaesthesia,Pain Management,8A,60690,2018-04-26,2018-05-31,15.0,0.4,NMC,Fixed Term,Inactive,BB318052,ZN789126,2029-01-24,2029-11-06,2026-04-13,2027-04-16,2018-05-17
EMP0858,Ryan,Pollard,jay44@example.net,2002-01-08,0115 4960671,"Flat 89T
Rowe Throughway
North Bethanymouth
BL9 8PE",Female,Valleyview Mental Wellness NHS Trust,Asian,Japan,ILR,Medical,SHO,Emergency & Urgent Care,Emergency Department,SHO,45171,2024-06-19,2024-07-31,30.0,0.8,HCPC,Bank,Inactive,JU896976,QT393257,2028-11-20,2028-09-16,2026-01-09,2027-02-07,2024-07-10
EMP0859,Jayne,Fletcher,ysmith@example.com,2006-05-07,+44(0)141 4960698,"18 Joshua Springs
Khanburgh
YO2Y 5AT",Female,Westborough Acute Care NHS Trust,Asian,India,Dependent,Medical,SHO,Women & Children,Postnatal Care,SHO,53205,2021-05-28,2021-07-02,18.75,0.5,GMC,Bank,Suspended,JJ991875,KS245352,2029-11-29,2031-03-31,2026-04-18,2026-11-25,2021-06-18
EMP0860,Timothy,Ashton,carolhughes@example.org,1973-05-02,(0151) 4960163,"628 Gould Common
Port Michaelberg
TD4V 8EW",Male,Horizon Integrated Health Partnership NHS Trust,Asian,India,British Citizen,Nursing,Ward Manager,Critical Care & Anaesthesia,Pain Management,8A,62904,2021-09-23,2021-10-28,37.5,1.0,None,Bank,Active,TT611438,PP979081,2028-08-10,2027-08-12,2026-08-19,2027-06-22,2021-10-14
EMP0861,Diane,Dennis,phartley@example.org,1995-06-24,+44(0)289018995,"4 Martin Mountains
Port Gordonview
DH3 0RS",Female,Midlands Central Hospitals NHS Trust,Asian,China,British Citizen,Medical,GP,Surgery & Cancer,Colorectal Surgery,GP,102595,2024-04-21,2024-05-19,15.0,0.4,NMC,Bank,Inactive,TF329347,OE639467,2028-03-02,2029-09-17,2026-02-20,2026-09-23,2024-05-12
EMP0862,Kim,Smith,hilarytalbot@example.net,1997-02-20,(0191) 496 0521,"Flat 71
Singh Underpass
Sophiebury
RH08 3RY",Female,Valleyview Mental Wellness NHS Trust,White,Australia,Dependent,Nursing,Healthcare Assistant,Clinical Support Services,Pharmacy,2,26658,2019-10-15,2019-11-12,18.75,0.5,None,Fixed Term,On Leave,WX415639,AB470471,2029-03-31,2029-02-08,2026-04-16,2027-04-18,2019-11-05
EMP0863,Kimberley,Taylor,ericknight@example.net,2006-06-01,01164960025,"Studio 0
Kennedy Mountains
Marcusside
WV8 6LH",Female,Meadowbrook Community Health NHS Trust,Asian,China,Skilled Worker,Nursing,Staff Nurse,Critical Care & Anaesthesia,Anaesthesia,5,39756,2025-10-22,2025-11-26,18.75,0.5,GMC,Fixed Term,Suspended,HJ682912,YQ869633,2031-01-13,2031-03-17,2025-10-13,2027-06-20,2025-11-12
EMP0864,Jane,Murray,jay35@example.org,1998-08-16,0289018014,"Studio 9
Gray Ferry
South Hazel
E07 9LG",Male,Southvale Hospitals NHS Trust,Asian,Japan,Dependent,Medical,GP,Surgery & Cancer,Breast Surgery,GP,100177,2024-05-02,2024-05-30,18.75,0.5,NMC,Fixed Term,Inactive,NC080619,XZ232622,2028-10-01,2030-08-03,2025-12-24,2027-06-25,2024-05-23
EMP0865,Luke,Fuller,ahmedbethany@example.net,1987-01-03,+44161 4960091,"87 Jill Valleys
New Beverleyshire
IG1 8QF",Female,Bluewater Community & Rehabilitation NHS Trust,Black,Barbados,ILR,Medical,Consultant,Corporate Services,Human Resources,CONS,98327,2023-09-27,2023-11-01,20.0,0.53,GMC,Permanent,Active,WG163402,QP289091,2028-01-02,2028-02-02,2026-04-28,2027-09-11,2023-10-18
EMP0866,Joel,Robinson,odonnelljoanne@example.com,1985-05-09,01414960379,"Studio 15W
Warren Parkways
New Kevinhaven
BT6 0XS",Female,Bluewater Community & Rehabilitation NHS Trust,Mixed,Nigeria,Skilled Worker,Nursing,Senior Staff Nurse,Corporate Services,Facilities Management,6,53859,2025-01-14,2025-02-11,20.0,0.53,None,Fixed Term,On Leave,LV455069,VB335964,2027-06-01,2029-02-14,2026-02-24,2027-05-15,2025-02-04
EMP0867,Tom,Chamberlain,elliott13@example.net,1983-08-13,09098790312,"Studio 01w
Briggs Valleys
Lyndamouth
N82 0WZ",Female,Broadfield Clinical Services NHS Trust,Mixed,Trinidad and Tobago,ILR,AHP,Speech Therapist,Corporate Services,Human Resources,6,44424,2018-07-31,2018-08-28,30.0,0.8,NMC,Fixed Term,Suspended,NF974655,DM213448,2028-11-14,2027-06-27,2026-03-08,2027-06-26,2018-08-21
EMP0868,Colin,Francis,kdixon@example.org,1973-01-21,+44909 879 0646,"987 Williams Island
South Rhysview
N2S 6PH",Female,Valleyview Mental Wellness NHS Trust,Black,Ghana,Skilled Worker,Nursing,Ward Manager,Surgery & Cancer,Breast Surgery,8A,63451,2022-07-20,2022-08-17,18.75,0.5,None,Permanent,Suspended,JF146124,GF365266,2028-01-08,2030-12-09,2026-02-01,2027-01-13,2022-08-10
EMP0869,Elizabeth,Davison,wilsonkeith@example.com,1968-01-04,(0151) 496 0861,"0 Grace Tunnel
Leonardfurt
HP7 4YR",Male,Eastmoor Teaching Hospitals NHS Trust,Mixed,Jamaica,ILR,Nursing,Senior Staff Nurse,Critical Care & Anaesthesia,Anaesthesia,6,53213,2024-01-14,2024-02-18,18.75,0.5,GMC,Bank,Inactive,EY119751,HI286957,2030-05-11,2027-03-05,2026-03-10,2027-03-26,2024-02-04
EMP0870,Robin,Richardson,keith31@example.org,2004-02-13,(028) 9018 0448,"Studio 18
Williams Mews
Petersborough
PO1V 0FS",Female,Midlands Central Hospitals NHS Trust,Black,Nigeria,Dependent,Admin,Administrator,Critical Care & Anaesthesia,Anaesthesia,3,30475,2018-07-10,2018-08-14,18.75,0.5,HCPC,Fixed Term,Active,BF510994,MG849821,2029-03-27,2026-12-15,2026-04-16,2027-05-13,2018-07-31
EMP0871,Anthony,Baldwin,ojames@example.com,1974-06-11,(0131) 4960980,"Studio 68w
Knight Flats
Traceyside
W45 4SG",Male,Riverbank General Hospitals NHS Trust,Mixed,South Africa,British Citizen,Nursing,Healthcare Assistant,Medicine & Acute Care,Haematology,2,27819,2016-10-21,2016-11-25,20.0,0.53,HCPC,Permanent,Inactive,FW746929,IJ679152,2028-09-06,2028-12-06,2025-09-19,2026-09-17,2016-11-11
EMP0872,Mitchell,Evans,joanthompson@example.org,1983-02-12,020 74960260,"23 Moore Haven
Swiftfurt
SP8 6LG",Male,Broadfield Clinical Services NHS Trust,Mixed,Barbados,Dependent,Medical,Consultant,Medicine & Acute Care,Haematology,CONS,126740,2021-03-06,2021-04-10,37.5,1.0,HCPC,Permanent,Active,PJ550749,XJ694368,2030-01-01,2027-04-11,2025-12-10,2027-04-18,2021-03-27
EMP0873,Elaine,Buckley,suzanne33@example.org,1981-09-11,+44(0)191 4960586,"Flat 9
Frost Summit
Baileyton
SL1 7JA",Female,Southvale Hospitals NHS Trust,White,New Zealand,ILR,Nursing,Healthcare Assistant,Women & Children,Paediatrics,2,26333,2020-08-08,2020-09-05,20.0,0.53,GMC,Bank,Inactive,BZ439259,WC099831,2031-06-15,2029-09-22,2025-11-20,2027-03-21,2020-08-29
EMP0874,June,Smith,woodcharlene@example.com,1970-05-19,028 9018 0153,"Flat 50
Harrison Glens
Abdulshire
TS5 6AX",Female,Greenhaven Acute & Specialist Care NHS Trust,Asian,India,Dependent,Medical,Registrar,Clinical Support Services,Pathology,SPR,75118,2025-12-02,2025-12-30,15.0,0.4,HCPC,Bank,Active,BB855874,CS566689,2030-12-06,2027-08-05,2026-06-03,2027-09-11,2025-12-23
EMP0875,Conor,Hudson,adam20@example.org,1986-05-15,+44(0)118 496 0349,"885 Francis Mount
Port Jake
L4T 5RZ",Male,Meadowbrook Community Health NHS Trust,White,New Zealand,ILR,Nursing,Nursery Nurse,Women & Children,Obstetrics,2,27933,2020-10-14,2020-11-18,20.0,0.53,NMC,Fixed Term,Inactive,FM337999,UZ737241,2029-01-16,2029-02-12,2026-01-31,2027-01-23,2020-11-04
EMP0876,Keith,Miller,jill56@example.org,1997-08-05,+44(0)306 9990197,"Flat 00
Catherine Crescent
West Charles
PL2A 1JZ",Female,Westborough Acute Care NHS Trust,Black,Ghana,Dependent,Admin,Receptionist,Corporate Services,Finance,3,27707,2021-04-28,2021-06-09,37.5,1.0,None,Fixed Term,On Leave,RL734623,OX927764,2030-02-28,2029-11-23,2026-03-21,2027-08-10,2021-05-19
EMP0877,Linda,Sinclair,mohammednorth@example.org,2003-05-21,+44(0)29 2018036,"4 Connor Spur
Port Natasha
SR6 7XN",Female,Greenhaven Acute & Specialist Care NHS Trust,White,Australia,Dependent,Admin,Administrator,Clinical Support Services,Occupational Therapy,3,26116,2025-10-19,2025-11-16,18.75,0.5,GMC,Fixed Term,On Leave,RC898954,UN228697,2027-01-30,2031-07-18,2026-07-18,2027-06-24,2025-11-09
EMP0878,Francis,Power,daviesnathan@example.com,1988-08-12,+44(0)1914960816,"2 Thomas Mission
Aimeechester
KA1 8ZG",Female,Northshire University Hospitals NHS Trust,Asian,Thailand,ILR,Admin,Data Analyst,Emergency & Urgent Care,Ambulance Services,8A,61345,2023-08-05,2023-09-02,37.5,1.0,NMC,Fixed Term,Suspended,JN095344,PD140123,2030-05-20,2031-02-06,2026-06-23,2027-04-21,2023-08-26
EMP0879,Adam,Smith,singhteresa@example.com,1971-09-08,+44(0)141 496 0747,"Studio 5
Anna Plaza
Chelseabury
M8D 4HY",Male,Southgate Community & Mental Health NHS Trust,Asian,Thailand,British Citizen,Nursing,Ward Manager,Emergency & Urgent Care,Minor Injuries Unit,8A,55165,2024-05-04,2024-06-15,20.0,0.53,HCPC,Permanent,Active,VE929356,NW174284,2026-09-25,2027-05-10,2026-01-14,2027-08-24,2024-05-25
EMP0880,Dale,Jenkins,jacob81@example.net,1978-11-27,(0131)4960097,"Flat 95m
Kerry Valley
Leannemouth
EN72 6HS",Female,Southvale Hospitals NHS Trust,Black,Jamaica,British Citizen,Admin,Receptionist,Emergency & Urgent Care,Urgent Care,3,28087,2026-04-26,2026-05-31,18.75,0.5,HCPC,Bank,Active,PE120315,FP813050,2027-02-14,2031-08-12,2025-10-07,2026-11-10,2026-05-17
EMP0881,Danielle,Morris,antonywells@example.com,1976-10-09,+4429 2018 0157,"Studio 50H
Holly Well
Stewartview
B0U 9QA",Female,Riverbank General Hospitals NHS Trust,Black,South Africa,British Citizen,Admin,Receptionist,Clinical Support Services,Physiotherapy,3,26075,2016-12-05,2017-01-16,37.5,1.0,NMC,Fixed Term,Inactive,ME690360,ET461373,2028-02-27,2029-07-14,2025-09-24,2027-03-22,2016-12-26
EMP0882,Albert,Austin,johnsonmohammad@example.org,1983-05-08,+44909 879 0769,"355 Price Unions
Jonesview
NW7W 0QJ",Male,Southvale Hospitals NHS Trust,Black,Kenya,ILR,Nursing,Charge Nurse,Women & Children,Paediatrics,7,54459,2026-02-11,2026-03-11,30.0,0.8,HCPC,Bank,Active,GX616944,TA041392,2030-10-09,2031-03-15,2026-02-14,2027-09-03,2026-03-04
EMP0883,Lynne,Hunt,pearsonstacey@example.org,1992-03-24,+44909 8790255,"Flat 35n
Peter Glens
Turnerberg
RG5Y 2NA",Female,Riverside Integrated Care NHS Trust,Asian,Japan,ILR,Medical,FY1/FY2,Surgery & Cancer,Colorectal Surgery,FY1,36266,2025-09-11,2025-10-16,15.0,0.4,GMC,Permanent,On Leave,LR533577,WO379068,2030-03-09,2030-03-05,2025-09-12,2026-09-18,2025-10-02
EMP0884,Jasmine,Savage,yadams@example.org,1982-07-23,+44(0)29 2018625,"568 Morgan Shoals
Port Bradley
W8 1LL",Female,Oakridge Community Services NHS Trust,White,Australia,ILR,Admin,Administrator,Emergency & Urgent Care,Urgent Care,3,31524,2024-10-15,2024-11-26,30.0,0.8,HCPC,Permanent,Active,LH166546,UL307788,2027-12-20,2030-07-15,2026-01-25,2027-07-07,2024-11-05
EMP0885,Gemma,Holland,boothdonna@example.com,1973-08-26,+44(0)121 4960582,"245 Elizabeth Club
Phillipschester
BT57 1BS",Male,Eastfield Psychological Services NHS Trust,Black,Ghana,Skilled Worker,AHP,Physiologist,Medicine & Acute Care,Infectious Diseases,6,54207,2019-08-11,2019-09-08,37.5,1.0,HCPC,Bank,Active,DE432646,SH678643,2030-11-17,2029-11-27,2026-04-14,2027-09-10,2019-09-01
EMP0886,Geraldine,Riley,jhart@example.com,1981-09-14,(028)9018878,"03 Higgins Spring
Louisfurt
SN87 8LQ",Male,Westborough Acute Care NHS Trust,White,United States,Dependent,Medical,SHO,Women & Children,Postnatal Care,SHO,51216,2021-06-29,2021-08-10,15.0,0.4,HCPC,Bank,On Leave,ED426206,VT023596,2028-07-11,2027-09-26,2026-03-13,2027-01-06,2021-07-20
EMP0887,Debra,Brown,hannahwatkins@example.com,1992-04-16,0141 496 0164,"1 Foster Mews
Wrightborough
WD1V 5BF",Male,Riverbank General Hospitals NHS Trust,Black,Barbados,British Citizen,Nursing,Charge Nurse,Clinical Support Services,Occupational Therapy,7,54442,2020-05-07,2020-06-18,15.0,0.4,NMC,Bank,Suspended,YK240494,MS234664,2030-05-19,2027-02-28,2026-01-01,2027-04-16,2020-05-28
EMP0888,John,Pearce,zscott@example.org,1987-11-15,0292018654,"Flat 9
Barbara Dale
Joetown
IM8W 5AW",Male,Valleyview Mental Wellness NHS Trust,White,New Zealand,Skilled Worker,AHP,Physiologist,Medicine & Acute Care,General Surgery,6,47840,2019-04-18,2019-05-30,37.5,1.0,None,Fixed Term,Suspended,PX297175,RE991961,2029-01-07,2030-09-01,2025-12-03,2027-03-18,2019-05-09
EMP0889,Julie,Chapman,lisablack@example.net,1988-08-11,+44(0)116 496 0483,"Flat 20
Aaron Summit
Harriston
W14 0XF",Male,Midlands Central Hospitals NHS Trust,Mixed,Ghana,ILR,Medical,SHO,Corporate Services,Finance,SHO,55135,2020-07-03,2020-08-07,18.75,0.5,GMC,Permanent,Active,MC600498,RH195128,2030-07-17,2029-02-01,2026-02-22,2027-06-30,2020-07-24
EMP0890,Judith,Scott,joanswift@example.net,1974-04-28,0909 879 0523,"6 Nash Lakes
North Adrianborough
E1 0GH",Male,Hillcrest Medical Centres NHS Trust,Mixed,Barbados,Skilled Worker,Nursing,Senior Staff Nurse,Corporate Services,Finance,6,47248,2022-07-31,2022-09-11,15.0,0.4,HCPC,Permanent,Active,LD903763,VY360725,2028-06-06,2031-08-20,2026-05-22,2027-02-23,2022-08-21
EMP0891,Sophie,Cole,sian00@example.org,1995-06-04,+44(0)1914960421,"0 Guy Stravenue
South Jeffreyfurt
M84 5XH",Female,Riverside Integrated Care NHS Trust,Mixed,Thailand,Skilled Worker,Medical,SHO,Emergency & Urgent Care,Emergency Department,SHO,55796,2020-07-11,2020-08-15,37.5,1.0,None,Permanent,Active,XK939973,DX182232,2027-08-27,2027-07-12,2026-05-24,2027-03-02,2020-08-01
EMP0892,Thomas,Andrews,youngjayne@example.net,1968-11-23,+44(0)8081570637,"54 Bethany Alley
Bryanville
SN8 3LS",Male,Riverbank General Hospitals NHS Trust,Asian,China,Skilled Worker,AHP,Radiographer,Clinical Support Services,Radiology,6,54630,2016-10-27,2016-12-01,37.5,1.0,None,Bank,Inactive,GQ641244,HD998242,2027-04-12,2026-11-09,2026-03-20,2027-05-26,2016-11-17
EMP0893,Laura,Fletcher,alexanderlong@example.com,1986-03-27,+44(0)191 4960427,"37 Morley Keys
North Bernard
CW6V 2QZ",Male,Midlands Central Hospitals NHS Trust,Mixed,Kenya,ILR,Medical,SHO,Corporate Services,Facilities Management,SHO,47177,2022-07-17,2022-08-14,30.0,0.8,NMC,Bank,Active,KF089138,KP088315,2029-08-01,2026-10-10,2026-05-01,2026-12-17,2022-08-07
EMP0894,Bradley,Abbott,duncan81@example.com,1984-12-26,+44118 4960647,"330 Davies Island
East Karenfurt
NE3W 1QL",Female,Valleyview Mental Wellness NHS Trust,Asian,China,ILR,AHP,Physiologist,Critical Care & Anaesthesia,Anaesthesia,6,49115,2025-11-03,2025-12-01,37.5,1.0,GMC,Permanent,On Leave,LD918867,RQ768192,2028-04-10,2026-11-18,2026-08-19,2026-09-24,2025-11-24
EMP0895,Ricky,Steele,sam29@example.org,1991-07-02,+4428 9018893,"07 Dennis Drive
North Joel
PH12 8PT",Female,Midlands Central Hospitals NHS Trust,Asian,China,British Citizen,Medical,Consultant,Medicine & Acute Care,Oncology,CONS,129588,2017-08-05,2017-09-02,37.5,1.0,HCPC,Fixed Term,Inactive,PC418753,XW186018,2029-01-27,2030-04-08,2026-08-07,2026-10-26,2017-08-26
EMP0896,Kerry,Marshall,megan96@example.org,1986-05-28,0114 496 0180,"Studio 99e
Dennis Spur
New Edward
G77 5WQ",Male,Riverbank General Hospitals NHS Trust,White,Canada,British Citizen,AHP,Speech Therapist,Corporate Services,IT Support,6,52914,2017-02-01,2017-03-15,30.0,0.8,HCPC,Fixed Term,Active,NO439224,RC093313,2027-11-04,2027-12-12,2026-06-11,2026-11-26,2017-02-22
EMP0897,Adrian,Walker,amanda08@example.org,1982-02-22,(029) 2018 0109,"1 Brian Plaza
Lynneland
LN7 3NS",Female,Riverside Integrated Care NHS Trust,White,Canada,Dependent,Admin,Data Analyst,Surgery & Cancer,ENT Surgery,8A,62308,2016-12-15,2017-01-12,37.5,1.0,HCPC,Permanent,Active,XC677157,GS355494,2029-10-30,2031-08-03,2025-12-25,2027-02-21,2017-01-05
EMP0898,Judith,Field,phillipspeter@example.net,1980-09-07,0306 999 0459,"33 Molly Courts
West Wendytown
N1W 2QS",Female,Westmere Community Health NHS Trust,Asian,China,British Citizen,Admin,Medical Secretary,Women & Children,Obstetrics,4,30732,2023-03-30,2023-05-11,37.5,1.0,NMC,Fixed Term,On Leave,KC084139,FJ495754,2027-04-09,2031-04-26,2026-08-28,2027-05-30,2023-04-20
EMP0899,Tony,Elliott,gareth61@example.net,1972-10-10,(0113)4960442,"Studio 1
Nathan Flat
Lake Stanley
DT0 2DB",Male,Hillcrest Medical Centres NHS Trust,White,Australia,Dependent,Admin,Medical Secretary,Critical Care & Anaesthesia,Pain Management,4,30318,2021-08-29,2021-09-26,15.0,0.4,HCPC,Permanent,Suspended,EA987763,AQ530730,2031-02-07,2027-06-01,2026-07-19,2027-06-18,2021-09-19
EMP0900,Harry,Hughes,antony60@example.org,1987-11-12,(028)9018353,"Studio 49
Sophie Terrace
Rickyfort
BA6N 6FF",Female,Eastmoor Teaching Hospitals NHS Trust,Mixed,United Kingdom,British Citizen,Admin,Data Analyst,Women & Children,Obstetrics,8A,65764,2025-06-29,2025-08-10,20.0,0.53,NMC,Fixed Term,Inactive,SH162740,KT214220,2027-01-05,2027-02-23,2025-09-21,2027-03-15,2025-07-20
EMP0901,Donna,Gould,jonesleslie@example.com,1983-01-04,+448081570851,"Flat 7
Abigail Cliffs
New Anne
WF1N 3DT",Female,Westmere Community Health NHS Trust,White,Australia,Skilled Worker,Medical,FY1/FY2,Surgery & Cancer,Breast Surgery,FY1,39974,2024-12-11,2025-01-15,15.0,0.4,NMC,Fixed Term,Active,MJ871515,EE853630,2027-09-14,2028-02-16,2026-02-04,2026-09-15,2025-01-01
EMP0902,Kyle,Lowe,bthompson@example.net,1973-02-11,(0117) 4960765,"Studio 65
Long Gateway
New Harriet
SM8R 9PB",Female,Horizon Integrated Health Partnership NHS Trust,Black,South Africa,Skilled Worker,Medical,FY1/FY2,Clinical Support Services,Occupational Therapy,FY1,41400,2018-11-19,2018-12-17,15.0,0.4,NMC,Permanent,Active,KB245923,KQ548593,2028-01-08,2030-07-14,2026-02-23,2027-05-11,2018-12-10
EMP0903,Cheryl,Marshall,hodgsonbrett@example.org,1985-11-06,+44(0)29 2018 0738,"Flat 0
Young Flat
Rileyville
ML60 3UR",Female,Westborough Acute Care NHS Trust,Asian,India,Skilled Worker,Admin,Administrator,Emergency & Urgent Care,Minor Injuries Unit,3,27871,2021-02-07,2021-03-07,30.0,0.8,None,Permanent,Suspended,NY701428,VY839237,2029-02-11,2028-02-19,2026-06-18,2026-10-06,2021-02-28
EMP0904,Ruth,Barnett,njenkins@example.net,2002-01-03,(0131) 4960639,"Studio 01t
Metcalfe Mount
East Gemmaport
G97 8EF",Female,Lakeside District Hospitals NHS Trust,White,Canada,Skilled Worker,Nursing,Senior Staff Nurse,Women & Children,Gynaecology,6,54872,2017-12-07,2018-01-18,15.0,0.4,GMC,Fixed Term,Active,VT569240,OB717515,2028-01-08,2030-06-06,2025-11-10,2026-10-06,2017-12-28
EMP0905,Toby,Lamb,hammondryan@example.com,1968-09-06,(0808) 1570407,"Flat 70
Edwards Track
Port Kimberleystad
LL06 9HX",Female,Northwood Mental Health NHS Trust,White,Canada,British Citizen,Medical,GP,Medicine & Acute Care,Haematology,GP,104031,2024-09-12,2024-10-10,15.0,0.4,GMC,Fixed Term,On Leave,SK817693,CS728298,2029-03-19,2028-08-16,2025-11-22,2027-06-25,2024-10-03
EMP0906,Terry,Ashton,clarethomas@example.org,1987-10-20,+44116 496 0913,"5 Joyce Inlet
Dianafurt
HD4 9XW",Male,Northshire University Hospitals NHS Trust,Mixed,Trinidad and Tobago,Skilled Worker,Admin,Medical Secretary,Clinical Support Services,Occupational Therapy,4,33479,2020-07-28,2020-09-01,15.0,0.4,None,Fixed Term,Inactive,LF942519,DS598921,2029-01-17,2029-03-18,2026-08-17,2027-01-29,2020-08-18
EMP0907,Diane,Scott,walkernatalie@example.org,1992-04-21,+44(0)116 4960406,"Flat 47d
Davies Streets
East Chloeberg
PA2A 8QE",Female,Southvale Hospitals NHS Trust,Asian,Thailand,Skilled Worker,AHP,Pharmacist,Emergency & Urgent Care,Ambulance Services,5,39399,2025-10-19,2025-11-30,18.75,0.5,GMC,Fixed Term,Active,RP335037,BL032214,2026-11-01,2027-03-03,2025-12-22,2027-08-15,2025-11-09
EMP0908,Vanessa,Rogers,bhughes@example.com,1979-08-25,+44(0)306 9990586,"Flat 5
Gill Heights
Hobbston
N0T 4EX",Female,Riverside Integrated Care NHS Trust,Black,Ghana,ILR,Nursing,Healthcare Assistant,Clinical Support Services,Physiotherapy,2,26176,2022-12-29,2023-02-02,15.0,0.4,NMC,Fixed Term,Suspended,ZZ379252,IS588855,2028-01-03,2030-01-23,2025-10-07,2027-02-19,2023-01-19
EMP0909,Lynn,Cooper,bernardherbert@example.net,2008-04-07,+44(0)1144960257,"293 Hutchinson Place
West Louis
PR9X 6YJ",Male,Eastfield Psychological Services NHS Trust,White,United States,Skilled Worker,AHP,Occupational Therapist,Clinical Support Services,Radiology,6,46405,2022-01-26,2022-03-09,18.75,0.5,GMC,Bank,Suspended,JK602537,GG696518,2029-10-16,2027-02-09,2026-09-11,2026-12-31,2022-02-16
EMP0910,Hazel,Johnson,morganchristine@example.com,1975-11-01,(0161)4960030,"Flat 72z
Ricky Coves
Port Sam
PL2N 0NT",Female,Southvale Hospitals NHS Trust,Mixed,China,ILR,AHP,Pharmacist,Clinical Support Services,Physiotherapy,5,42655,2020-09-30,2020-10-28,18.75,0.5,NMC,Bank,Active,ZP307162,KG167846,2030-05-10,2030-04-26,2026-08-02,2027-02-09,2020-10-21
EMP0911,Stephanie,Marsh,gfreeman@example.org,2003-04-09,(028)9018417,"Studio 9
Lynch Row
New Thomasland
E86 4GN",Male,Northwood Mental Health NHS Trust,Black,Jamaica,Skilled Worker,Nursing,Healthcare Assistant,Emergency & Urgent Care,Ambulance Services,2,25293,2026-08-11,2026-09-15,20.0,0.53,HCPC,Fixed Term,Active,SS651233,FA886151,2029-01-11,2029-08-30,2025-11-28,2027-08-19,2026-09-01
EMP0912,Howard,Davis,cameronfarmer@example.com,1971-01-30,+44(0)116 496 0843,"1 Jenna Course
Peterport
TA2P 4YQ",Male,Westmere Community Health NHS Trust,White,New Zealand,Dependent,Nursing,Nursery Nurse,Medicine & Acute Care,Geriatrics,2,24580,2019-01-01,2019-01-29,18.75,0.5,NMC,Fixed Term,Inactive,AW270778,KW599836,2031-04-10,2029-09-19,2025-11-08,2027-05-13,2019-01-22
EMP0913,Kevin,Thomson,datkins@example.com,1961-10-15,+441632960249,"Flat 0
Jayne Crossroad
Philiphaven
PL5 8DG",Female,Riverbank General Hospitals NHS Trust,Mixed,Trinidad and Tobago,British Citizen,AHP,Pharmacist,Corporate Services,IT Support,5,44368,2020-05-19,2020-06-16,15.0,0.4,HCPC,Fixed Term,Active,EA398451,SC907521,2029-10-18,2030-10-01,2026-03-16,2027-02-09,2020-06-09
EMP0914,Nathan,Robson,otaylor@example.net,2004-11-29,01214960678,"Studio 36
Gill Park
North Sheilaborough
N04 4UF",Female,Oakridge Community Services NHS Trust,Mixed,South Africa,ILR,Nursing,Nursery Nurse,Surgery & Cancer,Breast Surgery,2,27480,2017-07-02,2017-07-30,15.0,0.4,NMC,Fixed Term,Inactive,DP389559,AZ948880,2028-11-20,2028-03-06,2026-07-18,2027-05-27,2017-07-23
EMP0915,Kirsty,James,uatkinson@example.com,1979-07-20,+44(0)1414960295,"Studio 11E
Daniel Fall
Bethanstad
BB8B 1UZ",Male,Northwood Mental Health NHS Trust,Black,South Africa,British Citizen,AHP,Speech Therapist,Women & Children,Postnatal Care,6,50795,2016-10-03,2016-10-31,37.5,1.0,None,Permanent,Active,MX329506,FU131952,2027-09-22,2031-02-25,2025-12-14,2027-01-12,2016-10-24
EMP0916,Jayne,Lynch,sandersellie@example.com,2006-07-05,(0113) 4960317,"Studio 2
Janice Mews
Pattersonburgh
E6 6GS",Male,Northwood Mental Health NHS Trust,Asian,China,ILR,AHP,Speech Therapist,Critical Care & Anaesthesia,Anaesthesia,6,44123,2025-02-14,2025-03-21,15.0,0.4,GMC,Fixed Term,Suspended,GT059576,IO656100,2028-08-14,2027-01-26,2026-07-04,2027-03-20,2025-03-07
EMP0917,Julia,Simpson,ronaldshort@example.net,1985-11-03,(0113) 496 0424,"Studio 2
Harriet Radial
West Lawrence
SK94 2XX",Female,Eastfield Psychological Services NHS Trust,Black,South Africa,British Citizen,Medical,Registrar,Surgery & Cancer,Colorectal Surgery,SPR,81005,2025-03-27,2025-05-08,15.0,0.4,NMC,Permanent,Suspended,AJ866989,PG001281,2028-12-05,2027-09-17,2025-10-15,2026-11-20,2025-04-17
EMP0918,Eric,Lowe,brownjennifer@example.org,1976-02-13,0118 496 0370,"585 Justin Pass
North Angela
B8 2PJ",Female,Valleyview Mental Wellness NHS Trust,Black,Trinidad and Tobago,ILR,AHP,Pharmacist,Women & Children,Postnatal Care,5,39410,2024-05-02,2024-05-30,30.0,0.8,None,Fixed Term,Inactive,UQ577502,WB500592,2030-03-04,2027-03-20,2026-05-26,2027-01-12,2024-05-23
EMP0919,Jean,Thompson,scarroll@example.org,1967-09-08,0118 4960205,"708 McCarthy Union
East Jakeville
B68 3JQ",Female,Eastmoor Teaching Hospitals NHS Trust,Mixed,Jamaica,Dependent,AHP,Radiographer,Clinical Support Services,Pathology,6,44985,2024-04-04,2024-05-16,37.5,1.0,NMC,Bank,On Leave,SU970365,UI911479,2030-03-31,2027-01-29,2025-12-18,2027-01-24,2024-04-25
EMP0920,Georgina,Wright,jamie25@example.net,1961-03-09,+44909 879 0868,"89 Alexander Mills
West Keith
N3 2US",Female,Midlands Central Hospitals NHS Trust,Mixed,United States,ILR,Medical,Registrar,Surgery & Cancer,Orthopaedics,SPR,82953,2016-10-17,2016-11-14,30.0,0.8,GMC,Bank,On Leave,OO557075,OK026162,2028-01-07,2030-09-15,2026-03-17,2026-09-12,2016-11-07
EMP0921,Christian,Bolton,ross44@example.org,2003-04-25,+44(0)161 496 0258,"96 Wilson Underpass
Port Patrickview
G5U 1ZH",Male,Southvale Hospitals NHS Trust,Mixed,Ghana,ILR,Admin,Administrator,Corporate Services,Human Resources,3,27362,2020-09-24,2020-10-29,30.0,0.8,HCPC,Bank,Inactive,WM294010,VQ562236,2028-07-12,2028-01-24,2026-07-29,2027-07-16,2020-10-15
EMP0922,Judith,Byrne,joan00@example.com,1975-01-31,029 2018 0674,"Studio 3
James Run
Slatermouth
CW8A 0RT",Female,Broadfield Clinical Services NHS Trust,White,United States,ILR,Medical,SHO,Emergency & Urgent Care,Minor Injuries Unit,SHO,48138,2018-02-22,2018-03-22,15.0,0.4,None,Permanent,Inactive,ID879029,SJ689210,2030-07-13,2029-05-07,2026-01-17,2027-09-01,2018-03-15
EMP0923,Zoe,Jenkins,cameronbond@example.net,1993-08-22,+44(0)118 496 0215,"3 Chambers Ports
Lynneport
SN2 1ZD",Female,Horizon Integrated Health Partnership NHS Trust,Mixed,Kenya,British Citizen,Admin,Data Analyst,Clinical Support Services,Occupational Therapy,8A,67630,2023-04-24,2023-05-29,30.0,0.8,GMC,Fixed Term,Suspended,ZL964250,BJ113222,2027-06-23,2028-01-12,2026-06-28,2027-07-12,2023-05-15
EMP0924,Clive,Watson,whussain@example.org,1969-06-13,0116 496 0570,"Flat 94w
Peter Forges
Batestown
E42 5YU",Female,Horizon Integrated Health Partnership NHS Trust,White,Canada,Dependent,Medical,FY1/FY2,Surgery & Cancer,Colorectal Surgery,FY1,40346,2023-06-29,2023-08-03,18.75,0.5,GMC,Fixed Term,Active,QJ870991,YG124173,2027-05-13,2028-08-30,2026-02-09,2026-11-26,2023-07-20
EMP0925,Lydia,O'Sullivan,judith39@example.net,2002-12-20,0909 879 0935,"Studio 1
Yvonne Lights
Knightton
B91 9ZR",Male,Oakridge Community Services NHS Trust,Asian,Japan,ILR,Admin,Receptionist,Medicine & Acute Care,Gastroenterology,3,29213,2020-10-01,2020-11-05,18.75,0.5,GMC,Fixed Term,On Leave,RF427274,LB040380,2027-05-18,2029-03-30,2025-12-01,2027-04-01,2020-10-22
EMP0926,Jasmine,Reynolds,nathan69@example.net,2001-09-17,0808 1570367,"Studio 5
Brown Corner
Bruceshire
W0 2ZF",Male,Midlands Central Hospitals NHS Trust,White,United Kingdom,British Citizen,Medical,GP,Women & Children,Gynaecology,GP,102095,2019-01-03,2019-02-14,18.75,0.5,NMC,Permanent,Active,NC360527,AM291281,2029-12-08,2030-06-30,2025-11-30,2027-05-31,2019-01-24
EMP0927,Leon,Butler,robinakhtar@example.org,2006-08-08,+44113 496 0474,"Studio 6
Ryan Coves
Reynoldsmouth
OL88 5GD",Male,Westmere Community Health NHS Trust,Mixed,Australia,ILR,Medical,GP,Emergency & Urgent Care,Urgent Care,GP,105122,2017-08-21,2017-09-25,18.75,0.5,HCPC,Fixed Term,Inactive,GH341920,TE174234,2031-03-10,2028-01-05,2025-10-16,2026-09-20,2017-09-11
EMP0928,Gemma,Davison,bsavage@example.com,2001-10-25,(0191) 496 0393,"607 Reed Mount
Greenport
YO5 8WP",Female,Horizon Integrated Health Partnership NHS Trust,Mixed,Thailand,ILR,Medical,Consultant,Women & Children,Postnatal Care,CONS,127116,2024-08-19,2024-09-16,15.0,0.4,HCPC,Fixed Term,Inactive,DN184017,WQ880627,2027-09-18,2026-11-11,2026-03-10,2026-11-14,2024-09-09
EMP0929,Donna,Gibson,louisroberts@example.com,2006-03-21,+4420 74960380,"360 Ferguson Curve
Bellland
NW47 2NJ",Female,Riverside Integrated Care NHS Trust,Asian,India,ILR,AHP,Physiotherapist,Women & Children,Obstetrics,6,50699,2016-12-20,2017-01-31,15.0,0.4,NMC,Fixed Term,Suspended,IV167052,WV912871,2027-11-14,2029-07-17,2025-09-14,2026-10-04,2017-01-10
EMP0930,Alexandra,Matthews,groberts@example.com,1994-07-23,+44(0)1184960874,"Studio 90
Bethan Plaza
New Steven
NR42 8LP",Female,Riverbank General Hospitals NHS Trust,Mixed,Canada,ILR,Medical,FY1/FY2,Critical Care & Anaesthesia,Anaesthesia,FY1,38534,2025-11-27,2026-01-01,30.0,0.8,NMC,Fixed Term,Inactive,SX387130,PN520832,2030-07-04,2028-11-09,2026-08-15,2026-12-30,2025-12-18
EMP0931,Rachel,Daly,francescadavison@example.com,2007-12-24,0113 496 0593,"Studio 2
George Isle
Taylorborough
EH5 9BF",Male,Eastmoor Teaching Hospitals NHS Trust,White,Australia,ILR,AHP,Pharmacist,Women & Children,Gynaecology,5,42398,2025-02-25,2025-04-08,37.5,1.0,NMC,Fixed Term,Suspended,OC706765,BF521435,2028-07-25,2030-06-10,2025-12-31,2027-09-11,2025-03-18
EMP0932,Patrick,Moss,andersonlorraine@example.net,1961-09-23,(0909) 879 0277,"23 Campbell Pines
Cookeview
L7 3WF",Male,Southvale Hospitals NHS Trust,Black,Jamaica,Skilled Worker,Admin,Administrator,Emergency & Urgent Care,Minor Injuries Unit,3,27980,2021-11-06,2021-12-04,20.0,0.53,HCPC,Permanent,Inactive,YJ949086,RA785597,2030-10-20,2030-06-06,2026-03-22,2027-08-20,2021-11-27
EMP0933,Leah,Gray,timothy29@example.net,1969-03-12,+44(0)28 9018872,"156 Lynn Fields
West Elliot
E4 7PX",Female,Horizon Integrated Health Partnership NHS Trust,White,New Zealand,Skilled Worker,Admin,Data Analyst,Medicine & Acute Care,Dermatology,8A,65112,2018-03-13,2018-04-10,20.0,0.53,HCPC,Fixed Term,Inactive,PO690383,ZT212961,2027-10-12,2030-07-30,2026-02-14,2027-05-20,2018-04-03
EMP0934,Dominic,Greenwood,wakhtar@example.org,1980-04-18,03069990034,"885 Carl Run
Elizabethchester
OX0W 0TG",Female,Valleyview Mental Wellness NHS Trust,White,United States,ILR,Medical,FY1/FY2,Corporate Services,Human Resources,FY1,40644,2020-07-31,2020-08-28,30.0,0.8,None,Bank,Inactive,IJ318024,AF854950,2030-12-19,2029-05-16,2026-09-03,2026-10-21,2020-08-21
EMP0935,Peter,Smith,joelee@example.com,1964-01-18,+44191 496 0651,"Studio 6
French Extensions
Cooperland
S3 6XP",Female,Northwood Mental Health NHS Trust,White,Canada,ILR,AHP,Physiologist,Corporate Services,Facilities Management,6,47337,2021-12-17,2022-01-21,20.0,0.53,None,Bank,Inactive,JB391668,QK560260,2026-12-22,2027-01-07,2026-01-03,2027-03-15,2022-01-07
EMP0936,Kayleigh,Walker,colepaige@example.org,1968-09-02,(0113) 496 0682,"378 Alexander Road
West Geraldine
UB83 1HP",Female,Horizon Integrated Health Partnership NHS Trust,White,Australia,Dependent,Nursing,Staff Nurse,Surgery & Cancer,Orthopaedics,5,41561,2025-05-03,2025-06-07,30.0,0.8,None,Fixed Term,Active,YR392674,ZE704683,2026-10-17,2028-10-18,2025-11-22,2026-09-29,2025-05-24
EMP0937,Jenna,Parker,abbiejones@example.net,1982-05-11,+44117 496 0379,"Studio 8
Begum Landing
New Christian
HR03 2QS",Male,Hillcrest Medical Centres NHS Trust,Asian,Thailand,Dependent,Nursing,Healthcare Assistant,Women & Children,Gynaecology,2,26423,2018-07-13,2018-08-24,18.75,0.5,NMC,Bank,Suspended,QK099320,DP812956,2031-01-24,2028-06-20,2025-10-05,2027-07-31,2018-08-03
EMP0938,Christine,Clements,terenceriley@example.net,1994-04-05,(0306) 9990420,"Studio 17O
Scott Spring
Johnview
S6A 5XF",Female,Westborough Acute Care NHS Trust,Mixed,Nigeria,Dependent,Nursing,Charge Nurse,Medicine & Acute Care,Rheumatology,7,60878,2018-01-10,2018-02-14,18.75,0.5,None,Permanent,On Leave,GO597754,SL582562,2031-03-28,2030-01-13,2026-07-28,2027-05-28,2018-01-31
EMP0939,Danny,Humphreys,tobychamberlain@example.org,1978-11-23,+44(0)1632 960188,"91 Davis Point
West Joshua
ZE7E 6AE",Female,Lakeside District Hospitals NHS Trust,White,United States,British Citizen,AHP,Physiologist,Medicine & Acute Care,Nephrology,6,49412,2017-11-20,2018-01-01,37.5,1.0,HCPC,Fixed Term,On Leave,II504652,PB884535,2026-10-02,2030-11-26,2026-01-20,2026-09-17,2017-12-11
EMP0940,Janet,Hunt,jonesvictor@example.net,1991-08-11,(0114) 4960507,"8 Leslie Village
Evansside
N4G 0DH",Female,Midlands Central Hospitals NHS Trust,White,United Kingdom,British Citizen,AHP,Physiologist,Clinical Support Services,Physiotherapy,6,52153,2022-12-21,2023-02-01,18.75,0.5,None,Permanent,On Leave,JF769919,QK316014,2026-10-22,2030-01-17,2026-07-18,2027-03-25,2023-01-11
EMP0941,Andrew,Lewis,gturner@example.org,1987-03-02,0116 496 0123,"Studio 15d
Jean Flat
New Howard
M93 3GQ",Female,Riverside Integrated Care NHS Trust,Mixed,Jamaica,Dependent,Medical,Registrar,Clinical Support Services,Physiotherapy,SPR,78859,2022-07-25,2022-09-05,18.75,0.5,HCPC,Bank,On Leave,ZU464166,ZZ518832,2029-02-11,2027-03-26,2026-07-25,2026-11-10,2022-08-15
EMP0942,Oliver,Fleming,shannonharvey@example.com,1989-12-12,(0161) 496 0920,"28 Anthony Station
Port Kimshire
E17 0BX",Female,Eastfield Psychological Services NHS Trust,White,United States,Dependent,AHP,Pharmacist,Critical Care & Anaesthesia,Pain Management,5,44284,2026-05-23,2026-06-20,20.0,0.53,GMC,Bank,Active,JR975723,TJ007263,2027-05-12,2030-11-04,2026-02-23,2027-03-14,2026-06-13
EMP0943,Mitchell,Humphreys,jgreen@example.com,2006-12-06,+44191 4960288,"Flat 3
Edwards Glen
Nixonville
M0 4WQ",Male,Eastfield Psychological Services NHS Trust,Black,Trinidad and Tobago,British Citizen,Medical,SHO,Women & Children,Postnatal Care,SHO,45137,2016-10-20,2016-11-24,18.75,0.5,NMC,Bank,Active,FT286742,NK896145,2028-09-14,2029-03-09,2026-01-16,2027-06-11,2016-11-10
EMP0944,Cheryl,Price,greenpaige@example.org,1974-03-29,(0191)4960840,"Flat 30h
Katy Summit
North Jack
NG83 4PB",Male,Valleyview Mental Wellness NHS Trust,Asian,Thailand,ILR,Admin,Administrator,Women & Children,Obstetrics,3,28832,2026-08-02,2026-09-13,20.0,0.53,None,Bank,On Leave,WI064049,FS159974,2028-03-13,2030-06-16,2026-06-27,2026-12-24,2026-08-23
EMP0945,Karen,Murphy,louise31@example.net,1962-09-13,(0121) 4960595,"4 Winter Pike
Port Russellside
HS8P 7YL",Male,Hillcrest Medical Centres NHS Trust,Asian,Japan,Skilled Worker,Admin,Medical Secretary,Clinical Support Services,Physiotherapy,4,35354,2020-06-02,2020-07-14,18.75,0.5,None,Bank,Inactive,NN901168,DW925758,2027-08-13,2028-06-13,2026-02-06,2026-09-23,2020-06-23
EMP0946,Joanne,Parkes,danny49@example.com,1962-05-23,(0808) 157 0557,"14 Hughes Overpass
North Stephen
N5 2LH",Male,Westmere Community Health NHS Trust,Black,Barbados,Skilled Worker,AHP,Physiotherapist,Corporate Services,Communications,6,45696,2022-12-28,2023-01-25,37.5,1.0,None,Bank,Suspended,LR018790,ZM076721,2028-06-20,2028-02-13,2026-07-27,2026-12-29,2023-01-18
EMP0947,Gary,Hutchinson,wmitchell@example.org,1973-07-29,+441214960004,"42 Lynda Street
South Naomibury
B61 4UX",Male,Bluewater Community & Rehabilitation NHS Trust,Black,South Africa,British Citizen,Medical,FY1/FY2,Critical Care & Anaesthesia,Anaesthesia,FY1,37370,2016-11-21,2016-12-26,15.0,0.4,GMC,Bank,On Leave,FG952875,UV382613,2029-03-16,2027-03-24,2026-05-30,2027-09-01,2016-12-12
EMP0948,Shane,Bell,pauline86@example.org,1983-06-29,+44(0)20 7496 0319,"653 Bradley Radial
East Patriciaview
BB0M 0ER",Female,Northwood Mental Health NHS Trust,Asian,Thailand,British Citizen,Medical,Consultant,Surgery & Cancer,General Surgery,CONS,129874,2022-06-25,2022-08-06,20.0,0.53,NMC,Permanent,Inactive,DC353130,DS185193,2026-12-21,2028-11-28,2026-03-06,2027-05-22,2022-07-16
EMP0949,Paula,Preston,zrobinson@example.com,1993-04-22,+44(0)1144960633,"22 Sanderson Cape
Harrisonburgh
BT84 5UQ",Male,Riverbank General Hospitals NHS Trust,White,United Kingdom,British Citizen,Admin,Receptionist,Medicine & Acute Care,Nephrology,3,30627,2024-08-03,2024-09-07,20.0,0.53,GMC,Fixed Term,On Leave,XV980873,DQ980756,2028-07-15,2031-04-02,2026-03-05,2027-07-12,2024-08-24
EMP0950,Ryan,Griffin,holmesmatthew@example.net,1999-07-06,+441164960217,"775 Randall Roads
Hallmouth
TS14 2JB",Male,Eastmoor Teaching Hospitals NHS Trust,Mixed,Jamaica,Skilled Worker,Nursing,Staff Nurse,Corporate Services,Communications,5,40686,2017-01-09,2017-02-20,20.0,0.53,GMC,Permanent,Inactive,JQ774992,OQ055172,2031-09-02,2030-09-02,2026-06-30,2027-05-22,2017-01-30
EMP0951,Kayleigh,Jones,abbie54@example.com,1970-09-16,+44(0)8081570557,"0 Danielle Field
Joannastad
S9 9FX",Male,Eastfield Psychological Services NHS Trust,Mixed,United Kingdom,ILR,Medical,SHO,Medicine & Acute Care,Neurology,SHO,58445,2016-11-13,2016-12-11,18.75,0.5,NMC,Permanent,On Leave,LW557537,PA730844,2031-09-05,2028-06-09,2025-09-15,2027-07-08,2016-12-04
EMP0952,Alison,Daniels,irenebyrne@example.com,1973-04-10,029 2018957,"Studio 80
Stephen Corners
Port Owen
NR03 8AN",Female,Midlands Central Hospitals NHS Trust,Black,Ghana,Dependent,Nursing,Staff Nurse,Medicine & Acute Care,Nephrology,5,43516,2017-10-13,2017-11-24,37.5,1.0,NMC,Bank,Suspended,JO438534,PZ225605,2030-03-20,2029-08-06,2026-07-21,2027-02-23,2017-11-03
EMP0953,William,Slater,rwheeler@example.com,1962-10-28,(0118)4960539,"1 Ian Cove
Wardberg
NG67 2LE",Male,Southvale Hospitals NHS Trust,Mixed,New Zealand,Skilled Worker,Admin,Medical Secretary,Surgery & Cancer,Neurosurgery,4,37845,2022-03-07,2022-04-18,18.75,0.5,NMC,Fixed Term,Active,OV311529,NG702692,2026-09-27,2027-06-12,2025-12-13,2027-05-21,2022-03-28
EMP0954,Susan,Roberts,alidamian@example.com,2002-10-10,+44(0)1614960521,"0 Davies Mountain
Victorborough
E3D 0ZY",Female,Broadfield Clinical Services NHS Trust,White,United States,ILR,AHP,Occupational Therapist,Clinical Support Services,Pharmacy,6,50267,2025-06-19,2025-07-31,18.75,0.5,None,Fixed Term,Suspended,YN656354,FS535661,2027-04-11,2027-08-24,2026-03-23,2027-06-06,2025-07-10
EMP0955,Hazel,Scott,whiteheadstanley@example.net,1987-05-20,+44116 4960509,"Studio 58p
Olivia Shoal
Elliefort
W6 2AY",Female,Eastfield Psychological Services NHS Trust,Mixed,Nigeria,Skilled Worker,Medical,Registrar,Women & Children,Postnatal Care,SPR,65352,2021-05-01,2021-05-29,18.75,0.5,NMC,Permanent,Active,XZ835072,TS214614,2030-12-03,2028-09-26,2026-05-08,2027-03-05,2021-05-22
EMP0956,Leah,Reynolds,christopher84@example.com,1974-04-08,(0118) 496 0153,"260 Anthony Land
Ahmedview
AB9 3DX",Female,Southgate Community & Mental Health NHS Trust,White,Canada,Dependent,Admin,Data Analyst,Women & Children,Postnatal Care,8A,65097,2026-08-05,2026-09-16,18.75,0.5,None,Bank,Active,FK517915,CK393978,2030-07-05,2031-04-05,2026-05-04,2027-01-22,2026-08-26
EMP0957,Liam,Murphy,carolinejackson@example.com,1994-12-25,(0113) 496 0505,"56 Heather Views
Whiteshire
TS6R 5ZD",Female,Northwood Mental Health NHS Trust,Asian,India,Dependent,Nursing,Senior Staff Nurse,Women & Children,Paediatrics,6,48435,2018-09-11,2018-10-16,18.75,0.5,GMC,Permanent,Inactive,FD878962,LW702091,2027-02-14,2029-09-10,2025-09-14,2027-08-09,2018-10-02
EMP0958,Oliver,Hall,deborahgoodwin@example.com,1985-06-21,+44116 4960262,"Flat 28
Mitchell Rue
East Kimberley
WN0W 3FH",Female,Horizon Integrated Health Partnership NHS Trust,White,Canada,Dependent,Medical,Consultant,Critical Care & Anaesthesia,Anaesthesia,CONS,112171,2018-06-21,2018-07-26,15.0,0.4,NMC,Fixed Term,Inactive,AK186583,KZ199782,2029-02-23,2028-03-08,2025-10-09,2027-01-07,2018-07-12
EMP0959,Leonard,Clarke,sylvia05@example.org,1984-08-27,+441632 960 368,"Flat 0
Dominic Common
Juliemouth
M9H 6AU",Male,Valleyview Mental Wellness NHS Trust,Mixed,Ghana,Dependent,Admin,Receptionist,Clinical Support Services,Physiotherapy,3,26051,2018-09-28,2018-10-26,15.0,0.4,HCPC,Fixed Term,On Leave,SW056931,FO354566,2028-10-20,2028-02-01,2026-06-28,2026-11-04,2018-10-19
EMP0960,Catherine,Atkinson,kieranford@example.org,2000-09-27,(0191) 496 0155,"7 Kelly Manors
Port Sharon
BN7 1TT",Male,Northshire University Hospitals NHS Trust,Black,Kenya,Skilled Worker,Medical,FY1/FY2,Critical Care & Anaesthesia,Pain Management,FY1,36502,2017-01-06,2017-02-10,15.0,0.4,NMC,Bank,On Leave,FU751153,JJ310857,2031-08-28,2027-09-09,2026-08-09,2026-10-01,2017-01-27
EMP0961,Brandon,Chambers,gordonlouis@example.com,1985-04-09,+44118 496 0248,"Flat 60A
Williams Vista
West Fionatown
BN1X 1TT",Female,Riverbank General Hospitals NHS Trust,Mixed,Thailand,Dependent,Medical,FY1/FY2,Clinical Support Services,Radiology,FY1,40923,2021-05-25,2021-06-29,18.75,0.5,NMC,Fixed Term,Active,KA273660,XE153875,2027-04-23,2030-12-27,2026-04-20,2027-03-19,2021-06-15
EMP0962,Catherine,Connolly,dalekerr@example.org,1968-04-23,(0116)4960401,"571 Bruce Junctions
Francescaton
LA3M 9BE",Male,Lakeside District Hospitals NHS Trust,Asian,Japan,Skilled Worker,Nursing,Senior Staff Nurse,Medicine & Acute Care,Acute Medicine,6,49698,2024-05-02,2024-06-06,30.0,0.8,HCPC,Fixed Term,Inactive,CV814939,MO311223,2028-04-10,2026-10-20,2025-11-07,2027-06-07,2024-05-23
EMP0963,Bethany,Black,ashleyrobson@example.org,1992-06-03,0292018839,"Studio 30b
Victoria Inlet
Butcherville
B2 8UF",Male,Lakeside District Hospitals NHS Trust,Asian,Japan,British Citizen,Nursing,Charge Nurse,Corporate Services,Human Resources,7,63620,2019-10-17,2019-11-14,15.0,0.4,HCPC,Fixed Term,On Leave,UM052680,VL371336,2028-02-20,2030-09-29,2025-11-06,2027-08-21,2019-11-07
EMP0964,June,Robinson,joneslynda@example.net,1976-03-31,(0808) 1570934,"Flat 29q
Wilson Brook
West Christophermouth
S97 6GD",Male,Riverbank General Hospitals NHS Trust,Mixed,Japan,British Citizen,AHP,Radiographer,Medicine & Acute Care,Respiratory Medicine,6,48167,2024-05-10,2024-06-14,37.5,1.0,NMC,Permanent,On Leave,TD304235,NP053291,2028-05-05,2031-06-07,2026-08-20,2027-06-06,2024-05-31
EMP0965,Olivia,Davies,rhysbrennan@example.org,1961-11-26,0808 1570028,"Studio 9
Dean Locks
New Dennis
NG30 0DU",Male,Westborough Acute Care NHS Trust,Asian,China,Skilled Worker,Medical,Consultant,Surgery & Cancer,General Surgery,CONS,102415,2026-02-11,2026-03-11,30.0,0.8,HCPC,Bank,Suspended,OJ009070,PZ163445,2030-04-28,2027-05-11,2026-03-04,2027-06-27,2026-03-04
EMP0966,Patricia,Clark,burnsmary@example.com,1969-07-19,0141 4960504,"04 Melanie Stravenue
Holtmouth
S5A 9SX",Male,Westmere Community Health NHS Trust,White,United States,Dependent,Admin,Administrator,Surgery & Cancer,Breast Surgery,3,26764,2026-07-10,2026-08-14,15.0,0.4,GMC,Permanent,On Leave,RS132898,IB684978,2027-11-08,2027-05-05,2026-08-02,2027-06-02,2026-07-31
EMP0967,Justin,Allan,joshua82@example.org,1989-06-12,(028) 9018988,"463 Nicole Brooks
Singhtown
S23 4QG",Male,Hillcrest Medical Centres NHS Trust,Asian,Japan,British Citizen,AHP,Pharmacist,Women & Children,Postnatal Care,5,39766,2020-10-14,2020-11-11,30.0,0.8,NMC,Permanent,Inactive,UI557621,WK787420,2030-01-10,2030-06-23,2026-04-21,2027-03-05,2020-11-04
EMP0968,Wendy,Walker,garnerfrank@example.org,1996-08-14,+4429 2018147,"026 Myers Squares
New Glentown
E8S 5JF",Female,Westmere Community Health NHS Trust,Mixed,United States,ILR,Admin,Administrator,Corporate Services,Finance,3,26498,2023-03-01,2023-04-12,18.75,0.5,GMC,Bank,Suspended,BL622570,MM809202,2029-08-07,2030-07-10,2025-12-16,2026-12-17,2023-03-22
EMP0969,Amber,Patel,emily95@example.org,1982-06-11,+44(0)113 4960806,"Studio 6
Morris Squares
Lake Marianshire
G09 0JH",Female,Meadowbrook Community Health NHS Trust,Black,South Africa,Dependent,Nursing,Senior Staff Nurse,Surgery & Cancer,Breast Surgery,6,46126,2019-06-13,2019-07-25,15.0,0.4,GMC,Permanent,Active,TK781430,ZD982299,2030-08-12,2026-12-31,2026-08-05,2027-01-02,2019-07-04
EMP0970,Dale,Thomas,mauricedean@example.org,1991-06-30,+44(0)292018394,"48 Jodie Track
Port Carolyn
N8 7NW",Male,Eastmoor Teaching Hospitals NHS Trust,Mixed,New Zealand,ILR,AHP,Radiographer,Medicine & Acute Care,Cardiology,6,49835,2016-10-19,2016-11-23,18.75,0.5,HCPC,Bank,On Leave,IB161453,NF700809,2028-12-11,2031-05-06,2026-03-08,2026-09-25,2016-11-09
EMP0971,Keith,Giles,richardsonfrank@example.org,1987-06-08,+44(0)116 4960420,"4 Gillian Course
North Mitchell
M98 0XL",Male,Riverside Integrated Care NHS Trust,Asian,Japan,ILR,AHP,Pharmacist,Surgery & Cancer,Neurosurgery,5,41566,2022-12-14,2023-01-18,30.0,0.8,HCPC,Bank,Suspended,YN818305,CK913752,2030-04-05,2029-12-03,2026-05-08,2027-02-27,2023-01-04
EMP0972,James,Chan,noblephillip@example.com,1993-10-20,0151 4960731,"857 Kim Greens
Port Amyhaven
N67 9YQ",Male,Eastmoor Teaching Hospitals NHS Trust,Mixed,New Zealand,Dependent,AHP,Physiotherapist,Clinical Support Services,Pharmacy,6,53199,2026-05-26,2026-06-30,37.5,1.0,NMC,Permanent,Active,LF675849,WJ949793,2030-08-03,2029-09-09,2026-07-19,2027-06-05,2026-06-16
EMP0973,Lee,Phillips,connollynathan@example.org,1983-08-04,+441134960871,"648 Kent Parkway
West Michelle
TA78 1TU",Male,Oakridge Community Services NHS Trust,Asian,China,Skilled Worker,AHP,Physiologist,Critical Care & Anaesthesia,Anaesthesia,6,49649,2016-12-08,2017-01-05,15.0,0.4,NMC,Permanent,On Leave,FB687116,NS377194,2028-05-09,2030-06-03,2026-06-08,2026-12-27,2016-12-29
EMP0974,Glenn,Walsh,adam39@example.com,2003-02-18,(0116) 4960236,"805 Emma Pass
Clarkefurt
N82 7UJ",Male,Eastfield Psychological Services NHS Trust,Black,Barbados,Skilled Worker,Medical,SHO,Corporate Services,Communications,SHO,58369,2018-06-11,2018-07-09,18.75,0.5,HCPC,Permanent,Inactive,GU767195,FJ765244,2031-08-12,2028-08-13,2026-07-25,2026-11-13,2018-07-02
EMP0975,Leah,Armstrong,damian66@example.org,2001-06-03,+44306 999 0612,"07 Lawrence Common
Lake Kathleen
N02 3LU",Female,Riverside Integrated Care NHS Trust,Mixed,Jamaica,Dependent,Admin,Medical Secretary,Surgery & Cancer,General Surgery,4,31716,2022-06-30,2022-08-11,15.0,0.4,GMC,Permanent,On Leave,IV938533,RW085418,2029-04-27,2030-05-15,2026-01-31,2026-11-26,2022-07-21
EMP0976,Jason,Bruce,carol48@example.net,1984-09-25,028 9018 0880,"0 Lee Villages
North Geraldine
S7 2TE",Female,Eastfield Psychological Services NHS Trust,Black,Kenya,ILR,Medical,FY1/FY2,Emergency & Urgent Care,Minor Injuries Unit,FY1,39178,2026-06-09,2026-07-07,30.0,0.8,NMC,Permanent,Suspended,MF704166,PO613337,2031-01-31,2027-04-12,2026-02-23,2027-05-31,2026-06-30
EMP0977,Russell,Thomas,kingkenneth@example.org,1961-09-13,0117 496 0052,"46 Heath Circle
New Yvonne
N5T 3EJ",Female,Horizon Integrated Health Partnership NHS Trust,Mixed,Australia,Skilled Worker,Nursing,Staff Nurse,Women & Children,Gynaecology,5,43761,2022-01-25,2022-02-22,30.0,0.8,GMC,Permanent,Active,TW971644,NM620800,2029-01-28,2031-05-23,2026-03-16,2027-05-11,2022-02-15
EMP0978,Julia,Singh,martyn07@example.com,1965-05-28,0121 4960180,"10 Harrison Ridges
West Eleanor
OX7 0QA",Male,Westborough Acute Care NHS Trust,Asian,China,Dependent,Nursing,Nursery Nurse,Corporate Services,Facilities Management,2,25603,2022-06-20,2022-07-18,30.0,0.8,GMC,Permanent,Suspended,TJ368231,QI026326,2027-06-17,2027-10-26,2026-05-19,2026-10-19,2022-07-11
EMP0979,Leigh,Barber,nathan78@example.org,1977-10-25,+441414960688,"Studio 72z
Ward Passage
West Bruce
E18 1GE",Male,Greenhaven Acute & Specialist Care NHS Trust,Asian,India,Dependent,AHP,Speech Therapist,Corporate Services,Facilities Management,6,53099,2023-09-10,2023-10-22,37.5,1.0,GMC,Fixed Term,Suspended,ZL592487,QP164390,2030-06-04,2029-08-28,2026-02-12,2026-12-29,2023-10-01
EMP0980,Leah,Bailey,clairejennings@example.com,1989-05-07,+44(0)161 4960298,"Studio 27Y
Kerry Lock
Ireneshire
B85 9HY",Male,Lakeside District Hospitals NHS Trust,Mixed,Barbados,ILR,Admin,Administrator,Medicine & Acute Care,Endocrinology,3,28612,2024-07-22,2024-08-19,20.0,0.53,None,Fixed Term,Active,TO771644,DR905907,2028-12-19,2031-02-20,2026-07-31,2027-07-13,2024-08-12
EMP0981,Dennis,Dixon,jjenkins@example.org,1976-03-30,(0909)8790611,"4 Cheryl Lane
Russellfort
DA7 4TA",Male,Riverside Integrated Care NHS Trust,Mixed,Japan,British Citizen,Admin,Medical Secretary,Corporate Services,Facilities Management,4,36908,2022-01-07,2022-02-04,15.0,0.4,GMC,Permanent,Inactive,OG781816,DA835356,2031-08-25,2030-08-21,2026-03-05,2026-09-25,2022-01-28
EMP0982,Hugh,Bryan,davieslesley@example.org,1998-06-21,(0115)4960561,"Flat 13b
Lauren Junction
Lake Jayhaven
B8 1FL",Male,Horizon Integrated Health Partnership NHS Trust,Mixed,Thailand,Skilled Worker,Admin,Data Analyst,Clinical Support Services,Pharmacy,8A,67703,2023-01-01,2023-02-12,30.0,0.8,None,Bank,Active,WZ553369,ME052238,2029-12-08,2031-05-30,2025-12-01,2026-10-20,2023-01-22
EMP0983,June,Wells,adrianschofield@example.org,1975-08-07,+441154960644,"Studio 5
Tomlinson Oval
Natashaborough
W7A 8PH",Male,Horizon Integrated Health Partnership NHS Trust,Black,South Africa,ILR,AHP,Speech Therapist,Critical Care & Anaesthesia,Anaesthesia,6,51833,2023-02-24,2023-03-31,20.0,0.53,HCPC,Fixed Term,Active,BX095387,YP093765,2028-10-18,2028-09-14,2025-12-02,2027-04-04,2023-03-17
EMP0984,Amanda,Dawson,grobinson@example.org,1989-09-20,+44114 496 0571,"87 Douglas Cove
North Roger
NG76 6BY",Female,Northwood Mental Health NHS Trust,Mixed,Trinidad and Tobago,Skilled Worker,AHP,Occupational Therapist,Women & Children,Obstetrics,6,52583,2021-08-05,2021-09-02,30.0,0.8,None,Bank,Suspended,XI890215,DF865458,2028-05-04,2027-03-18,2026-08-02,2027-07-05,2021-08-26
EMP0985,Antony,Webster,rgallagher@example.net,1961-07-29,01214960852,"4 Chelsea Vista
Damienburgh
S26 3XX",Male,Greenhaven Acute & Specialist Care NHS Trust,Black,Kenya,British Citizen,AHP,Physiologist,Clinical Support Services,Occupational Therapy,6,49847,2021-01-09,2021-02-13,15.0,0.4,None,Fixed Term,On Leave,ND910718,VI138439,2029-04-14,2028-07-02,2026-07-17,2026-09-12,2021-01-30
EMP0986,Victoria,Thompson,yatkins@example.com,2001-06-17,(029)2018929,"Flat 82h
Eileen Fields
New Allanhaven
NE2E 7NW",Male,Northshire University Hospitals NHS Trust,White,Australia,British Citizen,Medical,SHO,Corporate Services,IT Support,SHO,55565,2017-03-09,2017-04-13,37.5,1.0,NMC,Permanent,Active,SY162210,XS806996,2030-03-23,2026-10-06,2025-09-17,2027-08-31,2017-03-30
EMP0987,Kyle,Gregory,gareth68@example.com,1999-05-10,+44306 9990467,"26 Thomas Course
Charlenechester
E4 5HH",Female,Bluewater Community & Rehabilitation NHS Trust,White,New Zealand,British Citizen,Medical,FY1/FY2,Medicine & Acute Care,Haematology,FY1,39874,2019-06-13,2019-07-18,15.0,0.4,HCPC,Fixed Term,Inactive,BB762955,SW444322,2027-01-24,2031-06-07,2026-03-07,2027-02-15,2019-07-04
EMP0988,Donna,White,ohurst@example.net,1974-11-30,0118 4960996,"Studio 1
Christopher Fork
South Dennis
S2B 0JJ",Male,Lakeside District Hospitals NHS Trust,Black,South Africa,British Citizen,Admin,Administrator,Clinical Support Services,Radiology,3,27864,2026-01-14,2026-02-18,37.5,1.0,NMC,Bank,On Leave,VG135663,IQ339340,2030-10-14,2027-09-08,2025-10-26,2027-06-30,2026-02-04
EMP0989,Jennifer,Evans,warrenconnor@example.net,1987-08-20,(0113)4960105,"Flat 91
Philip River
Lake Sian
B9 5LT",Female,Northshire University Hospitals NHS Trust,White,New Zealand,ILR,AHP,Radiographer,Corporate Services,Human Resources,6,44002,2021-04-20,2021-06-01,30.0,0.8,GMC,Bank,Suspended,HX567422,ET559322,2029-07-12,2029-09-26,2025-10-15,2027-03-07,2021-05-11
EMP0990,Edward,Bird,stokeslindsey@example.com,1994-01-24,+4428 9018035,"Studio 77
Hancock Tunnel
Lake Jake
UB0Y 7ES",Female,Valleyview Mental Wellness NHS Trust,Mixed,Kenya,British Citizen,AHP,Physiotherapist,Critical Care & Anaesthesia,Anaesthesia,6,52912,2019-06-21,2019-08-02,15.0,0.4,None,Bank,Active,LW068801,QJ036115,2030-01-06,2028-03-22,2026-03-25,2026-10-02,2019-07-12
EMP0991,Claire,Evans,jayne39@example.net,1966-09-03,+44(0)20 7496 0173,"Flat 74
Baker Station
South Mohammed
EN69 8WT",Male,Oakridge Community Services NHS Trust,Asian,Thailand,ILR,Admin,Administrator,Emergency & Urgent Care,Ambulance Services,3,26151,2018-08-25,2018-09-29,37.5,1.0,GMC,Bank,Suspended,GF144956,OM658824,2028-07-26,2027-09-02,2026-02-11,2026-10-08,2018-09-15
EMP0992,Kathleen,Gordon,shaun15@example.com,2004-10-16,(0131) 4960886,"219 Cameron Extension
Cliveview
W76 8YY",Female,Northshire University Hospitals NHS Trust,Mixed,Australia,Skilled Worker,Admin,Receptionist,Corporate Services,Human Resources,3,31373,2024-10-23,2024-12-04,20.0,0.53,GMC,Fixed Term,Suspended,FL995853,ZF143956,2030-05-06,2031-07-16,2025-12-30,2026-12-13,2024-11-13
EMP0993,Lisa,Coles,qpayne@example.org,1986-10-24,+44909 879 0002,"Studio 46
Phillips Skyway
Ryanburgh
IV14 7SF",Male,Southgate Community & Mental Health NHS Trust,Black,South Africa,Skilled Worker,AHP,Radiographer,Women & Children,Gynaecology,6,45370,2017-03-06,2017-04-10,20.0,0.53,None,Fixed Term,Active,LQ356500,UP703818,2031-07-08,2029-09-28,2026-07-11,2027-02-17,2017-03-27
EMP0994,Ashleigh,Fraser,abigail54@example.org,1989-04-21,(0151) 4960030,"Flat 60t
Lynne Forest
Fordmouth
S4 2YY",Male,Westmere Community Health NHS Trust,Black,Nigeria,Skilled Worker,Admin,Medical Secretary,Clinical Support Services,Pharmacy,4,34225,2024-11-19,2024-12-24,18.75,0.5,NMC,Bank,Active,BJ065940,TE175470,2030-10-19,2028-08-30,2026-07-24,2027-01-15,2024-12-10
EMP0995,Claire,Bell,mcdonaldgeorgia@example.org,1977-05-21,(0115) 4960230,"Studio 46
Paul Plain
East Jordan
SN38 6TJ",Male,Bluewater Community & Rehabilitation NHS Trust,Black,Trinidad and Tobago,Skilled Worker,Nursing,Healthcare Assistant,Women & Children,Postnatal Care,2,24262,2025-08-13,2025-09-24,37.5,1.0,HCPC,Permanent,On Leave,EP213763,IB279754,2030-05-19,2030-12-30,2025-10-12,2026-12-21,2025-09-03
EMP0996,Kathleen,Summers,wbrown@example.com,2003-11-09,+441914960161,"7 Cox Squares
Jasonshire
CM5A 9TD",Female,Southgate Community & Mental Health NHS Trust,Mixed,Australia,ILR,AHP,Radiographer,Emergency & Urgent Care,Urgent Care,6,51143,2023-01-28,2023-02-25,18.75,0.5,None,Permanent,On Leave,CH616416,HJ369029,2031-03-30,2028-04-23,2025-12-14,2027-07-22,2023-02-18
EMP0997,Shane,Hall,cunninghamanna@example.com,1996-10-16,(0141) 4960671,"197 Dale Pine
Lake Declan
B1 2WF",Male,Westmere Community Health NHS Trust,Asian,Japan,British Citizen,Nursing,Charge Nurse,Women & Children,Gynaecology,7,63122,2019-07-02,2019-07-30,18.75,0.5,HCPC,Fixed Term,Suspended,BA389122,XZ224160,2026-12-03,2031-09-10,2026-05-21,2026-12-04,2019-07-23
EMP0998,Kayleigh,Williams,hsmith@example.com,1994-05-22,01134960673,"917 Dale Locks
Port Mohammed
E52 7LB",Female,Northshire University Hospitals NHS Trust,Asian,Japan,Skilled Worker,Admin,Data Analyst,Emergency & Urgent Care,Ambulance Services,8A,62763,2022-06-02,2022-07-14,18.75,0.5,NMC,Permanent,Suspended,OO551547,RV469388,2031-05-19,2030-07-22,2026-06-18,2026-12-08,2022-06-23
EMP0999,Kirsty,Herbert,karl98@example.com,2002-01-26,(0115) 496 0729,"3 Smith Pines
Port Shirley
M90 2GG",Male,Southvale Hospitals NHS Trust,Black,Trinidad and Tobago,British Citizen,Nursing,Nursery Nurse,Medicine & Acute Care,Nephrology,2,24950,2018-01-11,2018-02-08,37.5,1.0,None,Bank,Active,RA261934,ZT852986,2031-04-30,2028-06-27,2026-03-10,2027-05-16,2018-02-01
EMP1000,Hollie,Giles,jasminemyers@example.org,1999-04-11,(01632) 960 912,"89 Elliott River
East Megan
CB1 9YF",Female,Horizon Integrated Health Partnership NHS Trust,White,Australia,Dependent,Admin,Medical Secretary,Corporate Services,Finance,4,36615,2021-03-27,2021-04-24,18.75,0.5,GMC,Bank,Active,AO177944,EQ535568,2030-09-12,2028-07-14,2026-01-07,2027-08-10,2021-04-17
EMP1001,Linda,Howell,leonkelly@example.org,1999-05-13,+44161 496 0209,"2 Jones Road
Port Declan
B47 5DH",Male,Riverbank General Hospitals NHS Trust,Asian,India,Skilled Worker,Medical,GP,Corporate Services,Communications,GP,93787,2022-03-05,2022-04-02,15.0,0.4,GMC,Fixed Term,On Leave,BV206649,RM407568,2028-01-25,2030-08-15,2025-11-24,2027-03-19,2022-03-26
EMP1002,Sophie,North,vincent19@example.com,1962-05-22,+44121 496 0578,"Flat 1
Gareth Bridge
South Janiceberg
B1U 1GZ",Male,Meadowbrook Community Health NHS Trust,Mixed,Barbados,British Citizen,Admin,Medical Secretary,Women & Children,Gynaecology,4,32838,2020-05-04,2020-06-01,18.75,0.5,GMC,Bank,Suspended,FN785647,GE804243,2027-10-28,2027-05-22,2026-06-16,2026-11-21,2020-05-25
EMP1003,Tracey,Horton,burnskatie@example.org,1984-09-13,(028) 9018251,"Studio 32d
Dean Crest
Smithview
CV4B 1LX",Male,Horizon Integrated Health Partnership NHS Trust,Black,Jamaica,British Citizen,Nursing,Healthcare Assistant,Medicine & Acute Care,Cardiology,2,24725,2024-09-17,2024-10-22,18.75,0.5,GMC,Bank,On Leave,ST027864,FQ482695,2028-02-21,2030-02-19,2026-03-18,2026-10-23,2024-10-08
EMP1004,Marc,Potter,turnerdamian@example.org,1975-03-18,(0113)4960380,"251 Patel Parkway
North Howardland
S3 8JT",Female,Lakeside District Hospitals NHS Trust,Black,Nigeria,Skilled Worker,Medical,Consultant,Surgery & Cancer,Breast Surgery,CONS,110378,2018-01-05,2018-02-02,30.0,0.8,None,Permanent,On Leave,SR583580,RP606789,2030-01-30,2029-12-27,2025-11-05,2027-08-19,2018-01-26
EMP1005,Gareth,Phillips,qwilkinson@example.com,1986-01-05,+44191 496 0245,"574 Leon Fork
Lake Bryanland
HX47 4HQ",Female,Bluewater Community & Rehabilitation NHS Trust,Black,Barbados,ILR,Medical,Registrar,Clinical Support Services,Radiology,SPR,78339,2021-01-19,2021-02-23,15.0,0.4,HCPC,Permanent,Inactive,IC554550,BP451014,2031-01-10,2031-09-01,2026-04-23,2026-10-30,2021-02-09
EMP1006,Holly,Read,gryan@example.com,1991-02-24,+44(0)191 4960864,"5 Taylor Unions
Louisfurt
M5C 5BR",Male,Lakeside District Hospitals NHS Trust,White,United States,British Citizen,Admin,Data Analyst,Women & Children,Postnatal Care,8A,56946,2021-04-06,2021-05-04,20.0,0.53,NMC,Bank,Inactive,LX868712,FQ563858,2030-04-26,2028-12-10,2025-10-07,2027-07-12,2021-04-27
EMP1007,Scott,Bennett,vsmart@example.net,1990-11-29,+443069990918,"166 Ryan Circle
Lake Sheilafurt
W9B 9YG",Male,Northwood Mental Health NHS Trust,Asian,India,Skilled Worker,AHP,Radiographer,Surgery & Cancer,Neurosurgery,6,50050,2017-02-10,2017-03-17,18.75,0.5,GMC,Bank,Active,AN454715,FM703222,2030-07-22,2027-12-18,2026-04-14,2027-07-09,2017-03-03
EMP1008,Lorraine,Morgan,ugibson@example.com,1976-01-28,+44191 496 0513,"7 Hardy Trafficway
Richardfurt
M2F 7WY",Female,Horizon Integrated Health Partnership NHS Trust,White,Australia,British Citizen,Medical,FY1/FY2,Corporate Services,Finance,FY1,36850,2021-10-01,2021-11-05,18.75,0.5,None,Bank,On Leave,WZ475816,CT575564,2030-06-20,2028-10-09,2025-11-21,2026-12-11,2021-10-22
EMP1009,Frederick,Roberts,parrymatthew@example.org,2005-01-14,+44(0)115 4960909,"Studio 42
Perry Station
Lake Geraldineton
KW41 3NB",Female,Eastfield Psychological Services NHS Trust,Black,Barbados,British Citizen,Medical,GP,Critical Care & Anaesthesia,Intensive Care Unit,GP,110456,2018-11-27,2018-12-25,20.0,0.53,HCPC,Fixed Term,Inactive,VQ400239,ZO111872,2030-11-20,2029-09-11,2025-12-06,2026-11-23,2018-12-18
EMP1010,Leon,Lowe,alexanderdoyle@example.org,1977-04-16,08081570491,"Flat 3
Kenneth Key
Robertview
E8E 9GQ",Female,Westmere Community Health NHS Trust,Black,Kenya,Skilled Worker,Admin,Receptionist,Women & Children,Gynaecology,3,30142,2020-12-17,2021-01-21,15.0,0.4,NMC,Fixed Term,Active,BX842575,BT321965,2031-08-27,2031-03-26,2026-05-28,2027-08-26,2021-01-07
EMP1011,Holly,Williams,georgina73@example.net,1997-07-26,(0118) 4960088,"Flat 69I
Leonard Burgs
North Cheryl
W1B 1BS",Female,Northshire University Hospitals NHS Trust,Black,Kenya,ILR,Nursing,Nursery Nurse,Surgery & Cancer,Breast Surgery,2,24733,2023-06-30,2023-07-28,15.0,0.4,None,Fixed Term,Suspended,YE466897,ZL055589,2029-01-23,2030-03-27,2026-03-08,2027-07-13,2023-07-21
EMP1012,Owen,Atkinson,kenneth75@example.net,1968-10-12,(0113) 4960641,"20 Francis Rapids
North Williammouth
G7 6ZT",Male,Oakridge Community Services NHS Trust,Black,South Africa,Dependent,AHP,Radiographer,Emergency & Urgent Care,Emergency Department,6,52453,2019-05-31,2019-06-28,20.0,0.53,None,Bank,On Leave,ZS859447,QH708996,2031-01-10,2028-03-15,2025-12-30,2027-09-01,2019-06-21
EMP1013,Marion,Martin,lindseyjohnson@example.net,1991-07-19,+44117 496 0957,"Studio 37
Carr Green
Williamsmouth
W4S 0GQ",Female,Oakridge Community Services NHS Trust,Black,Kenya,Skilled Worker,Admin,Receptionist,Women & Children,Obstetrics,3,26007,2024-05-08,2024-06-05,15.0,0.4,NMC,Permanent,Suspended,AW313552,HK965622,2029-06-12,2030-03-02,2026-03-02,2027-05-25,2024-05-29
EMP1014,Stewart,Richardson,fmartin@example.net,1993-11-27,02074960374,"Studio 27
Shane Crossing
Lake Samuelmouth
LS96 9HQ",Female,Lakeside District Hospitals NHS Trust,Mixed,Kenya,ILR,AHP,Pharmacist,Corporate Services,Finance,5,44715,2018-03-09,2018-04-20,30.0,0.8,GMC,Permanent,Active,GP558517,FJ714187,2026-11-25,2029-09-26,2026-02-15,2026-10-25,2018-03-30
EMP1015,Bradley,Jones,cheryl89@example.org,1971-03-28,0808 1570608,"092 Alice Bypass
Jeffreyview
EH4 0DY",Male,Valleyview Mental Wellness NHS Trust,White,United States,Dependent,Admin,Receptionist,Critical Care & Anaesthesia,Anaesthesia,3,29479,2019-04-18,2019-05-30,37.5,1.0,NMC,Permanent,Inactive,VT760348,MR709773,2028-11-22,2031-08-13,2025-10-27,2027-05-12,2019-05-09
EMP1016,Alice,Jones,nwilkinson@example.net,2007-05-17,+44(0)141 496 0499,"365 Alex Islands
New Scotttown
BD40 5WP",Female,Riverbank General Hospitals NHS Trust,Asian,China,Dependent,AHP,Speech Therapist,Clinical Support Services,Radiology,6,49719,2022-07-27,2022-08-24,20.0,0.53,GMC,Fixed Term,On Leave,TZ575636,HL958634,2026-10-10,2028-07-11,2026-01-17,2026-10-12,2022-08-17
EMP1017,Janet,Edwards,caroldavison@example.com,2007-03-16,+44(0)2074960866,"Flat 05j
Derek Road
North Joshua
BB5R 0UE",Female,Southgate Community & Mental Health NHS Trust,Black,Ghana,British Citizen,Admin,Administrator,Clinical Support Services,Physiotherapy,3,28547,2019-01-08,2019-02-05,37.5,1.0,None,Bank,Suspended,LK802705,BR677081,2029-08-23,2030-01-17,2026-07-25,2026-10-12,2019-01-29
EMP1018,Joanne,Morgan,mitchell56@example.com,1973-11-09,+44(0)808 157 0339,"0 Norman Spurs
New Ronald
DG29 2HG",Female,Northshire University Hospitals NHS Trust,Mixed,Ghana,British Citizen,Admin,Data Analyst,Critical Care & Anaesthesia,Anaesthesia,8A,59436,2025-05-10,2025-06-07,37.5,1.0,HCPC,Bank,Suspended,ZH574123,EG822343,2027-12-23,2026-12-04,2026-06-12,2026-11-14,2025-05-31
EMP1019,Josh,Gray,ben36@example.net,1965-07-14,+44(0)1632 960 732,"626 Stone Place
Howardport
S2 0NP",Male,Westborough Acute Care NHS Trust,Black,Trinidad and Tobago,ILR,Nursing,Healthcare Assistant,Medicine & Acute Care,Geriatrics,2,26764,2021-05-05,2021-06-09,30.0,0.8,GMC,Bank,Active,WE422915,GW616700,2031-07-19,2030-06-01,2026-08-20,2026-12-16,2021-05-26
EMP1020,Amanda,Roberts,rwilkins@example.org,1961-06-11,01632 960006,"Flat 3
Joseph Path
New Sarah
E6D 4DH",Male,Riverside Integrated Care NHS Trust,Mixed,Canada,Dependent,Admin,Receptionist,Women & Children,Postnatal Care,3,27567,2020-02-26,2020-03-25,20.0,0.53,HCPC,Bank,Inactive,NZ586215,GK263032,2030-01-01,2027-04-01,2025-09-16,2026-10-25,2020-03-18
EMP1021,Alice,Stewart,clarkmargaret@example.com,1984-08-09,01154960939,"38 Jeffrey Port
Jonesborough
NG3 7DP",Female,Meadowbrook Community Health NHS Trust,Asian,China,Skilled Worker,Medical,FY1/FY2,Medicine & Acute Care,Endocrinology,FY1,38186,2017-01-27,2017-03-10,15.0,0.4,HCPC,Fixed Term,Active,AB090494,TY643284,2026-10-31,2029-12-09,2026-06-30,2027-03-21,2017-02-17
EMP1022,Declan,Lloyd,camerondanielle@example.org,1967-06-07,(0131) 4960039,"Studio 98
Alice Flats
Simston
DD65 1AR",Male,Broadfield Clinical Services NHS Trust,Black,Jamaica,British Citizen,Medical,SHO,Critical Care & Anaesthesia,Anaesthesia,SHO,57458,2022-04-24,2022-05-29,20.0,0.53,NMC,Fixed Term,Suspended,ZR407553,DX394869,2027-07-08,2028-03-12,2025-09-18,2026-11-10,2022-05-15
EMP1023,Nicole,Reid,qhayes@example.com,1979-07-18,(028) 9018 0438,"532 Wood Crescent
Thorntonborough
PO8 7EJ",Male,Riverbank General Hospitals NHS Trust,Black,Ghana,Dependent,Nursing,Ward Manager,Medicine & Acute Care,Geriatrics,8A,64509,2023-11-25,2023-12-23,18.75,0.5,None,Bank,Active,LF859287,YP582108,2030-04-01,2026-11-13,2026-06-01,2027-02-11,2023-12-16
EMP1024,Jay,Vincent,ruthjoyce@example.org,1994-04-09,(0116) 4960643,"Flat 54c
Julia Mills
West Leigh
N5 2UN",Male,Westmere Community Health NHS Trust,Black,Ghana,Dependent,Admin,Receptionist,Clinical Support Services,Occupational Therapy,3,26343,2023-04-29,2023-05-27,15.0,0.4,NMC,Bank,On Leave,ID334716,PS144045,2028-08-02,2031-08-28,2026-01-30,2027-02-23,2023-05-20
EMP1025,Chelsea,Connolly,dominicmurphy@example.com,2000-10-22,+44(0)191 4960781,"Studio 9
Roberts Plaza
East Karl
CO3 7HD",Female,Riverbank General Hospitals NHS Trust,Black,Ghana,British Citizen,Medical,FY1/FY2,Critical Care & Anaesthesia,Intensive Care Unit,FY1,39962,2020-09-24,2020-10-29,37.5,1.0,NMC,Bank,Inactive,IS411299,BG034368,2028-04-14,2026-12-21,2025-09-24,2027-07-03,2020-10-15
EMP1026,Henry,Nicholls,dholt@example.net,1970-03-08,01514960124,"Flat 9
Moore Point
West Pauline
WV5P 1NT",Male,Westborough Acute Care NHS Trust,Mixed,Japan,ILR,Admin,Data Analyst,Clinical Support Services,Pharmacy,8A,56850,2024-04-16,2024-05-14,37.5,1.0,None,Permanent,Suspended,OL750312,PO440391,2028-10-16,2027-04-30,2026-08-30,2027-02-01,2024-05-07
EMP1027,Gavin,Moore,duncanwalker@example.org,1984-08-26,0115 4960487,"Studio 6
Allan Gateway
Port Connorshire
S4K 1WQ",Female,Meadowbrook Community Health NHS Trust,Mixed,Australia,ILR,Medical,SHO,Emergency & Urgent Care,Minor Injuries Unit,SHO,59554,2017-03-16,2017-04-13,20.0,0.53,GMC,Permanent,Inactive,UL189660,RV702189,2027-04-21,2031-07-12,2025-11-22,2026-12-18,2017-04-06
EMP1028,Jade,Buckley,perkinsderek@example.org,1969-10-30,(01632)960977,"6 Clifford Forge
West Shirleyfort
S76 7UJ",Male,Lakeside District Hospitals NHS Trust,Mixed,Barbados,Dependent,Medical,FY1/FY2,Women & Children,Obstetrics,FY1,38012,2024-06-24,2024-07-22,18.75,0.5,GMC,Bank,Inactive,DN687279,UY524061,2026-10-25,2030-08-20,2026-07-11,2026-10-27,2024-07-15
EMP1029,Elliot,Quinn,odavies@example.org,1964-01-22,+44113 496 0360,"82 Timothy Unions
Lewisview
DG08 2JN",Male,Hillcrest Medical Centres NHS Trust,Mixed,Barbados,Skilled Worker,Nursing,Healthcare Assistant,Corporate Services,Finance,2,25378,2017-05-12,2017-06-16,30.0,0.8,HCPC,Bank,Active,LX094592,CY912915,2030-04-27,2029-08-03,2025-11-25,2027-05-31,2017-06-02
EMP1030,Scott,Connolly,hrobinson@example.com,2002-02-28,+44(0)808 1570226,"Flat 20
Edward Lane
West Jake
W8W 4UP",Male,Northshire University Hospitals NHS Trust,Black,Trinidad and Tobago,British Citizen,Medical,Consultant,Medicine & Acute Care,Haematology,CONS,119971,2018-01-16,2018-02-13,18.75,0.5,NMC,Permanent,On Leave,SY200195,BA347183,2029-04-28,2031-05-07,2026-07-21,2027-03-26,2018-02-06
EMP1031,Abigail,Roberts,john14@example.com,1989-07-10,(0117)4960066,"Studio 3
Colin Alley
South Kevinburgh
IM2 7GH",Male,Riverbank General Hospitals NHS Trust,Mixed,New Zealand,Dependent,Nursing,Healthcare Assistant,Medicine & Acute Care,Neurology,2,24903,2021-08-24,2021-09-28,20.0,0.53,NMC,Bank,Inactive,MD080249,RY937953,2029-03-06,2030-03-24,2025-11-13,2027-04-06,2021-09-14
EMP1032,Danielle,Brooks,marilyn22@example.net,1997-06-10,+44113 4960075,"5 Collins Ville
Lewismouth
IG5E 0ZT",Female,Eastmoor Teaching Hospitals NHS Trust,Asian,Thailand,Skilled Worker,AHP,Occupational Therapist,Women & Children,Gynaecology,6,50896,2022-05-15,2022-06-26,15.0,0.4,NMC,Fixed Term,Inactive,OC370122,GV530351,2030-11-22,2028-06-19,2026-09-01,2027-06-20,2022-06-05
EMP1033,Sarah,Stephenson,martynpatel@example.net,1976-07-11,+44(0)1164960586,"Flat 7
Fiona Fields
North Jamie
L2J 1SJ",Male,Horizon Integrated Health Partnership NHS Trust,Black,Trinidad and Tobago,Dependent,Medical,GP,Corporate Services,Finance,GP,113671,2017-10-26,2017-11-23,30.0,0.8,GMC,Permanent,Suspended,GD754636,XL228349,2027-11-17,2027-10-20,2026-03-14,2026-12-07,2017-11-16
EMP1034,Jayne,Russell,hilljoseph@example.com,1982-06-30,+44(0)115 4960266,"Studio 15
Jacqueline Key
New Ross
L0E 0YW",Female,Westborough Acute Care NHS Trust,Black,Jamaica,ILR,AHP,Radiographer,Critical Care & Anaesthesia,Intensive Care Unit,6,52019,2021-01-22,2021-02-26,20.0,0.53,HCPC,Fixed Term,Active,JC349769,FG698602,2029-06-10,2029-08-28,2026-03-18,2027-07-08,2021-02-12
EMP1035,Bethan,Gardiner,whiteanthony@example.com,1984-05-24,+44191 4960960,"Flat 85
Butler Points
Nixonbury
S1D 3QL",Male,Northshire University Hospitals NHS Trust,Asian,China,ILR,Medical,Registrar,Women & Children,Obstetrics,SPR,65971,2018-06-30,2018-08-04,30.0,0.8,HCPC,Permanent,Active,KG764838,FH106919,2030-01-31,2031-08-11,2026-05-08,2027-05-04,2018-07-21
EMP1036,Susan,Wall,ucollins@example.com,1976-09-05,(0114) 4960630,"06 Phillips Village
East Laura
S8 4UH",Female,Lakeside District Hospitals NHS Trust,Mixed,United Kingdom,Skilled Worker,Nursing,Charge Nurse,Emergency & Urgent Care,Minor Injuries Unit,7,61373,2024-04-06,2024-05-11,37.5,1.0,GMC,Fixed Term,Suspended,CU285612,PB970765,2028-05-06,2029-03-05,2025-11-27,2027-07-12,2024-04-27
EMP1037,Jade,Bird,proberts@example.net,1986-12-21,0118 496 0476,"Studio 11
Amanda Parks
New Patrick
BH8H 1NH",Female,Eastmoor Teaching Hospitals NHS Trust,Black,Ghana,Dependent,Medical,FY1/FY2,Critical Care & Anaesthesia,Anaesthesia,FY1,41723,2017-05-08,2017-06-05,18.75,0.5,GMC,Bank,Suspended,NV711009,CR908448,2027-04-07,2027-07-26,2026-03-10,2027-06-07,2017-05-29
EMP1038,Donald,Roberts,anorth@example.net,1994-05-09,(0191) 496 0294,"Studio 38d
Lloyd Circles
Longberg
M84 0SQ",Female,Eastfield Psychological Services NHS Trust,White,Canada,Dependent,Admin,Receptionist,Surgery & Cancer,ENT Surgery,3,26244,2021-10-16,2021-11-20,37.5,1.0,None,Bank,On Leave,QS047161,KR552084,2028-02-16,2031-04-10,2025-12-20,2026-10-06,2021-11-06
EMP1039,Alexander,Robinson,patelscott@example.org,1983-05-11,(0117)4960592,"11 Arthur Burgs
Morrisonland
HR9X 9XA",Male,Westmere Community Health NHS Trust,White,New Zealand,ILR,AHP,Radiographer,Medicine & Acute Care,Cardiology,6,52244,2019-12-27,2020-01-31,20.0,0.53,None,Fixed Term,Suspended,UF195558,QQ404002,2028-02-26,2027-04-22,2026-06-28,2026-10-15,2020-01-17
EMP1040,Geoffrey,Jones,schofieldanna@example.org,1981-10-16,+44(0)141 4960141,"1 Cook Coves
Lake Callum
G9 3BA",Male,Riverbank General Hospitals NHS Trust,Black,South Africa,British Citizen,Nursing,Senior Staff Nurse,Corporate Services,IT Support,6,49847,2025-04-15,2025-05-20,30.0,0.8,GMC,Permanent,Inactive,ZM361208,KL829285,2027-10-14,2028-04-02,2026-08-30,2026-11-17,2025-05-06
EMP1041,Abdul,Moss,teresaobrien@example.org,1993-01-16,+441632960063,"581 Stephens Loaf
South Amber
LS45 3NJ",Female,Valleyview Mental Wellness NHS Trust,Asian,India,ILR,Admin,Receptionist,Emergency & Urgent Care,Urgent Care,3,27674,2025-01-30,2025-02-27,30.0,0.8,GMC,Fixed Term,Inactive,OQ211977,HH500504,2031-06-26,2030-04-13,2025-10-23,2027-04-11,2025-02-20
EMP1042,Charlie,Welch,david92@example.com,1975-07-19,(0118)4960549,"Studio 5
Margaret Crossing
Lake Lyndamouth
E6 9LB",Male,Eastfield Psychological Services NHS Trust,Mixed,Jamaica,ILR,Medical,Registrar,Surgery & Cancer,Colorectal Surgery,SPR,68890,2024-01-16,2024-02-13,15.0,0.4,GMC,Bank,Inactive,YR894366,NY993066,2028-03-11,2030-03-07,2026-06-13,2027-03-17,2024-02-06
EMP1043,Nathan,Jackson,garry71@example.org,1984-01-01,(028)9018609,"1 Brookes Island
Port Annette
M88 4HE",Male,Southgate Community & Mental Health NHS Trust,White,Canada,Skilled Worker,Nursing,Staff Nurse,Critical Care & Anaesthesia,Anaesthesia,5,37170,2018-03-01,2018-04-05,37.5,1.0,NMC,Bank,Active,QW223060,EM322623,2027-08-03,2030-05-23,2026-05-01,2027-07-07,2018-03-22
EMP1044,Teresa,Green,lroberts@example.com,1966-01-19,+44(0)191 4960008,"Studio 75I
Jordan Mission
Port Elliott
E2 8LA",Male,Southvale Hospitals NHS Trust,Asian,Japan,ILR,Medical,Consultant,Women & Children,Postnatal Care,CONS,121763,2025-01-11,2025-02-08,30.0,0.8,None,Permanent,Active,PH548319,MZ538474,2030-10-30,2030-04-12,2026-03-12,2027-02-12,2025-02-01
EMP1045,Oliver,Moore,nathan81@example.com,1965-01-08,+44(0)116 496 0704,"Studio 62U
Bennett Track
West Malcolmfort
TD3V 3JG",Male,Riverbank General Hospitals NHS Trust,Black,Kenya,Dependent,Nursing,Nursery Nurse,Surgery & Cancer,General Surgery,2,27166,2016-10-11,2016-11-08,37.5,1.0,None,Bank,Active,SB503369,PU632806,2030-01-16,2027-11-17,2026-04-01,2026-12-02,2016-11-01
EMP1046,Catherine,Parker,charliepearson@example.org,1975-12-26,+44(0)3069990737,"109 Johnson Glen
East Roger
W1 7QA",Male,Lakeside District Hospitals NHS Trust,Asian,Thailand,British Citizen,AHP,Physiotherapist,Clinical Support Services,Radiology,6,54453,2021-10-09,2021-11-13,20.0,0.53,None,Bank,Active,TT912029,GO547106,2027-06-04,2031-02-10,2026-01-03,2027-02-13,2021-10-30
EMP1047,Christopher,Turner,fiona31@example.net,1968-10-15,(0191)4960907,"932 Julie Circle
Hazelburgh
M2 7BF",Male,Broadfield Clinical Services NHS Trust,Asian,China,Dependent,Medical,Consultant,Medicine & Acute Care,Respiratory Medicine,CONS,121996,2025-10-27,2025-11-24,30.0,0.8,None,Bank,Active,TR014784,OH622599,2031-03-31,2030-05-13,2025-11-19,2027-05-10,2025-11-17
EMP1048,Emma,Smith,jrichards@example.com,1980-04-23,0116 496 0950,"96 Mary Ville
Greenborough
M0 0ZE",Female,Riverside Integrated Care NHS Trust,Asian,China,British Citizen,AHP,Occupational Therapist,Surgery & Cancer,Colorectal Surgery,6,50331,2022-09-11,2022-10-16,15.0,0.4,HCPC,Fixed Term,Inactive,QZ452552,WH950992,2028-08-21,2031-01-08,2026-05-19,2027-07-21,2022-10-02
EMP1049,Justin,Griffiths,trevorwilliams@example.net,1982-10-20,+44115 4960025,"Flat 98B
Palmer Cape
New Elliottland
TD9P 1YF",Male,Valleyview Mental Wellness NHS Trust,Mixed,Thailand,Skilled Worker,Medical,SHO,Clinical Support Services,Physiotherapy,SHO,51728,2018-07-02,2018-07-30,37.5,1.0,GMC,Bank,Suspended,OE185746,TE011939,2030-11-16,2027-09-20,2026-05-26,2027-05-31,2018-07-23
EMP1050,Natasha,Edwards,robin15@example.org,1993-10-21,+44(0)116 496 0078,"0 Graham Summit
Vanessachester
SL50 1AR",Male,Bluewater Community & Rehabilitation NHS Trust,White,United States,British Citizen,AHP,Physiologist,Corporate Services,Facilities Management,6,54617,2023-09-16,2023-10-28,15.0,0.4,None,Bank,Active,QV666918,QR473906,2028-08-30,2028-04-04,2025-12-11,2027-06-18,2023-10-07
EMP1051,Ian,Atkinson,jacquelinebell@example.org,1982-07-28,(0118) 4960816,"0 Gibson Common
North Valerieberg
S30 5EJ",Female,Midlands Central Hospitals NHS Trust,Black,Trinidad and Tobago,Dependent,AHP,Physiotherapist,Surgery & Cancer,General Surgery,6,53697,2019-01-14,2019-02-25,30.0,0.8,HCPC,Bank,Active,OP056937,EU377686,2029-01-29,2028-02-24,2026-02-02,2027-01-22,2019-02-04
EMP1052,Bryan,Steele,holmeshazel@example.net,1966-09-05,01914960053,"Flat 79
Henry Forks
New Dean
E3 6DD",Female,Lakeside District Hospitals NHS Trust,Asian,Thailand,British Citizen,Nursing,Senior Staff Nurse,Critical Care & Anaesthesia,Anaesthesia,6,46117,2025-07-20,2025-08-17,15.0,0.4,GMC,Fixed Term,Active,EB029591,XO995790,2028-03-02,2030-03-21,2026-01-21,2027-04-07,2025-08-10
EMP1053,Natalie,Chapman,katiemoore@example.com,1984-12-17,+44(0)116 496 0506,"311 Linda Harbors
Jacksonmouth
L44 8JS",Male,Eastfield Psychological Services NHS Trust,Black,Jamaica,Dependent,Nursing,Charge Nurse,Clinical Support Services,Physiotherapy,7,60118,2018-12-23,2019-01-20,18.75,0.5,GMC,Permanent,Active,VY001795,ZF850588,2029-12-08,2030-01-10,2025-10-19,2027-03-09,2019-01-13
EMP1054,Grace,Rees,xrose@example.org,1994-09-07,+441134960125,"Flat 8
Jackson Extensions
New Katherine
KW43 6HH",Male,Lakeside District Hospitals NHS Trust,Asian,China,Dependent,AHP,Radiographer,Surgery & Cancer,General Surgery,6,53030,2024-07-31,2024-09-11,30.0,0.8,GMC,Permanent,Active,PH582005,SM019787,2027-12-15,2026-09-16,2025-10-01,2027-05-21,2024-08-21
EMP1055,Malcolm,White,ross47@example.org,1981-01-12,+441144960345,"Flat 28T
Maria Coves
Joelshire
W17 9LB",Female,Riverbank General Hospitals NHS Trust,White,New Zealand,ILR,Admin,Receptionist,Medicine & Acute Care,Acute Medicine,3,27711,2021-12-15,2022-01-19,20.0,0.53,HCPC,Bank,Active,YS626847,SP846128,2031-08-02,2029-10-26,2026-06-26,2027-03-13,2022-01-05
EMP1056,Gavin,Davies,fisherdanielle@example.org,1981-07-31,+441154960828,"041 Jane Village
New Kerry
G93 4RQ",Female,Broadfield Clinical Services NHS Trust,Mixed,Nigeria,Skilled Worker,Nursing,Charge Nurse,Corporate Services,Human Resources,7,64450,2017-02-15,2017-03-22,20.0,0.53,GMC,Bank,Suspended,QY785839,VR410412,2028-11-10,2026-09-28,2026-05-17,2027-07-10,2017-03-08
EMP1057,Jenna,Russell,henryhardy@example.net,1986-03-02,020 7946 0344,"Studio 8
Kirk Center
Kieranmouth
DA4 0EL",Male,Broadfield Clinical Services NHS Trust,Mixed,Barbados,Dependent,Medical,Registrar,Clinical Support Services,Physiotherapy,SPR,79373,2020-12-16,2021-01-13,20.0,0.53,NMC,Permanent,Suspended,BS970329,DU563217,2026-09-24,2029-09-05,2025-11-10,2027-04-30,2021-01-06
EMP1058,Hazel,Jones,urogers@example.org,1991-08-06,+44(0)121 4960645,"01 West Mall
Fowlertown
NW4B 1QY",Female,Valleyview Mental Wellness NHS Trust,White,Canada,Dependent,Medical,Registrar,Emergency & Urgent Care,Emergency Department,SPR,71767,2022-01-21,2022-02-18,30.0,0.8,None,Bank,Suspended,HR625651,GW417382,2026-11-19,2029-08-21,2026-03-31,2027-03-26,2022-02-11
EMP1059,Russell,Pratt,apatel@example.org,1972-08-30,+44(0)808 1570721,"47 Lynn Mall
Lake Tinaside
BT8 0PP",Male,Northwood Mental Health NHS Trust,White,United Kingdom,British Citizen,Admin,Medical Secretary,Surgery & Cancer,Breast Surgery,4,33132,2023-12-08,2024-01-05,37.5,1.0,NMC,Permanent,Suspended,PE132873,HM438475,2028-12-08,2027-08-04,2026-01-04,2027-07-15,2023-12-29
EMP1060,Karen,Smart,jasminebates@example.com,1989-11-24,+44909 8790140,"3 Ali Pines
South Mark
HU50 0TS",Female,Meadowbrook Community Health NHS Trust,Black,Jamaica,ILR,Nursing,Nursery Nurse,Women & Children,Gynaecology,2,25751,2022-09-21,2022-10-19,37.5,1.0,NMC,Permanent,Suspended,CH404632,NS099183,2028-04-13,2030-11-23,2026-07-12,2027-01-05,2022-10-12
EMP1061,Valerie,Phillips,careygeorge@example.org,1994-07-11,(028) 9018756,"2 Gordon Oval
Schofieldshire
NG4H 7AY",Female,Southvale Hospitals NHS Trust,Mixed,China,Dependent,Medical,FY1/FY2,Surgery & Cancer,Neurosurgery,FY1,41700,2025-11-06,2025-12-04,15.0,0.4,GMC,Fixed Term,Inactive,RT077871,PC305280,2030-03-10,2030-12-01,2026-08-23,2026-12-13,2025-11-27
EMP1062,Rita,Hale,mali@example.com,1996-06-03,(0191)4960944,"Flat 68
Sylvia Spring
East Dean
W71 4UL",Female,Westmere Community Health NHS Trust,Asian,India,Skilled Worker,Nursing,Staff Nurse,Women & Children,Obstetrics,5,41673,2016-11-29,2016-12-27,20.0,0.53,None,Fixed Term,Active,DO517506,YO701823,2027-10-24,2027-07-29,2026-06-02,2027-01-04,2016-12-20
EMP1063,Elizabeth,Wilson,fkemp@example.net,1975-08-28,+44191 4960213,"396 Reeves Brooks
Garryfort
W53 1ZP",Male,Broadfield Clinical Services NHS Trust,White,New Zealand,ILR,AHP,Pharmacist,Medicine & Acute Care,Acute Medicine,5,43142,2022-03-20,2022-04-17,20.0,0.53,HCPC,Fixed Term,Inactive,PA069260,JV101194,2029-12-03,2029-12-13,2026-02-05,2026-12-17,2022-04-10
EMP1064,Albert,Ball,wdavis@example.com,1996-08-15,+44(0)141 496 0055,"Studio 57
Bryan Passage
West Megan
TW6Y 3NA",Male,Northshire University Hospitals NHS Trust,Mixed,Ghana,ILR,AHP,Pharmacist,Emergency & Urgent Care,Urgent Care,5,39462,2019-08-03,2019-09-14,30.0,0.8,NMC,Bank,Active,WI666942,TM544377,2028-08-05,2031-01-26,2025-10-03,2027-08-21,2019-08-24
EMP1065,Mohammad,Edwards,ohill@example.org,1978-11-05,+44808 1570375,"41 Alexandra Heights
Lake Elliot
SS22 5JQ",Female,Bluewater Community & Rehabilitation NHS Trust,White,New Zealand,British Citizen,AHP,Physiotherapist,Emergency & Urgent Care,Ambulance Services,6,46341,2019-12-11,2020-01-15,37.5,1.0,GMC,Permanent,Inactive,NV804142,PV579576,2030-07-18,2030-12-10,2026-03-19,2026-10-06,2020-01-01
EMP1066,Shannon,Oliver,jill83@example.com,1984-04-23,+44131 4960687,"Flat 76z
Frederick Extensions
Port Joyce
S7 5NZ",Female,Greenhaven Acute & Specialist Care NHS Trust,White,Canada,ILR,AHP,Speech Therapist,Medicine & Acute Care,Gastroenterology,6,49594,2018-05-11,2018-06-08,37.5,1.0,HCPC,Fixed Term,Inactive,XX377949,KT888759,2030-06-09,2028-07-21,2026-02-23,2026-10-23,2018-06-01
EMP1067,William,Carter,brianbennett@example.com,1988-04-02,(0114) 496 0049,"Studio 79
Josh Greens
Barbarafurt
L9 4JD",Male,Oakridge Community Services NHS Trust,Mixed,Trinidad and Tobago,Dependent,Nursing,Staff Nurse,Corporate Services,IT Support,5,40616,2021-07-19,2021-08-30,20.0,0.53,GMC,Fixed Term,On Leave,JF456324,RD842165,2029-08-29,2028-07-26,2026-08-03,2026-10-18,2021-08-09
EMP1068,Iain,Newton,patelemma@example.net,2006-11-14,+44(0)1914960593,"Studio 98A
Louis Glen
Daymouth
JE7P 2YE",Female,Westmere Community Health NHS Trust,Asian,India,ILR,Medical,FY1/FY2,Emergency & Urgent Care,Ambulance Services,FY1,40058,2018-08-12,2018-09-16,18.75,0.5,GMC,Bank,Inactive,QO249249,QR388312,2030-10-19,2027-03-26,2026-07-19,2027-09-10,2018-09-02
EMP1069,Shane,Hussain,dylan20@example.net,1994-04-30,01414960009,"Flat 2
Mohamed Cliff
Williamshaven
TA6P 7JL",Male,Eastfield Psychological Services NHS Trust,Black,Barbados,Skilled Worker,Nursing,Charge Nurse,Corporate Services,IT Support,7,63304,2019-01-21,2019-03-04,20.0,0.53,None,Fixed Term,Suspended,QM384578,EG071390,2029-09-19,2030-06-02,2025-11-26,2027-02-19,2019-02-11
EMP1070,Suzanne,Warner,george86@example.net,2005-11-16,0131 4960579,"Studio 73K
McCarthy Crossroad
Sharpland
UB05 9GB",Male,Riverside Integrated Care NHS Trust,Black,Nigeria,Dependent,Admin,Receptionist,Women & Children,Postnatal Care,3,30458,2026-05-17,2026-06-14,20.0,0.53,HCPC,Permanent,Suspended,CV545178,NO975587,2026-12-03,2031-04-27,2025-09-13,2027-04-01,2026-06-07
EMP1071,Nicola,Hunter,leahthompson@example.net,1989-06-03,+441184960419,"1 Teresa Estates
North Ronaldton
B59 8FQ",Female,Eastfield Psychological Services NHS Trust,White,Australia,British Citizen,Nursing,Staff Nurse,Corporate Services,Human Resources,5,40483,2024-11-19,2024-12-24,18.75,0.5,HCPC,Permanent,Suspended,EW882135,NI273320,2027-04-07,2029-04-18,2026-04-21,2026-10-19,2024-12-10
EMP1072,Natasha,James,flemingderek@example.net,1962-11-15,020 74960019,"Flat 66f
Kyle River
Hayleybury
G2 6HR",Female,Southvale Hospitals NHS Trust,White,New Zealand,Skilled Worker,Nursing,Charge Nurse,Medicine & Acute Care,Dermatology,7,60824,2018-03-08,2018-04-19,18.75,0.5,HCPC,Fixed Term,Suspended,QZ849498,VT137663,2030-01-19,2028-02-14,2026-07-03,2026-11-05,2018-03-29
EMP1073,Katherine,Steele,catherine39@example.org,1965-12-05,0141 4960874,"Flat 70
Walker Rest
South Benjamin
TN5 8XE",Female,Midlands Central Hospitals NHS Trust,Black,Jamaica,Skilled Worker,AHP,Radiographer,Women & Children,Paediatrics,6,52198,2021-04-01,2021-05-06,30.0,0.8,NMC,Permanent,Inactive,TR550112,AD014830,2028-04-28,2029-09-12,2026-04-03,2026-10-09,2021-04-22
EMP1074,Sara,Fisher,marilyn88@example.com,2002-03-10,+448081570618,"Studio 2
Hammond Ford
Oliverland
WS77 8ZY",Male,Broadfield Clinical Services NHS Trust,White,Canada,ILR,AHP,Occupational Therapist,Emergency & Urgent Care,Minor Injuries Unit,6,47019,2019-04-26,2019-06-07,18.75,0.5,GMC,Bank,Inactive,NU468870,HA429620,2029-01-09,2029-11-10,2025-12-27,2027-08-23,2019-05-17
EMP1075,Angela,Edwards,junegardner@example.org,2002-11-28,+44289018309,"Flat 8
Denis Inlet
Armstrongburgh
G37 6HW",Female,Riverside Integrated Care NHS Trust,White,New Zealand,Dependent,AHP,Physiologist,Medicine & Acute Care,Haematology,6,45580,2024-11-29,2025-01-10,18.75,0.5,GMC,Fixed Term,Inactive,LU567564,OQ965391,2031-01-10,2028-03-16,2026-02-14,2026-11-10,2024-12-20
EMP1076,Andrea,Griffin,qbrown@example.com,1992-07-15,+441154960991,"24 Taylor Ports
Russellborough
PE4H 1LB",Male,Oakridge Community Services NHS Trust,Asian,Japan,Dependent,AHP,Speech Therapist,Medicine & Acute Care,Cardiology,6,44645,2022-11-21,2022-12-19,18.75,0.5,GMC,Fixed Term,Active,XB102615,TZ647874,2031-07-23,2029-04-06,2026-07-08,2026-09-16,2022-12-12
EMP1077,Leslie,Simpson,marilynfoster@example.com,1998-03-28,0121 4960308,"8 Peter Lodge
Trevorbury
RM8V 3WT",Male,Greenhaven Acute & Specialist Care NHS Trust,Black,Ghana,Dependent,Medical,FY1/FY2,Critical Care & Anaesthesia,Intensive Care Unit,FY1,38871,2022-03-14,2022-04-25,37.5,1.0,None,Fixed Term,Active,HX870597,XA349580,2026-10-07,2029-06-19,2025-12-15,2027-04-20,2022-04-04
EMP1078,Glenn,Clements,ustevens@example.org,1986-01-26,(020) 7496 0013,"569 Adam Canyon
South Marieside
CM6 4EX",Female,Horizon Integrated Health Partnership NHS Trust,Black,Barbados,ILR,Medical,SHO,Clinical Support Services,Radiology,SHO,51533,2021-06-02,2021-06-30,15.0,0.4,NMC,Fixed Term,On Leave,DP782682,XO677284,2028-12-18,2027-12-15,2025-10-06,2026-11-25,2021-06-23
EMP1079,Gerard,Reid,tomquinn@example.net,1982-12-08,+44191 496 0931,"Flat 32t
Hall Mountain
Dianeside
JE2 4BQ",Female,Westborough Acute Care NHS Trust,Black,Kenya,Skilled Worker,Nursing,Senior Staff Nurse,Emergency & Urgent Care,Ambulance Services,6,49081,2026-05-01,2026-06-05,15.0,0.4,HCPC,Permanent,Inactive,YD433209,LF150174,2030-07-16,2028-02-07,2026-02-12,2027-03-31,2026-05-22
EMP1080,Maureen,Ryan,naomi91@example.com,1987-09-26,+44(0)151 496 0085,"226 Max Radial
West Guymouth
AL69 6AP",Female,Horizon Integrated Health Partnership NHS Trust,Asian,China,Skilled Worker,Admin,Receptionist,Emergency & Urgent Care,Urgent Care,3,28927,2021-03-26,2021-04-23,30.0,0.8,NMC,Permanent,Active,BT613212,ZG150091,2026-11-16,2028-10-25,2026-07-07,2027-03-04,2021-04-16
EMP1081,Anna,Watson,adamsmarc@example.net,1978-10-03,+44(0)115 4960699,"485 Anne Grove
East Nathanborough
BD3R 2UR",Female,Greenhaven Acute & Specialist Care NHS Trust,White,Canada,British Citizen,Medical,Registrar,Critical Care & Anaesthesia,Intensive Care Unit,SPR,75592,2025-03-18,2025-04-22,30.0,0.8,HCPC,Fixed Term,On Leave,TD351788,WC171375,2027-02-03,2027-04-29,2026-07-13,2027-06-03,2025-04-08
EMP1082,Michael,Davies,wademelissa@example.org,1992-01-04,(0191) 4960045,"Studio 1
Alexander Way
Hayesborough
G30 9RQ",Female,Northshire University Hospitals NHS Trust,Black,South Africa,British Citizen,Nursing,Nursery Nurse,Medicine & Acute Care,Nephrology,2,24543,2023-07-07,2023-08-18,15.0,0.4,None,Fixed Term,Suspended,PO979218,SL993163,2029-04-06,2029-01-13,2026-01-24,2027-06-02,2023-07-28
EMP1083,Stewart,Fry,gerald73@example.com,1975-06-12,+44(0)3069990418,"57 Barry Canyon
Lake Nicholas
SG07 3QB",Female,Broadfield Clinical Services NHS Trust,White,Canada,ILR,AHP,Radiographer,Surgery & Cancer,Breast Surgery,6,53804,2023-01-25,2023-03-01,37.5,1.0,GMC,Permanent,Active,TJ456000,RW699314,2028-12-28,2030-09-16,2026-03-19,2027-04-16,2023-02-15
EMP1084,Rhys,Nicholson,justinjordan@example.org,1988-02-01,(0113) 4960277,"Flat 0
Allen Square
West Ronald
WC7N 6XP",Female,Broadfield Clinical Services NHS Trust,Asian,Japan,Dependent,AHP,Radiographer,Corporate Services,IT Support,6,54044,2026-04-29,2026-05-27,20.0,0.53,None,Bank,On Leave,XK132041,SG784251,2030-12-31,2028-04-15,2025-09-13,2026-09-16,2026-05-20
EMP1085,Eleanor,Hall,charles71@example.org,1989-10-13,(0151) 496 0585,"Studio 75
Shaw Mills
Perrymouth
B4 7UF",Female,Southgate Community & Mental Health NHS Trust,Black,Kenya,Skilled Worker,Admin,Administrator,Women & Children,Postnatal Care,3,31865,2026-08-05,2026-09-16,20.0,0.53,NMC,Permanent,Active,JV678652,FK664428,2027-08-16,2028-07-22,2026-07-06,2026-10-31,2026-08-26
EMP1086,Julie,Fitzgerald,laurenali@example.com,1965-02-26,+44909 879 0092,"71 Evans Union
North Holly
W9 6TF",Female,Eastmoor Teaching Hospitals NHS Trust,White,Australia,ILR,Medical,SHO,Medicine & Acute Care,Nephrology,SHO,50944,2018-02-08,2018-03-15,20.0,0.53,None,Fixed Term,Inactive,KB624787,YU496450,2028-03-30,2027-09-12,2025-10-03,2027-01-13,2018-03-01
EMP1087,Gail,Francis,vincent00@example.org,1962-02-21,+441214960200,"Flat 84X
Harrison Estates
East Sean
N0W 5DQ",Female,Meadowbrook Community Health NHS Trust,Mixed,Japan,ILR,Nursing,Healthcare Assistant,Emergency & Urgent Care,Urgent Care,2,25378,2022-03-26,2022-04-30,20.0,0.53,HCPC,Permanent,Suspended,DI656347,RV941846,2028-03-18,2028-05-31,2025-12-02,2027-03-16,2022-04-16
EMP1088,Donald,Miller,daviesdouglas@example.net,1989-11-12,+44131 4960900,"115 Harrison Manors
Naomiburgh
W8 6NR",Female,Eastfield Psychological Services NHS Trust,Asian,Thailand,Dependent,Admin,Medical Secretary,Clinical Support Services,Occupational Therapy,4,37936,2025-08-15,2025-09-19,37.5,1.0,None,Permanent,Inactive,LC166006,WC628810,2027-08-03,2028-07-26,2026-02-25,2027-09-07,2025-09-05
EMP1089,Chelsea,Little,timothy36@example.org,1984-12-04,+44121 496 0712,"Flat 2
Kevin Route
Lake Mollyside
RG2 9QN",Female,Riverbank General Hospitals NHS Trust,Asian,Japan,ILR,Admin,Medical Secretary,Emergency & Urgent Care,Minor Injuries Unit,4,35697,2021-02-05,2021-03-05,30.0,0.8,NMC,Fixed Term,Inactive,IR585958,KH839641,2030-04-14,2031-05-04,2025-11-03,2027-03-15,2021-02-26
EMP1090,Jacqueline,Nicholson,wrightshaun@example.org,1967-05-31,+44(0)1184960933,"1 Jones Summit
Singhville
B2A 5AB",Male,Bluewater Community & Rehabilitation NHS Trust,Asian,India,ILR,Nursing,Ward Manager,Clinical Support Services,Pathology,8A,65934,2021-09-15,2021-10-27,37.5,1.0,HCPC,Bank,On Leave,HP776415,WX094178,2029-02-02,2029-10-12,2026-08-06,2026-10-19,2021-10-06
EMP1091,Marion,Cartwright,wendy56@example.com,1975-09-05,01914960452,"29 Williams Pike
Newtonfort
NG6M 6LP",Male,Eastfield Psychological Services NHS Trust,Mixed,India,British Citizen,Medical,FY1/FY2,Women & Children,Gynaecology,FY1,38074,2017-10-03,2017-11-14,20.0,0.53,HCPC,Fixed Term,On Leave,DK455609,FN905578,2026-09-18,2027-03-06,2025-12-19,2027-04-22,2017-10-24
EMP1092,Elizabeth,Knight,williamssteven@example.com,2006-10-26,+44114 4960298,"Studio 81V
Fry Pass
Marcchester
IG0A 1SW",Female,Oakridge Community Services NHS Trust,White,Canada,Dependent,Medical,SHO,Emergency & Urgent Care,Minor Injuries Unit,SHO,54537,2022-06-03,2022-07-01,15.0,0.4,NMC,Fixed Term,Active,ES558184,VB988617,2029-02-20,2031-03-31,2025-10-08,2026-12-02,2022-06-24
EMP1093,Shaun,Brooks,johnsonjoshua@example.com,1982-04-07,0161 4960155,"390 Harriet Glen
Port Derek
G3W 4QT",Female,Southgate Community & Mental Health NHS Trust,Black,Kenya,Skilled Worker,Medical,FY1/FY2,Clinical Support Services,Occupational Therapy,FY1,39005,2022-02-07,2022-03-14,30.0,0.8,HCPC,Permanent,Inactive,KC073857,HG450678,2027-08-17,2030-03-28,2026-01-22,2027-02-20,2022-02-28
EMP1094,Andrea,Barker,ucox@example.com,1990-08-10,0306 9990146,"69 Murphy Hollow
North Kirstystad
N69 8NQ",Female,Valleyview Mental Wellness NHS Trust,Mixed,Australia,Dependent,Nursing,Ward Manager,Critical Care & Anaesthesia,Pain Management,8A,69744,2023-03-28,2023-05-09,20.0,0.53,HCPC,Permanent,Inactive,KA956474,OI943360,2028-01-28,2026-10-15,2026-07-26,2027-02-28,2023-04-18
EMP1095,Elliott,Cooper,hwalsh@example.com,1962-10-01,(0909) 8790315,"612 Dunn Turnpike
Danielland
B9 7DS",Female,Horizon Integrated Health Partnership NHS Trust,Asian,China,ILR,Medical,Consultant,Women & Children,Postnatal Care,CONS,127715,2022-09-26,2022-11-07,15.0,0.4,HCPC,Bank,Suspended,UP943102,ZC100848,2030-03-19,2027-11-16,2025-11-10,2026-12-06,2022-10-17
EMP1096,Joan,Carr,paulaadams@example.org,1963-02-24,01314960243,"Flat 4
Howard Cliffs
Hallmouth
DA9 8DQ",Female,Midlands Central Hospitals NHS Trust,White,United Kingdom,British Citizen,Medical,FY1/FY2,Women & Children,Paediatrics,FY1,36679,2025-09-02,2025-10-14,18.75,0.5,None,Fixed Term,Inactive,LG698846,RH950857,2027-04-10,2030-12-06,2026-05-15,2027-01-20,2025-09-23
EMP1097,Rachel,Richardson,clarkluke@example.com,1968-04-16,+44(0)131 4960558,"Studio 37D
Owen Forest
Reevesfurt
B77 1WA",Male,Eastmoor Teaching Hospitals NHS Trust,Mixed,Canada,ILR,Medical,FY1/FY2,Surgery & Cancer,Colorectal Surgery,FY1,40441,2025-07-18,2025-08-22,30.0,0.8,HCPC,Fixed Term,Active,DP745046,CP518694,2028-10-16,2031-07-09,2026-01-08,2027-04-07,2025-08-08
EMP1098,Sara,Parsons,jacksonelaine@example.org,1994-01-25,+44(0)808 1570753,"Flat 0
Brenda Vista
Mauricestad
L3 5XB",Female,Lakeside District Hospitals NHS Trust,Mixed,United Kingdom,Skilled Worker,Nursing,Senior Staff Nurse,Medicine & Acute Care,Haematology,6,54443,2017-04-11,2017-05-16,37.5,1.0,HCPC,Fixed Term,On Leave,AJ167617,EL595524,2031-06-08,2029-11-20,2026-03-13,2027-08-24,2017-05-02
EMP1099,Elliot,Whitehead,davieskenneth@example.net,1980-12-25,0909 8790635,"Flat 62
Leon Keys
Morrisland
L5 2AG",Male,Horizon Integrated Health Partnership NHS Trust,White,Canada,ILR,Nursing,Charge Nurse,Medicine & Acute Care,Acute Medicine,7,61246,2017-11-11,2017-12-16,20.0,0.53,GMC,Bank,Active,EN891199,FB294115,2031-02-22,2030-06-06,2026-03-11,2026-11-13,2017-12-02
EMP1100,Sara,Murray,frederickturner@example.com,2004-06-02,(0113)4960047,"Studio 67
Kerr Forges
West Alexandrahaven
E3S 9ED",Female,Southvale Hospitals NHS Trust,Asian,Thailand,Skilled Worker,AHP,Pharmacist,Medicine & Acute Care,General Surgery,5,37272,2019-07-22,2019-09-02,18.75,0.5,NMC,Permanent,Inactive,KV936083,PT274967,2031-04-16,2026-12-07,2025-11-13,2027-01-01,2019-08-12
EMP1101,Chloe,Rhodes,qrobinson@example.org,1987-03-09,+44(0)1174960301,"Flat 74
Jones Rue
East Jack
BR9 4GJ",Male,Southvale Hospitals NHS Trust,White,United Kingdom,British Citizen,Nursing,Staff Nurse,Corporate Services,IT Support,5,43513,2018-10-16,2018-11-20,20.0,0.53,HCPC,Permanent,Inactive,TW198574,HI854796,2031-07-27,2028-05-23,2026-02-03,2026-12-09,2018-11-06
EMP1102,Bethan,Harris,lesley20@example.org,1999-02-24,+441144960969,"Flat 15E
Norris Hollow
Harveyville
S9F 3JQ",Male,Valleyview Mental Wellness NHS Trust,Asian,Japan,Skilled Worker,AHP,Pharmacist,Surgery & Cancer,Neurosurgery,5,39198,2017-07-19,2017-08-30,20.0,0.53,HCPC,Bank,Suspended,GO002315,CV998229,2030-09-04,2031-07-14,2025-10-10,2027-08-05,2017-08-09
EMP1103,Dean,Dean,kim98@example.org,1963-08-29,+44(0)306 9990517,"Flat 87A
Kennedy Island
West Kimstad
S96 9LA",Male,Northwood Mental Health NHS Trust,White,United Kingdom,ILR,Medical,Registrar,Critical Care & Anaesthesia,Intensive Care Unit,SPR,67471,2025-10-15,2025-11-12,15.0,0.4,None,Bank,On Leave,RG408317,FT837404,2030-07-23,2027-05-30,2025-12-03,2027-05-24,2025-11-05
EMP1104,Tony,Turner,suzanne34@example.com,1970-06-02,+44114 4960962,"Flat 62Q
Pamela Haven
Callumtown
M16 6DU",Female,Eastmoor Teaching Hospitals NHS Trust,Mixed,New Zealand,Dependent,Admin,Data Analyst,Surgery & Cancer,General Surgery,8A,55549,2019-01-12,2019-02-23,18.75,0.5,GMC,Fixed Term,Active,KK480619,YY834317,2027-08-04,2030-12-12,2026-04-09,2027-01-18,2019-02-02
EMP1105,Kevin,Clark,jill63@example.org,1961-08-24,02074960375,"857 Shannon Throughway
Martyntown
FK7H 2RB",Male,Bluewater Community & Rehabilitation NHS Trust,Asian,Japan,Dependent,Admin,Receptionist,Surgery & Cancer,General Surgery,3,28647,2021-10-01,2021-11-12,18.75,0.5,NMC,Bank,On Leave,VR182126,YA975359,2030-08-04,2029-03-29,2025-09-22,2027-06-17,2021-10-22
EMP1106,Vanessa,Edwards,rjohnson@example.net,1971-10-25,+44(0)151 4960067,"3 Grace Stravenue
Griffithsville
N9F 1FF",Female,Eastfield Psychological Services NHS Trust,Black,Nigeria,Dependent,Admin,Medical Secretary,Medicine & Acute Care,Cardiology,4,32881,2019-01-05,2019-02-09,37.5,1.0,HCPC,Fixed Term,Active,HG780058,QN622033,2027-03-20,2029-01-25,2026-01-07,2027-02-09,2019-01-26
EMP1107,Dylan,McLean,laurenevans@example.com,1993-06-01,+44(0)1154960345,"Flat 9
Sanders Ford
South Jacqueline
E95 0PL",Male,Southgate Community & Mental Health NHS Trust,White,Australia,Dependent,AHP,Radiographer,Medicine & Acute Care,Dermatology,6,47918,2019-09-30,2019-11-11,30.0,0.8,None,Fixed Term,Inactive,ME475310,PB860014,2030-02-10,2031-04-27,2026-06-02,2027-04-24,2019-10-21
EMP1108,Mary,Osborne,adavies@example.net,1969-08-12,09098790650,"Studio 89
Norris Harbor
East Georgiaburgh
M7 1JU",Female,Eastfield Psychological Services NHS Trust,White,Australia,ILR,Admin,Receptionist,Clinical Support Services,Pharmacy,3,30754,2026-08-14,2026-09-11,20.0,0.53,GMC,Bank,Active,OE642563,HZ428036,2030-06-25,2028-08-20,2026-04-10,2027-01-08,2026-09-04
EMP1109,Yvonne,Watson,ellislindsey@example.net,1992-11-10,(0116) 496 0860,"Studio 62J
Webb Corner
South Garyhaven
TN72 8SH",Male,Northshire University Hospitals NHS Trust,White,Australia,Dependent,Nursing,Charge Nurse,Emergency & Urgent Care,Emergency Department,7,60371,2019-11-06,2019-12-11,18.75,0.5,HCPC,Permanent,Suspended,QN281650,FU219002,2028-03-12,2028-02-04,2026-02-18,2027-05-18,2019-11-27
EMP1110,Charlie,Thompson,swhite@example.org,2003-01-14,(029) 2018 0985,"5 Alex Fall
Lake Duncanburgh
HP2 5BL",Female,Oakridge Community Services NHS Trust,White,Australia,Dependent,Admin,Receptionist,Clinical Support Services,Pathology,3,31456,2024-05-25,2024-06-29,20.0,0.53,HCPC,Fixed Term,Active,SS336520,RR593601,2026-10-14,2030-07-19,2026-04-06,2026-09-28,2024-06-15
EMP1111,Nigel,Jones,bradleyrowe@example.org,1967-07-07,01134960258,"5 Jade Pass
Royton
PA8 0BW",Female,Broadfield Clinical Services NHS Trust,Mixed,Japan,ILR,AHP,Radiographer,Critical Care & Anaesthesia,Intensive Care Unit,6,49863,2021-12-23,2022-02-03,30.0,0.8,GMC,Permanent,Suspended,MH072774,KJ288426,2029-09-28,2031-06-28,2025-11-26,2026-10-16,2022-01-13
EMP1112,Brian,Baker,ohussain@example.com,2000-05-26,(0306)9990332,"3 Jade Avenue
Dayfort
ML70 7XY",Male,Broadfield Clinical Services NHS Trust,Black,Trinidad and Tobago,ILR,Admin,Receptionist,Medicine & Acute Care,General Surgery,3,30880,2025-10-02,2025-11-13,18.75,0.5,NMC,Permanent,Active,DX133972,BQ824355,2030-04-18,2028-10-08,2025-12-06,2026-12-21,2025-10-23
EMP1113,Jill,Charlton,daniel74@example.com,1980-08-02,(0113) 496 0955,"Studio 59z
Gerald Ramp
Parryville
PR4 5JX",Male,Bluewater Community & Rehabilitation NHS Trust,Mixed,Japan,British Citizen,Admin,Receptionist,Clinical Support Services,Physiotherapy,3,26270,2021-11-25,2021-12-30,30.0,0.8,NMC,Fixed Term,Active,MI887330,BZ124526,2027-05-25,2028-08-20,2026-07-07,2027-04-10,2021-12-16
EMP1114,Gordon,Jones,brett62@example.net,2008-08-05,(0114)4960813,"810 Bailey Port
West Callumview
L20 2DS",Male,Hillcrest Medical Centres NHS Trust,Asian,Thailand,Skilled Worker,Nursing,Senior Staff Nurse,Women & Children,Gynaecology,6,46407,2018-04-28,2018-06-09,20.0,0.53,HCPC,Permanent,On Leave,LR728979,RT850762,2030-10-12,2027-07-07,2026-07-07,2026-09-20,2018-05-19
EMP1115,Lynn,French,robsonjulie@example.org,1979-08-17,+44(0)117 4960902,"Flat 77
Morris Avenue
Pamelaburgh
BL5 4NR",Male,Southgate Community & Mental Health NHS Trust,Mixed,Kenya,ILR,Admin,Data Analyst,Emergency & Urgent Care,Ambulance Services,8A,69892,2017-04-17,2017-05-29,15.0,0.4,GMC,Permanent,On Leave,EO931790,ZR788940,2027-07-08,2027-01-28,2025-12-17,2027-08-30,2017-05-08
EMP1116,George,Pearson,ohorton@example.net,1978-06-18,09098790718,"634 Damian Islands
Murphybury
PL1 4EW",Female,Valleyview Mental Wellness NHS Trust,Mixed,Kenya,British Citizen,Medical,FY1/FY2,Medicine & Acute Care,Rheumatology,FY1,36267,2021-12-29,2022-01-26,37.5,1.0,NMC,Permanent,Inactive,RK512228,SR875443,2028-04-20,2031-04-12,2025-12-22,2027-08-17,2022-01-19
EMP1117,Trevor,Pugh,naomimorgan@example.net,1985-03-25,+44(0)292018434,"07 Kenneth Freeway
Port Rosie
M19 9BT",Male,Eastmoor Teaching Hospitals NHS Trust,Black,Nigeria,ILR,Medical,Consultant,Corporate Services,Facilities Management,CONS,127649,2019-08-11,2019-09-15,15.0,0.4,NMC,Bank,Inactive,CU966332,LP367281,2028-05-15,2028-05-14,2026-02-14,2027-05-24,2019-09-01
EMP1118,Alice,Hurst,jade92@example.com,1986-09-16,+44(0)161 496 0989,"Studio 47q
Georgina Estates
Wallacemouth
TD6 6QR",Female,Greenhaven Acute & Specialist Care NHS Trust,Mixed,Trinidad and Tobago,ILR,Admin,Administrator,Clinical Support Services,Radiology,3,29221,2022-12-03,2022-12-31,30.0,0.8,None,Bank,Suspended,KO636376,MV444821,2027-10-24,2029-02-24,2025-12-25,2026-11-25,2022-12-24
EMP1119,Liam,Morgan,jblack@example.com,1982-01-28,(0121) 496 0676,"2 Ashley Forges
Joemouth
G6J 0SS",Male,Midlands Central Hospitals NHS Trust,Mixed,Ghana,Skilled Worker,AHP,Physiotherapist,Women & Children,Obstetrics,6,51934,2026-04-17,2026-05-15,30.0,0.8,HCPC,Permanent,Inactive,CC623901,WA770079,2031-04-30,2028-12-07,2025-11-22,2027-08-24,2026-05-08
EMP1120,Margaret,Gray,jeffrey32@example.com,1978-08-21,+44(0)131 4960215,"Studio 63U
Lynch Summit
South Judith
W60 3PG",Female,Greenhaven Acute & Specialist Care NHS Trust,White,United Kingdom,ILR,Nursing,Senior Staff Nurse,Corporate Services,Human Resources,6,49275,2021-12-18,2022-01-22,20.0,0.53,NMC,Bank,Inactive,LN975596,ND943794,2026-12-01,2031-05-26,2025-12-31,2027-05-22,2022-01-08
EMP1121,Alex,Hopkins,huntmarion@example.org,1991-04-12,0306 9990515,"0 Brenda Pine
North Deborah
B4 7LU",Female,Oakridge Community Services NHS Trust,Black,Barbados,British Citizen,Medical,Consultant,Clinical Support Services,Pharmacy,CONS,133038,2020-04-05,2020-05-10,30.0,0.8,None,Bank,Inactive,AF054579,UD985483,2028-03-19,2030-07-16,2026-01-11,2027-03-16,2020-04-26
EMP1122,Alexander,Peters,fletcherjeremy@example.com,2005-12-19,0289018468,"Studio 67
Jacob Mills
West Deborahville
KW27 3TH",Female,Meadowbrook Community Health NHS Trust,Mixed,Thailand,British Citizen,Medical,Registrar,Critical Care & Anaesthesia,Anaesthesia,SPR,65734,2024-07-27,2024-08-31,15.0,0.4,HCPC,Permanent,Inactive,QM957007,MU235052,2028-09-23,2028-01-10,2026-03-29,2026-11-09,2024-08-17
EMP1123,Carol,Brookes,douglas47@example.net,1964-03-15,+44(0)118 4960077,"Flat 18n
Brooks Inlet
Lake Jordanland
L5E 3YY",Female,Eastfield Psychological Services NHS Trust,Mixed,Thailand,ILR,Nursing,Charge Nurse,Surgery & Cancer,Colorectal Surgery,7,55073,2021-07-12,2021-08-23,18.75,0.5,None,Bank,Suspended,WG786987,DB328318,2030-07-19,2027-12-20,2026-01-08,2027-05-05,2021-08-02
EMP1124,Barbara,Gibbons,lindsey21@example.net,1977-06-18,+449098790774,"Studio 46
Parkes Coves
Antonyborough
WD5 5AE",Female,Valleyview Mental Wellness NHS Trust,Asian,Thailand,British Citizen,Nursing,Healthcare Assistant,Medicine & Acute Care,Endocrinology,2,25660,2020-10-23,2020-12-04,30.0,0.8,NMC,Fixed Term,Inactive,PW211143,IF415983,2026-12-12,2031-08-21,2025-09-13,2026-11-24,2020-11-13
EMP1125,Douglas,Smith,timothy05@example.org,2005-06-04,0116 496 0216,"Studio 12F
Lewis Canyon
West Abdulchester
N43 1UU",Male,Eastfield Psychological Services NHS Trust,Black,Jamaica,Skilled Worker,Nursing,Senior Staff Nurse,Critical Care & Anaesthesia,Pain Management,6,49362,2024-09-27,2024-11-01,30.0,0.8,None,Permanent,Inactive,CE826636,KD162971,2027-01-25,2028-07-01,2026-05-15,2027-08-11,2024-10-18
EMP1126,Gail,West,joanbegum@example.com,2003-03-26,(0121) 496 0820,"Studio 61
Hughes Cliff
Pearceview
KW5Y 2JR",Female,Oakridge Community Services NHS Trust,Mixed,United States,Skilled Worker,Nursing,Senior Staff Nurse,Critical Care & Anaesthesia,Pain Management,6,53564,2021-07-13,2021-08-24,20.0,0.53,GMC,Bank,On Leave,EH998438,BS966075,2027-08-06,2031-06-14,2026-06-29,2027-04-04,2021-08-03
EMP1127,Cameron,Slater,qhiggins@example.org,1986-10-23,(029)2018736,"Flat 6
Susan Way
Bowenview
WF7 1WD",Male,Bluewater Community & Rehabilitation NHS Trust,Mixed,South Africa,Skilled Worker,Admin,Receptionist,Emergency & Urgent Care,Minor Injuries Unit,3,27498,2017-03-25,2017-05-06,37.5,1.0,GMC,Permanent,Suspended,DM986861,IL785775,2031-06-06,2030-11-05,2026-04-20,2026-12-04,2017-04-15
EMP1128,Graham,Chandler,eturner@example.com,1984-05-14,+44(0)1154960733,"Flat 02
Storey Springs
New Amyland
HR5R 6GA",Female,Broadfield Clinical Services NHS Trust,Asian,India,ILR,Admin,Data Analyst,Corporate Services,Human Resources,8A,61122,2020-11-27,2021-01-01,15.0,0.4,HCPC,Permanent,On Leave,TS238068,WH846895,2027-01-25,2028-02-08,2026-01-15,2027-05-08,2020-12-18
EMP1129,Victoria,Burke,katejones@example.net,1983-06-08,(0141) 4960833,"Flat 65
Foster Shores
Port Carolineside
CB18 6HH",Male,Westmere Community Health NHS Trust,Asian,China,Skilled Worker,AHP,Physiologist,Emergency & Urgent Care,Ambulance Services,6,46506,2019-09-26,2019-11-07,15.0,0.4,GMC,Bank,Active,WU176417,UN684192,2029-01-22,2028-10-01,2026-08-14,2027-03-10,2019-10-17
EMP1130,Keith,Lawrence,alex84@example.com,2005-04-04,(0117)4960447,"84 Cook Route
Port Kennethfurt
LL1W 0ST",Female,Southgate Community & Mental Health NHS Trust,Asian,Japan,Dependent,Medical,SHO,Surgery & Cancer,Neurosurgery,SHO,56371,2018-01-21,2018-02-18,15.0,0.4,None,Permanent,Suspended,OD212212,NM289310,2027-09-26,2029-02-08,2026-05-25,2026-10-05,2018-02-11
EMP1131,Sandra,Rowe,benhughes@example.net,1965-01-13,(0116) 4960513,"928 Poole Summit
Tonyborough
W4W 6NW",Male,Greenhaven Acute & Specialist Care NHS Trust,Mixed,United Kingdom,Dependent,Nursing,Charge Nurse,Clinical Support Services,Pharmacy,7,55812,2022-11-19,2022-12-24,30.0,0.8,GMC,Fixed Term,Active,ZQ517699,KZ360901,2026-11-14,2028-12-02,2025-11-08,2026-11-10,2022-12-10
EMP1132,Richard,Dawson,thomasstewart@example.org,1971-10-24,(0808) 1570840,"Flat 8
Alan Via
East Hayley
CV5 8QF",Male,Southgate Community & Mental Health NHS Trust,White,Canada,Dependent,Nursing,Ward Manager,Corporate Services,Finance,8A,61250,2020-10-09,2020-11-06,15.0,0.4,GMC,Fixed Term,On Leave,RK191508,GS778365,2029-09-24,2027-09-17,2025-12-28,2027-08-02,2020-10-30
EMP1133,Sean,Franklin,martinsinclair@example.com,1981-02-24,028 9018 0811,"Studio 19
Jones Highway
Port Carolyn
SK67 3HP",Female,Northwood Mental Health NHS Trust,Black,South Africa,Skilled Worker,AHP,Radiographer,Emergency & Urgent Care,Ambulance Services,6,49568,2023-08-05,2023-09-09,37.5,1.0,NMC,Bank,On Leave,BC214918,ME267952,2027-01-27,2030-06-05,2026-01-25,2026-10-04,2023-08-26
EMP1134,Yvonne,Marsh,abbie57@example.net,1999-02-02,(029) 2018833,"229 Burns Cove
West Suzanneside
M15 2DX",Male,Northshire University Hospitals NHS Trust,White,Canada,British Citizen,Admin,Administrator,Clinical Support Services,Physiotherapy,3,26073,2020-11-11,2020-12-23,18.75,0.5,HCPC,Fixed Term,Active,CL554996,YR523315,2028-05-03,2031-03-05,2026-01-11,2026-12-30,2020-12-02
EMP1135,Sam,Young,jeremywalker@example.com,1975-01-25,+44808 157 0263,"Flat 54
Sharon Lodge
Yvonneland
SL1 5YY",Male,Northwood Mental Health NHS Trust,Asian,Thailand,Dependent,Medical,FY1/FY2,Surgery & Cancer,Neurosurgery,FY1,39404,2023-08-14,2023-09-11,20.0,0.53,None,Bank,Active,EG250133,PN291868,2030-04-30,2029-01-19,2026-04-19,2027-01-24,2023-09-04
EMP1136,Patricia,Simpson,ballkeith@example.org,1973-12-06,+44(0)116 496 0102,"5 Moran Squares
East Rosemarymouth
NW84 8GT",Male,Northshire University Hospitals NHS Trust,Asian,Thailand,Dependent,Admin,Administrator,Clinical Support Services,Pathology,3,26490,2026-04-09,2026-05-07,15.0,0.4,HCPC,Fixed Term,Inactive,KR091449,UZ146016,2027-07-26,2029-06-22,2026-03-25,2026-10-24,2026-04-30
EMP1137,Harriet,Turner,mariancollier@example.com,1985-05-22,+44(0)1164960294,"Studio 87
Kathleen Green
Wallport
S1 2GN",Female,Northwood Mental Health NHS Trust,Black,Jamaica,ILR,Admin,Medical Secretary,Critical Care & Anaesthesia,Anaesthesia,4,37427,2019-08-13,2019-09-10,37.5,1.0,NMC,Permanent,On Leave,FE816132,VS775406,2027-06-20,2027-05-08,2025-11-05,2027-06-22,2019-09-03
EMP1138,Lawrence,Parkes,rreynolds@example.com,1966-02-16,(020) 7496 0049,"97 Dylan Street
West Danielle
PR16 1ZQ",Male,Riverside Integrated Care NHS Trust,Asian,China,Skilled Worker,Nursing,Nursery Nurse,Medicine & Acute Care,Cardiology,2,27927,2023-02-13,2023-03-27,30.0,0.8,None,Bank,On Leave,MD154044,VS657456,2028-09-11,2028-01-08,2026-01-29,2027-04-23,2023-03-06
EMP1139,Kieran,Allen,conwayleon@example.com,1965-06-24,+44(0)306 9990151,"50 Jeffrey Junction
North Samuel
G2 2EL",Male,Broadfield Clinical Services NHS Trust,Asian,India,Skilled Worker,AHP,Physiologist,Clinical Support Services,Occupational Therapy,6,52360,2026-03-14,2026-04-25,18.75,0.5,HCPC,Permanent,Suspended,UV573055,IL075365,2028-03-25,2030-02-09,2026-06-15,2027-03-18,2026-04-04
EMP1140,Donald,Smith,belljennifer@example.net,1998-11-26,+441154960722,"Studio 50r
Lawrence Common
Port Patrickport
NN05 3FL",Female,Lakeside District Hospitals NHS Trust,Asian,Japan,Skilled Worker,AHP,Pharmacist,Clinical Support Services,Radiology,5,40588,2026-02-12,2026-03-19,30.0,0.8,HCPC,Fixed Term,On Leave,KN925301,YC491192,2027-12-02,2027-09-06,2026-01-22,2026-11-13,2026-03-05
EMP1141,Naomi,Edwards,wongluke@example.com,1982-05-11,01632 960175,"Studio 63J
Marion Falls
Nicholasstad
GU1R 1FQ",Female,Meadowbrook Community Health NHS Trust,Mixed,Australia,Dependent,Medical,FY1/FY2,Women & Children,Postnatal Care,FY1,41411,2020-01-15,2020-02-26,18.75,0.5,HCPC,Bank,Active,GE214568,PF407641,2030-12-03,2027-04-19,2026-04-05,2027-06-23,2020-02-05
EMP1142,Julie,Hicks,robinsondawn@example.com,2007-05-16,01144960695,"45 Marcus Ways
Francesport
BB4 6LR",Female,Eastfield Psychological Services NHS Trust,Black,Ghana,ILR,Admin,Data Analyst,Medicine & Acute Care,Respiratory Medicine,8A,62240,2020-04-02,2020-05-07,30.0,0.8,GMC,Permanent,Inactive,SK284705,IK276540,2030-04-25,2027-02-16,2025-12-18,2027-04-22,2020-04-23
EMP1143,Angela,Turner,ktaylor@example.org,1964-06-25,+44113 4960831,"6 Edwards Ferry
Davidsontown
PA35 8DA",Female,Eastmoor Teaching Hospitals NHS Trust,White,Australia,British Citizen,AHP,Occupational Therapist,Surgery & Cancer,Colorectal Surgery,6,46499,2018-12-05,2019-01-16,18.75,0.5,NMC,Fixed Term,Active,FX807476,EE325757,2028-10-13,2027-11-01,2026-02-19,2027-05-27,2018-12-26
EMP1144,Neil,Sims,acarey@example.org,1975-08-21,0113 4960333,"Studio 68
Marie Street
East Sianfurt
SW8 5GP",Female,Oakridge Community Services NHS Trust,White,United States,Skilled Worker,Admin,Receptionist,Clinical Support Services,Pathology,3,27251,2017-03-01,2017-03-29,37.5,1.0,NMC,Bank,Suspended,NO815987,HC132017,2031-04-27,2030-09-17,2026-09-05,2027-02-18,2017-03-22
EMP1145,Jeremy,Williams,kieran98@example.org,2007-08-18,0808 157 0193,"9 Davies Well
Port Leighfurt
HP6A 6GW",Male,Westborough Acute Care NHS Trust,White,Canada,ILR,Admin,Administrator,Corporate Services,Human Resources,3,26407,2017-03-21,2017-04-18,18.75,0.5,NMC,Permanent,Active,TS412138,CU932164,2027-03-28,2026-09-29,2026-01-19,2027-07-07,2017-04-11
EMP1146,Iain,Humphries,hharris@example.com,1973-08-01,(0115)4960623,"934 Hollie Walk
Gavinshire
N0 8WJ",Female,Westmere Community Health NHS Trust,Asian,Thailand,Skilled Worker,Nursing,Healthcare Assistant,Medicine & Acute Care,Cardiology,2,26641,2024-02-23,2024-04-05,30.0,0.8,HCPC,Fixed Term,Inactive,BR289160,BF647209,2028-06-22,2028-09-13,2026-07-08,2026-12-07,2024-03-15
EMP1147,Graham,Anderson,coxstanley@example.com,1996-05-30,+44117 496 0255,"Studio 40
Lee Ranch
Joelborough
S83 7TX",Male,Riverside Integrated Care NHS Trust,Black,Kenya,Dependent,Admin,Administrator,Corporate Services,Facilities Management,3,26204,2016-10-27,2016-11-24,37.5,1.0,NMC,Bank,Active,XK455739,CT539634,2030-08-12,2029-01-04,2026-06-03,2027-08-22,2016-11-17
EMP1148,Bethan,Miah,joshstone@example.org,1975-08-04,020 74960821,"53 Ahmed Trail
New Jackville
M1 2FR",Male,Hillcrest Medical Centres NHS Trust,Mixed,Trinidad and Tobago,Skilled Worker,Nursing,Ward Manager,Surgery & Cancer,Breast Surgery,8A,63739,2019-05-27,2019-06-24,30.0,0.8,GMC,Permanent,Active,ZW412959,MG826537,2030-02-03,2031-07-16,2026-04-01,2026-12-02,2019-06-17
EMP1149,Denise,Kerr,liam03@example.com,1990-05-24,+4429 2018283,"27 Ryan Groves
Helenborough
BA6 4SS",Male,Broadfield Clinical Services NHS Trust,White,Australia,British Citizen,AHP,Radiographer,Women & Children,Paediatrics,6,52570,2021-02-09,2021-03-16,30.0,0.8,NMC,Fixed Term,Suspended,VT438941,RT917508,2028-12-07,2029-11-26,2026-02-09,2027-07-06,2021-03-02
EMP1150,Sally,Francis,barryabigail@example.com,1980-03-05,+441144960434,"Studio 99b
Denis Turnpike
West Charlotteberg
WV45 2FG",Male,Westmere Community Health NHS Trust,Mixed,Canada,Skilled Worker,Medical,GP,Clinical Support Services,Occupational Therapy,GP,119785,2025-09-25,2025-10-23,37.5,1.0,HCPC,Fixed Term,Inactive,BC511947,PH829101,2030-02-28,2028-12-15,2026-01-14,2027-08-08,2025-10-16
EMP1151,Howard,Davis,steelegerard@example.com,1981-12-03,+442074960882,"9 Liam Path
West Kathleenville
M0U 1BL",Male,Riverbank General Hospitals NHS Trust,Mixed,Jamaica,Skilled Worker,Medical,Registrar,Critical Care & Anaesthesia,Pain Management,SPR,65668,2020-08-17,2020-09-14,30.0,0.8,NMC,Permanent,Active,VI571874,AN756400,2030-05-04,2027-01-29,2026-03-26,2027-07-07,2020-09-07
EMP1152,Danny,King,cdoyle@example.com,1963-07-27,+44(0)909 879 0189,"Studio 69M
Julian Underpass
Glennland
B4C 2UD",Female,Midlands Central Hospitals NHS Trust,Asian,India,ILR,Nursing,Ward Manager,Surgery & Cancer,Orthopaedics,8A,58742,2018-05-05,2018-06-16,20.0,0.53,NMC,Permanent,Active,KZ866517,TI362595,2028-12-13,2031-05-07,2026-06-22,2027-05-05,2018-05-26
EMP1153,Diana,Norton,irahman@example.com,1994-03-01,+441214960249,"Flat 12
Patrick Well
Lake Joshhaven
G5 1AT",Female,Southgate Community & Mental Health NHS Trust,Mixed,Nigeria,Skilled Worker,Medical,Consultant,Medicine & Acute Care,Infectious Diseases,CONS,129327,2025-06-16,2025-07-21,30.0,0.8,GMC,Bank,On Leave,VI702223,DC721118,2029-02-11,2029-05-15,2025-12-09,2027-03-14,2025-07-07
EMP1154,Alice,Weston,thompsonbrett@example.net,1967-01-30,0191 4960792,"05 Mahmood Avenue
Ellismouth
CH7 7WA",Female,Southgate Community & Mental Health NHS Trust,Asian,Japan,Skilled Worker,AHP,Radiographer,Women & Children,Obstetrics,6,51340,2022-07-31,2022-09-11,20.0,0.53,NMC,Fixed Term,On Leave,VG040155,DW820779,2026-12-10,2027-05-09,2026-08-11,2026-10-14,2022-08-21
EMP1155,Mitchell,Ryan,asummers@example.net,1979-04-29,+441184960959,"337 Maureen Cove
Port Tom
G5 2UE",Female,Valleyview Mental Wellness NHS Trust,White,New Zealand,Dependent,Medical,GP,Women & Children,Postnatal Care,GP,110808,2017-12-19,2018-01-30,30.0,0.8,HCPC,Permanent,Suspended,XE019745,LO511671,2030-11-19,2027-06-28,2025-11-05,2027-04-14,2018-01-09
EMP1156,Kim,Clarke,ian51@example.com,1965-12-28,+44141 496 0696,"33 Danielle Point
Lake Mohammad
B2 7ZH",Male,Eastmoor Teaching Hospitals NHS Trust,White,Canada,British Citizen,AHP,Physiologist,Medicine & Acute Care,Respiratory Medicine,6,51905,2022-08-23,2022-09-27,37.5,1.0,None,Bank,On Leave,VI524290,BL501644,2027-10-10,2029-05-19,2025-10-20,2026-09-15,2022-09-13
EMP1157,Emma,Cooper,marianwalton@example.org,2003-08-24,(0151)4960843,"4 Charlie Ridges
Stephanieview
N31 5LJ",Female,Riverbank General Hospitals NHS Trust,Black,South Africa,ILR,AHP,Pharmacist,Critical Care & Anaesthesia,Anaesthesia,5,38969,2023-02-12,2023-03-19,30.0,0.8,NMC,Permanent,Suspended,FA230595,NF024804,2026-11-08,2027-09-16,2026-05-23,2026-09-24,2023-03-05
EMP1158,Andrea,Pugh,glen72@example.net,1962-01-14,+44(0)1214960662,"273 Kevin Inlet
Briggsside
S01 0UU",Male,Southgate Community & Mental Health NHS Trust,Mixed,United Kingdom,British Citizen,Medical,Consultant,Medicine & Acute Care,General Surgery,CONS,111547,2022-08-01,2022-09-05,37.5,1.0,HCPC,Bank,Active,LQ706260,XV761684,2030-03-24,2029-07-08,2026-05-06,2027-06-22,2022-08-22
EMP1159,Kirsty,Parkinson,daniel55@example.com,1975-01-22,(0131) 4960509,"10 Kay Terrace
New Kim
B5 8EX",Male,Eastmoor Teaching Hospitals NHS Trust,Black,Jamaica,ILR,Nursing,Healthcare Assistant,Critical Care & Anaesthesia,Pain Management,2,26732,2026-08-10,2026-09-14,20.0,0.53,None,Bank,Inactive,IS514123,XJ267006,2026-11-05,2030-08-14,2025-11-18,2027-05-31,2026-08-31
EMP1160,Carole,Lee,lindseyparsons@example.net,1970-12-22,028 9018 0546,"Flat 1
Iain Brook
Burgessfurt
N3 5SS",Female,Northshire University Hospitals NHS Trust,Black,Nigeria,ILR,Admin,Medical Secretary,Clinical Support Services,Pathology,4,32324,2019-06-04,2019-07-02,18.75,0.5,GMC,Fixed Term,Inactive,AK971933,JS413750,2026-10-11,2027-05-27,2025-09-21,2027-02-14,2019-06-25
EMP1161,Geraldine,Moore,sally21@example.com,1992-02-28,(0113) 4960646,"63 Sean Knoll
Petershire
NR35 1XT",Female,Eastmoor Teaching Hospitals NHS Trust,White,Australia,Dependent,Medical,FY1/FY2,Critical Care & Anaesthesia,Intensive Care Unit,FY1,38795,2026-09-04,2026-10-09,15.0,0.4,NMC,Bank,Suspended,VB205053,WI675722,2028-08-04,2031-06-20,2026-08-16,2026-10-11,2026-09-25
EMP1162,Harriet,Watson,jenkinsdamien@example.com,1991-02-13,(0114) 496 0718,"Flat 7
Lee Squares
North Ronaldmouth
L0 5AF",Male,Oakridge Community Services NHS Trust,Asian,India,Dependent,Admin,Data Analyst,Critical Care & Anaesthesia,Anaesthesia,8A,59228,2025-04-20,2025-05-25,20.0,0.53,None,Bank,Active,HW892921,IC211293,2026-10-08,2031-01-14,2026-08-22,2026-12-26,2025-05-11
EMP1163,Declan,Robinson,foxnicholas@example.org,1970-07-30,+44131 496 0113,"645 Phillip Mission
New Leonardfort
B45 6NF",Male,Eastmoor Teaching Hospitals NHS Trust,Mixed,Thailand,Dependent,AHP,Pharmacist,Corporate Services,Finance,5,39142,2020-03-10,2020-04-21,18.75,0.5,GMC,Fixed Term,Inactive,SX173728,CM272522,2026-12-23,2027-08-24,2025-10-18,2027-01-24,2020-03-31
EMP1164,Geraldine,Hamilton,thompsonjason@example.com,1974-07-22,(0117) 496 0681,"Flat 6
Robinson Points
Vincentfort
SW5 8DH",Female,Meadowbrook Community Health NHS Trust,Black,Ghana,ILR,Medical,FY1/FY2,Women & Children,Paediatrics,FY1,41234,2016-11-10,2016-12-08,20.0,0.53,None,Bank,Suspended,JU801224,OB536922,2030-02-27,2029-08-25,2026-05-01,2026-10-12,2016-12-01
EMP1165,Jonathan,Cook,powellkathryn@example.org,2007-04-30,(0131)4960423,"07 David Estates
West Colin
B9 7UR",Female,Valleyview Mental Wellness NHS Trust,Black,South Africa,Skilled Worker,AHP,Physiologist,Women & Children,Gynaecology,6,45595,2018-11-25,2019-01-06,15.0,0.4,GMC,Permanent,Active,LR183238,IB525982,2028-04-11,2031-07-31,2026-07-03,2027-03-11,2018-12-16
EMP1166,Frederick,Barker,fspencer@example.com,1988-05-18,+44(0)161 496 0286,"5 Carolyn Extensions
North Ericborough
G3 4YB",Female,Bluewater Community & Rehabilitation NHS Trust,Mixed,United States,ILR,Nursing,Ward Manager,Emergency & Urgent Care,Emergency Department,8A,63181,2017-08-31,2017-10-05,20.0,0.53,HCPC,Permanent,Inactive,AC706489,AF145521,2029-09-23,2029-12-07,2025-09-23,2027-01-22,2017-09-21
EMP1167,Jordan,Field,robertsbeth@example.org,2005-06-23,+44(0)1164960748,"146 Leigh Cliff
Knightville
B8H 4FB",Male,Northwood Mental Health NHS Trust,Asian,India,Skilled Worker,Nursing,Nursery Nurse,Emergency & Urgent Care,Minor Injuries Unit,2,24412,2024-02-26,2024-04-08,20.0,0.53,GMC,Bank,On Leave,VY948540,MY725578,2029-11-05,2028-05-11,2025-10-04,2027-03-23,2024-03-18
EMP1168,Kimberley,Watson,hannahblackburn@example.com,1986-08-13,(0909) 8790867,"716 Griffiths Mall
Grahamport
NR44 5BT",Female,Horizon Integrated Health Partnership NHS Trust,Asian,China,Dependent,Nursing,Charge Nurse,Corporate Services,Communications,7,58540,2020-07-31,2020-08-28,20.0,0.53,GMC,Fixed Term,Inactive,ZV079660,PK089578,2027-06-20,2031-05-07,2025-09-24,2027-04-22,2020-08-21
EMP1169,Stacey,Jenkins,patelgeoffrey@example.com,2006-03-23,0191 4960838,"Flat 4
Jodie Ramp
Port Joycechester
W5 7LZ",Male,Westmere Community Health NHS Trust,Black,Trinidad and Tobago,Dependent,AHP,Occupational Therapist,Clinical Support Services,Pharmacy,6,54521,2024-03-24,2024-05-05,18.75,0.5,GMC,Bank,Inactive,NN959316,IE977232,2028-10-03,2031-01-21,2026-02-25,2026-12-04,2024-04-14
EMP1170,Debra,Barber,smithglenn@example.net,1991-12-18,+441632960748,"Flat 14R
Smith Extensions
North Cliffordside
OL7 6TF",Male,Greenhaven Acute & Specialist Care NHS Trust,Mixed,United Kingdom,British Citizen,Nursing,Senior Staff Nurse,Surgery & Cancer,Orthopaedics,6,50563,2022-08-25,2022-09-22,15.0,0.4,GMC,Bank,Inactive,FL647951,VX956904,2027-03-24,2028-10-02,2026-08-10,2027-07-22,2022-09-15
EMP1171,Terence,Murray,jonespatricia@example.net,1969-06-30,0306 9990847,"077 Ingram Crescent
Joyceport
WC01 4LW",Female,Riverbank General Hospitals NHS Trust,White,Australia,Dependent,Medical,GP,Surgery & Cancer,Breast Surgery,GP,101348,2024-06-22,2024-07-27,30.0,0.8,None,Fixed Term,Suspended,BP813473,LX142161,2027-08-24,2030-12-31,2025-11-10,2027-01-09,2024-07-13
EMP1172,George,Wright,paigethornton@example.com,2003-05-11,+44113 4960633,"154 Teresa Ridges
Fordfurt
CT3R 0YG",Male,Meadowbrook Community Health NHS Trust,Black,Nigeria,British Citizen,Admin,Medical Secretary,Clinical Support Services,Pathology,4,31552,2018-04-10,2018-05-15,18.75,0.5,HCPC,Fixed Term,Active,TV699754,XL278408,2030-04-15,2028-12-04,2026-03-14,2027-07-12,2018-05-01
EMP1173,Carly,Herbert,richard94@example.com,1966-06-01,(0113)4960522,"3 Laura Branch
North Mohammedborough
LU1H 8BU",Male,Southgate Community & Mental Health NHS Trust,Mixed,Nigeria,British Citizen,Nursing,Charge Nurse,Surgery & Cancer,ENT Surgery,7,63255,2020-04-25,2020-05-23,20.0,0.53,NMC,Fixed Term,Inactive,SU136741,BE451601,2030-01-18,2030-04-12,2026-05-02,2027-02-03,2020-05-16
EMP1174,Natasha,Griffin,susan57@example.org,1966-06-28,(0909)8790340,"Flat 61
Anna Street
Lake Suzanneshire
NN81 1GA",Male,Broadfield Clinical Services NHS Trust,Black,Trinidad and Tobago,Skilled Worker,Nursing,Ward Manager,Surgery & Cancer,Breast Surgery,8A,65059,2021-01-19,2021-02-16,37.5,1.0,None,Bank,Inactive,SN010090,CQ190589,2030-05-01,2030-09-03,2026-08-22,2027-05-23,2021-02-09
EMP1175,Marc,Jones,ojones@example.net,1969-11-03,+44114 496 0952,"8 Harvey Stravenue
North Paul
BR87 2PB",Female,Valleyview Mental Wellness NHS Trust,Black,Jamaica,ILR,Medical,Registrar,Women & Children,Gynaecology,SPR,83424,2018-12-11,2019-01-15,20.0,0.53,NMC,Bank,Suspended,ZT071307,TD978341,2031-04-02,2028-12-10,2026-08-02,2027-05-25,2019-01-01
EMP1176,Francis,Morrison,potterjenna@example.org,1988-07-08,(0118) 4960190,"Studio 0
Watts Radial
Janetbury
M3 6WT",Male,Riverbank General Hospitals NHS Trust,White,Australia,Dependent,AHP,Physiotherapist,Women & Children,Gynaecology,6,46846,2025-01-17,2025-02-21,15.0,0.4,None,Fixed Term,Inactive,HK474354,TE686698,2031-07-04,2028-03-11,2026-08-09,2027-03-23,2025-02-07
EMP1177,Joyce,Bradshaw,candrews@example.net,2001-05-18,+441184960210,"74 Carol Walk
Watsontown
L7S 9YH",Male,Riverbank General Hospitals NHS Trust,Black,Trinidad and Tobago,ILR,Nursing,Healthcare Assistant,Clinical Support Services,Radiology,2,24927,2023-04-24,2023-05-22,30.0,0.8,HCPC,Permanent,Inactive,KN630042,HJ159174,2029-02-26,2030-08-31,2026-05-09,2026-11-07,2023-05-15
EMP1178,Trevor,Parker,vwood@example.org,1988-12-11,+44(0)117 496 0132,"68 Diana Pike
West Peterville
WV0W 4UG",Male,Westmere Community Health NHS Trust,Asian,China,Dependent,Medical,GP,Surgery & Cancer,ENT Surgery,GP,103242,2025-04-12,2025-05-24,30.0,0.8,HCPC,Bank,Active,VP626224,VI781657,2030-04-19,2030-07-30,2026-02-02,2026-12-12,2025-05-03
EMP1179,Mohammed,Arnold,james03@example.org,1960-12-18,+44(0)289018747,"377 Palmer Landing
Whitehaven
W4 2RU",Male,Northwood Mental Health NHS Trust,White,New Zealand,Skilled Worker,Admin,Data Analyst,Corporate Services,Facilities Management,8A,57533,2018-04-08,2018-05-13,20.0,0.53,NMC,Bank,Inactive,BL999940,AM654683,2031-06-15,2031-02-11,2026-04-05,2026-12-14,2018-04-29
EMP1180,Tina,Brown,kelly13@example.org,1986-11-13,+44(0)1632960284,"Studio 32N
Brown Prairie
Lake Joanmouth
DT6 1LR",Female,Eastfield Psychological Services NHS Trust,Mixed,Ghana,Dependent,Admin,Medical Secretary,Clinical Support Services,Physiotherapy,4,35184,2016-09-27,2016-11-01,15.0,0.4,None,Bank,Active,JD795046,TE147460,2030-09-24,2029-10-21,2026-07-18,2027-05-23,2016-10-18
EMP1181,Kate,Wright,stewartlorraine@example.com,1984-01-25,(0117)4960410,"1 Edwards Cape
Jonesburgh
CA9E 7PU",Female,Horizon Integrated Health Partnership NHS Trust,Mixed,Thailand,ILR,Medical,SHO,Clinical Support Services,Occupational Therapy,SHO,54174,2022-12-31,2023-01-28,30.0,0.8,GMC,Fixed Term,Suspended,UF583956,FK132357,2030-10-28,2028-10-30,2025-10-27,2027-01-08,2023-01-21
EMP1182,Beth,Morris,michael44@example.org,1996-01-27,(0306)9990627,"19 Smith Canyon
Mohamedland
N2W 2SF",Female,Riverside Integrated Care NHS Trust,Mixed,New Zealand,Skilled Worker,Admin,Administrator,Medicine & Acute Care,Infectious Diseases,3,26983,2024-07-05,2024-08-02,20.0,0.53,None,Fixed Term,On Leave,GA252610,YI320937,2028-09-15,2029-05-07,2026-06-27,2026-12-28,2024-07-26
EMP1183,Marilyn,Hobbs,francis45@example.net,1974-02-06,+44(0)141 4960533,"Studio 24y
Webster Villages
North Ashleigh
S20 8PJ",Female,Southvale Hospitals NHS Trust,White,New Zealand,ILR,AHP,Occupational Therapist,Surgery & Cancer,Breast Surgery,6,50403,2024-09-10,2024-10-15,20.0,0.53,HCPC,Fixed Term,On Leave,RU351278,DV438479,2028-10-26,2028-02-18,2026-02-12,2026-11-27,2024-10-01
EMP1184,Matthew,Ward,nhobbs@example.org,1987-03-09,0118 4960686,"6 Francis Neck
Port Maureenburgh
S2D 0RS",Male,Southgate Community & Mental Health NHS Trust,White,United States,Dependent,Admin,Data Analyst,Emergency & Urgent Care,Emergency Department,8A,62885,2025-12-28,2026-02-01,20.0,0.53,HCPC,Bank,On Leave,IC076385,LF654707,2026-09-20,2029-09-30,2026-08-20,2027-08-13,2026-01-18
EMP1185,Ruth,Byrne,agiles@example.org,1974-02-08,+44909 8790845,"5 Gerard Square
West Joanburgh
SG9N 6FQ",Male,Westborough Acute Care NHS Trust,Black,Ghana,British Citizen,Admin,Medical Secretary,Medicine & Acute Care,Respiratory Medicine,4,32998,2022-04-14,2022-05-12,30.0,0.8,None,Bank,Active,KC134490,QV186549,2026-10-30,2028-04-25,2026-01-02,2027-05-10,2022-05-05
EMP1186,Eric,Law,jane83@example.org,1964-04-03,01632960331,"540 Richardson Club
Smithburgh
CA25 7EW",Male,Meadowbrook Community Health NHS Trust,Mixed,Canada,ILR,AHP,Physiologist,Clinical Support Services,Radiology,6,49256,2024-08-03,2024-09-07,30.0,0.8,NMC,Permanent,Inactive,AM538813,UE931915,2027-10-09,2027-07-31,2026-02-24,2026-11-23,2024-08-24
EMP1187,Emma,James,mmay@example.org,1969-10-28,(0808)1570586,"51 Marion Light
Port Rosemaryshire
G68 0RQ",Female,Riverside Integrated Care NHS Trust,White,United States,ILR,AHP,Occupational Therapist,Emergency & Urgent Care,Emergency Department,6,49101,2023-08-16,2023-09-27,20.0,0.53,NMC,Permanent,Inactive,IP427251,MJ742598,2028-11-05,2030-09-19,2026-05-08,2027-04-29,2023-09-06
EMP1188,Glen,Lowe,mooreedward@example.com,2004-06-13,0141 4960271,"5 Farrell Corner
Lake Harrietburgh
TW0M 2ZX",Female,Oakridge Community Services NHS Trust,Black,Kenya,Dependent,Nursing,Ward Manager,Clinical Support Services,Pathology,8A,66021,2016-10-04,2016-11-08,20.0,0.53,None,Permanent,Active,MK783953,MA766656,2030-12-02,2031-07-11,2026-05-14,2027-04-05,2016-10-25
EMP1189,Jill,Houghton,damian34@example.net,1969-08-15,(0306) 999 0616,"06 Dylan Mountain
New Saraville
B9 0TN",Male,Northshire University Hospitals NHS Trust,Asian,India,Skilled Worker,Admin,Data Analyst,Surgery & Cancer,ENT Surgery,8A,67027,2018-04-25,2018-06-06,15.0,0.4,None,Fixed Term,Active,YA417062,LV263851,2028-05-12,2031-06-27,2025-12-20,2027-05-12,2018-05-16
EMP1190,Janet,Summers,dmoore@example.com,1977-09-19,(0909) 8790120,"Studio 6
Peter Club
Burtonchester
SG0 6JZ",Male,Bluewater Community & Rehabilitation NHS Trust,Asian,India,ILR,AHP,Physiologist,Medicine & Acute Care,Respiratory Medicine,6,52409,2023-09-09,2023-10-07,15.0,0.4,GMC,Fixed Term,Suspended,XC920192,JC766507,2026-12-22,2031-02-19,2025-09-16,2027-06-11,2023-09-30
EMP1191,Toby,Gregory,milesross@example.org,1970-01-08,+44131 496 0832,"Flat 93f
Ellis Trace
South Danielleburgh
W1 0LF",Male,Horizon Integrated Health Partnership NHS Trust,Mixed,Trinidad and Tobago,Skilled Worker,Admin,Receptionist,Corporate Services,Facilities Management,3,26071,2021-01-16,2021-02-13,37.5,1.0,HCPC,Permanent,On Leave,NV921981,EC875349,2028-01-16,2031-06-25,2025-10-01,2026-12-19,2021-02-06
EMP1192,Rachael,Green,sheila48@example.net,1987-01-02,(0116)4960599,"Flat 85n
Molly Stravenue
New Malcolm
NW46 5PT",Male,Northshire University Hospitals NHS Trust,Asian,China,Skilled Worker,AHP,Radiographer,Clinical Support Services,Radiology,6,45198,2023-12-17,2024-01-28,30.0,0.8,NMC,Permanent,On Leave,OM907654,ZP551835,2028-06-28,2028-09-12,2026-04-13,2026-12-16,2024-01-07
EMP1193,Benjamin,Walters,hdavis@example.net,2005-02-08,+44151 496 0817,"Studio 81
Hussain Plain
Lynnefort
B4 0ZL",Male,Riverside Integrated Care NHS Trust,White,Australia,ILR,AHP,Speech Therapist,Corporate Services,Finance,6,46887,2021-08-06,2021-09-17,37.5,1.0,HCPC,Bank,On Leave,XR620774,NV045037,2028-10-28,2027-07-07,2026-08-04,2026-12-09,2021-08-27
EMP1194,Shaun,Hancock,trevorbaker@example.net,1972-11-22,(0141)4960715,"Studio 39E
Joseph Valley
West Ashleigh
N3 8FQ",Male,Broadfield Clinical Services NHS Trust,Black,Barbados,Skilled Worker,Admin,Medical Secretary,Critical Care & Anaesthesia,Intensive Care Unit,4,34317,2026-07-20,2026-08-31,20.0,0.53,HCPC,Bank,Suspended,WV185911,ZL890589,2028-05-09,2027-01-23,2026-04-17,2027-05-28,2026-08-10
EMP1195,Gavin,Farrell,simpsontracey@example.net,1962-01-17,(0909)8790280,"715 Jayne Landing
Careyfurt
M88 6NJ",Male,Riverside Integrated Care NHS Trust,Black,Trinidad and Tobago,ILR,Nursing,Staff Nurse,Corporate Services,Human Resources,5,38274,2017-05-20,2017-07-01,15.0,0.4,GMC,Bank,On Leave,FU687116,PW474959,2027-07-27,2031-04-22,2026-03-09,2027-07-08,2017-06-10
EMP1196,Lynda,Holland,smacdonald@example.com,1972-08-26,0909 8790140,"Flat 0
Chadwick Square
South Christopher
W8 2BA",Male,Valleyview Mental Wellness NHS Trust,Mixed,South Africa,Skilled Worker,Nursing,Healthcare Assistant,Medicine & Acute Care,Rheumatology,2,25911,2021-04-15,2021-05-20,18.75,0.5,NMC,Permanent,Active,OZ470302,IL688131,2030-05-04,2029-01-21,2026-08-04,2026-10-11,2021-05-06
EMP1197,Brenda,Slater,carole58@example.org,2006-12-12,+44(0)1154960854,"Flat 24r
Antony Lodge
New Leon
DD44 2SL",Female,Greenhaven Acute & Specialist Care NHS Trust,Black,Jamaica,Dependent,AHP,Pharmacist,Surgery & Cancer,Neurosurgery,5,39337,2021-12-13,2022-01-17,20.0,0.53,NMC,Bank,On Leave,CJ289053,RV344836,2026-10-04,2028-01-02,2026-03-13,2026-11-05,2022-01-03
EMP1198,Russell,Davis,curtisrosemary@example.com,1964-05-02,+44(0)289018352,"347 Booth Cliff
East Brenda
B1F 6SR",Female,Meadowbrook Community Health NHS Trust,Asian,Japan,Skilled Worker,AHP,Occupational Therapist,Women & Children,Gynaecology,6,49141,2018-05-22,2018-06-19,37.5,1.0,NMC,Bank,On Leave,JR947715,WI623176,2030-07-22,2027-03-27,2025-09-24,2027-02-24,2018-06-12
EMP1199,Malcolm,Richardson,vsmith@example.net,1988-10-20,01314960446,"Flat 9
Morris Junction
Shawton
W26 4TE",Male,Midlands Central Hospitals NHS Trust,White,Canada,Dependent,Admin,Data Analyst,Medicine & Acute Care,Nephrology,8A,68680,2024-05-16,2024-06-20,20.0,0.53,GMC,Bank,Inactive,RZ063650,GA888801,2030-12-21,2031-09-08,2026-08-10,2026-10-02,2024-06-06
EMP1200,Mohamed,Evans,kerryhartley@example.com,2008-03-11,+44(0)20 7496 0949,"55 Evans Island
South Lisa
B57 8SZ",Male,Southgate Community & Mental Health NHS Trust,White,Australia,ILR,Medical,SHO,Medicine & Acute Care,Endocrinology,SHO,56966,2023-03-02,2023-03-30,18.75,0.5,HCPC,Fixed Term,Active,FD750795,OX534734,2031-07-06,2030-10-15,2026-03-07,2027-05-02,2023-03-23
