emp_id,first_name,last_name,email,dob,telephone,address,gender,trust,ethnicity,nationality,visa_status,staff_group,role,division,grade,hourly_rate,hire_date,contract_start,weekly_hours,fte,registration_type,contract_type,employment_status,registration_no,registration_expiry_date,ni,dbs_expiry_date,mandatory_training_expiry_date,profile_creation_date
EMP0001-20260914_000059,Paul,Williams,dunndominic@example.com,1992-04-10,+441184960214,"1 Geraldine Trail
Zoebury
FK8 8FJ",Female,Riverbank General Hospitals NHS Trust,Black,South Africa,Dependent,Admin,Data Analyst,Critical Care & Anaesthesia,8A,31.45,2017-07-12,2017-08-09,30.0,0.8,GMC,Fixed Term,On Leave,MW968465,2029-04-09,DY555679,2026-12-14,2027-03-17,2017-08-02
EMP0002-20260914_000059,Jamie,Barnes,julianhowell@example.net,1996-07-17,028 9018778,"Studio 21
Beverley Ports
Ireneside
E3T 7JR",Female,Broadfield Clinical Services NHS Trust,White,New Zealand,ILR,Admin,Medical Secretary,Surgery & Cancer,4,17.51,2020-06-16,2020-07-21,20.0,0.53,None,Bank,Inactive,PM061245,2030-06-10,NN704233,2031-07-12,2027-08-13,2020-07-07
EMP0003-20260914_000059,Joshua,Kirk,jonesgemma@example.com,1976-07-23,+44(0)292018183,"0 Julia Bridge
Lake Wendyville
TW50 4LE",Male,Greenhaven Acute & Specialist Care NHS Trust,White,United Kingdom,Dependent,AHP,Physiotherapist,Emergency & Urgent Care,6,26.72,2017-03-23,2017-04-27,37.5,1.0,None,Permanent,Inactive,BX878565,2027-09-15,BS786702,2027-10-18,2027-01-19,2017-04-13
EMP0004-20260914_000059,Heather,Nash,janice13@example.org,2001-06-21,+44(0)114 496 0257,"9 Harris Bypass
Port Deborah
L9K 8NZ",Female,Midlands Central Hospitals NHS Trust,Black,Barbados,British Citizen,Nursing,Staff Nurse,Emergency & Urgent Care,5,19.97,2026-01-12,2026-02-23,18.75,0.5,HCPC,Bank,On Leave,WO826932,2026-09-29,NO463792,2028-11-18,2027-08-14,2026-02-02
EMP0005-20260914_000059,Megan,Taylor,jallen@example.net,1975-09-20,(0141) 4960366,"Studio 6
Ellis Ports
South Glenn
OL73 4HQ",Female,Lakeside District Hospitals NHS Trust,White,New Zealand,Skilled Worker,Medical,SHO,Surgery & Cancer,SHO,28.55,2021-07-13,2021-08-24,18.75,0.5,None,Permanent,Suspended,YI962816,2027-05-28,NG382439,2030-04-14,2026-10-22,2021-08-03
EMP0006-20260914_000059,Geraldine,Field,mandy91@example.net,1994-01-14,01632 960529,"Flat 5
Wilkinson Corners
West Wendymouth
LE4 9FJ",Female,Westborough Acute Care NHS Trust,White,United Kingdom,Skilled Worker,AHP,Occupational Therapist,Medicine & Acute Care,6,25.45,2024-03-21,2024-04-25,15.0,0.4,HCPC,Permanent,On Leave,LI755406,2028-05-14,DN507456,2030-04-07,2027-09-02,2024-04-11
EMP0007-20260914_000059,Valerie,Howells,emmabarker@example.net,1996-12-11,+44(0)9098790008,"8 Watson Ramp
Duncanfort
N4 1NL",Male,Northwood Mental Health NHS Trust,White,United States,ILR,Nursing,Ward Manager,Women & Children,8A,29.14,2021-07-31,2021-09-04,15.0,0.4,NMC,Bank,On Leave,LL564518,2031-03-22,CM780638,2029-11-24,2027-01-20,2021-08-21
EMP0008-20260914_000059,Gerard,Reynolds,marilyn73@example.com,2003-01-16,029 2018556,"Flat 68F
Burton Corners
New Gerardport
N4 8SZ",Male,Westmere Community Health NHS Trust,Mixed,India,British Citizen,Medical,GP,Emergency & Urgent Care,GP,58.62,2017-01-06,2017-02-17,18.75,0.5,None,Bank,On Leave,NL362676,2028-06-27,MX839132,2031-04-04,2027-03-09,2017-01-27
EMP0009-20260914_000059,Terry,West,zparker@example.org,1963-03-20,+44(0)1314960637,"Studio 1
Jane Lodge
East Anthonyborough
L56 2RS",Male,Oakridge Community Services NHS Trust,Asian,Japan,British Citizen,AHP,Physiologist,Medicine & Acute Care,6,23.49,2019-12-30,2020-01-27,37.5,1.0,None,Fixed Term,On Leave,LF277130,2027-11-27,QH805363,2028-11-24,2027-04-28,2020-01-20
EMP0010-20260914_000059,Jane,Harper,barnesdanielle@example.net,1975-11-25,029 2018 0735,"Studio 8
Hodgson Stream
Port Samuelside
LN3 6LH",Male,Eastmoor Teaching Hospitals NHS Trust,Mixed,Australia,ILR,Medical,SHO,Critical Care & Anaesthesia,SHO,26.57,2019-07-17,2019-08-14,15.0,0.4,NMC,Fixed Term,Active,JJ046534,2030-09-16,YS063745,2027-07-04,2027-01-26,2019-08-07
EMP0011-20260914_000059,Mohammed,Begum,hbarnes@example.com,1970-07-18,+44121 496 0512,"17 Butcher Station
Lake Laurenberg
PH93 0LJ",Female,Westborough Acute Care NHS Trust,Asian,China,Dependent,Nursing,Staff Nurse,Clinical Support Services,5,21.4,2021-03-21,2021-05-02,37.5,1.0,HCPC,Bank,On Leave,MN739693,2026-10-29,RN216912,2030-12-05,2027-07-08,2021-04-11
EMP0012-20260914_000059,Lawrence,Ford,waltonteresa@example.org,2001-09-11,(028) 9018288,"Studio 8
Gail Junctions
Lake Wayne
NG5 6JP",Female,Southvale Hospitals NHS Trust,Black,Trinidad and Tobago,ILR,Admin,Administrator,Corporate Services,3,13.37,2019-12-07,2020-01-04,15.0,0.4,None,Bank,Active,MC268061,2027-01-07,UW183847,2030-07-13,2027-02-23,2019-12-28
EMP0013-20260914_000059,Hayley,Potts,batesjane@example.org,1990-03-05,(0115) 4960447,"Studio 60
Mitchell Springs
Kempfurt
M9 3DT",Male,Horizon Integrated Health Partnership NHS Trust,Mixed,United States,Skilled Worker,AHP,Speech Therapist,Corporate Services,6,22.86,2019-09-23,2019-10-21,15.0,0.4,GMC,Permanent,Suspended,IG028881,2029-06-21,QJ964353,2027-08-22,2027-04-05,2019-10-14
EMP0014-20260914_000059,Ruth,Jones,paynearthur@example.net,1975-12-17,+44121 496 0800,"Flat 2
Osborne Stream
Harryshire
TA4E 7BG",Male,Horizon Integrated Health Partnership NHS Trust,Black,Barbados,British Citizen,Medical,SHO,Clinical Support Services,SHO,29.64,2024-06-02,2024-06-30,15.0,0.4,HCPC,Permanent,Active,DL409736,2028-01-10,ER597565,2030-05-15,2027-03-14,2024-06-23
EMP0015-20260914_000059,Karl,Barker,stevensdebra@example.net,1968-10-12,01914960120,"7 Gareth Hills
Jonesside
SW6B 3AT",Female,Meadowbrook Community Health NHS Trust,White,United States,Dependent,Nursing,Charge Nurse,Medicine & Acute Care,7,32.74,2022-04-30,2022-06-11,30.0,0.8,NMC,Permanent,On Leave,TF009695,2029-04-03,GG916711,2027-07-27,2027-06-29,2022-05-21
EMP0016-20260914_000059,Martyn,Gregory,kwright@example.net,1982-10-04,01514960113,"Flat 7
Arnold Estate
East Charlottebury
W8 1UQ",Male,Horizon Integrated Health Partnership NHS Trust,Black,Kenya,ILR,Admin,Medical Secretary,Clinical Support Services,4,15.83,2022-01-11,2022-02-08,18.75,0.5,None,Bank,On Leave,PT425534,2031-06-27,VQ205500,2028-04-04,2027-08-02,2022-02-01
EMP0017-20260914_000059,Billy,Morgan,stanleylambert@example.com,1978-08-28,+44131 4960304,"7 Lucy Hollow
Stephensonton
CT93 7YJ",Male,Lakeside District Hospitals NHS Trust,Asian,China,Dependent,AHP,Radiographer,Emergency & Urgent Care,6,27.85,2021-05-20,2021-06-24,15.0,0.4,None,Permanent,Suspended,XJ001554,2028-01-04,ES438807,2030-02-17,2026-10-20,2021-06-10
EMP0018-20260914_000059,Maurice,Baldwin,gillian63@example.com,1998-07-14,+44(0)117 4960849,"Flat 21i
Morris Trace
Brianhaven
BA9X 3DU",Male,Lakeside District Hospitals NHS Trust,Asian,India,Skilled Worker,Nursing,Charge Nurse,Women & Children,7,28.24,2020-03-08,2020-04-05,20.0,0.53,None,Fixed Term,Inactive,BC914705,2029-10-23,XN989341,2029-06-10,2027-08-29,2020-03-29
EMP0019-20260914_000059,Sheila,Lewis,catherinejohnson@example.org,1986-10-26,(0161) 4960571,"71 Graeme Stravenue
Coxfort
W1 4HD",Female,Southgate Community & Mental Health NHS Trust,Black,South Africa,ILR,Nursing,Ward Manager,Medicine & Acute Care,8A,35.5,2020-02-11,2020-03-17,30.0,0.8,GMC,Bank,Suspended,DG322928,2030-09-03,BE377838,2031-07-15,2026-10-27,2020-03-03
EMP0020-20260914_000059,Paige,Winter,evansrichard@example.com,1990-07-04,(0141) 4960793,"4 Owens River
Port Nicolehaven
TS72 8BR",Male,Eastfield Psychological Services NHS Trust,White,New Zealand,British Citizen,Medical,GP,Emergency & Urgent Care,GP,51.8,2018-04-23,2018-05-28,30.0,0.8,GMC,Fixed Term,Active,FX950126,2027-10-29,VY884830,2028-08-03,2027-04-08,2018-05-14
EMP0021-20260914_000059,Glen,Holland,klowe@example.org,2006-01-11,+44(0)161 4960637,"Studio 45V
Julia Drive
New Gemmaburgh
CF7 5ST",Female,Bluewater Community & Rehabilitation NHS Trust,White,Canada,Skilled Worker,Nursing,Ward Manager,Medicine & Acute Care,8A,34.97,2026-07-03,2026-08-07,18.75,0.5,NMC,Bank,Active,ZC554543,2031-06-24,ZK650270,2029-07-31,2027-08-31,2026-07-24
EMP0022-20260914_000059,Andrea,Humphreys,pturner@example.org,1965-04-26,+4428 9018023,"Flat 83l
Lawson Bridge
Victormouth
FY6X 2HS",Female,Southgate Community & Mental Health NHS Trust,Asian,Japan,Skilled Worker,Medical,Registrar,Emergency & Urgent Care,SPR,37.42,2017-02-14,2017-03-14,20.0,0.53,HCPC,Permanent,Inactive,ZC384110,2027-02-20,HW918009,2029-10-12,2027-05-02,2017-03-07
EMP0023-20260914_000059,Lynda,Brown,fstone@example.org,2004-12-21,+44306 9990982,"03 Wright Court
East Helenview
N18 0TA",Male,Midlands Central Hospitals NHS Trust,Asian,Thailand,ILR,Admin,Medical Secretary,Women & Children,4,16.3,2017-10-16,2017-11-13,18.75,0.5,None,Bank,Inactive,EL839799,2030-12-20,FX674115,2027-06-19,2027-04-17,2017-11-06
EMP0024-20260914_000059,Lee,Waters,hilary81@example.net,1979-03-24,0808 1570113,"83 Dylan Valley
Zoemouth
ML4Y 0JL",Male,Meadowbrook Community Health NHS Trust,Mixed,Japan,British Citizen,Admin,Medical Secretary,Clinical Support Services,4,18.66,2024-10-03,2024-11-07,18.75,0.5,None,Permanent,Suspended,CW144908,2028-08-25,QH840439,2029-03-26,2026-12-24,2024-10-24
EMP0025-20260914_000059,Darren,Mitchell,urogers@example.org,1970-12-14,(0117)4960427,"Flat 41e
Henry Vista
New Katyland
TR76 8SJ",Female,Oakridge Community Services NHS Trust,Asian,Thailand,Skilled Worker,Medical,FY1/FY2,Emergency & Urgent Care,FY1,20.22,2025-06-21,2025-07-19,20.0,0.53,NMC,Permanent,Suspended,MP394937,2031-08-25,CH358482,2029-04-27,2027-04-27,2025-07-12
EMP0026-20260914_000059,Jamie,Jones,pearceglen@example.com,1985-09-27,+44116 496 0744,"Flat 8
Kaur Rapid
Leahmouth
B2 7UU",Female,Westborough Acute Care NHS Trust,White,Australia,ILR,AHP,Physiologist,Corporate Services,6,24.26,2023-11-08,2023-12-06,15.0,0.4,None,Fixed Term,Suspended,MK178316,2029-09-05,BO195069,2028-08-12,2026-10-23,2023-11-29
EMP0027-20260914_000059,Julian,Robinson,bakerderek@example.net,1979-05-16,(0115) 4960326,"Studio 2
Kathleen Brooks
Freemanmouth
NP2W 5JE",Female,Valleyview Mental Wellness NHS Trust,Asian,Thailand,Skilled Worker,Nursing,Charge Nurse,Women & Children,7,31.58,2019-03-30,2019-04-27,18.75,0.5,NMC,Fixed Term,Suspended,ER308374,2031-01-21,RC291103,2029-05-11,2027-08-08,2019-04-20
EMP0028-20260914_000059,Hollie,Price,kyle38@example.com,1998-11-05,+44(0)808 157 0320,"650 Smith Orchard
Lake Maurice
SY8X 9AT",Male,Horizon Integrated Health Partnership NHS Trust,Black,Trinidad and Tobago,Skilled Worker,Admin,Data Analyst,Critical Care & Anaesthesia,8A,31.47,2019-06-26,2019-08-07,30.0,0.8,None,Permanent,Suspended,QO364859,2031-02-20,JQ763360,2030-06-23,2026-09-15,2019-07-17
EMP0029-20260914_000059,Leah,Rees,hollie98@example.org,1974-05-22,(0191) 496 0227,"Studio 8
White Bypass
Lake Abigail
G5W 5HG",Female,Riverbank General Hospitals NHS Trust,Asian,Thailand,Skilled Worker,Admin,Data Analyst,Clinical Support Services,8A,32.7,2023-03-04,2023-04-15,30.0,0.8,GMC,Permanent,Suspended,CT296917,2027-08-11,LK544356,2031-04-26,2027-08-15,2023-03-25
EMP0030-20260914_000059,Christine,Simpson,janet11@example.com,1978-05-08,+441914960158,"120 Dorothy Meadow
Lewisview
SG7 1YA",Female,Westborough Acute Care NHS Trust,Asian,Thailand,ILR,AHP,Speech Therapist,Medicine & Acute Care,6,26.46,2022-07-28,2022-08-25,15.0,0.4,GMC,Fixed Term,On Leave,LP908381,2030-10-20,OE190280,2027-10-01,2027-02-20,2022-08-18
EMP0031-20260914_000059,Declan,Stone,sharon54@example.org,1981-09-01,(0117) 4960125,"Studio 0
Joseph Burgs
East Joshborough
WD55 6RF",Female,Eastmoor Teaching Hospitals NHS Trust,Black,Nigeria,Dependent,Admin,Administrator,Clinical Support Services,3,14.72,2017-08-25,2017-10-06,15.0,0.4,HCPC,Bank,Suspended,HX640189,2028-08-31,JV841870,2030-08-15,2026-10-31,2017-09-15
EMP0032-20260914_000059,Rachael,Fletcher,melanie68@example.com,1970-07-28,(020)74960210,"Studio 77w
Damian Plains
West Angela
TR0B 6LP",Female,Meadowbrook Community Health NHS Trust,Black,Nigeria,British Citizen,AHP,Pharmacist,Emergency & Urgent Care,5,19.7,2019-04-17,2019-05-22,30.0,0.8,NMC,Permanent,On Leave,DC704696,2029-10-15,IC344796,2031-05-09,2026-11-30,2019-05-08
EMP0033-20260914_000059,Tom,Whitehead,brucekathleen@example.com,1984-05-25,(028) 9018 0913,"Flat 2
Stephen Row
Gardinerchester
M1B 0UN",Male,Greenhaven Acute & Specialist Care NHS Trust,Black,Kenya,British Citizen,Nursing,Charge Nurse,Critical Care & Anaesthesia,7,32.39,2021-08-20,2021-09-24,30.0,0.8,HCPC,Permanent,Active,SP301818,2027-11-11,NQ770427,2031-03-31,2027-08-27,2021-09-10
EMP0034-20260914_000059,Robert,Welch,robertspaula@example.com,1990-11-23,+44(0)28 9018 0240,"Flat 32
Vincent Mews
Jasminechester
N09 8UD",Male,Oakridge Community Services NHS Trust,White,United Kingdom,British Citizen,AHP,Pharmacist,Clinical Support Services,5,19.78,2016-10-24,2016-11-21,37.5,1.0,GMC,Permanent,Inactive,OT160742,2027-06-16,VO729663,2028-12-02,2026-12-24,2016-11-14
EMP0035-20260914_000059,Alex,Armstrong,deborahhopkins@example.net,1987-07-28,+44(0)191 4960502,"1 Carole Locks
New Neilburgh
N1 2BS",Male,Lakeside District Hospitals NHS Trust,Black,South Africa,ILR,Nursing,Charge Nurse,Women & Children,7,32.16,2019-01-20,2019-02-17,30.0,0.8,NMC,Fixed Term,Inactive,PZ360494,2031-02-09,HP714405,2026-12-29,2027-04-07,2019-02-10
EMP0036-20260914_000059,Denis,Humphreys,debrakelly@example.com,2007-04-03,(0161)4960308,"Flat 2
Perry Radial
East Kirsty
M6W 4JJ",Female,Midlands Central Hospitals NHS Trust,White,New Zealand,Dependent,AHP,Radiographer,Medicine & Acute Care,6,26.66,2025-01-16,2025-02-27,18.75,0.5,None,Bank,Inactive,ZT739593,2029-01-14,XU161710,2028-01-23,2026-11-18,2025-02-06
EMP0037-20260914_000059,Michelle,Burrows,wendyevans@example.org,1991-05-26,+44118 4960575,"Flat 43
Perkins Route
Lake Antonyfurt
E6K 4SS",Male,Riverbank General Hospitals NHS Trust,Black,Jamaica,Dependent,Nursing,Senior Staff Nurse,Surgery & Cancer,6,23.88,2016-10-22,2016-11-19,37.5,1.0,NMC,Permanent,Active,VF899849,2029-07-11,CN630854,2026-11-22,2027-01-09,2016-11-12
EMP0038-20260914_000059,Stanley,Lewis,nicholasdavies@example.com,1981-03-04,0909 8790054,"878 Conor Branch
East Lynne
E3 8BT",Female,Valleyview Mental Wellness NHS Trust,Mixed,Ghana,Skilled Worker,Nursing,Staff Nurse,Critical Care & Anaesthesia,5,23.06,2026-04-30,2026-06-04,20.0,0.53,NMC,Fixed Term,Inactive,IQ126886,2030-09-15,LV402087,2031-07-25,2027-05-23,2026-05-21
EMP0039-20260914_000059,Adrian,Walker,lwoods@example.com,1985-07-03,+44(0)1414960712,"Studio 76y
Stokes Extensions
Lawrenceport
SA9B 9HG",Male,Westmere Community Health NHS Trust,Mixed,China,British Citizen,Nursing,Charge Nurse,Medicine & Acute Care,7,32.95,2022-04-18,2022-05-30,15.0,0.4,NMC,Fixed Term,On Leave,BR367378,2027-09-09,EP842604,2027-09-15,2027-07-12,2022-05-09
EMP0040-20260914_000059,Allan,Fuller,ywilliams@example.org,1993-09-30,(0161) 496 0280,"060 Edwards Locks
North Russellmouth
CR17 2FP",Male,Valleyview Mental Wellness NHS Trust,Black,Nigeria,British Citizen,Admin,Medical Secretary,Medicine & Acute Care,4,17.81,2025-02-10,2025-03-10,30.0,0.8,NMC,Bank,Inactive,YM790451,2028-07-27,TL661337,2027-12-03,2027-02-17,2025-03-03
EMP0041-20260914_000059,Rachael,Adams,lucasaimee@example.com,2003-05-30,(0141) 4960653,"95 Tina Port
Annettebury
N7 0FT",Male,Horizon Integrated Health Partnership NHS Trust,Asian,Japan,British Citizen,Admin,Receptionist,Women & Children,3,14.2,2020-07-02,2020-07-30,30.0,0.8,None,Bank,Active,PW423115,2027-12-06,PH947800,2027-03-15,2027-02-07,2020-07-23
EMP0042-20260914_000059,Anne,Norris,ppalmer@example.com,1972-07-20,(0121) 496 0128,"304 Skinner Cove
South Duncanside
B1D 3ZF",Female,Meadowbrook Community Health NHS Trust,Mixed,Barbados,Dependent,Medical,Registrar,Surgery & Cancer,SPR,37.52,2023-05-05,2023-06-16,37.5,1.0,None,Permanent,Suspended,NC496307,2030-01-19,FV393131,2028-07-17,2027-07-08,2023-05-26
EMP0043-20260914_000059,Sandra,Berry,gordonkhan@example.net,1967-01-19,01614960031,"Studio 1
Davis Lake
South Kathryn
SW4 4AF",Male,Westborough Acute Care NHS Trust,Asian,India,Skilled Worker,Admin,Receptionist,Clinical Support Services,3,15.94,2017-09-30,2017-10-28,20.0,0.53,HCPC,Bank,Suspended,RF007298,2028-11-30,DI729722,2029-07-11,2026-10-12,2017-10-21
EMP0044-20260914_000059,Phillip,Blake,bethanywilliams@example.net,1999-05-02,(0909) 8790179,"98 Abbott Creek
Port Charlene
DG3 5YZ",Male,Midlands Central Hospitals NHS Trust,White,United States,ILR,Nursing,Charge Nurse,Medicine & Acute Care,7,26.74,2017-01-29,2017-02-26,20.0,0.53,HCPC,Fixed Term,On Leave,LZ597086,2029-05-15,BJ758552,2031-07-16,2027-01-12,2017-02-19
EMP0045-20260914_000059,Tony,Jones,joanneshaw@example.org,1994-03-09,(0191)4960396,"Studio 0
Chapman Cape
South Helen
WN2P 9QW",Female,Westborough Acute Care NHS Trust,Asian,India,Skilled Worker,Admin,Data Analyst,Critical Care & Anaesthesia,8A,32.93,2019-01-12,2019-02-09,20.0,0.53,HCPC,Fixed Term,Active,VX829606,2029-06-24,PZ888919,2030-01-23,2027-01-09,2019-02-02
EMP0046-20260914_000059,Janet,Morton,manningpamela@example.org,2005-03-03,(0808) 157 0805,"Studio 77e
Hart Trafficway
East Geraldinechester
M0K 1EJ",Male,Hillcrest Medical Centres NHS Trust,Black,Trinidad and Tobago,Skilled Worker,Medical,FY1/FY2,Critical Care & Anaesthesia,FY1,19.65,2024-08-28,2024-10-09,37.5,1.0,GMC,Permanent,Inactive,NC561067,2027-04-24,WU339265,2028-10-08,2027-05-29,2024-09-18
EMP0047-20260914_000059,Caroline,Savage,dawnandrews@example.net,1994-10-02,+44(0)1174960463,"Studio 82e
Hopkins Fork
Dylanberg
E8B 0XJ",Male,Horizon Integrated Health Partnership NHS Trust,White,United Kingdom,British Citizen,Medical,FY1/FY2,Emergency & Urgent Care,FY1,21.05,2019-05-06,2019-06-03,37.5,1.0,NMC,Bank,Active,ZQ354587,2027-03-16,DD807536,2031-04-24,2027-01-07,2019-05-27
EMP0048-20260914_000059,Hazel,King,raymondsmith@example.net,1979-03-13,+44(0)1134960078,"Flat 68
Rita Alley
West Jeanhaven
IP4Y 6DQ",Female,Westborough Acute Care NHS Trust,Asian,Japan,Dependent,Medical,FY1/FY2,Corporate Services,FY1,19.07,2023-05-09,2023-06-13,20.0,0.53,NMC,Bank,Active,RI268902,2031-04-02,ES372515,2028-08-25,2027-06-20,2023-05-30
EMP0049-20260914_000059,Robin,Schofield,griffithscarole@example.com,1977-01-05,+44(0)808 1570949,"43 Kyle Motorway
Francescaland
SE93 6DN",Female,Meadowbrook Community Health NHS Trust,White,United Kingdom,Dependent,AHP,Physiologist,Critical Care & Anaesthesia,6,25.24,2023-06-10,2023-07-08,30.0,0.8,GMC,Fixed Term,Inactive,OR521964,2030-03-21,XH753151,2030-11-23,2027-04-09,2023-07-01
EMP0050-20260914_000059,Victoria,Collier,rbegum@example.net,1983-02-19,09098790857,"77 Howard Heights
Waltersfurt
G3 1DY",Male,Northwood Mental Health NHS Trust,Mixed,Canada,Skilled Worker,Medical,GP,Emergency & Urgent Care,GP,47.59,2021-11-15,2021-12-13,18.75,0.5,None,Permanent,Suspended,LK724069,2028-09-17,HQ689085,2027-09-29,2026-10-27,2021-12-06
EMP0051-20260914_000059,Elliot,Williams,dnoble@example.org,1978-01-02,+441164960096,"0 Rees Ford
Burrowsport
TQ9 2XP",Male,Midlands Central Hospitals NHS Trust,Mixed,New Zealand,British Citizen,Admin,Administrator,Clinical Support Services,3,15.79,2020-08-18,2020-09-15,15.0,0.4,HCPC,Bank,On Leave,UF717585,2031-05-23,ZQ479733,2027-11-24,2027-07-19,2020-09-08
EMP0052-20260914_000059,Mathew,Fitzgerald,brobertson@example.net,1991-03-06,+441632 960 960,"Flat 79
Butcher Island
Wardmouth
L9W 4NP",Female,Lakeside District Hospitals NHS Trust,Black,Ghana,British Citizen,Admin,Medical Secretary,Surgery & Cancer,4,16.37,2016-10-12,2016-11-16,20.0,0.53,GMC,Fixed Term,Inactive,WC560750,2026-11-11,AY481087,2027-01-27,2027-04-18,2016-11-02
EMP0053-20260914_000059,Terence,Hill,fchambers@example.net,1996-12-23,+44(0)909 8790083,"Flat 51
Davey Summit
Port Mathewtown
PA5 8QL",Female,Riverbank General Hospitals NHS Trust,Mixed,Japan,ILR,Medical,Consultant,Surgery & Cancer,CONS,66.76,2017-09-26,2017-11-07,18.75,0.5,HCPC,Fixed Term,Active,KQ324666,2028-11-20,HH582225,2028-01-12,2026-10-02,2017-10-17
EMP0054-20260914_000059,Julie,Collins,andersonjosh@example.org,1999-11-12,+44116 496 0838,"Flat 97D
Harrison Mountains
South Sarah
W5 1NU",Female,Riverbank General Hospitals NHS Trust,Black,Trinidad and Tobago,British Citizen,Nursing,Ward Manager,Emergency & Urgent Care,8A,34.41,2017-07-18,2017-08-15,37.5,1.0,GMC,Bank,On Leave,PN439405,2026-09-19,EM453054,2029-02-27,2027-02-14,2017-08-08
EMP0055-20260914_000059,Janice,Watts,normansamuel@example.org,1973-01-11,+44(0)20 7496 0083,"Flat 07V
Cooper Greens
Geoffreyfort
S52 6JU",Male,Lakeside District Hospitals NHS Trust,Mixed,Japan,Skilled Worker,Medical,SHO,Clinical Support Services,SHO,29.93,2020-04-17,2020-05-15,20.0,0.53,None,Permanent,Active,KC544781,2027-01-06,OR348195,2029-01-17,2026-11-19,2020-05-08
EMP0056-20260914_000059,Martyn,Edwards,spencerliam@example.org,1971-11-22,(0909) 8790540,"483 Daniel Fork
West Gillianfurt
N8F 3PY",Female,Midlands Central Hospitals NHS Trust,Asian,Thailand,ILR,AHP,Radiographer,Women & Children,6,25.07,2023-02-02,2023-03-02,20.0,0.53,NMC,Bank,On Leave,ZI887012,2031-04-09,BT705494,2029-01-06,2027-03-29,2023-02-23
EMP0057-20260914_000059,Charlotte,Stevens,murrayfrederick@example.net,1966-09-14,(028) 9018 0718,"Flat 84J
Jacqueline Island
North Lucyfurt
E7 7GL",Male,Broadfield Clinical Services NHS Trust,Asian,Japan,ILR,AHP,Physiologist,Surgery & Cancer,6,25.56,2021-10-07,2021-11-18,20.0,0.53,HCPC,Bank,Active,RJ085023,2030-03-08,DT049122,2028-12-28,2027-02-28,2021-10-28
EMP0058-20260914_000059,Natalie,Norris,rachaelgill@example.com,1967-06-02,0306 999 0440,"Studio 72W
Henry Landing
Louisshire
ML19 8AW",Female,Lakeside District Hospitals NHS Trust,White,Canada,British Citizen,Medical,GP,Critical Care & Anaesthesia,GP,48.41,2024-01-11,2024-02-08,15.0,0.4,HCPC,Fixed Term,Inactive,NP872290,2031-09-11,RI545904,2030-05-02,2027-02-13,2024-02-01
EMP0059-20260914_000059,Albert,Barber,xtaylor@example.com,1983-05-07,+44(0)28 9018 0673,"Studio 4
Rhys Plaza
Port Nataliestad
JE4P 6FR",Male,Horizon Integrated Health Partnership NHS Trust,Black,Ghana,Skilled Worker,AHP,Occupational Therapist,Emergency & Urgent Care,6,27.62,2025-08-09,2025-09-13,15.0,0.4,HCPC,Bank,Inactive,ME197835,2027-11-22,IO020412,2031-01-18,2027-07-08,2025-08-30
EMP0060-20260914_000059,Donna,Armstrong,owilkinson@example.com,1986-10-30,(020)74960982,"7 Conor Plain
South Bethany
WR5 4YF",Male,Hillcrest Medical Centres NHS Trust,White,New Zealand,Dependent,Nursing,Ward Manager,Critical Care & Anaesthesia,8A,29.77,2021-03-11,2021-04-22,18.75,0.5,HCPC,Bank,On Leave,KG211125,2027-03-13,IK437606,2027-01-01,2027-04-10,2021-04-01
EMP0061-20260914_000059,Francesca,Roberts,francescabennett@example.com,1996-05-27,(020)74960036,"Studio 58
Howard Track
North Lorraine
ML52 8ZY",Male,Northshire University Hospitals NHS Trust,Black,Jamaica,British Citizen,AHP,Physiologist,Emergency & Urgent Care,6,27.92,2022-01-28,2022-03-11,37.5,1.0,HCPC,Bank,Inactive,TD872540,2028-08-08,YR039213,2029-08-21,2027-08-07,2022-02-18
EMP0062-20260914_000059,George,Fox,noblesara@example.org,1965-04-26,+44909 879 0692,"Studio 46D
White Springs
New Christopherbury
S82 4JT",Female,Riverbank General Hospitals NHS Trust,Mixed,South Africa,Skilled Worker,Admin,Administrator,Critical Care & Anaesthesia,3,15.21,2020-07-31,2020-09-04,20.0,0.53,None,Bank,Active,OM381600,2030-09-15,KC158133,2030-07-23,2026-09-18,2020-08-21
EMP0063-20260914_000059,Geoffrey,Morgan,fwatson@example.org,1988-08-28,028 9018901,"Studio 8
Callum Fall
South Liamton
BA1H 9JR",Male,Westmere Community Health NHS Trust,Asian,China,British Citizen,AHP,Physiologist,Clinical Support Services,6,22.9,2023-08-21,2023-09-25,18.75,0.5,NMC,Fixed Term,Suspended,YM103105,2026-10-01,AL138804,2028-09-25,2026-11-09,2023-09-11
EMP0064-20260914_000059,Beverley,Davis,jennametcalfe@example.org,1999-11-16,+441144960393,"7 Frances Knoll
Mohammedchester
W1 5QS",Male,Northwood Mental Health NHS Trust,White,Australia,Dependent,Medical,Registrar,Medicine & Acute Care,SPR,37.75,2025-02-11,2025-03-18,37.5,1.0,None,Bank,Active,HW764950,2028-08-02,OA352056,2028-11-03,2027-03-25,2025-03-04
EMP0065-20260914_000059,Alex,Collins,clarkeirene@example.org,1968-05-28,0117 496 0533,"4 Carole Street
Leonardburgh
B7W 8WD",Female,Northshire University Hospitals NHS Trust,Asian,China,ILR,Nursing,Nursery Nurse,Emergency & Urgent Care,2,12.92,2022-05-11,2022-06-22,20.0,0.53,NMC,Fixed Term,On Leave,KP560405,2030-09-06,HL024915,2029-03-11,2027-06-02,2022-06-01
EMP0066-20260914_000059,Jade,Saunders,twebb@example.net,1962-01-01,+44113 496 0028,"Flat 0
Stone Plaza
South Kate
HX4 0HX",Female,Northwood Mental Health NHS Trust,White,United Kingdom,British Citizen,Medical,Consultant,Medicine & Acute Care,CONS,65.03,2021-03-19,2021-04-30,15.0,0.4,NMC,Permanent,Active,WG410822,2027-02-05,PL569482,2028-07-25,2027-05-11,2021-04-09
EMP0067-20260914_000059,Jean,Miller,fsmith@example.org,1999-12-13,01632 960 558,"Studio 81
Michael Port
East Abbie
B28 8ZF",Male,Bluewater Community & Rehabilitation NHS Trust,Mixed,Nigeria,British Citizen,Medical,Consultant,Critical Care & Anaesthesia,CONS,60.76,2022-04-08,2022-05-20,20.0,0.53,None,Permanent,Active,AY353125,2026-12-20,MP996663,2028-02-16,2026-12-25,2022-04-29
EMP0068-20260914_000059,Judith,Ross,miahjemma@example.net,1972-03-06,(0115) 496 0949,"Studio 6
Lucas Hollow
Sophiemouth
BR61 9WX",Male,Bluewater Community & Rehabilitation NHS Trust,Asian,India,Dependent,AHP,Radiographer,Clinical Support Services,6,23.71,2020-06-05,2020-07-17,37.5,1.0,GMC,Bank,Suspended,MW458629,2030-03-10,IV049528,2028-11-20,2027-03-01,2020-06-26
EMP0069-20260914_000059,Alice,Gardiner,uanderson@example.com,1961-01-15,(0161) 4960265,"Studio 29
Clifford Harbors
Brendaburgh
CW6R 7EA",Male,Eastmoor Teaching Hospitals NHS Trust,White,United States,Skilled Worker,AHP,Physiotherapist,Corporate Services,6,26.31,2017-06-16,2017-07-14,20.0,0.53,GMC,Permanent,Suspended,JC569000,2028-11-11,RC478000,2030-05-18,2027-06-11,2017-07-07
EMP0070-20260914_000059,Georgina,Watson,readmarie@example.com,2007-06-21,0121 4960525,"125 Martin Creek
Port Stanleyview
CT4Y 1TF",Female,Southvale Hospitals NHS Trust,Black,Ghana,British Citizen,Admin,Administrator,Emergency & Urgent Care,3,16.27,2023-04-07,2023-05-19,15.0,0.4,HCPC,Bank,Suspended,WJ738770,2031-07-06,NB861633,2029-10-10,2027-04-16,2023-04-28
EMP0071-20260914_000059,Jean,Pearson,osanders@example.org,1993-11-23,01414960229,"Flat 05q
Natalie Trail
Lake Judith
YO6 6RY",Female,Greenhaven Acute & Specialist Care NHS Trust,Mixed,India,British Citizen,Nursing,Charge Nurse,Surgery & Cancer,7,27.13,2025-11-12,2025-12-24,20.0,0.53,HCPC,Fixed Term,Active,XR438597,2028-08-01,MN066668,2028-04-17,2027-02-25,2025-12-03
EMP0072-20260914_000059,Olivia,Palmer,hannah36@example.net,1971-01-25,+44116 496 0775,"1 Mitchell Fall
Lydiaborough
DG12 2ES",Female,Riverside Integrated Care NHS Trust,Mixed,United Kingdom,British Citizen,Nursing,Staff Nurse,Corporate Services,5,21.72,2018-07-13,2018-08-17,37.5,1.0,GMC,Fixed Term,Suspended,TA512462,2031-03-03,FW901424,2028-02-05,2026-12-16,2018-08-03
EMP0073-20260914_000059,Bradley,Price,greenleigh@example.com,2003-06-24,+44(0)113 496 0136,"Studio 38
Walker Isle
Judithchester
L36 3BR",Male,Oakridge Community Services NHS Trust,Mixed,Jamaica,British Citizen,Medical,Registrar,Emergency & Urgent Care,SPR,35.89,2022-04-22,2022-05-20,18.75,0.5,NMC,Bank,Suspended,UK934800,2029-12-15,LG969754,2031-05-31,2027-08-05,2022-05-13
EMP0074-20260914_000059,Suzanne,Edwards,zwinter@example.org,1974-05-19,+44306 999 0843,"Flat 4
Parker Estate
Lake Joan
NR0 4DW",Male,Valleyview Mental Wellness NHS Trust,Asian,Japan,Dependent,Nursing,Senior Staff Nurse,Corporate Services,6,23.39,2019-05-04,2019-06-08,15.0,0.4,GMC,Bank,Suspended,MI413244,2027-02-19,IW116355,2027-06-02,2027-05-10,2019-05-25
EMP0075-20260914_000059,Owen,Crawford,reedadam@example.org,1991-07-25,01632960000,"Flat 23K
Burton Fields
Adambury
DA99 9ZE",Female,Horizon Integrated Health Partnership NHS Trust,Black,Barbados,Dependent,Admin,Administrator,Medicine & Acute Care,3,15.18,2017-09-27,2017-10-25,20.0,0.53,None,Permanent,Active,WO179978,2026-10-24,SD547385,2029-06-14,2026-10-07,2017-10-18
EMP0076-20260914_000059,Hugh,Bell,robertshilary@example.com,1979-07-29,+44(0)115 496 0705,"Studio 50
Baker Crescent
North Keithview
L2 7ZR",Male,Hillcrest Medical Centres NHS Trust,Mixed,Trinidad and Tobago,ILR,AHP,Occupational Therapist,Critical Care & Anaesthesia,6,26.11,2019-04-29,2019-06-10,37.5,1.0,NMC,Bank,On Leave,OB930541,2031-06-12,HK617021,2030-10-04,2027-05-15,2019-05-20
EMP0077-20260914_000059,Graham,Wallace,rclarke@example.org,2008-04-28,(0191) 4960109,"1 Patel Turnpike
East Annfort
AB05 7LW",Male,Riverbank General Hospitals NHS Trust,Black,Barbados,Skilled Worker,Admin,Medical Secretary,Surgery & Cancer,4,17.11,2019-04-21,2019-05-26,20.0,0.53,NMC,Fixed Term,Suspended,KK470363,2030-11-23,PR464787,2027-07-25,2027-06-15,2019-05-12
EMP0078-20260914_000059,Roy,Harrison,judiththomson@example.org,1972-09-07,+44(0)306 999 0342,"Studio 9
Smith Parkway
North Ellie
PE3E 0AQ",Female,Greenhaven Acute & Specialist Care NHS Trust,White,Australia,Dependent,Admin,Receptionist,Critical Care & Anaesthesia,3,16.12,2017-10-23,2017-12-04,20.0,0.53,GMC,Permanent,Inactive,DR083980,2030-05-17,UH682748,2026-10-09,2026-10-16,2017-11-13
EMP0079-20260914_000059,Lynda,Barnes,hlewis@example.com,1979-10-07,+44(0)1214960934,"Flat 51
Dale Lake
South Jeremy
N5S 0ZY",Female,Bluewater Community & Rehabilitation NHS Trust,Black,Nigeria,British Citizen,AHP,Radiographer,Critical Care & Anaesthesia,6,23.04,2017-10-21,2017-11-18,30.0,0.8,None,Bank,Active,DL698570,2030-02-05,GK744787,2031-03-09,2027-05-12,2017-11-11
EMP0080-20260914_000059,Lydia,Hawkins,sally67@example.net,1983-10-13,(0115) 496 0570,"Flat 63
May Center
Chloefurt
S03 6GQ",Male,Bluewater Community & Rehabilitation NHS Trust,Mixed,Japan,Dependent,Medical,GP,Clinical Support Services,GP,54.85,2017-07-08,2017-08-05,37.5,1.0,GMC,Bank,On Leave,HS591689,2030-09-21,WW486666,2030-03-09,2026-09-22,2017-07-29
EMP0081-20260914_000059,Adam,Evans,jay61@example.net,1993-08-27,+44909 8790133,"512 Ian Mission
Lake Carolineport
HX94 7YX",Female,Greenhaven Acute & Specialist Care NHS Trust,Mixed,Jamaica,ILR,Medical,GP,Corporate Services,GP,52.5,2017-09-01,2017-10-13,37.5,1.0,GMC,Bank,Active,LF388819,2029-10-18,PZ482674,2028-06-01,2027-07-15,2017-09-22
EMP0082-20260914_000059,Sarah,Lamb,uschofield@example.com,1971-01-03,+44(0)115 4960755,"Flat 69
Damien Station
Paulaborough
RH2R 2TD",Male,Riverbank General Hospitals NHS Trust,Black,Jamaica,British Citizen,Nursing,Ward Manager,Medicine & Acute Care,8A,32.29,2025-06-24,2025-08-05,15.0,0.4,GMC,Fixed Term,Suspended,PJ980593,2027-12-04,GE516556,2031-07-17,2026-12-24,2025-07-15
EMP0083-20260914_000059,Brian,Owens,foxpauline@example.org,1980-03-29,(01632) 960573,"Studio 85
Rebecca Port
West Gracebury
BN5V 3BY",Male,Broadfield Clinical Services NHS Trust,Asian,India,Skilled Worker,Medical,Registrar,Corporate Services,SPR,36.53,2026-05-23,2026-06-20,15.0,0.4,HCPC,Bank,Inactive,CX608650,2031-05-28,UO111680,2030-08-28,2026-11-07,2026-06-13
EMP0084-20260914_000059,Richard,Grant,aking@example.net,1984-10-29,+44116 4960967,"203 Day Neck
North Charlesville
L2S 6JR",Male,Eastfield Psychological Services NHS Trust,Mixed,Jamaica,British Citizen,Admin,Data Analyst,Corporate Services,8A,30.3,2021-03-11,2021-04-08,15.0,0.4,None,Permanent,Inactive,OC795620,2028-06-07,AJ772675,2029-10-10,2027-07-25,2021-04-01
EMP0085-20260914_000059,Natasha,Charlton,kate42@example.org,2007-02-24,+44(0)141 496 0817,"Studio 1
Sally Terrace
Valeriemouth
NN9Y 1QF",Male,Riverside Integrated Care NHS Trust,White,Australia,Skilled Worker,Nursing,Nursery Nurse,Women & Children,2,14.05,2019-08-23,2019-10-04,30.0,0.8,HCPC,Fixed Term,On Leave,NT571799,2029-10-24,DE770925,2030-07-02,2027-07-11,2019-09-13
EMP0086-20260914_000059,Terry,Hartley,daniel15@example.net,2001-06-28,+44115 4960349,"214 Gordon Street
North Bernard
S74 2ST",Female,Eastfield Psychological Services NHS Trust,Black,South Africa,ILR,Medical,GP,Corporate Services,GP,49.36,2018-03-27,2018-05-01,20.0,0.53,HCPC,Permanent,On Leave,EN687887,2026-12-03,YJ021810,2027-06-16,2027-02-26,2018-04-17
EMP0087-20260914_000059,Keith,Powell,bethany27@example.net,1999-03-12,(0121)4960047,"Studio 0
Ali Lane
North Graham
S33 5HL",Female,Valleyview Mental Wellness NHS Trust,Asian,Japan,Skilled Worker,Medical,GP,Emergency & Urgent Care,GP,60.62,2024-12-04,2025-01-08,15.0,0.4,HCPC,Fixed Term,Active,ZP744679,2028-11-06,RI671600,2030-10-15,2026-11-04,2024-12-25
EMP0088-20260914_000059,Russell,Price,odaniels@example.com,1980-08-06,(0306) 9990961,"Studio 18T
Helen Roads
Hooperport
S67 6BU",Male,Southgate Community & Mental Health NHS Trust,Asian,China,British Citizen,Medical,FY1/FY2,Critical Care & Anaesthesia,FY1,20.02,2019-03-13,2019-04-24,30.0,0.8,NMC,Permanent,Suspended,OS414564,2027-05-22,SO617162,2029-07-29,2026-10-10,2019-04-03
EMP0089-20260914_000059,Carly,Clark,megan12@example.com,1979-04-08,0909 8790600,"8 Arthur Trace
Lake Lindsey
DT93 5XR",Female,Eastmoor Teaching Hospitals NHS Trust,Black,Barbados,British Citizen,Admin,Medical Secretary,Medicine & Acute Care,4,18.69,2021-08-14,2021-09-11,30.0,0.8,None,Bank,Active,XV778893,2026-11-15,FA547877,2026-12-06,2027-02-05,2021-09-04
EMP0090-20260914_000059,Dominic,Rogers,osbornemelanie@example.net,2000-09-29,(0131)4960919,"5 Williams Turnpike
Lake Edward
W98 8GY",Female,Riverbank General Hospitals NHS Trust,Mixed,Nigeria,Skilled Worker,Admin,Medical Secretary,Medicine & Acute Care,4,15.55,2019-06-24,2019-07-29,18.75,0.5,GMC,Permanent,On Leave,MU896581,2027-09-03,VK482213,2030-07-02,2026-10-26,2019-07-15
EMP0091-20260914_000059,June,Scott,andrewswilliam@example.net,1980-09-02,+44(0)118 496 0330,"99 Robert Burg
Lake William
B64 3UF",Female,Westmere Community Health NHS Trust,Black,Kenya,ILR,Medical,FY1/FY2,Clinical Support Services,FY1,20.07,2023-07-14,2023-08-18,37.5,1.0,None,Bank,Suspended,IK366900,2029-07-21,BL058661,2028-04-15,2027-06-18,2023-08-04
EMP0092-20260914_000059,Martyn,Riley,blakerachael@example.com,1970-10-13,(0118)4960190,"842 Diana Road
Lindseyburgh
M37 0WG",Female,Midlands Central Hospitals NHS Trust,White,New Zealand,ILR,Nursing,Healthcare Assistant,Clinical Support Services,2,13.95,2017-01-03,2017-02-14,15.0,0.4,GMC,Permanent,Active,BW648352,2030-10-20,ZF411027,2031-04-26,2027-03-30,2017-01-24
EMP0093-20260914_000059,Kathleen,Shaw,leeskyle@example.net,1995-03-05,01134960944,"257 Lydia Landing
North Bernard
G8K 7SR",Female,Bluewater Community & Rehabilitation NHS Trust,Black,Jamaica,ILR,Medical,SHO,Corporate Services,SHO,23.39,2016-10-11,2016-11-08,18.75,0.5,None,Permanent,Inactive,WI445039,2029-01-25,SH068488,2029-01-12,2026-12-05,2016-11-01
EMP0094-20260914_000059,Michelle,Leach,phillipsbenjamin@example.com,1992-03-22,0113 4960433,"6 Damian Corner
Mossmouth
TD2M 3XZ",Female,Midlands Central Hospitals NHS Trust,Black,Jamaica,British Citizen,Admin,Receptionist,Surgery & Cancer,3,14.65,2017-12-11,2018-01-08,20.0,0.53,GMC,Bank,Inactive,LP657577,2028-09-23,KW399422,2031-01-16,2026-12-04,2018-01-01
EMP0095-20260914_000059,Graham,Black,knightgerald@example.com,1978-02-11,+44116 496 0591,"439 Edward Roads
North Alex
S9K 5AW",Male,Eastmoor Teaching Hospitals NHS Trust,Asian,Thailand,Dependent,Admin,Administrator,Surgery & Cancer,3,15.75,2020-03-21,2020-05-02,30.0,0.8,HCPC,Bank,Suspended,MN101127,2027-11-23,JY926540,2029-03-31,2026-12-08,2020-04-11
EMP0096-20260914_000059,Mandy,Martin,eric39@example.com,2004-11-17,+44(0)115 4960155,"Flat 23H
Ali Ranch
North Charles
LD2M 5RA",Female,Westborough Acute Care NHS Trust,Mixed,Jamaica,Dependent,AHP,Radiographer,Surgery & Cancer,6,23.97,2024-09-02,2024-10-07,37.5,1.0,None,Permanent,Suspended,TU101613,2028-03-06,GJ136327,2027-01-11,2027-05-19,2024-09-23
EMP0097-20260914_000059,Lynne,Griffiths,alexander63@example.net,1970-11-15,+44(0)118 4960593,"Studio 0
Kelly Brook
Lake Leslieland
N75 4WT",Female,Lakeside District Hospitals NHS Trust,Black,Ghana,Skilled Worker,Admin,Data Analyst,Surgery & Cancer,8A,31.94,2022-01-01,2022-02-05,30.0,0.8,None,Fixed Term,Inactive,OS438066,2028-11-11,IA567628,2027-03-21,2026-10-12,2022-01-22
EMP0098-20260914_000059,Emily,Thomas,lynda23@example.org,1976-04-11,+449098790231,"72 Pickering Shoals
North Robin
CM6B 1DJ",Male,Bluewater Community & Rehabilitation NHS Trust,Black,Ghana,Dependent,Nursing,Ward Manager,Surgery & Cancer,8A,34.23,2019-08-03,2019-09-07,30.0,0.8,GMC,Permanent,Active,DD944666,2031-02-26,RI199950,2027-06-22,2026-10-18,2019-08-24
EMP0099-20260914_000059,Diana,Coates,matthewsimpson@example.org,1986-01-11,+44(0)289018380,"25 Bishop Extensions
Austinfort
TA7 7FF",Male,Riverbank General Hospitals NHS Trust,White,United Kingdom,ILR,AHP,Speech Therapist,Surgery & Cancer,6,27.14,2026-08-14,2026-09-25,15.0,0.4,NMC,Fixed Term,On Leave,MW248427,2027-03-06,AL849476,2027-07-18,2027-09-11,2026-09-04
EMP0100-20260914_000059,Joe,Townsend,katherine88@example.org,1981-05-12,0121 496 0130,"Studio 46i
Abigail Passage
Williamstown
N6 1LJ",Female,Eastmoor Teaching Hospitals NHS Trust,Mixed,United States,ILR,Medical,Registrar,Emergency & Urgent Care,SPR,38.92,2026-02-27,2026-04-10,15.0,0.4,HCPC,Permanent,On Leave,US256099,2027-05-02,PV524001,2031-04-10,2027-03-27,2026-03-20
EMP0101-20260914_000059,Joanna,Shah,abaker@example.org,1996-08-10,+44(0)2074960871,"Studio 8
Lawson Well
Terenceberg
RG4N 1RJ",Male,Northshire University Hospitals NHS Trust,Mixed,Jamaica,Dependent,Nursing,Charge Nurse,Medicine & Acute Care,7,27.29,2025-03-26,2025-04-30,15.0,0.4,HCPC,Fixed Term,On Leave,YB836856,2026-11-29,JY805408,2031-05-15,2027-07-23,2025-04-16
EMP0102-20260914_000059,Clive,Barker,katiemorris@example.org,1982-08-13,+44(0)191 4960130,"66 Francis Port
Jacksontown
M74 7YW",Female,Broadfield Clinical Services NHS Trust,Asian,China,Skilled Worker,Admin,Medical Secretary,Emergency & Urgent Care,4,16.88,2019-07-04,2019-08-15,37.5,1.0,None,Fixed Term,Suspended,OE016116,2030-06-28,AI299222,2029-02-01,2027-08-13,2019-07-25
EMP0103-20260914_000059,Joanna,Walters,dunnoliver@example.com,1976-11-24,0292018264,"1 Burton Square
Elainefort
LN6N 1TL",Male,Northshire University Hospitals NHS Trust,White,United Kingdom,Skilled Worker,Nursing,Charge Nurse,Surgery & Cancer,7,32.04,2017-12-22,2018-01-26,18.75,0.5,None,Permanent,Suspended,LR072425,2028-10-29,RN913832,2028-03-18,2027-05-14,2018-01-12
EMP0104-20260914_000059,Yvonne,Bird,readjames@example.org,1968-04-08,+44(0)1632960806,"791 Heath Coves
Lake Nicola
DG00 6HR",Female,Westborough Acute Care NHS Trust,Asian,Japan,Skilled Worker,Medical,FY1/FY2,Medicine & Acute Care,FY1,19.55,2020-06-30,2020-08-04,18.75,0.5,None,Permanent,Inactive,KZ598266,2028-10-08,GY237882,2027-04-24,2027-04-15,2020-07-21
EMP0105-20260914_000059,Jade,Watson,gardnerabigail@example.org,1986-02-03,(0114) 4960231,"21 Carpenter Hill
Alisonside
LA9V 8XW",Female,Meadowbrook Community Health NHS Trust,Black,Nigeria,Skilled Worker,AHP,Pharmacist,Surgery & Cancer,5,22.6,2018-07-30,2018-09-10,18.75,0.5,HCPC,Fixed Term,On Leave,WN687483,2030-02-08,XG301902,2029-09-08,2027-01-26,2018-08-20
EMP0106-20260914_000059,Hannah,White,taylormax@example.net,1968-10-18,0114 496 0273,"97 Butler Ford
Port James
TR0 3UY",Female,Eastfield Psychological Services NHS Trust,Mixed,China,British Citizen,Medical,FY1/FY2,Women & Children,FY1,21.12,2018-10-19,2018-11-23,37.5,1.0,NMC,Permanent,Suspended,OU661184,2029-01-16,DO750195,2029-01-01,2026-10-05,2018-11-09
EMP0107-20260914_000059,Tina,Davis,darren28@example.org,1987-06-13,(028) 9018985,"61 Palmer Junction
West Wendytown
W5 6SF",Female,Southvale Hospitals NHS Trust,Asian,Thailand,ILR,Admin,Receptionist,Clinical Support Services,3,14.49,2017-07-31,2017-08-28,30.0,0.8,None,Bank,Inactive,ME095514,2028-03-17,UJ839539,2030-11-22,2027-07-24,2017-08-21
EMP0108-20260914_000059,Grace,Murphy,bradleylee@example.com,1972-07-31,+44118 496 0107,"773 Samuel Summit
Smithside
EH5 6GS",Male,Midlands Central Hospitals NHS Trust,Asian,Thailand,British Citizen,AHP,Physiologist,Surgery & Cancer,6,27.08,2020-03-05,2020-04-16,15.0,0.4,HCPC,Bank,Inactive,FX863937,2031-06-17,EL515310,2026-12-06,2027-09-12,2020-03-26
EMP0109-20260914_000059,Brian,Stokes,pharrison@example.com,1984-05-18,+44808 157 0907,"Flat 60
Nigel Spur
Bernardfort
E2G 2GP",Male,Riverside Integrated Care NHS Trust,White,United Kingdom,British Citizen,Nursing,Nursery Nurse,Critical Care & Anaesthesia,2,14.09,2018-09-19,2018-10-17,18.75,0.5,NMC,Bank,Inactive,PN238609,2028-11-27,ZU474407,2031-03-15,2026-10-18,2018-10-10
EMP0110-20260914_000059,Rhys,Hill,fergusongeorgia@example.net,1964-12-13,+44(0)1914960707,"Studio 42m
Nicholas Terrace
Lynnstad
EN0N 5ZQ",Male,Westmere Community Health NHS Trust,Black,Ghana,Skilled Worker,AHP,Speech Therapist,Critical Care & Anaesthesia,6,26.13,2017-05-18,2017-06-15,37.5,1.0,None,Bank,Inactive,XX749031,2027-08-14,EQ164185,2030-09-13,2026-12-12,2017-06-08
EMP0111-20260914_000059,Leigh,Yates,lynneholmes@example.org,1967-03-17,0141 496 0533,"79 Clifford Trafficway
Beverleyburgh
AB7 6FS",Female,Northwood Mental Health NHS Trust,Mixed,United States,British Citizen,AHP,Pharmacist,Surgery & Cancer,5,19.77,2022-01-03,2022-02-14,18.75,0.5,NMC,Fixed Term,Inactive,FU969512,2029-11-06,GN200827,2030-04-01,2026-12-08,2022-01-24
EMP0112-20260914_000059,Janice,Brown,shepherdbrenda@example.org,1984-07-10,+448081570499,"505 Martin Lane
Newmanland
S8 1TA",Male,Westborough Acute Care NHS Trust,Asian,Thailand,British Citizen,Nursing,Ward Manager,Critical Care & Anaesthesia,8A,29.46,2021-04-10,2021-05-22,30.0,0.8,NMC,Permanent,Suspended,RX336357,2027-08-22,QC073334,2031-08-20,2026-12-04,2021-05-01
EMP0113-20260914_000059,Howard,Jones,june21@example.net,1969-03-11,+441914960973,"48 Moore Divide
Stuartton
SA43 3BF",Female,Riverside Integrated Care NHS Trust,Mixed,Canada,ILR,Admin,Data Analyst,Emergency & Urgent Care,8A,28.75,2017-03-27,2017-04-24,37.5,1.0,None,Permanent,Active,AJ800773,2030-06-12,XT140016,2029-04-10,2026-10-04,2017-04-17
EMP0114-20260914_000059,Christopher,Martin,june51@example.net,1976-08-20,0115 4960658,"375 Shaw Crossroad
Fishershire
W76 9YE",Male,Westmere Community Health NHS Trust,Asian,India,British Citizen,Admin,Medical Secretary,Emergency & Urgent Care,4,18.89,2025-09-09,2025-10-21,20.0,0.53,GMC,Bank,On Leave,QE085091,2030-08-14,YW340875,2026-11-18,2027-05-16,2025-09-30
EMP0115-20260914_000059,Oliver,Brown,tbell@example.net,1991-12-02,+44(0)131 4960427,"4 Jill Route
Gavinside
N9 2NS",Female,Meadowbrook Community Health NHS Trust,White,Canada,British Citizen,Admin,Medical Secretary,Medicine & Acute Care,4,15.82,2018-09-13,2018-10-18,15.0,0.4,HCPC,Bank,Inactive,ZI903593,2027-03-08,BY258121,2028-04-15,2027-05-01,2018-10-04
EMP0116-20260914_000059,Donald,Griffiths,aparkin@example.net,2008-09-09,+44151 496 0132,"780 Parker Trace
Saraside
UB33 2RJ",Female,Valleyview Mental Wellness NHS Trust,Mixed,Kenya,British Citizen,Nursing,Charge Nurse,Emergency & Urgent Care,7,33.18,2018-03-19,2018-04-23,30.0,0.8,NMC,Fixed Term,Active,TU845941,2029-11-09,WR236763,2030-03-19,2026-09-25,2018-04-09
EMP0117-20260914_000059,Douglas,Bibi,kerry57@example.net,1966-02-22,+44115 496 0547,"1 Howe Center
Jacksonhaven
ME9 8RZ",Male,Southvale Hospitals NHS Trust,White,United States,British Citizen,Nursing,Nursery Nurse,Surgery & Cancer,2,14.19,2016-11-12,2016-12-17,15.0,0.4,HCPC,Bank,Inactive,XB013353,2028-01-05,QF175463,2031-05-19,2027-07-12,2016-12-03
EMP0118-20260914_000059,Iain,White,bphillips@example.com,1991-10-13,0131 496 0709,"24 Sally Ports
North Martynchester
NR2R 9ZA",Female,Bluewater Community & Rehabilitation NHS Trust,Asian,China,Dependent,AHP,Physiotherapist,Surgery & Cancer,6,27.66,2021-12-09,2022-01-06,20.0,0.53,NMC,Fixed Term,Active,LX213877,2026-11-30,XG771717,2027-06-01,2027-06-03,2021-12-30
EMP0119-20260914_000059,Danny,Thomas,uphillips@example.com,1978-09-26,0141 496 0568,"218 Day Port
New Iainmouth
UB9 3NJ",Male,Valleyview Mental Wellness NHS Trust,White,United Kingdom,Skilled Worker,Nursing,Senior Staff Nurse,Women & Children,6,24.55,2018-05-09,2018-06-20,20.0,0.53,GMC,Bank,On Leave,ZT697758,2028-12-03,KK736645,2028-10-25,2027-03-24,2018-05-30
EMP0120-20260914_000059,Clare,Jackson,tina09@example.net,2002-02-22,+44115 496 0620,"6 Collins Greens
New Cherylport
ZE7 8UR",Male,Eastmoor Teaching Hospitals NHS Trust,White,Canada,British Citizen,Medical,Registrar,Corporate Services,SPR,43.57,2024-08-23,2024-09-27,15.0,0.4,HCPC,Permanent,Active,NN134191,2028-10-23,NX495932,2030-02-15,2027-08-28,2024-09-13
EMP0121-20260914_000059,Claire,Skinner,pughluke@example.net,1981-07-31,(0191)4960778,"4 Abdul Squares
Jordanhaven
TS5 0WE",Female,Eastfield Psychological Services NHS Trust,Black,Nigeria,ILR,Medical,Registrar,Women & Children,SPR,33.97,2018-01-27,2018-03-03,20.0,0.53,GMC,Permanent,Suspended,EY420069,2031-01-23,NY705063,2027-06-12,2026-09-22,2018-02-17
EMP0122-20260914_000059,Max,Allen,nchan@example.com,1986-09-29,+449098790800,"Flat 09L
Dunn Trafficway
New Lesley
BR9 0UH",Male,Horizon Integrated Health Partnership NHS Trust,Asian,Thailand,Dependent,Admin,Administrator,Emergency & Urgent Care,3,15.61,2016-11-08,2016-12-20,15.0,0.4,None,Permanent,Inactive,QI759819,2029-02-10,AH654303,2028-06-03,2027-09-05,2016-11-29
EMP0123-20260914_000059,Tony,Wallis,louiseatkinson@example.net,1977-06-01,0117 496 0144,"83 Kyle Parkway
New Grahamfort
L2K 7AA",Female,Bluewater Community & Rehabilitation NHS Trust,Asian,Thailand,British Citizen,Nursing,Staff Nurse,Surgery & Cancer,5,21.83,2017-12-09,2018-01-06,30.0,0.8,None,Permanent,Inactive,KF375340,2027-06-09,DP857205,2030-01-17,2027-09-11,2017-12-30
EMP0124-20260914_000059,Karl,Ahmed,agreen@example.com,2005-10-14,(0121) 496 0265,"Flat 48
Butler Ways
Martinberg
SL3 4AR",Female,Riverside Integrated Care NHS Trust,White,United Kingdom,ILR,AHP,Physiologist,Corporate Services,6,22.79,2019-07-10,2019-08-14,15.0,0.4,None,Fixed Term,Inactive,MZ464062,2027-01-03,IL818454,2028-03-03,2026-12-10,2019-07-31
EMP0125-20260914_000059,Sam,Patterson,martynnorth@example.net,1987-10-29,028 9018918,"1 Jasmine Mountain
Emilyfort
SW2N 6PA",Male,Oakridge Community Services NHS Trust,Mixed,United Kingdom,Dependent,Admin,Administrator,Medicine & Acute Care,3,15.48,2021-04-24,2021-06-05,15.0,0.4,None,Permanent,On Leave,QO467576,2030-05-21,KG176733,2027-10-02,2027-08-26,2021-05-15
EMP0126-20260914_000059,Rachael,Moss,katherinereed@example.org,1980-01-24,(0114) 4960822,"989 Norman Extension
New Carolynland
CO53 8PA",Male,Valleyview Mental Wellness NHS Trust,Black,South Africa,ILR,Nursing,Charge Nurse,Women & Children,7,32.78,2023-07-09,2023-08-20,15.0,0.4,HCPC,Bank,Active,FF635653,2030-02-09,EK537518,2030-01-01,2027-02-20,2023-07-30
EMP0127-20260914_000059,Ian,North,gerardparker@example.net,1961-05-31,(0161) 4960445,"43 Gray Center
North Laurenport
G04 4PJ",Female,Hillcrest Medical Centres NHS Trust,Asian,Thailand,Dependent,AHP,Occupational Therapist,Women & Children,6,27.03,2024-11-13,2024-12-18,15.0,0.4,HCPC,Fixed Term,Active,XD457762,2027-06-29,SU362323,2027-04-07,2027-02-05,2024-12-04
EMP0128-20260914_000059,Shane,Murphy,qrahman@example.net,1964-12-02,+4428 9018 0963,"081 Duncan Row
Colliertown
ML04 6ZB",Male,Midlands Central Hospitals NHS Trust,Asian,India,Dependent,AHP,Physiotherapist,Medicine & Acute Care,6,23.7,2026-03-16,2026-04-13,37.5,1.0,None,Permanent,Inactive,NO593485,2030-12-10,VC531040,2027-01-03,2026-10-25,2026-04-06
EMP0129-20260914_000059,Ronald,Singh,andrew67@example.org,1968-09-04,+443069990945,"19 Charles Throughway
Jacksonville
SY0B 4TN",Male,Lakeside District Hospitals NHS Trust,Mixed,China,British Citizen,Nursing,Nursery Nurse,Clinical Support Services,2,12.4,2018-02-22,2018-04-05,20.0,0.53,HCPC,Permanent,Active,YJ887590,2029-09-07,GZ436799,2026-11-12,2027-05-27,2018-03-15
EMP0130-20260914_000059,Robin,Ryan,xphillips@example.com,1994-04-25,(0306)9990102,"339 Gray Springs
Johnburgh
S4 6HE",Female,Hillcrest Medical Centres NHS Trust,Asian,China,Skilled Worker,AHP,Radiographer,Women & Children,6,26.66,2020-10-12,2020-11-09,30.0,0.8,GMC,Permanent,Inactive,VO007563,2027-04-05,TE954057,2031-08-27,2026-12-24,2020-11-02
EMP0131-20260914_000059,Reece,Hughes,patrick08@example.net,1997-07-03,+441134960002,"73 Vincent Avenue
Thompsonstad
N66 8QN",Female,Northshire University Hospitals NHS Trust,Asian,Thailand,ILR,Nursing,Senior Staff Nurse,Corporate Services,6,25.1,2023-06-18,2023-07-30,30.0,0.8,NMC,Fixed Term,Inactive,VM028038,2030-12-09,UJ925896,2028-02-04,2027-07-07,2023-07-09
EMP0132-20260914_000059,Carol,Johnson,george56@example.com,1963-11-05,+4429 2018 0445,"3 Gareth Locks
Masonfurt
LL06 1AB",Female,Meadowbrook Community Health NHS Trust,White,United Kingdom,Dependent,AHP,Occupational Therapist,Women & Children,6,22.93,2021-09-02,2021-10-07,20.0,0.53,None,Bank,Active,MY137316,2031-09-05,WA487027,2027-02-22,2026-09-22,2021-09-23
EMP0133-20260914_000059,Thomas,Evans,kirsty90@example.net,1972-05-20,+44(0)191 496 0578,"Flat 40s
Malcolm Court
East Glenport
HG2W 6AZ",Female,Broadfield Clinical Services NHS Trust,White,United Kingdom,Skilled Worker,AHP,Occupational Therapist,Women & Children,6,27.06,2023-01-18,2023-03-01,15.0,0.4,None,Bank,Active,AA725745,2030-10-21,ME218211,2031-09-04,2027-04-03,2023-02-08
EMP0134-20260914_000059,Carolyn,Jones,nicolareynolds@example.net,1995-11-16,+44(0)113 496 0307,"Flat 57
Barbara Lake
Robinsonmouth
S6 7FQ",Female,Bluewater Community & Rehabilitation NHS Trust,Mixed,Barbados,Dependent,Medical,SHO,Medicine & Acute Care,SHO,26.61,2025-04-01,2025-04-29,15.0,0.4,GMC,Permanent,On Leave,UI581757,2028-11-08,GA069349,2031-08-12,2026-12-30,2025-04-22
EMP0135-20260914_000059,Danielle,Thompson,lday@example.org,1993-09-24,0131 496 0488,"912 Katie Wall
Brandontown
M23 3US",Female,Riverbank General Hospitals NHS Trust,Black,Barbados,Skilled Worker,Admin,Receptionist,Clinical Support Services,3,14.07,2021-02-06,2021-03-06,37.5,1.0,HCPC,Bank,Inactive,GL104324,2030-04-17,YG246784,2028-09-01,2027-03-01,2021-02-27
EMP0136-20260914_000059,Olivia,Campbell,zjones@example.org,1963-03-21,+44115 4960992,"Studio 6
Morley Locks
West Roger
E23 1UF",Male,Midlands Central Hospitals NHS Trust,White,United States,Skilled Worker,Medical,SHO,Emergency & Urgent Care,SHO,29.9,2018-11-23,2019-01-04,20.0,0.53,GMC,Bank,Inactive,KS113766,2029-08-23,LW276552,2029-10-26,2027-08-04,2018-12-14
EMP0137-20260914_000059,Thomas,Green,abigail69@example.com,2003-09-22,+44141 496 0052,"Studio 3
Brown Loop
South Bradley
N9F 5UY",Female,Westborough Acute Care NHS Trust,Asian,Japan,Dependent,Medical,GP,Medicine & Acute Care,GP,46.34,2025-03-21,2025-04-25,15.0,0.4,HCPC,Bank,Active,WS528686,2027-01-17,LY989932,2031-01-21,2027-03-30,2025-04-11
EMP0138-20260914_000059,Rachael,Smith,peter28@example.net,2002-03-27,(0116) 496 0142,"81 Hutchinson Forge
Woodhaven
WC6 7YR",Male,Hillcrest Medical Centres NHS Trust,Mixed,United States,Dependent,AHP,Radiographer,Critical Care & Anaesthesia,6,26.77,2022-07-27,2022-09-07,37.5,1.0,NMC,Permanent,Suspended,QA136945,2027-02-16,OH828348,2029-10-17,2027-03-05,2022-08-17
EMP0139-20260914_000059,Thomas,Oliver,grace61@example.org,1986-02-06,0141 496 0093,"Studio 2
Vanessa Junction
Mooreborough
CF08 3HE",Male,Southgate Community & Mental Health NHS Trust,White,United Kingdom,Dependent,AHP,Speech Therapist,Critical Care & Anaesthesia,6,25.37,2016-11-15,2016-12-13,37.5,1.0,HCPC,Bank,Inactive,LE332021,2030-12-27,PI513836,2029-10-10,2027-02-15,2016-12-06
EMP0140-20260914_000059,Aaron,Stevens,josh81@example.com,1981-05-19,+441314960764,"71 Miller Extension
Naomifort
OX9W 3YZ",Female,Southgate Community & Mental Health NHS Trust,White,New Zealand,ILR,Medical,FY1/FY2,Women & Children,FY1,19.72,2022-05-10,2022-06-21,37.5,1.0,NMC,Bank,Suspended,IC504763,2030-11-28,VP228515,2031-01-24,2027-01-22,2022-05-31
EMP0141-20260914_000059,Diane,Riley,townsendjosephine@example.org,1998-04-19,029 2018 0182,"5 Grant Rest
Johnsonstad
JE3B 3PG",Female,Valleyview Mental Wellness NHS Trust,White,United States,British Citizen,AHP,Radiographer,Clinical Support Services,6,27.84,2021-04-17,2021-05-15,37.5,1.0,None,Permanent,Inactive,BZ698182,2028-11-16,KO504511,2027-10-03,2027-03-09,2021-05-08
EMP0142-20260914_000059,Carol,Barker,tjones@example.org,1985-08-14,0141 4960744,"0 Jade Manors
Powellshire
CV1 0FY",Male,Northwood Mental Health NHS Trust,Asian,China,ILR,Medical,GP,Corporate Services,GP,60.84,2020-07-13,2020-08-24,37.5,1.0,NMC,Permanent,Suspended,LG074583,2030-02-20,NX943910,2031-08-29,2027-01-29,2020-08-03
EMP0143-20260914_000059,Grace,Jackson,maxstewart@example.com,2002-03-12,0161 4960488,"8 Taylor Cape
Lake Bernardside
BL4 7TR",Female,Eastfield Psychological Services NHS Trust,White,Australia,ILR,Admin,Receptionist,Emergency & Urgent Care,3,15.26,2019-01-28,2019-02-25,30.0,0.8,NMC,Fixed Term,Active,KY515605,2029-07-04,MX001246,2031-05-17,2026-12-14,2019-02-18
EMP0144-20260914_000059,Roger,Carr,stevensconnor@example.org,1997-05-09,(01632) 960967,"162 Colin Turnpike
East Geraldineborough
M4E 6AP",Male,Hillcrest Medical Centres NHS Trust,Asian,Thailand,ILR,Admin,Data Analyst,Medicine & Acute Care,8A,34.64,2018-06-14,2018-07-12,20.0,0.53,NMC,Fixed Term,On Leave,BA059811,2030-06-04,LB161269,2027-11-06,2027-02-09,2018-07-05
EMP0145-20260914_000059,Terence,Baxter,hazelhayes@example.net,1987-10-03,+44(0)191 4960446,"Studio 83
Roberts Knolls
Lydiaton
SS2M 7DA",Male,Midlands Central Hospitals NHS Trust,White,United States,ILR,Medical,GP,Corporate Services,GP,48.94,2022-01-27,2022-02-24,15.0,0.4,GMC,Permanent,Inactive,LW129568,2031-03-06,VK509803,2030-04-18,2027-04-14,2022-02-17
EMP0146-20260914_000059,Nicola,Thomas,marian74@example.com,1972-06-20,08081570968,"8 Wendy Islands
Lake Kerrytown
G0D 2SE",Female,Oakridge Community Services NHS Trust,Asian,China,Skilled Worker,AHP,Occupational Therapist,Surgery & Cancer,6,28.05,2025-10-24,2025-11-28,15.0,0.4,NMC,Bank,Active,ZY688329,2028-03-18,YM189762,2026-11-21,2027-01-31,2025-11-14
EMP0147-20260914_000059,Gail,Rogers,jasmine63@example.com,1974-03-23,(0117)4960049,"17 Wilson Mission
Andrewstad
W7 0SW",Female,Eastmoor Teaching Hospitals NHS Trust,Black,Ghana,British Citizen,Medical,Registrar,Corporate Services,SPR,37.74,2023-04-29,2023-06-03,20.0,0.53,GMC,Permanent,Active,XU025046,2028-05-05,YG672536,2029-05-15,2027-06-18,2023-05-20
EMP0148-20260914_000059,Hollie,Bentley,hodgsonsean@example.org,2005-07-19,0116 496 0846,"5 Jackson Expressway
Helenton
DA4X 1EY",Female,Valleyview Mental Wellness NHS Trust,Mixed,United States,Dependent,Admin,Receptionist,Corporate Services,3,15.84,2024-09-25,2024-10-30,30.0,0.8,None,Fixed Term,On Leave,OR299865,2030-06-27,DI872418,2030-03-10,2027-06-23,2024-10-16
EMP0149-20260914_000059,Ricky,Butler,vcurtis@example.com,2008-05-15,+44(0)3069990580,"787 Patterson Club
Port Bethan
G80 2RQ",Female,Eastmoor Teaching Hospitals NHS Trust,White,Canada,ILR,AHP,Occupational Therapist,Clinical Support Services,6,26.2,2022-03-21,2022-04-18,15.0,0.4,NMC,Bank,On Leave,MU159830,2027-06-09,IL119139,2028-03-28,2026-12-14,2022-04-11
EMP0150-20260914_000059,Samantha,Wright,nreed@example.org,1966-07-21,+44115 496 0336,"319 Elliott Fields
Bethmouth
NP24 1NH",Male,Lakeside District Hospitals NHS Trust,Mixed,United States,British Citizen,Admin,Medical Secretary,Critical Care & Anaesthesia,4,16.39,2022-04-09,2022-05-07,18.75,0.5,HCPC,Permanent,Suspended,GP060160,2027-05-03,LS066624,2030-03-21,2026-10-08,2022-04-30
EMP0151-20260914_000059,Rosemary,Cook,marccole@example.com,1975-03-11,+44(0)113 4960093,"352 Thornton Row
Port Rachaelburgh
G1W 5WT",Female,Lakeside District Hospitals NHS Trust,White,Australia,Dependent,AHP,Radiographer,Corporate Services,6,27.48,2022-06-28,2022-08-09,37.5,1.0,None,Permanent,On Leave,UX852189,2027-05-23,QT828168,2027-07-27,2027-04-25,2022-07-19
EMP0152-20260914_000059,Richard,Edwards,simonrichardson@example.com,2006-09-20,0306 999 0460,"5 Smith Square
East Gavin
LS70 0UZ",Female,Valleyview Mental Wellness NHS Trust,Mixed,Thailand,Dependent,AHP,Physiotherapist,Clinical Support Services,6,26.21,2025-09-30,2025-10-28,30.0,0.8,HCPC,Bank,Inactive,LV312373,2027-10-23,SK505266,2029-04-02,2026-12-25,2025-10-21
EMP0153-20260914_000059,Mohammad,Cook,wrightoliver@example.org,1960-11-18,+44115 4960741,"Studio 36
Vincent Inlet
Lake Callum
M18 1RN",Female,Midlands Central Hospitals NHS Trust,Mixed,United Kingdom,Dependent,Admin,Administrator,Emergency & Urgent Care,3,14.38,2017-11-07,2017-12-05,37.5,1.0,HCPC,Permanent,On Leave,DT441841,2028-04-14,QW832067,2030-10-14,2026-11-10,2017-11-28
EMP0154-20260914_000059,Matthew,Brown,franklinrachel@example.org,2006-12-26,+44(0)117 4960984,"Studio 41
Turnbull Track
Lake Leonardland
SA0H 1FF",Female,Eastmoor Teaching Hospitals NHS Trust,Asian,India,Dependent,Nursing,Charge Nurse,Medicine & Acute Care,7,31.16,2023-10-12,2023-11-23,30.0,0.8,None,Fixed Term,On Leave,TV479774,2028-01-04,ZX137412,2030-02-11,2026-10-07,2023-11-02
EMP0155-20260914_000059,Hayley,Taylor,begumbarbara@example.org,2008-05-31,0115 496 0068,"6 Lewis Isle
Francischester
ML7X 7ZW",Female,Eastfield Psychological Services NHS Trust,Asian,India,Skilled Worker,Medical,GP,Women & Children,GP,54.19,2024-08-09,2024-09-13,20.0,0.53,HCPC,Permanent,Suspended,KX826826,2031-06-29,WE082612,2027-09-25,2027-05-10,2024-08-30
EMP0156-20260914_000059,Olivia,Morrison,marcus21@example.net,1967-04-01,0151 4960519,"Flat 9
Stewart Plains
Robertsonstad
E9 9AN",Male,Northwood Mental Health NHS Trust,White,United States,British Citizen,AHP,Pharmacist,Emergency & Urgent Care,5,19.75,2018-01-03,2018-02-14,18.75,0.5,NMC,Fixed Term,Suspended,YS944450,2027-07-06,UI433104,2028-01-26,2027-05-19,2018-01-24
EMP0157-20260914_000059,Dawn,Baker,jeremy41@example.com,1974-10-15,(0113)4960101,"Studio 7
Williams Grove
Martinfurt
HS73 2AY",Female,Southvale Hospitals NHS Trust,Mixed,Kenya,Dependent,AHP,Speech Therapist,Medicine & Acute Care,6,27.94,2024-07-25,2024-09-05,18.75,0.5,HCPC,Permanent,Inactive,PZ450166,2028-10-24,QK851227,2028-06-04,2027-07-28,2024-08-15
EMP0158-20260914_000059,Damien,Berry,joanna43@example.com,1967-09-02,(0113) 4960844,"467 Gray Valleys
New Philipport
BB7 4BZ",Male,Broadfield Clinical Services NHS Trust,Mixed,South Africa,ILR,Nursing,Senior Staff Nurse,Critical Care & Anaesthesia,6,23.18,2017-08-10,2017-09-07,30.0,0.8,GMC,Permanent,On Leave,UW683068,2028-07-05,TV795656,2027-10-10,2027-08-09,2017-08-31
EMP0159-20260914_000059,Gavin,Jenkins,lynne80@example.org,1995-02-10,(0306) 999 0587,"372 Samuel Ports
West Graemestad
HR1 1GF",Female,Meadowbrook Community Health NHS Trust,Mixed,Jamaica,Skilled Worker,AHP,Physiotherapist,Surgery & Cancer,6,25.86,2019-06-19,2019-07-17,30.0,0.8,None,Permanent,On Leave,EG665823,2031-01-19,CW197530,2029-10-17,2027-09-01,2019-07-10
EMP0160-20260914_000059,Sylvia,Dean,millspauline@example.com,1961-08-09,+441632960117,"Studio 65W
Marion Valleys
Bevanchester
M6C 4EU",Male,Valleyview Mental Wellness NHS Trust,Mixed,Kenya,Skilled Worker,Medical,FY1/FY2,Corporate Services,FY1,19.41,2020-07-13,2020-08-24,20.0,0.53,GMC,Permanent,Suspended,YX258923,2029-10-25,LP386635,2028-05-29,2027-07-23,2020-08-03
EMP0161-20260914_000059,Stewart,Duffy,richardsonkaren@example.com,1977-01-04,(0306) 9990402,"Flat 3
Watson Valley
New Carl
E57 6YA",Male,Eastmoor Teaching Hospitals NHS Trust,Black,Jamaica,British Citizen,Medical,FY1/FY2,Surgery & Cancer,FY1,20.79,2020-02-25,2020-04-07,18.75,0.5,NMC,Bank,Active,KT429819,2029-12-16,CV323024,2031-04-14,2026-11-08,2020-03-17
EMP0162-20260914_000059,Iain,Thompson,boothben@example.com,1974-01-31,+441134960523,"59 Byrne Drive
Kaurborough
JE4 5ZL",Male,Riverbank General Hospitals NHS Trust,Black,Kenya,British Citizen,AHP,Pharmacist,Emergency & Urgent Care,5,20.56,2025-09-12,2025-10-17,37.5,1.0,GMC,Permanent,Suspended,QQ037423,2030-03-09,OF548499,2030-01-13,2027-07-31,2025-10-03
EMP0163-20260914_000059,Kim,Williams,elliottamy@example.com,1964-06-04,+4428 9018293,"1 Antony Shores
Parkershire
E9C 9NG",Male,Meadowbrook Community Health NHS Trust,Black,Barbados,Dependent,AHP,Occupational Therapist,Surgery & Cancer,6,23.79,2025-05-12,2025-06-16,15.0,0.4,GMC,Fixed Term,Active,LU936370,2031-07-27,YJ971842,2029-01-22,2027-08-26,2025-06-02
EMP0164-20260914_000059,Maria,Lloyd,jacquelineyoung@example.com,1997-02-08,+441632960027,"7 Frances Bypass
Bernardview
PH0 4LX",Female,Valleyview Mental Wellness NHS Trust,Mixed,United States,ILR,AHP,Radiographer,Surgery & Cancer,6,23.13,2025-09-11,2025-10-09,37.5,1.0,None,Bank,Active,TW929706,2030-09-04,JZ867745,2029-03-28,2026-11-26,2025-10-02
EMP0165-20260914_000059,Katie,Jones,gillmegan@example.net,1992-01-23,+44(0)1134960871,"992 Lisa Island
West Carolineport
LE8 3TL",Male,Riverside Integrated Care NHS Trust,Black,Jamaica,ILR,Medical,Registrar,Critical Care & Anaesthesia,SPR,34.34,2022-09-10,2022-10-08,30.0,0.8,None,Fixed Term,Suspended,OJ320053,2029-01-13,GG971347,2027-12-20,2027-02-02,2022-10-01
EMP0166-20260914_000059,Alan,Jackson,tracy35@example.org,1971-05-05,(029) 2018572,"Flat 30n
Norman Pines
Thompsonstad
G12 2ZL",Female,Northwood Mental Health NHS Trust,Mixed,Japan,ILR,Medical,SHO,Emergency & Urgent Care,SHO,26.1,2026-03-08,2026-04-05,30.0,0.8,HCPC,Bank,Inactive,AH663057,2029-02-19,MJ053343,2030-10-15,2027-02-27,2026-03-29
EMP0167-20260914_000059,Julia,Parker,geraldineboyle@example.net,1980-06-23,+44(0)1184960209,"Studio 45G
Joe Run
Port Benjaminhaven
KW2 4SD",Female,Hillcrest Medical Centres NHS Trust,White,Australia,Skilled Worker,Medical,GP,Corporate Services,GP,56.36,2026-02-22,2026-03-29,30.0,0.8,None,Permanent,Suspended,VI300105,2027-01-05,ZV948395,2029-03-14,2027-01-31,2026-03-15
EMP0168-20260914_000059,Alison,Marshall,taylorgillian@example.com,1973-08-27,0191 4960617,"Flat 61
Harris Stream
New Marc
N4W 3ZP",Female,Oakridge Community Services NHS Trust,White,Canada,Dependent,Nursing,Nursery Nurse,Corporate Services,2,12.7,2024-07-27,2024-08-24,37.5,1.0,None,Permanent,Inactive,KJ625595,2028-03-12,HQ065551,2028-09-06,2026-10-25,2024-08-17
EMP0169-20260914_000059,Francesca,Brown,griffinpeter@example.org,1997-07-30,(01632) 960044,"5 Natalie Turnpike
Port Alexandra
S2 4UL",Female,Northshire University Hospitals NHS Trust,White,United Kingdom,ILR,Medical,FY1/FY2,Emergency & Urgent Care,FY1,20.06,2020-07-07,2020-08-11,18.75,0.5,NMC,Bank,On Leave,IT884178,2029-02-11,TG280598,2028-04-07,2026-09-17,2020-07-28
EMP0170-20260914_000059,Teresa,Hussain,elainesmith@example.org,1983-08-14,+4420 74960793,"Studio 4
Webb Creek
Hollyside
S8 4PQ",Female,Greenhaven Acute & Specialist Care NHS Trust,Asian,Thailand,Skilled Worker,Admin,Data Analyst,Medicine & Acute Care,8A,32.94,2019-05-04,2019-06-15,20.0,0.53,GMC,Fixed Term,Suspended,BD782993,2030-09-19,BY410415,2030-01-23,2027-03-17,2019-05-25
EMP0171-20260914_000059,Amy,Carr,alexandra16@example.com,1964-01-16,(0118)4960588,"24 David Dale
Lake Davidtown
M1E 2YL",Male,Riverside Integrated Care NHS Trust,White,New Zealand,Skilled Worker,AHP,Occupational Therapist,Corporate Services,6,26.28,2020-04-26,2020-05-24,30.0,0.8,None,Fixed Term,Active,PO109621,2030-09-17,EO639138,2030-08-22,2027-06-28,2020-05-17
EMP0172-20260914_000059,Carly,Spencer,perryrachael@example.net,1989-02-02,(0113)4960136,"02 James Mission
Andrewsland
FK0 3DS",Female,Riverbank General Hospitals NHS Trust,White,United Kingdom,Dependent,Nursing,Staff Nurse,Critical Care & Anaesthesia,5,22.01,2026-01-04,2026-02-01,30.0,0.8,None,Permanent,Inactive,RM262417,2029-01-24,GK703422,2028-11-08,2027-09-07,2026-01-25
EMP0173-20260914_000059,Colin,Perry,saundersronald@example.net,1993-04-06,+44(0)28 9018763,"7 Wilson Junction
Knightbury
CM7A 7YD",Female,Westborough Acute Care NHS Trust,Asian,Japan,ILR,AHP,Physiotherapist,Medicine & Acute Care,6,27.19,2022-02-04,2022-03-04,18.75,0.5,None,Permanent,On Leave,WX672185,2026-10-27,ET611416,2030-02-26,2027-02-23,2022-02-25
EMP0174-20260914_000059,Tina,Moss,gillianjones@example.org,1996-03-19,+441632960559,"72 Gill Mountains
Shaunburgh
SR28 3WW",Male,Bluewater Community & Rehabilitation NHS Trust,White,New Zealand,ILR,Nursing,Charge Nurse,Clinical Support Services,7,28.22,2025-01-27,2025-03-03,18.75,0.5,HCPC,Bank,Active,FA997163,2031-09-11,MQ286312,2031-04-24,2026-12-26,2025-02-17
EMP0175-20260914_000059,Dennis,Porter,keithbarnes@example.org,2008-01-24,+44151 496 0196,"Studio 88K
Caroline Crescent
New Garethhaven
M18 4SZ",Female,Westborough Acute Care NHS Trust,White,United Kingdom,Skilled Worker,Nursing,Healthcare Assistant,Emergency & Urgent Care,2,13.56,2025-06-16,2025-07-21,18.75,0.5,NMC,Permanent,On Leave,YJ839395,2029-09-15,HY100892,2029-05-30,2027-08-14,2025-07-07
EMP0176-20260914_000059,Sophie,Ahmed,lawsonkerry@example.net,1987-03-23,0114 4960964,"290 Carly Views
Port Stanleyland
HP2 0JZ",Female,Horizon Integrated Health Partnership NHS Trust,White,United Kingdom,British Citizen,Medical,GP,Critical Care & Anaesthesia,GP,61.04,2023-01-11,2023-02-22,18.75,0.5,NMC,Permanent,On Leave,PM262806,2028-09-28,WU793346,2027-05-24,2027-02-04,2023-02-01
EMP0177-20260914_000059,Mary,Brady,naomismith@example.org,1978-12-06,01134960182,"5 Shaw Stravenue
West Michaelmouth
DL3 1LH",Female,Lakeside District Hospitals NHS Trust,Mixed,Barbados,Dependent,AHP,Speech Therapist,Medicine & Acute Care,6,26.4,2025-12-15,2026-01-26,20.0,0.53,NMC,Fixed Term,On Leave,TN022265,2027-10-19,AK691709,2027-10-01,2027-02-23,2026-01-05
EMP0178-20260914_000059,Maurice,Pearson,igibson@example.net,1996-04-27,+44(0)161 4960431,"Flat 8
Graham Island
Clarkeside
L8 9RW",Male,Riverbank General Hospitals NHS Trust,Mixed,United States,Dependent,Admin,Receptionist,Corporate Services,3,15.9,2024-03-26,2024-04-23,20.0,0.53,None,Fixed Term,On Leave,AJ019130,2030-02-23,OL922920,2029-09-29,2027-02-27,2024-04-16
EMP0179-20260914_000059,Liam,Dixon,holmesscott@example.com,1997-04-05,+441514960237,"Flat 95
Burrows Springs
O'Brienmouth
M6 5FF",Female,Horizon Integrated Health Partnership NHS Trust,Black,Barbados,British Citizen,Admin,Medical Secretary,Clinical Support Services,4,15.49,2025-01-02,2025-01-30,30.0,0.8,NMC,Fixed Term,Suspended,LT216238,2028-02-01,NC518802,2031-04-04,2027-07-09,2025-01-23
EMP0180-20260914_000059,Hilary,Lee,evansvictoria@example.org,1969-07-01,0191 498 0024,"Studio 92c
Dickinson Drives
New Brendaborough
AL05 6SG",Male,Eastmoor Teaching Hospitals NHS Trust,White,Canada,Dependent,AHP,Speech Therapist,Corporate Services,6,27.18,2016-09-24,2016-10-22,37.5,1.0,None,Bank,Inactive,UQ802384,2027-04-01,IG017060,2029-12-08,2026-12-21,2016-10-15
EMP0181-20260914_000059,Leon,Cooper,jaynehammond@example.net,1986-03-17,0141 4960354,"961 Bruce Junction
Jamietown
L16 7LE",Female,Broadfield Clinical Services NHS Trust,Mixed,Trinidad and Tobago,British Citizen,Admin,Receptionist,Medicine & Acute Care,3,13.51,2021-06-19,2021-07-31,20.0,0.53,HCPC,Bank,Inactive,JC936645,2029-11-06,OO989342,2027-06-26,2026-11-29,2021-07-10
EMP0182-20260914_000059,Samantha,Hayward,anthony86@example.com,1968-11-25,(0116)4960271,"Studio 11G
Glenn Bridge
New Naomistad
E4 6YZ",Female,Meadowbrook Community Health NHS Trust,White,United States,British Citizen,Medical,Registrar,Medicine & Acute Care,SPR,38.02,2017-12-14,2018-01-25,15.0,0.4,None,Permanent,Inactive,UN570701,2029-04-18,MG222319,2027-08-28,2027-07-26,2018-01-04
EMP0183-20260914_000059,Grace,Collins,marksmith@example.org,1970-06-14,0909 879 0811,"Flat 53
Bethan Trafficway
South Patrick
KA7Y 8LH",Male,Valleyview Mental Wellness NHS Trust,Black,Barbados,Skilled Worker,Nursing,Ward Manager,Medicine & Acute Care,8A,35.01,2024-11-18,2024-12-16,37.5,1.0,HCPC,Bank,Active,UX732785,2030-12-29,BV566672,2027-02-07,2027-08-13,2024-12-09
EMP0184-20260914_000059,Caroline,Kennedy,mathewwilliams@example.org,2001-09-27,+44141 4960902,"350 Bailey Harbors
Duncanport
W56 2WQ",Male,Riverside Integrated Care NHS Trust,White,United Kingdom,British Citizen,Admin,Receptionist,Medicine & Acute Care,3,13.57,2017-05-09,2017-06-20,18.75,0.5,GMC,Bank,Suspended,HS117066,2031-01-18,VX633888,2029-03-06,2027-07-13,2017-05-30
EMP0185-20260914_000059,Kieran,Brooks,thomas28@example.org,1979-09-06,(0151)4960974,"17 Liam Plaza
Colinmouth
PE9P 6SY",Male,Riverside Integrated Care NHS Trust,Mixed,Jamaica,Dependent,Medical,SHO,Emergency & Urgent Care,SHO,24.08,2019-09-21,2019-10-19,20.0,0.53,HCPC,Bank,Active,HO575891,2028-06-23,SF315380,2029-12-01,2027-01-21,2019-10-12
EMP0186-20260914_000059,Janet,Leonard,lesleywilson@example.com,1964-09-03,+44(0)117 4960066,"Flat 75
Jeffrey Stream
South Lorraineview
LD4 1JT",Male,Riverbank General Hospitals NHS Trust,Asian,Thailand,Skilled Worker,Nursing,Healthcare Assistant,Emergency & Urgent Care,2,12.57,2020-09-29,2020-10-27,37.5,1.0,NMC,Permanent,On Leave,DF899975,2027-05-31,ZV741359,2031-03-10,2026-10-02,2020-10-20
EMP0187-20260914_000059,Robin,Hewitt,irenewright@example.net,1974-04-17,01632 960 766,"Flat 36
Richards Camp
Jeanchester
CV8Y 4GB",Female,Westmere Community Health NHS Trust,Asian,Thailand,Skilled Worker,Medical,FY1/FY2,Clinical Support Services,FY1,21.16,2018-02-05,2018-03-19,20.0,0.53,None,Fixed Term,Inactive,KD092537,2031-04-08,QI562101,2028-03-25,2026-10-15,2018-02-26
EMP0188-20260914_000059,Lawrence,Williams,lmarshall@example.org,1990-09-18,01632 960 686,"Studio 52
Elliot Terrace
West Lisa
AL05 6AD",Male,Riverbank General Hospitals NHS Trust,Mixed,New Zealand,ILR,Medical,SHO,Women & Children,SHO,24.32,2025-04-08,2025-05-20,15.0,0.4,None,Bank,On Leave,BJ345284,2030-01-14,HI712996,2029-05-26,2026-10-11,2025-04-29
EMP0189-20260914_000059,Shaun,Hargreaves,amysmith@example.com,1985-09-27,0289018829,"6 Marcus Stream
Gouldburgh
OX83 7FN",Male,Midlands Central Hospitals NHS Trust,Asian,China,Skilled Worker,Medical,FY1/FY2,Critical Care & Anaesthesia,FY1,19.53,2017-08-18,2017-09-29,20.0,0.53,GMC,Fixed Term,Active,LC017264,2031-04-11,OZ336668,2031-05-06,2027-01-27,2017-09-08
EMP0190-20260914_000059,Bruce,James,doylegrace@example.org,1969-12-21,+44909 8790962,"Studio 59
Pugh Square
Saundersfurt
CO6X 8RY",Male,Westborough Acute Care NHS Trust,Mixed,New Zealand,Skilled Worker,Nursing,Charge Nurse,Corporate Services,7,30.13,2024-07-01,2024-07-29,30.0,0.8,NMC,Fixed Term,Active,LE927115,2030-09-03,SQ231042,2029-10-25,2027-02-23,2024-07-22
EMP0191-20260914_000059,Shirley,Parry,joannehayes@example.org,1985-12-16,+44(0)3069990573,"Studio 88
Joan Loaf
New Aaronberg
SL4 3UB",Male,Southgate Community & Mental Health NHS Trust,Mixed,Jamaica,ILR,Nursing,Staff Nurse,Critical Care & Anaesthesia,5,19.53,2025-01-28,2025-03-04,20.0,0.53,None,Fixed Term,On Leave,FZ113063,2028-08-02,GZ123912,2029-01-19,2026-10-12,2025-02-18
EMP0192-20260914_000059,Allan,Jones,rachaelrobinson@example.org,1962-08-28,09098790104,"Studio 47
Noble Parkway
Tracymouth
B26 1EZ",Female,Northwood Mental Health NHS Trust,Black,Kenya,British Citizen,Nursing,Healthcare Assistant,Emergency & Urgent Care,2,13.1,2021-12-15,2022-01-26,37.5,1.0,None,Bank,Active,HQ303673,2029-11-29,PN711722,2027-02-19,2027-07-03,2022-01-05
EMP0193-20260914_000059,Emily,Walsh,marilynhamilton@example.net,1975-11-14,+44(0)161 496 0470,"122 Potter Freeway
Smartshire
M4T 0FS",Female,Bluewater Community & Rehabilitation NHS Trust,Asian,Japan,ILR,AHP,Pharmacist,Emergency & Urgent Care,5,20.51,2016-10-28,2016-12-02,15.0,0.4,NMC,Fixed Term,Inactive,CH687815,2029-10-07,ZI806328,2031-05-21,2027-01-13,2016-11-18
EMP0194-20260914_000059,Scott,Watson,rfuller@example.org,1991-11-01,(0808)1570604,"874 Short Corner
Leonardton
B1 6FE",Male,Bluewater Community & Rehabilitation NHS Trust,Mixed,South Africa,ILR,Nursing,Senior Staff Nurse,Clinical Support Services,6,25.82,2022-01-23,2022-02-27,37.5,1.0,HCPC,Permanent,On Leave,CB303499,2028-10-07,GF848796,2027-08-09,2027-08-01,2022-02-13
EMP0195-20260914_000059,Sylvia,Moore,evansbruce@example.org,1966-02-28,+442074960105,"Flat 7
Dale Brooks
Janicechester
G4K 6ZZ",Female,Westmere Community Health NHS Trust,Mixed,New Zealand,British Citizen,Medical,Consultant,Emergency & Urgent Care,CONS,54.96,2021-09-02,2021-09-30,20.0,0.53,HCPC,Bank,On Leave,TD263475,2028-05-13,IY145383,2030-12-21,2026-12-04,2021-09-23
EMP0196-20260914_000059,Ashleigh,Burton,hughesjames@example.net,1998-03-17,+441314960868,"Flat 85
Clark Groves
Port Leahburgh
M7 4DU",Male,Broadfield Clinical Services NHS Trust,White,New Zealand,ILR,Medical,SHO,Emergency & Urgent Care,SHO,30.72,2026-07-08,2026-08-05,37.5,1.0,GMC,Bank,Active,KM627889,2030-08-02,YG282524,2029-08-06,2026-12-16,2026-07-29
EMP0197-20260914_000059,Ian,Jones,dhooper@example.com,1975-03-05,+44(0)1632 960 101,"9 Gary Forge
Port Lawrencemouth
DE9P 1DR",Male,Westmere Community Health NHS Trust,Mixed,Japan,Skilled Worker,Medical,GP,Surgery & Cancer,GP,54.87,2020-06-30,2020-07-28,30.0,0.8,None,Bank,Inactive,GB715878,2031-06-01,UD552174,2031-06-09,2027-04-20,2020-07-21
EMP0198-20260914_000059,Shaun,Field,tbrennan@example.com,1976-04-14,(0116)4960377,"Studio 7
Farrell Isle
Port Joanne
E1 6DY",Male,Westborough Acute Care NHS Trust,White,United Kingdom,Skilled Worker,Admin,Receptionist,Women & Children,3,14.49,2018-11-02,2018-11-30,30.0,0.8,None,Bank,Active,YL875951,2026-12-26,OU954616,2029-07-20,2026-11-18,2018-11-23
EMP0199-20260914_000059,Lucy,Chan,xjohnston@example.org,1963-08-23,(0909) 879 0990,"Studio 60t
Day Lock
Rogersborough
GU50 1YR",Male,Northshire University Hospitals NHS Trust,Asian,India,ILR,AHP,Occupational Therapist,Corporate Services,6,22.74,2021-04-15,2021-05-13,20.0,0.53,NMC,Permanent,Active,PZ671785,2028-12-30,NW313468,2028-09-05,2027-02-05,2021-05-06
EMP0200-20260914_000059,Gary,Harvey,leaharnold@example.com,1991-11-05,+44131 4960649,"Flat 56w
Debra Terrace
Port Mary
OX1X 1ZN",Female,Bluewater Community & Rehabilitation NHS Trust,White,United States,British Citizen,Nursing,Nursery Nurse,Clinical Support Services,2,13.04,2021-12-10,2022-01-07,15.0,0.4,GMC,Permanent,Suspended,TK427994,2028-04-29,NX804475,2028-09-14,2027-02-05,2021-12-31
EMP0201-20260914_000059,Nicole,Sanderson,tjohnson@example.net,1963-01-07,0292018283,"Flat 6
Jean Mount
West Norman
LA70 3ZA",Male,Northshire University Hospitals NHS Trust,White,United States,British Citizen,AHP,Speech Therapist,Medicine & Acute Care,6,24.49,2019-04-05,2019-05-10,37.5,1.0,NMC,Permanent,Active,WM847078,2031-01-07,OX372243,2030-07-27,2027-08-17,2019-04-26
EMP0202-20260914_000059,Roy,Warner,michelletaylor@example.com,1974-03-18,0113 4960843,"Studio 19K
Davies Dale
Johnmouth
M4 9EF",Male,Northshire University Hospitals NHS Trust,Mixed,Canada,Skilled Worker,AHP,Physiologist,Surgery & Cancer,6,23.43,2020-04-12,2020-05-17,15.0,0.4,GMC,Bank,Active,SB571010,2029-05-09,UW838165,2029-05-29,2026-10-20,2020-05-03
EMP0203-20260914_000059,Kayleigh,Cartwright,leighwhitehouse@example.org,1988-10-08,(0118) 4960413,"16 Kimberley Fields
East Guyport
LN15 9AT",Male,Southvale Hospitals NHS Trust,Black,Nigeria,ILR,Admin,Administrator,Women & Children,3,15.95,2021-03-20,2021-04-17,20.0,0.53,GMC,Fixed Term,Active,ZZ237280,2031-09-12,NX228408,2029-06-02,2027-06-29,2021-04-10
EMP0204-20260914_000059,Anthony,Simpson,wyoung@example.org,1975-09-08,(0191) 4960651,"56 Damien Circles
Hughesborough
S10 6DH",Male,Eastmoor Teaching Hospitals NHS Trust,Mixed,Canada,Skilled Worker,AHP,Radiographer,Surgery & Cancer,6,23.88,2017-10-13,2017-11-24,18.75,0.5,HCPC,Bank,Inactive,JU270364,2028-03-08,QT490170,2030-08-12,2026-11-28,2017-11-03
EMP0205-20260914_000059,Janet,Tucker,xherbert@example.com,2004-02-25,0117 4960713,"65 Gordon Drives
Smithborough
ME3P 1RN",Female,Greenhaven Acute & Specialist Care NHS Trust,Mixed,Thailand,ILR,Nursing,Ward Manager,Clinical Support Services,8A,32.81,2022-01-05,2022-02-02,37.5,1.0,HCPC,Fixed Term,On Leave,QF288341,2029-08-18,RP105232,2029-01-31,2026-11-19,2022-01-26
EMP0206-20260914_000059,Denis,Wilson,morganalex@example.org,2004-12-14,0121 496 0844,"657 Horton Grove
South Stanley
CF87 6LY",Male,Westborough Acute Care NHS Trust,Mixed,United States,Skilled Worker,AHP,Physiotherapist,Medicine & Acute Care,6,25.91,2018-08-18,2018-09-15,20.0,0.53,HCPC,Fixed Term,On Leave,SJ467851,2031-08-24,GM090069,2027-06-26,2027-08-26,2018-09-08
EMP0207-20260914_000059,Peter,Griffin,kroberts@example.net,1994-04-08,(028) 9018 0689,"39 Kemp Ville
North Yvonneville
G14 8TA",Female,Northshire University Hospitals NHS Trust,Asian,Thailand,Dependent,AHP,Physiologist,Women & Children,6,26.47,2025-01-23,2025-03-06,20.0,0.53,GMC,Bank,Suspended,HD888774,2026-11-27,LG534524,2027-06-24,2027-03-16,2025-02-13
EMP0208-20260914_000059,Deborah,Hart,lawrencekenneth@example.com,1968-11-17,+448081570775,"Studio 1
Tracey Manor
Lake Juliefurt
S6W 5QE",Male,Meadowbrook Community Health NHS Trust,White,New Zealand,ILR,Nursing,Ward Manager,Emergency & Urgent Care,8A,29.46,2026-01-05,2026-02-09,20.0,0.53,None,Bank,On Leave,FQ924839,2030-02-09,VI541164,2026-09-23,2027-06-27,2026-01-26
EMP0209-20260914_000059,Eleanor,King,knightjacob@example.com,1982-05-31,0131 4960374,"8 Cheryl Streets
South Alexburgh
BS3 7HF",Female,Bluewater Community & Rehabilitation NHS Trust,White,New Zealand,Dependent,AHP,Occupational Therapist,Clinical Support Services,6,25.04,2023-06-25,2023-08-06,30.0,0.8,None,Bank,Suspended,XK651039,2029-12-07,DJ760124,2028-03-07,2026-10-25,2023-07-16
EMP0210-20260914_000059,Natasha,Lees,stevencooper@example.com,1971-12-15,(0151)4960927,"Flat 62
Stewart Flat
South James
M0U 9XU",Male,Westmere Community Health NHS Trust,Black,Nigeria,British Citizen,AHP,Pharmacist,Emergency & Urgent Care,5,21.22,2022-04-16,2022-05-21,30.0,0.8,HCPC,Fixed Term,Inactive,FU880492,2031-05-22,JT044468,2030-08-11,2027-06-06,2022-05-07
EMP0211-20260914_000059,Beverley,Moss,daniel85@example.com,1988-02-17,(01632)960515,"Studio 91p
Norman Plains
Jonesmouth
FY6R 1JA",Female,Broadfield Clinical Services NHS Trust,White,Canada,British Citizen,Nursing,Ward Manager,Medicine & Acute Care,8A,33.7,2026-05-07,2026-06-18,37.5,1.0,NMC,Fixed Term,Suspended,KD326729,2030-11-19,SY727830,2027-07-12,2027-04-22,2026-05-28
EMP0212-20260914_000059,Kathleen,Holmes,slane@example.com,1974-06-30,0306 9990946,"088 Allen Skyway
Damianshire
SO41 0YU",Male,Riverbank General Hospitals NHS Trust,Black,Barbados,Skilled Worker,Nursing,Staff Nurse,Emergency & Urgent Care,5,19.2,2021-04-05,2021-05-17,37.5,1.0,NMC,Fixed Term,Active,MF443869,2029-01-28,JH137013,2030-02-01,2026-10-09,2021-04-26
EMP0213-20260914_000059,Leanne,Watson,haynesharry@example.org,2007-10-18,+44191 4960254,"Flat 1
Jordan Mount
Port Conor
B0 9EX",Male,Riverside Integrated Care NHS Trust,Asian,Thailand,British Citizen,Nursing,Healthcare Assistant,Critical Care & Anaesthesia,2,13.48,2020-12-17,2021-01-28,30.0,0.8,GMC,Fixed Term,Suspended,OX557359,2026-12-21,WL344447,2028-12-25,2027-06-01,2021-01-07
EMP0214-20260914_000059,Julian,Taylor,pgray@example.com,1983-01-08,(0118) 496 0848,"094 Fox Street
Leahfort
N4 3FX",Male,Eastfield Psychological Services NHS Trust,Mixed,United States,Skilled Worker,AHP,Radiographer,Surgery & Cancer,6,24.17,2025-10-20,2025-12-01,18.75,0.5,HCPC,Bank,Inactive,DN075715,2027-07-28,EM157164,2031-03-23,2027-03-10,2025-11-10
EMP0215-20260914_000059,Cheryl,Parsons,ascott@example.net,1986-06-10,+44(0)151 496 0971,"46 Nicholson Spring
Ritamouth
FK1Y 7EW",Female,Greenhaven Acute & Specialist Care NHS Trust,Asian,India,British Citizen,Medical,FY1/FY2,Corporate Services,FY1,20.28,2021-06-28,2021-08-09,15.0,0.4,GMC,Fixed Term,Active,MG655000,2031-06-09,UP157400,2029-09-26,2027-07-24,2021-07-19
EMP0216-20260914_000059,Carl,Jones,vrhodes@example.net,1984-11-03,(0115)4960528,"841 Barrett Fork
South Gillian
E6F 7BP",Male,Valleyview Mental Wellness NHS Trust,Black,Trinidad and Tobago,Skilled Worker,Medical,Consultant,Women & Children,CONS,62.19,2021-01-04,2021-02-01,30.0,0.8,GMC,Permanent,Active,ER213399,2027-07-30,IW569017,2030-07-03,2027-07-07,2021-01-25
EMP0217-20260914_000059,Valerie,Richards,kellybarry@example.com,1995-11-21,+44151 496 0964,"81 Beverley Hollow
Stephanietown
S0 0XZ",Male,Meadowbrook Community Health NHS Trust,Black,Barbados,Skilled Worker,Nursing,Ward Manager,Corporate Services,8A,32.79,2024-11-26,2024-12-24,30.0,0.8,NMC,Fixed Term,Suspended,ZA509961,2029-11-25,HV446636,2029-06-23,2027-02-06,2024-12-17
EMP0218-20260914_000059,Tracey,Steele,abdulparker@example.com,1964-08-30,+44(0)9098790437,"Flat 66
Myers Harbors
New Leonhaven
TR9W 1GD",Female,Broadfield Clinical Services NHS Trust,Black,Jamaica,British Citizen,Medical,Consultant,Medicine & Acute Care,CONS,57.56,2020-09-28,2020-10-26,37.5,1.0,HCPC,Permanent,Inactive,YT194788,2028-07-28,DH352428,2026-11-12,2027-05-19,2020-10-19
EMP0219-20260914_000059,Samuel,Hayes,jgibbons@example.org,1968-01-14,0118 4960082,"Studio 4
Naomi Drive
South Connor
MK08 4HU",Female,Meadowbrook Community Health NHS Trust,White,New Zealand,Dependent,Nursing,Ward Manager,Corporate Services,8A,32.71,2019-05-27,2019-06-24,15.0,0.4,None,Bank,Active,LK850302,2031-05-26,VE138663,2031-07-01,2027-04-14,2019-06-17
EMP0220-20260914_000059,Melanie,Wells,tonybrooks@example.net,1999-10-12,+44117 4960886,"Flat 6
Williams Cove
New Jasminetown
SP7N 1HH",Female,Greenhaven Acute & Specialist Care NHS Trust,Mixed,New Zealand,Skilled Worker,Nursing,Senior Staff Nurse,Women & Children,6,22.61,2018-02-15,2018-03-15,15.0,0.4,GMC,Bank,Inactive,SB813667,2027-01-23,NN496224,2027-04-05,2027-04-19,2018-03-08
EMP0221-20260914_000059,Kayleigh,Johnson,bensmith@example.org,1971-07-19,+44(0)29 2018098,"248 Bowen Station
Danielstad
HU78 6UL",Female,Riverside Integrated Care NHS Trust,Asian,China,Skilled Worker,Medical,SHO,Medicine & Acute Care,SHO,28.98,2025-10-15,2025-11-12,37.5,1.0,GMC,Permanent,Inactive,VH100832,2027-05-06,SY886722,2030-01-04,2027-08-13,2025-11-05
EMP0222-20260914_000059,Lindsey,Kennedy,denis27@example.com,2005-01-20,01632 960585,"Flat 29
Brown Stravenue
Brooksberg
G7K 8BT",Male,Meadowbrook Community Health NHS Trust,Black,South Africa,Skilled Worker,Admin,Receptionist,Critical Care & Anaesthesia,3,16.29,2018-02-15,2018-03-15,20.0,0.53,GMC,Bank,Active,XD960216,2029-11-13,UR038014,2028-12-25,2027-05-13,2018-03-08
EMP0223-20260914_000059,Leonard,Francis,maryclarke@example.com,1991-07-17,+44(0)191 496 0982,"Flat 65
Day Crossroad
Glennside
L3 7WT",Female,Greenhaven Acute & Specialist Care NHS Trust,White,United States,Dependent,Admin,Data Analyst,Critical Care & Anaesthesia,8A,34.2,2017-12-23,2018-01-20,20.0,0.53,NMC,Permanent,Active,QU065534,2030-09-07,HV194953,2030-05-27,2026-09-27,2018-01-13
EMP0224-20260914_000059,Linda,Baldwin,kaurjustin@example.com,1982-08-13,+44306 999 0049,"Flat 84z
Day Road
Deborahburgh
B66 3PN",Male,Midlands Central Hospitals NHS Trust,Asian,Japan,British Citizen,Medical,GP,Corporate Services,GP,48.41,2023-01-28,2023-02-25,18.75,0.5,GMC,Bank,Inactive,GH357374,2027-06-06,OG287637,2030-03-08,2027-01-30,2023-02-18
EMP0225-20260914_000059,Lynne,Johnson,dawn40@example.net,1963-02-08,+44116 496 0753,"Flat 41
Maria Parkway
Frederickmouth
RG7P 1GJ",Female,Southgate Community & Mental Health NHS Trust,Mixed,Barbados,Skilled Worker,Nursing,Staff Nurse,Medicine & Acute Care,5,20.37,2019-10-19,2019-11-30,20.0,0.53,NMC,Bank,Active,RW231394,2028-07-10,XR552270,2027-11-21,2026-11-13,2019-11-09
EMP0226-20260914_000059,Mark,Warren,ccollins@example.net,1996-10-22,+44121 496 0705,"Studio 37V
Elliot Trace
Henryville
HU6E 6BW",Female,Midlands Central Hospitals NHS Trust,Black,Barbados,ILR,Medical,Consultant,Emergency & Urgent Care,CONS,56.97,2020-12-23,2021-02-03,37.5,1.0,GMC,Fixed Term,Active,OV529740,2031-06-26,ZH858257,2028-03-21,2027-02-24,2021-01-13
EMP0227-20260914_000059,Guy,Nicholls,wrightroger@example.net,1996-07-27,0131 4960197,"07 Graham Ports
Port Natashamouth
W8 6HQ",Male,Meadowbrook Community Health NHS Trust,White,Australia,Skilled Worker,AHP,Speech Therapist,Surgery & Cancer,6,22.96,2024-03-25,2024-05-06,15.0,0.4,HCPC,Bank,On Leave,TZ700455,2029-07-24,EA208386,2027-06-01,2027-04-09,2024-04-15
EMP0228-20260914_000059,Christopher,Ryan,nbruce@example.com,1964-09-21,(0121) 496 0295,"57 Fisher Ridge
West Mohammedtown
L4 8YZ",Female,Southgate Community & Mental Health NHS Trust,Asian,Thailand,Skilled Worker,Medical,Registrar,Corporate Services,SPR,36.1,2020-03-21,2020-04-18,30.0,0.8,GMC,Fixed Term,Suspended,WW581464,2029-10-18,HZ797370,2027-08-28,2026-09-18,2020-04-11
EMP0229-20260914_000059,Mohamed,Harris,leonshort@example.com,2006-05-26,+4428 9018588,"0 Chapman Courts
Port Nicholas
NE35 9RQ",Male,Hillcrest Medical Centres NHS Trust,Mixed,Ghana,Dependent,AHP,Speech Therapist,Medicine & Acute Care,6,27.22,2020-01-31,2020-03-13,37.5,1.0,GMC,Bank,Suspended,XY585731,2031-05-27,DH905723,2027-02-04,2027-06-30,2020-02-21
EMP0230-20260914_000059,Jane,Stone,jroberts@example.net,2000-07-05,+44117 4960563,"3 Brown Neck
New Abbie
LE6 6FH",Male,Hillcrest Medical Centres NHS Trust,Asian,India,British Citizen,Nursing,Healthcare Assistant,Women & Children,2,12.34,2020-01-18,2020-02-29,30.0,0.8,HCPC,Fixed Term,Inactive,PF273587,2026-10-18,BQ003894,2030-03-28,2027-03-15,2020-02-08
EMP0231-20260914_000059,Elaine,Adams,pellis@example.com,1996-01-09,+44113 4960472,"098 Debra Loaf
Lyonsville
W24 8BD",Female,Eastfield Psychological Services NHS Trust,Asian,China,British Citizen,Nursing,Nursery Nurse,Women & Children,2,13.84,2021-02-10,2021-03-17,37.5,1.0,NMC,Bank,Active,JP228046,2031-06-11,SE478289,2031-07-08,2027-02-18,2021-03-03
EMP0232-20260914_000059,Elizabeth,Sutton,marion52@example.org,1989-05-28,+441632 960967,"Studio 19T
Brookes Light
Alishire
KT8 5TR",Female,Northshire University Hospitals NHS Trust,Mixed,Australia,ILR,Medical,Consultant,Medicine & Acute Care,CONS,55.29,2026-03-14,2026-04-11,15.0,0.4,NMC,Fixed Term,On Leave,TL245199,2028-10-16,LL459742,2026-10-15,2027-03-11,2026-04-04
EMP0233-20260914_000059,Gary,Bailey,bartlettedward@example.net,1973-04-23,+44(0)115 496 0931,"Flat 2
Ball Roads
Gavinville
L2F 5YL",Female,Eastmoor Teaching Hospitals NHS Trust,White,New Zealand,Skilled Worker,Nursing,Staff Nurse,Women & Children,5,22.84,2020-03-27,2020-05-08,37.5,1.0,GMC,Fixed Term,On Leave,AN250558,2027-10-24,DZ591568,2030-07-30,2027-05-08,2020-04-17
EMP0234-20260914_000059,Joyce,Myers,turnerneil@example.com,1991-07-11,028 9018 0113,"5 Kirsty Isle
East Kelly
M3K 1BF",Female,Hillcrest Medical Centres NHS Trust,White,New Zealand,Dependent,Admin,Receptionist,Surgery & Cancer,3,16.17,2026-07-28,2026-09-01,30.0,0.8,NMC,Permanent,On Leave,NJ417262,2029-07-17,ZG312429,2028-12-17,2027-03-01,2026-08-18
EMP0235-20260914_000059,Ben,Fletcher,deborahobrien@example.net,1986-02-11,(0161) 496 0065,"Studio 07B
Nash Shoals
Walkerchester
TQ06 2DS",Female,Riverbank General Hospitals NHS Trust,White,Canada,ILR,Nursing,Ward Manager,Corporate Services,8A,31.64,2020-07-26,2020-08-30,30.0,0.8,HCPC,Permanent,Suspended,CT481509,2030-05-05,RY349977,2030-09-20,2027-03-16,2020-08-16
EMP0236-20260914_000059,Paul,Mason,rbegum@example.net,1967-03-15,+44(0)121 4960758,"Studio 38
Bethany Union
Taylorton
PH55 7RP",Male,Valleyview Mental Wellness NHS Trust,Asian,Thailand,Dependent,Admin,Administrator,Medicine & Acute Care,3,16.4,2021-04-17,2021-05-22,18.75,0.5,HCPC,Bank,Inactive,ON377014,2027-01-28,TW747098,2029-06-01,2026-11-03,2021-05-08
EMP0237-20260914_000059,Wayne,Owens,atownsend@example.com,1966-03-17,0151 4960058,"8 Black Landing
West Susanfurt
PO85 0NY",Male,Northwood Mental Health NHS Trust,White,New Zealand,Dependent,Admin,Administrator,Surgery & Cancer,3,14.01,2018-06-27,2018-08-01,20.0,0.53,HCPC,Fixed Term,On Leave,PR326694,2026-11-04,TD410757,2029-03-14,2027-07-23,2018-07-18
EMP0238-20260914_000059,Tracy,Clark,aimee60@example.org,2000-08-31,01632 960 682,"Flat 6
Thorpe Highway
Port Maureen
SO93 3NS",Female,Northshire University Hospitals NHS Trust,White,New Zealand,British Citizen,Nursing,Staff Nurse,Emergency & Urgent Care,5,22.87,2021-11-22,2021-12-20,37.5,1.0,None,Bank,Suspended,EP554764,2029-07-02,OA224652,2029-03-01,2027-01-05,2021-12-13
EMP0239-20260914_000059,Gerald,Black,rhunt@example.com,1981-01-22,(0113) 4960001,"Studio 90i
Iain Green
South Francescaland
L5 9TX",Male,Riverside Integrated Care NHS Trust,White,United States,Dependent,Medical,FY1/FY2,Women & Children,FY1,19.57,2024-01-28,2024-03-10,18.75,0.5,NMC,Permanent,On Leave,DP979971,2029-01-07,AG317193,2029-09-01,2026-11-21,2024-02-18
EMP0240-20260914_000059,Frank,Carpenter,bethan00@example.net,1993-08-26,+44(0)306 999 0956,"Studio 97s
Russell Greens
Lake Francescafurt
G8 7NT",Female,Riverside Integrated Care NHS Trust,Asian,China,ILR,Medical,Consultant,Surgery & Cancer,CONS,50.06,2023-10-15,2023-11-26,18.75,0.5,HCPC,Bank,Inactive,GT254339,2029-09-06,TS624951,2029-04-30,2027-04-22,2023-11-05
EMP0241-20260914_000059,Benjamin,Gilbert,cooperlisa@example.org,1996-07-06,(01632)960943,"Flat 05
Bradley Shoal
Joelchester
WS6X 2JB",Female,Oakridge Community Services NHS Trust,Mixed,Japan,Skilled Worker,Nursing,Staff Nurse,Emergency & Urgent Care,5,20.62,2019-12-05,2020-01-02,30.0,0.8,GMC,Permanent,Inactive,RU280617,2026-11-03,XZ514733,2031-07-25,2027-02-24,2019-12-26
EMP0242-20260914_000059,Jake,Adams,bernard99@example.org,1999-10-30,+44121 4960101,"Studio 47
Gordon Village
Port Anna
EC1V 6DW",Female,Northshire University Hospitals NHS Trust,White,Canada,ILR,Nursing,Senior Staff Nurse,Women & Children,6,24.96,2022-04-16,2022-05-14,20.0,0.53,GMC,Permanent,Inactive,YS573071,2029-12-17,DK212406,2030-03-01,2027-09-07,2022-05-07
EMP0243-20260914_000059,Mohammad,Gardiner,parkinglen@example.com,1963-05-19,(0141) 4960619,"Flat 44
Ronald Ports
Lake Sianbury
S5 8RW",Female,Meadowbrook Community Health NHS Trust,White,United States,British Citizen,Nursing,Ward Manager,Clinical Support Services,8A,33.03,2025-11-04,2025-12-16,15.0,0.4,NMC,Fixed Term,On Leave,KG881885,2031-07-23,QG801799,2031-05-31,2027-03-31,2025-11-25
EMP0244-20260914_000059,Gerald,Hope,kingmartyn@example.org,1993-12-20,(029) 2018 0571,"31 Thomas Pine
Cliffordfort
PA0W 5AD",Female,Broadfield Clinical Services NHS Trust,Asian,India,ILR,Nursing,Nursery Nurse,Corporate Services,2,12.61,2018-11-19,2018-12-17,30.0,0.8,NMC,Permanent,Active,TS365748,2031-06-04,JJ776221,2026-09-20,2027-07-28,2018-12-10
EMP0245-20260914_000059,Ben,Long,joanlee@example.com,2003-06-18,+441184960867,"Studio 53T
Shirley Parks
Parkerside
BR6 4HR",Male,Westborough Acute Care NHS Trust,White,Australia,British Citizen,Admin,Data Analyst,Surgery & Cancer,8A,29.48,2025-11-28,2026-01-09,15.0,0.4,NMC,Permanent,Suspended,IK368038,2027-06-22,EA363047,2027-12-11,2027-09-04,2025-12-19
EMP0246-20260914_000059,Richard,Patel,phillip55@example.org,2007-12-17,0808 1570753,"66 Johnson River
South Stephen
L1 1SR",Male,Riverside Integrated Care NHS Trust,Black,Kenya,Dependent,Nursing,Staff Nurse,Emergency & Urgent Care,5,22.95,2022-10-17,2022-11-28,20.0,0.53,NMC,Bank,Suspended,PG858197,2027-09-02,DC721942,2028-10-24,2027-03-17,2022-11-07
EMP0247-20260914_000059,Abbie,Mills,aimee76@example.com,1971-10-31,(0909) 8790669,"Studio 38C
Wallace Walks
Frankland
TR7 6PX",Male,Riverside Integrated Care NHS Trust,Asian,India,Dependent,Admin,Administrator,Surgery & Cancer,3,15.69,2025-04-03,2025-05-01,18.75,0.5,NMC,Bank,Suspended,HJ364651,2030-07-26,DR485817,2028-01-17,2027-07-19,2025-04-24
EMP0248-20260914_000059,Sally,Watkins,arthur73@example.net,1978-12-27,+44(0)1134960584,"973 Kelly Inlet
Pattersonmouth
IP2H 8NE",Female,Westborough Acute Care NHS Trust,Mixed,United States,Skilled Worker,AHP,Occupational Therapist,Critical Care & Anaesthesia,6,24.09,2018-08-07,2018-09-04,20.0,0.53,NMC,Bank,Suspended,IQ918021,2030-11-11,EG369260,2027-10-23,2026-12-18,2018-08-28
EMP0249-20260914_000059,Jill,Collins,walkerhilary@example.com,2001-06-01,0808 1570993,"Studio 8
Woodward Wells
North Jackshire
G9 3NG",Female,Northwood Mental Health NHS Trust,White,United States,ILR,Admin,Data Analyst,Emergency & Urgent Care,8A,30.98,2018-05-10,2018-06-14,37.5,1.0,HCPC,Fixed Term,Active,IT728332,2026-12-21,GU000321,2030-12-26,2027-07-21,2018-05-31
EMP0250-20260914_000059,Oliver,Franklin,kaybethan@example.org,1991-02-10,+4420 7496 0757,"1 Turner Manors
Lake Joyce
L3C 9ZN",Female,Westmere Community Health NHS Trust,White,Canada,Dependent,AHP,Speech Therapist,Medicine & Acute Care,6,24.94,2024-09-10,2024-10-22,30.0,0.8,None,Bank,Active,BY044643,2029-06-17,ME871222,2027-04-04,2027-05-01,2024-10-01
EMP0251-20260914_000059,Kevin,Taylor,reece31@example.com,2005-07-08,+441514960276,"Flat 55Q
Bryan Estate
Leonardborough
LL8B 6DH",Male,Riverbank General Hospitals NHS Trust,White,New Zealand,Dependent,Medical,Consultant,Critical Care & Anaesthesia,CONS,71.25,2026-02-27,2026-04-03,30.0,0.8,None,Fixed Term,Suspended,UU196121,2027-07-27,XN063461,2031-04-06,2027-02-07,2026-03-20
EMP0252-20260914_000059,Sheila,Barrett,davieschristopher@example.net,1966-04-10,(0161) 496 0877,"Flat 3
Macdonald Gardens
Jamesshire
DL05 8RR",Female,Midlands Central Hospitals NHS Trust,White,New Zealand,Dependent,Admin,Data Analyst,Clinical Support Services,8A,30.65,2021-09-13,2021-10-11,37.5,1.0,HCPC,Bank,Suspended,XO456981,2029-05-29,PJ637290,2030-10-13,2027-03-24,2021-10-04
EMP0253-20260914_000059,Arthur,Reid,mariawilliams@example.com,1974-11-24,+44(0)1184960973,"74 Ball Station
Port Trevor
S9 2FR",Female,Bluewater Community & Rehabilitation NHS Trust,Mixed,United States,British Citizen,Admin,Receptionist,Critical Care & Anaesthesia,3,13.71,2017-08-29,2017-09-26,37.5,1.0,NMC,Bank,Active,LD104236,2031-02-23,WP117915,2027-03-18,2027-05-07,2017-09-19
EMP0254-20260914_000059,Jeremy,Thomas,bryan77@example.net,1987-12-03,(0116)4960511,"Flat 19
Stokes Landing
South Katie
DD89 9HG",Male,Midlands Central Hospitals NHS Trust,Asian,India,Dependent,Medical,GP,Corporate Services,GP,61.37,2019-04-23,2019-05-21,30.0,0.8,NMC,Fixed Term,Suspended,OF283057,2027-03-03,OV178823,2027-10-18,2026-12-08,2019-05-14
EMP0255-20260914_000059,Linda,Clark,stephenfry@example.com,1986-06-14,09098790541,"7 White Estate
North Cameronshire
S6U 7LJ",Female,Midlands Central Hospitals NHS Trust,White,Canada,Dependent,Nursing,Nursery Nurse,Corporate Services,2,13.95,2023-08-26,2023-10-07,20.0,0.53,NMC,Permanent,Active,DQ190976,2027-10-18,JZ434973,2026-10-26,2027-04-12,2023-09-16
EMP0256-20260914_000059,Jack,Robertson,gemma12@example.net,2003-06-04,0141 4960311,"Studio 3
Murray Spurs
North Gregoryside
L0G 1HY",Male,Midlands Central Hospitals NHS Trust,Asian,India,Dependent,AHP,Speech Therapist,Critical Care & Anaesthesia,6,22.87,2017-10-05,2017-11-09,20.0,0.53,NMC,Fixed Term,On Leave,OQ093484,2027-11-21,QX271736,2026-10-31,2027-05-28,2017-10-26
EMP0257-20260914_000059,Roger,Ward,tbrowne@example.net,2002-02-22,+4420 74960920,"Studio 83G
Burrows Ford
New Christine
G60 8EQ",Male,Bluewater Community & Rehabilitation NHS Trust,Mixed,United Kingdom,Dependent,AHP,Speech Therapist,Women & Children,6,24.13,2025-11-25,2025-12-30,30.0,0.8,GMC,Bank,Suspended,UL474972,2030-04-17,YH302112,2029-09-02,2026-11-14,2025-12-16
EMP0258-20260914_000059,Emma,Hope,molly09@example.com,1963-01-02,+44118 496 0954,"72 Gail Points
Lake Terenceshire
E25 1UL",Male,Meadowbrook Community Health NHS Trust,Black,Nigeria,Skilled Worker,Medical,Consultant,Clinical Support Services,CONS,66.91,2018-02-11,2018-03-11,15.0,0.4,HCPC,Bank,Active,LL859675,2027-03-19,IJ134469,2030-03-29,2027-01-05,2018-03-04
EMP0259-20260914_000059,Alison,Jackson,hstone@example.org,1993-11-13,+44191 4960882,"Flat 86D
Owen Estate
West Rachaelberg
N8 4NA",Male,Southvale Hospitals NHS Trust,White,Australia,British Citizen,Nursing,Nursery Nurse,Corporate Services,2,12.65,2022-05-28,2022-07-09,18.75,0.5,None,Fixed Term,Suspended,XL065832,2027-04-04,ZR777192,2029-06-25,2027-02-15,2022-06-18
EMP0260-20260914_000059,Mark,Burton,reedraymond@example.com,1964-09-23,(0114) 4960298,"0 Cooper Bridge
Wrightfurt
S9 4BZ",Female,Westborough Acute Care NHS Trust,Asian,India,ILR,Nursing,Staff Nurse,Women & Children,5,20.09,2025-06-12,2025-07-10,20.0,0.53,GMC,Fixed Term,Suspended,FX199709,2031-05-22,VA622409,2028-06-30,2027-05-15,2025-07-03
EMP0261-20260914_000059,Jack,Richards,harrisalan@example.com,1984-07-18,01144960218,"4 Nicholas Underpass
Port Bernard
NP7 8LU",Female,Bluewater Community & Rehabilitation NHS Trust,Asian,China,ILR,Nursing,Healthcare Assistant,Women & Children,2,14.32,2018-10-21,2018-11-25,15.0,0.4,NMC,Permanent,Inactive,AA903959,2027-03-10,CY173827,2027-07-14,2027-08-07,2018-11-11
EMP0262-20260914_000059,Debra,Smith,fowleraaron@example.com,2008-09-06,01514960742,"Studio 35R
Harding View
New Alexander
N15 1JE",Female,Northwood Mental Health NHS Trust,Asian,India,ILR,AHP,Physiotherapist,Emergency & Urgent Care,6,25.87,2023-08-01,2023-09-12,37.5,1.0,None,Fixed Term,Inactive,MX669587,2031-01-07,FX354520,2028-04-08,2026-11-28,2023-08-22
EMP0263-20260914_000059,Sara,Cooper,wayne49@example.com,1960-09-16,(0161) 496 0417,"92 Bradley Passage
Malcolmhaven
S9 4RU",Female,Eastfield Psychological Services NHS Trust,Asian,China,Skilled Worker,Nursing,Senior Staff Nurse,Critical Care & Anaesthesia,6,26.29,2022-08-04,2022-09-15,18.75,0.5,None,Bank,Active,ZQ196751,2028-11-28,IU881910,2029-07-06,2027-03-05,2022-08-25
EMP0264-20260914_000059,Martin,Stewart,allenlouis@example.org,1960-10-22,+44306 9990791,"91 Tracey Harbor
Bruceburgh
AL1P 7UL",Male,Riverside Integrated Care NHS Trust,Mixed,United Kingdom,British Citizen,Nursing,Ward Manager,Emergency & Urgent Care,8A,33.38,2019-02-12,2019-03-26,30.0,0.8,HCPC,Bank,Inactive,SQ270415,2027-10-30,DT578286,2028-11-03,2026-11-13,2019-03-05
EMP0265-20260914_000059,Shaun,Simpson,zjohnston@example.net,2001-07-18,(0115) 496 0509,"Studio 76P
Steele Spur
South Francesview
W9 4QJ",Male,Valleyview Mental Wellness NHS Trust,White,Australia,Skilled Worker,AHP,Occupational Therapist,Surgery & Cancer,6,27.86,2023-04-21,2023-06-02,18.75,0.5,NMC,Bank,Inactive,TV083983,2027-06-21,RC530668,2029-11-09,2027-01-23,2023-05-12
EMP0266-20260914_000059,Gary,Bradley,daviesryan@example.org,1976-01-31,+44808 1570274,"Studio 46
Dylan Burg
Lake Katherine
OL8 5BY",Female,Midlands Central Hospitals NHS Trust,White,Australia,ILR,Nursing,Senior Staff Nurse,Medicine & Acute Care,6,23.64,2019-02-27,2019-04-10,20.0,0.53,NMC,Bank,Inactive,WP524045,2030-04-22,XB703750,2029-10-19,2027-03-04,2019-03-20
EMP0267-20260914_000059,Georgia,Ford,twoods@example.net,1975-08-20,(0909) 879 0847,"Flat 9
Henry Ranch
Alanside
HP8 6SD",Male,Hillcrest Medical Centres NHS Trust,Mixed,South Africa,Skilled Worker,Nursing,Ward Manager,Women & Children,8A,35.82,2021-08-16,2021-09-27,15.0,0.4,None,Fixed Term,Suspended,EI035093,2031-03-25,EH395716,2030-06-13,2027-03-08,2021-09-06
EMP0268-20260914_000059,Catherine,Briggs,zparker@example.com,2003-08-29,+44118 496 0810,"130 Murray Neck
West Francesca
NP5W 7GL",Female,Greenhaven Acute & Specialist Care NHS Trust,Mixed,Japan,ILR,Admin,Administrator,Clinical Support Services,3,14.7,2023-04-12,2023-05-10,37.5,1.0,GMC,Permanent,Active,AV988118,2030-04-23,AH200915,2027-03-26,2027-01-30,2023-05-03
EMP0269-20260914_000059,Jacob,Walsh,cameron58@example.com,1984-09-15,(0151) 496 0353,"39 Tyler Fields
South Seanchester
OX86 6UN",Male,Eastmoor Teaching Hospitals NHS Trust,Black,Kenya,Dependent,AHP,Physiotherapist,Emergency & Urgent Care,6,24.46,2024-09-08,2024-10-13,15.0,0.4,GMC,Bank,Inactive,KM944268,2028-01-13,MG623798,2029-09-05,2026-09-19,2024-09-29
EMP0270-20260914_000059,Annette,Ashton,marcclayton@example.org,2008-07-07,+44(0)306 999 0501,"38 Fleming Parks
Craigburgh
KA19 2EW",Female,Westborough Acute Care NHS Trust,White,United States,ILR,AHP,Speech Therapist,Medicine & Acute Care,6,25.6,2020-10-04,2020-11-01,15.0,0.4,NMC,Fixed Term,Active,BN024557,2027-03-05,PI296640,2028-11-18,2027-08-06,2020-10-25
EMP0271-20260914_000059,Bryan,Moss,chall@example.com,1967-07-03,(0115) 496 0796,"530 Phillips Junction
Michaelville
E1 2RG",Female,Horizon Integrated Health Partnership NHS Trust,Asian,India,Dependent,AHP,Physiologist,Medicine & Acute Care,6,22.68,2018-12-26,2019-01-23,18.75,0.5,GMC,Bank,Suspended,XR274277,2031-02-26,GP980328,2030-11-29,2027-09-05,2019-01-16
EMP0272-20260914_000059,Christine,Spencer,martyn55@example.net,1968-04-02,+44(0)1164960612,"Flat 5
Amanda Corner
Port Angela
E85 0BH",Male,Lakeside District Hospitals NHS Trust,White,Australia,Dependent,AHP,Physiotherapist,Corporate Services,6,23.0,2025-08-26,2025-10-07,20.0,0.53,GMC,Fixed Term,Suspended,LK610199,2031-04-23,HX365009,2029-10-11,2027-04-15,2025-09-16
EMP0273-20260914_000059,Jayne,Williams,williamsgraham@example.org,2001-12-27,+44131 496 0942,"Studio 9
Briggs Point
North Bethany
SW48 6AD",Female,Southgate Community & Mental Health NHS Trust,Black,Trinidad and Tobago,British Citizen,Medical,GP,Emergency & Urgent Care,GP,46.56,2023-06-09,2023-07-14,15.0,0.4,NMC,Permanent,On Leave,YO254114,2030-04-02,BA434879,2027-04-01,2026-09-18,2023-06-30
EMP0274-20260914_000059,Roger,Walker,kieran54@example.com,1985-08-05,(0808) 157 0328,"2 Tom Falls
Lake Vincentland
NR9B 6NN",Female,Meadowbrook Community Health NHS Trust,Mixed,New Zealand,Dependent,AHP,Physiotherapist,Clinical Support Services,6,27.79,2020-05-21,2020-06-18,37.5,1.0,None,Fixed Term,Suspended,OO585229,2027-10-23,LD373379,2030-07-27,2027-06-27,2020-06-11
EMP0275-20260914_000059,Sandra,Nolan,gibsonkatherine@example.org,1975-11-17,+4429 2018 0909,"Flat 20L
Ross Oval
Kingview
G3U 5QS",Male,Valleyview Mental Wellness NHS Trust,Black,Kenya,ILR,Medical,Consultant,Clinical Support Services,CONS,62.44,2025-10-14,2025-11-18,15.0,0.4,HCPC,Bank,Active,WX498589,2031-04-12,KD805481,2031-01-19,2026-12-07,2025-11-04
EMP0276-20260914_000059,Carol,Sanderson,jeremyhumphreys@example.net,1992-08-08,+44114 496 0558,"644 Alice Place
New Wendy
B6U 9HZ",Female,Meadowbrook Community Health NHS Trust,Black,Jamaica,Skilled Worker,Medical,GP,Critical Care & Anaesthesia,GP,61.45,2019-05-24,2019-06-28,37.5,1.0,NMC,Fixed Term,On Leave,YY563919,2028-10-31,OY800007,2028-03-15,2027-01-03,2019-06-14
EMP0277-20260914_000059,Christian,Ferguson,nigel96@example.org,1961-04-19,+4428 9018467,"8 Stanley Villages
South Christian
SE2 8GZ",Male,Westborough Acute Care NHS Trust,Black,Barbados,Dependent,AHP,Speech Therapist,Medicine & Acute Care,6,26.94,2024-09-02,2024-10-07,30.0,0.8,NMC,Permanent,Suspended,EL470244,2030-07-20,UP982047,2030-06-11,2026-12-05,2024-09-23
EMP0278-20260914_000059,Helen,Shepherd,jaynejones@example.net,1979-10-12,+44161 496 0160,"994 Howard Centers
Annmouth
W0 5TY",Female,Horizon Integrated Health Partnership NHS Trust,White,Australia,Skilled Worker,Medical,Registrar,Women & Children,SPR,40.1,2016-12-21,2017-02-01,18.75,0.5,NMC,Bank,Active,EG654600,2031-05-26,QV444003,2030-06-07,2027-08-16,2017-01-11
EMP0279-20260914_000059,Sheila,Faulkner,plewis@example.net,1974-12-27,+44(0)808 1570635,"Studio 94c
Gregory Centers
New Lynnton
WR16 9JB",Female,Oakridge Community Services NHS Trust,Black,South Africa,British Citizen,AHP,Speech Therapist,Emergency & Urgent Care,6,25.04,2023-01-06,2023-02-17,20.0,0.53,GMC,Bank,On Leave,JQ758139,2028-11-18,FD905518,2026-10-23,2027-07-27,2023-01-27
EMP0280-20260914_000059,Maurice,Thompson,mandy81@example.net,1972-01-20,(0191)4960942,"Studio 00
Duncan Walk
Robertmouth
LU6B 0WX",Female,Westmere Community Health NHS Trust,Asian,Thailand,ILR,Medical,Registrar,Emergency & Urgent Care,SPR,39.92,2018-10-13,2018-11-17,30.0,0.8,NMC,Bank,On Leave,DS825979,2028-12-03,GX559091,2031-05-07,2026-10-04,2018-11-03
EMP0281-20260914_000059,Margaret,Power,danielturner@example.org,1974-03-08,+44121 496 0209,"8 Horton Spurs
Bakerville
ML96 3PA",Male,Bluewater Community & Rehabilitation NHS Trust,Asian,China,Skilled Worker,Medical,Registrar,Women & Children,SPR,41.95,2022-12-03,2022-12-31,15.0,0.4,None,Permanent,Suspended,PD389247,2031-02-21,EY834042,2031-07-22,2027-04-20,2022-12-24
EMP0282-20260914_000059,Kayleigh,Taylor,helen99@example.net,1997-11-10,(020) 74960754,"Studio 1
Hazel Street
Websterhaven
W8J 9QH",Male,Riverbank General Hospitals NHS Trust,Black,South Africa,ILR,Admin,Data Analyst,Corporate Services,8A,30.92,2025-04-16,2025-05-21,15.0,0.4,GMC,Fixed Term,Inactive,HD098043,2027-05-18,KZ567090,2029-06-12,2027-04-16,2025-05-07
EMP0283-20260914_000059,Gordon,Sullivan,waynelawrence@example.net,1975-08-06,01632960160,"Flat 0
Lamb Grove
Khanmouth
BL51 6DB",Female,Westborough Acute Care NHS Trust,White,Canada,Skilled Worker,Admin,Receptionist,Clinical Support Services,3,16.1,2019-01-29,2019-03-05,37.5,1.0,NMC,Fixed Term,Suspended,PW942747,2030-01-15,DJ524405,2027-03-31,2027-06-01,2019-02-19
EMP0284-20260914_000059,Elaine,Gregory,sandrarogers@example.org,1969-07-24,0115 4960413,"Flat 00
Louis Route
Wilkinsonville
G75 1TY",Female,Midlands Central Hospitals NHS Trust,Black,Ghana,Dependent,Nursing,Staff Nurse,Critical Care & Anaesthesia,5,19.5,2020-09-16,2020-10-28,20.0,0.53,GMC,Bank,Suspended,FA814604,2031-08-11,GF240965,2028-07-21,2027-04-22,2020-10-07
EMP0285-20260914_000059,Rosie,Williams,cwilliams@example.net,1966-04-30,01134960167,"Studio 9
Aimee Roads
New Angelaberg
M4 8ST",Female,Midlands Central Hospitals NHS Trust,Black,Nigeria,Dependent,Nursing,Ward Manager,Corporate Services,8A,34.65,2017-11-21,2017-12-26,15.0,0.4,HCPC,Bank,Inactive,YG823774,2029-11-04,WZ720696,2027-04-25,2027-04-29,2017-12-12
EMP0286-20260914_000059,Iain,Stewart,yvonnelane@example.org,1964-07-02,01144960286,"5 Eileen Courts
Port Kim
M18 5HA",Male,Greenhaven Acute & Specialist Care NHS Trust,Asian,India,British Citizen,Admin,Administrator,Surgery & Cancer,3,14.08,2024-09-15,2024-10-13,15.0,0.4,HCPC,Fixed Term,On Leave,ZB223614,2031-05-10,QQ907475,2030-12-13,2027-02-06,2024-10-06
EMP0287-20260914_000059,Patricia,Elliott,bfletcher@example.org,1997-06-10,(0116) 496 0869,"881 Shaw Lodge
New Henry
S0 2SH",Male,Eastmoor Teaching Hospitals NHS Trust,White,Canada,Dependent,Medical,GP,Surgery & Cancer,GP,49.79,2016-09-28,2016-11-09,15.0,0.4,None,Bank,On Leave,YH078820,2028-04-19,MY310985,2027-03-31,2026-10-29,2016-10-19
EMP0288-20260914_000059,Caroline,Jones,gwells@example.org,1967-03-28,(028) 9018 0069,"Flat 33
Lynn Underpass
Jonesfort
E6T 0EZ",Female,Northwood Mental Health NHS Trust,Asian,India,British Citizen,AHP,Radiographer,Emergency & Urgent Care,6,23.96,2021-06-30,2021-08-04,20.0,0.53,GMC,Fixed Term,Active,AI683478,2030-03-13,UN171214,2028-03-25,2026-12-26,2021-07-21
EMP0289-20260914_000059,Teresa,Watkins,xwarner@example.com,2004-02-11,+4428 9018 0041,"Studio 2
Heather Hill
West Hughburgh
G96 7BS",Male,Horizon Integrated Health Partnership NHS Trust,Mixed,United Kingdom,Skilled Worker,Admin,Medical Secretary,Surgery & Cancer,4,16.52,2019-01-22,2019-02-19,15.0,0.4,GMC,Bank,Inactive,BU117168,2026-10-19,BC075494,2030-10-12,2027-07-06,2019-02-12
EMP0290-20260914_000059,Judith,Ryan,richardjones@example.net,1975-12-14,(0161) 4960005,"Studio 70
Laura Flat
Lake Janet
TN00 6JW",Male,Westborough Acute Care NHS Trust,Mixed,Trinidad and Tobago,Skilled Worker,Nursing,Nursery Nurse,Women & Children,2,12.59,2020-12-26,2021-01-30,15.0,0.4,HCPC,Bank,Active,WF013449,2027-03-01,OD643665,2028-07-14,2027-08-07,2021-01-16
EMP0291-20260914_000059,Samantha,Higgins,obrown@example.org,2002-07-16,+44(0)131 496 0422,"512 Adams Mission
Jenniferton
N6 6XX",Male,Hillcrest Medical Centres NHS Trust,White,Canada,Skilled Worker,Admin,Data Analyst,Corporate Services,8A,34.1,2018-05-12,2018-06-23,18.75,0.5,HCPC,Bank,On Leave,BR940805,2026-10-07,TK487054,2027-07-26,2027-05-14,2018-06-02
EMP0292-20260914_000059,Benjamin,Doyle,thomas51@example.com,2004-03-22,(020)74960939,"245 Bennett Cliff
Port Patricia
W0 7WU",Female,Oakridge Community Services NHS Trust,Black,Trinidad and Tobago,Skilled Worker,AHP,Speech Therapist,Medicine & Acute Care,6,23.21,2016-11-13,2016-12-11,37.5,1.0,HCPC,Bank,Active,ET189655,2030-01-16,GV553925,2031-05-22,2027-03-02,2016-12-04
EMP0293-20260914_000059,Deborah,Jones,antony59@example.com,1978-10-31,+44(0)28 9018 0333,"Flat 44Z
Terry Harbors
Kimberleychester
EN5R 3SD",Female,Greenhaven Acute & Specialist Care NHS Trust,Mixed,South Africa,Skilled Worker,Admin,Medical Secretary,Corporate Services,4,15.75,2023-04-15,2023-05-20,37.5,1.0,None,Fixed Term,Suspended,PR167816,2031-07-07,ZQ859738,2031-08-19,2027-03-27,2023-05-06
EMP0294-20260914_000059,Nathan,Robinson,pamela85@example.net,1982-09-17,(0141)4960777,"Studio 9
Katherine Points
Lake Margaret
B5 2WR",Female,Meadowbrook Community Health NHS Trust,Mixed,Ghana,Skilled Worker,Nursing,Charge Nurse,Surgery & Cancer,7,31.08,2025-01-01,2025-01-29,20.0,0.53,GMC,Bank,Inactive,JN717979,2030-08-30,TS760855,2030-04-10,2027-05-31,2025-01-22
EMP0295-20260914_000059,Joan,Moss,jwillis@example.net,2001-09-15,0118 496 0632,"1 Aimee Roads
Port Ashleymouth
ML8H 3ZN",Female,Eastmoor Teaching Hospitals NHS Trust,Asian,Thailand,Dependent,Medical,FY1/FY2,Critical Care & Anaesthesia,FY1,19.43,2018-06-25,2018-07-30,20.0,0.53,HCPC,Bank,On Leave,QJ304220,2031-01-11,LV822751,2027-02-05,2027-03-20,2018-07-16
EMP0296-20260914_000059,Danny,Smith,rileykimberley@example.org,1988-08-11,+44(0)1632 960924,"45 Julia Plain
South Denis
IM9 2QT",Female,Eastmoor Teaching Hospitals NHS Trust,Asian,Thailand,Dependent,Admin,Data Analyst,Emergency & Urgent Care,8A,29.64,2018-11-11,2018-12-23,18.75,0.5,NMC,Permanent,Suspended,TJ470023,2031-05-11,PK599848,2029-05-14,2026-10-29,2018-12-02
EMP0297-20260914_000059,Craig,Morris,julia32@example.org,1993-02-10,020 7946 0306,"28 Jonathan Cove
West Andreaburgh
LN11 1DB",Female,Westmere Community Health NHS Trust,Asian,China,ILR,Nursing,Ward Manager,Clinical Support Services,8A,30.83,2018-03-22,2018-05-03,15.0,0.4,NMC,Bank,Inactive,IL874635,2027-04-08,VQ147495,2028-07-22,2027-06-23,2018-04-12
EMP0298-20260914_000059,Jill,Berry,zfreeman@example.org,1984-09-30,+44(0)1414960035,"77 Hall Coves
Collinsberg
SP7P 2GN",Female,Greenhaven Acute & Specialist Care NHS Trust,Asian,India,British Citizen,Admin,Administrator,Surgery & Cancer,3,13.5,2020-09-04,2020-10-09,37.5,1.0,GMC,Fixed Term,On Leave,LW521603,2026-11-05,GQ462075,2030-08-31,2027-01-30,2020-09-25
EMP0299-20260914_000059,Catherine,Wall,thomas15@example.com,1985-11-18,+44121 4960169,"408 Joyce Stravenue
Jonesport
CM0 2LJ",Male,Riverside Integrated Care NHS Trust,White,Canada,Dependent,Medical,Registrar,Surgery & Cancer,SPR,36.24,2023-01-21,2023-03-04,18.75,0.5,GMC,Bank,On Leave,HY514143,2031-02-12,EK293843,2030-11-14,2027-05-17,2023-02-11
EMP0300-20260914_000059,Joe,Miles,stanleymyers@example.org,1962-11-22,+44(0)121 496 0708,"08 Olivia Run
New Daniel
B7K 2QU",Female,Broadfield Clinical Services NHS Trust,White,United States,ILR,Medical,Registrar,Critical Care & Anaesthesia,SPR,43.19,2018-03-20,2018-05-01,20.0,0.53,NMC,Permanent,Inactive,GI817646,2031-01-29,CY408715,2027-05-14,2027-08-29,2018-04-10
EMP0301-20260914_000059,Fiona,Hughes,annmorris@example.net,1985-02-14,+44(0)1154960342,"Flat 52
Reece Rapids
Willisshire
RM1 5QQ",Male,Lakeside District Hospitals NHS Trust,Mixed,Ghana,ILR,Medical,Consultant,Medicine & Acute Care,CONS,66.65,2021-04-25,2021-05-30,20.0,0.53,NMC,Fixed Term,On Leave,WE199704,2031-05-11,US506905,2029-01-22,2027-08-18,2021-05-16
EMP0302-20260914_000059,Donald,Smith,twalsh@example.com,2003-06-21,+44(0)1632 960545,"2 Vanessa Underpass
Dominicfort
S9 5QQ",Female,Greenhaven Acute & Specialist Care NHS Trust,Black,Ghana,Skilled Worker,Admin,Receptionist,Emergency & Urgent Care,3,14.73,2026-09-10,2026-10-08,20.0,0.53,HCPC,Bank,Active,QJ103390,2027-06-15,AC249855,2031-04-05,2027-05-29,2026-10-01
EMP0303-20260914_000059,Russell,Ellis,daviesfrank@example.com,1985-07-09,+44131 4960470,"Flat 86
Jamie Hills
Port Karl
S5 9TD",Male,Eastfield Psychological Services NHS Trust,Mixed,South Africa,Dependent,Admin,Administrator,Corporate Services,3,14.2,2022-06-11,2022-07-16,20.0,0.53,NMC,Fixed Term,Inactive,MG720141,2031-07-07,PP870638,2028-01-20,2027-06-14,2022-07-02
EMP0304-20260914_000059,Shannon,Parkin,sean02@example.net,2005-01-05,+4429 2018 0960,"Studio 3
Gillian Haven
Hannahton
LS08 0BD",Female,Broadfield Clinical Services NHS Trust,Black,Kenya,ILR,Medical,FY1/FY2,Emergency & Urgent Care,FY1,20.54,2025-10-11,2025-11-15,15.0,0.4,NMC,Permanent,Inactive,LH461776,2026-12-18,WX114543,2029-06-28,2026-11-30,2025-11-01
EMP0305-20260914_000059,Joan,Webster,varmstrong@example.com,1981-11-21,0121 496 0692,"Studio 0
Stewart Run
Lake Jade
M3 3HJ",Male,Eastmoor Teaching Hospitals NHS Trust,White,New Zealand,ILR,Medical,FY1/FY2,Medicine & Acute Care,FY1,20.04,2022-07-23,2022-08-20,37.5,1.0,None,Fixed Term,On Leave,MP446916,2030-04-26,MY680985,2028-01-28,2027-01-27,2022-08-13
EMP0306-20260914_000059,Cameron,Hamilton,williamsroger@example.org,2007-01-14,+44292018539,"Studio 73v
Roberts Stream
Howardside
B21 5DZ",Female,Northshire University Hospitals NHS Trust,Mixed,Nigeria,Dependent,Admin,Receptionist,Women & Children,3,16.26,2020-02-08,2020-03-21,30.0,0.8,None,Fixed Term,Suspended,RF797664,2029-10-09,KL578632,2030-09-02,2027-03-10,2020-02-29
EMP0307-20260914_000059,Neil,John,maxcooper@example.com,2005-08-08,+44(0)29 2018 0241,"763 Dominic Route
West Kyle
OL6N 5YT",Male,Eastmoor Teaching Hospitals NHS Trust,Mixed,Nigeria,ILR,Medical,FY1/FY2,Clinical Support Services,FY1,19.16,2017-05-23,2017-06-27,15.0,0.4,None,Bank,Inactive,MJ635681,2028-08-05,EW793392,2028-08-29,2027-03-26,2017-06-13
EMP0308-20260914_000059,Lindsey,Ryan,adrian11@example.net,1987-04-02,+44(0)114 496 0610,"89 Powell Islands
Morrisbury
M0 1SR",Male,Southvale Hospitals NHS Trust,Black,Ghana,Skilled Worker,AHP,Occupational Therapist,Critical Care & Anaesthesia,6,25.27,2022-10-20,2022-11-24,18.75,0.5,GMC,Bank,Active,FW309898,2028-06-23,GP595968,2027-12-14,2027-08-31,2022-11-10
EMP0309-20260914_000059,Denis,O'Brien,grichards@example.org,1988-08-10,+44(0)909 879 0535,"Flat 45q
Holt Rest
South Derek
M6U 0LD",Male,Oakridge Community Services NHS Trust,White,New Zealand,ILR,Admin,Receptionist,Women & Children,3,14.87,2024-08-07,2024-09-11,15.0,0.4,GMC,Bank,Active,RI918883,2031-07-02,CT875557,2028-11-12,2027-03-01,2024-08-28
EMP0310-20260914_000059,Joanne,Palmer,clive57@example.org,1967-06-23,(0117) 496 0153,"1 Moore Route
West Alexview
IP33 0TU",Male,Westmere Community Health NHS Trust,Mixed,Canada,ILR,AHP,Physiotherapist,Emergency & Urgent Care,6,24.26,2025-08-11,2025-09-08,37.5,1.0,GMC,Bank,Active,HO533600,2026-12-30,HO539570,2029-04-18,2026-11-17,2025-09-01
EMP0311-20260914_000059,Yvonne,Morley,robert45@example.org,1989-03-25,+44(0)289018256,"339 Cameron Plains
East Alexandra
TD5W 8SS",Female,Riverside Integrated Care NHS Trust,White,New Zealand,Dependent,Admin,Medical Secretary,Corporate Services,4,17.83,2022-11-17,2022-12-22,18.75,0.5,NMC,Bank,On Leave,AO138984,2027-11-08,VY858521,2029-03-05,2027-06-03,2022-12-08
EMP0312-20260914_000059,Marc,Fry,georgina12@example.net,1989-07-02,0289018260,"Studio 3
Todd Landing
East Dorothyberg
KA92 9UU",Female,Eastfield Psychological Services NHS Trust,White,United Kingdom,ILR,Admin,Administrator,Critical Care & Anaesthesia,3,14.38,2016-09-24,2016-10-29,15.0,0.4,HCPC,Fixed Term,Active,JP194366,2028-04-21,GB432237,2030-01-20,2027-06-25,2016-10-15
EMP0313-20260914_000059,Lesley,Smith,rjames@example.org,1965-03-27,028 9018782,"Studio 4
Cooper Hollow
Denisland
PL7 2SB",Female,Hillcrest Medical Centres NHS Trust,Mixed,Jamaica,British Citizen,Nursing,Ward Manager,Surgery & Cancer,8A,29.53,2019-08-10,2019-09-14,37.5,1.0,NMC,Permanent,Active,TK818291,2028-03-28,XS607007,2031-04-23,2026-11-04,2019-08-31
EMP0314-20260914_000059,Ross,Ward,obell@example.org,1997-02-12,(020)74960033,"Studio 05
Green Estates
Millerberg
TS6W 1BL",Female,Broadfield Clinical Services NHS Trust,White,United States,ILR,AHP,Physiotherapist,Surgery & Cancer,6,27.75,2026-06-25,2026-07-23,37.5,1.0,GMC,Bank,Active,HQ080009,2031-07-06,JK695927,2031-05-14,2027-01-04,2026-07-16
EMP0315-20260914_000059,Kirsty,Walker,ricky70@example.org,1988-04-24,+44(0)808 1570281,"Studio 84
Williams Unions
North Barry
S9 6FL",Male,Valleyview Mental Wellness NHS Trust,White,Canada,ILR,AHP,Physiologist,Women & Children,6,23.28,2019-10-17,2019-11-14,30.0,0.8,NMC,Fixed Term,Suspended,HG099783,2029-04-29,AT770949,2027-02-27,2027-02-11,2019-11-07
EMP0316-20260914_000059,Chelsea,Holt,kperkins@example.com,1994-08-25,+44808 1570689,"28 Keith Mall
Port Toby
L85 4QY",Male,Oakridge Community Services NHS Trust,Mixed,Trinidad and Tobago,Dependent,Nursing,Staff Nurse,Corporate Services,5,19.61,2026-08-12,2026-09-16,18.75,0.5,NMC,Fixed Term,Active,RP811900,2028-03-11,NH465741,2028-11-15,2027-07-20,2026-09-02
EMP0317-20260914_000059,Bethany,Evans,xwilson@example.org,1976-02-13,+44(0)151 496 0272,"100 Alexander Tunnel
Jamesside
TF3 4GB",Female,Lakeside District Hospitals NHS Trust,Black,Jamaica,Dependent,Nursing,Nursery Nurse,Surgery & Cancer,2,14.03,2024-10-03,2024-10-31,18.75,0.5,GMC,Permanent,On Leave,IY231333,2026-11-14,YA475548,2030-01-24,2027-04-26,2024-10-24
EMP0318-20260914_000059,Jasmine,Thorpe,qsmith@example.com,1973-02-03,+44(0)118 496 0844,"Studio 87N
Spencer Vista
Joelberg
N11 3BE",Female,Broadfield Clinical Services NHS Trust,White,Canada,Dependent,Nursing,Ward Manager,Surgery & Cancer,8A,34.8,2022-04-06,2022-05-04,20.0,0.53,NMC,Bank,Inactive,ZX085653,2028-09-28,TW565724,2028-07-13,2027-06-26,2022-04-27
EMP0319-20260914_000059,Sian,Price,wcraig@example.net,1961-01-22,+44(0)9098790929,"422 Hannah Flats
Charlesborough
HA99 2XR",Male,Westmere Community Health NHS Trust,Asian,India,ILR,Admin,Receptionist,Emergency & Urgent Care,3,14.71,2020-05-13,2020-06-10,20.0,0.53,NMC,Fixed Term,Suspended,QV398053,2028-01-21,OJ432134,2028-10-15,2027-07-28,2020-06-03
EMP0320-20260914_000059,Jennifer,Ball,mstanley@example.org,1973-10-15,+44(0)9098790437,"53 Rachel Estate
Wilsonland
W55 2RS",Male,Northshire University Hospitals NHS Trust,Mixed,China,Skilled Worker,Medical,FY1/FY2,Corporate Services,FY1,19.78,2022-02-12,2022-03-12,30.0,0.8,NMC,Bank,On Leave,JL789936,2029-04-25,GM974570,2029-02-22,2027-06-24,2022-03-05
EMP0321-20260914_000059,Carole,Smith,proberts@example.org,1989-03-30,(0808) 1570224,"Flat 10W
Leanne Radial
Lloydfurt
M98 6RS",Female,Riverbank General Hospitals NHS Trust,Mixed,South Africa,Dependent,Medical,SHO,Clinical Support Services,SHO,29.27,2024-12-30,2025-02-10,18.75,0.5,None,Bank,Suspended,VN001924,2030-09-20,OY590836,2031-06-01,2027-03-14,2025-01-20
EMP0322-20260914_000059,Oliver,Jennings,carolynmclean@example.net,1994-07-28,0141 496 0307,"Studio 30h
Hannah Mountains
Port Joannetown
SW5 3BQ",Female,Eastfield Psychological Services NHS Trust,Black,Barbados,Dependent,AHP,Pharmacist,Critical Care & Anaesthesia,5,19.42,2021-06-13,2021-07-18,37.5,1.0,GMC,Fixed Term,Suspended,LO000969,2028-05-29,WG940443,2029-06-21,2027-03-01,2021-07-04
EMP0323-20260914_000059,Eleanor,Cross,nathan80@example.org,1966-01-22,+44(0)118 4960944,"Flat 52s
Foster Ports
Morrisside
G1J 9JB",Male,Eastmoor Teaching Hospitals NHS Trust,Mixed,Australia,ILR,Nursing,Staff Nurse,Clinical Support Services,5,20.23,2024-09-10,2024-10-15,30.0,0.8,NMC,Permanent,Active,TS310543,2027-01-08,OQ666027,2027-10-22,2027-03-02,2024-10-01
EMP0324-20260914_000059,Marc,Ford,patelcatherine@example.com,2002-08-05,+44306 9990812,"68 Heath Plaza
Singhchester
G1D 9LD",Male,Meadowbrook Community Health NHS Trust,Black,Nigeria,Dependent,Admin,Data Analyst,Emergency & Urgent Care,8A,32.43,2020-07-17,2020-08-28,18.75,0.5,HCPC,Permanent,Active,MH601876,2027-03-05,BF983838,2029-03-15,2027-07-25,2020-08-07
EMP0325-20260914_000059,Rebecca,Taylor,marianclarke@example.net,2002-10-16,(01632) 960041,"2 Wilson Villages
Gillianberg
CT55 5NW",Male,Hillcrest Medical Centres NHS Trust,Asian,Japan,Dependent,Medical,SHO,Women & Children,SHO,25.13,2024-01-25,2024-03-07,15.0,0.4,NMC,Permanent,On Leave,WL627057,2031-06-11,QN218003,2027-04-12,2027-08-14,2024-02-15
EMP0326-20260914_000059,Mathew,Taylor,beverleyjones@example.net,1973-01-06,(0131) 496 0593,"Flat 0
Haynes Spur
Elaineside
L8J 2EG",Male,Meadowbrook Community Health NHS Trust,Mixed,New Zealand,Skilled Worker,Nursing,Nursery Nurse,Medicine & Acute Care,2,12.96,2017-08-18,2017-09-15,20.0,0.53,None,Bank,Active,NL418388,2029-09-13,EV277708,2028-01-21,2027-04-03,2017-09-08
EMP0327-20260914_000059,Graeme,Hughes,owilliams@example.net,1977-07-12,+44141 4960678,"451 Dominic Inlet
Jonesberg
WC7Y 6HX",Male,Riverside Integrated Care NHS Trust,Black,Jamaica,British Citizen,Admin,Medical Secretary,Clinical Support Services,4,16.85,2026-05-07,2026-06-11,30.0,0.8,NMC,Permanent,Active,NB518560,2029-07-05,XK254855,2030-07-30,2027-04-30,2026-05-28
EMP0328-20260914_000059,Kerry,Robinson,ycollins@example.net,1967-12-04,01614960981,"011 Mitchell Knolls
New Graemetown
W75 1BS",Male,Eastfield Psychological Services NHS Trust,Asian,Thailand,Dependent,Admin,Receptionist,Surgery & Cancer,3,16.4,2023-08-29,2023-10-10,18.75,0.5,HCPC,Fixed Term,Suspended,EF005712,2028-09-07,UH331208,2027-09-12,2027-07-27,2023-09-19
EMP0329-20260914_000059,Kate,Dean,pgriffiths@example.net,1969-01-06,+44(0)20 74960167,"896 Mohammad Run
South Samuelborough
GL0 1QE",Male,Greenhaven Acute & Specialist Care NHS Trust,Mixed,United States,Skilled Worker,Admin,Data Analyst,Medicine & Acute Care,8A,32.37,2017-05-27,2017-06-24,30.0,0.8,None,Permanent,Inactive,MT560167,2028-05-23,FD665848,2027-05-27,2027-01-20,2017-06-17
EMP0330-20260914_000059,Ashley,Clark,rhysfox@example.com,1976-11-05,(0191) 496 0446,"306 Patel Stravenue
Emmaview
E8 0NA",Male,Southvale Hospitals NHS Trust,Black,Kenya,British Citizen,Nursing,Staff Nurse,Critical Care & Anaesthesia,5,21.01,2022-03-24,2022-04-28,18.75,0.5,NMC,Fixed Term,Inactive,MZ655144,2028-03-31,LZ004781,2029-11-09,2027-04-18,2022-04-14
EMP0331-20260914_000059,Emily,Leonard,samuel26@example.org,2007-03-24,+449098790100,"Studio 47
Mary Corners
East Lindseyfort
W9F 8ZG",Male,Lakeside District Hospitals NHS Trust,Mixed,China,ILR,Nursing,Charge Nurse,Medicine & Acute Care,7,27.25,2020-10-08,2020-11-19,15.0,0.4,NMC,Permanent,Inactive,BJ786298,2028-11-27,XL457578,2027-12-16,2027-01-27,2020-10-29
EMP0332-20260914_000059,Joanna,Hill,john83@example.org,1966-05-28,0289018227,"Studio 83
Gray Gardens
Stephenstad
E7 6SP",Male,Northshire University Hospitals NHS Trust,Mixed,Barbados,ILR,Nursing,Senior Staff Nurse,Women & Children,6,26.5,2025-03-01,2025-03-29,15.0,0.4,None,Permanent,On Leave,AZ436685,2028-04-03,YR411051,2029-04-27,2027-08-14,2025-03-22
EMP0333-20260914_000059,Reece,Wall,kevin40@example.net,1985-06-29,(0121)4960941,"550 Elliott Springs
North Gillian
S0 9XA",Female,Southgate Community & Mental Health NHS Trust,Asian,Thailand,Dependent,AHP,Physiologist,Emergency & Urgent Care,6,23.26,2020-07-22,2020-08-26,37.5,1.0,HCPC,Permanent,Inactive,UL313601,2027-01-21,CZ280379,2030-04-16,2026-09-24,2020-08-12
EMP0334-20260914_000059,Barbara,Griffiths,samanthaprice@example.com,1982-12-19,+44(0)28 9018 0809,"42 Angela Ports
Matthewsmouth
G9 1EA",Female,Oakridge Community Services NHS Trust,Mixed,Trinidad and Tobago,Dependent,Nursing,Ward Manager,Surgery & Cancer,8A,33.48,2025-08-18,2025-09-29,15.0,0.4,HCPC,Permanent,Suspended,UR146123,2027-02-01,BX909951,2030-03-01,2027-05-12,2025-09-08
EMP0335-20260914_000059,Ashley,Hill,thartley@example.net,2008-02-10,+44(0)121 496 0898,"6 Rachel Radial
North Denis
S9D 9LZ",Male,Hillcrest Medical Centres NHS Trust,Asian,Thailand,British Citizen,Nursing,Charge Nurse,Clinical Support Services,7,29.26,2020-01-19,2020-03-01,15.0,0.4,NMC,Permanent,Suspended,HG642044,2029-05-03,FD987575,2030-09-05,2027-08-20,2020-02-09
EMP0336-20260914_000059,Brian,Gallagher,burgesssean@example.net,1991-07-25,+4420 7496 0166,"5 Stephens Plains
Lake Hayleyport
SA8A 3FW",Female,Riverside Integrated Care NHS Trust,Mixed,Kenya,British Citizen,AHP,Radiographer,Emergency & Urgent Care,6,25.69,2019-09-26,2019-11-07,18.75,0.5,GMC,Permanent,Active,JL919685,2030-12-17,FO094866,2027-03-07,2027-04-16,2019-10-17
EMP0337-20260914_000059,Philip,O'Brien,qadams@example.net,1972-01-15,+44(0)909 879 0642,"2 Lauren Rest
Adamton
EX0E 0PX",Male,Greenhaven Acute & Specialist Care NHS Trust,Black,Barbados,Dependent,Nursing,Charge Nurse,Surgery & Cancer,7,30.21,2021-12-15,2022-01-19,37.5,1.0,NMC,Permanent,Suspended,CE203409,2027-03-12,QO560569,2026-11-19,2027-05-05,2022-01-05
EMP0338-20260914_000059,Charlotte,Heath,ahooper@example.net,1976-05-22,(0131) 496 0020,"7 James Courts
Lyndahaven
B20 9PX",Female,Valleyview Mental Wellness NHS Trust,White,Australia,Dependent,Admin,Data Analyst,Clinical Support Services,8A,33.84,2023-01-20,2023-03-03,30.0,0.8,None,Permanent,Inactive,JC060165,2030-11-08,VP178608,2031-01-25,2027-02-02,2023-02-10
EMP0339-20260914_000059,Max,Oliver,thomas65@example.org,1961-07-19,0306 999 0038,"Studio 02W
Peacock Row
Joelhaven
E03 8WN",Male,Bluewater Community & Rehabilitation NHS Trust,Black,Jamaica,British Citizen,Admin,Administrator,Emergency & Urgent Care,3,14.8,2026-05-23,2026-06-20,18.75,0.5,NMC,Fixed Term,Suspended,NH695248,2029-04-04,DJ980337,2027-09-11,2027-01-24,2026-06-13
EMP0340-20260914_000059,Shirley,Boyle,colemansian@example.com,2007-09-14,(0115)4960988,"576 Johnson Flats
Vanessastad
DD2A 5NJ",Female,Hillcrest Medical Centres NHS Trust,Black,Ghana,Dependent,Nursing,Senior Staff Nurse,Clinical Support Services,6,22.92,2017-12-08,2018-01-05,20.0,0.53,GMC,Fixed Term,Inactive,SK940662,2027-05-25,PX354510,2027-01-01,2027-02-13,2017-12-29
EMP0341-20260914_000059,Nigel,Harrison,mariebaxter@example.org,1980-03-03,+44(0)113 4960862,"5 Bates Radial
Porterton
W5 1UU",Male,Riverbank General Hospitals NHS Trust,White,Canada,British Citizen,Admin,Data Analyst,Corporate Services,8A,34.46,2022-08-14,2022-09-11,30.0,0.8,HCPC,Bank,Active,SJ784026,2030-11-27,QQ923422,2029-08-20,2027-01-14,2022-09-04
EMP0342-20260914_000059,Aimee,Holt,cookefrank@example.net,2007-11-09,(029) 2018333,"2 Reeves Greens
Allenmouth
CO9 4AQ",Male,Hillcrest Medical Centres NHS Trust,Black,Ghana,ILR,Admin,Data Analyst,Corporate Services,8A,35.02,2023-12-06,2024-01-03,18.75,0.5,NMC,Bank,On Leave,YA972529,2029-01-08,PN493182,2031-06-01,2026-10-06,2023-12-27
EMP0343-20260914_000059,Jayne,Shaw,janetphillips@example.net,1977-09-02,(0191) 4960480,"4 Reed Trail
Smithstad
WD0 4LG",Female,Riverbank General Hospitals NHS Trust,Black,Nigeria,British Citizen,Medical,Consultant,Women & Children,CONS,66.03,2020-02-17,2020-03-30,30.0,0.8,None,Fixed Term,Inactive,YE111309,2031-06-03,KI534022,2028-02-20,2027-06-07,2020-03-09
EMP0344-20260914_000059,Jamie,Dixon,dixongary@example.net,1970-01-08,0191 4960856,"0 Leah Springs
Dianeland
BS2 8XW",Male,Hillcrest Medical Centres NHS Trust,Mixed,United States,Skilled Worker,Admin,Administrator,Women & Children,3,13.96,2024-01-15,2024-02-12,37.5,1.0,NMC,Fixed Term,Active,YN995049,2030-12-15,PB827971,2029-02-19,2026-12-09,2024-02-05
EMP0345-20260914_000059,Max,Carey,wlucas@example.net,1988-10-04,+441134960353,"45 Bennett Burg
Katyhaven
S61 4PH",Female,Northshire University Hospitals NHS Trust,Mixed,Ghana,ILR,AHP,Physiotherapist,Women & Children,6,27.62,2016-11-24,2016-12-29,15.0,0.4,GMC,Permanent,Inactive,NE634623,2026-09-22,IW940571,2031-02-28,2027-04-04,2016-12-15
EMP0346-20260914_000059,Brian,Smith,tylerjake@example.com,2006-07-15,+44118 4960771,"Flat 38
Jones Burg
Port Eric
DE1 2GA",Female,Hillcrest Medical Centres NHS Trust,Black,Trinidad and Tobago,Dependent,Admin,Receptionist,Emergency & Urgent Care,3,15.99,2018-12-25,2019-01-22,37.5,1.0,GMC,Permanent,Suspended,SA295932,2029-01-01,SA062100,2029-11-12,2026-10-04,2019-01-15
EMP0347-20260914_000059,Billy,Page,asims@example.net,1961-12-31,0808 1570804,"Flat 11
Conor River
Seanmouth
L20 9RF",Female,Northwood Mental Health NHS Trust,Mixed,United States,British Citizen,Nursing,Staff Nurse,Women & Children,5,22.22,2016-12-28,2017-02-08,30.0,0.8,GMC,Bank,Active,PX477386,2026-11-07,MK142790,2028-03-19,2027-08-17,2017-01-18
EMP0348-20260914_000059,Beth,Carr,pauldouglas@example.org,1990-01-14,01154960324,"0 Shirley Lake
Jackville
BB49 5SR",Female,Meadowbrook Community Health NHS Trust,Mixed,South Africa,Dependent,Nursing,Senior Staff Nurse,Emergency & Urgent Care,6,22.58,2022-11-18,2022-12-23,30.0,0.8,NMC,Permanent,On Leave,EC184958,2027-09-21,EP739009,2030-04-10,2027-08-15,2022-12-09
EMP0349-20260914_000059,Emma,Smart,dwilliams@example.com,1990-10-31,(0118)4960519,"Studio 4
Murphy Ferry
Jonathanburgh
LL20 7EX",Female,Riverside Integrated Care NHS Trust,Black,Nigeria,ILR,Medical,SHO,Critical Care & Anaesthesia,SHO,25.74,2019-05-11,2019-06-15,20.0,0.53,None,Bank,Suspended,QX507126,2028-09-20,YE359227,2028-01-20,2027-02-26,2019-06-01
EMP0350-20260914_000059,Martyn,Smith,jdavies@example.org,2002-12-31,0131 496 0159,"1 Gregory Fords
Hydefurt
G5 9PA",Male,Southgate Community & Mental Health NHS Trust,Mixed,United Kingdom,ILR,Nursing,Healthcare Assistant,Corporate Services,2,14.19,2020-12-14,2021-01-11,15.0,0.4,HCPC,Bank,Active,VG328449,2031-07-28,XV267916,2029-08-27,2027-04-11,2021-01-04
EMP0351-20260914_000059,Catherine,Poole,grace57@example.net,1963-10-06,+44909 879 0342,"8 Kirby Garden
Robinsonside
IV85 1NY",Male,Eastfield Psychological Services NHS Trust,White,United Kingdom,Skilled Worker,Admin,Data Analyst,Women & Children,8A,31.13,2017-09-25,2017-10-30,15.0,0.4,GMC,Bank,Suspended,LP782082,2029-01-23,MZ990930,2030-10-29,2027-02-20,2017-10-16
EMP0352-20260914_000059,Brenda,Carter,malcolmbailey@example.com,1986-01-17,(0115) 4960108,"Studio 18
Waters Road
Port Jemma
L4 5WQ",Male,Horizon Integrated Health Partnership NHS Trust,White,Australia,Dependent,Medical,Consultant,Women & Children,CONS,66.26,2024-10-27,2024-11-24,30.0,0.8,HCPC,Fixed Term,Active,AS811351,2028-07-15,PI719395,2030-03-20,2026-10-23,2024-11-17
EMP0353-20260914_000059,Bruce,Leach,geraldbryant@example.org,1998-02-04,(0161)4960979,"6 Elliott Falls
Barkerborough
BB3 5ZN",Female,Southgate Community & Mental Health NHS Trust,White,New Zealand,Skilled Worker,Medical,Registrar,Medicine & Acute Care,SPR,37.17,2016-10-29,2016-12-10,30.0,0.8,NMC,Permanent,Inactive,HZ596856,2031-07-29,XN723135,2028-03-13,2027-05-04,2016-11-19
EMP0354-20260914_000059,Elliott,Bishop,robinevans@example.com,1985-02-03,+44117 496 0303,"Flat 33
Victoria Garden
North Robin
E53 0EZ",Male,Riverside Integrated Care NHS Trust,White,United Kingdom,ILR,Nursing,Senior Staff Nurse,Critical Care & Anaesthesia,6,23.74,2020-11-24,2020-12-29,30.0,0.8,NMC,Bank,On Leave,IR630926,2027-12-17,DK388874,2026-12-22,2026-11-11,2020-12-15
EMP0355-20260914_000059,Joanne,Thomas,ruthtaylor@example.org,1992-06-26,+44161 496 0007,"Studio 0
Shane Summit
Lindseyville
E1 2QQ",Male,Northshire University Hospitals NHS Trust,Mixed,Japan,British Citizen,Medical,Consultant,Corporate Services,CONS,55.86,2023-10-31,2023-12-12,15.0,0.4,HCPC,Permanent,Suspended,BZ953656,2027-06-12,HE382569,2031-06-18,2027-06-20,2023-11-21
EMP0356-20260914_000059,Kathryn,Davies,graham46@example.org,1961-01-23,01514960422,"Studio 2
Jane Extensions
Bradleychester
SO3 6BS",Male,Northwood Mental Health NHS Trust,Asian,Japan,ILR,AHP,Radiographer,Women & Children,6,28.05,2016-11-20,2016-12-25,18.75,0.5,HCPC,Permanent,Suspended,QQ595355,2029-05-11,YH776327,2027-04-15,2027-08-15,2016-12-11
EMP0357-20260914_000059,Sam,Farrell,rachael25@example.com,1972-04-04,+441184960668,"Studio 6
Kathleen Passage
Normanstad
NP8 7NB",Male,Northshire University Hospitals NHS Trust,Asian,India,Skilled Worker,Medical,Consultant,Clinical Support Services,CONS,66.43,2024-12-31,2025-02-04,30.0,0.8,NMC,Permanent,On Leave,UC486534,2030-03-14,EB715473,2031-09-07,2027-04-19,2025-01-21
EMP0358-20260914_000059,Ian,Todd,smithkyle@example.com,1982-05-22,0151 496 0370,"Studio 07
Tracy Dam
East Olivermouth
NP29 3XP",Male,Southvale Hospitals NHS Trust,Asian,Thailand,ILR,Nursing,Charge Nurse,Corporate Services,7,31.18,2024-08-25,2024-10-06,37.5,1.0,GMC,Bank,Inactive,BA425124,2027-05-31,DQ237242,2027-07-27,2027-07-05,2024-09-15
EMP0359-20260914_000059,Beth,Walsh,victorhopkins@example.net,1967-04-22,+44(0)1144960483,"Studio 1
Leigh Trafficway
Markview
SR42 0HY",Male,Southvale Hospitals NHS Trust,Mixed,Canada,Skilled Worker,Admin,Administrator,Clinical Support Services,3,14.23,2021-08-01,2021-08-29,18.75,0.5,NMC,Bank,On Leave,KA848668,2030-08-10,RQ886424,2029-09-03,2027-06-25,2021-08-22
EMP0360-20260914_000059,Hollie,Craig,trevormason@example.com,1970-05-08,0117 4960702,"Studio 4
Taylor Plain
New Joseph
L8A 6AL",Male,Horizon Integrated Health Partnership NHS Trust,Asian,China,British Citizen,Medical,Registrar,Surgery & Cancer,SPR,43.43,2024-01-12,2024-02-09,20.0,0.53,None,Fixed Term,Active,SO301177,2027-07-14,HG206087,2026-10-10,2027-05-30,2024-02-02
EMP0361-20260914_000059,Pauline,Turner,ppatel@example.com,1966-10-28,(0141) 4960364,"Flat 62g
Murphy Walk
Port Kieranport
MK50 4UY",Male,Northshire University Hospitals NHS Trust,Asian,Thailand,Dependent,Admin,Medical Secretary,Clinical Support Services,4,18.06,2025-02-07,2025-03-14,15.0,0.4,None,Fixed Term,Suspended,BZ226401,2026-10-13,BR018749,2028-09-10,2027-08-03,2025-02-28
EMP0362-20260914_000059,Abigail,Green,thomaslewis@example.com,2000-09-22,0191 498 0061,"Studio 19
Graham Valleys
Clementsfort
SG9A 5UG",Male,Meadowbrook Community Health NHS Trust,Asian,India,Dependent,Medical,Consultant,Clinical Support Services,CONS,71.1,2018-08-16,2018-09-20,15.0,0.4,GMC,Fixed Term,Inactive,VN462673,2030-05-18,YX415639,2027-06-15,2026-10-13,2018-09-06
EMP0363-20260914_000059,Keith,Brown,arichards@example.com,2003-11-07,0191 498 0184,"41 Wright Ranch
Barrettmouth
M9G 8LN",Male,Broadfield Clinical Services NHS Trust,White,Canada,British Citizen,AHP,Radiographer,Medicine & Acute Care,6,26.92,2026-07-22,2026-08-26,15.0,0.4,None,Fixed Term,Inactive,WJ745926,2030-03-07,OH558200,2030-04-19,2027-03-04,2026-08-12
EMP0364-20260914_000059,Marilyn,Rogers,zdoherty@example.com,1995-12-05,(0306) 9990777,"Flat 2
Abdul Mills
North Francesview
CB5 9RX",Female,Riverbank General Hospitals NHS Trust,Mixed,Thailand,ILR,Nursing,Staff Nurse,Women & Children,5,22.12,2025-03-16,2025-04-13,15.0,0.4,None,Permanent,Suspended,MT526946,2027-02-03,ZB676327,2031-03-17,2027-03-16,2025-04-06
EMP0365-20260914_000059,Christine,Baxter,roger72@example.com,1986-09-14,+44(0)1154960793,"96 Joan Burg
Reeceberg
CF6 0UF",Male,Hillcrest Medical Centres NHS Trust,Black,Kenya,British Citizen,AHP,Occupational Therapist,Corporate Services,6,25.9,2026-01-30,2026-02-27,30.0,0.8,HCPC,Fixed Term,Inactive,LT527401,2028-10-05,ZM584690,2030-01-02,2026-10-23,2026-02-20
EMP0366-20260914_000059,Robin,George,louis49@example.net,1987-02-09,+44(0)131 4960893,"142 Chapman Meadows
Joshville
G47 1NB",Male,Southvale Hospitals NHS Trust,Mixed,China,ILR,Nursing,Nursery Nurse,Medicine & Acute Care,2,12.99,2026-04-18,2026-05-30,30.0,0.8,None,Bank,Active,VK930933,2030-06-04,WQ277848,2029-03-25,2027-08-30,2026-05-09
EMP0367-20260914_000059,Carole,Duffy,william35@example.com,1974-03-19,+44(0)1174960703,"16 Pamela Run
Port Alexmouth
E21 8PA",Female,Eastmoor Teaching Hospitals NHS Trust,Black,Kenya,Dependent,AHP,Occupational Therapist,Clinical Support Services,6,28.17,2022-07-23,2022-09-03,30.0,0.8,HCPC,Permanent,Active,GH338480,2026-10-18,FE859085,2030-08-30,2027-04-11,2022-08-13
EMP0368-20260914_000059,Terry,Parry,robinsonsheila@example.net,1999-10-10,01414960322,"232 Smart Squares
Tracyburgh
G4 9NU",Female,Horizon Integrated Health Partnership NHS Trust,Mixed,Ghana,Skilled Worker,AHP,Physiotherapist,Emergency & Urgent Care,6,22.58,2018-06-26,2018-07-24,37.5,1.0,GMC,Fixed Term,Suspended,AP143781,2026-10-13,HT479974,2029-11-16,2027-01-18,2018-07-17
EMP0369-20260914_000059,Brian,Stewart,xthomas@example.org,1992-04-19,(0909) 8790119,"77 Mohamed Springs
Moorechester
G63 8WT",Female,Westborough Acute Care NHS Trust,Asian,India,Skilled Worker,Admin,Receptionist,Critical Care & Anaesthesia,3,14.19,2016-10-18,2016-11-22,15.0,0.4,None,Fixed Term,On Leave,OE812061,2027-12-20,LC892791,2028-11-17,2027-03-09,2016-11-08
EMP0370-20260914_000059,John,Johnston,humphreysalexander@example.net,1973-03-08,+44909 879 0721,"Studio 43m
Rhodes Wall
Hopkinsborough
TD19 0WJ",Female,Riverbank General Hospitals NHS Trust,Black,Kenya,Dependent,AHP,Speech Therapist,Medicine & Acute Care,6,25.98,2023-03-24,2023-04-21,15.0,0.4,HCPC,Bank,Inactive,BJ745670,2031-04-25,WP662877,2028-03-19,2026-11-07,2023-04-14
EMP0371-20260914_000059,Megan,Walker,hugh00@example.net,1986-01-01,01914960266,"238 Long Brook
Port Anna
PA9P 4UZ",Female,Southvale Hospitals NHS Trust,Asian,Japan,British Citizen,Nursing,Healthcare Assistant,Emergency & Urgent Care,2,14.24,2020-03-07,2020-04-04,15.0,0.4,HCPC,Permanent,Inactive,MF216861,2029-10-26,VP334032,2030-08-15,2027-02-22,2020-03-28
EMP0372-20260914_000059,Patrick,Ward,marion73@example.org,1978-04-26,+441414960688,"368 Dixon Mountain
Chelseaburgh
E55 0XQ",Male,Horizon Integrated Health Partnership NHS Trust,Black,Kenya,Dependent,Medical,FY1/FY2,Emergency & Urgent Care,FY1,19.34,2024-01-08,2024-02-12,20.0,0.53,GMC,Permanent,On Leave,QM339210,2027-04-01,AR768337,2027-04-07,2027-08-09,2024-01-29
EMP0373-20260914_000059,Garry,Hunt,daviesmaurice@example.net,1965-08-25,+441214960251,"8 Roberts Villages
Patelbury
NP61 3HB",Female,Northshire University Hospitals NHS Trust,Mixed,New Zealand,ILR,Admin,Medical Secretary,Medicine & Acute Care,4,16.54,2024-07-29,2024-09-02,20.0,0.53,NMC,Bank,Active,PY197442,2027-10-23,BR252646,2030-10-24,2027-01-18,2024-08-19
EMP0374-20260914_000059,Raymond,Cooper,marianmckenzie@example.net,1996-01-05,+44(0)1214960503,"Studio 87
Leonard Via
Warnerfort
B12 5JX",Male,Northshire University Hospitals NHS Trust,Mixed,China,British Citizen,Medical,GP,Critical Care & Anaesthesia,GP,46.53,2022-02-18,2022-03-18,20.0,0.53,HCPC,Fixed Term,On Leave,CT489394,2031-08-07,YU875204,2029-05-01,2026-12-05,2022-03-11
EMP0375-20260914_000059,Catherine,Walton,guyelliott@example.net,1969-02-24,029 2018 0875,"Flat 13
Robertson Junctions
Port Gordon
BN6M 6RT",Male,Southvale Hospitals NHS Trust,Black,South Africa,British Citizen,Medical,SHO,Women & Children,SHO,27.98,2025-02-22,2025-03-22,30.0,0.8,GMC,Permanent,Active,LB988311,2029-12-21,BO469204,2027-05-22,2027-06-30,2025-03-15
EMP0376-20260914_000059,Sian,Gallagher,wsims@example.org,1972-10-30,01614960459,"Studio 47g
Frances Vista
East Simon
S64 0XX",Female,Northshire University Hospitals NHS Trust,White,New Zealand,Skilled Worker,Medical,Consultant,Medicine & Acute Care,CONS,51.02,2024-06-22,2024-08-03,15.0,0.4,HCPC,Fixed Term,Active,OM836208,2031-01-22,VP595469,2030-02-10,2026-11-18,2024-07-13
EMP0377-20260914_000059,Harriet,Allan,mccarthystuart@example.com,2005-11-24,0114 496 0537,"140 Declan Course
Mandymouth
G0 6NU",Female,Northshire University Hospitals NHS Trust,Asian,Japan,British Citizen,AHP,Physiotherapist,Women & Children,6,27.5,2022-01-31,2022-03-14,18.75,0.5,NMC,Fixed Term,Inactive,RV622675,2030-11-12,LH706577,2030-12-02,2026-12-09,2022-02-21
EMP0378-20260914_000059,Gregory,Ellis,rlynch@example.net,1977-02-04,(0161) 4960389,"638 Brandon Station
New Deanshire
E7 8NR",Male,Lakeside District Hospitals NHS Trust,Black,Kenya,Skilled Worker,AHP,Speech Therapist,Women & Children,6,27.75,2021-12-30,2022-01-27,15.0,0.4,None,Bank,Suspended,XZ471507,2030-03-20,GZ019746,2026-10-28,2027-07-14,2022-01-20
EMP0379-20260914_000059,Terence,Humphreys,joshday@example.org,1979-06-12,(0121) 4960347,"Studio 79
Shirley Greens
Owenshire
S2F 7NL",Female,Westborough Acute Care NHS Trust,Asian,Thailand,Skilled Worker,AHP,Occupational Therapist,Clinical Support Services,6,26.87,2020-02-22,2020-03-28,20.0,0.53,NMC,Fixed Term,On Leave,MS930878,2030-03-21,XO305847,2031-07-27,2027-05-01,2020-03-14
EMP0380-20260914_000059,Guy,Brown,fquinn@example.org,2005-07-16,(0114)4960390,"449 Melissa Valley
Barkermouth
B0K 9SN",Female,Midlands Central Hospitals NHS Trust,White,Canada,ILR,Admin,Receptionist,Critical Care & Anaesthesia,3,15.15,2018-10-25,2018-11-22,20.0,0.53,HCPC,Bank,Inactive,OH997127,2028-01-18,UK346748,2031-08-03,2026-12-23,2018-11-15
EMP0381-20260914_000059,Valerie,Kerr,jacob70@example.net,1990-03-19,+44(0)161 4960083,"Studio 81s
Waters Vista
Port Joan
LL1B 1SX",Male,Northwood Mental Health NHS Trust,White,Australia,British Citizen,Nursing,Ward Manager,Critical Care & Anaesthesia,8A,32.82,2021-08-25,2021-10-06,30.0,0.8,NMC,Bank,Inactive,ZH302729,2031-08-05,YE208841,2027-02-09,2026-11-26,2021-09-15
EMP0382-20260914_000059,Garry,Hughes,dmarshall@example.org,1984-01-25,+44(0)161 4960901,"Studio 08
Louise Underpass
Garnerberg
KY7 4RQ",Male,Bluewater Community & Rehabilitation NHS Trust,Mixed,Australia,British Citizen,Admin,Medical Secretary,Women & Children,4,15.73,2017-07-12,2017-08-09,15.0,0.4,HCPC,Bank,Active,OK038941,2030-05-02,VW202032,2026-09-15,2027-09-02,2017-08-02
EMP0383-20260914_000059,Tracey,Johnston,martynlee@example.org,1989-03-12,+44121 496 0936,"48 Dobson Rapid
Brownburgh
PL4W 9LU",Male,Eastmoor Teaching Hospitals NHS Trust,Mixed,South Africa,Skilled Worker,Admin,Administrator,Surgery & Cancer,3,15.05,2019-01-26,2019-03-02,18.75,0.5,None,Bank,Suspended,FC520372,2031-04-06,ZZ069486,2027-06-21,2027-01-30,2019-02-16
EMP0384-20260914_000059,Mathew,Thompson,clementsleigh@example.com,1972-08-26,+44(0)29 2018945,"Flat 69H
Harrison Dam
East Kevin
W19 2BU",Female,Westborough Acute Care NHS Trust,Black,Trinidad and Tobago,Skilled Worker,Nursing,Ward Manager,Surgery & Cancer,8A,31.27,2023-06-17,2023-07-15,15.0,0.4,HCPC,Permanent,On Leave,YJ658965,2027-04-22,XI287392,2031-08-31,2026-11-21,2023-07-08
EMP0385-20260914_000059,Julia,Shaw,tsmith@example.net,1978-07-06,+4429 2018807,"44 Wilson Stream
Charlesmouth
B89 4ZR",Female,Horizon Integrated Health Partnership NHS Trust,Asian,India,ILR,Admin,Receptionist,Corporate Services,3,15.44,2021-12-13,2022-01-17,15.0,0.4,None,Bank,Inactive,HV241372,2028-01-07,OG611285,2031-06-02,2027-07-12,2022-01-03
EMP0386-20260914_000059,Rachael,Dixon,katherine26@example.org,1967-09-01,01314960505,"165 Lynn Courts
West Clifford
L8 4JL",Female,Eastmoor Teaching Hospitals NHS Trust,White,United States,ILR,Nursing,Nursery Nurse,Women & Children,2,12.56,2025-03-13,2025-04-10,18.75,0.5,None,Bank,On Leave,KF507129,2028-12-16,XU072451,2027-05-19,2026-11-21,2025-04-03
EMP0387-20260914_000059,Megan,Wright,robertslewis@example.org,2005-05-15,0118 496 0760,"22 Brooks Mill
Thompsonfurt
B5E 7LH",Male,Oakridge Community Services NHS Trust,White,United Kingdom,ILR,AHP,Physiotherapist,Critical Care & Anaesthesia,6,27.91,2016-11-11,2016-12-16,30.0,0.8,HCPC,Bank,Suspended,TC975568,2031-04-12,BF617237,2026-11-18,2026-09-19,2016-12-02
EMP0388-20260914_000059,Jill,O'Connor,taylormarie@example.com,1961-06-04,020 74960042,"Flat 71e
Wright Lane
West Lorrainetown
E61 3FT",Female,Westmere Community Health NHS Trust,Mixed,Thailand,Skilled Worker,AHP,Pharmacist,Surgery & Cancer,5,22.39,2025-10-09,2025-11-20,20.0,0.53,NMC,Fixed Term,On Leave,MC110868,2029-02-22,BC413444,2030-10-12,2026-12-04,2025-10-30
EMP0389-20260914_000059,Alex,Clarke,gtaylor@example.net,1978-06-23,+44(0)808 157 0693,"Flat 05
Ben Center
New Raymond
WS31 0JP",Male,Northwood Mental Health NHS Trust,Black,Trinidad and Tobago,Skilled Worker,Medical,GP,Critical Care & Anaesthesia,GP,59.7,2023-06-23,2023-07-21,30.0,0.8,HCPC,Bank,Suspended,IE324682,2030-04-05,OP456640,2031-06-09,2027-05-23,2023-07-14
EMP0390-20260914_000059,Holly,Tucker,mariesmith@example.org,1977-05-26,(029)2018477,"Flat 99
Hilary Pass
Lake Shirleytown
G6 5JU",Female,Westmere Community Health NHS Trust,White,United Kingdom,Dependent,AHP,Pharmacist,Corporate Services,5,19.23,2023-03-29,2023-05-03,18.75,0.5,GMC,Bank,On Leave,DF420603,2031-02-26,NC428393,2030-08-18,2027-05-12,2023-04-19
EMP0391-20260914_000059,Sara,Walters,christian23@example.org,1999-09-23,+44808 157 0559,"Flat 1
Carr Shore
West Melanie
E9 6WR",Female,Broadfield Clinical Services NHS Trust,Asian,China,ILR,AHP,Occupational Therapist,Corporate Services,6,26.38,2021-05-27,2021-07-08,30.0,0.8,None,Fixed Term,Inactive,ZP878999,2026-09-23,HQ387825,2030-01-12,2027-04-15,2021-06-17
EMP0392-20260914_000059,Raymond,Hilton,gibbsmichelle@example.net,1991-01-05,+44(0)1154960631,"Flat 61
Kenneth Walks
North Shirleyville
IV5 9LW",Female,Bluewater Community & Rehabilitation NHS Trust,Black,Jamaica,Skilled Worker,Medical,Registrar,Critical Care & Anaesthesia,SPR,40.05,2017-12-19,2018-01-30,18.75,0.5,NMC,Bank,On Leave,KW267870,2029-09-07,EU512727,2026-11-07,2027-07-17,2018-01-09
EMP0393-20260914_000059,Rosemary,Chambers,william87@example.net,1984-07-12,0292018609,"Flat 73i
Derek Street
Port Adamtown
TF91 9ZJ",Male,Meadowbrook Community Health NHS Trust,Black,Ghana,British Citizen,AHP,Physiologist,Clinical Support Services,6,22.65,2024-08-23,2024-09-27,30.0,0.8,GMC,Bank,Suspended,KU854153,2027-04-03,TJ389624,2029-01-11,2027-08-21,2024-09-13
EMP0394-20260914_000059,Leigh,Gibbons,hargreavesdean@example.net,1971-09-28,+44(0)151 4960317,"Flat 52
Charles Park
West Neil
L4 4FR",Male,Southgate Community & Mental Health NHS Trust,Black,Ghana,Dependent,AHP,Pharmacist,Corporate Services,5,21.78,2023-06-20,2023-07-25,20.0,0.53,NMC,Permanent,Suspended,TX213985,2029-11-09,II439564,2030-06-23,2026-10-12,2023-07-11
EMP0395-20260914_000059,Francesca,Ahmed,rogerwilkinson@example.org,1969-05-05,0289018829,"Studio 3
Arthur Crossroad
Tommouth
L1F 6JB",Male,Westmere Community Health NHS Trust,Mixed,New Zealand,Dependent,Nursing,Healthcare Assistant,Women & Children,2,13.8,2026-08-25,2026-10-06,30.0,0.8,GMC,Bank,Suspended,QR009721,2029-12-23,LO148155,2027-04-17,2026-10-12,2026-09-15
EMP0396-20260914_000059,Anna,O'Neill,oliver86@example.com,1980-11-15,(0113) 4960664,"7 Caroline Mills
Cliveville
W5J 1WW",Male,Southgate Community & Mental Health NHS Trust,Mixed,Canada,Skilled Worker,Medical,SHO,Women & Children,SHO,28.79,2017-03-25,2017-04-22,37.5,1.0,NMC,Permanent,Suspended,CG022119,2030-06-13,YN466679,2031-04-15,2027-01-12,2017-04-15
EMP0397-20260914_000059,Malcolm,Evans,ehill@example.com,1979-06-22,(01632) 960363,"Flat 7
Brown Lodge
South Geoffrey
G1T 2EW",Female,Broadfield Clinical Services NHS Trust,White,New Zealand,British Citizen,Nursing,Ward Manager,Surgery & Cancer,8A,30.62,2017-01-26,2017-03-09,30.0,0.8,HCPC,Bank,Suspended,BH829965,2029-07-15,JA452939,2031-06-06,2027-07-04,2017-02-16
EMP0398-20260914_000059,George,Arnold,joe50@example.com,1975-02-22,+441154960223,"86 Sally Village
Marianbury
M7E 7BY",Female,Eastmoor Teaching Hospitals NHS Trust,Mixed,United Kingdom,Skilled Worker,Nursing,Ward Manager,Emergency & Urgent Care,8A,35.49,2024-05-04,2024-06-01,37.5,1.0,HCPC,Permanent,Active,RS618214,2028-03-20,PZ196948,2027-04-12,2027-07-08,2024-05-25
EMP0399-20260914_000059,Suzanne,Bradshaw,fullergareth@example.org,1998-05-07,(028)9018838,"6 Lisa Course
Harrisonfort
SA9 7ZJ",Male,Northwood Mental Health NHS Trust,Black,Jamaica,British Citizen,Medical,Consultant,Women & Children,CONS,55.42,2022-07-10,2022-08-21,18.75,0.5,None,Fixed Term,Suspended,ZG299773,2027-08-09,AB128426,2029-09-02,2026-09-24,2022-07-31
EMP0400-20260914_000059,Gareth,Ross,woodspauline@example.net,1972-01-21,(0131) 496 0854,"Flat 33b
Glenn Rue
Port Lee
ME9 4EG",Female,Valleyview Mental Wellness NHS Trust,Asian,India,ILR,Medical,SHO,Surgery & Cancer,SHO,28.18,2022-01-26,2022-02-23,30.0,0.8,NMC,Fixed Term,On Leave,MC922548,2028-08-26,AL556735,2030-10-27,2027-08-20,2022-02-16
EMP0401-20260914_000059,Claire,Holmes,rileyamber@example.org,1987-11-11,+441414960338,"Studio 81D
Vanessa Centers
Donnaside
S40 7BS",Male,Broadfield Clinical Services NHS Trust,White,Australia,Dependent,AHP,Speech Therapist,Corporate Services,6,26.47,2018-05-21,2018-06-25,20.0,0.53,NMC,Bank,On Leave,ZH221706,2030-11-03,VL581135,2028-08-09,2026-11-03,2018-06-11
EMP0402-20260914_000059,Eileen,Miller,terence11@example.com,1985-01-28,+44(0)1632 960 802,"299 Wheeler Ford
Katieside
EN8R 6YP",Female,Valleyview Mental Wellness NHS Trust,Mixed,South Africa,ILR,AHP,Physiologist,Emergency & Urgent Care,6,23.19,2022-07-18,2022-08-22,18.75,0.5,GMC,Fixed Term,On Leave,XC905299,2028-08-07,VH852792,2028-12-21,2027-08-08,2022-08-08
EMP0403-20260914_000059,Georgina,Norman,gardinermohamed@example.net,1961-03-29,+44808 157 0538,"11 Dale Keys
West Joyce
B8 4AB",Male,Midlands Central Hospitals NHS Trust,Mixed,Japan,Dependent,AHP,Physiotherapist,Clinical Support Services,6,24.16,2020-05-18,2020-06-15,37.5,1.0,None,Permanent,Active,BE051283,2028-05-16,US922573,2030-10-27,2027-08-23,2020-06-08
EMP0404-20260914_000059,Ellie,Osborne,maryhenderson@example.net,1997-01-12,+44(0)1314960484,"516 John Island
East Guyland
WN60 3NP",Male,Horizon Integrated Health Partnership NHS Trust,Black,South Africa,ILR,Medical,FY1/FY2,Clinical Support Services,FY1,19.09,2022-06-04,2022-07-16,30.0,0.8,None,Permanent,Inactive,ZL322120,2030-08-11,YH706811,2029-10-10,2026-12-26,2022-06-25
EMP0405-20260914_000059,Rebecca,Murray,hroberts@example.com,1974-10-14,(0131) 496 0878,"Flat 4
Jones Tunnel
North Mauriceview
SK1W 2LX",Male,Eastmoor Teaching Hospitals NHS Trust,Black,South Africa,Skilled Worker,Admin,Data Analyst,Critical Care & Anaesthesia,8A,34.39,2018-10-13,2018-11-24,30.0,0.8,None,Fixed Term,Inactive,GK761571,2028-09-21,TW065066,2027-02-24,2027-09-03,2018-11-03
EMP0406-20260914_000059,Daniel,Fuller,guy18@example.org,1980-07-31,(0113) 4960454,"Studio 8
Jones Stravenue
Thomasstad
BD84 0TW",Female,Oakridge Community Services NHS Trust,Mixed,Barbados,ILR,Nursing,Senior Staff Nurse,Critical Care & Anaesthesia,6,24.38,2019-04-04,2019-05-16,30.0,0.8,GMC,Fixed Term,On Leave,BE139818,2027-03-25,OL911221,2029-12-21,2027-01-21,2019-04-25
EMP0407-20260914_000059,Damian,Parker,nathan53@example.net,1966-04-02,+441414960411,"Studio 0
Harding Loop
South Philipport
NG3P 3SS",Female,Greenhaven Acute & Specialist Care NHS Trust,Mixed,Barbados,ILR,Nursing,Senior Staff Nurse,Surgery & Cancer,6,23.91,2023-04-08,2023-05-20,15.0,0.4,None,Fixed Term,Inactive,KG019440,2028-02-05,ME356662,2031-09-07,2027-06-14,2023-04-29
EMP0408-20260914_000059,Joan,Todd,karen92@example.org,1977-12-15,+44(0)118 496 0121,"Flat 7
Patricia Plains
West Anna
G3 5GQ",Male,Northshire University Hospitals NHS Trust,Asian,India,ILR,Nursing,Healthcare Assistant,Medicine & Acute Care,2,12.85,2018-12-07,2019-01-11,37.5,1.0,GMC,Bank,Active,OJ377865,2029-09-08,HL493923,2027-03-27,2027-04-02,2018-12-28
EMP0409-20260914_000059,Paula,Russell,garry62@example.com,1969-05-01,0113 496 0053,"708 Sophie Locks
Hollowayfort
BB75 0AL",Female,Eastfield Psychological Services NHS Trust,Black,Barbados,Skilled Worker,Medical,GP,Clinical Support Services,GP,49.3,2018-02-14,2018-03-21,30.0,0.8,NMC,Bank,Active,DJ764237,2027-09-05,LU114500,2030-08-27,2026-10-12,2018-03-07
EMP0410-20260914_000059,Mandy,Webster,gerard57@example.com,1978-09-16,0115 496 0608,"Studio 26
Iqbal Wells
West Johnview
W2 4BX",Male,Westborough Acute Care NHS Trust,Mixed,South Africa,Skilled Worker,Medical,Consultant,Surgery & Cancer,CONS,51.75,2025-04-19,2025-05-31,18.75,0.5,NMC,Fixed Term,Suspended,VK948458,2028-01-21,DG511090,2030-09-15,2026-10-20,2025-05-10
EMP0411-20260914_000059,Clifford,Ford,fwilliams@example.org,1995-03-14,+44(0)114 4960390,"765 Coates Way
Catherinetown
W2D 9LE",Male,Riverside Integrated Care NHS Trust,Black,Nigeria,Dependent,Nursing,Ward Manager,Corporate Services,8A,30.88,2023-09-01,2023-10-06,37.5,1.0,NMC,Fixed Term,On Leave,EP329778,2030-06-19,VN941041,2027-09-26,2026-10-16,2023-09-22
EMP0412-20260914_000059,Dawn,Donnelly,conwayjoe@example.com,1987-07-27,+44(0)115 4960490,"Studio 8
Wilson Path
Dominicstad
LD1 9ZW",Male,Meadowbrook Community Health NHS Trust,White,United Kingdom,ILR,Nursing,Senior Staff Nurse,Emergency & Urgent Care,6,23.95,2017-09-09,2017-10-14,18.75,0.5,GMC,Permanent,Inactive,PQ261393,2028-01-09,NE367588,2031-06-30,2027-04-16,2017-09-30
EMP0413-20260914_000059,Grace,Kirby,cadams@example.org,1999-03-01,+44(0)114 496 0442,"Studio 40A
Brown Divide
Jamiehaven
BA5M 2QY",Female,Eastmoor Teaching Hospitals NHS Trust,Mixed,China,British Citizen,AHP,Occupational Therapist,Critical Care & Anaesthesia,6,27.69,2017-06-12,2017-07-10,30.0,0.8,None,Fixed Term,Inactive,CB972237,2027-04-02,CO591986,2029-10-31,2027-09-07,2017-07-03
EMP0414-20260914_000059,Angela,Atkins,katy09@example.com,1999-05-26,+44(0)1632 960 093,"Studio 5
Katy Walks
Port Louise
G07 4RL",Female,Westborough Acute Care NHS Trust,Mixed,United States,Dependent,Nursing,Healthcare Assistant,Critical Care & Anaesthesia,2,12.71,2026-06-06,2026-07-11,18.75,0.5,GMC,Bank,Suspended,ZZ499632,2027-01-17,VR817037,2030-05-06,2026-12-09,2026-06-27
EMP0415-20260914_000059,Guy,Pearce,swalker@example.org,1995-08-24,0114 4960690,"Studio 20
Tony Drive
Gillland
S7 1ZB",Female,Hillcrest Medical Centres NHS Trust,Mixed,Trinidad and Tobago,Dependent,Nursing,Healthcare Assistant,Emergency & Urgent Care,2,13.73,2019-12-06,2020-01-10,37.5,1.0,GMC,Fixed Term,Suspended,ZF368894,2029-10-12,AR231231,2028-06-21,2027-08-30,2019-12-27
EMP0416-20260914_000059,Jack,Hartley,colin14@example.com,1981-05-21,(0909)8790197,"279 Dale Village
Cliffordland
CV8P 6LS",Male,Valleyview Mental Wellness NHS Trust,Asian,India,ILR,Admin,Receptionist,Critical Care & Anaesthesia,3,14.5,2018-06-28,2018-07-26,18.75,0.5,HCPC,Bank,Active,OG960348,2031-02-15,LP732120,2027-06-08,2027-02-09,2018-07-19
EMP0417-20260914_000059,Valerie,Miller,whitejoanne@example.com,1976-03-21,+44(0)292018535,"4 Garry Hill
New Valerie
DA7 1GG",Male,Southvale Hospitals NHS Trust,Mixed,Jamaica,ILR,Nursing,Nursery Nurse,Medicine & Acute Care,2,12.99,2023-09-11,2023-10-16,15.0,0.4,GMC,Permanent,Active,TM270050,2029-01-12,TR974475,2028-01-15,2027-02-12,2023-10-02
EMP0418-20260914_000059,Debra,Coles,fpotts@example.net,1986-12-21,029 2018 0991,"Flat 73
Brown Way
Martintown
PR6 8PA",Female,Midlands Central Hospitals NHS Trust,White,New Zealand,Dependent,Admin,Administrator,Surgery & Cancer,3,14.57,2022-06-16,2022-07-28,20.0,0.53,GMC,Bank,Active,FU179770,2031-08-25,XI816724,2030-12-13,2027-03-11,2022-07-07
EMP0419-20260914_000059,Pamela,Pritchard,graeme08@example.net,1991-10-26,+44(0)1214960020,"5 Paul Spring
Cliffordview
CH2 1AR",Male,Riverbank General Hospitals NHS Trust,White,Canada,British Citizen,Nursing,Senior Staff Nurse,Women & Children,6,23.77,2024-03-30,2024-04-27,30.0,0.8,None,Fixed Term,Inactive,PZ239915,2028-01-06,ZH622036,2027-02-09,2027-05-16,2024-04-20
EMP0420-20260914_000059,Amy,Rose,ddavies@example.org,1966-04-01,+44(0)116 4960732,"046 Smith Knolls
Declanmouth
G0 1UD",Male,Northshire University Hospitals NHS Trust,Mixed,Kenya,Skilled Worker,Medical,SHO,Emergency & Urgent Care,SHO,26.32,2024-10-30,2024-12-11,20.0,0.53,None,Fixed Term,Active,WM333572,2031-08-12,DB617437,2030-02-26,2026-10-09,2024-11-20
EMP0421-20260914_000059,Geraldine,Wilson,whiteheadbethany@example.net,1960-09-15,+44(0)1632 960852,"Studio 0
Jay Burg
New Hugh
N8A 8HG",Female,Bluewater Community & Rehabilitation NHS Trust,Asian,India,British Citizen,Medical,SHO,Medicine & Acute Care,SHO,24.89,2017-06-25,2017-08-06,30.0,0.8,NMC,Permanent,Inactive,LE830857,2029-04-25,TF113100,2026-11-24,2027-05-09,2017-07-16
EMP0422-20260914_000059,Brett,Watts,fturner@example.org,1997-05-24,+44(0)116 496 0534,"Studio 58i
Howard Meadow
Paulberg
S7F 5WW",Female,Westmere Community Health NHS Trust,White,United States,ILR,AHP,Occupational Therapist,Critical Care & Anaesthesia,6,23.72,2023-10-04,2023-11-08,15.0,0.4,None,Fixed Term,Suspended,HY684391,2027-08-30,WR667870,2029-09-04,2027-03-24,2023-10-25
EMP0423-20260914_000059,Justin,Green,clive18@example.com,1998-04-18,(0808) 1570766,"Studio 7
Graeme Dam
East Marcus
LA3E 3DH",Male,Lakeside District Hospitals NHS Trust,White,New Zealand,ILR,Medical,Consultant,Emergency & Urgent Care,CONS,55.17,2016-12-05,2017-01-16,15.0,0.4,NMC,Bank,Active,VE205359,2028-01-09,GB905910,2028-09-15,2027-01-10,2016-12-26
EMP0424-20260914_000059,Olivia,Hawkins,brookeskerry@example.net,1974-08-24,+449098790931,"7 Jamie Flats
Robertsmouth
PL1 6HR",Female,Meadowbrook Community Health NHS Trust,Black,South Africa,Skilled Worker,Admin,Administrator,Critical Care & Anaesthesia,3,16.07,2022-12-05,2023-01-09,18.75,0.5,HCPC,Bank,On Leave,EJ717899,2030-03-10,ZX275599,2031-06-03,2027-04-30,2022-12-26
EMP0425-20260914_000059,Lydia,Ingram,harriet89@example.org,1993-02-16,+44115 4960179,"Studio 59M
Johnson Plains
Lake Charles
N19 2FY",Female,Lakeside District Hospitals NHS Trust,Asian,China,Skilled Worker,Medical,SHO,Clinical Support Services,SHO,23.95,2020-05-10,2020-06-21,30.0,0.8,HCPC,Permanent,On Leave,VE029609,2027-11-04,WA456406,2027-03-20,2027-06-11,2020-05-31
EMP0426-20260914_000059,Sophie,Bradley,pcross@example.org,1999-11-11,+44116 4960775,"921 Ryan Circles
Shepherdview
N5E 3TR",Male,Midlands Central Hospitals NHS Trust,White,New Zealand,British Citizen,Nursing,Nursery Nurse,Medicine & Acute Care,2,12.33,2021-07-17,2021-08-14,20.0,0.53,NMC,Fixed Term,Suspended,JP892676,2031-02-05,WM882129,2029-07-08,2026-09-26,2021-08-07
EMP0427-20260914_000059,Linda,Williams,hcooper@example.org,1980-04-24,(0306) 9990212,"79 Brown Circle
Begumfort
L48 1WP",Male,Horizon Integrated Health Partnership NHS Trust,Asian,Thailand,British Citizen,Admin,Administrator,Medicine & Acute Care,3,14.17,2017-10-28,2017-12-02,37.5,1.0,None,Permanent,On Leave,BF090004,2028-07-06,PQ713695,2029-08-08,2027-03-19,2017-11-18
EMP0428-20260914_000059,Josephine,Price,shaun93@example.org,1972-07-28,+441314960997,"78 Green Mews
West Declanview
CO76 2NH",Male,Horizon Integrated Health Partnership NHS Trust,Black,Barbados,Skilled Worker,Admin,Receptionist,Critical Care & Anaesthesia,3,13.83,2017-02-11,2017-03-11,20.0,0.53,NMC,Permanent,Inactive,QA132309,2030-09-19,JK554643,2028-02-23,2027-07-10,2017-03-04
EMP0429-20260914_000059,Charlie,Lord,frankdobson@example.org,1989-08-12,01514960951,"0 Greenwood Crescent
Amandachester
L86 6YA",Male,Westmere Community Health NHS Trust,Asian,Thailand,ILR,Medical,Registrar,Emergency & Urgent Care,SPR,36.35,2024-01-23,2024-02-20,15.0,0.4,GMC,Bank,Suspended,JZ475768,2031-03-23,DI229921,2028-03-14,2026-11-14,2024-02-13
EMP0430-20260914_000059,Reece,Bennett,kelly45@example.com,1993-03-14,(0115)4960389,"Flat 4
Shepherd Heights
O'Connorhaven
LA96 3WY",Female,Bluewater Community & Rehabilitation NHS Trust,Black,Jamaica,British Citizen,Medical,Registrar,Emergency & Urgent Care,SPR,34.41,2021-04-01,2021-05-06,20.0,0.53,GMC,Fixed Term,Active,WG491038,2030-11-02,KG138881,2031-02-01,2026-09-15,2021-04-22
EMP0431-20260914_000059,Rita,Davies,staylor@example.org,1994-01-14,+441174960480,"44 Ryan Manors
Rossfort
CF9P 7WS",Male,Horizon Integrated Health Partnership NHS Trust,Mixed,Kenya,ILR,Medical,Registrar,Medicine & Acute Care,SPR,41.31,2022-02-14,2022-03-28,30.0,0.8,NMC,Bank,Active,JX932069,2031-06-15,BN967983,2027-05-16,2026-11-15,2022-03-07
EMP0432-20260914_000059,Colin,Kaur,humphreysgrace@example.com,1970-02-27,+44(0)306 9990495,"005 Joseph Underpass
Harriettown
NR3 3YG",Female,Meadowbrook Community Health NHS Trust,White,United Kingdom,Skilled Worker,Nursing,Charge Nurse,Women & Children,7,30.48,2017-09-05,2017-10-03,18.75,0.5,HCPC,Bank,Active,VJ050982,2028-11-02,WZ762898,2029-01-18,2027-08-11,2017-09-26
EMP0433-20260914_000059,Melissa,O'Neill,maria61@example.org,1966-01-03,0113 4960579,"Flat 4
Diane Expressway
West Deborah
LL2X 5NR",Male,Valleyview Mental Wellness NHS Trust,Black,Kenya,Dependent,Nursing,Healthcare Assistant,Medicine & Acute Care,2,12.71,2021-12-26,2022-01-23,37.5,1.0,None,Bank,On Leave,TE347406,2029-07-05,IB697023,2028-04-04,2026-10-17,2022-01-16
EMP0434-20260914_000059,Sian,Morgan,ssmith@example.net,1980-08-04,+44(0)1314960998,"Flat 17
Shane Gardens
Humphreysville
S14 8WW",Female,Horizon Integrated Health Partnership NHS Trust,White,New Zealand,Skilled Worker,Admin,Administrator,Clinical Support Services,3,16.06,2023-10-10,2023-11-07,30.0,0.8,HCPC,Bank,Inactive,KX590605,2028-03-22,UJ141113,2031-09-02,2026-11-11,2023-10-31
EMP0435-20260914_000059,Gillian,Anderson,wardcheryl@example.org,1980-06-30,0118 496 0692,"Flat 7
Taylor Inlet
New Iainland
W27 4GH",Male,Riverbank General Hospitals NHS Trust,Black,Ghana,Skilled Worker,Admin,Data Analyst,Surgery & Cancer,8A,28.53,2022-04-11,2022-05-09,37.5,1.0,GMC,Bank,Active,RY828964,2029-04-29,QH349767,2027-03-09,2027-04-08,2022-05-02
EMP0436-20260914_000059,Sarah,Macdonald,dwilson@example.net,1980-04-24,+44(0)3069990427,"Studio 24
Martin Way
Greenwoodchester
CB2B 9HZ",Female,Northwood Mental Health NHS Trust,Mixed,India,Skilled Worker,Nursing,Staff Nurse,Surgery & Cancer,5,20.8,2022-01-12,2022-02-09,15.0,0.4,NMC,Permanent,Active,OM577476,2030-03-23,XV182799,2031-07-10,2026-11-14,2022-02-02
EMP0437-20260914_000059,Tracey,Richards,dale31@example.com,1977-12-04,(0141) 496 0599,"3 Taylor Canyon
South Charlie
PH50 1PS",Female,Southgate Community & Mental Health NHS Trust,White,Australia,Dependent,AHP,Physiotherapist,Emergency & Urgent Care,6,28.09,2024-01-23,2024-03-05,37.5,1.0,GMC,Fixed Term,On Leave,YN912337,2030-02-21,PI289418,2027-08-27,2027-01-09,2024-02-13
EMP0438-20260914_000059,Dale,Smith,chelseavaughan@example.org,1986-05-06,(020)74960850,"2 Newman Trail
Clarkville
E78 1HG",Female,Westmere Community Health NHS Trust,Black,South Africa,Skilled Worker,AHP,Speech Therapist,Clinical Support Services,6,22.95,2023-07-08,2023-08-19,15.0,0.4,None,Fixed Term,On Leave,ZJ751755,2027-08-10,NY162703,2027-07-26,2027-01-17,2023-07-29
EMP0439-20260914_000059,Jason,Fitzgerald,deniswright@example.org,2001-02-16,0118 4960236,"Flat 96
Gallagher Stravenue
Walkerbury
HG8P 4XF",Female,Valleyview Mental Wellness NHS Trust,Asian,China,Dependent,Admin,Medical Secretary,Critical Care & Anaesthesia,4,19.09,2025-08-24,2025-09-21,20.0,0.53,GMC,Permanent,Active,KZ825517,2028-12-01,RJ729911,2029-04-08,2026-11-04,2025-09-14
EMP0440-20260914_000059,Scott,Bibi,fjames@example.org,1964-03-11,+44(0)8081570108,"Studio 62r
Gavin Causeway
South Gailstad
SR47 7YR",Male,Midlands Central Hospitals NHS Trust,Black,Nigeria,British Citizen,Medical,FY1/FY2,Women & Children,FY1,18.88,2022-04-05,2022-05-10,30.0,0.8,None,Permanent,Suspended,VX483171,2029-07-04,PU146045,2028-08-11,2027-05-15,2022-04-26
EMP0441-20260914_000059,Natasha,North,judith16@example.org,1979-04-26,+44(0)191 496 0049,"Studio 27
Anderson Terrace
North Sean
N5 2AZ",Female,Eastfield Psychological Services NHS Trust,White,Canada,British Citizen,Medical,Registrar,Emergency & Urgent Care,SPR,35.89,2017-04-12,2017-05-17,37.5,1.0,None,Bank,Inactive,NA837581,2030-07-10,YT947763,2030-07-03,2026-09-23,2017-05-03
EMP0442-20260914_000059,Rhys,Weston,geraldine10@example.org,1980-03-21,+441144960409,"Studio 4
Wood Summit
Walterston
M7 8HU",Female,Midlands Central Hospitals NHS Trust,Asian,Japan,British Citizen,AHP,Physiologist,Women & Children,6,26.43,2021-09-25,2021-11-06,20.0,0.53,None,Fixed Term,Active,NG806802,2030-03-13,AI496616,2031-06-05,2027-08-20,2021-10-16
EMP0443-20260914_000059,Frank,Parker,emma42@example.org,1981-03-09,(0115) 496 0999,"118 Nelson Landing
West Glenn
PH6H 6ED",Female,Riverbank General Hospitals NHS Trust,Mixed,Ghana,British Citizen,Nursing,Nursery Nurse,Critical Care & Anaesthesia,2,13.09,2020-09-14,2020-10-26,18.75,0.5,NMC,Permanent,Inactive,WW355234,2030-06-08,DQ077394,2027-08-10,2027-05-29,2020-10-05
EMP0444-20260914_000059,Jayne,Barry,rebeccathomas@example.net,1983-04-13,+441184960994,"97 Watson Wall
Shortmouth
B7 7RJ",Male,Oakridge Community Services NHS Trust,Asian,Japan,British Citizen,Admin,Administrator,Surgery & Cancer,3,14.87,2023-01-29,2023-03-05,15.0,0.4,NMC,Bank,On Leave,JL964179,2027-08-28,VS059360,2027-01-24,2026-11-01,2023-02-19
EMP0445-20260914_000059,Max,Stone,etaylor@example.com,1976-08-05,(020)74960792,"Flat 63
Karl Road
Edwardsside
W2 5TP",Female,Broadfield Clinical Services NHS Trust,White,New Zealand,British Citizen,AHP,Occupational Therapist,Surgery & Cancer,6,26.14,2019-06-03,2019-07-08,15.0,0.4,HCPC,Fixed Term,On Leave,ZH064958,2027-08-21,OY785426,2029-01-02,2027-08-04,2019-06-24
EMP0446-20260914_000059,Jamie,Palmer,lamballan@example.org,1993-08-28,(01632)960668,"47 Mann Junctions
Lake Amelia
E6 7LT",Female,Valleyview Mental Wellness NHS Trust,Mixed,Thailand,Dependent,Medical,Consultant,Women & Children,CONS,66.95,2019-04-14,2019-05-12,18.75,0.5,HCPC,Bank,Inactive,WT112782,2029-07-17,HR640140,2027-10-26,2027-07-05,2019-05-05
EMP0447-20260914_000059,Karen,Lowe,edward93@example.org,1982-02-17,+441154960985,"Studio 94
Cox Viaduct
Port Jessicamouth
LU8E 0YY",Female,Greenhaven Acute & Specialist Care NHS Trust,White,United States,ILR,AHP,Physiologist,Women & Children,6,23.67,2022-02-18,2022-03-25,18.75,0.5,NMC,Permanent,On Leave,YD216891,2031-06-08,XJ489857,2029-09-13,2026-12-23,2022-03-11
EMP0448-20260914_000059,Jasmine,Burns,sheilasaunders@example.com,1966-05-08,(0909)8790781,"01 Henderson Ports
South Chelseafort
HA0E 6WS",Male,Riverside Integrated Care NHS Trust,White,United States,Skilled Worker,Medical,Registrar,Corporate Services,SPR,34.2,2023-05-07,2023-06-04,37.5,1.0,None,Fixed Term,Suspended,VU862297,2029-03-15,GO930272,2027-11-21,2027-05-17,2023-05-28
EMP0449-20260914_000059,Charlotte,Gregory,tom19@example.net,1991-05-31,+441632 960 446,"Flat 45Q
Fitzgerald Rest
Barbarafurt
S3 2EZ",Female,Southgate Community & Mental Health NHS Trust,Asian,Japan,Skilled Worker,Admin,Data Analyst,Critical Care & Anaesthesia,8A,34.66,2018-01-21,2018-02-25,30.0,0.8,None,Permanent,Active,PA891288,2030-07-25,SM899886,2027-08-12,2026-09-17,2018-02-11
EMP0450-20260914_000059,Francesca,Smith,pduncan@example.net,2005-02-20,01414960056,"6 Natalie Village
Carolynchester
IV5W 7DL",Female,Southgate Community & Mental Health NHS Trust,Mixed,Canada,Dependent,Medical,Consultant,Surgery & Cancer,CONS,56.1,2022-10-11,2022-11-15,18.75,0.5,GMC,Bank,Suspended,JX713419,2028-05-30,UM417181,2027-05-05,2027-01-27,2022-11-01
EMP0451-20260914_000059,Kayleigh,Schofield,mitchellrobinson@example.org,1990-08-11,+44(0)1164960326,"36 Chelsea Dam
Lake Marcuston
E1F 3NW",Female,Greenhaven Acute & Specialist Care NHS Trust,Black,Nigeria,Dependent,Medical,FY1/FY2,Corporate Services,FY1,18.61,2019-01-14,2019-02-11,30.0,0.8,NMC,Bank,On Leave,SK523988,2027-11-26,CC898459,2029-02-23,2026-11-23,2019-02-04
EMP0452-20260914_000059,Brandon,Noble,craig23@example.com,1972-03-18,(0115)4960924,"2 Davies Via
South Gillian
PR42 8LQ",Female,Northshire University Hospitals NHS Trust,Black,Trinidad and Tobago,Skilled Worker,Nursing,Senior Staff Nurse,Women & Children,6,24.84,2019-09-21,2019-10-19,18.75,0.5,HCPC,Fixed Term,Active,EG693440,2031-02-12,QS945117,2028-05-01,2027-04-20,2019-10-12
EMP0453-20260914_000059,Billy,Ross,robsongillian@example.net,1970-11-06,(0131)4960233,"Flat 62
Terry Tunnel
North Joelmouth
NR6Y 0FW",Female,Southgate Community & Mental Health NHS Trust,Black,South Africa,Dependent,AHP,Occupational Therapist,Surgery & Cancer,6,25.59,2023-07-13,2023-08-17,37.5,1.0,NMC,Permanent,On Leave,MG342099,2029-10-17,JJ458551,2029-01-17,2027-04-25,2023-08-03
EMP0454-20260914_000059,Martin,Chapman,vwright@example.com,2005-05-14,(0191) 496 0854,"6 Victor Avenue
South Kayleigh
S1 8YL",Female,Hillcrest Medical Centres NHS Trust,Asian,Thailand,ILR,Nursing,Charge Nurse,Clinical Support Services,7,28.38,2025-06-09,2025-07-14,37.5,1.0,None,Permanent,Active,AA302919,2030-06-26,SE198523,2031-08-23,2027-09-01,2025-06-30
EMP0455-20260914_000059,Nicola,Lynch,prattmandy@example.net,1979-10-03,(020)74960795,"14 Reid Parkways
East Jayneview
IM01 1XY",Female,Riverbank General Hospitals NHS Trust,Mixed,Ghana,British Citizen,Admin,Medical Secretary,Emergency & Urgent Care,4,17.43,2025-02-20,2025-04-03,15.0,0.4,NMC,Bank,Active,GC658679,2027-08-22,DQ660937,2026-12-22,2026-12-30,2025-03-13
EMP0456-20260914_000059,Hugh,Newton,olambert@example.net,1970-01-27,0121 496 0192,"Flat 43
Potts Wall
West Joe
SK9 6RD",Male,Valleyview Mental Wellness NHS Trust,Mixed,United Kingdom,British Citizen,Nursing,Charge Nurse,Medicine & Acute Care,7,30.1,2026-08-20,2026-09-24,15.0,0.4,NMC,Permanent,Suspended,IO221324,2030-06-09,IP715375,2030-03-07,2027-01-23,2026-09-10
EMP0457-20260914_000059,Georgina,Burrows,katie50@example.org,1992-12-31,(0306) 9990562,"8 Mark Circle
North Mary
TA47 1LA",Male,Northshire University Hospitals NHS Trust,Black,Kenya,Skilled Worker,Nursing,Senior Staff Nurse,Corporate Services,6,24.32,2024-03-12,2024-04-09,20.0,0.53,NMC,Fixed Term,Inactive,SW211487,2027-07-14,PO288277,2030-04-13,2027-03-13,2024-04-02
EMP0458-20260914_000059,Ashleigh,Patterson,lindamatthews@example.org,1976-11-24,+44(0)3069990153,"Studio 27
Marsden Park
South Susan
N10 5TG",Female,Southvale Hospitals NHS Trust,Mixed,Australia,British Citizen,Nursing,Healthcare Assistant,Emergency & Urgent Care,2,13.96,2021-09-24,2021-11-05,18.75,0.5,HCPC,Fixed Term,On Leave,GX684158,2027-04-01,NO113270,2031-01-27,2026-09-30,2021-10-15
EMP0459-20260914_000059,Jay,Holt,tony43@example.net,1961-10-20,+44(0)1134960917,"179 Ben Oval
Rachaelberg
M3 1QB",Female,Eastfield Psychological Services NHS Trust,Black,Kenya,British Citizen,Medical,GP,Surgery & Cancer,GP,54.74,2021-12-08,2022-01-19,30.0,0.8,GMC,Permanent,Active,CG271427,2030-04-20,TG719714,2029-10-31,2027-08-15,2021-12-29
EMP0460-20260914_000059,Lynda,Allen,jaymoran@example.com,2005-04-13,+44(0)141 4960201,"Flat 66z
Valerie Shores
West Jade
S72 8JB",Female,Riverside Integrated Care NHS Trust,Asian,Japan,Dependent,Admin,Administrator,Women & Children,3,15.7,2023-08-22,2023-09-19,37.5,1.0,GMC,Fixed Term,Suspended,HN034891,2031-01-21,ZA570406,2030-12-27,2027-03-02,2023-09-12
EMP0461-20260914_000059,Kathryn,Reid,dshah@example.org,1971-02-25,+44(0)113 4960225,"32 Pollard Drive
Allenton
G5H 9AG",Female,Southvale Hospitals NHS Trust,Asian,Japan,Skilled Worker,Medical,SHO,Surgery & Cancer,SHO,27.4,2019-02-17,2019-03-17,37.5,1.0,NMC,Permanent,Suspended,CA846512,2030-09-01,VM421052,2027-03-02,2027-04-23,2019-03-10
EMP0462-20260914_000059,Clifford,Byrne,kcarter@example.net,1978-04-15,+44(0)3069990005,"Studio 7
Jones Track
Port Guychester
ML0R 3XZ",Female,Meadowbrook Community Health NHS Trust,Asian,India,British Citizen,Nursing,Senior Staff Nurse,Corporate Services,6,23.17,2026-03-22,2026-04-19,30.0,0.8,GMC,Fixed Term,Active,UI656825,2029-06-08,SH838323,2029-06-01,2027-01-03,2026-04-12
EMP0463-20260914_000059,Josh,Edwards,deborah92@example.org,1979-07-24,(0115) 496 0377,"0 Charlotte Ridge
North Shirleyside
M2A 0GN",Female,Westmere Community Health NHS Trust,White,United States,ILR,Admin,Administrator,Surgery & Cancer,3,14.43,2017-04-10,2017-05-15,18.75,0.5,GMC,Fixed Term,Active,WV456624,2028-06-15,TT411905,2028-08-06,2027-04-03,2017-05-01
EMP0464-20260914_000059,Georgina,Atkinson,philip29@example.net,1961-02-24,+44(0)118 4960371,"859 Stacey Port
Port Jeanbury
KY2E 9EA",Male,Westborough Acute Care NHS Trust,Asian,China,British Citizen,Medical,FY1/FY2,Medicine & Acute Care,FY1,18.89,2020-06-04,2020-07-16,20.0,0.53,NMC,Permanent,Inactive,AM050122,2030-06-26,QF553562,2029-02-07,2027-01-22,2020-06-25
EMP0465-20260914_000059,Aimee,Hardy,georgina63@example.org,1968-06-07,0191 498 0687,"Flat 91
Robert Drives
Daviesport
G9 4HY",Female,Bluewater Community & Rehabilitation NHS Trust,Black,Jamaica,Skilled Worker,AHP,Occupational Therapist,Critical Care & Anaesthesia,6,25.66,2023-04-24,2023-06-05,37.5,1.0,HCPC,Bank,On Leave,NE777018,2030-10-24,TH125293,2030-04-25,2026-10-29,2023-05-15
EMP0466-20260914_000059,Lynn,Smith,shaun38@example.com,1998-06-09,0161 496 0790,"316 Khan Run
West Beverley
WV57 0XL",Female,Riverside Integrated Care NHS Trust,Asian,India,ILR,Nursing,Ward Manager,Surgery & Cancer,8A,33.68,2018-01-06,2018-02-03,30.0,0.8,GMC,Bank,On Leave,LP085148,2028-12-11,SW150448,2028-04-20,2027-05-21,2018-01-27
EMP0467-20260914_000059,Elliott,Hicks,debra26@example.net,1973-03-26,+441514960643,"Flat 0
Bell Streets
South Glenn
GL84 7FJ",Female,Greenhaven Acute & Specialist Care NHS Trust,Black,Trinidad and Tobago,ILR,Medical,FY1/FY2,Emergency & Urgent Care,FY1,20.54,2024-03-02,2024-03-30,37.5,1.0,HCPC,Permanent,Active,KU701526,2026-09-23,KC716199,2030-12-15,2027-06-23,2024-03-23
EMP0468-20260914_000059,Margaret,Lee,guyshaw@example.org,1989-05-23,0116 496 0161,"Studio 97i
Atkins Spring
West Josephmouth
BS9 0SJ",Female,Riverbank General Hospitals NHS Trust,Black,Barbados,Dependent,Nursing,Staff Nurse,Surgery & Cancer,5,20.19,2018-03-01,2018-03-29,18.75,0.5,HCPC,Permanent,Suspended,YD539504,2029-10-13,AE117394,2029-01-13,2027-04-11,2018-03-22
EMP0469-20260914_000059,Ryan,Coates,dalyholly@example.net,1998-12-07,+441184960549,"Studio 3
Amanda Port
Port Katyport
B6S 0XE",Male,Broadfield Clinical Services NHS Trust,Mixed,Japan,British Citizen,Nursing,Ward Manager,Clinical Support Services,8A,34.95,2025-07-05,2025-08-16,30.0,0.8,None,Permanent,Inactive,QS284905,2028-04-20,KX702316,2029-05-03,2027-04-20,2025-07-26
EMP0470-20260914_000059,Vanessa,Dixon,grahamjames@example.com,1961-03-29,(0114) 4960417,"Flat 23
Dixon Ports
Wrightshire
UB9E 6HR",Female,Horizon Integrated Health Partnership NHS Trust,White,Canada,Skilled Worker,Admin,Data Analyst,Emergency & Urgent Care,8A,28.8,2020-11-25,2020-12-30,37.5,1.0,NMC,Bank,Active,MC179942,2029-03-10,AK806308,2030-09-05,2026-10-16,2020-12-16
EMP0471-20260914_000059,Nicholas,Booth,bbarnes@example.com,2007-12-21,(0113) 496 0333,"Flat 2
Butler Street
North Jonathan
CM7V 4GR",Male,Northwood Mental Health NHS Trust,Asian,Thailand,Skilled Worker,AHP,Pharmacist,Critical Care & Anaesthesia,5,20.11,2023-11-08,2023-12-13,37.5,1.0,NMC,Permanent,Active,OI376850,2030-12-26,JF815291,2029-01-13,2027-08-03,2023-11-29
EMP0472-20260914_000059,Douglas,Ellis,yvonne33@example.org,2004-08-05,01214960151,"663 Samantha Harbor
South Victorbury
IV8N 6FY",Male,Westborough Acute Care NHS Trust,Asian,Thailand,Dependent,Admin,Receptionist,Clinical Support Services,3,13.58,2020-07-10,2020-08-07,15.0,0.4,NMC,Permanent,Inactive,NU784094,2029-09-27,WU146991,2028-01-08,2027-05-03,2020-07-31
EMP0473-20260914_000059,Kirsty,Lawrence,ojackson@example.com,2008-07-12,(0113) 496 0931,"52 Peter Plains
North Nicolechester
L6T 9FZ",Female,Northshire University Hospitals NHS Trust,Mixed,China,British Citizen,Medical,FY1/FY2,Emergency & Urgent Care,FY1,19.55,2019-07-29,2019-09-02,37.5,1.0,HCPC,Permanent,Inactive,NR237260,2029-07-11,HY422178,2030-06-27,2026-12-01,2019-08-19
EMP0474-20260914_000059,Deborah,Barlow,dharvey@example.com,1997-02-08,0141 496 0525,"Studio 70
Bishop Center
Nicolechester
BB4 2PU",Female,Meadowbrook Community Health NHS Trust,Mixed,United States,ILR,Nursing,Ward Manager,Clinical Support Services,8A,31.58,2021-11-11,2021-12-09,15.0,0.4,None,Fixed Term,Inactive,SD544212,2030-04-13,WR579483,2030-06-18,2027-02-08,2021-12-02
EMP0475-20260914_000059,Damian,Bryant,dalejenkins@example.org,1973-04-01,01134960450,"258 Lewis Ranch
Whitechester
EH2 6PN",Female,Northwood Mental Health NHS Trust,White,United Kingdom,British Citizen,Medical,Registrar,Surgery & Cancer,SPR,42.69,2020-07-09,2020-08-13,20.0,0.53,GMC,Permanent,Active,LK424543,2028-02-11,EN405580,2028-06-19,2027-05-29,2020-07-30
EMP0476-20260914_000059,Sandra,Price,singhadrian@example.net,1964-08-02,(0306)9990084,"Flat 4
Jones Mountain
East Gerald
B0D 9XP",Male,Westborough Acute Care NHS Trust,Asian,Thailand,ILR,AHP,Radiographer,Medicine & Acute Care,6,22.59,2020-01-12,2020-02-09,37.5,1.0,HCPC,Fixed Term,Inactive,WL892558,2029-03-27,SG309535,2027-10-07,2027-09-05,2020-02-02
EMP0477-20260914_000059,Joan,Matthews,qcooper@example.net,1975-10-31,+44(0)1632960535,"5 Glenn Crescent
North Alexandrafurt
B6 6NS",Male,Riverside Integrated Care NHS Trust,White,Canada,ILR,Nursing,Nursery Nurse,Clinical Support Services,2,12.96,2018-04-10,2018-05-08,37.5,1.0,None,Fixed Term,Inactive,XO399898,2028-01-29,AK014323,2027-04-12,2027-01-31,2018-05-01
EMP0478-20260914_000059,Natasha,James,gardnercallum@example.net,1971-04-29,+44(0)20 74960226,"Studio 65W
Tracy Stravenue
Marcusburgh
KW28 7YA",Male,Hillcrest Medical Centres NHS Trust,Mixed,New Zealand,British Citizen,Medical,SHO,Surgery & Cancer,SHO,23.97,2018-01-13,2018-02-24,37.5,1.0,None,Permanent,Active,YF069898,2030-09-03,UK551745,2030-12-31,2027-02-11,2018-02-03
EMP0479-20260914_000059,Charlotte,Davis,ulewis@example.org,2004-04-14,(0151) 496 0577,"Flat 2
Hodgson Trace
Aaronborough
BH78 5FN",Female,Northshire University Hospitals NHS Trust,White,Canada,ILR,AHP,Occupational Therapist,Clinical Support Services,6,23.46,2016-10-27,2016-12-01,30.0,0.8,HCPC,Fixed Term,Suspended,KO885532,2029-04-20,FA307523,2030-05-03,2027-02-03,2016-11-17
EMP0480-20260914_000059,Elizabeth,Jones,hicksjessica@example.org,1975-12-29,+44141 496 0484,"Studio 99
Woods Points
North Josephmouth
OX8 8AN",Female,Lakeside District Hospitals NHS Trust,Asian,Thailand,ILR,Nursing,Charge Nurse,Surgery & Cancer,7,32.03,2020-10-13,2020-11-10,37.5,1.0,GMC,Fixed Term,Inactive,RM031154,2028-01-03,EH300064,2029-02-09,2027-06-28,2020-11-03
EMP0481-20260914_000059,David,Walsh,evansmichael@example.org,1961-08-03,+44161 4960210,"047 Rachel View
Carterchester
BH37 5QT",Female,Valleyview Mental Wellness NHS Trust,Black,Nigeria,ILR,AHP,Occupational Therapist,Emergency & Urgent Care,6,25.72,2018-01-06,2018-02-10,18.75,0.5,NMC,Bank,Suspended,PC765582,2027-09-28,GI085630,2028-07-19,2027-02-03,2018-01-27
EMP0482-20260914_000059,Sandra,Jones,sophie84@example.net,1979-09-01,0909 8790882,"4 Taylor Freeway
Simston
IV74 8SY",Male,Lakeside District Hospitals NHS Trust,Asian,Japan,ILR,Admin,Data Analyst,Clinical Support Services,8A,30.67,2026-06-02,2026-07-07,15.0,0.4,None,Bank,Suspended,VQ175583,2028-01-02,VP244849,2029-01-02,2027-08-10,2026-06-23
EMP0483-20260914_000059,Marion,Williams,tpower@example.com,1979-11-16,+44909 8790759,"738 Pugh Spur
Maureenmouth
EX65 5YE",Female,Bluewater Community & Rehabilitation NHS Trust,Mixed,Ghana,ILR,Medical,SHO,Emergency & Urgent Care,SHO,26.0,2021-12-02,2021-12-30,20.0,0.53,GMC,Bank,On Leave,NY777608,2030-09-09,WX656508,2027-04-23,2027-03-19,2021-12-23
EMP0484-20260914_000059,Harry,Hussain,mthomas@example.net,1989-07-15,(0115) 496 0829,"91 Taylor Street
Lake Samantha
L0 8YQ",Female,Horizon Integrated Health Partnership NHS Trust,White,Australia,Skilled Worker,Medical,Consultant,Surgery & Cancer,CONS,61.64,2023-12-30,2024-02-10,37.5,1.0,None,Permanent,On Leave,FE570608,2030-09-07,JE039421,2028-08-25,2027-08-14,2024-01-20
EMP0485-20260914_000059,Pauline,Chambers,kgraham@example.net,1974-01-14,+44808 1570214,"Flat 70i
Laura Highway
South Kimberley
W8W 1WS",Male,Valleyview Mental Wellness NHS Trust,White,New Zealand,British Citizen,Admin,Receptionist,Emergency & Urgent Care,3,14.35,2021-06-30,2021-08-11,30.0,0.8,HCPC,Permanent,Suspended,IV516627,2030-12-19,KD865096,2028-03-20,2027-06-08,2021-07-21
EMP0486-20260914_000059,Leah,Green,gillian05@example.net,2007-04-14,0121 4960120,"Flat 3
Carole Mill
Port Guy
L9D 4WF",Female,Bluewater Community & Rehabilitation NHS Trust,White,Australia,Dependent,Medical,Consultant,Clinical Support Services,CONS,64.68,2022-07-07,2022-08-11,20.0,0.53,GMC,Fixed Term,On Leave,YQ648536,2028-03-23,AC588771,2027-12-31,2027-01-22,2022-07-28
EMP0487-20260914_000059,Andrew,Jones,daniel48@example.com,1966-05-04,+44118 4960617,"Flat 28g
Brookes Locks
West Natashafort
B0T 6UQ",Female,Northshire University Hospitals NHS Trust,Asian,Japan,Dependent,Nursing,Nursery Nurse,Clinical Support Services,2,13.83,2020-06-14,2020-07-12,18.75,0.5,None,Fixed Term,On Leave,QD729298,2030-03-11,JR028697,2031-01-06,2026-12-01,2020-07-05
EMP0488-20260914_000059,Oliver,Allen,kim71@example.org,2006-01-24,03069990957,"3 Amelia Land
Smithborough
N3 5XJ",Female,Westborough Acute Care NHS Trust,Mixed,South Africa,ILR,Medical,Consultant,Critical Care & Anaesthesia,CONS,61.56,2019-06-17,2019-07-29,18.75,0.5,None,Permanent,On Leave,HD978978,2029-04-25,KF799094,2027-12-09,2026-12-03,2019-07-08
EMP0489-20260914_000059,Kim,Cooke,adamallen@example.net,1964-12-01,(0151) 496 0474,"0 Morris Prairie
New Robinberg
G9 4PY",Male,Hillcrest Medical Centres NHS Trust,White,Canada,British Citizen,AHP,Pharmacist,Emergency & Urgent Care,5,21.71,2021-06-11,2021-07-16,18.75,0.5,None,Permanent,On Leave,XZ155019,2030-12-27,JI818836,2029-07-17,2027-02-01,2021-07-02
EMP0490-20260914_000059,Frank,Hilton,hillshannon@example.org,1990-09-20,0191 4960627,"Flat 2
Owen Dale
Port Georginamouth
L2 6WP",Female,Greenhaven Acute & Specialist Care NHS Trust,Black,Barbados,ILR,Admin,Receptionist,Women & Children,3,15.77,2018-06-23,2018-07-28,18.75,0.5,GMC,Permanent,Suspended,EX830027,2030-01-02,KT746062,2027-07-26,2027-08-18,2018-07-14
EMP0491-20260914_000059,Liam,Daniels,martinoliver@example.org,2002-08-30,+44(0)1914960655,"Studio 05
Barker Harbor
East Danielleborough
YO3R 7RL",Male,Eastmoor Teaching Hospitals NHS Trust,Asian,Thailand,British Citizen,AHP,Physiotherapist,Corporate Services,6,27.77,2025-07-04,2025-08-15,30.0,0.8,None,Bank,Inactive,MS037021,2029-11-25,FC644048,2028-08-22,2026-11-29,2025-07-25
EMP0492-20260914_000059,Jay,Osborne,tonygreen@example.org,1974-12-13,(0191)4960287,"153 Nixon Pine
Bethanport
SK4P 9BR",Female,Valleyview Mental Wellness NHS Trust,Asian,Thailand,British Citizen,Nursing,Staff Nurse,Medicine & Acute Care,5,21.79,2023-12-22,2024-01-19,30.0,0.8,None,Bank,On Leave,WE418491,2027-03-30,OD030436,2029-04-09,2027-05-28,2024-01-12
EMP0493-20260914_000059,Terry,Davidson,eleanorevans@example.org,1971-03-28,(0306) 999 0748,"Studio 31X
Jill Points
New Patriciaborough
S6 4JA",Male,Meadowbrook Community Health NHS Trust,White,United States,Skilled Worker,Medical,FY1/FY2,Emergency & Urgent Care,FY1,20.46,2020-04-22,2020-05-20,18.75,0.5,GMC,Bank,On Leave,XU865500,2030-07-20,NE830821,2031-08-13,2027-07-14,2020-05-13
EMP0494-20260914_000059,Irene,Johnson,wparkinson@example.com,1983-02-04,0131 4960326,"Flat 0
Lloyd Field
Lake William
LU3R 1XA",Male,Horizon Integrated Health Partnership NHS Trust,Mixed,United States,ILR,AHP,Physiologist,Corporate Services,6,25.57,2025-04-13,2025-05-18,18.75,0.5,HCPC,Bank,Inactive,QT274232,2031-01-23,MX302253,2028-12-31,2027-04-09,2025-05-04
EMP0495-20260914_000059,Connor,Dunn,janetharvey@example.com,2004-06-21,029 2018765,"Flat 0
Smith Mission
Williamsville
GY4N 6UL",Female,Northwood Mental Health NHS Trust,White,New Zealand,Dependent,Admin,Data Analyst,Medicine & Acute Care,8A,34.57,2022-12-31,2023-02-11,18.75,0.5,HCPC,Bank,Suspended,JR534332,2030-04-14,JJ764769,2028-02-03,2026-12-07,2023-01-21
EMP0496-20260914_000059,Claire,Harvey,ghancock@example.net,1987-12-20,01134960443,"380 Collins Rapid
West Damien
G4K 9NF",Male,Greenhaven Acute & Specialist Care NHS Trust,Mixed,India,Skilled Worker,AHP,Occupational Therapist,Clinical Support Services,6,22.76,2026-02-02,2026-03-16,30.0,0.8,NMC,Permanent,Inactive,QN358940,2027-01-30,NQ209552,2028-11-07,2027-02-08,2026-02-23
EMP0497-20260914_000059,Jade,Baldwin,jean91@example.org,1989-10-20,01154960338,"617 Tracy Manor
Lake Jacobberg
N5 7BH",Female,Horizon Integrated Health Partnership NHS Trust,Mixed,Jamaica,Dependent,Nursing,Healthcare Assistant,Women & Children,2,12.61,2017-06-19,2017-07-17,15.0,0.4,None,Permanent,Inactive,EI710958,2027-02-16,CW924576,2028-08-04,2027-01-01,2017-07-10
EMP0498-20260914_000059,Dorothy,Gregory,barnettdebra@example.com,1964-12-25,(0161) 496 0867,"Flat 55
Arnold Plain
Hopkinston
L59 2ZD",Female,Oakridge Community Services NHS Trust,Black,Kenya,British Citizen,AHP,Speech Therapist,Surgery & Cancer,6,25.79,2022-01-28,2022-02-25,18.75,0.5,HCPC,Permanent,Active,YM237603,2028-06-12,DM257948,2026-11-23,2026-11-18,2022-02-18
EMP0499-20260914_000059,Shane,Baxter,tsmith@example.org,1995-02-15,0117 4960643,"Studio 79O
Frances Road
Griffithsstad
L6 9BB",Female,Bluewater Community & Rehabilitation NHS Trust,Mixed,Jamaica,Skilled Worker,Medical,Consultant,Critical Care & Anaesthesia,CONS,71.12,2017-04-25,2017-06-06,15.0,0.4,GMC,Permanent,Suspended,SA654890,2030-01-04,MW032790,2028-12-07,2027-07-01,2017-05-16
EMP0500-20260914_000059,Jacob,Brown,gwilkinson@example.net,1969-03-07,+44131 4960163,"86 Haynes Wells
Port Darrenberg
N51 4PA",Female,Broadfield Clinical Services NHS Trust,Black,Nigeria,British Citizen,Nursing,Healthcare Assistant,Medicine & Acute Care,2,12.54,2023-10-05,2023-11-02,18.75,0.5,None,Permanent,Suspended,SG647705,2031-05-16,OW716793,2029-03-15,2027-08-25,2023-10-26
EMP0501-20260914_000059,Sylvia,Dunn,carterkimberley@example.org,1995-06-23,+44(0)8081570973,"Studio 26X
Glen Oval
South Janet
S52 3ET",Female,Meadowbrook Community Health NHS Trust,Black,Barbados,Skilled Worker,AHP,Physiologist,Critical Care & Anaesthesia,6,26.92,2020-03-12,2020-04-16,15.0,0.4,GMC,Fixed Term,Suspended,RT269079,2027-09-26,ON981353,2028-06-21,2027-01-06,2020-04-02
EMP0502-20260914_000059,Georgia,Walsh,marc37@example.org,1995-01-27,+44(0)191 4960505,"Flat 46N
Jill Meadows
New Tobymouth
DA1H 4JT",Female,Southvale Hospitals NHS Trust,Asian,Japan,Skilled Worker,Admin,Administrator,Women & Children,3,15.75,2021-12-19,2022-01-23,20.0,0.53,NMC,Fixed Term,On Leave,YX242473,2026-10-12,SB063764,2028-09-01,2026-10-29,2022-01-09
EMP0503-20260914_000059,Sylvia,Bennett,hollowayjoe@example.org,1967-11-05,0808 157 0951,"Flat 96
Iain Vista
Kennethbury
WN20 9DF",Male,Valleyview Mental Wellness NHS Trust,White,Australia,British Citizen,Nursing,Charge Nurse,Medicine & Acute Care,7,32.59,2026-01-28,2026-02-25,37.5,1.0,GMC,Bank,Suspended,BR475063,2028-12-12,BL346414,2027-02-04,2027-07-13,2026-02-18
EMP0504-20260914_000059,Lorraine,Davies,antonygodfrey@example.com,2007-01-10,+441174960038,"1 Owen Ranch
Bondborough
SE3 0SG",Male,Midlands Central Hospitals NHS Trust,Asian,China,British Citizen,AHP,Radiographer,Clinical Support Services,6,24.32,2026-07-10,2026-08-21,18.75,0.5,None,Fixed Term,Suspended,LV945789,2031-08-09,CR698178,2030-05-05,2027-03-15,2026-07-31
EMP0505-20260914_000059,Samantha,Gardiner,frank23@example.com,1963-12-21,(029) 2018462,"Studio 77
Margaret Rest
Rossborough
W6U 2UA",Female,Northshire University Hospitals NHS Trust,Mixed,Thailand,British Citizen,AHP,Physiologist,Emergency & Urgent Care,6,25.79,2019-08-05,2019-09-02,18.75,0.5,NMC,Bank,Inactive,MQ161913,2029-12-29,WQ876261,2029-09-19,2027-02-09,2019-08-26
EMP0506-20260914_000059,Derek,Bradshaw,chelsea62@example.org,2002-07-23,(0191)4960888,"Flat 3
Foster Forest
Port Neil
NW5 0ZT",Female,Valleyview Mental Wellness NHS Trust,Mixed,Trinidad and Tobago,British Citizen,Admin,Administrator,Surgery & Cancer,3,16.17,2021-01-31,2021-02-28,18.75,0.5,GMC,Permanent,On Leave,FB526452,2026-09-14,JV108657,2028-01-18,2027-04-16,2021-02-21
EMP0507-20260914_000059,Grace,Scott,prestonrebecca@example.org,1988-06-30,+44(0)141 4960794,"17 Allen Plains
Port Janechester
TW98 5YU",Female,Horizon Integrated Health Partnership NHS Trust,Black,Barbados,Skilled Worker,Nursing,Staff Nurse,Clinical Support Services,5,22.76,2018-02-23,2018-04-06,15.0,0.4,GMC,Bank,Active,XV874204,2026-09-14,VS187586,2029-01-02,2027-04-15,2018-03-16
EMP0508-20260914_000059,Shaun,Webb,cheryl23@example.com,1990-01-26,+44(0)161 496 0472,"806 Norman Route
Jennatown
EN38 7NG",Female,Northshire University Hospitals NHS Trust,Black,Trinidad and Tobago,British Citizen,AHP,Radiographer,Clinical Support Services,6,28.16,2023-06-27,2023-08-08,20.0,0.53,HCPC,Fixed Term,On Leave,MH705658,2028-08-30,OM500389,2029-09-23,2027-04-12,2023-07-18
EMP0509-20260914_000059,Bradley,Kemp,diana90@example.org,2004-10-04,(0151)4960969,"Flat 47U
Akhtar Divide
Baileybury
MK8M 4GT",Male,Meadowbrook Community Health NHS Trust,Mixed,South Africa,British Citizen,AHP,Radiographer,Medicine & Acute Care,6,25.23,2023-01-06,2023-02-10,30.0,0.8,None,Bank,Inactive,IA482219,2027-12-30,IV432408,2030-07-04,2026-12-25,2023-01-27
EMP0510-20260914_000059,Sally,Butler,lydia42@example.net,1971-08-28,+44117 4960404,"Studio 57D
Eric Green
West Lorraineville
BN44 4QJ",Male,Valleyview Mental Wellness NHS Trust,White,United Kingdom,British Citizen,Nursing,Nursery Nurse,Women & Children,2,14.07,2021-03-30,2021-05-11,20.0,0.53,GMC,Permanent,Inactive,UH451762,2028-06-15,CQ598170,2026-09-27,2027-05-16,2021-04-20
EMP0511-20260914_000059,Irene,Chan,garry40@example.org,1983-11-12,(020)74960174,"40 Hill Plaza
New Leanne
S2J 8EW",Female,Valleyview Mental Wellness NHS Trust,Black,Jamaica,ILR,Admin,Receptionist,Medicine & Acute Care,3,15.86,2025-01-17,2025-02-21,20.0,0.53,HCPC,Permanent,On Leave,HB320129,2028-07-15,JF959131,2031-03-19,2027-05-30,2025-02-07
EMP0512-20260914_000059,Eleanor,Hill,harriet96@example.com,1989-08-03,+44(0)118 4960194,"78 Richardson Plains
South Adrianborough
L1S 4EL",Male,Oakridge Community Services NHS Trust,Asian,Japan,ILR,Admin,Administrator,Emergency & Urgent Care,3,14.08,2023-12-13,2024-01-24,30.0,0.8,GMC,Permanent,Inactive,CQ577009,2029-05-06,RP105117,2030-07-29,2027-02-12,2024-01-03
EMP0513-20260914_000059,Neil,Saunders,leehollie@example.net,1971-08-01,(0118)4960919,"7 Thornton Ridge
Jonathanburgh
G1C 3WA",Male,Meadowbrook Community Health NHS Trust,White,New Zealand,Skilled Worker,AHP,Physiotherapist,Medicine & Acute Care,6,23.5,2020-10-05,2020-11-02,15.0,0.4,HCPC,Fixed Term,Active,DS376332,2030-11-21,SL882624,2028-04-29,2027-01-03,2020-10-26
EMP0514-20260914_000059,Shane,Frost,rogersgordon@example.org,1998-11-23,0909 879 0413,"Studio 50
Rebecca Harbors
Bakerland
L2 1DL",Male,Lakeside District Hospitals NHS Trust,Mixed,Japan,Dependent,Admin,Data Analyst,Corporate Services,8A,33.41,2026-03-15,2026-04-19,37.5,1.0,HCPC,Fixed Term,Active,DV653623,2029-06-01,UB093855,2030-11-29,2026-11-22,2026-04-05
EMP0515-20260914_000059,Jack,Bradley,pearsonclare@example.com,1998-02-07,+44(0)808 1570427,"0 Howard Meadows
Chelseahaven
G3B 0NZ",Female,Meadowbrook Community Health NHS Trust,White,United Kingdom,ILR,Nursing,Ward Manager,Emergency & Urgent Care,8A,33.92,2023-12-01,2023-12-29,15.0,0.4,None,Permanent,Active,OQ090102,2027-08-28,UZ814712,2026-09-30,2027-07-28,2023-12-22
EMP0516-20260914_000059,Katy,Thornton,sean58@example.org,1979-07-26,(0191) 496 0737,"Studio 64q
Johnston Via
Marshallbury
DH08 6GR",Female,Northwood Mental Health NHS Trust,Mixed,South Africa,Dependent,AHP,Occupational Therapist,Women & Children,6,23.34,2018-04-25,2018-05-30,30.0,0.8,GMC,Bank,Active,ST827826,2030-05-18,TX037461,2029-08-08,2027-03-24,2018-05-16
EMP0517-20260914_000059,Stacey,Patel,deborah39@example.com,1971-10-11,(0117) 496 0986,"Flat 24
Eric Freeway
Robertsonburgh
W83 7LJ",Female,Southgate Community & Mental Health NHS Trust,Asian,India,ILR,Medical,GP,Surgery & Cancer,GP,47.81,2020-07-14,2020-08-11,30.0,0.8,HCPC,Fixed Term,Active,KY567207,2031-01-22,KE461535,2031-09-08,2027-07-29,2020-08-04
EMP0518-20260914_000059,Stanley,Cooper,sally87@example.net,2008-07-08,+44114 496 0960,"Flat 99
Roger Cliff
New Glen
G5 2AG",Female,Meadowbrook Community Health NHS Trust,Mixed,Canada,Skilled Worker,Medical,GP,Medicine & Acute Care,GP,49.21,2018-11-30,2018-12-28,30.0,0.8,GMC,Fixed Term,On Leave,ED676652,2030-11-15,JV231469,2029-09-24,2026-12-07,2018-12-21
EMP0519-20260914_000059,Justin,Archer,elliotjones@example.net,1996-05-22,+4420 7496 0700,"18 Lisa Fort
Paigeside
M17 9HH",Female,Riverside Integrated Care NHS Trust,Black,Trinidad and Tobago,ILR,AHP,Pharmacist,Women & Children,5,20.07,2020-04-20,2020-05-18,15.0,0.4,None,Bank,Inactive,UM902521,2031-03-10,FD546690,2031-04-11,2027-05-26,2020-05-11
EMP0520-20260914_000059,Liam,Hart,wongangela@example.org,2004-11-15,(0118)4960146,"250 Moore Parkways
New Brucehaven
S0U 1NW",Male,Northshire University Hospitals NHS Trust,White,Australia,Dependent,Medical,Registrar,Emergency & Urgent Care,SPR,37.25,2022-04-14,2022-05-12,37.5,1.0,None,Fixed Term,Inactive,WZ275670,2029-09-26,KK521923,2029-08-21,2027-07-20,2022-05-05
EMP0521-20260914_000059,Vanessa,Wood,owilliams@example.net,1965-11-20,(01632) 960907,"938 Brenda Meadow
South Elainefurt
E90 2LP",Female,Horizon Integrated Health Partnership NHS Trust,Mixed,Nigeria,British Citizen,Admin,Administrator,Clinical Support Services,3,15.08,2025-04-09,2025-05-21,30.0,0.8,NMC,Fixed Term,Inactive,UI228994,2031-08-27,DH953688,2029-02-20,2027-07-31,2025-04-30
EMP0522-20260914_000059,Anne,Ingram,harrisonbryan@example.org,1992-09-02,(0115) 4960293,"Flat 98g
Bryan Locks
Mariachester
HP5R 2XS",Male,Eastfield Psychological Services NHS Trust,Mixed,United States,Skilled Worker,Nursing,Ward Manager,Medicine & Acute Care,8A,28.91,2020-10-16,2020-11-13,30.0,0.8,GMC,Fixed Term,On Leave,ED949206,2031-03-03,UR840284,2030-03-01,2026-11-13,2020-11-06
EMP0523-20260914_000059,Yvonne,Ross,watsonleanne@example.net,1961-07-10,+443069990675,"Studio 27e
Hunter Circle
West Grahamport
G1F 7UP",Female,Oakridge Community Services NHS Trust,Mixed,United States,British Citizen,AHP,Speech Therapist,Women & Children,6,25.26,2025-03-13,2025-04-10,37.5,1.0,NMC,Fixed Term,On Leave,UL564149,2026-11-18,QC441550,2026-10-06,2026-11-14,2025-04-03
EMP0524-20260914_000059,Brett,Wilson,carlyphillips@example.com,1986-04-22,+44118 4960962,"Studio 6
Kathleen Fords
Port Scott
HU3 1BZ",Male,Eastfield Psychological Services NHS Trust,Mixed,Thailand,Skilled Worker,Nursing,Healthcare Assistant,Medicine & Acute Care,2,13.74,2019-03-11,2019-04-08,30.0,0.8,HCPC,Bank,Active,FM398802,2027-05-08,AO332753,2027-11-24,2027-04-10,2019-04-01
EMP0525-20260914_000059,Abdul,Davies,barbarawilliams@example.net,2000-03-08,+44(0)1144960176,"Flat 25x
Allen Meadow
West Joycehaven
SW20 7JB",Male,Midlands Central Hospitals NHS Trust,Black,Kenya,Dependent,Medical,Registrar,Corporate Services,SPR,39.09,2018-06-13,2018-07-18,15.0,0.4,GMC,Fixed Term,Active,ZQ722221,2029-11-03,YZ759053,2027-04-16,2026-10-20,2018-07-04
EMP0526-20260914_000059,Vincent,Thompson,xpalmer@example.net,1981-08-31,+44(0)1614960544,"48 Palmer Parkway
North Danielle
M34 2RS",Male,Valleyview Mental Wellness NHS Trust,Mixed,Australia,Dependent,Nursing,Healthcare Assistant,Emergency & Urgent Care,2,13.11,2022-07-30,2022-08-27,15.0,0.4,None,Fixed Term,On Leave,GM789859,2027-05-25,BE927990,2031-01-15,2027-03-13,2022-08-20
EMP0527-20260914_000059,Francesca,Harper,patricia95@example.net,1999-07-26,+44191 496 0272,"Flat 43D
Lane Harbor
South Jill
DY9 8JP",Male,Lakeside District Hospitals NHS Trust,Black,Jamaica,Dependent,AHP,Speech Therapist,Medicine & Acute Care,6,23.75,2024-01-22,2024-03-04,15.0,0.4,HCPC,Bank,Inactive,OG469635,2029-04-17,GI237070,2030-12-07,2026-12-18,2024-02-12
EMP0528-20260914_000059,Robert,Bates,hayley21@example.org,1986-01-16,0306 9990502,"Studio 39v
O'Brien Flats
North Holly
M2H 0LN",Female,Hillcrest Medical Centres NHS Trust,Asian,Thailand,ILR,AHP,Occupational Therapist,Medicine & Acute Care,6,24.13,2021-01-10,2021-02-21,15.0,0.4,GMC,Bank,On Leave,OP149703,2028-08-01,QF010745,2028-02-16,2027-09-06,2021-01-31
EMP0529-20260914_000059,Diane,North,julia42@example.com,1998-02-05,+44909 879 0039,"848 Thomas Canyon
North Cliffordmouth
KY6 7YR",Male,Northwood Mental Health NHS Trust,Asian,Thailand,ILR,AHP,Pharmacist,Medicine & Acute Care,5,22.14,2018-10-11,2018-11-15,20.0,0.53,GMC,Bank,Active,ER294743,2028-02-03,VX639436,2029-11-15,2027-08-29,2018-11-01
EMP0530-20260914_000059,Adam,Harris,yrichardson@example.com,1972-10-09,+44(0)191 496 0490,"Flat 93
Vanessa Route
Brucetown
TQ75 1EZ",Female,Riverside Integrated Care NHS Trust,Asian,India,Skilled Worker,AHP,Occupational Therapist,Women & Children,6,24.32,2023-07-21,2023-08-18,18.75,0.5,GMC,Fixed Term,Inactive,GP270660,2028-10-18,UB703847,2027-01-25,2027-03-12,2023-08-11
EMP0531-20260914_000059,Jodie,Barber,tinabriggs@example.com,1975-09-24,01632 960551,"Flat 98
Francis Islands
North Stephen
B45 2DT",Female,Westmere Community Health NHS Trust,Asian,Japan,Dependent,Admin,Medical Secretary,Critical Care & Anaesthesia,4,17.53,2022-06-14,2022-07-12,37.5,1.0,NMC,Fixed Term,Active,YD034851,2027-12-25,EC817987,2027-05-27,2027-07-04,2022-07-05
EMP0532-20260914_000059,Grace,Smith,wholmes@example.com,1976-01-25,+44(0)116 496 0123,"Studio 21
Bell Mountains
Patriciashire
HA3 7ES",Male,Southvale Hospitals NHS Trust,White,New Zealand,ILR,Admin,Receptionist,Critical Care & Anaesthesia,3,15.95,2025-04-15,2025-05-27,15.0,0.4,GMC,Permanent,Suspended,IN544174,2031-05-04,HM511894,2029-10-22,2027-01-17,2025-05-06
EMP0533-20260914_000059,Iain,Lamb,marccole@example.net,1961-11-20,0114 4960512,"Studio 13
Declan Squares
Jadefort
LL5 5SW",Male,Meadowbrook Community Health NHS Trust,Mixed,United States,British Citizen,AHP,Physiotherapist,Critical Care & Anaesthesia,6,23.06,2023-10-02,2023-10-30,15.0,0.4,GMC,Permanent,On Leave,OX372428,2028-04-20,RM316085,2027-02-07,2027-07-09,2023-10-23
EMP0534-20260914_000059,Carolyn,Stokes,simpsonjosephine@example.com,2004-07-18,+44(0)306 999 0860,"Flat 51
Gemma Corner
West Hughside
E0F 5WS",Female,Northshire University Hospitals NHS Trust,Asian,Japan,Dependent,Medical,Registrar,Emergency & Urgent Care,SPR,41.29,2019-06-03,2019-07-08,30.0,0.8,GMC,Permanent,Suspended,JK507099,2029-12-22,BK790944,2029-05-18,2026-12-28,2019-06-24
EMP0535-20260914_000059,Irene,Ward,barnettjoel@example.net,1971-09-25,0113 4960644,"946 Reynolds Burg
Lake Beth
E8 3TY",Male,Riverbank General Hospitals NHS Trust,Asian,India,British Citizen,Nursing,Ward Manager,Corporate Services,8A,33.24,2023-06-20,2023-08-01,15.0,0.4,None,Fixed Term,Suspended,JM340720,2030-11-18,KO436584,2028-11-01,2027-03-06,2023-07-11
EMP0536-20260914_000059,Billy,Parsons,jeremyjordan@example.org,1969-12-05,+44191 4960280,"Studio 98y
Reid Spur
North Julian
S88 1QF",Female,Valleyview Mental Wellness NHS Trust,Black,Nigeria,British Citizen,Admin,Administrator,Emergency & Urgent Care,3,14.63,2018-07-06,2018-08-03,15.0,0.4,GMC,Bank,Suspended,YT472096,2031-05-19,RP649055,2027-01-09,2026-11-22,2018-07-27
EMP0537-20260914_000059,Lynne,Singh,katy78@example.net,1971-12-18,(0117)4960688,"Studio 5
Irene Views
East Colintown
B8 4XW",Female,Lakeside District Hospitals NHS Trust,White,New Zealand,British Citizen,Medical,SHO,Emergency & Urgent Care,SHO,26.07,2019-06-07,2019-07-12,15.0,0.4,NMC,Bank,Inactive,DD350848,2027-06-18,WP371119,2031-04-12,2026-11-17,2019-06-28
EMP0538-20260914_000059,Declan,Smith,nigelphillips@example.org,1997-09-20,0151 4960383,"Flat 0
Zoe Rapids
South Michelleton
E4 6FJ",Female,Westmere Community Health NHS Trust,Black,Barbados,British Citizen,Nursing,Charge Nurse,Surgery & Cancer,7,29.33,2017-01-04,2017-02-15,37.5,1.0,NMC,Permanent,Suspended,TV727587,2027-01-10,UD769389,2027-05-28,2027-06-09,2017-01-25
EMP0539-20260914_000059,Garry,Hanson,mturner@example.com,1977-04-21,(0191)4960198,"Flat 4
Keith Fords
East Susan
L1 3QX",Female,Broadfield Clinical Services NHS Trust,Mixed,Jamaica,ILR,Admin,Receptionist,Surgery & Cancer,3,13.72,2025-12-29,2026-01-26,20.0,0.53,NMC,Fixed Term,Inactive,NH007871,2030-07-24,EG604042,2031-02-26,2026-12-16,2026-01-19
EMP0540-20260914_000059,Naomi,Smith,leigh66@example.org,1960-11-10,+44151 496 0315,"9 Debra Shore
New Paul
S65 6EH",Female,Westmere Community Health NHS Trust,Asian,India,British Citizen,Medical,Registrar,Women & Children,SPR,35.31,2017-01-12,2017-02-09,15.0,0.4,None,Fixed Term,Inactive,GC365121,2030-08-08,GM065541,2030-12-10,2027-07-21,2017-02-02
EMP0541-20260914_000059,Hugh,Mason,shaun25@example.org,1987-09-20,(0191) 496 0492,"Flat 38
Wood Cliff
Brendamouth
E4H 8BZ",Male,Northshire University Hospitals NHS Trust,Black,South Africa,British Citizen,Admin,Administrator,Medicine & Acute Care,3,15.09,2021-12-31,2022-02-11,20.0,0.53,None,Permanent,Inactive,IK462432,2027-07-01,XO707073,2027-06-25,2027-07-27,2022-01-21
EMP0542-20260914_000059,Alice,Metcalfe,taylormartyn@example.net,2004-07-08,+44808 157 0126,"Flat 7
Suzanne Fords
Port Leah
M8 2AB",Male,Midlands Central Hospitals NHS Trust,Asian,Thailand,ILR,Medical,GP,Medicine & Acute Care,GP,53.48,2022-01-29,2022-02-26,15.0,0.4,NMC,Bank,Inactive,SN495316,2029-04-24,BM802842,2027-06-26,2027-03-15,2022-02-19
EMP0543-20260914_000059,Jenna,Mitchell,deborahmoore@example.com,1965-09-19,+441632960142,"Studio 6
Antony Cape
Tracyfurt
L2D 8JW",Female,Riverbank General Hospitals NHS Trust,Black,Kenya,Dependent,AHP,Physiologist,Corporate Services,6,28.12,2019-11-06,2019-12-11,37.5,1.0,None,Bank,Inactive,EF470733,2031-04-25,WA713544,2028-01-04,2027-07-09,2019-11-27
EMP0544-20260914_000059,Sean,Evans,odoherty@example.org,1968-12-07,+4420 74960034,"2 Dennis Land
East Nathanbury
G2J 4RQ",Female,Hillcrest Medical Centres NHS Trust,Asian,Japan,ILR,Medical,SHO,Emergency & Urgent Care,SHO,26.84,2021-12-11,2022-01-22,18.75,0.5,HCPC,Permanent,Active,IG170177,2028-04-28,RB038298,2029-03-11,2026-10-15,2022-01-01
EMP0545-20260914_000059,Julia,Burton,patricianorton@example.com,1981-01-28,(01632) 960934,"Studio 73Y
Fox Lights
O'Brienland
N0T 9EL",Female,Eastfield Psychological Services NHS Trust,Black,Trinidad and Tobago,Dependent,AHP,Pharmacist,Emergency & Urgent Care,5,20.85,2020-05-13,2020-06-24,15.0,0.4,GMC,Permanent,Active,QF152934,2030-08-01,GU557849,2028-08-22,2027-01-28,2020-06-03
EMP0546-20260914_000059,Albert,Thompson,david11@example.org,1995-03-06,+44116 496 0295,"Studio 02q
Field Junctions
Griffithsland
S29 5AE",Female,Greenhaven Acute & Specialist Care NHS Trust,Asian,India,Skilled Worker,Medical,GP,Corporate Services,GP,51.78,2018-06-29,2018-08-03,18.75,0.5,HCPC,Bank,Inactive,YS014396,2029-03-19,TT422275,2030-04-13,2027-05-30,2018-07-20
EMP0547-20260914_000059,Tracy,Hill,ycooper@example.org,1996-03-18,01914960832,"659 Douglas Spring
Port Lisa
E4A 3PU",Female,Southvale Hospitals NHS Trust,Mixed,Thailand,British Citizen,Medical,FY1/FY2,Corporate Services,FY1,20.31,2026-01-29,2026-03-05,20.0,0.53,HCPC,Fixed Term,On Leave,VU084998,2030-01-20,LJ849440,2028-12-20,2027-04-14,2026-02-19
EMP0548-20260914_000059,Wayne,Berry,francesca10@example.com,1997-10-04,0292018632,"9 Green Extension
Maxmouth
NP1 7RP",Female,Meadowbrook Community Health NHS Trust,Mixed,Kenya,British Citizen,Nursing,Staff Nurse,Emergency & Urgent Care,5,21.16,2017-08-01,2017-09-12,20.0,0.53,GMC,Bank,Active,KE436552,2027-07-19,UA185275,2027-09-21,2026-12-05,2017-08-22
EMP0549-20260914_000059,Raymond,Holland,donaldharvey@example.com,1979-02-20,01614960121,"Flat 76
Lucy Pass
East Conor
N8 5TS",Male,Northwood Mental Health NHS Trust,Black,South Africa,ILR,Medical,Consultant,Medicine & Acute Care,CONS,66.51,2021-04-30,2021-06-11,20.0,0.53,NMC,Permanent,On Leave,ZH413038,2030-06-03,NS626750,2030-01-18,2027-06-29,2021-05-21
EMP0550-20260914_000059,Charles,Shepherd,tommay@example.com,1990-08-26,01134960918,"5 Richardson Camp
New Joanna
G8G 1YP",Female,Southgate Community & Mental Health NHS Trust,Black,Nigeria,Skilled Worker,Admin,Receptionist,Medicine & Acute Care,3,14.91,2021-06-12,2021-07-10,30.0,0.8,None,Bank,Inactive,PS417921,2027-03-16,SG623428,2029-01-12,2026-09-16,2021-07-03
EMP0551-20260914_000059,Josh,Taylor,marcus82@example.net,1971-11-23,0141 496 0124,"7 Dorothy Bridge
Sarahborough
ZE7E 8SF",Male,Westborough Acute Care NHS Trust,Mixed,Canada,ILR,Medical,GP,Corporate Services,GP,60.43,2018-06-04,2018-07-02,15.0,0.4,NMC,Fixed Term,Suspended,XR926464,2030-06-09,AO729159,2028-04-10,2027-05-26,2018-06-25
EMP0552-20260914_000059,Jacqueline,Hutchinson,leighhussain@example.com,1986-03-29,+44(0)28 9018 0635,"7 Webster Unions
Woodstad
N6B 8UE",Male,Midlands Central Hospitals NHS Trust,Mixed,New Zealand,British Citizen,Nursing,Ward Manager,Medicine & Acute Care,8A,30.07,2026-05-20,2026-06-24,30.0,0.8,None,Permanent,On Leave,DJ476920,2027-05-26,XO523782,2030-05-25,2027-07-28,2026-06-10
EMP0553-20260914_000059,Max,Little,acole@example.org,1996-12-28,028 9018 0584,"Flat 09Q
Sally Throughway
Hazelview
M6U 6YS",Male,Lakeside District Hospitals NHS Trust,Black,Trinidad and Tobago,British Citizen,Medical,SHO,Emergency & Urgent Care,SHO,27.44,2023-11-16,2023-12-21,20.0,0.53,HCPC,Bank,Active,NT586183,2027-12-25,EY149654,2030-12-28,2027-07-02,2023-12-07
EMP0554-20260914_000059,Malcolm,Davis,lloydderek@example.org,1982-09-30,(0115) 4960539,"Studio 82c
Robinson Ridges
North Bernard
WD62 5JF",Male,Meadowbrook Community Health NHS Trust,White,United Kingdom,British Citizen,Nursing,Ward Manager,Critical Care & Anaesthesia,8A,29.78,2017-04-12,2017-05-10,20.0,0.53,None,Permanent,Active,GT485392,2027-06-26,SW113922,2028-03-24,2027-04-06,2017-05-03
EMP0555-20260914_000059,Barry,Reynolds,huntliam@example.com,1969-05-25,+441214960083,"7 Webb Glen
North Shanehaven
N43 4WA",Female,Lakeside District Hospitals NHS Trust,Asian,India,British Citizen,Nursing,Charge Nurse,Women & Children,7,31.51,2017-08-29,2017-10-03,37.5,1.0,NMC,Bank,Suspended,ST195884,2029-09-24,RY746796,2027-07-03,2026-09-17,2017-09-19
EMP0556-20260914_000059,Alison,Cross,edwardsirene@example.com,1961-10-14,02074960860,"Studio 27
Shaw Mall
New Jamesport
N8C 2ZY",Male,Lakeside District Hospitals NHS Trust,Mixed,United Kingdom,British Citizen,Admin,Medical Secretary,Women & Children,4,19.02,2017-12-02,2018-01-13,20.0,0.53,GMC,Fixed Term,Active,KX071432,2029-01-07,NF657609,2026-12-06,2026-09-20,2017-12-23
EMP0557-20260914_000059,Helen,Turner,valerie07@example.org,2006-10-06,+44292018655,"824 Griffiths Flats
West Chelsea
B0 7RX",Male,Northshire University Hospitals NHS Trust,Black,Jamaica,Dependent,AHP,Radiographer,Corporate Services,6,24.84,2017-05-21,2017-07-02,37.5,1.0,None,Bank,Active,EJ203367,2031-08-11,NE740188,2029-11-20,2027-02-08,2017-06-11
EMP0558-20260914_000059,Helen,Clarke,ssingh@example.org,1970-02-09,0118 496 0676,"051 Williamson Avenue
Lake Henrymouth
B1D 9UX",Female,Horizon Integrated Health Partnership NHS Trust,White,Australia,Dependent,AHP,Physiotherapist,Critical Care & Anaesthesia,6,24.61,2021-01-08,2021-02-12,18.75,0.5,HCPC,Fixed Term,Active,WS578924,2029-09-08,AW692542,2026-12-21,2027-02-02,2021-01-29
EMP0559-20260914_000059,Jeremy,Hill,benjamin02@example.org,1986-05-07,+44909 8790722,"19 Andrea Crescent
Morganton
HA67 9TT",Female,Midlands Central Hospitals NHS Trust,Black,Ghana,British Citizen,Medical,Registrar,Medicine & Acute Care,SPR,34.13,2021-08-12,2021-09-16,30.0,0.8,NMC,Bank,Suspended,CH660211,2029-04-08,WD503704,2030-03-08,2027-01-06,2021-09-02
EMP0560-20260914_000059,Hollie,Fisher,ellie92@example.com,1969-02-18,+44115 4960935,"Flat 91M
Smith Island
New Kathleenton
E90 4SA",Female,Westborough Acute Care NHS Trust,Black,Barbados,British Citizen,Admin,Administrator,Emergency & Urgent Care,3,14.4,2017-09-04,2017-10-02,20.0,0.53,NMC,Bank,Active,YC953420,2030-06-28,CH151039,2031-09-08,2027-05-04,2017-09-25
EMP0561-20260914_000059,Suzanne,Reed,aliceashton@example.net,2002-09-07,(028) 9018431,"501 Reece Place
Harrisonhaven
SR39 2TJ",Male,Valleyview Mental Wellness NHS Trust,Asian,Japan,ILR,Admin,Data Analyst,Clinical Support Services,8A,30.14,2023-05-03,2023-06-07,20.0,0.53,None,Fixed Term,Inactive,YO925987,2031-08-10,BB372876,2027-12-05,2027-05-31,2023-05-24
EMP0562-20260914_000059,Teresa,King,hgray@example.org,1972-04-24,+441414960189,"5 Denis Field
North Lynnechester
WC8R 4YA",Male,Horizon Integrated Health Partnership NHS Trust,Mixed,Australia,ILR,Nursing,Ward Manager,Medicine & Acute Care,8A,31.76,2020-08-04,2020-09-08,37.5,1.0,NMC,Permanent,Suspended,BD467446,2027-12-01,EA134497,2030-12-31,2027-04-13,2020-08-25
EMP0563-20260914_000059,Darren,Smith,whitegregory@example.org,1978-05-23,+441144960854,"8 Lewis Ville
Alexandermouth
L1 3WR",Female,Riverbank General Hospitals NHS Trust,Mixed,United States,ILR,Admin,Medical Secretary,Surgery & Cancer,4,17.88,2022-12-26,2023-01-30,15.0,0.4,GMC,Bank,On Leave,BM292836,2030-11-16,PE840729,2027-05-04,2027-02-22,2023-01-16
EMP0564-20260914_000059,Mohammad,Wilson,ameliaosborne@example.net,1965-07-29,+44(0)117 4960430,"Flat 88w
Alan Squares
New Abdul
IG41 4US",Male,Southvale Hospitals NHS Trust,White,Australia,British Citizen,Medical,GP,Clinical Support Services,GP,53.38,2020-02-17,2020-03-23,37.5,1.0,NMC,Permanent,Suspended,FN852035,2030-02-01,VO059739,2031-04-02,2026-12-08,2020-03-09
EMP0565-20260914_000059,Pauline,Harrison,ryanperkins@example.net,1981-03-05,+44(0)1144960887,"Studio 6
Williams Stream
Roberthaven
BB6W 4ZQ",Female,Southgate Community & Mental Health NHS Trust,Asian,China,British Citizen,AHP,Physiotherapist,Surgery & Cancer,6,28.1,2017-12-09,2018-01-06,30.0,0.8,NMC,Fixed Term,Active,LV940795,2031-04-03,TU068416,2027-10-16,2027-07-02,2017-12-30
EMP0566-20260914_000059,Sarah,Hayes,tbegum@example.com,2003-08-02,03069990920,"21 Stacey Ports
Justinshire
S7 0DJ",Female,Greenhaven Acute & Specialist Care NHS Trust,White,United States,ILR,Medical,FY1/FY2,Medicine & Acute Care,FY1,21.08,2023-03-20,2023-05-01,37.5,1.0,NMC,Fixed Term,On Leave,DK646650,2026-12-04,DN236918,2028-12-22,2026-09-25,2023-04-10
EMP0567-20260914_000059,Christine,Norris,scarey@example.net,1994-11-27,+44(0)116 4960468,"3 Geoffrey Avenue
Lordport
L0D 9AU",Female,Valleyview Mental Wellness NHS Trust,White,Australia,ILR,Admin,Data Analyst,Medicine & Acute Care,8A,31.35,2018-04-26,2018-06-07,18.75,0.5,GMC,Bank,Active,PE836481,2029-01-10,MO205713,2028-05-19,2027-05-28,2018-05-17
EMP0568-20260914_000059,Diane,Williams,kayleigh78@example.org,1985-03-26,01174960448,"447 Jones Gardens
North Kelly
NP2H 7BY",Female,Greenhaven Acute & Specialist Care NHS Trust,Black,Trinidad and Tobago,ILR,Admin,Medical Secretary,Corporate Services,4,16.89,2024-05-23,2024-07-04,37.5,1.0,GMC,Permanent,Inactive,KK429008,2028-06-24,TT579954,2031-05-23,2027-04-09,2024-06-13
EMP0569-20260914_000059,Malcolm,Johnson,murphyleslie@example.org,1972-01-07,+44(0)292018069,"9 Neil Island
Harrisstad
E0K 9TN",Female,Greenhaven Acute & Specialist Care NHS Trust,White,Australia,Skilled Worker,AHP,Physiologist,Critical Care & Anaesthesia,6,24.41,2023-05-31,2023-07-12,20.0,0.53,GMC,Permanent,Suspended,BN441001,2029-02-26,YK524730,2028-11-17,2027-01-25,2023-06-21
EMP0570-20260914_000059,Damien,Grant,huntowen@example.com,1964-11-24,+44121 4960608,"Studio 1
Robert Court
Brownfurt
HD7V 1DN",Female,Lakeside District Hospitals NHS Trust,White,United Kingdom,British Citizen,Nursing,Nursery Nurse,Critical Care & Anaesthesia,2,12.89,2018-02-17,2018-03-24,20.0,0.53,NMC,Permanent,On Leave,ES071544,2028-04-22,CI593863,2027-06-19,2026-11-06,2018-03-10
EMP0571-20260914_000059,Howard,Carey,iqbaldean@example.org,1998-01-19,+44(0)1514960346,"756 Cook Summit
Beverleytown
W1D 8ED",Female,Greenhaven Acute & Specialist Care NHS Trust,White,United Kingdom,Skilled Worker,Nursing,Staff Nurse,Clinical Support Services,5,19.89,2018-06-04,2018-07-16,30.0,0.8,HCPC,Bank,Active,ID593146,2028-08-12,XQ278429,2028-10-26,2027-01-17,2018-06-25
EMP0572-20260914_000059,Frederick,Shah,matthewthomas@example.com,1968-04-25,+441632960104,"220 Adrian Pines
Debraport
SS86 5AQ",Male,Westborough Acute Care NHS Trust,Asian,India,British Citizen,Medical,GP,Surgery & Cancer,GP,60.12,2019-07-20,2019-08-24,15.0,0.4,None,Permanent,Suspended,TR986102,2031-06-09,OK231337,2029-02-24,2026-10-11,2019-08-10
EMP0573-20260914_000059,Arthur,Hart,shannon16@example.com,1973-05-29,020 74960988,"Flat 45o
Jones Village
Markland
LL3 8XL",Male,Valleyview Mental Wellness NHS Trust,Black,Jamaica,Skilled Worker,Nursing,Charge Nurse,Clinical Support Services,7,28.05,2019-03-15,2019-04-26,30.0,0.8,GMC,Bank,On Leave,CS454227,2030-04-09,BE447097,2027-01-06,2027-06-10,2019-04-05
EMP0574-20260914_000059,Iain,Hussain,kempsian@example.com,2000-03-15,028 9018595,"636 Scott Mission
Elliotmouth
E9H 4NY",Male,Westmere Community Health NHS Trust,Mixed,Japan,Skilled Worker,Nursing,Nursery Nurse,Corporate Services,2,13.49,2025-05-04,2025-06-08,20.0,0.53,NMC,Fixed Term,Inactive,BX295033,2027-05-20,QF126740,2026-12-19,2027-02-22,2025-05-25
EMP0575-20260914_000059,Joseph,Taylor,barnesjames@example.net,1962-05-09,+44(0)306 999 0215,"Flat 0
Cunningham Corner
Jordanmouth
L27 5AW",Male,Southvale Hospitals NHS Trust,Mixed,Japan,British Citizen,Admin,Receptionist,Emergency & Urgent Care,3,14.36,2026-07-01,2026-08-12,20.0,0.53,GMC,Permanent,Suspended,SK949856,2027-02-13,BH736276,2027-12-28,2027-05-27,2026-07-22
EMP0576-20260914_000059,Mohamed,Middleton,marcusburrows@example.org,1980-01-21,+44(0)1154960990,"Flat 18
Taylor Extensions
Huntertown
DD3 1EZ",Female,Hillcrest Medical Centres NHS Trust,Mixed,New Zealand,British Citizen,AHP,Speech Therapist,Surgery & Cancer,6,24.11,2024-03-09,2024-04-06,37.5,1.0,NMC,Permanent,Active,EH241433,2029-01-11,EZ995214,2027-02-05,2027-05-10,2024-03-30
EMP0577-20260914_000059,Donna,Brady,charlene99@example.net,1976-08-27,(0191) 4960897,"45 Stokes Place
Daviesstad
W0 3LQ",Female,Lakeside District Hospitals NHS Trust,Mixed,Nigeria,ILR,Admin,Data Analyst,Critical Care & Anaesthesia,8A,30.2,2024-06-26,2024-07-31,20.0,0.53,NMC,Permanent,On Leave,ZQ488236,2027-08-10,LE939455,2029-02-09,2026-10-05,2024-07-17
EMP0578-20260914_000059,Damian,Thompson,louise47@example.com,1973-05-21,+4420 74960956,"70 Foster Islands
North Shane
S3 3GR",Male,Meadowbrook Community Health NHS Trust,Black,Nigeria,Dependent,Nursing,Staff Nurse,Corporate Services,5,21.33,2019-04-03,2019-05-01,15.0,0.4,GMC,Fixed Term,Active,YA638817,2030-10-26,TT502854,2030-09-02,2027-08-21,2019-04-24
EMP0579-20260914_000059,Craig,Singh,shaun35@example.com,1985-03-02,(0909) 879 0315,"Flat 54
Pope Lake
South Guy
W8 6ZY",Female,Hillcrest Medical Centres NHS Trust,Mixed,United Kingdom,ILR,Medical,GP,Critical Care & Anaesthesia,GP,54.62,2017-07-11,2017-08-15,15.0,0.4,HCPC,Bank,Active,BV293027,2030-04-13,IW531554,2027-08-17,2026-10-26,2017-08-01
EMP0580-20260914_000059,Henry,Walsh,alexandraevans@example.net,1998-11-29,0121 4960177,"752 Benjamin Throughway
Baxtermouth
BD8 7WH",Male,Horizon Integrated Health Partnership NHS Trust,Black,Ghana,Skilled Worker,Admin,Medical Secretary,Medicine & Acute Care,4,15.38,2025-04-10,2025-05-15,20.0,0.53,HCPC,Permanent,Suspended,PJ162074,2030-09-15,ZR819098,2031-08-18,2027-01-20,2025-05-01
EMP0581-20260914_000059,Hugh,Hill,james75@example.org,2008-04-15,029 2018 0872,"Flat 3
Taylor Plains
Hewittside
B87 5WU",Male,Northwood Mental Health NHS Trust,White,United Kingdom,Dependent,Medical,SHO,Corporate Services,SHO,23.57,2023-12-14,2024-01-18,37.5,1.0,NMC,Permanent,Active,LU484216,2027-10-24,IP293646,2030-09-08,2027-08-23,2024-01-04
EMP0582-20260914_000059,Martin,Ward,teresa42@example.org,1973-09-30,+44909 8790451,"Studio 12X
Damian Lane
Reidshire
RH7R 5LJ",Female,Valleyview Mental Wellness NHS Trust,Mixed,Kenya,Skilled Worker,Medical,SHO,Surgery & Cancer,SHO,23.85,2016-12-28,2017-02-08,30.0,0.8,GMC,Bank,Active,WL130267,2027-08-02,MK950231,2028-05-22,2027-06-06,2017-01-18
EMP0583-20260914_000059,Hannah,Boyle,sharpgraeme@example.net,1973-03-12,0131 496 0962,"Studio 0
Thompson Passage
Sandersland
SS3Y 0ZD",Female,Bluewater Community & Rehabilitation NHS Trust,Mixed,Jamaica,British Citizen,AHP,Physiologist,Surgery & Cancer,6,26.35,2016-09-19,2016-10-24,15.0,0.4,GMC,Fixed Term,On Leave,CQ494630,2027-07-25,UY747673,2030-07-01,2027-07-28,2016-10-10
EMP0584-20260914_000059,Teresa,Thompson,sjordan@example.com,1961-04-30,+44161 496 0189,"00 Bethany Point
Grahamton
W4B 9RB",Male,Broadfield Clinical Services NHS Trust,Mixed,Trinidad and Tobago,British Citizen,Admin,Receptionist,Corporate Services,3,14.73,2022-01-03,2022-01-31,15.0,0.4,GMC,Permanent,Active,BO964315,2029-04-19,ML619907,2030-01-14,2027-02-19,2022-01-24
EMP0585-20260914_000059,Bernard,Norman,glennjenkins@example.com,1985-03-06,0116 4960809,"Flat 67
Nicole Highway
Norrisshire
CW7W 3PA",Male,Southgate Community & Mental Health NHS Trust,Mixed,India,British Citizen,Nursing,Charge Nurse,Critical Care & Anaesthesia,7,30.44,2019-07-05,2019-08-02,30.0,0.8,None,Permanent,Inactive,CC234949,2030-03-21,CF955035,2027-05-05,2027-05-29,2019-07-26
EMP0586-20260914_000059,Jay,Freeman,charlottelloyd@example.org,1989-04-03,+44114 4960904,"49 Bruce Fords
Carolinetown
NR8 2AE",Male,Eastmoor Teaching Hospitals NHS Trust,Asian,China,ILR,AHP,Occupational Therapist,Corporate Services,6,22.82,2021-12-01,2022-01-12,20.0,0.53,GMC,Bank,On Leave,RX591461,2031-01-02,WW802775,2027-05-03,2027-01-20,2021-12-22
EMP0587-20260914_000059,Brett,Boyle,holliewilliams@example.org,1974-03-29,028 9018 0592,"82 Black Tunnel
Port Danielle
N81 0AS",Female,Hillcrest Medical Centres NHS Trust,Mixed,Nigeria,Skilled Worker,Nursing,Charge Nurse,Clinical Support Services,7,26.85,2022-03-01,2022-04-12,20.0,0.53,GMC,Permanent,On Leave,JK264774,2030-04-22,GL218963,2029-04-26,2027-06-27,2022-03-22
EMP0588-20260914_000059,Katherine,Barnes,nigelsmith@example.org,1984-08-31,(0114) 496 0351,"0 Bruce Branch
Port Leanne
AB25 9YH",Male,Westborough Acute Care NHS Trust,Mixed,Ghana,Dependent,Medical,FY1/FY2,Corporate Services,FY1,19.85,2018-08-12,2018-09-09,18.75,0.5,None,Fixed Term,Suspended,GA777176,2027-02-03,CN605598,2028-09-26,2026-10-26,2018-09-02
EMP0589-20260914_000059,Hollie,Bradshaw,smithcraig@example.net,1980-02-12,(0141) 496 0049,"749 Debra Trail
South Natalie
G13 7EA",Male,Eastmoor Teaching Hospitals NHS Trust,Mixed,India,British Citizen,AHP,Occupational Therapist,Clinical Support Services,6,27.38,2020-02-10,2020-03-16,20.0,0.53,GMC,Bank,On Leave,NC986327,2030-06-09,VK942499,2030-05-05,2027-02-10,2020-03-02
EMP0590-20260914_000059,Gemma,Taylor,carolmatthews@example.com,1971-03-18,(0191)4960484,"Flat 4
Dean Mountains
New Denis
WD2R 2TX",Male,Northwood Mental Health NHS Trust,Black,Nigeria,British Citizen,Admin,Medical Secretary,Medicine & Acute Care,4,18.28,2022-01-28,2022-03-11,20.0,0.53,GMC,Fixed Term,Inactive,OU059959,2029-04-07,GJ640696,2031-07-13,2027-04-15,2022-02-18
EMP0591-20260914_000059,Kieran,Smith,brettmclean@example.org,1960-10-05,+44113 4960493,"248 Clark Keys
Williamsmouth
CA8 8TF",Female,Bluewater Community & Rehabilitation NHS Trust,White,Canada,British Citizen,Nursing,Ward Manager,Women & Children,8A,32.83,2018-10-28,2018-11-25,15.0,0.4,HCPC,Fixed Term,Suspended,BS849933,2028-03-27,UN109654,2027-01-28,2026-12-29,2018-11-18
EMP0592-20260914_000059,Justin,Clarke,tbarrett@example.org,1990-11-29,+441144960073,"05 Ford Extension
South Carltown
E41 6LB",Female,Eastmoor Teaching Hospitals NHS Trust,Black,Barbados,ILR,Nursing,Ward Manager,Clinical Support Services,8A,32.16,2022-10-10,2022-11-21,37.5,1.0,NMC,Bank,Suspended,OS433530,2028-09-25,BX680690,2028-03-21,2026-10-06,2022-10-31
EMP0593-20260914_000059,Conor,Alexander,vthorpe@example.org,1969-04-18,+44191 4960542,"1 Phillip Mount
Jamesborough
LD7R 7HE",Female,Southgate Community & Mental Health NHS Trust,Asian,India,ILR,Medical,Registrar,Women & Children,SPR,37.42,2022-12-15,2023-01-26,18.75,0.5,HCPC,Permanent,Inactive,KM788172,2030-02-05,MO664493,2027-10-11,2027-01-25,2023-01-05
EMP0594-20260914_000059,Kirsty,Barton,lwilliams@example.net,1972-05-26,+441632960359,"Studio 36q
Terry Shoal
South Patrickmouth
W6 2UB",Female,Northshire University Hospitals NHS Trust,Mixed,Japan,ILR,Medical,FY1/FY2,Surgery & Cancer,FY1,20.64,2017-11-24,2017-12-29,20.0,0.53,NMC,Bank,Inactive,YP462244,2028-11-24,XZ600003,2029-06-18,2027-02-19,2017-12-15
EMP0595-20260914_000059,Nathan,Wood,marie92@example.com,1964-04-15,(0117) 496 0099,"4 Clarke Crossing
South Abdul
PO0 0YY",Male,Westmere Community Health NHS Trust,Mixed,India,British Citizen,Nursing,Ward Manager,Women & Children,8A,29.1,2023-06-28,2023-08-09,15.0,0.4,GMC,Permanent,Active,KL827957,2028-12-04,CY309517,2027-02-15,2027-04-14,2023-07-19
EMP0596-20260914_000059,Lawrence,Stevenson,hilarylee@example.com,1988-03-26,+44(0)29 2018506,"2 Gardner Pike
Jonesfurt
E8 4HY",Male,Hillcrest Medical Centres NHS Trust,Mixed,Kenya,Skilled Worker,Nursing,Senior Staff Nurse,Surgery & Cancer,6,24.11,2020-10-06,2020-11-10,37.5,1.0,HCPC,Fixed Term,Inactive,YK826089,2031-05-09,GB861367,2027-04-13,2026-10-31,2020-10-27
EMP0597-20260914_000059,Mandy,Hawkins,waltongeorge@example.org,1962-06-26,(0141) 496 0681,"28 Toby Port
Lake Amelia
N37 6HU",Male,Northshire University Hospitals NHS Trust,White,United States,Dependent,AHP,Occupational Therapist,Women & Children,6,22.65,2018-10-05,2018-11-09,20.0,0.53,GMC,Fixed Term,On Leave,VC980664,2029-08-11,CH550903,2030-02-12,2026-12-04,2018-10-26
EMP0598-20260914_000059,Yvonne,Watts,cstevens@example.net,2004-04-23,0115 4960322,"Flat 7
Antony Shore
New Bryanshire
B84 2LF",Female,Horizon Integrated Health Partnership NHS Trust,White,New Zealand,ILR,Medical,SHO,Critical Care & Anaesthesia,SHO,23.43,2022-11-15,2022-12-27,30.0,0.8,NMC,Fixed Term,Inactive,KG559310,2028-10-04,EW088830,2028-08-24,2027-01-14,2022-12-06
EMP0599-20260914_000059,Sean,Wood,randalljill@example.net,1963-09-07,(0151) 4960025,"Studio 8
Katy Viaduct
New Teresaside
E21 1PH",Male,Broadfield Clinical Services NHS Trust,White,United States,ILR,Medical,FY1/FY2,Clinical Support Services,FY1,18.88,2025-07-16,2025-08-13,18.75,0.5,HCPC,Fixed Term,Active,TQ108641,2026-12-26,DO929641,2026-10-02,2027-07-08,2025-08-06
EMP0600-20260914_000059,Stewart,Hayes,wallacemohammad@example.com,1999-09-14,01632960498,"Studio 90T
Michael Street
Scottbury
S1 3QU",Female,Southgate Community & Mental Health NHS Trust,Black,South Africa,Dependent,Admin,Receptionist,Corporate Services,3,13.93,2024-08-14,2024-09-18,30.0,0.8,NMC,Permanent,On Leave,PC088212,2028-07-05,ST620263,2031-09-10,2027-01-06,2024-09-04
EMP0601-20260914_000059,Kenneth,Graham,aharrison@example.net,1987-12-30,+44(0)141 496 0674,"29 Lucy Corners
North George
E3G 7NJ",Female,Westborough Acute Care NHS Trust,Mixed,China,ILR,Admin,Administrator,Women & Children,3,14.58,2025-03-26,2025-04-23,15.0,0.4,NMC,Bank,Inactive,OO816824,2029-07-15,EO413486,2027-02-05,2027-08-12,2025-04-16
EMP0602-20260914_000059,William,Lamb,duncanhoward@example.net,1999-02-24,+44(0)1314960205,"36 Joel Key
Morriston
B8B 1HD",Male,Westmere Community Health NHS Trust,Asian,Thailand,ILR,Medical,Consultant,Surgery & Cancer,CONS,51.01,2023-10-29,2023-12-10,18.75,0.5,GMC,Permanent,Active,FO769265,2028-11-25,WG524303,2027-06-19,2026-11-28,2023-11-19
EMP0603-20260914_000059,Jake,Harrison,stephenhill@example.net,1986-02-08,(0808) 157 0798,"22 Cunningham Village
Mitchellmouth
S52 6DT",Female,Riverside Integrated Care NHS Trust,Mixed,Japan,British Citizen,AHP,Speech Therapist,Emergency & Urgent Care,6,27.78,2021-03-23,2021-04-27,18.75,0.5,NMC,Permanent,Suspended,YQ943143,2031-07-21,HW309892,2030-03-14,2026-10-18,2021-04-13
EMP0604-20260914_000059,Lauren,Knight,phicks@example.org,1993-06-19,(028) 9018555,"Studio 58
Carole Trail
New Vincentshire
W7 6FE",Female,Lakeside District Hospitals NHS Trust,White,United States,ILR,Admin,Medical Secretary,Women & Children,4,17.64,2022-11-09,2022-12-07,15.0,0.4,HCPC,Bank,Inactive,MR617624,2029-02-23,TA562043,2027-09-27,2027-05-28,2022-11-30
EMP0605-20260914_000059,Joan,Ball,hayesjustin@example.org,1966-09-29,+44(0)115 4960312,"907 Walton Fork
Port Gail
N85 0DF",Male,Greenhaven Acute & Specialist Care NHS Trust,Asian,Japan,Skilled Worker,AHP,Speech Therapist,Surgery & Cancer,6,22.97,2026-06-13,2026-07-25,30.0,0.8,NMC,Fixed Term,Suspended,DB991185,2030-12-22,ME972070,2031-05-26,2026-12-11,2026-07-04
EMP0606-20260914_000059,Mary,Morgan,sjackson@example.com,2006-11-09,+44(0)141 4960740,"Flat 91Z
Edward Station
Lake Hannahhaven
L21 8XT",Male,Northshire University Hospitals NHS Trust,Asian,Japan,ILR,Nursing,Healthcare Assistant,Surgery & Cancer,2,13.16,2021-05-19,2021-06-23,20.0,0.53,NMC,Permanent,Suspended,PP934868,2029-07-10,XT508585,2028-01-04,2027-09-08,2021-06-09
EMP0607-20260914_000059,Chelsea,Dobson,greenrebecca@example.com,1985-04-09,(0909) 879 0875,"8 Ward Field
Stephenfurt
E7F 1BQ",Female,Westmere Community Health NHS Trust,Black,South Africa,Dependent,Admin,Administrator,Clinical Support Services,3,14.69,2026-02-08,2026-03-08,18.75,0.5,HCPC,Fixed Term,Suspended,ND463398,2029-05-25,XU887952,2026-10-31,2026-11-12,2026-03-01
EMP0608-20260914_000059,Benjamin,Bradshaw,rosemary67@example.org,1960-09-19,+4428 9018832,"Flat 27h
Doyle Junction
West Oliver
NN7H 2ZW",Male,Horizon Integrated Health Partnership NHS Trust,Mixed,Jamaica,ILR,Nursing,Staff Nurse,Women & Children,5,20.9,2026-01-02,2026-01-30,30.0,0.8,NMC,Fixed Term,Inactive,UO661818,2029-09-20,GS555337,2031-01-06,2027-04-04,2026-01-23
EMP0609-20260914_000059,Bethany,Rowe,simon11@example.com,1967-06-22,0117 496 0462,"Flat 85a
Clive Trafficway
East Elizabeth
N76 7BE",Female,Oakridge Community Services NHS Trust,Mixed,Japan,British Citizen,Nursing,Staff Nurse,Critical Care & Anaesthesia,5,20.46,2022-11-04,2022-12-16,20.0,0.53,GMC,Bank,Inactive,NI774837,2027-07-22,BT150360,2029-06-23,2027-03-30,2022-11-25
EMP0610-20260914_000059,Julia,Cartwright,rglover@example.com,1982-02-18,(0115)4960568,"15 Manning Wells
Dunnside
DE9 7QX",Female,Bluewater Community & Rehabilitation NHS Trust,Asian,India,British Citizen,Admin,Administrator,Corporate Services,3,14.28,2017-09-20,2017-11-01,15.0,0.4,NMC,Fixed Term,Suspended,WI042412,2027-03-15,ZC402698,2028-11-06,2027-06-04,2017-10-11
EMP0611-20260914_000059,Louis,Robinson,duncan76@example.com,1993-10-25,0161 496 0545,"0 Carole Road
North Joan
PE20 5QB",Male,Broadfield Clinical Services NHS Trust,Asian,India,Dependent,Admin,Data Analyst,Women & Children,8A,28.87,2022-04-12,2022-05-17,30.0,0.8,GMC,Bank,Suspended,DV067696,2031-08-08,TL831645,2027-09-19,2027-09-03,2022-05-03
EMP0612-20260914_000059,Stephanie,Taylor,tbrown@example.net,1999-06-11,0116 4960499,"08 Shaun Vista
North Ashleyburgh
OL2A 6JZ",Female,Broadfield Clinical Services NHS Trust,Asian,Thailand,British Citizen,Medical,Consultant,Surgery & Cancer,CONS,62.98,2025-11-09,2025-12-07,30.0,0.8,NMC,Permanent,On Leave,HC069345,2028-09-26,NS493260,2028-05-22,2027-04-26,2025-11-30
EMP0613-20260914_000059,Elliot,Robinson,parkercarly@example.org,1993-07-27,(020) 7496 0200,"Studio 92
Sutton Station
Lake Iainberg
CF16 5BS",Female,Hillcrest Medical Centres NHS Trust,White,United Kingdom,Dependent,Nursing,Healthcare Assistant,Emergency & Urgent Care,2,13.43,2018-03-28,2018-05-09,30.0,0.8,HCPC,Bank,Active,OF574117,2030-10-09,GM998438,2028-03-24,2027-09-12,2018-04-18
EMP0614-20260914_000059,Jasmine,Barnes,hillashleigh@example.com,1966-01-22,+44(0)289018697,"Flat 73T
Tracy Way
East Pamela
CW7Y 6FT",Male,Eastmoor Teaching Hospitals NHS Trust,Asian,Japan,ILR,Medical,GP,Surgery & Cancer,GP,55.62,2020-01-24,2020-03-06,37.5,1.0,HCPC,Bank,On Leave,WL802896,2027-01-10,NK933772,2027-10-08,2027-04-05,2020-02-14
EMP0615-20260914_000059,Kirsty,Webb,alexanderbirch@example.net,1968-08-15,+44141 496 0611,"Flat 31U
Dixon Roads
New Emilystad
E1K 0WT",Male,Eastmoor Teaching Hospitals NHS Trust,Mixed,Nigeria,British Citizen,Nursing,Healthcare Assistant,Women & Children,2,14.14,2019-02-24,2019-04-07,15.0,0.4,HCPC,Bank,Suspended,FE940056,2029-11-26,WM202018,2029-10-11,2026-12-27,2019-03-17
EMP0616-20260914_000059,Laura,Sharp,miahdaniel@example.net,1999-10-30,+44(0)113 496 0209,"640 King Ferry
Katherinehaven
N4T 3FU",Female,Riverside Integrated Care NHS Trust,Asian,China,Skilled Worker,Admin,Receptionist,Women & Children,3,14.78,2024-12-24,2025-01-28,18.75,0.5,GMC,Fixed Term,Active,WB386341,2028-06-23,ET374013,2030-12-10,2027-08-07,2025-01-14
EMP0617-20260914_000059,Katy,Noble,jemma28@example.org,2007-01-15,+44(0)1214960276,"Flat 5
Farmer Lane
Waynemouth
B6E 2PH",Male,Lakeside District Hospitals NHS Trust,Asian,Japan,Skilled Worker,Medical,SHO,Emergency & Urgent Care,SHO,26.09,2022-08-03,2022-09-14,18.75,0.5,GMC,Bank,On Leave,GT860744,2027-12-13,PR989337,2029-07-05,2026-12-27,2022-08-24
EMP0618-20260914_000059,Richard,Miller,smithtracey@example.net,1980-04-09,+44(0)1154960647,"57 Georgia Throughway
Lake Carolbury
W0C 9FE",Female,Greenhaven Acute & Specialist Care NHS Trust,Black,Jamaica,ILR,Admin,Data Analyst,Corporate Services,8A,30.08,2021-03-24,2021-04-28,15.0,0.4,NMC,Permanent,Suspended,KA862611,2030-06-15,WT956553,2027-09-28,2027-08-29,2021-04-14
EMP0619-20260914_000059,Denis,Patel,michaelberry@example.com,1984-05-14,+44(0)20 74960810,"Studio 78k
Sharpe Port
Turnerton
WC28 0LS",Female,Greenhaven Acute & Specialist Care NHS Trust,Asian,Japan,Skilled Worker,Nursing,Staff Nurse,Clinical Support Services,5,20.68,2019-04-20,2019-06-01,15.0,0.4,GMC,Fixed Term,Suspended,UL230162,2030-12-21,PM706711,2026-09-21,2027-01-27,2019-05-11
EMP0620-20260914_000059,Kathryn,Humphreys,fturner@example.com,1985-11-03,0121 496 0113,"Flat 09B
Wilson Viaduct
Kevinhaven
G1C 4UR",Male,Westborough Acute Care NHS Trust,White,Canada,British Citizen,Nursing,Charge Nurse,Corporate Services,7,33.26,2021-02-09,2021-03-09,18.75,0.5,HCPC,Fixed Term,On Leave,KK734449,2027-02-11,RM780506,2029-02-26,2026-09-26,2021-03-02
EMP0621-20260914_000059,David,Todd,amy35@example.com,1993-07-07,0113 496 0198,"87 Williams Port
North Elainefort
PA3 3UL",Male,Westborough Acute Care NHS Trust,White,New Zealand,Dependent,AHP,Radiographer,Critical Care & Anaesthesia,6,26.88,2021-07-07,2021-08-11,15.0,0.4,HCPC,Fixed Term,On Leave,HA148815,2029-04-12,DH963868,2031-06-14,2026-10-20,2021-07-28
EMP0622-20260914_000059,Elliot,Benson,owenharris@example.org,1971-12-02,(020)74960615,"Studio 2
Samantha Cliff
Jamesberg
S8 7ZY",Female,Northwood Mental Health NHS Trust,Black,Ghana,British Citizen,AHP,Pharmacist,Emergency & Urgent Care,5,20.61,2025-12-29,2026-02-02,15.0,0.4,None,Permanent,Suspended,UI538557,2028-10-15,RB461299,2026-12-29,2027-04-07,2026-01-19
EMP0623-20260914_000059,Max,Smith,james86@example.org,1960-12-17,(0113) 496 0538,"35 Bowen Skyway
West Elliot
BB8 6ZL",Male,Westmere Community Health NHS Trust,White,United States,ILR,Nursing,Healthcare Assistant,Critical Care & Anaesthesia,2,12.76,2023-02-06,2023-03-13,20.0,0.53,NMC,Bank,Suspended,RC373106,2030-12-10,OC717490,2027-11-02,2026-11-03,2023-02-27
EMP0624-20260914_000059,Michael,Smith,leonardabbott@example.net,2008-01-23,+44(0)1134960858,"05 Kerry Harbor
Sophiestad
LE6 4EJ",Female,Southvale Hospitals NHS Trust,Black,Ghana,Dependent,Admin,Data Analyst,Clinical Support Services,8A,28.69,2021-12-21,2022-01-25,37.5,1.0,GMC,Fixed Term,Inactive,DC162266,2029-10-22,BZ346604,2027-02-18,2026-11-15,2022-01-11
EMP0625-20260914_000059,Nigel,Davis,bradley43@example.com,1997-09-11,+44115 496 0655,"3 Dylan Inlet
Port Samanthaton
W89 4QW",Male,Broadfield Clinical Services NHS Trust,Asian,Thailand,Skilled Worker,Admin,Administrator,Surgery & Cancer,3,16.04,2022-05-30,2022-06-27,18.75,0.5,None,Bank,On Leave,YL673481,2029-02-07,DK246314,2026-10-14,2027-08-08,2022-06-20
EMP0626-20260914_000059,Laura,Baker,brianjackson@example.org,1975-05-13,0131 496 0796,"724 Chloe Turnpike
Robintown
L57 4PW",Male,Broadfield Clinical Services NHS Trust,Mixed,Barbados,Skilled Worker,Nursing,Nursery Nurse,Clinical Support Services,2,12.33,2025-06-15,2025-07-27,37.5,1.0,None,Fixed Term,Active,YI255957,2030-09-18,SL238192,2030-03-15,2026-10-04,2025-07-06
EMP0627-20260914_000059,Rachael,Griffiths,aleonard@example.net,1978-05-01,+44(0)1174960984,"Studio 5
Tucker Brook
New Joannashire
L2S 4YF",Female,Southvale Hospitals NHS Trust,Asian,China,ILR,Medical,GP,Women & Children,GP,51.27,2022-10-17,2022-11-28,30.0,0.8,None,Bank,Active,SO983151,2029-06-11,NH832053,2027-06-19,2027-05-02,2022-11-07
EMP0628-20260914_000059,Robert,Jones,gillianrogers@example.com,2000-04-17,(0118)4960777,"24 Jayne River
Derekview
W0 7GQ",Female,Oakridge Community Services NHS Trust,Black,Trinidad and Tobago,British Citizen,Nursing,Nursery Nurse,Women & Children,2,12.65,2016-11-12,2016-12-17,18.75,0.5,NMC,Fixed Term,Suspended,VR033154,2028-11-08,PW701907,2029-08-23,2027-01-28,2016-12-03
EMP0629-20260914_000059,Tom,Bird,johnsonalex@example.com,1962-03-22,+44131 4960537,"Flat 36N
Gerard Island
North Gavintown
HP5A 4NS",Female,Southgate Community & Mental Health NHS Trust,Black,Jamaica,British Citizen,AHP,Pharmacist,Corporate Services,5,21.1,2018-09-12,2018-10-10,20.0,0.53,HCPC,Fixed Term,Active,RF673948,2031-05-20,HF187920,2029-11-23,2027-08-20,2018-10-03
EMP0630-20260914_000059,Toby,Sinclair,michellefreeman@example.com,1995-05-28,(0117) 4960009,"Studio 5
Barker Walks
Murrayville
HD0H 4QH",Male,Northshire University Hospitals NHS Trust,Black,Ghana,British Citizen,Admin,Receptionist,Clinical Support Services,3,15.94,2021-10-12,2021-11-23,37.5,1.0,None,Bank,Suspended,JT281899,2029-03-17,QD177508,2027-01-17,2027-07-03,2021-11-02
EMP0631-20260914_000059,Guy,White,xhughes@example.org,2003-02-07,(0141)4960608,"375 Taylor River
Baileyburgh
CR8Y 8WY",Male,Meadowbrook Community Health NHS Trust,White,United States,Skilled Worker,Nursing,Charge Nurse,Medicine & Acute Care,7,28.8,2017-05-20,2017-06-24,30.0,0.8,GMC,Fixed Term,On Leave,TE363459,2026-12-29,KI405892,2026-12-01,2027-07-19,2017-06-10
EMP0632-20260914_000059,Leigh,Richards,clarkestephanie@example.net,1991-09-02,+44131 4960115,"Flat 3
Sanderson Station
Owenbury
G33 7BX",Female,Horizon Integrated Health Partnership NHS Trust,Black,Ghana,ILR,Nursing,Nursery Nurse,Surgery & Cancer,2,13.82,2018-09-22,2018-11-03,37.5,1.0,GMC,Bank,Suspended,BU925536,2031-03-07,RN537675,2026-10-05,2026-11-13,2018-10-13
EMP0633-20260914_000059,Jade,Bennett,morrisjacqueline@example.org,1982-04-23,0131 4960396,"886 Brown Creek
New Hilary
S95 7NT",Female,Southgate Community & Mental Health NHS Trust,White,Canada,ILR,Nursing,Staff Nurse,Women & Children,5,19.0,2025-06-23,2025-07-21,15.0,0.4,None,Permanent,Suspended,SZ010039,2030-06-09,NP297122,2031-03-13,2026-11-21,2025-07-14
EMP0634-20260914_000059,Hannah,Patterson,daniellecooper@example.org,1999-04-30,+44(0)1174960765,"77 Ahmed Dam
Lake Charlie
G53 8YN",Female,Lakeside District Hospitals NHS Trust,Asian,China,ILR,AHP,Physiotherapist,Clinical Support Services,6,26.29,2025-02-21,2025-03-21,37.5,1.0,NMC,Fixed Term,Active,GI127947,2030-10-15,CQ340049,2030-11-29,2027-02-21,2025-03-14
EMP0635-20260914_000059,Sandra,Howells,georginajohnson@example.org,2003-08-06,+44(0)116 496 0711,"Flat 78
Rose Courts
Osborneshire
B38 2RQ",Male,Bluewater Community & Rehabilitation NHS Trust,Black,Nigeria,Skilled Worker,Admin,Receptionist,Medicine & Acute Care,3,15.56,2020-03-08,2020-04-19,37.5,1.0,HCPC,Permanent,Active,DU935194,2030-03-31,WA563749,2028-02-16,2026-11-18,2020-03-29
EMP0636-20260914_000059,Barbara,Clarke,sylvia00@example.com,1965-03-26,(0131)4960788,"Studio 5
Daniel Circles
Johnsonville
TS7B 8WT",Female,Northwood Mental Health NHS Trust,Asian,India,Skilled Worker,Nursing,Nursery Nurse,Surgery & Cancer,2,13.73,2022-01-30,2022-03-06,30.0,0.8,None,Bank,Active,AG036397,2028-03-04,AF697292,2031-08-20,2026-10-01,2022-02-20
EMP0637-20260914_000059,Tony,Davies,gward@example.org,2005-04-11,01184960187,"Flat 0
Philip Cape
Parkinsonton
LD1A 8QE",Male,Greenhaven Acute & Specialist Care NHS Trust,Black,Kenya,British Citizen,Admin,Administrator,Surgery & Cancer,3,16.19,2017-02-04,2017-03-11,15.0,0.4,NMC,Fixed Term,On Leave,WK381252,2027-10-30,GY675042,2029-11-02,2026-10-08,2017-02-25
EMP0638-20260914_000059,Shaun,Smith,carlyherbert@example.org,2000-11-07,+44(0)909 8790999,"920 Chelsea Lodge
Steeleside
ML7 9DQ",Male,Northwood Mental Health NHS Trust,Mixed,Jamaica,British Citizen,Admin,Administrator,Clinical Support Services,3,15.84,2023-07-25,2023-08-22,18.75,0.5,HCPC,Fixed Term,Active,MW594986,2027-10-16,ZU014307,2026-12-07,2026-12-04,2023-08-15
EMP0639-20260914_000059,Mohammed,Smith,max04@example.net,1990-03-09,+44(0)141 4960261,"8 Paul Bypass
Coopertown
G28 9LU",Female,Broadfield Clinical Services NHS Trust,Asian,Japan,ILR,AHP,Physiotherapist,Critical Care & Anaesthesia,6,24.13,2026-06-20,2026-07-18,20.0,0.53,None,Permanent,Suspended,AA028183,2031-08-24,DY572819,2030-07-22,2027-05-20,2026-07-11
EMP0640-20260914_000059,Neil,Fraser,bkemp@example.com,1967-06-11,+449098790579,"20 Donald Crescent
Ameliaport
M3 8XH",Female,Eastmoor Teaching Hospitals NHS Trust,White,Canada,Dependent,Nursing,Charge Nurse,Critical Care & Anaesthesia,7,33.04,2023-10-02,2023-11-06,20.0,0.53,None,Bank,On Leave,TV790727,2029-09-20,KA148974,2028-05-25,2027-05-03,2023-10-23
EMP0641-20260914_000059,Nicholas,North,geraldine51@example.net,1983-08-25,0113 496 0182,"Studio 26T
Lynne Square
Port Jayne
CF1 8GY",Female,Northshire University Hospitals NHS Trust,Mixed,Canada,ILR,Admin,Administrator,Critical Care & Anaesthesia,3,14.6,2022-11-01,2022-12-13,18.75,0.5,GMC,Permanent,On Leave,MQ296432,2029-12-01,PM048935,2027-09-16,2027-02-23,2022-11-22
EMP0642-20260914_000059,Chelsea,Coleman,pagecarole@example.net,2006-08-23,0115 496 0202,"Flat 55W
Bailey Union
New Jenna
B79 9PQ",Male,Southvale Hospitals NHS Trust,Black,Jamaica,Skilled Worker,Nursing,Ward Manager,Medicine & Acute Care,8A,31.98,2025-04-15,2025-05-13,37.5,1.0,HCPC,Bank,Active,TK177862,2028-05-21,CR205113,2029-08-14,2026-10-25,2025-05-06
EMP0643-20260914_000059,Craig,Peters,wayne59@example.org,1978-11-01,01174960461,"83 Matthews Manors
Graceburgh
E82 7PF",Female,Midlands Central Hospitals NHS Trust,Asian,India,Skilled Worker,Medical,GP,Critical Care & Anaesthesia,GP,48.58,2022-01-08,2022-02-12,18.75,0.5,None,Bank,Suspended,JU508610,2027-09-22,FK041042,2030-02-27,2027-03-25,2022-01-29
EMP0644-20260914_000059,Nicole,Patel,uevans@example.org,1975-02-12,(028) 9018 0904,"011 Carol Parks
Alanstad
G5B 4RU",Male,Westmere Community Health NHS Trust,Mixed,United States,British Citizen,AHP,Physiologist,Clinical Support Services,6,27.9,2021-04-15,2021-05-20,15.0,0.4,NMC,Fixed Term,Inactive,PA630807,2027-06-15,BL856181,2028-01-03,2026-12-27,2021-05-06
EMP0645-20260914_000059,Frederick,Farmer,hillstuart@example.net,1961-11-22,01214960774,"Flat 34M
Gary Knolls
Lynchmouth
NG11 0RL",Female,Greenhaven Acute & Specialist Care NHS Trust,Mixed,United States,Dependent,Nursing,Nursery Nurse,Corporate Services,2,13.33,2026-05-07,2026-06-18,30.0,0.8,HCPC,Fixed Term,Suspended,KN092876,2030-10-19,HT668647,2027-12-28,2026-09-19,2026-05-28
EMP0646-20260914_000059,Sean,West,wellslesley@example.net,1998-06-02,0909 879 0139,"Flat 73
Reid Islands
North Georginaburgh
DE19 8AN",Female,Meadowbrook Community Health NHS Trust,Asian,Thailand,Skilled Worker,AHP,Radiographer,Critical Care & Anaesthesia,6,27.53,2022-03-25,2022-04-22,20.0,0.53,None,Fixed Term,Active,TX921429,2026-12-05,TL635586,2029-04-03,2027-08-06,2022-04-15
EMP0647-20260914_000059,Anthony,Fisher,max89@example.org,1968-04-09,+44(0)289018269,"125 Amelia Harbors
New Andrewborough
EC0V 8HS",Female,Northshire University Hospitals NHS Trust,Mixed,United States,Skilled Worker,AHP,Physiologist,Corporate Services,6,26.43,2024-12-05,2025-01-02,30.0,0.8,NMC,Fixed Term,Inactive,NH552398,2027-07-27,TM891336,2028-11-28,2027-03-13,2024-12-26
EMP0648-20260914_000059,James,Collier,lbyrne@example.net,2008-07-27,+44(0)1154960320,"Studio 7
Reece Court
South Suzanne
FY9 8QW",Female,Lakeside District Hospitals NHS Trust,White,Canada,Dependent,Nursing,Staff Nurse,Critical Care & Anaesthesia,5,21.56,2017-01-20,2017-02-17,30.0,0.8,HCPC,Bank,On Leave,UJ746122,2029-02-07,DE697754,2029-06-28,2027-05-15,2017-02-10
EMP0649-20260914_000059,Amelia,Griffiths,natalie81@example.com,1970-11-23,+44113 496 0834,"107 Palmer Heights
Hazelside
B5E 0UL",Male,Valleyview Mental Wellness NHS Trust,White,United States,Skilled Worker,Medical,FY1/FY2,Women & Children,FY1,20.99,2022-02-16,2022-03-16,30.0,0.8,HCPC,Permanent,On Leave,YQ426725,2026-12-17,NB224300,2028-07-14,2027-03-21,2022-03-09
EMP0650-20260914_000059,Kevin,Newton,davistrevor@example.com,1973-11-10,(0808)1570379,"Studio 83H
Georgina Ridge
Lake James
LS8P 7HE",Male,Westborough Acute Care NHS Trust,Black,Kenya,ILR,Nursing,Charge Nurse,Women & Children,7,32.25,2019-03-20,2019-04-17,37.5,1.0,GMC,Bank,Suspended,IJ883892,2030-02-05,VS429242,2030-12-22,2027-01-21,2019-04-10
EMP0651-20260914_000059,Thomas,Hunt,sophiegibson@example.net,1998-06-16,+44(0)191 496 0571,"8 Rebecca Villages
Royfort
N0A 1ZT",Female,Lakeside District Hospitals NHS Trust,Black,Barbados,Skilled Worker,Medical,FY1/FY2,Medicine & Acute Care,FY1,20.3,2025-09-15,2025-10-27,20.0,0.53,NMC,Fixed Term,On Leave,IN871752,2029-04-05,SD889592,2030-07-22,2026-12-19,2025-10-06
EMP0652-20260914_000059,Graham,Cooke,bradleybruce@example.com,1992-12-21,(0808) 1570369,"94 Linda Burgs
Abbieland
W2 6XQ",Male,Valleyview Mental Wellness NHS Trust,White,United States,Dependent,Medical,SHO,Corporate Services,SHO,27.93,2021-09-10,2021-10-08,20.0,0.53,None,Bank,Suspended,EF280977,2029-02-05,PN275111,2028-03-17,2027-05-27,2021-10-01
EMP0653-20260914_000059,Douglas,Coates,frances92@example.com,2004-08-25,0115 496 0660,"Flat 75
Hannah Brook
North Elizabethchester
E8 1QT",Male,Eastfield Psychological Services NHS Trust,White,United States,ILR,Admin,Administrator,Clinical Support Services,3,15.84,2023-12-15,2024-01-19,18.75,0.5,NMC,Permanent,Inactive,ZC096734,2031-04-22,GC846115,2029-10-06,2027-06-12,2024-01-05
EMP0654-20260914_000059,Zoe,Simpson,allenmegan@example.org,1980-04-21,+44116 496 0921,"302 Adrian Plains
Port Billyton
E1 5AQ",Female,Oakridge Community Services NHS Trust,White,Canada,British Citizen,Admin,Receptionist,Medicine & Acute Care,3,14.76,2018-04-06,2018-05-11,15.0,0.4,NMC,Permanent,Inactive,ZI899143,2026-10-31,HD540447,2030-12-02,2026-12-22,2018-04-27
EMP0655-20260914_000059,Valerie,Jackson,waltondylan@example.com,1969-06-24,+44121 4960853,"850 Martyn Bridge
Dawsonville
SA3 9YG",Female,Midlands Central Hospitals NHS Trust,Black,Jamaica,Dependent,Nursing,Charge Nurse,Surgery & Cancer,7,30.25,2018-07-10,2018-08-21,18.75,0.5,GMC,Bank,Inactive,UC696726,2030-02-04,HK541251,2031-05-24,2027-03-10,2018-07-31
EMP0656-20260914_000059,Gordon,Nicholls,shiggins@example.com,1963-07-12,+44(0)9098790000,"Studio 81F
Howard Drive
East Tonyville
G9 3LD",Male,Southvale Hospitals NHS Trust,Mixed,Australia,ILR,AHP,Speech Therapist,Medicine & Acute Care,6,23.15,2020-02-09,2020-03-15,20.0,0.53,None,Permanent,Active,GP452505,2029-05-13,HW345920,2029-02-13,2027-08-29,2020-03-01
EMP0657-20260914_000059,Gerald,Holland,elliotthaynes@example.net,1962-06-20,0113 496 0544,"Flat 7
Rhodes Street
Bartonborough
LS7X 2XJ",Male,Westmere Community Health NHS Trust,Asian,India,British Citizen,Nursing,Senior Staff Nurse,Emergency & Urgent Care,6,23.84,2018-11-06,2018-12-04,37.5,1.0,GMC,Bank,Suspended,NU820647,2029-02-04,UR371096,2026-11-09,2027-04-15,2018-11-27
EMP0658-20260914_000059,Katherine,Burton,alexander03@example.org,1977-11-07,(0306)9990975,"Flat 94
Bolton Ports
West Paulatown
WC7 9AQ",Female,Northshire University Hospitals NHS Trust,Black,Barbados,British Citizen,Medical,FY1/FY2,Critical Care & Anaesthesia,FY1,18.94,2023-09-24,2023-10-22,30.0,0.8,None,Bank,Active,HC779712,2027-06-04,HK128775,2029-04-02,2026-11-24,2023-10-15
EMP0659-20260914_000059,Melissa,Reed,fullerjayne@example.org,1998-03-20,(020) 7496 0004,"Flat 34
Brown Rapids
East Jayport
TR4 8AJ",Male,Hillcrest Medical Centres NHS Trust,Mixed,Trinidad and Tobago,ILR,Admin,Administrator,Medicine & Acute Care,3,15.81,2017-09-09,2017-10-07,20.0,0.53,GMC,Permanent,Active,NN533238,2030-08-29,UX940113,2027-01-30,2027-01-04,2017-09-30
EMP0660-20260914_000059,Gemma,Davis,wroberts@example.org,2001-08-19,020 7946 0535,"5 Shaun Manor
West Ericbury
S91 1RT",Female,Riverbank General Hospitals NHS Trust,White,United States,British Citizen,Admin,Data Analyst,Clinical Support Services,8A,30.09,2018-11-26,2018-12-24,18.75,0.5,GMC,Bank,On Leave,TU589218,2029-05-13,TK013543,2029-05-10,2027-02-10,2018-12-17
EMP0661-20260914_000059,Leah,Taylor,phewitt@example.net,1985-11-01,(0909)8790594,"5 Dawson Roads
New Sheila
B10 6RU",Female,Northwood Mental Health NHS Trust,White,New Zealand,ILR,AHP,Speech Therapist,Medicine & Acute Care,6,24.2,2025-12-10,2026-01-21,30.0,0.8,GMC,Fixed Term,Suspended,FE944709,2027-10-24,VO191330,2028-11-14,2027-04-24,2025-12-31
EMP0662-20260914_000059,Connor,Cox,grahamjoel@example.net,2006-06-14,0131 496 0973,"3 Jacob Mill
East Lucymouth
RG6N 6NP",Female,Southvale Hospitals NHS Trust,White,Canada,ILR,Nursing,Healthcare Assistant,Clinical Support Services,2,13.05,2020-09-12,2020-10-17,37.5,1.0,GMC,Permanent,On Leave,CB227460,2030-05-08,VL040190,2031-08-23,2027-05-16,2020-10-03
EMP0663-20260914_000059,Daniel,Edwards,suttonanthony@example.org,1964-09-26,+44(0)1914960840,"9 Barker Roads
New Ryan
TN13 1AP",Female,Lakeside District Hospitals NHS Trust,Mixed,Australia,Skilled Worker,Admin,Administrator,Medicine & Acute Care,3,15.68,2022-09-01,2022-10-06,20.0,0.53,GMC,Fixed Term,Inactive,UB106634,2028-11-23,YD800098,2029-11-16,2027-03-25,2022-09-22
EMP0664-20260914_000059,Philip,Bennett,hawkinskaty@example.org,2002-11-14,01144960956,"455 Williams Fields
Millerfurt
M82 4AT",Female,Horizon Integrated Health Partnership NHS Trust,White,Canada,Dependent,AHP,Occupational Therapist,Critical Care & Anaesthesia,6,24.02,2023-08-06,2023-09-10,15.0,0.4,NMC,Permanent,Active,GS769649,2030-08-17,PN693619,2027-01-10,2027-05-19,2023-08-27
EMP0665-20260914_000059,June,Wilson,yhawkins@example.com,1996-08-19,+44(0)28 9018675,"107 Mills Plains
Wallisburgh
S99 6EW",Female,Northshire University Hospitals NHS Trust,Asian,Japan,British Citizen,Admin,Data Analyst,Corporate Services,8A,35.55,2018-11-30,2018-12-28,18.75,0.5,NMC,Permanent,Suspended,XK502681,2027-07-17,NS785927,2030-04-07,2027-04-12,2018-12-21
EMP0666-20260914_000059,Leanne,Elliott,victor85@example.com,1995-03-03,+44141 4960312,"84 Lewis Grove
Brownberg
S43 1FJ",Female,Horizon Integrated Health Partnership NHS Trust,Mixed,Trinidad and Tobago,Dependent,Nursing,Ward Manager,Corporate Services,8A,32.09,2021-03-05,2021-04-09,18.75,0.5,GMC,Permanent,Suspended,ZT584399,2028-07-20,RA193039,2027-08-17,2026-09-29,2021-03-26
EMP0667-20260914_000059,Marion,Yates,mitchell60@example.com,1968-11-24,+441914960719,"39 Payne Valleys
South Donald
E8T 1AP",Female,Bluewater Community & Rehabilitation NHS Trust,Black,Barbados,Skilled Worker,Nursing,Senior Staff Nurse,Critical Care & Anaesthesia,6,25.68,2022-10-22,2022-11-26,37.5,1.0,NMC,Fixed Term,On Leave,SE035737,2030-12-21,ID992684,2029-05-02,2027-05-14,2022-11-12
EMP0668-20260914_000059,Angela,Palmer,joemiller@example.org,1980-11-12,+44(0)20 74960597,"51 Jeremy Bypass
West Lynda
M9K 4ZR",Male,Southgate Community & Mental Health NHS Trust,Asian,China,British Citizen,AHP,Physiologist,Women & Children,6,26.51,2026-07-16,2026-08-20,30.0,0.8,GMC,Permanent,Inactive,DG719134,2031-03-03,EB716891,2028-03-16,2027-01-22,2026-08-06
EMP0669-20260914_000059,Harriet,Shaw,yvonne68@example.com,2002-04-17,01914960426,"623 Stephens Terrace
Port Jill
RM1N 0HL",Female,Meadowbrook Community Health NHS Trust,Black,Nigeria,British Citizen,AHP,Pharmacist,Medicine & Acute Care,5,20.69,2019-03-25,2019-04-29,37.5,1.0,GMC,Permanent,Active,TX389315,2031-05-04,OB746948,2027-05-14,2027-05-13,2019-04-15
EMP0670-20260914_000059,Gary,Roberts,harveylee@example.com,1963-04-18,(0141) 4960935,"655 Bentley Estates
East Bethfurt
YO70 8DU",Male,Horizon Integrated Health Partnership NHS Trust,Mixed,United States,British Citizen,Nursing,Ward Manager,Surgery & Cancer,8A,28.91,2023-12-21,2024-01-18,15.0,0.4,GMC,Fixed Term,Inactive,IA581750,2026-12-22,BU387850,2029-08-30,2026-11-06,2024-01-11
EMP0671-20260914_000059,Neil,Jones,kimberleybegum@example.org,1973-10-11,(0113) 4960080,"964 Mason Club
West Pamela
UB0 9WR",Female,Meadowbrook Community Health NHS Trust,Mixed,Thailand,Dependent,Admin,Data Analyst,Critical Care & Anaesthesia,8A,34.52,2022-03-25,2022-04-22,37.5,1.0,NMC,Fixed Term,Active,DA405239,2028-05-03,MA363807,2027-07-25,2027-03-09,2022-04-15
EMP0672-20260914_000059,Louise,Goodwin,holdengary@example.net,1962-01-25,(0191) 496 0640,"60 Burton Camp
North Adam
MK8 5QG",Male,Eastfield Psychological Services NHS Trust,White,Canada,ILR,Nursing,Healthcare Assistant,Surgery & Cancer,2,13.82,2020-03-22,2020-05-03,18.75,0.5,HCPC,Fixed Term,Suspended,LW948851,2027-12-08,DR693068,2030-03-19,2027-01-08,2020-04-12
EMP0673-20260914_000059,Jade,Winter,djordan@example.com,1973-09-17,03069990160,"Flat 74b
Parsons Common
Nicolemouth
L7 3AE",Female,Southgate Community & Mental Health NHS Trust,Black,Ghana,Dependent,Nursing,Senior Staff Nurse,Corporate Services,6,26.84,2025-04-06,2025-05-18,37.5,1.0,HCPC,Permanent,Active,WA185329,2028-09-23,LU373785,2030-08-21,2027-02-15,2025-04-27
EMP0674-20260914_000059,Bernard,Hardy,dominic50@example.com,1964-11-08,+44909 8790951,"76 Kelly Meadows
Port Aaron
HP7A 7LP",Female,Oakridge Community Services NHS Trust,Mixed,China,Dependent,Medical,SHO,Women & Children,SHO,27.74,2021-07-09,2021-08-20,30.0,0.8,GMC,Fixed Term,Inactive,KR161303,2028-02-29,OZ819958,2030-01-25,2026-09-26,2021-07-30
EMP0675-20260914_000059,Leonard,Townsend,kevin28@example.org,1969-04-11,(0909) 8790907,"298 Hamilton River
Port Guymouth
KA5H 4FR",Female,Westmere Community Health NHS Trust,Asian,Thailand,ILR,Nursing,Ward Manager,Medicine & Acute Care,8A,34.51,2022-10-11,2022-11-08,15.0,0.4,GMC,Bank,Suspended,WV770161,2028-03-10,ET215613,2031-08-12,2027-01-09,2022-11-01
EMP0676-20260914_000059,Jessica,Banks,stuart64@example.org,1994-04-18,(0113)4960271,"Flat 97A
Bird Vista
Port Joel
B00 2NR",Female,Lakeside District Hospitals NHS Trust,Black,Barbados,ILR,Admin,Medical Secretary,Medicine & Acute Care,4,16.56,2018-08-26,2018-09-30,18.75,0.5,HCPC,Fixed Term,On Leave,XH052336,2028-02-09,NO678806,2028-04-13,2027-07-28,2018-09-16
EMP0677-20260914_000059,Katy,Robinson,ngriffiths@example.com,1991-12-13,+44(0)114 496 0684,"99 Little Course
North Hazel
SK47 8FQ",Male,Southgate Community & Mental Health NHS Trust,Asian,Japan,British Citizen,Admin,Receptionist,Emergency & Urgent Care,3,14.68,2026-08-28,2026-10-09,30.0,0.8,HCPC,Bank,Suspended,GE758149,2027-02-04,RO925146,2028-01-25,2027-04-16,2026-09-18
EMP0678-20260914_000059,Graham,Moore,yvonnebrooks@example.org,1975-01-14,+44(0)29 2018221,"4 Melanie Garden
New Dorothy
M72 3YX",Male,Greenhaven Acute & Specialist Care NHS Trust,Mixed,Japan,Dependent,Nursing,Staff Nurse,Emergency & Urgent Care,5,23.0,2018-04-30,2018-06-04,20.0,0.53,GMC,Bank,On Leave,IC923558,2031-05-11,LY556203,2029-06-12,2026-12-31,2018-05-21
EMP0679-20260914_000059,Hannah,Taylor,rellis@example.net,1972-09-05,(0161) 496 0431,"Studio 75c
Karen Hills
West Kathleen
ML15 3EJ",Male,Eastmoor Teaching Hospitals NHS Trust,Mixed,Australia,Skilled Worker,Admin,Data Analyst,Women & Children,8A,35.07,2019-02-25,2019-04-08,20.0,0.53,GMC,Fixed Term,Inactive,RY264712,2027-07-30,BT109212,2027-05-14,2027-03-12,2019-03-18
EMP0680-20260914_000059,Rachael,Parry,aaron19@example.net,1969-07-26,08081570630,"Flat 53
Jemma Summit
Rachelside
W7U 1DS",Female,Bluewater Community & Rehabilitation NHS Trust,Asian,Japan,Skilled Worker,AHP,Occupational Therapist,Surgery & Cancer,6,23.15,2022-10-12,2022-11-16,20.0,0.53,NMC,Fixed Term,Inactive,MG599157,2031-01-17,UN479319,2031-07-23,2027-03-23,2022-11-02
EMP0681-20260914_000059,Rita,Wilson,marion24@example.org,1987-01-28,+44(0)1164960768,"Studio 7
Laura Knoll
Bradleytown
SY28 4GS",Male,Broadfield Clinical Services NHS Trust,Black,Trinidad and Tobago,Dependent,Medical,GP,Corporate Services,GP,57.82,2023-08-02,2023-08-30,18.75,0.5,NMC,Fixed Term,On Leave,ZS978747,2030-12-26,IC691488,2028-12-27,2027-07-01,2023-08-23
EMP0682-20260914_000059,Mohammed,Payne,timothy23@example.net,1992-11-18,+44(0)1414960626,"Studio 52
Judith Mills
Charliefort
G43 0ZY",Male,Hillcrest Medical Centres NHS Trust,Asian,Japan,Skilled Worker,Nursing,Healthcare Assistant,Clinical Support Services,2,14.12,2023-08-30,2023-10-11,30.0,0.8,None,Bank,Inactive,TS376597,2028-12-27,WC312397,2029-11-14,2027-06-14,2023-09-20
EMP0683-20260914_000059,Patricia,Lees,claytonphilip@example.com,1991-12-10,01134960590,"Flat 67r
Adam Common
South Simon
BH0 5RU",Female,Horizon Integrated Health Partnership NHS Trust,White,Canada,Skilled Worker,Nursing,Senior Staff Nurse,Surgery & Cancer,6,23.15,2024-11-22,2025-01-03,37.5,1.0,GMC,Permanent,Inactive,LB972526,2027-10-25,DD935122,2027-02-09,2026-12-21,2024-12-13
EMP0684-20260914_000059,Paul,Butler,jdavies@example.com,2001-02-16,+44151 496 0204,"834 Raymond Islands
Albertside
N8A 5XW",Male,Northshire University Hospitals NHS Trust,Black,Ghana,British Citizen,Medical,Consultant,Corporate Services,CONS,61.3,2021-01-04,2021-02-08,37.5,1.0,None,Fixed Term,On Leave,OQ381468,2028-09-23,OF079149,2030-09-27,2027-01-25,2021-01-25
EMP0685-20260914_000059,Amber,Garner,nicola53@example.org,1998-05-11,0114 4960625,"4 Smith Burgs
Robertsstad
IG13 4AU",Male,Meadowbrook Community Health NHS Trust,Black,Nigeria,Skilled Worker,AHP,Physiotherapist,Clinical Support Services,6,25.54,2019-08-04,2019-09-08,37.5,1.0,HCPC,Fixed Term,Inactive,VS132114,2028-08-17,SB873744,2027-11-18,2027-05-06,2019-08-25
EMP0686-20260914_000059,Stephanie,Brown,athomas@example.org,1994-07-20,+44(0)161 496 0619,"Studio 48f
Hale Hills
Bryantfort
GU03 3RF",Female,Valleyview Mental Wellness NHS Trust,White,United Kingdom,ILR,AHP,Physiologist,Clinical Support Services,6,26.46,2020-07-30,2020-08-27,18.75,0.5,HCPC,Permanent,Inactive,DW570780,2031-08-07,WE378923,2026-12-19,2027-06-22,2020-08-20
EMP0687-20260914_000059,Melissa,White,dorothy33@example.net,1989-08-08,0117 4960546,"Flat 48
Sinclair Shore
Masonton
L5G 5LP",Female,Northshire University Hospitals NHS Trust,Black,Trinidad and Tobago,ILR,Admin,Data Analyst,Emergency & Urgent Care,8A,30.01,2020-05-02,2020-06-13,37.5,1.0,None,Bank,Suspended,CE682722,2030-05-28,GU454516,2031-07-06,2027-02-03,2020-05-23
EMP0688-20260914_000059,Mitchell,Stevens,pyoung@example.net,2000-05-28,(0808) 1570342,"Studio 8
Porter Stravenue
Robsontown
S5D 2XY",Male,Eastmoor Teaching Hospitals NHS Trust,White,Australia,British Citizen,Medical,SHO,Critical Care & Anaesthesia,SHO,26.35,2024-03-05,2024-04-02,37.5,1.0,GMC,Bank,Inactive,IP447230,2029-05-12,SS922616,2031-01-08,2027-06-12,2024-03-26
EMP0689-20260914_000059,Natasha,Richards,butlermaurice@example.org,1997-07-04,+44151 496 0287,"927 Chandler Mission
East Edward
L4D 5JE",Male,Valleyview Mental Wellness NHS Trust,White,Canada,ILR,AHP,Speech Therapist,Clinical Support Services,6,24.17,2021-05-28,2021-06-25,37.5,1.0,HCPC,Permanent,Suspended,WL379776,2028-07-05,SW137344,2026-10-02,2026-10-12,2021-06-18
EMP0690-20260914_000059,James,Burgess,jonestimothy@example.org,2007-05-18,+44(0)1914960875,"Flat 1
Walsh Mount
Savagefort
HS8Y 2NF",Male,Broadfield Clinical Services NHS Trust,Mixed,Barbados,ILR,Medical,FY1/FY2,Emergency & Urgent Care,FY1,20.98,2025-10-16,2025-11-20,30.0,0.8,NMC,Permanent,On Leave,GG252945,2030-04-28,PZ584720,2028-02-15,2026-12-21,2025-11-06
EMP0691-20260914_000059,Carole,Edwards,nicola89@example.org,1993-09-10,+441614960137,"582 Ricky Harbor
South Jenna
W3 2ZX",Male,Southvale Hospitals NHS Trust,Mixed,Japan,Dependent,Medical,Consultant,Emergency & Urgent Care,CONS,61.94,2025-09-17,2025-10-29,30.0,0.8,NMC,Bank,Inactive,PS070322,2031-01-16,GL795175,2027-04-08,2027-02-03,2025-10-08
EMP0692-20260914_000059,Leanne,Lowe,staceypearson@example.com,1993-11-12,+44(0)1214960442,"Studio 82
Turner Mountain
Stuartberg
M2G 1ND",Male,Northshire University Hospitals NHS Trust,Asian,Thailand,ILR,Admin,Data Analyst,Medicine & Acute Care,8A,29.01,2022-03-10,2022-04-07,37.5,1.0,GMC,Bank,Active,WB330150,2029-10-14,IL371215,2030-06-24,2027-08-15,2022-03-31
EMP0693-20260914_000059,Rachel,Jones,wayne67@example.org,2003-08-02,(029) 2018 0186,"Studio 53
Marian Path
Mitchellfurt
IM8 3PF",Female,Bluewater Community & Rehabilitation NHS Trust,Asian,China,Skilled Worker,AHP,Physiotherapist,Surgery & Cancer,6,26.0,2022-06-12,2022-07-24,18.75,0.5,HCPC,Fixed Term,On Leave,WL314060,2030-05-05,YC362248,2030-01-29,2027-03-31,2022-07-03
EMP0694-20260914_000059,Elliott,Adams,patrickwilliams@example.org,1991-09-04,+44(0)113 496 0963,"Flat 0
Davies Prairie
South Oliver
SY6 6HL",Male,Valleyview Mental Wellness NHS Trust,Mixed,Ghana,Skilled Worker,AHP,Physiologist,Critical Care & Anaesthesia,6,25.63,2019-06-27,2019-08-08,20.0,0.53,GMC,Fixed Term,On Leave,AH699241,2027-05-20,DV130817,2031-07-21,2027-05-12,2019-07-18
EMP0695-20260914_000059,Lynda,Elliott,jacksonjoan@example.org,1961-04-24,(0191) 496 0999,"8 Samantha Forges
Timothyshire
E6B 0NY",Male,Westmere Community Health NHS Trust,Asian,China,Skilled Worker,Admin,Receptionist,Clinical Support Services,3,15.44,2024-06-19,2024-07-24,18.75,0.5,None,Fixed Term,Inactive,KM190904,2030-06-03,YR883620,2030-06-24,2026-10-31,2024-07-10
EMP0696-20260914_000059,Lesley,Wells,gavin70@example.org,1964-08-30,(029) 2018155,"Flat 3
Wilkinson Skyway
South Charleneland
HS61 4BL",Female,Eastfield Psychological Services NHS Trust,White,United States,Skilled Worker,Nursing,Nursery Nurse,Medicine & Acute Care,2,14.14,2022-08-15,2022-09-19,15.0,0.4,GMC,Permanent,Suspended,DX340521,2030-03-28,QS356857,2027-06-09,2027-06-10,2022-09-05
EMP0697-20260914_000059,Leigh,Riley,sbond@example.org,1988-11-26,01632 960 436,"Studio 7
Browne Oval
Gibsonbury
G4 0YX",Female,Southvale Hospitals NHS Trust,Black,Ghana,British Citizen,Nursing,Staff Nurse,Corporate Services,5,20.76,2022-01-17,2022-02-21,18.75,0.5,HCPC,Fixed Term,Suspended,DO800539,2030-01-13,ES494397,2028-08-21,2027-01-11,2022-02-07
EMP0698-20260914_000059,Justin,Davies,ihutchinson@example.net,2008-03-16,0289018772,"Flat 87K
Brown Manor
Richardshire
IM6 7JD",Female,Greenhaven Acute & Specialist Care NHS Trust,White,United States,British Citizen,AHP,Physiologist,Clinical Support Services,6,25.96,2023-11-07,2023-12-05,18.75,0.5,GMC,Permanent,On Leave,CQ668729,2031-05-25,AN157881,2031-07-23,2026-11-28,2023-11-28
EMP0699-20260914_000059,Bernard,Lowe,joegeorge@example.org,1993-08-27,+44(0)116 4960179,"Studio 56e
Green Highway
Geraldmouth
KT8Y 6NX",Female,Westborough Acute Care NHS Trust,Asian,China,Skilled Worker,Medical,Consultant,Women & Children,CONS,60.32,2016-11-15,2016-12-20,30.0,0.8,GMC,Bank,Suspended,CZ970846,2026-10-12,DG365192,2029-04-09,2027-07-07,2016-12-06
EMP0700-20260914_000059,Carol,Ball,sean90@example.net,1989-11-08,(0191) 496 0859,"Flat 2
Dominic Rapids
Mannville
LN6W 0BT",Male,Meadowbrook Community Health NHS Trust,White,New Zealand,Dependent,Nursing,Nursery Nurse,Medicine & Acute Care,2,12.82,2025-08-23,2025-10-04,37.5,1.0,GMC,Fixed Term,Active,PL902171,2029-02-04,AA139821,2027-01-17,2027-03-30,2025-09-13
EMP0701-20260914_000059,Brian,Wilson,harriet20@example.net,1987-09-20,+44(0)2074960623,"Flat 58
Diane Fields
New Donna
N5A 0DR",Female,Oakridge Community Services NHS Trust,White,Australia,British Citizen,Nursing,Healthcare Assistant,Surgery & Cancer,2,13.42,2016-10-22,2016-11-26,20.0,0.53,NMC,Permanent,Active,RE292028,2031-02-01,WN349200,2027-05-28,2026-11-19,2016-11-12
EMP0702-20260914_000059,Brenda,Allen,stephaniewhite@example.net,2006-01-30,020 7946 0810,"Studio 2
Burke Branch
Lake Rosie
S73 0ZE",Male,Meadowbrook Community Health NHS Trust,Mixed,New Zealand,Dependent,Nursing,Charge Nurse,Medicine & Acute Care,7,31.11,2023-11-20,2024-01-01,20.0,0.53,None,Fixed Term,Inactive,SI252231,2030-08-26,GL534655,2028-08-15,2027-03-27,2023-12-11
EMP0703-20260914_000059,Pauline,Morris,lukeleonard@example.com,1989-02-15,01632 960848,"Flat 7
Bethan Mountains
Lake Harrietmouth
S6U 2FU",Female,Riverbank General Hospitals NHS Trust,Black,Barbados,Dependent,Nursing,Charge Nurse,Corporate Services,7,31.82,2022-09-30,2022-11-11,20.0,0.53,None,Bank,On Leave,FT475195,2028-12-01,IA913549,2030-11-07,2027-08-13,2022-10-21
EMP0704-20260914_000059,Rosie,Clarke,doddarthur@example.com,1990-06-07,+44(0)115 496 0321,"Flat 9
Emma Pass
Melissatown
B2 7UJ",Female,Valleyview Mental Wellness NHS Trust,White,United States,Skilled Worker,Nursing,Healthcare Assistant,Medicine & Acute Care,2,13.82,2026-05-17,2026-06-28,20.0,0.53,None,Fixed Term,Active,XO583693,2028-06-28,EU652473,2028-10-01,2027-05-15,2026-06-07
EMP0705-20260914_000059,Nigel,Ford,jwright@example.net,1992-06-13,(0116)4960071,"399 Horton Inlet
Millschester
G7G 8RW",Male,Eastmoor Teaching Hospitals NHS Trust,Asian,India,Skilled Worker,Admin,Receptionist,Clinical Support Services,3,13.51,2020-05-29,2020-07-03,20.0,0.53,None,Permanent,Active,JO913846,2028-10-28,SI384628,2029-10-24,2026-12-04,2020-06-19
EMP0706-20260914_000059,Kathleen,Warner,diane73@example.net,2000-01-26,+441134960317,"Studio 21j
Rowe Vista
West Elliott
SG15 0NB",Male,Broadfield Clinical Services NHS Trust,White,Australia,Skilled Worker,Admin,Medical Secretary,Women & Children,4,17.58,2026-06-12,2026-07-17,18.75,0.5,None,Permanent,On Leave,TP142825,2028-07-30,LI171038,2030-03-18,2026-11-05,2026-07-03
EMP0707-20260914_000059,John,Young,nicole45@example.org,1977-07-20,+441214960200,"2 Perkins Rapid
South Damianfurt
M0W 3GH",Male,Lakeside District Hospitals NHS Trust,Asian,Japan,British Citizen,Nursing,Staff Nurse,Emergency & Urgent Care,5,20.77,2022-07-15,2022-08-26,18.75,0.5,GMC,Permanent,On Leave,WU334978,2028-11-30,TF733387,2027-07-20,2027-01-01,2022-08-05
EMP0708-20260914_000059,Shaun,Berry,millerjonathan@example.org,1986-12-08,+44131 4960188,"650 Derek Keys
Yvonnehaven
W3 3AY",Male,Midlands Central Hospitals NHS Trust,Mixed,United States,Dependent,Medical,GP,Medicine & Acute Care,GP,51.65,2018-10-23,2018-11-20,20.0,0.53,GMC,Bank,Inactive,OE838331,2030-01-03,IN510644,2030-06-16,2026-09-27,2018-11-13
EMP0709-20260914_000059,Mathew,Black,raymond11@example.com,2005-05-08,+4420 7496 0282,"687 Richardson Course
Lorraineview
N41 2LA",Male,Broadfield Clinical Services NHS Trust,Black,Barbados,Dependent,Medical,GP,Corporate Services,GP,51.0,2017-03-30,2017-05-04,18.75,0.5,HCPC,Fixed Term,Active,MJ962198,2028-02-26,ON267681,2031-03-06,2026-10-05,2017-04-20
EMP0710-20260914_000059,Lynne,Watts,danielherbert@example.org,1975-05-27,0131 4960055,"7 Ellie Gateway
Bethanytown
G75 0FL",Female,Hillcrest Medical Centres NHS Trust,Asian,Thailand,ILR,AHP,Radiographer,Women & Children,6,26.02,2017-11-15,2017-12-20,37.5,1.0,None,Bank,On Leave,MV254251,2031-01-11,NJ541451,2028-04-15,2027-01-21,2017-12-06
EMP0711-20260914_000059,Mathew,Simpson,beverley98@example.net,1979-03-28,+44(0)114 496 0371,"105 Davis Streets
Annburgh
LA9W 8ZS",Female,Westborough Acute Care NHS Trust,White,Canada,Skilled Worker,Nursing,Senior Staff Nurse,Clinical Support Services,6,25.71,2025-08-11,2025-09-15,30.0,0.8,HCPC,Permanent,On Leave,DK361692,2027-08-26,DD932127,2029-09-11,2027-03-27,2025-09-01
EMP0712-20260914_000059,Ronald,Ahmed,egray@example.com,1989-03-02,+449098790108,"Flat 78
Miller Valley
Weststad
CB5E 7DB",Male,Eastmoor Teaching Hospitals NHS Trust,Black,Jamaica,Dependent,Medical,SHO,Medicine & Acute Care,SHO,26.26,2022-06-27,2022-07-25,15.0,0.4,NMC,Fixed Term,Suspended,OY156348,2026-12-08,OS972099,2030-06-07,2027-02-03,2022-07-18
EMP0713-20260914_000059,Kevin,Faulkner,howard78@example.com,1965-07-09,01414960195,"Studio 87
Mellor Corners
Port Paigeland
L1 1JB",Male,Bluewater Community & Rehabilitation NHS Trust,Black,Nigeria,Dependent,Admin,Receptionist,Surgery & Cancer,3,15.83,2026-05-18,2026-06-15,20.0,0.53,NMC,Permanent,On Leave,FJ373538,2030-08-06,RG981516,2028-03-09,2027-06-28,2026-06-08
EMP0714-20260914_000059,Gregory,Smith,npritchard@example.com,1975-12-07,01314960893,"Studio 95
Hayward Forge
Traceyberg
BR38 1DG",Male,Broadfield Clinical Services NHS Trust,Mixed,South Africa,ILR,AHP,Radiographer,Medicine & Acute Care,6,23.53,2026-05-03,2026-06-14,37.5,1.0,NMC,Permanent,On Leave,TT780958,2030-09-11,TQ985929,2028-02-03,2027-08-10,2026-05-24
EMP0715-20260914_000059,Ashleigh,Hammond,evincent@example.net,1965-09-17,(0115) 496 0901,"Studio 85X
Janice Manors
Allenmouth
E4H 1BR",Male,Westmere Community Health NHS Trust,Mixed,Canada,ILR,Medical,GP,Surgery & Cancer,GP,60.31,2020-09-07,2020-10-12,20.0,0.53,None,Fixed Term,On Leave,MG809671,2027-05-12,FI195224,2029-10-14,2027-03-17,2020-09-28
EMP0716-20260914_000059,Caroline,Henry,osmith@example.org,1976-07-31,+44909 8790892,"346 Roberts Rapids
North Charlotte
E6 6FE",Female,Westmere Community Health NHS Trust,Asian,Thailand,ILR,Nursing,Healthcare Assistant,Clinical Support Services,2,13.18,2018-10-08,2018-11-19,30.0,0.8,None,Permanent,On Leave,TS462629,2026-11-19,QN508921,2030-11-16,2027-06-07,2018-10-29
EMP0717-20260914_000059,Christopher,Leach,samhart@example.com,2001-12-21,(0117)4960390,"Flat 6
Nigel Mountain
Greenwoodland
S1 7TU",Female,Lakeside District Hospitals NHS Trust,Black,South Africa,ILR,Medical,SHO,Women & Children,SHO,27.65,2016-10-17,2016-11-14,37.5,1.0,NMC,Permanent,Inactive,BK545803,2028-12-14,JU876259,2027-11-07,2026-12-18,2016-11-07
EMP0718-20260914_000059,Alan,Roberts,aholmes@example.org,2002-03-07,+44115 496 0051,"Studio 2
Martin Drive
Smithmouth
S2H 0DQ",Female,Westmere Community Health NHS Trust,Asian,China,Dependent,AHP,Physiotherapist,Women & Children,6,24.46,2021-02-14,2021-03-21,15.0,0.4,NMC,Permanent,Inactive,MK932307,2030-09-29,QS710754,2030-03-28,2027-08-30,2021-03-07
EMP0719-20260914_000059,Bryan,Watson,evanskerry@example.net,1977-09-15,+44(0)808 157 0753,"Studio 54
Cameron Bridge
South Amelia
L86 6ET",Female,Northshire University Hospitals NHS Trust,Asian,India,British Citizen,Medical,Consultant,Corporate Services,CONS,64.29,2019-06-06,2019-07-18,18.75,0.5,HCPC,Bank,Inactive,ZC205601,2028-06-01,JA868430,2030-05-30,2026-12-07,2019-06-27
EMP0720-20260914_000059,Roger,Hewitt,rhunt@example.com,1988-12-19,01134960339,"Studio 34x
Smith Trafficway
Elizabethberg
B73 5XS",Female,Northshire University Hospitals NHS Trust,Asian,India,ILR,Medical,Consultant,Emergency & Urgent Care,CONS,68.29,2017-03-27,2017-05-08,20.0,0.53,HCPC,Fixed Term,On Leave,QS047653,2029-02-07,UG309081,2029-04-06,2026-10-23,2017-04-17
EMP0721-20260914_000059,Pamela,Davis,arthur45@example.org,1966-11-21,03069990805,"Flat 0
Dixon Landing
New Kayleighmouth
E5 7QN",Male,Oakridge Community Services NHS Trust,Black,Kenya,ILR,AHP,Radiographer,Surgery & Cancer,6,23.97,2019-12-19,2020-01-23,20.0,0.53,NMC,Bank,Suspended,NK838468,2031-07-26,OL189232,2029-04-23,2027-08-29,2020-01-09
EMP0722-20260914_000059,Conor,Steele,zwood@example.com,1961-06-17,0141 4960733,"1 Steven Valley
Davidsonfurt
G39 1WJ",Male,Bluewater Community & Rehabilitation NHS Trust,Mixed,Trinidad and Tobago,ILR,Nursing,Ward Manager,Critical Care & Anaesthesia,8A,30.82,2019-06-02,2019-07-07,15.0,0.4,NMC,Bank,Active,QM528906,2027-01-04,RL989588,2031-04-24,2027-07-22,2019-06-23
EMP0723-20260914_000059,Martyn,Griffiths,xbrown@example.net,1989-05-30,+441214960104,"7 Janice Trail
West Raymond
DL49 9JS",Female,Northshire University Hospitals NHS Trust,White,Australia,ILR,Nursing,Staff Nurse,Critical Care & Anaesthesia,5,21.76,2022-06-14,2022-07-26,20.0,0.53,GMC,Fixed Term,Active,PQ614320,2028-10-11,XR170924,2030-06-11,2026-10-03,2022-07-05
EMP0724-20260914_000059,Toby,Hawkins,morganjayne@example.com,1972-11-08,(0141)4960524,"Flat 6
Kathryn Field
Port Garyfort
G3 7RH",Male,Northwood Mental Health NHS Trust,Mixed,Thailand,British Citizen,AHP,Physiologist,Women & Children,6,27.49,2016-10-13,2016-11-24,20.0,0.53,HCPC,Fixed Term,On Leave,VH929464,2030-03-28,HR508426,2031-04-22,2027-02-20,2016-11-03
EMP0725-20260914_000059,Bryan,Joyce,alexandra69@example.org,1971-05-23,+44(0)1914960210,"03 Simon Lake
North Barbarafurt
TN3 0WL",Male,Eastfield Psychological Services NHS Trust,Black,Ghana,ILR,Admin,Medical Secretary,Corporate Services,4,16.38,2022-10-22,2022-11-19,20.0,0.53,NMC,Permanent,Inactive,YC511673,2026-10-24,KU935644,2030-03-29,2026-11-01,2022-11-12
EMP0726-20260914_000059,Chloe,Jones,duncanalbert@example.com,1999-07-22,01184960858,"Flat 93S
Samantha Flat
Barnesburgh
N75 3QQ",Female,Eastfield Psychological Services NHS Trust,Asian,Thailand,British Citizen,AHP,Speech Therapist,Critical Care & Anaesthesia,6,22.66,2020-04-21,2020-06-02,20.0,0.53,None,Bank,Active,YC870587,2028-10-05,XH715762,2030-09-18,2027-04-08,2020-05-12
EMP0727-20260914_000059,Lewis,Smith,pearceamelia@example.net,1979-08-28,+44115 4960814,"441 Shaw Mountain
Elaineshire
M27 7EW",Male,Midlands Central Hospitals NHS Trust,Mixed,Thailand,Dependent,Medical,GP,Medicine & Acute Care,GP,61.1,2023-06-03,2023-07-01,20.0,0.53,GMC,Bank,Suspended,YO783424,2030-01-26,VF014100,2030-01-25,2027-08-24,2023-06-24
EMP0728-20260914_000059,Nicole,Collins,xbarrett@example.net,1978-11-20,(0131) 4960081,"Studio 29
Fleming Prairie
Joyceburgh
N98 7YH",Male,Westborough Acute Care NHS Trust,Mixed,Canada,Dependent,AHP,Radiographer,Critical Care & Anaesthesia,6,24.02,2019-08-01,2019-09-05,20.0,0.53,GMC,Permanent,Inactive,WO095010,2031-04-09,BA644638,2026-11-04,2027-04-06,2019-08-22
EMP0729-20260914_000059,Sam,Green,mandrews@example.org,2002-04-14,0121 496 0268,"Flat 29M
Alex Passage
Port Mauriceburgh
WA7 5LX",Male,Midlands Central Hospitals NHS Trust,White,Australia,Skilled Worker,AHP,Occupational Therapist,Women & Children,6,27.49,2019-01-26,2019-02-23,37.5,1.0,HCPC,Fixed Term,Inactive,IS446300,2031-07-14,QK247197,2030-05-17,2026-10-29,2019-02-16
EMP0730-20260914_000059,Cameron,Simpson,rparker@example.com,1982-02-10,(029) 2018 0074,"79 Denise Avenue
Smithhaven
PL57 2WF",Male,Westmere Community Health NHS Trust,Mixed,New Zealand,ILR,AHP,Radiographer,Medicine & Acute Care,6,26.01,2018-10-06,2018-11-10,15.0,0.4,NMC,Bank,On Leave,UL550280,2029-04-27,HN505626,2027-05-19,2026-11-01,2018-10-27
EMP0731-20260914_000059,Sophie,Williams,barnettandrea@example.com,1966-03-17,+4420 74960654,"Flat 07
Kaur Walk
Anneville
CH9 6JU",Female,Valleyview Mental Wellness NHS Trust,White,New Zealand,Skilled Worker,AHP,Radiographer,Women & Children,6,23.44,2023-09-06,2023-10-04,15.0,0.4,None,Bank,On Leave,CJ705904,2027-05-22,DF311983,2028-03-11,2027-02-12,2023-09-27
EMP0732-20260914_000059,Joseph,Moran,nichollspaige@example.com,1990-08-13,(0118) 496 0917,"625 Valerie Rest
East Deborahfurt
CW9 3LF",Female,Riverside Integrated Care NHS Trust,Mixed,Canada,Skilled Worker,Nursing,Ward Manager,Clinical Support Services,8A,35.01,2020-06-23,2020-07-21,37.5,1.0,NMC,Permanent,On Leave,MY339402,2030-06-11,MZ401496,2026-10-01,2027-09-12,2020-07-14
EMP0733-20260914_000059,Jay,Bolton,christopher02@example.com,1968-08-12,(028) 9018 0786,"7 King Falls
Hallfurt
BR30 3SG",Female,Eastmoor Teaching Hospitals NHS Trust,Mixed,Trinidad and Tobago,Skilled Worker,AHP,Physiotherapist,Women & Children,6,24.75,2021-02-12,2021-03-19,20.0,0.53,GMC,Fixed Term,Active,SX541473,2027-10-05,PQ199380,2029-05-10,2026-12-30,2021-03-05
EMP0734-20260914_000059,Dawn,Spencer,atkinsonnigel@example.org,2001-03-16,(0808)1570189,"6 Jones Shoals
Port Gillianfurt
ST4A 9JA",Female,Broadfield Clinical Services NHS Trust,Mixed,United Kingdom,Dependent,Medical,Registrar,Medicine & Acute Care,SPR,34.99,2022-05-03,2022-05-31,37.5,1.0,GMC,Permanent,Suspended,QE771883,2028-05-26,DO392976,2031-04-20,2026-12-24,2022-05-24
EMP0735-20260914_000059,Billy,Myers,catherinegregory@example.org,1977-07-11,+44(0)161 496 0849,"983 Collins Underpass
Wendyville
TQ6 8GQ",Male,Oakridge Community Services NHS Trust,Mixed,Nigeria,ILR,Admin,Data Analyst,Critical Care & Anaesthesia,8A,30.98,2024-05-01,2024-06-05,37.5,1.0,GMC,Bank,Active,EW687483,2029-02-09,UB083870,2030-02-11,2026-12-22,2024-05-22
EMP0736-20260914_000059,Jane,Holloway,kobrien@example.com,1975-08-22,03069990393,"192 Alexander Overpass
Buckleyland
RM6 3PN",Male,Eastfield Psychological Services NHS Trust,Mixed,Australia,British Citizen,Medical,GP,Surgery & Cancer,GP,46.41,2016-11-22,2017-01-03,15.0,0.4,HCPC,Permanent,Inactive,RX575896,2029-07-09,ES870383,2026-11-18,2027-01-30,2016-12-13
EMP0737-20260914_000059,Lucy,Barnes,leighmorris@example.com,1991-11-08,(0141)4960158,"Flat 15
Rose Ford
South Charles
BT9 1TD",Male,Riverbank General Hospitals NHS Trust,White,United Kingdom,Dependent,Admin,Data Analyst,Clinical Support Services,8A,34.21,2022-03-14,2022-04-11,37.5,1.0,None,Permanent,Active,PF510183,2031-04-21,YJ405955,2028-11-04,2026-12-25,2022-04-04
EMP0738-20260914_000059,Jason,Wilkins,gibsonliam@example.net,1993-01-02,+44(0)289018133,"Studio 79j
Martin Well
Port Reece
M7 0WP",Female,Lakeside District Hospitals NHS Trust,Black,Ghana,Skilled Worker,AHP,Speech Therapist,Clinical Support Services,6,25.3,2026-06-18,2026-07-16,20.0,0.53,GMC,Fixed Term,Active,DH613249,2026-12-22,TN257415,2028-04-19,2027-09-01,2026-07-09
EMP0739-20260914_000059,Clive,Wilson,karl43@example.com,1995-01-16,+44(0)113 496 0216,"798 Ricky Spring
Lawrencestad
UB96 3SB",Male,Southgate Community & Mental Health NHS Trust,Mixed,Nigeria,Dependent,Admin,Administrator,Emergency & Urgent Care,3,13.41,2022-06-07,2022-07-05,30.0,0.8,None,Bank,Suspended,BG243736,2028-07-14,GA110739,2028-07-13,2026-10-28,2022-06-28
EMP0740-20260914_000059,Kathryn,Hayes,harrisonjudith@example.net,1988-05-21,+441164960313,"Studio 75I
Melanie Isle
New Trevorview
WC10 5PD",Female,Greenhaven Acute & Specialist Care NHS Trust,Mixed,China,Dependent,AHP,Occupational Therapist,Women & Children,6,27.19,2020-05-21,2020-06-25,37.5,1.0,HCPC,Fixed Term,Inactive,LI224599,2030-07-18,PA472022,2030-12-11,2027-08-21,2020-06-11
EMP0741-20260914_000059,Danny,Lyons,marierobinson@example.com,1979-03-02,+44(0)1632960691,"8 Ashley Dam
South Jillville
LN6Y 7EE",Male,Riverside Integrated Care NHS Trust,Mixed,South Africa,Skilled Worker,Medical,GP,Corporate Services,GP,46.97,2025-11-05,2025-12-17,37.5,1.0,HCPC,Fixed Term,Inactive,WU671751,2031-03-16,CF148294,2030-07-09,2026-11-10,2025-11-26
EMP0742-20260914_000059,Gareth,Horton,pricelynn@example.org,2002-04-01,+44121 496 0903,"Studio 74
Brooks Plains
Lewisshire
ML5W 2UD",Female,Eastmoor Teaching Hospitals NHS Trust,Asian,China,ILR,Nursing,Healthcare Assistant,Women & Children,2,13.42,2018-01-04,2018-02-15,30.0,0.8,HCPC,Bank,Inactive,OE554622,2029-02-27,RX469689,2028-03-20,2026-10-11,2018-01-25
EMP0743-20260914_000059,Diane,King,tlord@example.org,2000-07-07,0161 4960663,"00 Johnson Place
Suttonfurt
M5 4SX",Male,Hillcrest Medical Centres NHS Trust,Black,Jamaica,ILR,Admin,Administrator,Women & Children,3,15.73,2024-07-04,2024-08-15,30.0,0.8,NMC,Bank,Inactive,EN398408,2030-07-03,HW373640,2030-08-14,2027-07-26,2024-07-25
EMP0744-20260914_000059,Vanessa,Mitchell,phillip04@example.org,1964-11-25,(0118)4960066,"57 Thomas Islands
North Lynnville
BB6B 1FT",Female,Riverside Integrated Care NHS Trust,Black,South Africa,Dependent,Nursing,Charge Nurse,Emergency & Urgent Care,7,29.6,2017-09-15,2017-10-13,15.0,0.4,HCPC,Fixed Term,On Leave,SA797913,2031-04-28,QQ951161,2029-10-24,2027-04-22,2017-10-06
EMP0745-20260914_000059,Lydia,Stokes,leannerichardson@example.net,1977-07-07,+44(0)28 9018 0189,"7 Evans Cape
West Leighton
TR6 0YF",Female,Meadowbrook Community Health NHS Trust,Black,South Africa,British Citizen,AHP,Radiographer,Corporate Services,6,27.11,2017-05-29,2017-07-10,18.75,0.5,GMC,Permanent,On Leave,XC493809,2029-08-07,BK660201,2031-04-13,2027-03-10,2017-06-19
EMP0746-20260914_000059,Gary,Skinner,gilessandra@example.com,1962-04-13,+448081570881,"Flat 1
Toby Forges
Joshuatown
LE7P 8LS",Male,Southgate Community & Mental Health NHS Trust,Black,South Africa,Dependent,Admin,Medical Secretary,Surgery & Cancer,4,18.61,2016-11-04,2016-12-16,30.0,0.8,HCPC,Permanent,Inactive,WP581403,2030-06-06,KH766137,2030-03-11,2027-01-16,2016-11-25
EMP0747-20260914_000059,Natalie,Brennan,robinsonjoe@example.org,2007-06-03,+44909 8790590,"7 Cox Route
East Albertport
M14 7HX",Female,Eastfield Psychological Services NHS Trust,Asian,China,Skilled Worker,AHP,Pharmacist,Women & Children,5,19.96,2023-05-18,2023-06-15,20.0,0.53,NMC,Bank,Active,DE098171,2030-11-04,UF724346,2031-04-18,2027-07-08,2023-06-08
EMP0748-20260914_000059,Tom,Hunt,trevorjones@example.org,2002-07-03,+44(0)113 4960562,"0 Chapman Meadow
Neilton
CV7A 7NB",Female,Westmere Community Health NHS Trust,Black,Trinidad and Tobago,Dependent,AHP,Pharmacist,Surgery & Cancer,5,19.27,2023-12-05,2024-01-02,15.0,0.4,HCPC,Fixed Term,Active,RG618059,2028-09-07,XH941465,2028-03-23,2027-03-23,2023-12-26
EMP0749-20260914_000059,Jacob,Matthews,bethanyhopkins@example.org,1996-02-17,(0161) 496 0489,"50 Bryan Plaza
Eleanorberg
W49 8YW",Male,Bluewater Community & Rehabilitation NHS Trust,Black,Ghana,Skilled Worker,AHP,Speech Therapist,Critical Care & Anaesthesia,6,23.94,2020-09-25,2020-11-06,18.75,0.5,NMC,Fixed Term,On Leave,VD349242,2030-06-06,YX044348,2029-10-03,2027-03-25,2020-10-16
EMP0750-20260914_000059,Janice,Summers,jarvisjessica@example.com,1967-05-12,+44(0)117 4960616,"040 Fowler Shores
South Kerry
SR0 9DH",Female,Lakeside District Hospitals NHS Trust,White,United States,ILR,Medical,Consultant,Women & Children,CONS,66.04,2023-06-14,2023-07-26,30.0,0.8,None,Fixed Term,On Leave,IQ670728,2028-10-10,GD485527,2029-04-26,2026-10-24,2023-07-05
EMP0751-20260914_000059,Lynn,Smith,vwebb@example.com,1996-07-18,0289018681,"Flat 0
Law Lodge
Humphriesstad
TA0 1ZR",Male,Northshire University Hospitals NHS Trust,Black,Barbados,Skilled Worker,Admin,Data Analyst,Corporate Services,8A,33.73,2021-04-14,2021-05-19,15.0,0.4,None,Bank,On Leave,QY677576,2027-09-23,UY365902,2029-02-17,2027-07-01,2021-05-05
EMP0752-20260914_000059,Alison,Bennett,lwhite@example.org,1969-06-29,+44141 4960059,"Flat 35
Terry Branch
Andersonfort
IM2R 4AA",Male,Northshire University Hospitals NHS Trust,Mixed,Trinidad and Tobago,Dependent,Admin,Administrator,Clinical Support Services,3,15.75,2026-08-03,2026-09-07,20.0,0.53,HCPC,Fixed Term,Inactive,YS595103,2031-05-11,AF429788,2030-12-13,2026-09-22,2026-08-24
EMP0753-20260914_000059,Leigh,Cooke,jeffrey38@example.org,2004-04-13,+44(0)20 74960267,"Flat 77
Deborah Mission
East Roger
N4T 5TL",Female,Broadfield Clinical Services NHS Trust,Asian,Thailand,ILR,Admin,Medical Secretary,Critical Care & Anaesthesia,4,18.23,2020-02-09,2020-03-22,20.0,0.53,HCPC,Permanent,Inactive,XO954635,2028-02-03,XR219045,2031-02-07,2027-02-07,2020-03-01
EMP0754-20260914_000059,Marian,Dawson,bbailey@example.com,2008-07-22,+44151 496 0435,"958 Brown Village
North Denisborough
M9H 1ZA",Male,Horizon Integrated Health Partnership NHS Trust,White,Australia,British Citizen,Admin,Data Analyst,Critical Care & Anaesthesia,8A,32.75,2021-08-24,2021-09-28,30.0,0.8,HCPC,Permanent,Inactive,OI510016,2028-03-31,XT696941,2029-12-29,2027-08-10,2021-09-14
EMP0755-20260914_000059,Abdul,Edwards,terryburton@example.org,1967-04-02,020 7946 0591,"Studio 94
Burke Summit
Fisherborough
BS3N 3ZQ",Female,Riverbank General Hospitals NHS Trust,Black,Trinidad and Tobago,ILR,Nursing,Healthcare Assistant,Women & Children,2,13.95,2026-08-11,2026-09-15,30.0,0.8,NMC,Fixed Term,Inactive,FU361286,2030-07-07,KP915289,2029-11-11,2027-03-04,2026-09-01
EMP0756-20260914_000059,Callum,Hughes,zhowe@example.com,1982-07-26,(0306) 999 0165,"Flat 68k
Peter Turnpike
East Dominic
TF4V 3BY",Male,Westborough Acute Care NHS Trust,Mixed,New Zealand,British Citizen,Nursing,Staff Nurse,Surgery & Cancer,5,22.31,2016-09-19,2016-10-17,15.0,0.4,NMC,Bank,Active,NX285211,2030-01-21,UX250632,2028-07-11,2027-03-19,2016-10-10
EMP0757-20260914_000059,Dorothy,Lord,daviesabdul@example.com,1993-12-21,(0151) 496 0984,"83 Byrne Stravenue
South Paulaberg
NE1B 4AE",Male,Hillcrest Medical Centres NHS Trust,Mixed,United Kingdom,ILR,Medical,Registrar,Surgery & Cancer,SPR,43.59,2024-11-11,2024-12-16,15.0,0.4,GMC,Fixed Term,Suspended,BB405129,2027-07-05,YG490766,2027-09-18,2027-03-23,2024-12-02
EMP0758-20260914_000059,Gareth,Lee,leslie74@example.com,1969-12-20,(0113)4960713,"Flat 50z
Lisa Union
Potterhaven
L0 0ZJ",Female,Northwood Mental Health NHS Trust,White,New Zealand,ILR,Admin,Data Analyst,Surgery & Cancer,8A,33.85,2018-10-28,2018-11-25,15.0,0.4,HCPC,Bank,Suspended,GT240353,2026-11-23,BX097817,2026-12-15,2027-03-11,2018-11-18
EMP0759-20260914_000059,Scott,Daniels,lydiathompson@example.org,2000-06-10,+44(0)116 4960472,"053 Jones Drive
Leighmouth
L20 6XS",Male,Northwood Mental Health NHS Trust,Asian,China,ILR,AHP,Physiotherapist,Clinical Support Services,6,23.68,2022-05-30,2022-07-04,30.0,0.8,NMC,Permanent,On Leave,NR081872,2028-10-15,XL043259,2028-02-23,2027-08-23,2022-06-20
EMP0760-20260914_000059,Jamie,Brown,donna24@example.net,1984-04-12,(0114) 496 0251,"Flat 2
White Pine
Simsberg
SS0 7BA",Male,Oakridge Community Services NHS Trust,White,Australia,Dependent,AHP,Physiologist,Medicine & Acute Care,6,24.04,2020-02-11,2020-03-17,20.0,0.53,NMC,Bank,Suspended,ZF067983,2030-02-20,GK025651,2029-10-19,2027-04-20,2020-03-03
EMP0761-20260914_000059,Liam,Clarke,david77@example.net,1963-08-06,+44(0)161 496 0443,"Studio 37B
Palmer Highway
South Rita
UB31 8QW",Male,Oakridge Community Services NHS Trust,Black,South Africa,ILR,Admin,Data Analyst,Corporate Services,8A,31.4,2024-02-13,2024-03-26,15.0,0.4,None,Fixed Term,Inactive,SJ090968,2028-07-29,VS977851,2029-10-11,2027-03-03,2024-03-05
EMP0762-20260914_000059,Lorraine,Richardson,angela24@example.com,1974-10-08,+441632 960 099,"212 Day Inlet
Dianeview
CT1 6BT",Male,Southvale Hospitals NHS Trust,Asian,India,Skilled Worker,Medical,GP,Emergency & Urgent Care,GP,49.39,2017-08-18,2017-09-29,30.0,0.8,None,Permanent,Suspended,AJ233688,2029-02-25,VP082586,2030-03-14,2026-10-25,2017-09-08
EMP0763-20260914_000059,Sandra,Dawson,paulsingh@example.com,1969-08-16,0117 4960363,"Studio 9
Thornton Tunnel
West Samuelstad
WD42 2XD",Male,Meadowbrook Community Health NHS Trust,Black,Nigeria,ILR,Admin,Receptionist,Surgery & Cancer,3,15.19,2016-10-15,2016-11-26,18.75,0.5,NMC,Fixed Term,Suspended,NE800660,2027-05-30,FY550850,2028-07-30,2027-07-02,2016-11-05
EMP0764-20260914_000059,Charlene,Abbott,garnersheila@example.org,1975-08-22,(029) 2018 0324,"Studio 3
Jean Springs
New Daleville
W0 0PF",Male,Greenhaven Acute & Specialist Care NHS Trust,Mixed,Nigeria,British Citizen,AHP,Physiotherapist,Emergency & Urgent Care,6,24.3,2025-12-31,2026-02-11,18.75,0.5,GMC,Fixed Term,Active,AU835095,2026-12-13,FH836228,2031-05-23,2026-10-28,2026-01-21
EMP0765-20260914_000059,Julia,Donnelly,stanleybilly@example.com,1991-01-16,(028) 9018105,"074 Abigail Views
Huntermouth
W3S 6RL",Male,Riverbank General Hospitals NHS Trust,Black,South Africa,British Citizen,Medical,GP,Critical Care & Anaesthesia,GP,50.69,2018-12-11,2019-01-15,37.5,1.0,GMC,Bank,Inactive,FY066878,2028-09-26,AS790178,2029-11-13,2026-10-06,2019-01-01
EMP0766-20260914_000059,Jamie,Lucas,masonbethan@example.net,1995-01-26,(01632) 960 934,"2 Hamilton Skyway
Holmesland
G66 3BH",Male,Riverbank General Hospitals NHS Trust,Asian,Thailand,ILR,Nursing,Ward Manager,Critical Care & Anaesthesia,8A,34.31,2019-05-22,2019-06-19,18.75,0.5,HCPC,Fixed Term,On Leave,TO140001,2027-10-24,HI029729,2026-09-19,2027-07-22,2019-06-12
EMP0767-20260914_000059,Matthew,Carr,ruthfletcher@example.net,1980-04-21,0808 157 0537,"Flat 09k
Dylan Junction
East Margaretborough
TQ45 9EZ",Female,Southgate Community & Mental Health NHS Trust,Asian,Japan,British Citizen,Nursing,Nursery Nurse,Critical Care & Anaesthesia,2,13.94,2022-07-10,2022-08-14,37.5,1.0,NMC,Bank,On Leave,XS814026,2027-08-21,VQ387039,2030-01-22,2026-12-24,2022-07-31
EMP0768-20260914_000059,Lynne,Wright,bethan40@example.net,1960-09-30,(0115) 4960451,"Studio 03C
Brown Canyon
Marionfort
SM29 5WA",Male,Northwood Mental Health NHS Trust,Asian,Japan,Dependent,Admin,Data Analyst,Surgery & Cancer,8A,34.37,2021-12-27,2022-01-24,20.0,0.53,NMC,Fixed Term,Inactive,WZ272631,2027-08-25,XU452263,2028-09-06,2027-06-26,2022-01-17
EMP0769-20260914_000059,Alexander,O'Brien,shepherdgillian@example.com,1963-12-21,(028)9018030,"930 Nicola Bypass
North Lisa
E43 9HS",Female,Riverside Integrated Care NHS Trust,White,New Zealand,Dependent,Nursing,Staff Nurse,Medicine & Acute Care,5,23.04,2023-04-13,2023-05-11,15.0,0.4,GMC,Bank,Inactive,IN200150,2028-08-13,JN922611,2028-09-16,2027-05-15,2023-05-04
EMP0770-20260914_000059,Dorothy,Murphy,toddbethany@example.com,1996-05-03,(0141)4960986,"618 Pritchard Streets
South Raymondland
SR2 4JY",Female,Eastmoor Teaching Hospitals NHS Trust,Mixed,Ghana,Skilled Worker,AHP,Physiologist,Emergency & Urgent Care,6,25.03,2020-11-04,2020-12-09,18.75,0.5,HCPC,Bank,On Leave,RD061963,2028-11-11,HB134578,2028-02-19,2027-02-01,2020-11-25
EMP0771-20260914_000059,Jill,Parkinson,billy27@example.net,1998-10-08,+441632960720,"79 Rhodes Common
Karlbury
HX38 0RY",Female,Southvale Hospitals NHS Trust,Asian,India,ILR,AHP,Speech Therapist,Critical Care & Anaesthesia,6,25.91,2020-11-02,2020-12-07,18.75,0.5,NMC,Permanent,Active,IR653466,2026-09-30,RI856241,2029-09-15,2027-04-22,2020-11-23
EMP0772-20260914_000059,Debra,Stevens,xburgess@example.org,1994-07-24,+44(0)114 496 0013,"Studio 10
Green Crescent
Denisside
E8 8LN",Male,Southvale Hospitals NHS Trust,White,New Zealand,ILR,Nursing,Nursery Nurse,Critical Care & Anaesthesia,2,13.39,2021-02-11,2021-03-25,15.0,0.4,GMC,Fixed Term,Suspended,DM935020,2027-06-05,BZ512075,2026-10-16,2026-11-03,2021-03-04
EMP0773-20260914_000059,Daniel,Farmer,paige28@example.org,1993-08-02,(0161)4960927,"Studio 80l
Stephens Gardens
Greenburgh
M5G 0BR",Male,Horizon Integrated Health Partnership NHS Trust,Black,Kenya,British Citizen,Nursing,Charge Nurse,Medicine & Acute Care,7,30.89,2018-01-29,2018-02-26,15.0,0.4,HCPC,Bank,Active,UD069093,2030-12-25,DI615335,2031-04-28,2027-05-11,2018-02-19
EMP0774-20260914_000059,Eleanor,White,eball@example.net,1995-01-07,(0118) 4960423,"956 Maurice Row
Staceyville
ST8N 5AT",Male,Riverside Integrated Care NHS Trust,White,United Kingdom,Skilled Worker,Admin,Medical Secretary,Medicine & Acute Care,4,17.27,2021-02-27,2021-03-27,20.0,0.53,None,Bank,Active,HA877862,2030-02-24,GB051270,2031-02-24,2026-09-16,2021-03-20
EMP0775-20260914_000059,Jean,Carpenter,birchfrederick@example.org,1985-06-09,0116 4960334,"3 Bailey Meadow
West Leahborough
B6E 8DS",Male,Riverbank General Hospitals NHS Trust,Asian,India,Skilled Worker,AHP,Occupational Therapist,Women & Children,6,23.37,2022-03-07,2022-04-11,18.75,0.5,HCPC,Fixed Term,Suspended,PB227148,2027-04-24,LD265351,2029-11-23,2027-03-11,2022-03-28
EMP0776-20260914_000059,Max,Edwards,ohumphreys@example.com,1971-06-20,+44161 4960274,"Studio 22W
Stanley Plaza
Kingfurt
WD5 6EP",Male,Midlands Central Hospitals NHS Trust,Asian,India,Skilled Worker,Medical,Consultant,Surgery & Cancer,CONS,57.26,2022-04-03,2022-05-08,30.0,0.8,GMC,Fixed Term,Active,DJ468332,2030-07-19,DV574302,2031-09-05,2027-07-09,2022-04-24
EMP0777-20260914_000059,James,Patel,tinaburgess@example.org,1991-10-24,0151 496 0579,"72 Caroline Glens
Ruthton
G32 9PT",Male,Eastmoor Teaching Hospitals NHS Trust,Black,Barbados,British Citizen,Nursing,Senior Staff Nurse,Emergency & Urgent Care,6,23.64,2024-05-08,2024-06-12,18.75,0.5,None,Bank,Suspended,VH107831,2027-06-04,LY672845,2030-09-22,2027-01-22,2024-05-29
EMP0778-20260914_000059,Graeme,Taylor,crossjulian@example.com,1975-11-14,0114 4960903,"13 Danny Drive
Port Jackchester
TA61 8TP",Male,Southgate Community & Mental Health NHS Trust,White,Australia,Dependent,AHP,Pharmacist,Critical Care & Anaesthesia,5,19.49,2018-05-03,2018-06-07,30.0,0.8,GMC,Permanent,Active,CE268825,2026-10-21,FG261119,2028-02-07,2027-05-06,2018-05-24
EMP0779-20260914_000059,Jeffrey,Spencer,qjenkins@example.com,1996-01-06,01632960881,"Flat 31Z
White Road
Lake Sianhaven
DN0P 9WE",Male,Lakeside District Hospitals NHS Trust,White,Australia,Skilled Worker,Medical,Consultant,Critical Care & Anaesthesia,CONS,67.8,2024-11-07,2024-12-12,37.5,1.0,NMC,Permanent,Inactive,QJ245351,2028-10-07,SA476113,2027-05-02,2027-02-19,2024-11-28
EMP0780-20260914_000059,Chloe,Fowler,roger16@example.com,2001-06-09,0808 157 0113,"Studio 3
Debra Turnpike
North Damian
FY4 0PB",Female,Eastfield Psychological Services NHS Trust,White,Canada,Dependent,Admin,Data Analyst,Surgery & Cancer,8A,31.46,2018-08-02,2018-09-06,18.75,0.5,NMC,Bank,On Leave,VN670877,2029-04-10,QX749974,2029-09-15,2027-01-10,2018-08-23
EMP0781-20260914_000059,Abbie,Bailey,terence69@example.org,1986-01-04,+44117 4960030,"Studio 27
Anne Drive
Port Lynntown
G9 5YZ",Female,Westmere Community Health NHS Trust,Mixed,South Africa,British Citizen,Admin,Medical Secretary,Surgery & Cancer,4,16.41,2025-08-23,2025-09-27,20.0,0.53,NMC,Permanent,Inactive,TW680314,2030-02-28,BL215955,2030-09-12,2027-03-15,2025-09-13
EMP0782-20260914_000059,Claire,Richardson,jwatts@example.org,1990-11-29,01154960357,"Flat 20
Brown Motorway
North Declanchester
L9 1YZ",Male,Valleyview Mental Wellness NHS Trust,White,Australia,Dependent,Admin,Data Analyst,Critical Care & Anaesthesia,8A,30.68,2021-09-23,2021-10-21,37.5,1.0,None,Permanent,Inactive,OI758422,2031-05-15,PD106414,2027-02-28,2026-10-26,2021-10-14
EMP0783-20260914_000059,Maureen,Berry,sylviarobson@example.org,1996-09-18,+441164960926,"Flat 8
Adam Road
Lake Shirley
DG15 3EP",Male,Horizon Integrated Health Partnership NHS Trust,Mixed,Trinidad and Tobago,Dependent,Admin,Receptionist,Surgery & Cancer,3,15.78,2019-09-07,2019-10-12,30.0,0.8,HCPC,Bank,Inactive,VE505978,2029-12-08,FL271127,2026-11-16,2027-01-05,2019-09-28
EMP0784-20260914_000059,Maurice,Patel,zwalsh@example.net,1962-08-26,(029)2018869,"913 Sam Garden
Lake Normanfurt
EC48 8XS",Female,Westborough Acute Care NHS Trust,Mixed,Thailand,ILR,Nursing,Staff Nurse,Surgery & Cancer,5,20.86,2021-03-04,2021-04-15,15.0,0.4,NMC,Permanent,On Leave,JY140791,2029-06-16,EG177169,2027-02-10,2026-12-10,2021-03-25
EMP0785-20260914_000059,Samuel,Morgan,cooperheather@example.net,2000-10-12,+44117 4960877,"85 Shaun Radial
Port Olivia
RM5 3ZD",Male,Southvale Hospitals NHS Trust,Asian,Thailand,Skilled Worker,Medical,Registrar,Clinical Support Services,SPR,40.44,2026-08-11,2026-09-08,20.0,0.53,NMC,Permanent,Suspended,OA472305,2031-07-03,UT137826,2030-05-02,2027-06-18,2026-09-01
EMP0786-20260914_000059,Rita,Hanson,smithjake@example.net,2000-04-01,+44117 496 0284,"7 Smith Branch
Port Marian
CA1 6XP",Female,Hillcrest Medical Centres NHS Trust,White,Australia,Skilled Worker,Medical,FY1/FY2,Critical Care & Anaesthesia,FY1,19.06,2017-01-01,2017-02-12,15.0,0.4,NMC,Bank,On Leave,IY569758,2029-05-26,EL801098,2030-12-09,2026-10-31,2017-01-22
EMP0787-20260914_000059,Rita,Stanley,knightpatrick@example.net,2006-12-13,+44(0)29 2018730,"0 Ricky Island
Lake Karl
TW02 3HU",Female,Greenhaven Acute & Specialist Care NHS Trust,White,Canada,ILR,Medical,Registrar,Emergency & Urgent Care,SPR,35.03,2024-02-19,2024-04-01,20.0,0.53,NMC,Permanent,Inactive,QU301699,2031-03-01,PB846788,2028-05-15,2026-12-27,2024-03-11
EMP0788-20260914_000059,Josephine,Moore,justin36@example.org,1998-02-17,09098790191,"Studio 69p
Zoe Streets
Dayland
E6 9TJ",Female,Midlands Central Hospitals NHS Trust,Asian,India,ILR,Medical,Registrar,Medicine & Acute Care,SPR,35.96,2019-07-28,2019-08-25,37.5,1.0,NMC,Permanent,Inactive,SQ321596,2030-12-02,FF311376,2031-04-20,2026-10-01,2019-08-18
EMP0789-20260914_000059,Jordan,Chambers,ysmith@example.net,1976-05-28,(0115)4960487,"Flat 01
Robson Stream
Gregoryton
WV4 8DB",Male,Westmere Community Health NHS Trust,Black,Trinidad and Tobago,Skilled Worker,AHP,Physiotherapist,Clinical Support Services,6,28.07,2018-03-09,2018-04-20,18.75,0.5,None,Bank,Suspended,ZF533304,2030-07-23,VZ480638,2030-06-09,2027-07-02,2018-03-30
EMP0790-20260914_000059,Annette,Andrews,harry07@example.org,1977-12-23,+44(0)306 9990273,"Flat 76
Lord Ferry
Port Andrewfurt
DL0 0RH",Female,Westmere Community Health NHS Trust,Asian,India,ILR,Nursing,Nursery Nurse,Critical Care & Anaesthesia,2,13.37,2019-06-25,2019-08-06,37.5,1.0,NMC,Permanent,Inactive,TA262351,2028-01-19,UE651712,2030-12-05,2027-07-05,2019-07-16
EMP0791-20260914_000059,Suzanne,Owen,walkerallan@example.com,1982-11-17,+448081570357,"4 Thompson Square
Michelleshire
TR06 0HG",Female,Midlands Central Hospitals NHS Trust,White,New Zealand,Dependent,AHP,Radiographer,Medicine & Acute Care,6,26.48,2021-02-16,2021-03-16,37.5,1.0,HCPC,Permanent,Inactive,MG546498,2031-04-11,YW136214,2027-08-20,2026-10-07,2021-03-09
EMP0792-20260914_000059,Justin,Wyatt,smartpatricia@example.net,1980-02-11,(0121) 496 0348,"Flat 16
Gillian Forks
South Davidburgh
M9 8UY",Female,Riverside Integrated Care NHS Trust,Mixed,Thailand,Dependent,Nursing,Ward Manager,Emergency & Urgent Care,8A,32.89,2022-07-21,2022-08-18,30.0,0.8,None,Fixed Term,Inactive,BE381048,2026-10-02,YU392685,2026-11-03,2027-08-25,2022-08-11
EMP0793-20260914_000059,Lawrence,Dyer,yjames@example.net,1980-10-15,(0116) 496 0187,"Flat 49
Wendy Courts
North Mohammed
OX9 9SX",Male,Southgate Community & Mental Health NHS Trust,Black,Barbados,British Citizen,AHP,Speech Therapist,Surgery & Cancer,6,26.34,2016-11-03,2016-12-01,15.0,0.4,GMC,Fixed Term,Inactive,CB654512,2027-09-23,RJ624333,2029-08-17,2027-08-30,2016-11-24
EMP0794-20260914_000059,Sophie,Murphy,marcus95@example.com,1986-06-19,+44(0)161 496 0129,"6 Stevens Glens
Fordton
N7 4GH",Female,Southvale Hospitals NHS Trust,Asian,Thailand,Skilled Worker,Nursing,Charge Nurse,Critical Care & Anaesthesia,7,31.99,2025-04-03,2025-05-08,18.75,0.5,GMC,Permanent,Inactive,WV941398,2028-07-26,KG831047,2026-10-26,2027-07-21,2025-04-24
EMP0795-20260914_000059,Tony,Wade,jkelly@example.com,1975-07-22,(0113)4960651,"35 Harris Flat
Dylanberg
TN3 2DG",Male,Northshire University Hospitals NHS Trust,Black,Barbados,Skilled Worker,Medical,Consultant,Women & Children,CONS,50.76,2019-08-27,2019-10-01,15.0,0.4,HCPC,Bank,On Leave,RM748061,2027-09-03,KH447335,2027-08-05,2027-06-09,2019-09-17
EMP0796-20260914_000059,Katy,Collins,norman09@example.org,1979-05-12,(0306) 9990769,"Studio 2
Katy Rapids
Jeremyshire
CO89 2GH",Male,Westmere Community Health NHS Trust,White,New Zealand,Dependent,Admin,Receptionist,Critical Care & Anaesthesia,3,16.33,2024-04-25,2024-06-06,20.0,0.53,NMC,Bank,Suspended,FF790297,2030-04-29,OW861955,2027-10-31,2026-10-18,2024-05-16
EMP0797-20260914_000059,Lauren,Andrews,russellshepherd@example.com,1988-02-10,0131 496 0385,"22 Smith Trail
Bellfurt
WN95 3QA",Female,Meadowbrook Community Health NHS Trust,Asian,China,Skilled Worker,AHP,Occupational Therapist,Women & Children,6,23.37,2019-07-24,2019-08-28,18.75,0.5,NMC,Fixed Term,On Leave,SN666038,2028-11-30,FG965835,2031-02-06,2026-12-26,2019-08-14
EMP0798-20260914_000059,Anne,Mason,rachel80@example.com,1997-10-24,+44131 4960194,"28 Karl Forges
West Kathleen
NE48 1YF",Female,Northwood Mental Health NHS Trust,Black,Barbados,Dependent,Medical,Registrar,Corporate Services,SPR,34.25,2024-04-01,2024-05-06,20.0,0.53,None,Fixed Term,Inactive,UU832549,2029-10-26,SF497453,2029-06-04,2027-08-10,2024-04-22
EMP0799-20260914_000059,Samuel,King,leonardhall@example.org,1989-11-19,029 2018 0901,"Studio 47m
Howard Grove
North Lucyburgh
E9H 7ER",Male,Riverside Integrated Care NHS Trust,White,United Kingdom,British Citizen,Nursing,Nursery Nurse,Women & Children,2,12.81,2022-06-16,2022-07-21,30.0,0.8,GMC,Bank,On Leave,TT634265,2028-01-30,NE400362,2028-11-21,2027-04-11,2022-07-07
EMP0800-20260914_000059,Grace,Fox,hopeclaire@example.com,1971-02-08,(0115) 496 0949,"4 Beverley Burg
North Paulaview
BS4 5YR",Female,Oakridge Community Services NHS Trust,Mixed,China,British Citizen,Admin,Administrator,Critical Care & Anaesthesia,3,13.38,2022-04-18,2022-05-30,18.75,0.5,NMC,Permanent,Active,JI015847,2027-06-15,GD004231,2028-08-06,2026-12-04,2022-05-09
EMP0801-20260914_000059,Susan,Smith,carole11@example.net,1995-12-02,(0306)9990611,"3 Watson Street
Samborough
L3 4XE",Female,Hillcrest Medical Centres NHS Trust,White,Australia,British Citizen,AHP,Radiographer,Emergency & Urgent Care,6,27.1,2026-01-31,2026-03-07,18.75,0.5,HCPC,Permanent,On Leave,UO270119,2028-10-14,GZ117100,2029-10-13,2026-11-05,2026-02-21
EMP0802-20260914_000059,Anne,Lord,wrightgraeme@example.com,2001-06-26,01184960843,"904 Kerry Throughway
Port Alexandrafort
G3F 3YH",Female,Midlands Central Hospitals NHS Trust,Black,Ghana,Skilled Worker,AHP,Speech Therapist,Medicine & Acute Care,6,24.17,2024-05-23,2024-06-20,20.0,0.53,HCPC,Permanent,Inactive,SX667488,2027-03-14,NF053062,2029-12-20,2027-01-31,2024-06-13
EMP0803-20260914_000059,Julian,Baker,callum72@example.com,1975-11-10,(0121) 4960688,"733 Shaw Groves
East Annettefurt
G38 9ZB",Female,Eastmoor Teaching Hospitals NHS Trust,Asian,Thailand,ILR,Medical,GP,Emergency & Urgent Care,GP,58.14,2018-07-19,2018-08-16,18.75,0.5,HCPC,Permanent,On Leave,JB441103,2030-06-26,IB500177,2029-05-20,2027-06-28,2018-08-09
EMP0804-20260914_000059,Maureen,Lane,vbell@example.com,1966-06-06,+44131 496 0105,"6 Ellis Locks
Rickymouth
M3S 0LQ",Male,Westborough Acute Care NHS Trust,Black,Jamaica,ILR,Nursing,Ward Manager,Emergency & Urgent Care,8A,33.71,2018-12-05,2019-01-09,30.0,0.8,HCPC,Fixed Term,Inactive,PS770982,2028-12-03,YO547608,2028-03-27,2026-10-19,2018-12-26
EMP0805-20260914_000059,Tina,Mistry,pearsonwendy@example.com,1988-07-21,(0121)4960477,"8 Laura Forge
Shahburgh
CH0 5GP",Male,Riverside Integrated Care NHS Trust,Black,Nigeria,British Citizen,Medical,GP,Emergency & Urgent Care,GP,61.37,2017-01-21,2017-02-18,30.0,0.8,HCPC,Fixed Term,On Leave,RT222323,2028-09-20,EC814738,2031-01-26,2027-06-16,2017-02-11
EMP0806-20260914_000059,Jacob,Watkins,knightjack@example.com,1990-01-29,+44(0)1632960390,"Flat 62g
Ashley Prairie
McCarthyland
N7 8BA",Female,Bluewater Community & Rehabilitation NHS Trust,Asian,Thailand,Skilled Worker,AHP,Physiotherapist,Women & Children,6,23.22,2018-05-06,2018-06-17,15.0,0.4,None,Bank,On Leave,DV175177,2028-11-04,UW590085,2030-02-13,2026-12-30,2018-05-27
EMP0807-20260914_000059,Lynda,Martin,dbryant@example.net,1960-10-21,+44(0)1154960658,"8 Warren Station
Nigelland
UB69 4SR",Female,Hillcrest Medical Centres NHS Trust,White,United States,ILR,Admin,Medical Secretary,Medicine & Acute Care,4,17.67,2023-03-11,2023-04-15,15.0,0.4,GMC,Fixed Term,Suspended,WG635540,2029-03-22,KY705615,2027-10-12,2027-04-25,2023-04-01
EMP0808-20260914_000059,Adam,Clark,garyevans@example.net,1997-06-11,+44131 496 0487,"Studio 31f
Gillian Light
New Irene
GL22 8XY",Male,Riverbank General Hospitals NHS Trust,Mixed,Thailand,Skilled Worker,AHP,Physiologist,Corporate Services,6,25.48,2020-08-05,2020-09-16,15.0,0.4,HCPC,Fixed Term,On Leave,YR773790,2028-11-09,BZ292842,2031-01-23,2027-01-24,2020-08-26
EMP0809-20260914_000059,Ashley,Osborne,ydixon@example.net,1981-06-02,+44(0)118 496 0717,"Studio 85
Peter Pike
Lake Lewismouth
B1 9QZ",Male,Northshire University Hospitals NHS Trust,Asian,Japan,Dependent,AHP,Physiotherapist,Corporate Services,6,25.54,2026-07-22,2026-09-02,15.0,0.4,GMC,Permanent,Active,IH687307,2028-07-28,OI608632,2029-12-04,2027-08-18,2026-08-12
EMP0810-20260914_000059,Karen,Cooper,vanessa07@example.net,1978-06-22,(0116) 496 0080,"Studio 35
Griffiths Fork
Martynside
TD08 2ER",Male,Northwood Mental Health NHS Trust,Black,Barbados,Dependent,AHP,Speech Therapist,Surgery & Cancer,6,26.24,2023-09-20,2023-10-18,15.0,0.4,None,Fixed Term,On Leave,KZ859737,2029-04-22,TL988869,2030-10-10,2027-07-26,2023-10-11
EMP0811-20260914_000059,Sara,Sheppard,williamsmarilyn@example.net,1983-08-15,+44(0)161 496 0508,"371 Max Stravenue
Phillipborough
W75 3SD",Female,Northshire University Hospitals NHS Trust,Asian,Japan,Dependent,Admin,Receptionist,Critical Care & Anaesthesia,3,16.39,2017-10-13,2017-11-17,20.0,0.53,HCPC,Fixed Term,Active,CU197641,2028-04-07,RW580814,2027-08-06,2026-09-26,2017-11-03
EMP0812-20260914_000059,Charlotte,Davies,zwebb@example.net,1991-02-20,(0113) 496 0900,"71 Thomas Center
Chandlerstad
SG8 8LD",Male,Southgate Community & Mental Health NHS Trust,Mixed,South Africa,Dependent,Admin,Data Analyst,Women & Children,8A,29.66,2023-07-24,2023-09-04,30.0,0.8,NMC,Permanent,Suspended,QK089239,2030-11-08,QH850058,2027-09-11,2026-12-27,2023-08-14
EMP0813-20260914_000059,Joanne,King,janetclayton@example.com,2007-08-10,+44(0)113 4960039,"Studio 17Q
Black Drive
West Nicola
G7S 3UH",Male,Westborough Acute Care NHS Trust,Asian,Thailand,Dependent,Medical,FY1/FY2,Clinical Support Services,FY1,20.17,2026-08-11,2026-09-22,30.0,0.8,HCPC,Bank,Suspended,LV254268,2029-05-15,NV284267,2029-09-29,2026-10-05,2026-09-01
EMP0814-20260914_000059,Carol,Thomas,davisharry@example.net,1973-12-14,0117 496 0968,"Studio 35D
Marsden Springs
Bartontown
RM74 4UZ",Female,Meadowbrook Community Health NHS Trust,White,New Zealand,Skilled Worker,Nursing,Senior Staff Nurse,Surgery & Cancer,6,24.47,2023-11-22,2023-12-20,37.5,1.0,GMC,Permanent,Active,DI008872,2030-03-22,UI897297,2028-07-31,2027-04-12,2023-12-13
EMP0815-20260914_000059,Holly,Coles,ian20@example.net,1963-06-29,+44(0)306 9990745,"Flat 4
Akhtar Lodge
North Lynne
DT9 3EX",Male,Northshire University Hospitals NHS Trust,Asian,India,Skilled Worker,Admin,Data Analyst,Medicine & Acute Care,8A,29.56,2018-03-28,2018-05-02,15.0,0.4,NMC,Bank,Inactive,UZ180647,2027-04-03,NS433609,2030-01-16,2027-05-11,2018-04-18
EMP0816-20260914_000059,Hayley,Adams,freid@example.net,1978-09-27,(0808) 1570317,"Flat 63U
Vaughan Mills
South Leetown
CR68 6PQ",Female,Greenhaven Acute & Specialist Care NHS Trust,Black,Ghana,Dependent,Nursing,Ward Manager,Women & Children,8A,31.19,2026-07-07,2026-08-04,30.0,0.8,None,Fixed Term,Inactive,YL907731,2028-03-16,AS148926,2029-02-26,2027-09-12,2026-07-28
EMP0817-20260914_000059,Lawrence,Day,oliver50@example.org,1984-04-13,(0118)4960968,"Flat 94Z
Roy Wells
East Ritaland
CM5 3ZH",Male,Broadfield Clinical Services NHS Trust,Asian,India,Dependent,Admin,Medical Secretary,Corporate Services,4,17.42,2023-10-31,2023-12-12,20.0,0.53,HCPC,Fixed Term,Suspended,SX030493,2029-12-04,NW164886,2028-06-17,2027-07-22,2023-11-21
EMP0818-20260914_000059,Georgia,Dawson,jasonmurphy@example.com,1962-01-03,0141 496 0998,"8 Beverley Stravenue
Lake Alexanderstad
BB84 5AU",Male,Valleyview Mental Wellness NHS Trust,Mixed,New Zealand,Skilled Worker,Medical,Registrar,Surgery & Cancer,SPR,39.11,2019-01-03,2019-02-14,15.0,0.4,GMC,Fixed Term,Inactive,ZP271254,2027-12-27,CE153077,2027-12-03,2027-06-28,2019-01-24
EMP0819-20260914_000059,Philip,Lees,keith48@example.net,1997-09-12,+44(0)121 4960463,"416 Hardy Drive
Abigailton
BT5 7LQ",Female,Eastfield Psychological Services NHS Trust,Asian,China,ILR,Nursing,Staff Nurse,Surgery & Cancer,5,20.48,2017-09-13,2017-10-11,15.0,0.4,GMC,Fixed Term,Inactive,FO974727,2031-08-12,IZ680114,2030-09-24,2027-03-26,2017-10-04
EMP0820-20260914_000059,Samuel,Taylor,lesleywood@example.net,1972-08-04,(0191)4960766,"Studio 20
Anne Mountain
East Carol
EN9Y 9HS",Male,Riverside Integrated Care NHS Trust,Black,Jamaica,Dependent,Admin,Medical Secretary,Surgery & Cancer,4,19.18,2020-06-30,2020-07-28,15.0,0.4,None,Permanent,Active,NZ119162,2029-09-22,LY095310,2027-12-10,2027-01-14,2020-07-21
EMP0821-20260914_000059,Lewis,Kaur,lawrence47@example.net,2004-10-04,0114 496 0732,"808 Marsh Ridges
East Gemmaburgh
L3 7DU",Female,Greenhaven Acute & Specialist Care NHS Trust,Black,Ghana,Skilled Worker,AHP,Physiotherapist,Women & Children,6,27.25,2019-12-12,2020-01-23,20.0,0.53,GMC,Permanent,Inactive,CU327696,2028-07-06,VD583137,2027-05-16,2027-09-13,2020-01-02
EMP0822-20260914_000059,Charlotte,Patel,joewilliams@example.net,1981-04-12,+44118 4960970,"42 Gail Valley
Hillbury
W77 4WE",Male,Greenhaven Acute & Specialist Care NHS Trust,Black,Barbados,Dependent,Medical,GP,Corporate Services,GP,47.84,2019-05-23,2019-07-04,37.5,1.0,HCPC,Permanent,Inactive,PR887428,2029-06-27,HT290797,2027-07-26,2027-08-18,2019-06-13
EMP0823-20260914_000059,Michael,Akhtar,webbstacey@example.org,1994-06-10,028 9018856,"Studio 0
Anderson Corners
Daviesborough
B61 7NB",Male,Oakridge Community Services NHS Trust,White,New Zealand,Skilled Worker,Nursing,Staff Nurse,Corporate Services,5,22.48,2024-12-27,2025-01-24,30.0,0.8,None,Permanent,On Leave,XF655835,2029-08-29,BW550381,2030-09-22,2027-05-06,2025-01-17
EMP0824-20260914_000059,Kimberley,Ellis,denisebrady@example.org,1965-04-29,+448081570957,"Studio 31g
Carr Loaf
Karenport
FY3X 3WZ",Male,Valleyview Mental Wellness NHS Trust,White,United States,British Citizen,Nursing,Senior Staff Nurse,Emergency & Urgent Care,6,26.26,2025-03-04,2025-04-08,37.5,1.0,None,Permanent,Active,IS451063,2027-05-20,MH383236,2028-08-14,2027-04-24,2025-03-25
EMP0825-20260914_000059,Molly,Baker,ksutton@example.net,1993-09-23,+44292018237,"Flat 6
Miah Prairie
Reidview
G5W 4ER",Female,Midlands Central Hospitals NHS Trust,Mixed,Jamaica,Dependent,AHP,Radiographer,Medicine & Acute Care,6,25.05,2018-07-31,2018-09-04,18.75,0.5,GMC,Permanent,Active,UV987532,2031-06-17,DK894912,2031-03-24,2027-01-19,2018-08-21
EMP0826-20260914_000059,Ricky,Bailey,ihussain@example.net,2007-04-01,(0151)4960262,"Flat 31
Elaine Bridge
Edwardsmouth
B2 1HY",Male,Riverside Integrated Care NHS Trust,Mixed,Ghana,ILR,Admin,Medical Secretary,Surgery & Cancer,4,16.85,2023-07-25,2023-08-29,30.0,0.8,HCPC,Fixed Term,Suspended,NZ958489,2031-08-22,WY345025,2028-10-14,2027-01-30,2023-08-15
EMP0827-20260914_000059,Beth,Reid,eileen71@example.org,1971-09-04,0909 8790548,"595 Robin Islands
Jonesside
NR92 8NE",Female,Eastfield Psychological Services NHS Trust,White,New Zealand,ILR,AHP,Physiotherapist,Surgery & Cancer,6,26.89,2024-09-10,2024-10-22,15.0,0.4,NMC,Permanent,On Leave,ZC650767,2029-03-01,WE401109,2028-05-22,2026-10-20,2024-10-01
EMP0828-20260914_000059,Jamie,Macdonald,edwardsgeorge@example.net,1966-08-19,(0151)4960848,"Studio 4
Thornton View
West Suzanne
CW51 9AB",Male,Riverside Integrated Care NHS Trust,Asian,Japan,British Citizen,Medical,Consultant,Surgery & Cancer,CONS,56.91,2019-01-23,2019-02-20,20.0,0.53,None,Permanent,Active,ZK822521,2027-01-01,HT880773,2026-12-14,2026-12-24,2019-02-13
EMP0829-20260914_000059,Naomi,Day,dunntom@example.org,1961-07-26,+44(0)191 4960661,"Flat 54
Dominic Harbor
North Carol
ST6N 3PZ",Male,Eastmoor Teaching Hospitals NHS Trust,Black,Barbados,British Citizen,Admin,Receptionist,Critical Care & Anaesthesia,3,15.84,2019-01-06,2019-02-17,30.0,0.8,HCPC,Bank,On Leave,GX852420,2029-10-02,JF094436,2028-02-10,2027-01-30,2019-01-27
EMP0830-20260914_000059,Michael,Cooke,gwalker@example.com,1999-08-15,+441632 960 621,"36 Jenkins Cliff
Humphreysport
DT3 2HS",Male,Riverside Integrated Care NHS Trust,Mixed,United Kingdom,Skilled Worker,Medical,GP,Surgery & Cancer,GP,52.98,2023-08-26,2023-09-23,15.0,0.4,HCPC,Fixed Term,Active,CW861333,2028-06-27,CP877730,2029-09-09,2026-11-28,2023-09-16
EMP0831-20260914_000059,Howard,Jones,harrietgriffiths@example.com,1979-09-12,+44(0)909 8790086,"Flat 67
Dylan Mountain
Shawmouth
CB1M 1PA",Female,Oakridge Community Services NHS Trust,Mixed,South Africa,British Citizen,Nursing,Senior Staff Nurse,Emergency & Urgent Care,6,23.1,2018-09-22,2018-10-20,20.0,0.53,HCPC,Fixed Term,Inactive,ZC894203,2031-04-25,NL558820,2026-09-19,2027-01-18,2018-10-13
EMP0832-20260914_000059,Ian,Barnes,peter72@example.com,1972-12-17,+44(0)8081570358,"Flat 44
Howard Glens
Austintown
S02 5WH",Female,Riverbank General Hospitals NHS Trust,Asian,India,British Citizen,AHP,Physiologist,Medicine & Acute Care,6,22.84,2017-02-16,2017-03-16,30.0,0.8,None,Fixed Term,Inactive,PT937140,2028-12-05,RN307949,2029-02-23,2026-10-30,2017-03-09
EMP0833-20260914_000059,Sheila,Kerr,coxpaula@example.com,1966-02-08,+44289018032,"542 Carole Squares
Joshland
KY0H 4GU",Female,Greenhaven Acute & Specialist Care NHS Trust,Mixed,India,British Citizen,Medical,FY1/FY2,Critical Care & Anaesthesia,FY1,21.22,2017-10-27,2017-12-01,20.0,0.53,HCPC,Bank,Active,JH175615,2028-06-14,RT853371,2031-01-26,2027-03-15,2017-11-17
EMP0834-20260914_000059,Lydia,Hartley,williamsjanet@example.net,1974-06-05,+44(0)113 496 0615,"24 Evans Creek
Lake Maureenhaven
N8 4UF",Female,Lakeside District Hospitals NHS Trust,Mixed,Jamaica,Skilled Worker,Admin,Administrator,Corporate Services,3,15.96,2020-08-24,2020-09-28,20.0,0.53,GMC,Fixed Term,Suspended,MY319840,2029-06-01,TF842394,2028-11-23,2026-12-12,2020-09-14
EMP0835-20260914_000059,Craig,Akhtar,jtaylor@example.net,1996-10-06,0191 498 0493,"23 Aimee Fort
West Roger
G1S 4FD",Female,Valleyview Mental Wellness NHS Trust,White,Australia,ILR,Nursing,Charge Nurse,Critical Care & Anaesthesia,7,32.0,2025-12-09,2026-01-13,37.5,1.0,None,Fixed Term,Inactive,ST169655,2029-05-30,SB601956,2029-09-19,2027-07-14,2025-12-30
EMP0836-20260914_000059,Gareth,Knight,rkelly@example.org,1964-06-15,+44121 4960421,"8 Colin Locks
Thomasside
SL4 7NW",Female,Lakeside District Hospitals NHS Trust,Mixed,Australia,Skilled Worker,AHP,Speech Therapist,Emergency & Urgent Care,6,27.34,2018-05-06,2018-06-17,37.5,1.0,NMC,Bank,Suspended,KC878936,2031-05-31,FK418672,2027-07-22,2026-10-25,2018-05-27
EMP0837-20260914_000059,Kim,Barnes,uwilson@example.net,1983-10-17,028 9018 0531,"Studio 29v
Reed Forges
Rachaelfurt
YO82 7FA",Male,Northshire University Hospitals NHS Trust,Mixed,Nigeria,ILR,Nursing,Nursery Nurse,Surgery & Cancer,2,13.51,2020-04-05,2020-05-17,20.0,0.53,GMC,Bank,Suspended,AK646958,2029-01-28,SS251731,2028-01-18,2027-08-31,2020-04-26
EMP0838-20260914_000059,Anthony,Khan,simon59@example.net,1975-05-23,+44(0)1414960862,"80 Aimee Drive
Port Jay
W85 9NE",Female,Northshire University Hospitals NHS Trust,Black,Jamaica,ILR,Admin,Administrator,Critical Care & Anaesthesia,3,15.83,2020-02-16,2020-03-22,20.0,0.53,None,Fixed Term,On Leave,VP832322,2028-11-18,ZH135164,2029-09-15,2026-10-12,2020-03-08
EMP0839-20260914_000059,Malcolm,Greenwood,holliehowells@example.net,2006-02-25,01514960477,"Studio 80
Hawkins Cove
East Shane
W35 9PP",Male,Northwood Mental Health NHS Trust,Mixed,China,ILR,AHP,Occupational Therapist,Surgery & Cancer,6,25.85,2021-10-27,2021-12-01,37.5,1.0,HCPC,Fixed Term,Inactive,KS346224,2029-09-06,VS998813,2030-08-18,2027-07-06,2021-11-17
EMP0840-20260914_000059,Linda,Edwards,xwhite@example.net,1994-03-07,+44(0)1164960344,"Studio 71J
Willis Ferry
Rosemouth
OX2V 5XF",Female,Horizon Integrated Health Partnership NHS Trust,Black,Jamaica,ILR,Medical,FY1/FY2,Critical Care & Anaesthesia,FY1,19.07,2020-04-17,2020-05-15,37.5,1.0,GMC,Bank,Inactive,YJ830100,2030-02-03,RE175127,2030-12-08,2027-07-21,2020-05-08
EMP0841-20260914_000059,Nicholas,Reid,qoneill@example.net,1968-08-21,(0118) 4960071,"Studio 40
Pearce Orchard
Port Brianhaven
HD16 8QY",Female,Midlands Central Hospitals NHS Trust,Mixed,China,Skilled Worker,Admin,Administrator,Medicine & Acute Care,3,15.46,2020-07-15,2020-08-19,37.5,1.0,GMC,Fixed Term,Inactive,VM354665,2030-06-20,KV718396,2027-09-16,2027-07-25,2020-08-05
EMP0842-20260914_000059,Graham,Morrison,gillian74@example.org,1977-05-15,+44(0)141 496 0159,"Flat 06J
Miles Shores
Josephinemouth
CR96 0JU",Male,Broadfield Clinical Services NHS Trust,White,Australia,Skilled Worker,Medical,Registrar,Emergency & Urgent Care,SPR,42.1,2022-07-06,2022-08-03,15.0,0.4,None,Permanent,On Leave,FI064895,2028-12-01,PW864274,2027-09-26,2027-02-19,2022-07-27
EMP0843-20260914_000059,Mohammad,Whitehead,owebster@example.org,1977-10-06,(020)74960889,"Flat 67
Eleanor Inlet
Paigeberg
W0A 6RW",Female,Northshire University Hospitals NHS Trust,Black,Barbados,ILR,Admin,Administrator,Medicine & Acute Care,3,15.78,2024-10-29,2024-12-03,15.0,0.4,GMC,Fixed Term,Active,CK790189,2029-08-14,WY645923,2030-09-03,2027-03-20,2024-11-19
EMP0844-20260914_000059,Hollie,Moss,murphymelissa@example.org,1981-07-31,0115 4960183,"19 Jones Common
South Ronaldmouth
N95 6FE",Female,Southvale Hospitals NHS Trust,White,Australia,Skilled Worker,Medical,Registrar,Clinical Support Services,SPR,35.35,2023-10-03,2023-11-14,37.5,1.0,None,Fixed Term,Suspended,TK682877,2029-09-10,BT948884,2030-05-03,2026-10-10,2023-10-24
EMP0845-20260914_000059,Janet,James,jessica70@example.net,2002-10-29,(0114)4960377,"Studio 3
Denise Lake
East Amyhaven
G24 8PN",Female,Northshire University Hospitals NHS Trust,Asian,Thailand,Skilled Worker,Medical,FY1/FY2,Women & Children,FY1,19.4,2020-07-04,2020-08-01,20.0,0.53,GMC,Fixed Term,On Leave,EI249041,2031-09-06,UH652493,2030-12-27,2026-11-11,2020-07-25
EMP0846-20260914_000059,Geoffrey,Holmes,matthew66@example.net,1991-10-31,+44(0)131 496 0174,"Studio 43R
Nicholas Trace
Readhaven
N67 0ZL",Male,Hillcrest Medical Centres NHS Trust,White,Australia,Skilled Worker,AHP,Speech Therapist,Critical Care & Anaesthesia,6,25.33,2022-07-11,2022-08-08,30.0,0.8,HCPC,Fixed Term,Active,NO654900,2029-02-21,YQ812811,2027-08-26,2026-10-21,2022-08-01
EMP0847-20260914_000059,Mohammed,Haynes,katyfranklin@example.org,1970-02-27,+4420 7496 0571,"Flat 58y
William Turnpike
Ryanview
AL28 1SB",Male,Eastmoor Teaching Hospitals NHS Trust,Mixed,Japan,Skilled Worker,AHP,Occupational Therapist,Corporate Services,6,28.09,2019-04-29,2019-06-03,15.0,0.4,NMC,Bank,Suspended,HL506680,2028-08-23,TL572393,2027-11-01,2027-03-10,2019-05-20
EMP0848-20260914_000059,Angela,Kelly,smithdorothy@example.org,1983-12-25,+44808 1570978,"Studio 7
Gillian Unions
Lake Bethville
E3K 3PH",Female,Northwood Mental Health NHS Trust,Mixed,Nigeria,ILR,Admin,Medical Secretary,Clinical Support Services,4,16.31,2024-04-03,2024-05-15,18.75,0.5,None,Permanent,Suspended,TK476788,2030-06-07,LT860104,2029-03-28,2027-06-17,2024-04-24
EMP0849-20260914_000059,Mitchell,Wilkinson,hopkinsdamien@example.com,1963-06-17,+44808 1570242,"Studio 62
Hill Springs
Dianemouth
G64 5TG",Female,Oakridge Community Services NHS Trust,Asian,China,Dependent,Admin,Receptionist,Critical Care & Anaesthesia,3,16.03,2024-05-08,2024-06-05,30.0,0.8,NMC,Fixed Term,Active,FB089286,2027-07-10,VK347704,2030-07-20,2026-11-22,2024-05-29
EMP0850-20260914_000059,Josh,Atkinson,btaylor@example.net,2004-09-21,01144960582,"94 Graham View
West Scottland
M47 2GF",Male,Broadfield Clinical Services NHS Trust,Asian,Thailand,Dependent,Medical,Registrar,Emergency & Urgent Care,SPR,41.82,2023-07-04,2023-08-08,20.0,0.53,None,Bank,Active,FM492070,2027-06-30,HK302158,2028-12-15,2027-08-15,2023-07-25
EMP0851-20260914_000059,Tony,Lee,stevenstewart@example.net,1961-01-27,(0131) 496 0855,"56 Jodie Rue
Fraserstad
WD1 5LP",Female,Southvale Hospitals NHS Trust,Asian,China,Skilled Worker,Admin,Receptionist,Women & Children,3,16.06,2023-09-23,2023-10-21,15.0,0.4,HCPC,Permanent,Suspended,VH699502,2030-09-01,UK539312,2027-03-08,2027-01-17,2023-10-14
EMP0852-20260914_000059,Sylvia,Cunningham,grahammohamed@example.com,1977-07-17,+44(0)20 74960192,"Studio 85
Mahmood Plains
East Helenton
N2K 2HE",Male,Valleyview Mental Wellness NHS Trust,White,United Kingdom,Skilled Worker,Medical,FY1/FY2,Critical Care & Anaesthesia,FY1,20.33,2020-03-31,2020-05-05,30.0,0.8,None,Bank,On Leave,PX994234,2030-10-26,VX389954,2029-06-23,2026-12-20,2020-04-21
EMP0853-20260914_000059,Janet,King,kerry85@example.net,1968-01-20,+44(0)1214960683,"Flat 57
Linda Unions
South Nicola
E75 9QR",Female,Midlands Central Hospitals NHS Trust,Asian,Japan,Skilled Worker,Medical,Consultant,Clinical Support Services,CONS,67.3,2024-02-20,2024-03-26,20.0,0.53,NMC,Fixed Term,Inactive,FK141535,2031-02-01,JR698569,2029-04-01,2027-04-10,2024-03-12
EMP0854-20260914_000059,Chloe,Robinson,goodwinross@example.net,1995-07-15,0118 496 0043,"639 Gibbs Turnpike
Brownfort
CT5B 0BR",Female,Riverbank General Hospitals NHS Trust,Black,South Africa,Skilled Worker,Medical,FY1/FY2,Medicine & Acute Care,FY1,21.16,2026-08-22,2026-09-19,20.0,0.53,None,Bank,Active,XT382911,2027-12-20,PR804036,2026-12-05,2027-01-10,2026-09-12
EMP0855-20260914_000059,Kerry,Austin,charles30@example.org,2006-09-03,+441174960878,"847 Julia Drives
New Rickyton
W20 5HY",Male,Northwood Mental Health NHS Trust,Mixed,United Kingdom,Skilled Worker,Medical,GP,Emergency & Urgent Care,GP,59.39,2020-07-24,2020-08-21,18.75,0.5,GMC,Bank,Active,NG655397,2031-03-04,JL795960,2027-08-06,2027-08-17,2020-08-14
EMP0856-20260914_000059,Jennifer,Giles,iholmes@example.org,1979-04-10,+44131 4960680,"Flat 99
Nash Ridge
Lambview
FY90 4LD",Female,Riverside Integrated Care NHS Trust,Black,Barbados,ILR,Admin,Receptionist,Clinical Support Services,3,15.69,2018-04-05,2018-05-10,30.0,0.8,None,Fixed Term,Suspended,RS403916,2031-05-02,KU147027,2031-06-28,2026-11-26,2018-04-26
EMP0857-20260914_000059,Robert,Price,raymondrobinson@example.com,1967-07-01,+44113 496 0486,"Studio 73
Smith Union
Dennisside
W9 2JQ",Female,Southgate Community & Mental Health NHS Trust,Asian,Japan,Skilled Worker,AHP,Pharmacist,Emergency & Urgent Care,5,22.66,2024-12-14,2025-01-11,18.75,0.5,GMC,Fixed Term,Inactive,MY521159,2027-01-25,PH723150,2029-07-01,2027-03-27,2025-01-04
EMP0858-20260914_000059,Robert,Griffiths,clarkegillian@example.com,1994-12-18,+4428 9018 0513,"Studio 60
Alexander Courts
Burkebury
W84 2PF",Male,Horizon Integrated Health Partnership NHS Trust,White,New Zealand,Skilled Worker,Admin,Data Analyst,Emergency & Urgent Care,8A,33.11,2023-03-09,2023-04-13,37.5,1.0,NMC,Fixed Term,Suspended,AA837966,2026-12-27,YG966737,2031-01-06,2026-09-30,2023-03-30
EMP0859-20260914_000059,Jayne,Clark,ilowe@example.com,1998-02-14,+44(0)191 4960344,"5 Marie Green
Robinsonstad
W07 8LW",Male,Midlands Central Hospitals NHS Trust,White,Canada,Skilled Worker,Admin,Data Analyst,Corporate Services,8A,28.67,2018-08-31,2018-10-12,18.75,0.5,HCPC,Fixed Term,On Leave,KM582174,2030-09-21,PQ452070,2030-10-08,2027-08-06,2018-09-21
EMP0860-20260914_000059,Catherine,James,phillip68@example.com,2004-08-06,(020)74960239,"Studio 7
Brooks Burg
New Julianbury
PL05 7FQ",Male,Westborough Acute Care NHS Trust,Mixed,Barbados,British Citizen,AHP,Pharmacist,Emergency & Urgent Care,5,20.44,2026-07-08,2026-08-19,18.75,0.5,None,Fixed Term,Active,JN611723,2029-07-11,SO264754,2027-10-05,2026-10-26,2026-07-29
EMP0861-20260914_000059,Hazel,Scott,harrisonkarl@example.net,1988-09-07,(020) 7496 0167,"875 Wade Street
Sandraview
OX14 9TR",Male,Westmere Community Health NHS Trust,Asian,China,ILR,AHP,Pharmacist,Medicine & Acute Care,5,22.12,2025-05-19,2025-06-23,15.0,0.4,NMC,Permanent,Suspended,WC141824,2028-01-16,XV265006,2030-11-25,2027-08-04,2025-06-09
EMP0862-20260914_000059,Leah,Watkins,carly38@example.net,2007-06-03,0161 496 0007,"Flat 94
Watkins Mount
Khanberg
S02 2SE",Male,Lakeside District Hospitals NHS Trust,Asian,India,British Citizen,Medical,Consultant,Corporate Services,CONS,66.6,2018-07-23,2018-08-20,37.5,1.0,GMC,Fixed Term,Inactive,PV984255,2027-05-08,YR626070,2029-08-24,2027-09-06,2018-08-13
EMP0863-20260914_000059,Susan,Barber,rvincent@example.net,1975-09-03,0121 4960538,"0 Natasha Stravenue
Gibbsburgh
G73 0YG",Male,Northshire University Hospitals NHS Trust,Asian,China,British Citizen,AHP,Physiotherapist,Corporate Services,6,24.29,2025-08-07,2025-09-18,30.0,0.8,GMC,Bank,Inactive,XQ962169,2026-09-22,YY973992,2031-09-06,2027-08-01,2025-08-28
EMP0864-20260914_000059,Olivia,Kelly,swilliams@example.net,1970-01-12,(0116) 4960665,"653 Jackson Manors
Andrewmouth
B4 7WN",Male,Northshire University Hospitals NHS Trust,Asian,China,Dependent,Nursing,Charge Nurse,Critical Care & Anaesthesia,7,29.55,2020-02-26,2020-04-01,15.0,0.4,None,Fixed Term,On Leave,OZ170216,2030-01-01,SW059993,2029-04-03,2027-06-12,2020-03-18
EMP0865-20260914_000059,Joanne,Johnson,ebennett@example.net,1963-04-28,(0118) 496 0734,"Studio 71
Craig Divide
North Kieran
LU9 8YD",Female,Westmere Community Health NHS Trust,Black,Kenya,Skilled Worker,Admin,Data Analyst,Medicine & Acute Care,8A,31.24,2021-05-29,2021-06-26,15.0,0.4,None,Permanent,Suspended,UU152157,2029-04-15,BY163986,2028-08-17,2027-06-05,2021-06-19
EMP0866-20260914_000059,Barry,Ward,adrianhowell@example.com,1985-04-10,+44(0)3069990409,"Studio 2
Robinson Springs
Houghtonside
S6 8FU",Female,Oakridge Community Services NHS Trust,Asian,China,ILR,AHP,Physiotherapist,Surgery & Cancer,6,26.57,2024-07-04,2024-08-08,30.0,0.8,HCPC,Bank,Active,XK810276,2027-10-07,TB328906,2029-01-20,2027-05-12,2024-07-25
EMP0867-20260914_000059,Nigel,Weston,daleturner@example.org,2003-07-17,0118 4960732,"882 Annette Row
Lake Sarah
N5H 8AN",Female,Oakridge Community Services NHS Trust,White,Australia,Dependent,Admin,Receptionist,Clinical Support Services,3,13.47,2016-12-19,2017-01-30,30.0,0.8,NMC,Bank,Suspended,EU089794,2029-04-29,MD799747,2030-06-12,2027-03-13,2017-01-09
EMP0868-20260914_000059,Gillian,Harrison,maymandy@example.com,1972-11-10,+441314960598,"Studio 74q
Bennett Light
West Holly
L2T 8FQ",Female,Bluewater Community & Rehabilitation NHS Trust,Black,Kenya,Dependent,Nursing,Senior Staff Nurse,Women & Children,6,23.38,2016-12-23,2017-01-20,15.0,0.4,HCPC,Fixed Term,Inactive,GZ127666,2029-10-27,AH489384,2029-02-28,2027-08-09,2017-01-13
EMP0869-20260914_000059,Margaret,Hobbs,jameskenneth@example.org,1981-07-14,+44(0)1214960543,"42 Jones Station
East Rachaelberg
B8J 0EB",Male,Westmere Community Health NHS Trust,White,Australia,British Citizen,Medical,GP,Medicine & Acute Care,GP,46.86,2021-05-08,2021-06-05,30.0,0.8,HCPC,Fixed Term,On Leave,BC075213,2031-04-20,QL069194,2029-10-21,2027-01-11,2021-05-29
EMP0870-20260914_000059,Donald,Chapman,joebarker@example.com,1963-10-09,(029) 2018 0073,"Studio 9
Sylvia Street
South Sam
L7H 3RH",Male,Lakeside District Hospitals NHS Trust,Asian,China,Skilled Worker,AHP,Speech Therapist,Critical Care & Anaesthesia,6,23.9,2016-12-19,2017-01-16,18.75,0.5,None,Bank,Inactive,NC010583,2031-06-21,SY629608,2030-10-02,2027-03-17,2017-01-09
EMP0871-20260914_000059,Guy,Khan,justinmiles@example.org,1989-09-01,(0114) 4960820,"43 Smith Valley
Wilkinsonton
TF5B 9DL",Male,Southvale Hospitals NHS Trust,White,Australia,British Citizen,AHP,Physiotherapist,Clinical Support Services,6,23.71,2024-11-04,2024-12-09,30.0,0.8,NMC,Permanent,Inactive,UT805686,2029-06-29,FS441819,2029-01-18,2027-06-29,2024-11-25
EMP0872-20260914_000059,Kayleigh,Bailey,louiseosullivan@example.com,1989-08-01,+44131 496 0303,"86 Carolyn Glen
South Scott
SP40 1ZE",Male,Riverside Integrated Care NHS Trust,Black,Nigeria,ILR,AHP,Occupational Therapist,Clinical Support Services,6,23.36,2018-07-18,2018-08-15,37.5,1.0,None,Bank,Active,BC921952,2030-01-13,FW018356,2027-09-27,2026-10-09,2018-08-08
EMP0873-20260914_000059,Stewart,Lewis,fitzgeraldmichael@example.net,1970-03-12,+44(0)909 8790734,"02 Thomas Ports
Richardsonburgh
N3 6ZS",Female,Valleyview Mental Wellness NHS Trust,Asian,India,British Citizen,AHP,Pharmacist,Surgery & Cancer,5,23.0,2023-11-13,2023-12-25,18.75,0.5,None,Bank,Inactive,DC272493,2026-12-03,ZC802389,2028-11-04,2026-09-30,2023-12-04
EMP0874-20260914_000059,Karen,Robinson,smithroy@example.org,1976-01-07,+44(0)909 879 0657,"Studio 26H
Baker Mews
Samanthaville
W46 0RT",Female,Northshire University Hospitals NHS Trust,Black,South Africa,Skilled Worker,Medical,GP,Surgery & Cancer,GP,47.59,2016-11-15,2016-12-13,30.0,0.8,NMC,Permanent,Inactive,QB616457,2027-07-30,NJ007771,2026-12-21,2027-06-24,2016-12-06
EMP0875-20260914_000059,Carl,Ingram,adriangriffiths@example.com,1972-05-20,0306 9990637,"407 Brandon Road
Jonesstad
E1 9ES",Male,Meadowbrook Community Health NHS Trust,Asian,India,British Citizen,Medical,Consultant,Women & Children,CONS,71.49,2020-05-14,2020-06-25,15.0,0.4,GMC,Fixed Term,Inactive,MU026418,2030-02-11,KB941490,2027-07-01,2027-06-01,2020-06-04
EMP0876-20260914_000059,Albert,Fletcher,owen00@example.net,1984-02-25,+441164960998,"Studio 49
Taylor Forges
Moorehaven
G48 8SE",Female,Riverside Integrated Care NHS Trust,Asian,China,Skilled Worker,AHP,Physiologist,Corporate Services,6,22.8,2026-06-08,2026-07-13,20.0,0.53,GMC,Fixed Term,Suspended,WO565955,2027-05-12,KN745713,2030-10-14,2027-07-30,2026-06-29
EMP0877-20260914_000059,Irene,Brennan,oliver05@example.org,2004-05-02,+44306 9990780,"8 Hayes Track
Jeremyberg
G6 0YW",Male,Westborough Acute Care NHS Trust,White,United Kingdom,Skilled Worker,Admin,Administrator,Emergency & Urgent Care,3,16.16,2023-11-27,2024-01-01,30.0,0.8,HCPC,Permanent,Active,LL581632,2029-01-04,JP528293,2027-12-01,2026-09-20,2023-12-18
EMP0878-20260914_000059,Emily,Bryant,twest@example.com,1990-07-20,+44(0)20 7496 0103,"134 Billy Haven
West Andrewberg
HR77 3HL",Male,Southgate Community & Mental Health NHS Trust,Asian,Thailand,Skilled Worker,AHP,Speech Therapist,Medicine & Acute Care,6,25.37,2023-12-05,2024-01-09,18.75,0.5,None,Permanent,On Leave,YT459468,2030-07-27,VR287083,2027-08-17,2027-06-01,2023-12-26
EMP0879-20260914_000059,Sara,Richardson,dominicjohnston@example.net,1980-05-09,0117 496 0341,"69 Lewis Grove
Carlshire
B1T 3RF",Male,Greenhaven Acute & Specialist Care NHS Trust,Mixed,Japan,Skilled Worker,Nursing,Ward Manager,Emergency & Urgent Care,8A,35.46,2019-05-22,2019-06-19,20.0,0.53,HCPC,Permanent,On Leave,KA016796,2030-07-20,WM484387,2030-03-09,2027-01-14,2019-06-12
EMP0880-20260914_000059,Sylvia,Potts,wlewis@example.com,1994-09-12,01184960099,"Studio 9
Daniel Squares
Lake Keithside
HU22 3ZZ",Male,Westborough Acute Care NHS Trust,Mixed,United States,British Citizen,Medical,SHO,Medicine & Acute Care,SHO,29.43,2022-03-13,2022-04-10,37.5,1.0,GMC,Fixed Term,On Leave,KA297121,2030-04-04,IG399042,2030-05-13,2027-05-18,2022-04-03
EMP0881-20260914_000059,Alexandra,Clarke,adamsleah@example.net,1974-08-20,+44(0)1914960106,"Flat 4
Stacey Estate
West Hollie
CR38 4XQ",Male,Hillcrest Medical Centres NHS Trust,Mixed,United States,Dependent,Nursing,Charge Nurse,Women & Children,7,31.61,2023-05-28,2023-06-25,20.0,0.53,GMC,Bank,Active,VH571677,2030-01-07,WP872927,2027-02-14,2026-11-12,2023-06-18
EMP0882-20260914_000059,Dorothy,Parker,wilkinsongrace@example.com,1972-03-16,+44141 4960640,"245 Morgan Manors
South Paulashire
NP1 5HW",Female,Northwood Mental Health NHS Trust,Asian,Japan,Skilled Worker,Nursing,Senior Staff Nurse,Women & Children,6,24.43,2020-11-17,2020-12-29,15.0,0.4,None,Fixed Term,Inactive,CA683517,2027-08-29,BY473050,2031-08-02,2027-04-05,2020-12-08
EMP0883-20260914_000059,Jack,Williamson,eprice@example.com,2007-05-14,+44(0)1632 960824,"Flat 28
Anne Isle
Staceyburgh
SE7P 8SX",Male,Eastfield Psychological Services NHS Trust,White,Australia,Skilled Worker,Medical,GP,Emergency & Urgent Care,GP,58.66,2018-12-06,2019-01-17,18.75,0.5,NMC,Permanent,On Leave,BK527287,2027-04-03,PT902386,2028-08-22,2027-07-16,2018-12-27
EMP0884-20260914_000059,Albert,Bishop,ericbryan@example.net,1980-08-30,(0116) 496 0708,"Studio 1
Clare Fields
Barnettland
SM9 4RW",Male,Northwood Mental Health NHS Trust,White,United States,Skilled Worker,Nursing,Staff Nurse,Critical Care & Anaesthesia,5,20.58,2022-11-28,2022-12-26,15.0,0.4,GMC,Permanent,On Leave,XM583380,2028-07-19,BE056170,2031-02-18,2027-03-09,2022-12-19
EMP0885-20260914_000059,Frances,Arnold,gobrien@example.com,1993-06-05,+4428 9018 0026,"Studio 62
Pickering Brooks
West Katherinechester
NG7 3WZ",Male,Northshire University Hospitals NHS Trust,Mixed,Trinidad and Tobago,ILR,Nursing,Staff Nurse,Corporate Services,5,21.44,2019-02-08,2019-03-22,20.0,0.53,None,Fixed Term,Active,NL002057,2026-11-01,FV254473,2027-12-30,2027-07-09,2019-03-01
EMP0886-20260914_000059,Jennifer,O'Brien,richardsongrace@example.org,1975-08-18,0292018827,"099 Ronald Vista
West Howardborough
SP6H 6GN",Male,Horizon Integrated Health Partnership NHS Trust,Mixed,Trinidad and Tobago,Dependent,Admin,Medical Secretary,Medicine & Acute Care,4,18.9,2022-04-18,2022-05-16,30.0,0.8,None,Fixed Term,Suspended,WA048633,2029-01-08,RW661118,2027-11-29,2027-07-12,2022-05-09
EMP0887-20260914_000059,Marian,Nicholson,margaretsmith@example.com,1993-07-17,0191 4960794,"24 Pauline Crossing
Martinfurt
N27 3HR",Female,Bluewater Community & Rehabilitation NHS Trust,Black,Ghana,Skilled Worker,AHP,Pharmacist,Medicine & Acute Care,5,19.82,2024-09-23,2024-10-28,37.5,1.0,None,Permanent,Suspended,VU047484,2029-01-27,PV187404,2031-08-26,2027-02-04,2024-10-14
EMP0888-20260914_000059,Francesca,Robinson,morrisabdul@example.net,1992-05-15,+441314960595,"Flat 00
Butcher View
Lake Geraldineside
IG8V 4YG",Male,Valleyview Mental Wellness NHS Trust,Asian,India,Skilled Worker,Nursing,Healthcare Assistant,Surgery & Cancer,2,13.98,2025-11-15,2025-12-20,20.0,0.53,None,Fixed Term,Inactive,DE446189,2031-03-13,AC094372,2030-07-10,2027-05-12,2025-12-06
EMP0889-20260914_000059,Alan,Gardiner,steven84@example.com,1968-05-27,+44(0)115 496 0851,"35 Norman Crest
New Suzanneside
RM1B 6NH",Male,Bluewater Community & Rehabilitation NHS Trust,Black,Nigeria,ILR,Nursing,Senior Staff Nurse,Corporate Services,6,22.63,2020-12-23,2021-01-27,37.5,1.0,GMC,Fixed Term,Active,PV580277,2031-01-08,AN476518,2027-06-08,2027-02-04,2021-01-13
EMP0890-20260914_000059,Abbie,Simpson,ymatthews@example.net,1974-01-30,(020) 74960819,"1 Porter Prairie
Port Colinmouth
LN38 5SG",Female,Riverside Integrated Care NHS Trust,Mixed,Canada,British Citizen,Nursing,Charge Nurse,Clinical Support Services,7,31.72,2020-07-05,2020-08-02,18.75,0.5,None,Permanent,On Leave,KZ022583,2026-11-10,QR590059,2027-11-30,2027-05-13,2020-07-26
EMP0891-20260914_000059,Mitchell,Fisher,robertsonmichelle@example.com,1996-01-19,0131 496 0841,"7 Georgina Station
South Reeceberg
L6A 5QL",Female,Riverside Integrated Care NHS Trust,Black,Nigeria,ILR,Nursing,Nursery Nurse,Corporate Services,2,13.38,2022-09-25,2022-10-30,20.0,0.53,None,Permanent,Inactive,YW796741,2030-08-24,TP224466,2031-05-28,2027-04-28,2022-10-16
EMP0892-20260914_000059,Sara,Thomas,brownsamantha@example.com,1973-10-16,+441174960356,"Flat 6
Jasmine Via
East Sharonshire
W6E 8GS",Female,Southvale Hospitals NHS Trust,Black,South Africa,Dependent,Admin,Medical Secretary,Corporate Services,4,18.52,2023-10-24,2023-11-21,18.75,0.5,NMC,Bank,Suspended,YN467760,2030-07-02,UM946072,2031-04-29,2027-02-13,2023-11-14
EMP0893-20260914_000059,Dean,Barker,albertday@example.com,1999-11-02,029 2018 0639,"Flat 58m
Cooper Lodge
East Paul
M8 5TW",Male,Westborough Acute Care NHS Trust,White,United States,Dependent,Medical,Registrar,Critical Care & Anaesthesia,SPR,42.86,2025-09-05,2025-10-17,18.75,0.5,HCPC,Permanent,Inactive,DV533052,2027-11-10,XZ981602,2027-08-22,2027-04-30,2025-09-26
EMP0894-20260914_000059,Carole,Foster,callum23@example.net,1975-04-02,+44306 9990221,"9 Rowe Trail
Wrightside
CO93 8SY",Female,Broadfield Clinical Services NHS Trust,Black,Kenya,Dependent,Admin,Data Analyst,Women & Children,8A,31.23,2023-10-21,2023-11-18,18.75,0.5,HCPC,Fixed Term,Inactive,OH360464,2027-05-30,GC570557,2028-10-18,2026-10-28,2023-11-11
EMP0895-20260914_000059,Raymond,Cooper,lgreen@example.net,1977-03-20,+44141 4960548,"Studio 05
Rita Rapid
Webstershire
CA38 5LX",Female,Greenhaven Acute & Specialist Care NHS Trust,Black,Trinidad and Tobago,ILR,AHP,Occupational Therapist,Surgery & Cancer,6,27.93,2022-07-01,2022-08-12,30.0,0.8,GMC,Bank,Active,LI273293,2028-12-16,CW651090,2031-07-25,2027-09-12,2022-07-22
EMP0896-20260914_000059,Joe,Patel,janet44@example.com,1963-07-05,0909 879 0461,"7 Joyce Overpass
Jacquelineton
RG3V 1HL",Female,Valleyview Mental Wellness NHS Trust,Mixed,Japan,British Citizen,Nursing,Staff Nurse,Surgery & Cancer,5,21.78,2021-05-17,2021-06-14,20.0,0.53,GMC,Permanent,On Leave,HG480038,2029-09-02,HS006689,2026-10-10,2026-11-28,2021-06-07
EMP0897-20260914_000059,Lynn,Taylor,bennettaaron@example.org,2004-03-07,+4429 2018 0933,"20 Jason Stream
Hargreavesborough
W3S 7JB",Female,Valleyview Mental Wellness NHS Trust,Asian,Japan,British Citizen,Medical,GP,Surgery & Cancer,GP,54.8,2020-05-03,2020-05-31,30.0,0.8,GMC,Bank,Active,VZ027532,2030-06-25,OL546965,2027-08-27,2027-09-08,2020-05-24
EMP0898-20260914_000059,Shannon,Fowler,holly04@example.com,1988-04-16,+44(0)2074960576,"Flat 17
Davies Junctions
New Normanborough
SM5 2UF",Male,Southvale Hospitals NHS Trust,Black,Nigeria,ILR,Admin,Medical Secretary,Emergency & Urgent Care,4,16.56,2021-03-23,2021-05-04,37.5,1.0,GMC,Permanent,Active,VD441442,2029-02-05,CJ195473,2027-11-06,2027-04-15,2021-04-13
EMP0899-20260914_000059,Craig,Wilkinson,grahamjulian@example.net,1970-08-07,(0118)4960891,"920 Clark Neck
East Kerry
M7 4HA",Female,Riverbank General Hospitals NHS Trust,White,New Zealand,Dependent,Nursing,Nursery Nurse,Medicine & Acute Care,2,14.12,2017-07-30,2017-09-10,18.75,0.5,HCPC,Permanent,On Leave,XY113309,2027-03-02,EP592658,2027-08-25,2027-05-12,2017-08-20
EMP0900-20260914_000059,Reece,Harrison,judith31@example.com,1979-12-07,(0113) 4960782,"119 Jane Cliff
South Gillianton
BB1 7PS",Female,Westborough Acute Care NHS Trust,Mixed,Thailand,ILR,Medical,Consultant,Clinical Support Services,CONS,56.05,2024-12-30,2025-01-27,20.0,0.53,NMC,Bank,Inactive,FF422875,2030-06-09,TX394196,2028-08-30,2026-12-16,2025-01-20
EMP0901-20260914_000059,Annette,Rees,kate06@example.com,1988-06-24,+4420 7496 0327,"Studio 10u
Lloyd Hollow
Port Leonardbury
DN7B 1XU",Female,Northshire University Hospitals NHS Trust,Black,Trinidad and Tobago,British Citizen,Nursing,Staff Nurse,Critical Care & Anaesthesia,5,22.79,2017-05-31,2017-06-28,30.0,0.8,HCPC,Permanent,Suspended,LO324986,2030-01-23,MB227640,2027-05-02,2027-08-17,2017-06-21
EMP0902-20260914_000059,Timothy,Morris,charles01@example.net,1994-10-11,+44(0)118 496 0398,"Studio 60N
Ashleigh Club
Raymondbury
N8 5GZ",Male,Oakridge Community Services NHS Trust,Asian,India,British Citizen,Nursing,Ward Manager,Corporate Services,8A,28.9,2022-09-20,2022-10-25,37.5,1.0,GMC,Bank,On Leave,SA453959,2028-01-07,JP008177,2030-05-09,2027-07-17,2022-10-11
EMP0903-20260914_000059,Paul,Brown,williamskayleigh@example.com,1982-03-14,+44(0)113 496 0197,"Studio 09
Dobson Divide
New Bethany
S50 4AD",Male,Valleyview Mental Wellness NHS Trust,Asian,Japan,ILR,Medical,GP,Critical Care & Anaesthesia,GP,51.4,2020-02-10,2020-03-09,18.75,0.5,GMC,Fixed Term,Suspended,LF462420,2026-10-02,MF365927,2028-01-13,2027-01-27,2020-03-02
EMP0904-20260914_000059,Kenneth,Perkins,kylemay@example.com,1982-06-18,(028) 9018 0425,"Studio 7
Danny Glen
Victorstad
DN66 4YP",Male,Valleyview Mental Wellness NHS Trust,Black,Ghana,Skilled Worker,AHP,Physiotherapist,Surgery & Cancer,6,24.27,2022-10-30,2022-11-27,15.0,0.4,None,Fixed Term,On Leave,TE328756,2028-11-29,MA083794,2031-03-05,2026-11-29,2022-11-20
EMP0905-20260914_000059,Andrew,Payne,njones@example.net,2007-01-03,+44(0)191 4960071,"Flat 70G
Goodwin Island
Tuckerton
HA1 8NZ",Female,Southvale Hospitals NHS Trust,Black,South Africa,ILR,AHP,Occupational Therapist,Women & Children,6,25.93,2019-02-12,2019-03-12,30.0,0.8,NMC,Bank,Suspended,WN441280,2028-01-12,GX330760,2026-10-23,2027-05-20,2019-03-05
EMP0906-20260914_000059,Dean,Thomson,samuelrichardson@example.org,2001-09-27,+44(0)909 879 0935,"840 Gibbs Streets
West Hollieport
GU09 8NA",Female,Riverside Integrated Care NHS Trust,Black,Kenya,ILR,Admin,Medical Secretary,Surgery & Cancer,4,16.54,2018-04-18,2018-05-16,18.75,0.5,NMC,Bank,Active,ZW092619,2028-01-01,UK459010,2029-10-09,2027-04-20,2018-05-09
EMP0907-20260914_000059,Rachael,Edwards,mstokes@example.org,1992-01-02,(0117)4960001,"Studio 29
Nicola Trail
South Damien
CM6V 4HX",Female,Broadfield Clinical Services NHS Trust,Black,Kenya,Skilled Worker,Nursing,Staff Nurse,Clinical Support Services,5,19.6,2016-10-29,2016-11-26,20.0,0.53,HCPC,Fixed Term,On Leave,CZ929213,2029-11-18,QS039897,2028-11-27,2026-12-06,2016-11-19
EMP0908-20260914_000059,Jane,O'Sullivan,lynda33@example.org,1983-04-08,0141 496 0017,"Flat 18j
Cunningham Turnpike
Lake Beverleyberg
CT4 5FA",Female,Lakeside District Hospitals NHS Trust,Black,Kenya,Dependent,Nursing,Charge Nurse,Critical Care & Anaesthesia,7,32.92,2025-12-05,2026-01-09,30.0,0.8,HCPC,Bank,Suspended,LH515959,2027-09-28,KD541495,2028-01-16,2027-08-25,2025-12-26
EMP0909-20260914_000059,Dean,Lynch,emily27@example.org,1967-10-12,+44(0)115 4960270,"Studio 4
Rogers Throughway
Whiteborough
L1 5QQ",Female,Southvale Hospitals NHS Trust,White,United States,ILR,AHP,Speech Therapist,Medicine & Acute Care,6,24.46,2018-12-14,2019-01-25,30.0,0.8,HCPC,Fixed Term,Suspended,YY221476,2031-07-14,PI930416,2028-07-30,2026-10-14,2019-01-04
EMP0910-20260914_000059,Hayley,Hopkins,abooth@example.net,1979-09-08,+44(0)1632 960573,"179 Joshua Squares
Port Jasonland
OL70 9BT",Male,Hillcrest Medical Centres NHS Trust,Asian,Japan,Dependent,Medical,SHO,Surgery & Cancer,SHO,29.57,2018-12-07,2019-01-18,37.5,1.0,NMC,Bank,Active,SL075294,2028-06-26,YU740986,2030-02-28,2027-07-21,2018-12-28
EMP0911-20260914_000059,Jordan,Wilson,tgriffiths@example.com,1975-12-21,+44113 496 0745,"7 Glenn Inlet
North Amyland
SK11 4XL",Male,Greenhaven Acute & Specialist Care NHS Trust,Black,South Africa,ILR,AHP,Speech Therapist,Corporate Services,6,26.12,2017-04-11,2017-05-09,20.0,0.53,NMC,Permanent,Inactive,ZM640454,2030-07-04,KG313276,2031-06-06,2026-09-22,2017-05-02
EMP0912-20260914_000059,Neil,Kelly,liamsimpson@example.net,1990-07-12,0151 4960242,"883 Jean Square
Graceborough
E47 2TY",Male,Northwood Mental Health NHS Trust,White,New Zealand,ILR,AHP,Occupational Therapist,Corporate Services,6,27.07,2022-01-10,2022-02-21,20.0,0.53,None,Fixed Term,Active,GT255193,2029-06-20,FB549981,2028-05-07,2027-01-23,2022-01-31
EMP0913-20260914_000059,Lauren,Davies,caroline95@example.org,2004-08-13,+44117 4960788,"Flat 94
Sam Loop
Vanessamouth
SM51 7SB",Male,Broadfield Clinical Services NHS Trust,Asian,Japan,Skilled Worker,AHP,Pharmacist,Medicine & Acute Care,5,20.95,2016-09-24,2016-11-05,30.0,0.8,GMC,Bank,On Leave,QN487781,2029-11-27,BU300258,2030-11-27,2026-10-30,2016-10-15
EMP0914-20260914_000059,Catherine,Jones,tinaswift@example.com,1993-10-24,+44808 157 0668,"Flat 48
Ryan Manors
Charltonton
EX6 5EL",Female,Horizon Integrated Health Partnership NHS Trust,Asian,Thailand,ILR,AHP,Physiotherapist,Medicine & Acute Care,6,22.72,2025-02-12,2025-03-12,37.5,1.0,None,Bank,Inactive,MH769819,2030-11-15,IK146475,2028-05-22,2027-01-03,2025-03-05
EMP0915-20260914_000059,Howard,Woodward,rwilson@example.com,2007-10-21,(0141)4960710,"88 Clark Isle
Lake Marianburgh
E3T 9UF",Female,Bluewater Community & Rehabilitation NHS Trust,Black,Barbados,Skilled Worker,Admin,Receptionist,Emergency & Urgent Care,3,14.12,2025-12-22,2026-02-02,18.75,0.5,NMC,Bank,Inactive,SV958143,2030-12-10,KA325950,2030-12-07,2027-03-02,2026-01-12
EMP0916-20260914_000059,Sean,Stewart,alice24@example.org,1974-12-25,+44(0)161 4960820,"55 Hughes Rue
Chelseaton
SA2M 7HH",Female,Lakeside District Hospitals NHS Trust,White,Australia,ILR,Medical,Registrar,Emergency & Urgent Care,SPR,40.77,2022-11-06,2022-12-11,30.0,0.8,None,Permanent,Inactive,IJ664580,2030-06-29,KN430711,2029-06-08,2026-12-01,2022-11-27
EMP0917-20260914_000059,Nicholas,Jones,ashley19@example.net,1993-04-11,(0191) 496 0905,"Studio 61I
Williams Burg
Austinfurt
SE5 7YY",Male,Northshire University Hospitals NHS Trust,Asian,Japan,Skilled Worker,AHP,Pharmacist,Emergency & Urgent Care,5,21.2,2025-06-02,2025-07-07,18.75,0.5,None,Fixed Term,On Leave,HZ742571,2028-03-29,HM501991,2026-10-10,2027-05-04,2025-06-23
EMP0918-20260914_000059,Charlie,Brown,ricegary@example.org,2003-08-27,01914960117,"0 Whitehead Plaza
South Denisefurt
BH0 1WE",Female,Horizon Integrated Health Partnership NHS Trust,Black,Barbados,ILR,Medical,SHO,Emergency & Urgent Care,SHO,28.31,2020-09-22,2020-10-20,15.0,0.4,HCPC,Fixed Term,Suspended,EE645830,2028-02-24,SE287686,2027-01-01,2027-01-15,2020-10-13
EMP0919-20260914_000059,Alex,Ahmed,shirley77@example.net,1985-12-25,+44(0)1632 960734,"Flat 6
Rhys Village
Rhysmouth
L43 0FR",Female,Valleyview Mental Wellness NHS Trust,Black,Ghana,Dependent,Nursing,Charge Nurse,Clinical Support Services,7,29.65,2019-11-12,2019-12-17,18.75,0.5,NMC,Fixed Term,Suspended,KN335249,2028-08-12,DG639962,2028-11-22,2026-11-24,2019-12-03
EMP0920-20260914_000059,Jayne,Evans,robinsonduncan@example.com,1978-01-23,01914960918,"Studio 7
Collins Prairie
Sheilaland
B97 7TX",Male,Greenhaven Acute & Specialist Care NHS Trust,Asian,Thailand,ILR,Medical,SHO,Medicine & Acute Care,SHO,25.15,2025-12-31,2026-02-11,30.0,0.8,HCPC,Permanent,Active,WR581325,2027-05-09,NT980956,2031-07-14,2026-11-27,2026-01-21
EMP0921-20260914_000059,Stewart,Price,carly95@example.com,1968-06-18,+441134960678,"44 Newman Green
Raymondshire
BD08 8RY",Female,Bluewater Community & Rehabilitation NHS Trust,Black,Trinidad and Tobago,Dependent,AHP,Physiotherapist,Women & Children,6,27.12,2021-06-19,2021-07-17,18.75,0.5,None,Bank,Active,VE059786,2030-11-25,YB552185,2028-08-28,2027-03-24,2021-07-10
EMP0922-20260914_000059,Lydia,Roberts,chloe31@example.org,1975-08-23,+44113 496 0682,"Flat 50
Iain Run
Lake Deborahstad
L6 0BB",Male,Westborough Acute Care NHS Trust,Mixed,Canada,ILR,Medical,Registrar,Corporate Services,SPR,39.0,2025-03-16,2025-04-20,30.0,0.8,None,Permanent,Active,JC257042,2028-12-24,SR796569,2027-09-05,2027-03-11,2025-04-06
EMP0923-20260914_000059,Sam,Brooks,millsbethany@example.net,1991-04-14,(0131) 496 0677,"669 Jane Expressway
New Hollie
N0 9EU",Male,Meadowbrook Community Health NHS Trust,White,United Kingdom,Skilled Worker,Nursing,Staff Nurse,Emergency & Urgent Care,5,21.79,2026-06-27,2026-08-01,20.0,0.53,None,Bank,Inactive,FQ627506,2028-01-14,BK046484,2027-09-14,2026-10-27,2026-07-18
EMP0924-20260914_000059,Gillian,Morris,hugh69@example.com,1983-04-30,(0121)4960845,"Flat 1
Hutchinson Drives
South Scott
N6 0LL",Female,Bluewater Community & Rehabilitation NHS Trust,Black,South Africa,Dependent,Admin,Receptionist,Corporate Services,3,13.47,2022-10-12,2022-11-23,20.0,0.53,None,Permanent,Suspended,CZ929409,2028-07-18,ZL778345,2028-04-02,2027-08-05,2022-11-02
EMP0925-20260914_000059,Abdul,Russell,joshua45@example.com,1984-08-04,0114 496 0127,"Studio 34m
Lindsey Springs
Port Margaretmouth
L1 8AP",Male,Eastfield Psychological Services NHS Trust,White,Canada,Skilled Worker,Nursing,Nursery Nurse,Critical Care & Anaesthesia,2,13.13,2021-01-10,2021-02-21,18.75,0.5,NMC,Bank,On Leave,LL169494,2031-09-08,CD398434,2031-06-23,2027-03-25,2021-01-31
EMP0926-20260914_000059,James,Edwards,millerjustin@example.org,1974-11-30,(0114) 4960477,"Studio 08j
King Port
North Mandystad
SW7 4GQ",Male,Eastfield Psychological Services NHS Trust,Asian,China,British Citizen,Admin,Data Analyst,Medicine & Acute Care,8A,33.94,2021-03-27,2021-05-01,18.75,0.5,HCPC,Permanent,Suspended,TO444717,2027-04-19,EO214037,2028-01-18,2027-01-25,2021-04-17
EMP0927-20260914_000059,Rebecca,Kelly,stevensgeraldine@example.org,1975-01-30,(0115) 496 0706,"64 Charlotte Village
South Sarah
M9 6BB",Female,Westborough Acute Care NHS Trust,White,United States,ILR,Medical,Consultant,Medicine & Acute Care,CONS,64.62,2022-06-30,2022-08-11,37.5,1.0,None,Bank,On Leave,MK684242,2031-05-01,QX480970,2029-10-01,2026-10-08,2022-07-21
EMP0928-20260914_000059,Mary,Johnson,charlesryan@example.org,2003-11-19,+441614960090,"Studio 79F
Russell Bridge
Port Catherine
N54 8EJ",Female,Bluewater Community & Rehabilitation NHS Trust,Mixed,South Africa,ILR,Medical,Consultant,Clinical Support Services,CONS,50.36,2019-08-03,2019-09-14,18.75,0.5,GMC,Fixed Term,Inactive,KL089248,2028-01-06,VW902780,2031-08-19,2027-04-21,2019-08-24
EMP0929-20260914_000059,Diana,Turner,eleanor28@example.net,1995-02-10,+44(0)1314960128,"Studio 8
Jade Drive
Nicholsonton
CW99 6FL",Male,Westborough Acute Care NHS Trust,White,United States,British Citizen,Medical,Consultant,Emergency & Urgent Care,CONS,62.48,2017-09-18,2017-10-16,30.0,0.8,None,Bank,Suspended,VL694867,2030-05-25,EY593660,2027-06-19,2027-01-29,2017-10-09
EMP0930-20260914_000059,Alan,Ford,qlee@example.net,1989-02-28,0117 496 0227,"Flat 8
Edwards Ville
Turnerland
G64 8WG",Male,Greenhaven Acute & Specialist Care NHS Trust,Mixed,South Africa,Dependent,AHP,Speech Therapist,Women & Children,6,24.73,2018-07-19,2018-08-30,18.75,0.5,None,Bank,Suspended,VM857302,2029-02-22,AA295445,2027-10-20,2027-05-27,2018-08-09
EMP0931-20260914_000059,Shane,Kirby,martyn89@example.org,1963-09-09,+44151 4960047,"Flat 55C
Harry Village
Lake Sean
CV00 8LG",Male,Hillcrest Medical Centres NHS Trust,White,Australia,ILR,Medical,Consultant,Clinical Support Services,CONS,49.89,2019-08-07,2019-09-04,18.75,0.5,HCPC,Permanent,On Leave,GU758102,2029-06-16,ZW419997,2026-10-05,2027-02-01,2019-08-28
EMP0932-20260914_000059,Stuart,Spencer,christopheryoung@example.net,1977-05-03,+44(0)289018209,"95 Hall Prairie
Brucefort
B7 2ZS",Female,Riverbank General Hospitals NHS Trust,White,Canada,Dependent,Admin,Administrator,Medicine & Acute Care,3,15.95,2017-11-28,2018-01-09,30.0,0.8,None,Permanent,Suspended,AO431860,2028-02-27,GN893065,2031-06-11,2027-01-26,2017-12-19
EMP0933-20260914_000059,Denise,Murray,hollieking@example.net,2007-07-12,0114 4960912,"Flat 50
Young Place
North Kathrynstad
S1T 7TW",Female,Northshire University Hospitals NHS Trust,Black,South Africa,ILR,Admin,Data Analyst,Critical Care & Anaesthesia,8A,34.2,2024-01-19,2024-02-16,20.0,0.53,NMC,Fixed Term,Active,BR212823,2030-09-11,DS486718,2030-12-06,2026-12-16,2024-02-09
EMP0934-20260914_000059,Jenna,Brown,lewissharpe@example.org,1989-11-13,0141 496 0224,"720 Julie Mills
Northhaven
RM12 3JE",Male,Eastfield Psychological Services NHS Trust,Mixed,Ghana,Skilled Worker,Medical,Consultant,Clinical Support Services,CONS,52.22,2024-11-29,2024-12-27,37.5,1.0,NMC,Bank,Suspended,XJ731984,2028-04-08,ZG009369,2031-06-01,2027-02-07,2024-12-20
EMP0935-20260914_000059,Joyce,Parry,scunningham@example.com,2002-08-14,(0306)9990956,"Flat 63l
Sandra Crescent
South Joanview
CW7Y 4WY",Female,Riverbank General Hospitals NHS Trust,Mixed,Jamaica,ILR,Nursing,Senior Staff Nurse,Emergency & Urgent Care,6,22.92,2020-10-02,2020-11-06,30.0,0.8,None,Bank,Active,RZ445894,2028-06-13,NK270949,2028-05-16,2027-02-15,2020-10-23
EMP0936-20260914_000059,Kathryn,Middleton,cbentley@example.net,1966-02-19,0909 8790704,"2 Davis Cove
Burkeview
E5 6BZ",Female,Riverbank General Hospitals NHS Trust,White,Canada,Skilled Worker,Admin,Administrator,Critical Care & Anaesthesia,3,14.35,2023-04-20,2023-05-18,37.5,1.0,NMC,Bank,Suspended,KH669982,2030-10-09,AD302473,2026-10-10,2026-11-24,2023-05-11
EMP0937-20260914_000059,Claire,Moore,rlloyd@example.com,2001-07-24,+44131 4960943,"Studio 20w
Sally Stravenue
Jacksontown
W7 9DP",Male,Southvale Hospitals NHS Trust,Black,Ghana,Skilled Worker,Nursing,Senior Staff Nurse,Corporate Services,6,28.1,2026-07-23,2026-08-27,30.0,0.8,None,Permanent,Inactive,XV539096,2026-12-06,WZ046033,2029-06-05,2027-04-25,2026-08-13
EMP0938-20260914_000059,Charles,McDonald,cameron10@example.net,1963-03-21,020 7946 0514,"Studio 2
Maureen Forge
South Francesca
M2U 1ZJ",Male,Eastmoor Teaching Hospitals NHS Trust,Black,Barbados,Skilled Worker,Medical,FY1/FY2,Women & Children,FY1,19.5,2023-09-20,2023-11-01,30.0,0.8,NMC,Bank,On Leave,BE124235,2026-12-09,HV872022,2028-02-08,2027-06-19,2023-10-11
EMP0939-20260914_000059,Margaret,Allen,kayleighnorman@example.net,2004-02-09,0116 4960133,"186 Joel Course
Harveystad
OX6H 1AF",Female,Northwood Mental Health NHS Trust,Mixed,South Africa,ILR,AHP,Pharmacist,Corporate Services,5,19.86,2018-10-18,2018-11-22,18.75,0.5,None,Permanent,On Leave,CW608470,2026-11-28,HU317910,2030-09-11,2026-12-10,2018-11-08
EMP0940-20260914_000059,Alexander,Poole,flynnmarian@example.org,1973-08-30,+44141 4960599,"Studio 86
Ingram Road
Mitchellberg
E89 7JF",Female,Valleyview Mental Wellness NHS Trust,Mixed,Kenya,Dependent,AHP,Speech Therapist,Critical Care & Anaesthesia,6,25.74,2024-08-07,2024-09-11,37.5,1.0,HCPC,Bank,Inactive,FD165996,2027-10-04,GQ050594,2026-12-22,2027-08-15,2024-08-28
EMP0941-20260914_000059,Kenneth,Jones,owen64@example.net,1979-09-25,0161 496 0737,"Studio 53g
Victoria Forks
Port Francisshire
B8F 8WR",Female,Westmere Community Health NHS Trust,White,New Zealand,British Citizen,AHP,Radiographer,Medicine & Acute Care,6,27.19,2018-05-24,2018-06-21,20.0,0.53,GMC,Fixed Term,Inactive,QY991898,2026-11-11,YB448847,2031-08-08,2027-03-25,2018-06-14
EMP0942-20260914_000059,Amelia,Walters,hayeseleanor@example.net,1961-10-27,+44(0)28 9018556,"2 O'Connor Trace
New Kelly
BT8 1US",Female,Broadfield Clinical Services NHS Trust,White,United States,British Citizen,Admin,Administrator,Surgery & Cancer,3,13.53,2025-07-14,2025-08-18,15.0,0.4,HCPC,Permanent,Active,RC887978,2026-10-11,QM448591,2030-05-07,2026-11-17,2025-08-04
EMP0943-20260914_000059,David,Bradley,holliepeters@example.org,1984-08-22,01184960210,"992 Stanley Branch
Robinton
BR7 3TT",Female,Greenhaven Acute & Specialist Care NHS Trust,Asian,India,Skilled Worker,Admin,Administrator,Clinical Support Services,3,16.36,2018-11-29,2018-12-27,30.0,0.8,HCPC,Bank,Active,AU313456,2029-10-19,RB585222,2028-10-14,2026-09-23,2018-12-20
EMP0944-20260914_000059,Donna,Moore,angela12@example.com,1995-06-12,+44(0)116 4960066,"Flat 2
Victor Terrace
Port Lindsey
LN61 9QY",Female,Riverbank General Hospitals NHS Trust,Black,Trinidad and Tobago,ILR,AHP,Physiologist,Women & Children,6,23.0,2021-12-20,2022-01-31,15.0,0.4,None,Permanent,Inactive,DQ861013,2026-12-10,AG662504,2030-01-12,2027-02-06,2022-01-10
EMP0945-20260914_000059,Lesley,Phillips,barrymartin@example.com,1974-10-11,01632 960 509,"Studio 34
Brett Oval
Kathleenshire
E55 9PT",Male,Westborough Acute Care NHS Trust,Black,Nigeria,British Citizen,AHP,Physiotherapist,Emergency & Urgent Care,6,27.86,2024-07-19,2024-08-16,20.0,0.53,HCPC,Permanent,Active,TN478144,2028-05-14,SC935333,2028-01-21,2026-09-28,2024-08-09
EMP0946-20260914_000059,Rachel,Jones,ross57@example.org,1987-05-01,+44131 4960298,"Studio 56Y
Williams Meadow
Mistryfurt
S8 1SU",Male,Northshire University Hospitals NHS Trust,White,Canada,ILR,Admin,Administrator,Critical Care & Anaesthesia,3,13.98,2023-06-19,2023-07-24,37.5,1.0,None,Bank,Active,KT843764,2030-09-11,MX407545,2030-02-09,2027-02-08,2023-07-10
EMP0947-20260914_000059,Lindsey,Davison,jacksondylan@example.org,2005-09-05,(0118) 496 0648,"Studio 14
Wood Pines
Brettport
SR1P 7JN",Female,Hillcrest Medical Centres NHS Trust,Mixed,United Kingdom,Dependent,Admin,Administrator,Surgery & Cancer,3,13.91,2019-01-27,2019-03-10,15.0,0.4,None,Bank,Inactive,PJ975243,2029-04-06,EZ153608,2027-12-03,2027-06-16,2019-02-17
EMP0948-20260914_000059,Stuart,Matthews,simpsonhannah@example.com,1979-06-23,(0131) 4960498,"150 Moore Mountains
Janeside
L13 0ZF",Male,Riverside Integrated Care NHS Trust,White,United States,Dependent,Admin,Administrator,Critical Care & Anaesthesia,3,15.26,2018-09-08,2018-10-06,37.5,1.0,GMC,Fixed Term,Suspended,QD160796,2027-09-05,RK120372,2029-11-19,2027-02-19,2018-09-29
EMP0949-20260914_000059,Philip,Weston,pmason@example.org,1972-02-23,+44(0)141 4960208,"Flat 62
Thompson Lights
Andrewsberg
TS2N 5AL",Female,Bluewater Community & Rehabilitation NHS Trust,Asian,China,ILR,Admin,Receptionist,Emergency & Urgent Care,3,15.87,2026-04-06,2026-05-11,37.5,1.0,NMC,Fixed Term,Suspended,UP836389,2028-03-17,DY878117,2031-07-22,2027-01-31,2026-04-27
EMP0950-20260914_000059,Leanne,James,bperry@example.net,1963-06-10,(0121) 4960002,"707 Hazel Junctions
Morrisonmouth
W2 8WN",Female,Northwood Mental Health NHS Trust,Asian,China,British Citizen,AHP,Physiotherapist,Critical Care & Anaesthesia,6,25.11,2024-01-25,2024-02-29,30.0,0.8,GMC,Fixed Term,On Leave,WX918435,2029-10-04,UJ815959,2031-01-23,2027-02-15,2024-02-15
EMP0951-20260914_000059,Michelle,Kaur,pamela56@example.org,1979-08-10,+44(0)28 9018 0366,"Flat 63
Foster Lock
South Jackborough
B7 8AN",Male,Riverside Integrated Care NHS Trust,White,Canada,British Citizen,AHP,Speech Therapist,Critical Care & Anaesthesia,6,22.95,2025-03-25,2025-04-22,15.0,0.4,GMC,Permanent,Suspended,EO605084,2027-10-04,ML950559,2028-01-09,2026-10-25,2025-04-15
EMP0952-20260914_000059,Scott,Clarke,turnershaun@example.com,1966-06-10,+44(0)909 8790035,"Flat 7
Patel Valleys
Mohammedbury
TN38 5JR",Male,Valleyview Mental Wellness NHS Trust,Asian,India,Skilled Worker,AHP,Pharmacist,Corporate Services,5,21.84,2017-03-20,2017-04-17,37.5,1.0,GMC,Permanent,On Leave,SA995168,2028-02-13,DS111383,2031-08-27,2026-10-14,2017-04-10
EMP0953-20260914_000059,Julie,Khan,martin28@example.net,2007-08-21,+44(0)808 157 0285,"Studio 09
Hall Roads
Derekmouth
KW86 8ZS",Male,Riverside Integrated Care NHS Trust,White,United States,ILR,Admin,Administrator,Emergency & Urgent Care,3,15.68,2024-07-31,2024-08-28,15.0,0.4,NMC,Fixed Term,Active,YS533073,2031-06-15,MG387268,2029-11-01,2027-08-01,2024-08-21
EMP0954-20260914_000059,Alan,Jones,nathan07@example.net,1975-02-19,+44(0)114 4960805,"Studio 0
Ashley Mountains
Lake Dominic
BS6 0XF",Female,Meadowbrook Community Health NHS Trust,Mixed,South Africa,Dependent,Nursing,Staff Nurse,Critical Care & Anaesthesia,5,20.51,2025-04-11,2025-05-16,30.0,0.8,NMC,Bank,Inactive,US184666,2030-06-04,XQ937331,2031-04-22,2026-12-17,2025-05-02
EMP0955-20260914_000059,Fiona,Harris,boylealexandra@example.net,1979-06-05,+44(0)1614960868,"Studio 19
Carole Bridge
North Chelseaside
EN0 4UP",Male,Northwood Mental Health NHS Trust,Black,Kenya,British Citizen,AHP,Pharmacist,Critical Care & Anaesthesia,5,20.5,2017-09-21,2017-10-26,30.0,0.8,None,Fixed Term,Active,MU708686,2030-05-13,SE704395,2031-05-31,2027-08-25,2017-10-12
EMP0956-20260914_000059,Christian,Smith,hobbsjoel@example.com,1994-10-11,0306 9990097,"64 Paul Mountain
Amandatown
DY5X 7WE",Female,Southgate Community & Mental Health NHS Trust,Black,Jamaica,Dependent,Medical,FY1/FY2,Emergency & Urgent Care,FY1,19.15,2017-03-31,2017-05-12,18.75,0.5,GMC,Fixed Term,Suspended,LH205019,2029-07-13,TP946146,2028-01-01,2026-12-25,2017-04-21
EMP0957-20260914_000059,Douglas,Lewis,pottsmandy@example.net,1972-06-16,0116 496 0874,"15 Claire Estates
North Jessicamouth
SY9 5ZB",Male,Southgate Community & Mental Health NHS Trust,Mixed,Canada,British Citizen,AHP,Radiographer,Corporate Services,6,25.03,2023-09-30,2023-10-28,20.0,0.53,NMC,Permanent,Suspended,OC648631,2027-10-14,QD669244,2031-06-01,2026-09-19,2023-10-21
EMP0958-20260914_000059,Jill,Thomas,liam59@example.com,1988-04-13,+44(0)131 4960181,"Flat 54
Palmer Overpass
Frederickburgh
G86 2PQ",Male,Southgate Community & Mental Health NHS Trust,Black,Kenya,Skilled Worker,Medical,SHO,Emergency & Urgent Care,SHO,30.25,2017-05-05,2017-06-02,37.5,1.0,None,Fixed Term,Active,FD946274,2028-11-21,LL634148,2030-11-30,2027-06-04,2017-05-26
EMP0959-20260914_000059,Rita,Chambers,katy59@example.net,1997-09-01,02074960438,"Studio 92d
Pope Mills
East Pamelaville
BH4W 0LD",Male,Horizon Integrated Health Partnership NHS Trust,Asian,China,British Citizen,Admin,Receptionist,Surgery & Cancer,3,14.21,2023-09-03,2023-10-15,37.5,1.0,HCPC,Fixed Term,Suspended,FT251756,2029-08-17,GM880699,2030-05-24,2027-01-18,2023-09-24
EMP0960-20260914_000059,Charlotte,Reid,northleonard@example.org,1963-12-19,+441184960927,"Flat 36o
Christine Plaza
Jakeland
SY3P 9QA",Female,Westborough Acute Care NHS Trust,Asian,India,Skilled Worker,Admin,Data Analyst,Women & Children,8A,29.3,2019-11-08,2019-12-06,37.5,1.0,GMC,Fixed Term,Inactive,OH603624,2029-09-28,MK282071,2030-05-10,2027-08-22,2019-11-29
EMP0961-20260914_000059,Abigail,Carey,fiona99@example.org,1963-01-29,02074960749,"Flat 83G
Andrea Square
Caroleshire
SM4R 5BA",Male,Eastfield Psychological Services NHS Trust,Black,South Africa,ILR,Admin,Administrator,Clinical Support Services,3,14.08,2020-10-16,2020-11-13,20.0,0.53,GMC,Bank,Suspended,HE987380,2031-06-05,XL209080,2028-07-07,2026-09-18,2020-11-06
EMP0962-20260914_000059,Angela,Price,chambersjoel@example.com,1962-06-25,(0118)4960159,"Studio 2
Smith Island
Daviesside
S7 4JE",Female,Southgate Community & Mental Health NHS Trust,Black,Kenya,British Citizen,Admin,Data Analyst,Women & Children,8A,34.86,2019-07-27,2019-08-24,30.0,0.8,HCPC,Fixed Term,Active,SX095138,2030-06-06,CG791800,2029-12-02,2027-05-01,2019-08-17
EMP0963-20260914_000059,Jessica,Howe,middletonreece@example.com,1976-08-21,+44(0)118 496 0277,"7 Abigail Mission
Adamhaven
G9E 6DT",Male,Southgate Community & Mental Health NHS Trust,Mixed,Jamaica,ILR,Nursing,Ward Manager,Medicine & Acute Care,8A,33.49,2017-11-23,2017-12-28,37.5,1.0,HCPC,Bank,On Leave,DX412292,2029-06-17,IV146122,2028-04-04,2027-06-28,2017-12-14
EMP0964-20260914_000059,Hannah,Archer,nharding@example.net,1963-04-25,+44(0)115 4960802,"96 Julia Parkways
South Janet
S9 0EU",Female,Bluewater Community & Rehabilitation NHS Trust,White,Canada,Dependent,Nursing,Nursery Nurse,Surgery & Cancer,2,14.12,2016-11-20,2017-01-01,15.0,0.4,NMC,Bank,Inactive,GV865299,2030-08-12,UR268597,2029-07-21,2027-03-11,2016-12-11
EMP0965-20260914_000059,Mohammed,Shaw,westonrita@example.com,1983-09-02,+44(0)151 4960367,"882 Stephanie Plains
East Roberttown
EH87 4LU",Male,Hillcrest Medical Centres NHS Trust,Mixed,New Zealand,ILR,Medical,Consultant,Corporate Services,CONS,58.75,2019-06-13,2019-07-18,15.0,0.4,GMC,Fixed Term,Suspended,GF494935,2030-12-06,KH675448,2027-02-16,2027-05-03,2019-07-04
EMP0966-20260914_000059,Charlene,Armstrong,harrisonjeffrey@example.net,1997-01-18,(0191)4960699,"150 Phillip Wall
Port Jennifer
WN4N 7QQ",Male,Broadfield Clinical Services NHS Trust,Mixed,Ghana,Dependent,Medical,Consultant,Emergency & Urgent Care,CONS,54.74,2022-10-25,2022-11-29,18.75,0.5,NMC,Permanent,On Leave,ED096833,2028-11-05,NY339572,2029-06-24,2026-12-12,2022-11-15
EMP0967-20260914_000059,Lorraine,Griffiths,june93@example.com,1998-01-07,+44(0)306 999 0493,"Flat 52Z
Naomi Plaza
Saramouth
L17 3ZR",Male,Oakridge Community Services NHS Trust,Black,Jamaica,Skilled Worker,Nursing,Ward Manager,Corporate Services,8A,32.01,2018-01-06,2018-02-10,37.5,1.0,HCPC,Permanent,On Leave,EC481491,2027-10-22,YB289433,2027-09-15,2026-09-28,2018-01-27
EMP0968-20260914_000059,Kyle,Cooke,daviesjustin@example.com,2006-12-13,(0114) 4960406,"Studio 54
Smith Street
Thompsonfort
CO47 6NW",Female,Eastmoor Teaching Hospitals NHS Trust,Black,South Africa,Dependent,Admin,Data Analyst,Surgery & Cancer,8A,29.18,2019-09-24,2019-10-22,20.0,0.53,NMC,Permanent,On Leave,AQ795918,2029-04-14,MJ809524,2027-03-17,2027-06-11,2019-10-15
EMP0969-20260914_000059,Brian,Dixon,ljackson@example.com,1985-12-28,+441632960642,"Studio 6
Holly Field
South Hollieton
L22 5LQ",Female,Southvale Hospitals NHS Trust,White,Canada,ILR,Admin,Medical Secretary,Critical Care & Anaesthesia,4,17.7,2018-03-09,2018-04-06,20.0,0.53,GMC,Bank,On Leave,OY033597,2031-07-20,SG386152,2030-09-07,2027-04-11,2018-03-30
EMP0970-20260914_000059,Josephine,Rose,billy58@example.net,1988-11-13,+449098790299,"07 Reid Corners
East Lauraburgh
E41 7HB",Male,Riverside Integrated Care NHS Trust,Black,Trinidad and Tobago,Skilled Worker,Medical,SHO,Corporate Services,SHO,26.39,2024-12-11,2025-01-15,30.0,0.8,HCPC,Permanent,Inactive,KB612253,2030-06-08,RP796769,2027-02-09,2027-09-12,2025-01-01
EMP0971-20260914_000059,Elliott,Reid,barretttimothy@example.org,1982-12-10,(0121) 4960998,"835 Conway Mission
North Julie
M5F 7DX",Female,Northwood Mental Health NHS Trust,Mixed,Trinidad and Tobago,Skilled Worker,Medical,Registrar,Women & Children,SPR,39.91,2016-09-17,2016-10-29,30.0,0.8,None,Bank,Inactive,CH526879,2027-12-03,CZ301637,2030-12-04,2027-06-05,2016-10-08
EMP0972-20260914_000059,Joan,Thompson,carolinerobinson@example.net,1967-07-06,(0121)4960618,"70 Bartlett Ranch
New Dominicmouth
B0 4ED",Female,Broadfield Clinical Services NHS Trust,White,New Zealand,ILR,Admin,Receptionist,Surgery & Cancer,3,13.43,2019-05-12,2019-06-16,20.0,0.53,GMC,Fixed Term,Suspended,ZV974041,2031-05-22,PG371417,2028-07-30,2027-06-15,2019-06-02
EMP0973-20260914_000059,Lindsey,Ellis,johnsonroy@example.org,1963-02-05,+44161 4960040,"65 Webb Lane
Lake Barry
NW3N 2AP",Female,Meadowbrook Community Health NHS Trust,Black,Kenya,ILR,Admin,Data Analyst,Women & Children,8A,34.16,2019-04-25,2019-05-30,18.75,0.5,NMC,Bank,Inactive,QM858198,2028-08-03,NO438708,2030-11-27,2027-07-13,2019-05-16
EMP0974-20260914_000059,Stephanie,Naylor,brianmurphy@example.com,1996-05-24,(0131) 4960982,"Flat 8
Callum Garden
Mandyland
S2 0LN",Female,Northwood Mental Health NHS Trust,Asian,India,ILR,AHP,Physiotherapist,Medicine & Acute Care,6,27.27,2024-10-21,2024-12-02,18.75,0.5,NMC,Bank,Active,KG787659,2027-11-10,SZ068797,2028-08-17,2027-07-07,2024-11-11
EMP0975-20260914_000059,Ruth,Khan,malcolm44@example.net,1985-06-26,+44114 4960227,"516 Parsons Orchard
Lake Alexandermouth
BA40 6ND",Female,Hillcrest Medical Centres NHS Trust,White,Australia,Dependent,Admin,Medical Secretary,Surgery & Cancer,4,19.31,2025-12-13,2026-01-24,15.0,0.4,None,Permanent,Suspended,TM421658,2031-05-14,HR223532,2029-01-10,2026-11-04,2026-01-03
EMP0976-20260914_000059,Nigel,May,sylviafuller@example.com,1972-06-03,(0115)4960768,"2 Smith Mills
Dennisville
N1F 0UG",Female,Broadfield Clinical Services NHS Trust,Mixed,Jamaica,ILR,Medical,GP,Critical Care & Anaesthesia,GP,59.84,2019-12-29,2020-02-02,18.75,0.5,GMC,Fixed Term,On Leave,BD785379,2029-08-13,TE614266,2026-10-18,2027-09-08,2020-01-19
EMP0977-20260914_000059,Kathryn,Metcalfe,blowe@example.org,2000-05-13,+44(0)131 496 0956,"Studio 92
Simpson Key
Daviesbury
N5 9BP",Male,Broadfield Clinical Services NHS Trust,Black,Nigeria,ILR,Admin,Administrator,Corporate Services,3,15.08,2016-11-27,2016-12-25,37.5,1.0,GMC,Permanent,On Leave,EW078345,2031-02-12,DE884931,2027-08-24,2027-02-18,2016-12-18
EMP0978-20260914_000059,Thomas,Mahmood,joan16@example.net,1965-02-20,+44(0)292018289,"38 Linda Prairie
Georgestad
CH1 4QW",Female,Eastfield Psychological Services NHS Trust,Black,South Africa,British Citizen,AHP,Pharmacist,Surgery & Cancer,5,19.81,2020-06-15,2020-07-27,30.0,0.8,GMC,Bank,Suspended,DW281962,2029-09-05,CP554393,2029-08-08,2027-06-19,2020-07-06
EMP0979-20260914_000059,Francis,Vaughan,xrees@example.com,2003-06-30,(0161)4960387,"Studio 72
Price Ways
Port Molly
ME7A 0JE",Male,Westborough Acute Care NHS Trust,Mixed,New Zealand,ILR,AHP,Occupational Therapist,Corporate Services,6,24.79,2017-05-23,2017-07-04,37.5,1.0,None,Permanent,On Leave,WY581480,2028-05-15,AZ103956,2031-01-29,2027-03-29,2017-06-13
EMP0980-20260914_000059,Laura,Murphy,dalejane@example.net,1974-02-13,+441184960775,"85 Louise Isle
Susanstad
CM1 7SA",Male,Hillcrest Medical Centres NHS Trust,Mixed,Japan,British Citizen,Medical,Consultant,Clinical Support Services,CONS,64.16,2023-02-09,2023-03-09,37.5,1.0,GMC,Permanent,Inactive,UB470073,2028-06-15,VW302243,2029-05-05,2027-04-30,2023-03-02
EMP0981-20260914_000059,Gemma,Poole,robertsgareth@example.net,1998-10-07,+44141 4960911,"948 Jordan Islands
Jeanbury
B6G 5JY",Female,Northwood Mental Health NHS Trust,White,New Zealand,Skilled Worker,Medical,Consultant,Surgery & Cancer,CONS,64.16,2021-04-06,2021-05-18,20.0,0.53,HCPC,Fixed Term,On Leave,QY294031,2029-01-20,AH377332,2028-11-13,2027-04-19,2021-04-27
EMP0982-20260914_000059,Duncan,Taylor,wmiller@example.net,1964-12-17,+44(0)114 4960970,"86 Brown Stravenue
Saraland
CM1 4TF",Female,Horizon Integrated Health Partnership NHS Trust,Asian,China,Dependent,Medical,Consultant,Critical Care & Anaesthesia,CONS,61.53,2022-11-10,2022-12-08,30.0,0.8,None,Fixed Term,Inactive,OV352577,2030-11-06,XD349677,2028-07-24,2027-09-07,2022-12-01
EMP0983-20260914_000059,Douglas,Thompson,judith57@example.net,1982-09-27,+44(0)306 999 0757,"4 Diane Mount
Nicholasville
CV44 9YU",Female,Eastmoor Teaching Hospitals NHS Trust,Mixed,China,Dependent,Admin,Data Analyst,Women & Children,8A,33.08,2025-05-09,2025-06-13,30.0,0.8,None,Permanent,On Leave,ZK527413,2028-04-30,LY406582,2029-01-01,2027-05-19,2025-05-30
EMP0984-20260914_000059,Glen,George,evanssimon@example.net,1986-08-28,(01632) 960 456,"754 Barrett Meadow
East Joshshire
LA9 9TH",Male,Lakeside District Hospitals NHS Trust,Asian,India,Skilled Worker,Admin,Data Analyst,Corporate Services,8A,34.19,2021-09-02,2021-10-14,30.0,0.8,HCPC,Permanent,Suspended,RE284741,2029-09-14,GW857186,2027-04-03,2027-04-23,2021-09-23
EMP0985-20260914_000059,Molly,Lambert,eileen61@example.com,1972-11-25,+44(0)1632 960 235,"Flat 26I
Pauline Haven
North Jenniferberg
E0A 2XG",Male,Westmere Community Health NHS Trust,Black,Nigeria,Dependent,Medical,Registrar,Surgery & Cancer,SPR,36.02,2026-01-25,2026-03-08,18.75,0.5,None,Fixed Term,Suspended,UD656596,2030-07-25,JK282459,2028-03-10,2026-12-18,2026-02-15
EMP0986-20260914_000059,Connor,Ross,clarkedarren@example.net,1974-12-07,+441134960987,"1 Bell Run
Powerland
BD61 3EQ",Female,Northwood Mental Health NHS Trust,White,New Zealand,Dependent,AHP,Radiographer,Corporate Services,6,26.17,2023-08-18,2023-09-15,15.0,0.4,HCPC,Permanent,On Leave,VX451927,2031-06-18,SF268564,2030-03-01,2027-06-19,2023-09-08
EMP0987-20260914_000059,Stuart,Green,zcook@example.net,1994-01-08,01632 960 885,"1 Marsh Circle
Keithfort
CV3H 0RD",Female,Riverside Integrated Care NHS Trust,Mixed,Japan,British Citizen,AHP,Occupational Therapist,Clinical Support Services,6,25.47,2017-01-20,2017-02-17,15.0,0.4,None,Bank,Inactive,CS358378,2027-06-07,HN565933,2028-10-29,2026-11-22,2017-02-10
EMP0988-20260914_000059,Peter,Lewis,hobbsrichard@example.net,1970-08-20,+44118 4960154,"30 Kelly Ways
East Mohamedmouth
LA65 6DD",Male,Greenhaven Acute & Specialist Care NHS Trust,Black,Trinidad and Tobago,Dependent,Nursing,Charge Nurse,Medicine & Acute Care,7,28.5,2020-12-02,2020-12-30,37.5,1.0,NMC,Permanent,On Leave,SJ236089,2027-07-12,OX814132,2030-12-31,2027-03-21,2020-12-23
EMP0989-20260914_000059,Leigh,Dean,jeremy84@example.org,1980-10-29,+44(0)808 1570962,"6 Ryan Meadow
Rahmanmouth
B35 1NF",Female,Greenhaven Acute & Specialist Care NHS Trust,Asian,Thailand,British Citizen,Nursing,Ward Manager,Medicine & Acute Care,8A,32.12,2017-06-01,2017-07-06,15.0,0.4,NMC,Fixed Term,Suspended,SN785647,2029-08-30,OW606805,2030-11-04,2027-01-23,2017-06-22
EMP0990-20260914_000059,Heather,Moore,evansdanielle@example.com,1974-05-01,(0118) 496 0112,"5 Rogers Extension
North Frederickhaven
WA9P 7DY",Female,Valleyview Mental Wellness NHS Trust,Asian,Thailand,Skilled Worker,Admin,Data Analyst,Emergency & Urgent Care,8A,29.15,2023-12-11,2024-01-15,18.75,0.5,GMC,Fixed Term,Active,OG990477,2028-04-11,WC674782,2026-10-05,2027-09-09,2024-01-01
EMP0991-20260914_000059,Geoffrey,Brown,glenn26@example.net,1974-01-23,+44306 9990219,"Flat 3
Chapman Place
Cartwrighthaven
G83 4XB",Male,Hillcrest Medical Centres NHS Trust,White,Canada,British Citizen,Medical,SHO,Medicine & Acute Care,SHO,25.61,2022-02-19,2022-04-02,30.0,0.8,HCPC,Permanent,Inactive,PV674785,2026-09-25,OZ772617,2026-09-14,2027-02-14,2022-03-12
EMP0992-20260914_000059,Christopher,Pearce,norrisjayne@example.net,1982-04-26,+44(0)121 496 0089,"Flat 36W
Fox Walks
East Joanberg
IG6Y 5JD",Female,Northshire University Hospitals NHS Trust,White,Canada,ILR,Admin,Administrator,Medicine & Acute Care,3,16.04,2025-02-06,2025-03-06,30.0,0.8,GMC,Bank,On Leave,BY911958,2028-05-06,UZ268207,2031-06-29,2026-11-08,2025-02-27
EMP0993-20260914_000059,Martyn,Baker,ihill@example.com,1996-07-17,+44(0)113 496 0659,"Flat 95
Duncan Bypass
Chloefurt
M8 8LQ",Male,Meadowbrook Community Health NHS Trust,White,Canada,ILR,Nursing,Nursery Nurse,Women & Children,2,13.28,2024-05-12,2024-06-09,37.5,1.0,NMC,Fixed Term,Active,LW061558,2030-06-05,YN359606,2027-07-24,2027-07-18,2024-06-02
EMP0994-20260914_000059,Ross,Smith,carolinecarter@example.net,1978-02-15,(0121) 496 0751,"Studio 96G
Bernard Landing
Debramouth
S8 3EX",Female,Greenhaven Acute & Specialist Care NHS Trust,Black,Barbados,ILR,Medical,Registrar,Corporate Services,SPR,40.63,2025-07-26,2025-08-30,30.0,0.8,None,Bank,On Leave,QA292698,2029-10-01,UK852806,2030-12-21,2026-12-03,2025-08-16
EMP0995-20260914_000059,Kayleigh,Barker,catherinehopkins@example.net,2005-08-17,+44(0)191 496 0452,"Flat 3
Rosie Square
South Frank
G5 8LT",Male,Hillcrest Medical Centres NHS Trust,Asian,India,Skilled Worker,Nursing,Senior Staff Nurse,Women & Children,6,27.33,2020-07-03,2020-07-31,15.0,0.4,None,Fixed Term,On Leave,BV517055,2031-01-20,KA699064,2027-12-09,2027-02-03,2020-07-24
EMP0996-20260914_000059,Owen,Perry,caroline56@example.net,1983-05-18,(0161) 4960432,"Studio 64
Dodd Crossing
Lucasburgh
LE6W 5NW",Female,Northshire University Hospitals NHS Trust,Mixed,China,Dependent,Nursing,Healthcare Assistant,Women & Children,2,12.62,2023-09-25,2023-11-06,18.75,0.5,GMC,Fixed Term,Inactive,PC766916,2031-02-01,QA827441,2031-08-09,2026-12-05,2023-10-16
EMP0997-20260914_000059,Carl,Moore,sharon34@example.com,1972-06-23,+44161 4960842,"Flat 45
Frederick Pine
New Aaron
N9 6TJ",Male,Westborough Acute Care NHS Trust,Asian,China,Skilled Worker,Medical,Registrar,Corporate Services,SPR,42.37,2019-07-01,2019-08-05,30.0,0.8,NMC,Permanent,On Leave,OA211891,2029-05-07,LC943501,2027-06-13,2027-02-16,2019-07-22
EMP0998-20260914_000059,Mitchell,Bray,abbie03@example.net,1999-04-02,+44(0)1314960587,"Studio 3
Richards Station
Lake Gracefurt
W0K 9JN",Male,Westborough Acute Care NHS Trust,Black,South Africa,Skilled Worker,AHP,Physiologist,Women & Children,6,26.19,2024-04-03,2024-05-08,18.75,0.5,None,Permanent,Inactive,LU221428,2030-10-04,XR689847,2029-10-03,2027-06-29,2024-04-24
EMP0999-20260914_000059,Sylvia,Wallis,tscott@example.com,1972-05-26,+44(0)115 496 0037,"55 Conor Cove
Hughesmouth
M3 9RY",Male,Broadfield Clinical Services NHS Trust,Black,South Africa,Skilled Worker,Nursing,Senior Staff Nurse,Critical Care & Anaesthesia,6,23.14,2018-06-10,2018-07-22,37.5,1.0,NMC,Bank,Active,ZQ631146,2030-01-25,TK263077,2030-06-09,2027-06-19,2018-07-01
EMP1000-20260914_000059,Georgia,Thomas,ksmith@example.net,1988-03-10,+44(0)20 74960496,"06 James Course
Port Connor
B0H 7GJ",Female,Hillcrest Medical Centres NHS Trust,White,Australia,British Citizen,AHP,Pharmacist,Corporate Services,5,22.36,2020-04-15,2020-05-20,20.0,0.53,NMC,Bank,Active,ST904807,2030-03-25,AF427254,2028-11-01,2027-05-13,2020-05-06
EMP1001-20260914_000059,Natasha,Wells,sharon74@example.org,1993-10-21,+44(0)1632 960 422,"Studio 99
Beth Islands
Lynnview
NE4V 6SA",Male,Valleyview Mental Wellness NHS Trust,White,United Kingdom,Skilled Worker,Medical,Consultant,Corporate Services,CONS,70.55,2019-12-17,2020-01-28,15.0,0.4,None,Bank,On Leave,CM818793,2027-02-15,ML319900,2029-07-12,2027-04-14,2020-01-07
EMP1002-20260914_000059,Luke,Mills,sarahturner@example.com,1974-09-23,(0113)4960986,"Flat 29
Morris Plains
Port Rita
CT17 6ZH",Female,Westmere Community Health NHS Trust,White,Australia,Skilled Worker,AHP,Speech Therapist,Surgery & Cancer,6,27.26,2017-03-17,2017-04-28,20.0,0.53,None,Permanent,Suspended,RO340327,2027-10-29,AB363859,2029-10-28,2027-04-09,2017-04-07
EMP1003-20260914_000059,Vincent,Lee,qhawkins@example.org,1964-05-29,+44(0)131 496 0374,"Flat 76S
Sally Coves
West Simonton
W6 3UP",Male,Northwood Mental Health NHS Trust,White,Australia,Skilled Worker,Nursing,Senior Staff Nurse,Medicine & Acute Care,6,26.84,2025-05-14,2025-06-11,30.0,0.8,GMC,Bank,On Leave,TI743103,2029-10-29,GQ065801,2029-06-04,2027-03-26,2025-06-04
EMP1004-20260914_000059,Glen,Griffiths,mathewhughes@example.net,1999-04-25,(0161) 496 0353,"Flat 44
Anna Courts
Lake Dean
E0F 2RY",Male,Bluewater Community & Rehabilitation NHS Trust,Mixed,Ghana,ILR,Medical,Consultant,Critical Care & Anaesthesia,CONS,70.99,2019-11-17,2019-12-29,37.5,1.0,NMC,Fixed Term,Suspended,IL261406,2027-08-21,KN846260,2031-08-28,2027-05-29,2019-12-08
EMP1005-20260914_000059,Mohammad,Day,nryan@example.net,1986-01-23,(0116) 496 0912,"Flat 66
Joshua Rest
Sallychester
G25 8GL",Female,Oakridge Community Services NHS Trust,Black,Kenya,ILR,Admin,Receptionist,Corporate Services,3,15.36,2021-12-14,2022-01-11,30.0,0.8,NMC,Permanent,Inactive,WT425681,2027-12-29,IC357208,2031-06-09,2026-12-09,2022-01-04
EMP1006-20260914_000059,Neil,Connolly,xmiller@example.org,2002-09-20,09098790871,"50 Jenna Common
Port Timothy
SO04 7PE",Male,Valleyview Mental Wellness NHS Trust,Black,Nigeria,Dependent,Medical,FY1/FY2,Surgery & Cancer,FY1,20.36,2026-07-29,2026-09-02,37.5,1.0,GMC,Fixed Term,Suspended,XA063371,2027-05-30,YS359968,2029-10-08,2027-05-17,2026-08-19
EMP1007-20260914_000059,Maurice,Mason,martynbuckley@example.net,1976-10-07,01134960018,"0 Deborah Islands
Karlborough
CW0V 2NF",Female,Broadfield Clinical Services NHS Trust,Black,Jamaica,Skilled Worker,Admin,Receptionist,Corporate Services,3,13.81,2026-08-14,2026-09-25,15.0,0.4,None,Permanent,Active,FX523771,2028-07-08,HB689433,2027-02-27,2027-02-23,2026-09-04
EMP1008-20260914_000059,Amanda,Hart,kim17@example.com,1972-11-02,01632 960929,"Flat 37
Hazel Tunnel
Lake Royville
TS8P 9LN",Female,Riverside Integrated Care NHS Trust,Mixed,New Zealand,Skilled Worker,Medical,SHO,Emergency & Urgent Care,SHO,28.69,2017-01-19,2017-02-16,37.5,1.0,HCPC,Permanent,Suspended,AH741501,2026-10-25,DH196741,2028-12-15,2027-08-16,2017-02-09
EMP1009-20260914_000059,Glenn,Harding,juneshaw@example.com,1975-05-30,028 9018252,"Flat 56Y
Andrea Ranch
New Ruth
S8 0AX",Female,Lakeside District Hospitals NHS Trust,Black,Trinidad and Tobago,Skilled Worker,AHP,Physiotherapist,Critical Care & Anaesthesia,6,25.59,2021-03-23,2021-04-20,18.75,0.5,NMC,Fixed Term,Inactive,EJ170753,2029-01-01,JO763431,2027-09-09,2027-01-24,2021-04-13
EMP1010-20260914_000059,Valerie,Williams,gareth22@example.org,1987-04-09,+44(0)909 879 0349,"9 Skinner Locks
Nicolemouth
CA52 2XR",Female,Northshire University Hospitals NHS Trust,Asian,China,Dependent,Medical,Consultant,Critical Care & Anaesthesia,CONS,56.59,2020-11-08,2020-12-13,30.0,0.8,HCPC,Bank,Active,KP241802,2030-11-18,ZQ269493,2029-08-21,2027-06-22,2020-11-29
EMP1011-20260914_000059,Jemma,Tucker,soneill@example.org,1964-05-01,028 9018824,"3 Shaun Tunnel
East Janetmouth
NE3R 2NH",Female,Bluewater Community & Rehabilitation NHS Trust,Asian,Thailand,Skilled Worker,Nursing,Nursery Nurse,Emergency & Urgent Care,2,13.56,2021-03-13,2021-04-10,18.75,0.5,HCPC,Permanent,Active,BI951413,2026-12-13,BB179099,2028-07-03,2026-11-21,2021-04-03
EMP1012-20260914_000059,Shaun,Rogers,rebecca28@example.net,2001-02-28,0115 4960849,"Studio 40P
Danielle Loaf
Daviesshire
EH3 5XN",Male,Meadowbrook Community Health NHS Trust,Black,Nigeria,Dependent,Medical,FY1/FY2,Critical Care & Anaesthesia,FY1,20.1,2024-08-30,2024-10-04,15.0,0.4,None,Bank,Suspended,IC174791,2031-03-29,OQ011303,2028-08-23,2026-12-29,2024-09-20
EMP1013-20260914_000059,Bradley,Jones,watsoncarl@example.org,1973-05-09,+44909 8790129,"627 Pollard Pines
Flynnberg
M6G 8WS",Female,Eastfield Psychological Services NHS Trust,Asian,India,Skilled Worker,Medical,Registrar,Corporate Services,SPR,35.41,2020-06-30,2020-08-11,15.0,0.4,None,Fixed Term,Inactive,JB782405,2030-06-26,IG979443,2029-03-01,2026-11-24,2020-07-21
EMP1014-20260914_000059,Charlene,Clarke,jacquelinegreen@example.net,2002-05-21,+4429 2018571,"Flat 67
Jasmine Green
West Guy
HG2X 9QQ",Male,Hillcrest Medical Centres NHS Trust,Black,South Africa,British Citizen,Medical,SHO,Corporate Services,SHO,30.19,2021-06-17,2021-07-29,15.0,0.4,HCPC,Bank,Active,MH485243,2031-02-28,ZS932155,2029-09-27,2027-03-19,2021-07-08
EMP1015-20260914_000059,Heather,White,ofraser@example.com,1963-02-01,+441164960850,"Flat 3
Smith River
New Jacquelinestad
BB4 2UG",Male,Greenhaven Acute & Specialist Care NHS Trust,Mixed,Trinidad and Tobago,ILR,Medical,SHO,Surgery & Cancer,SHO,26.3,2020-11-01,2020-12-06,20.0,0.53,NMC,Bank,Suspended,TN721765,2027-03-12,DN037737,2027-10-07,2027-05-29,2020-11-22
EMP1016-20260914_000059,Graham,Stewart,geraldine76@example.net,2004-09-01,+44(0)131 4960442,"22 Brown Prairie
North Rachelfort
DL5P 3ZQ",Female,Valleyview Mental Wellness NHS Trust,Mixed,Jamaica,British Citizen,Medical,Consultant,Clinical Support Services,CONS,52.89,2025-08-16,2025-09-27,20.0,0.53,HCPC,Permanent,Suspended,UJ067687,2029-04-24,WX779551,2029-09-02,2026-12-31,2025-09-06
EMP1017-20260914_000059,Jade,Hill,rachel10@example.net,2007-02-18,+44131 4960846,"72 Lynn Inlet
West Gerald
EX9 9SE",Male,Riverside Integrated Care NHS Trust,Asian,Japan,ILR,Admin,Medical Secretary,Medicine & Acute Care,4,19.37,2023-04-06,2023-05-11,20.0,0.53,NMC,Fixed Term,Active,NW283699,2029-06-07,GI581028,2029-11-13,2027-01-24,2023-04-27
EMP1018-20260914_000059,Steven,Sharp,hlee@example.com,1965-04-09,(0113)4960395,"78 Annette Parkways
North Fionafort
B5 4HG",Female,Westmere Community Health NHS Trust,White,Australia,Skilled Worker,Medical,GP,Critical Care & Anaesthesia,GP,49.39,2022-01-18,2022-02-22,37.5,1.0,NMC,Fixed Term,Active,SA068161,2028-02-27,BO840452,2028-12-31,2026-11-15,2022-02-08
EMP1019-20260914_000059,Cameron,Lawrence,websterashley@example.com,1977-07-24,028 9018 0759,"Flat 2
Wells Station
Ashleighshire
EC5R 5BH",Female,Meadowbrook Community Health NHS Trust,White,Canada,Skilled Worker,Medical,Consultant,Corporate Services,CONS,63.99,2026-02-08,2026-03-22,18.75,0.5,NMC,Fixed Term,Active,SI833893,2028-08-31,KW851458,2028-01-08,2027-04-27,2026-03-01
EMP1020-20260914_000059,David,Burton,leonardamelia@example.net,1978-12-26,01632 960158,"Studio 08
Jordan Wall
New Richard
PL3R 7PU",Female,Eastmoor Teaching Hospitals NHS Trust,Black,Kenya,Skilled Worker,Medical,Consultant,Emergency & Urgent Care,CONS,62.26,2018-07-26,2018-09-06,15.0,0.4,HCPC,Bank,Active,NH478530,2028-03-01,DI006778,2028-03-13,2027-08-18,2018-08-16
EMP1021-20260914_000059,Sharon,Pugh,connorwilkinson@example.org,1968-10-17,+44(0)808 1570857,"617 Tom Knolls
North Carl
L25 9NJ",Female,Bluewater Community & Rehabilitation NHS Trust,Asian,China,Skilled Worker,Nursing,Healthcare Assistant,Clinical Support Services,2,13.82,2017-03-09,2017-04-06,20.0,0.53,NMC,Bank,Suspended,RC660327,2027-06-25,JB333587,2029-05-11,2026-10-31,2017-03-30
EMP1022-20260914_000059,Olivia,Singh,cblack@example.net,1994-12-12,+441154960739,"035 Walker Meadow
Nashchester
OX2 9PJ",Male,Lakeside District Hospitals NHS Trust,Mixed,India,Skilled Worker,Medical,FY1/FY2,Corporate Services,FY1,19.54,2023-10-05,2023-11-02,15.0,0.4,None,Fixed Term,Inactive,GL444870,2026-12-01,FP068439,2028-01-06,2027-01-12,2023-10-26
EMP1023-20260914_000059,Marcus,Dunn,herbertannette@example.net,1990-08-28,(0116) 4960522,"55 Guy Spring
Philiptown
B1 6NR",Male,Meadowbrook Community Health NHS Trust,Asian,Japan,ILR,Medical,Registrar,Corporate Services,SPR,37.3,2022-08-03,2022-08-31,20.0,0.53,GMC,Bank,Inactive,PU765165,2028-04-05,LJ332485,2027-03-09,2027-03-03,2022-08-24
EMP1024-20260914_000059,Frances,Rogers,elliot76@example.com,1986-08-03,+44(0)1184960510,"05 Moss Track
Pearsonland
CH37 1QY",Female,Lakeside District Hospitals NHS Trust,White,Canada,ILR,AHP,Radiographer,Corporate Services,6,26.87,2019-08-16,2019-09-27,37.5,1.0,GMC,Fixed Term,Suspended,ML813539,2031-07-14,SD791563,2028-05-24,2027-02-19,2019-09-06
EMP1025-20260914_000059,Matthew,Green,jacksonmichelle@example.com,1997-09-12,+44(0)116 496 0896,"96 Herbert Mountains
Donnafurt
L82 3ZW",Male,Valleyview Mental Wellness NHS Trust,Asian,Thailand,British Citizen,Nursing,Healthcare Assistant,Surgery & Cancer,2,14.07,2016-11-18,2016-12-30,20.0,0.53,HCPC,Fixed Term,On Leave,NN478105,2030-12-10,TG467439,2029-03-09,2027-05-01,2016-12-09
EMP1026-20260914_000059,Anne,Dale,smithbrett@example.net,2006-11-11,0118 4960210,"Studio 8
Roberts Gardens
Rossstad
N83 5JS",Female,Greenhaven Acute & Specialist Care NHS Trust,Asian,China,Skilled Worker,Medical,SHO,Emergency & Urgent Care,SHO,28.84,2026-08-08,2026-09-05,30.0,0.8,HCPC,Fixed Term,Suspended,VQ340586,2030-04-07,VU704259,2028-01-15,2026-12-31,2026-08-29
EMP1027-20260914_000059,Douglas,Bennett,colemanpaula@example.org,1993-09-18,+44(0)20 74960120,"Studio 7
Clayton Trail
Dianaville
NR6 8SU",Male,Lakeside District Hospitals NHS Trust,Black,Jamaica,Skilled Worker,Nursing,Staff Nurse,Critical Care & Anaesthesia,5,20.11,2026-04-18,2026-05-16,30.0,0.8,HCPC,Fixed Term,Active,LT615493,2028-09-15,VJ459464,2029-03-03,2026-11-11,2026-05-09
EMP1028-20260914_000059,Pauline,Potter,kporter@example.com,1966-11-04,+44(0)151 4960227,"638 Aimee Mall
North Ross
N1 5NJ",Male,Horizon Integrated Health Partnership NHS Trust,White,Canada,ILR,Nursing,Charge Nurse,Medicine & Acute Care,7,27.28,2022-09-24,2022-10-22,18.75,0.5,None,Permanent,Active,LJ049887,2030-10-25,TI252972,2028-05-26,2027-03-08,2022-10-15
EMP1029-20260914_000059,Deborah,Evans,taylorkim@example.net,1993-05-29,028 9018959,"88 Turner Pike
Valeriebury
G7 9LB",Male,Greenhaven Acute & Specialist Care NHS Trust,White,United Kingdom,Skilled Worker,Nursing,Senior Staff Nurse,Clinical Support Services,6,27.98,2024-08-08,2024-09-19,18.75,0.5,HCPC,Bank,Inactive,KV963834,2030-06-01,YY461940,2030-11-18,2027-02-06,2024-08-29
EMP1030-20260914_000059,Jason,Potter,bethanbennett@example.com,1990-05-25,+44(0)121 496 0116,"Studio 63k
Jenkins Fields
New Lydia
SN4P 0BX",Female,Southgate Community & Mental Health NHS Trust,Mixed,Jamaica,British Citizen,Nursing,Nursery Nurse,Medicine & Acute Care,2,13.52,2026-06-06,2026-07-18,37.5,1.0,None,Bank,Active,IY397130,2029-04-14,YS981062,2029-09-22,2027-03-07,2026-06-27
EMP1031-20260914_000059,Lorraine,Brown,bhurst@example.com,2005-02-04,029 2018 0994,"9 Gray Mount
Gardinermouth
TD28 0SA",Female,Riverside Integrated Care NHS Trust,White,New Zealand,Skilled Worker,Medical,Consultant,Emergency & Urgent Care,CONS,65.44,2023-08-29,2023-09-26,30.0,0.8,NMC,Permanent,Inactive,AC443808,2026-10-26,WA603361,2030-04-17,2027-02-07,2023-09-19
EMP1032-20260914_000059,Dominic,Hunter,hazelshort@example.org,1984-02-05,01314960935,"41 Josephine Place
Alanmouth
HX6 4WN",Female,Southgate Community & Mental Health NHS Trust,White,Canada,ILR,Admin,Administrator,Surgery & Cancer,3,13.41,2025-11-23,2026-01-04,15.0,0.4,NMC,Permanent,On Leave,XU029816,2031-08-21,ZE472459,2026-10-11,2027-06-17,2025-12-14
EMP1033-20260914_000059,Nigel,Lee,stanleymohammed@example.net,1978-06-10,(0118) 496 0692,"9 Lesley Rapid
Gracetown
HP71 7YN",Male,Northwood Mental Health NHS Trust,Asian,China,Dependent,Medical,FY1/FY2,Surgery & Cancer,FY1,19.08,2016-11-14,2016-12-26,15.0,0.4,NMC,Fixed Term,Suspended,WA922436,2031-01-21,WK800008,2031-03-23,2027-01-10,2016-12-05
EMP1034-20260914_000059,Pamela,O'Sullivan,marshallchloe@example.org,2005-01-26,0191 498 0985,"52 Dobson Ports
North Elizabeth
AL41 2GW",Male,Greenhaven Acute & Specialist Care NHS Trust,White,Australia,Skilled Worker,Nursing,Staff Nurse,Emergency & Urgent Care,5,19.57,2022-01-11,2022-02-08,15.0,0.4,HCPC,Fixed Term,Active,ON733690,2028-04-18,CW217756,2026-09-21,2027-01-02,2022-02-01
EMP1035-20260914_000059,Sam,Bennett,lawrence35@example.com,1970-12-02,020 74960346,"Flat 8
Kim Garden
New Richardport
RH8 4LG",Male,Bluewater Community & Rehabilitation NHS Trust,Mixed,South Africa,Dependent,Nursing,Charge Nurse,Emergency & Urgent Care,7,32.06,2017-03-06,2017-04-17,37.5,1.0,HCPC,Bank,Active,XL320345,2030-04-05,HI744263,2028-07-24,2027-04-15,2017-03-27
EMP1036-20260914_000059,Megan,Davis,natalie06@example.org,1987-07-27,+44(0)1134960717,"807 McKenzie Cape
North Graemechester
WF86 4UH",Male,Broadfield Clinical Services NHS Trust,Mixed,China,Skilled Worker,Medical,Consultant,Emergency & Urgent Care,CONS,70.21,2023-08-17,2023-09-21,20.0,0.53,None,Fixed Term,Inactive,PA070776,2028-04-01,FF087298,2028-12-22,2026-12-05,2023-09-07
EMP1037-20260914_000059,Suzanne,Saunders,fcook@example.com,2004-11-21,0116 4960502,"Flat 49M
Lynn Park
East Edwardside
PE44 2TA",Female,Southgate Community & Mental Health NHS Trust,Mixed,Canada,ILR,Admin,Receptionist,Surgery & Cancer,3,14.54,2021-11-12,2021-12-17,37.5,1.0,None,Permanent,On Leave,XO392380,2028-10-17,ZM117160,2028-12-03,2027-04-29,2021-12-03
EMP1038-20260914_000059,Philip,Morgan,pking@example.com,2007-05-06,+44(0)8081570260,"Studio 59X
Walker Stravenue
North Damien
G16 8QS",Female,Meadowbrook Community Health NHS Trust,White,New Zealand,British Citizen,Medical,SHO,Surgery & Cancer,SHO,30.59,2017-03-05,2017-04-16,30.0,0.8,GMC,Permanent,Active,SR336651,2029-10-21,CM597216,2028-04-05,2026-10-14,2017-03-26
EMP1039-20260914_000059,Paul,Phillips,eileen74@example.org,1979-02-21,(0161) 496 0565,"Flat 9
Aaron Grove
Jacksonborough
E5 2JB",Female,Eastmoor Teaching Hospitals NHS Trust,Black,South Africa,Skilled Worker,AHP,Physiologist,Surgery & Cancer,6,25.42,2021-11-18,2021-12-16,20.0,0.53,HCPC,Fixed Term,Active,LX428258,2030-01-02,HK564465,2031-01-30,2027-04-27,2021-12-09
EMP1040-20260914_000059,Katy,Austin,wadefrancesca@example.net,1980-09-05,(029)2018744,"Flat 06
Kyle Pike
South Jasmine
KW5 9RG",Male,Oakridge Community Services NHS Trust,Mixed,Kenya,Dependent,Nursing,Ward Manager,Emergency & Urgent Care,8A,28.36,2025-04-01,2025-05-06,30.0,0.8,HCPC,Permanent,Active,AO941511,2027-07-26,TL213718,2029-04-09,2026-12-05,2025-04-22
EMP1041-20260914_000059,Paige,Murphy,barrykathryn@example.com,1993-10-17,+441914960579,"5 Toby Harbor
Michaelborough
M5D 9PY",Female,Meadowbrook Community Health NHS Trust,Asian,China,Dependent,AHP,Physiotherapist,Medicine & Acute Care,6,26.27,2017-02-22,2017-04-05,30.0,0.8,None,Fixed Term,Suspended,EC507876,2031-06-05,AV139222,2029-11-23,2027-01-12,2017-03-15
EMP1042-20260914_000059,Dorothy,James,valerie21@example.com,1981-06-02,+44117 496 0965,"Flat 09q
Sutton Meadow
Hannahmouth
N0 6NG",Female,Riverbank General Hospitals NHS Trust,White,New Zealand,Dependent,Medical,Consultant,Women & Children,CONS,68.23,2017-01-30,2017-03-06,37.5,1.0,NMC,Fixed Term,On Leave,RG547201,2027-01-30,DQ576876,2029-08-10,2027-06-08,2017-02-20
EMP1043-20260914_000059,Terry,Hughes,shaun19@example.org,1992-06-30,(01632) 960 662,"Studio 8
Wood Heights
Parkinsonville
HA56 1FX",Female,Eastfield Psychological Services NHS Trust,White,New Zealand,Skilled Worker,Medical,Registrar,Emergency & Urgent Care,SPR,40.05,2017-04-28,2017-06-02,20.0,0.53,HCPC,Permanent,Suspended,TU482859,2030-08-12,PJ047315,2031-01-04,2027-01-07,2017-05-19
EMP1044-20260914_000059,Brett,Fisher,thomasbenson@example.net,1990-10-03,+441614960323,"5 Samantha Lights
Darrenchester
N7J 8RR",Female,Eastfield Psychological Services NHS Trust,Asian,China,ILR,Medical,Consultant,Clinical Support Services,CONS,66.41,2026-08-02,2026-08-30,15.0,0.4,None,Bank,Suspended,YV322806,2030-11-24,QF658725,2030-10-04,2027-01-12,2026-08-23
EMP1045-20260914_000059,Jamie,Dean,ebull@example.com,2004-08-25,+44(0)808 1570230,"Studio 29M
Collins Skyway
Lynnestad
TF92 0ZW",Female,Broadfield Clinical Services NHS Trust,Mixed,Nigeria,ILR,Admin,Data Analyst,Corporate Services,8A,30.6,2018-06-23,2018-08-04,18.75,0.5,NMC,Permanent,Active,QO275094,2027-11-20,HD159420,2029-10-28,2026-10-31,2018-07-14
EMP1046-20260914_000059,Rosemary,Smith,newtoncarolyn@example.com,1973-01-12,+44191 496 0466,"636 Clark Passage
Port Leslieport
G7 4FN",Female,Broadfield Clinical Services NHS Trust,Asian,Thailand,Dependent,Admin,Medical Secretary,Corporate Services,4,15.88,2018-08-31,2018-09-28,15.0,0.4,None,Fixed Term,Active,WY620709,2030-12-12,IG744119,2030-12-28,2026-10-05,2018-09-21
EMP1047-20260914_000059,Ross,Smart,matthewchapman@example.com,2008-04-01,0118 496 0190,"2 Nigel Dale
Port Joe
PO03 5TJ",Female,Westmere Community Health NHS Trust,Black,Trinidad and Tobago,Dependent,Admin,Administrator,Women & Children,3,15.98,2021-12-22,2022-01-26,18.75,0.5,NMC,Bank,Suspended,MI070871,2030-10-23,QV105315,2029-04-24,2026-10-04,2022-01-12
EMP1048-20260914_000059,Marian,Johnson,nsmith@example.org,1984-10-18,(0117) 4960079,"Flat 2
Pritchard Stream
Geraldineside
PO00 4HH",Female,Oakridge Community Services NHS Trust,Black,Trinidad and Tobago,ILR,Admin,Administrator,Critical Care & Anaesthesia,3,14.76,2020-08-01,2020-08-29,15.0,0.4,None,Bank,Suspended,JK044861,2028-08-18,VX065015,2026-12-16,2027-07-27,2020-08-22
EMP1049-20260914_000059,Lee,Gallagher,joanna77@example.org,1964-04-27,+44(0)8081570432,"Flat 42
Sykes Hollow
Port Julieland
B31 3UG",Female,Westborough Acute Care NHS Trust,Mixed,New Zealand,Skilled Worker,AHP,Pharmacist,Critical Care & Anaesthesia,5,19.2,2025-03-07,2025-04-04,20.0,0.53,GMC,Permanent,Suspended,LZ397221,2031-01-30,GM787558,2030-04-18,2026-11-04,2025-03-28
EMP1050-20260914_000059,Duncan,Marshall,teresabell@example.com,1972-02-21,0909 8790032,"5 White Fork
Readside
HG9 4TW",Male,Horizon Integrated Health Partnership NHS Trust,Mixed,Japan,Skilled Worker,Nursing,Nursery Nurse,Corporate Services,2,13.72,2022-02-12,2022-03-12,20.0,0.53,GMC,Bank,Inactive,NG915838,2026-11-16,VV840754,2027-06-20,2027-03-23,2022-03-05
EMP1051-20260914_000059,Lawrence,Stone,franciscallum@example.org,1990-07-13,+44114 496 0017,"21 Andrew Forges
North Jacobfort
L1 5NN",Female,Eastmoor Teaching Hospitals NHS Trust,White,United Kingdom,Skilled Worker,AHP,Physiologist,Surgery & Cancer,6,27.52,2023-04-22,2023-06-03,20.0,0.53,None,Permanent,Suspended,WQ513078,2030-08-29,UI232594,2028-08-04,2026-12-19,2023-05-13
EMP1052-20260914_000059,Gerard,Young,chicks@example.org,1972-06-19,+44191 496 0472,"Studio 48w
Victoria Oval
Lake Victorchester
SS3 9UG",Female,Lakeside District Hospitals NHS Trust,Black,Trinidad and Tobago,Dependent,Nursing,Charge Nurse,Women & Children,7,31.92,2021-11-25,2021-12-23,18.75,0.5,HCPC,Fixed Term,Inactive,WE313162,2029-05-08,DN448435,2029-03-29,2027-06-30,2021-12-16
EMP1053-20260914_000059,Stewart,Allen,conorharding@example.com,2000-12-27,+441632 960 513,"Studio 7
Charlotte Ports
East Jessicastad
E3B 9XF",Male,Westmere Community Health NHS Trust,Black,Barbados,British Citizen,Admin,Receptionist,Medicine & Acute Care,3,14.62,2023-12-03,2024-01-14,18.75,0.5,NMC,Fixed Term,On Leave,ZU187362,2029-03-28,JG790260,2027-04-15,2027-01-02,2023-12-24
EMP1054-20260914_000059,Bruce,Wilson,edward42@example.org,1971-06-15,+4429 2018 0277,"3 Sandra Manor
Aaronfurt
M11 2TS",Male,Westborough Acute Care NHS Trust,Mixed,Thailand,Skilled Worker,Nursing,Charge Nurse,Corporate Services,7,28.43,2019-03-25,2019-05-06,20.0,0.53,None,Bank,Inactive,WZ645342,2028-01-18,IB309307,2027-12-30,2027-07-20,2019-04-15
EMP1055-20260914_000059,Neil,Hammond,benjaminriley@example.com,1966-01-28,+44(0)1514960185,"Studio 2
Sylvia Track
West Staceystad
E7 2HT",Male,Northshire University Hospitals NHS Trust,Asian,China,British Citizen,AHP,Radiographer,Critical Care & Anaesthesia,6,23.55,2026-05-24,2026-06-21,18.75,0.5,HCPC,Fixed Term,On Leave,BE605407,2030-07-20,DB475670,2026-12-09,2027-04-24,2026-06-14
EMP1056-20260914_000059,Rhys,Cooke,kevinallen@example.org,2002-07-19,+44(0)808 1570616,"Studio 1
Adrian Ways
Emmashire
L6 1HQ",Male,Eastfield Psychological Services NHS Trust,Asian,Japan,Skilled Worker,Admin,Receptionist,Surgery & Cancer,3,14.37,2021-03-15,2021-04-26,20.0,0.53,HCPC,Permanent,On Leave,OE221056,2027-08-09,JT471235,2029-09-20,2026-12-13,2021-04-05
EMP1057-20260914_000059,Susan,James,sowen@example.com,1996-03-28,0808 157 0954,"0 Bradley Summit
North Royfort
NE8 8WY",Male,Bluewater Community & Rehabilitation NHS Trust,White,New Zealand,Dependent,Medical,Registrar,Corporate Services,SPR,40.5,2022-12-02,2022-12-30,20.0,0.53,HCPC,Bank,Inactive,PP994954,2030-12-11,PL628144,2029-01-20,2027-09-09,2022-12-23
EMP1058-20260914_000059,Ben,Barlow,rflynn@example.net,1972-12-13,+44306 9990886,"29 Bartlett Shoals
Lake Jay
IG4 9TJ",Female,Oakridge Community Services NHS Trust,Asian,Japan,ILR,Admin,Data Analyst,Emergency & Urgent Care,8A,29.66,2021-05-15,2021-06-19,18.75,0.5,GMC,Fixed Term,Inactive,SB973777,2028-02-24,MP281798,2030-10-27,2026-10-20,2021-06-05
EMP1059-20260914_000059,Charles,Andrews,heather97@example.com,1982-12-25,+44(0)191 496 0434,"38 Joseph Stravenue
West Alexander
WF6 8ZP",Male,Riverside Integrated Care NHS Trust,White,Australia,ILR,Nursing,Charge Nurse,Critical Care & Anaesthesia,7,31.12,2021-11-10,2021-12-22,20.0,0.53,None,Bank,Suspended,DM764382,2030-12-17,KK157937,2031-07-04,2027-01-13,2021-12-01
EMP1060-20260914_000059,June,Holmes,potteredward@example.org,2004-08-12,+44(0)20 7496 0650,"73 Bolton Dale
Thomaston
ML9X 8GB",Female,Greenhaven Acute & Specialist Care NHS Trust,White,Canada,British Citizen,AHP,Physiotherapist,Critical Care & Anaesthesia,6,24.18,2023-08-29,2023-10-03,20.0,0.53,HCPC,Bank,Suspended,VY784533,2030-01-26,LD302719,2028-11-09,2027-08-04,2023-09-19
EMP1061-20260914_000059,Frances,Harris,mitchellsutton@example.net,1962-02-15,028 9018160,"873 Nicholas Lock
Lloydborough
N4H 6TX",Female,Horizon Integrated Health Partnership NHS Trust,Black,Jamaica,Skilled Worker,Nursing,Senior Staff Nurse,Emergency & Urgent Care,6,26.47,2017-07-18,2017-08-29,37.5,1.0,None,Fixed Term,Inactive,AU264770,2027-11-28,VG839171,2030-09-01,2027-03-15,2017-08-08
EMP1062-20260914_000059,Teresa,Rice,thompsonlynne@example.org,1969-01-09,+44(0)1614960647,"Flat 97
Rosie Union
West Paul
G7 7XW",Female,Oakridge Community Services NHS Trust,Mixed,China,ILR,Nursing,Senior Staff Nurse,Surgery & Cancer,6,25.96,2019-12-24,2020-01-28,20.0,0.53,HCPC,Bank,Inactive,KU434437,2030-07-22,NK134079,2028-09-01,2027-06-02,2020-01-14
EMP1063-20260914_000059,Lindsey,Fox,adaniels@example.com,1962-07-06,0808 157 0299,"7 Price Fork
West Jillside
TQ25 4GG",Female,Northwood Mental Health NHS Trust,White,Australia,ILR,AHP,Physiologist,Clinical Support Services,6,26.2,2016-12-10,2017-01-14,20.0,0.53,GMC,Bank,Active,XM901572,2027-03-04,UK217848,2031-07-24,2027-02-18,2016-12-31
EMP1064-20260914_000059,Tina,Ali,jeremy48@example.net,1996-04-04,0117 4960902,"387 Walters Groves
Dalebury
W57 1TP",Female,Northshire University Hospitals NHS Trust,Black,Barbados,ILR,Nursing,Charge Nurse,Women & Children,7,30.33,2016-11-21,2016-12-19,30.0,0.8,HCPC,Permanent,Inactive,XW863164,2031-09-02,NV915912,2029-09-15,2027-08-31,2016-12-12
EMP1065-20260914_000059,Ross,Saunders,kelly05@example.org,1997-03-24,(0114)4960724,"606 Paula Roads
Harveyville
SE78 9SS",Male,Northwood Mental Health NHS Trust,White,Australia,British Citizen,Medical,SHO,Corporate Services,SHO,24.22,2022-08-13,2022-09-17,20.0,0.53,GMC,Fixed Term,Inactive,KY218882,2028-12-14,CQ039232,2031-01-25,2027-04-05,2022-09-03
EMP1066-20260914_000059,Rachel,Ford,shawroy@example.com,1974-11-15,+44(0)28 9018 0965,"Studio 23
Wilkinson Shore
Clementston
PR9M 2HD",Female,Westmere Community Health NHS Trust,Black,Barbados,ILR,Nursing,Charge Nurse,Medicine & Acute Care,7,28.45,2017-09-15,2017-10-27,30.0,0.8,HCPC,Fixed Term,Suspended,WI548547,2027-03-22,RC718363,2029-11-06,2027-03-01,2017-10-06
EMP1067-20260914_000059,Tom,Turner,brenda83@example.net,1991-08-13,(0113) 4960335,"6 Wayne Field
Joneshaven
E4F 5DF",Female,Westmere Community Health NHS Trust,Black,Nigeria,Skilled Worker,Medical,FY1/FY2,Surgery & Cancer,FY1,20.76,2026-01-18,2026-02-22,18.75,0.5,NMC,Fixed Term,Suspended,NT490027,2030-11-30,LK007905,2026-09-23,2026-09-29,2026-02-08
EMP1068-20260914_000059,Kerry,McCarthy,albertpalmer@example.com,1998-06-09,0121 496 0258,"Studio 0
Danielle Union
Port Aimee
CA9 7JF",Female,Eastfield Psychological Services NHS Trust,Asian,Japan,Skilled Worker,AHP,Pharmacist,Corporate Services,5,19.19,2019-11-24,2020-01-05,20.0,0.53,NMC,Fixed Term,Inactive,ZH053017,2031-04-23,MZ793435,2028-05-16,2027-09-01,2019-12-15
EMP1069-20260914_000059,Gerard,Kelly,hughwright@example.net,1971-09-10,+44(0)118 496 0188,"64 Lydia Prairie
New Dorothychester
DA5X 6QL",Female,Hillcrest Medical Centres NHS Trust,Mixed,China,Dependent,Admin,Receptionist,Emergency & Urgent Care,3,13.96,2025-05-15,2025-06-19,37.5,1.0,None,Bank,On Leave,WU406790,2030-09-04,PY443431,2027-12-26,2026-11-17,2025-06-05
EMP1070-20260914_000059,Shane,Marshall,eevans@example.com,1989-03-16,+44(0)141 496 0210,"9 Megan Via
Taylortown
N3 3PY",Female,Eastfield Psychological Services NHS Trust,Black,Jamaica,Skilled Worker,AHP,Physiotherapist,Women & Children,6,26.27,2019-11-16,2019-12-28,37.5,1.0,None,Permanent,Inactive,FS087307,2030-07-27,KL774384,2031-02-14,2027-01-27,2019-12-07
EMP1071-20260914_000059,Dominic,Pearson,lewisjasmine@example.org,1965-08-17,(0141) 4960210,"438 Smith Trail
Wilsonland
BR59 4RF",Female,Horizon Integrated Health Partnership NHS Trust,Mixed,Japan,Skilled Worker,AHP,Physiologist,Women & Children,6,23.5,2019-04-19,2019-05-24,18.75,0.5,GMC,Bank,Active,XV908134,2029-04-08,EL009652,2030-06-22,2026-09-19,2019-05-10
EMP1072-20260914_000059,Charlene,Doherty,malcolmnash@example.org,1977-06-28,+44(0)115 496 0345,"Studio 76z
David Lake
Chapmanport
NP49 4HQ",Female,Bluewater Community & Rehabilitation NHS Trust,Black,Nigeria,ILR,Nursing,Senior Staff Nurse,Women & Children,6,22.61,2021-01-10,2021-02-14,20.0,0.53,GMC,Permanent,On Leave,AA910063,2027-05-28,ZP159499,2028-09-12,2027-02-27,2021-01-31
EMP1073-20260914_000059,Lindsey,Slater,bankskatherine@example.com,1990-05-29,(0808) 1570626,"Studio 28v
Joanne Shore
New Annettefurt
S6B 3LQ",Male,Meadowbrook Community Health NHS Trust,Black,South Africa,British Citizen,Nursing,Staff Nurse,Corporate Services,5,21.77,2021-05-30,2021-07-04,20.0,0.53,GMC,Fixed Term,Suspended,WM570823,2029-06-26,FV948778,2029-08-15,2026-11-16,2021-06-20
EMP1074-20260914_000059,Edward,Metcalfe,judith09@example.net,1994-06-21,+441632 960395,"91 Diane Ports
Daviesmouth
G4 9AE",Female,Meadowbrook Community Health NHS Trust,Mixed,Barbados,Skilled Worker,AHP,Physiologist,Emergency & Urgent Care,6,27.83,2024-07-21,2024-09-01,18.75,0.5,NMC,Permanent,Inactive,JQ402656,2029-07-13,ZR767702,2027-06-04,2027-04-09,2024-08-11
EMP1075-20260914_000059,Shannon,Walker,websteryvonne@example.org,1972-06-07,0292018914,"9 Sullivan Haven
Shirleyport
RH1W 2HX",Male,Eastfield Psychological Services NHS Trust,Asian,China,Skilled Worker,Nursing,Senior Staff Nurse,Corporate Services,6,26.36,2025-10-19,2025-11-23,18.75,0.5,NMC,Bank,Inactive,EW086666,2029-05-22,YS269720,2029-09-20,2026-12-26,2025-11-09
EMP1076-20260914_000059,Clifford,Jones,hannahmetcalfe@example.org,1979-01-07,0191 498 0335,"16 Reece Skyway
Joelchester
DY59 1TP",Female,Hillcrest Medical Centres NHS Trust,Mixed,Japan,Dependent,Nursing,Ward Manager,Emergency & Urgent Care,8A,35.12,2022-07-18,2022-08-22,37.5,1.0,GMC,Bank,Active,GT048592,2029-02-12,XK980824,2030-04-14,2027-06-06,2022-08-08
EMP1077-20260914_000059,Maureen,Jackson,halljanet@example.net,1985-09-25,+44(0)1514960386,"Studio 16w
Brown Viaduct
Clarkeburgh
SS7 2QN",Female,Valleyview Mental Wellness NHS Trust,Mixed,Barbados,Dependent,AHP,Radiographer,Critical Care & Anaesthesia,6,27.38,2020-11-22,2020-12-27,30.0,0.8,None,Permanent,Suspended,JY211956,2027-05-24,BS506390,2027-06-21,2027-07-09,2020-12-13
EMP1078-20260914_000059,Charlene,Davies,fevans@example.com,1996-01-19,0118 496 0488,"Flat 03
Mark Center
South Samantha
G4 4HB",Male,Southgate Community & Mental Health NHS Trust,White,New Zealand,Dependent,Admin,Receptionist,Critical Care & Anaesthesia,3,13.74,2023-07-15,2023-08-12,20.0,0.53,None,Bank,On Leave,SR612672,2027-01-17,ZO188493,2028-12-25,2027-05-10,2023-08-05
EMP1079-20260914_000059,Elizabeth,Baker,junelees@example.com,2006-11-05,(0808)1570999,"10 Russell Estate
East Stephaniestad
G1 5XU",Female,Westborough Acute Care NHS Trust,Black,Trinidad and Tobago,Skilled Worker,Admin,Data Analyst,Surgery & Cancer,8A,32.07,2020-10-05,2020-11-09,37.5,1.0,None,Bank,On Leave,KG706050,2028-03-14,IM087217,2027-09-12,2027-03-14,2020-10-26
EMP1080-20260914_000059,Elizabeth,Chambers,josh05@example.org,1974-09-17,0115 4960561,"8 Murray Courts
East Kelly
RH71 0ZL",Male,Northshire University Hospitals NHS Trust,Black,Nigeria,Skilled Worker,Medical,FY1/FY2,Corporate Services,FY1,19.93,2023-07-21,2023-08-25,20.0,0.53,HCPC,Permanent,Active,SI040893,2031-01-04,AP573645,2031-02-12,2027-06-19,2023-08-11
EMP1081-20260914_000059,Mary,Wells,keith30@example.com,1999-07-16,03069990214,"Flat 92P
Chelsea Coves
Mannview
AB1B 4RQ",Female,Meadowbrook Community Health NHS Trust,Asian,India,Skilled Worker,Medical,FY1/FY2,Critical Care & Anaesthesia,FY1,19.37,2019-11-06,2019-12-04,15.0,0.4,NMC,Fixed Term,Suspended,WV770966,2029-02-24,ZL617603,2031-07-05,2027-08-06,2019-11-27
EMP1082-20260914_000059,Thomas,Evans,mooreclive@example.net,1993-03-14,(0113) 4960311,"Studio 98W
Nicole Locks
South Kate
CB7 5DS",Male,Eastfield Psychological Services NHS Trust,White,United Kingdom,ILR,Medical,SHO,Emergency & Urgent Care,SHO,27.22,2020-07-09,2020-08-20,15.0,0.4,None,Fixed Term,On Leave,KQ616342,2031-06-26,BO298072,2027-01-05,2027-06-08,2020-07-30
EMP1083-20260914_000059,Clare,Foster,lauren38@example.net,1980-10-22,+44(0)1184960329,"Studio 90
Cooper Forge
West Garyborough
PR40 7QD",Male,Horizon Integrated Health Partnership NHS Trust,Black,Nigeria,Dependent,Nursing,Nursery Nurse,Critical Care & Anaesthesia,2,14.01,2024-06-30,2024-08-11,30.0,0.8,NMC,Fixed Term,Suspended,TX684047,2028-01-22,FI537847,2030-10-04,2027-04-01,2024-07-21
EMP1084-20260914_000059,June,Marshall,vaughantoby@example.org,1994-01-06,+4420 74960664,"8 Roberts Islands
Fosterburgh
TW09 5BR",Female,Meadowbrook Community Health NHS Trust,White,Australia,British Citizen,Medical,Registrar,Medicine & Acute Care,SPR,39.29,2025-06-03,2025-07-08,37.5,1.0,GMC,Bank,On Leave,LR456290,2028-12-19,IL979887,2031-06-11,2026-11-20,2025-06-24
EMP1085-20260914_000059,Geraldine,Richardson,josephine94@example.net,1998-03-31,+44161 496 0879,"79 Eileen Brook
Allanhaven
SW0A 6SU",Female,Broadfield Clinical Services NHS Trust,Mixed,Trinidad and Tobago,ILR,Nursing,Healthcare Assistant,Women & Children,2,14.02,2018-01-04,2018-02-01,30.0,0.8,HCPC,Permanent,Suspended,IR708814,2026-10-29,LW319134,2029-02-13,2027-04-18,2018-01-25
EMP1086-20260914_000059,Beth,Clarke,bevanhazel@example.net,1964-09-07,(0131)4960724,"Flat 30
Grace Lakes
Foxport
WV96 6YT",Female,Southgate Community & Mental Health NHS Trust,Mixed,New Zealand,Skilled Worker,Nursing,Charge Nurse,Emergency & Urgent Care,7,30.71,2019-05-12,2019-06-09,30.0,0.8,HCPC,Permanent,Active,WT911864,2026-11-14,RY687048,2027-09-19,2026-12-23,2019-06-02
EMP1087-20260914_000059,Joanne,Barber,lisamatthews@example.com,1979-09-12,(0116) 496 0995,"Studio 09F
Allen Islands
Taylormouth
HU79 6WJ",Female,Bluewater Community & Rehabilitation NHS Trust,Mixed,Ghana,ILR,Nursing,Healthcare Assistant,Medicine & Acute Care,2,13.98,2021-10-15,2021-11-12,15.0,0.4,None,Permanent,Inactive,SN064290,2028-07-06,VK580776,2031-05-24,2026-12-15,2021-11-05
EMP1088-20260914_000059,Max,Goodwin,danny01@example.org,1976-05-25,+44(0)1314960178,"001 Barrett Meadows
East Leanneland
PO7W 4ZA",Male,Midlands Central Hospitals NHS Trust,Black,Kenya,Skilled Worker,Nursing,Staff Nurse,Surgery & Cancer,5,21.61,2021-04-27,2021-06-08,18.75,0.5,NMC,Permanent,Suspended,FW103864,2028-12-28,CR567809,2026-10-07,2027-06-07,2021-05-18
EMP1089-20260914_000059,Rebecca,Barnes,declanshah@example.org,1966-01-02,+44114 496 0055,"55 Patel Light
West Cliveshire
KA3 2HS",Female,Northshire University Hospitals NHS Trust,Black,South Africa,British Citizen,Medical,Registrar,Women & Children,SPR,36.16,2017-11-06,2017-12-11,18.75,0.5,GMC,Fixed Term,On Leave,PL781040,2027-11-20,IA403951,2030-12-14,2027-07-17,2017-11-27
EMP1090-20260914_000059,Abbie,Hawkins,joanne86@example.net,1987-10-07,+44121 4960947,"Studio 2
Shaw Pine
Tobyport
CM9 4ZX",Female,Valleyview Mental Wellness NHS Trust,White,Australia,ILR,AHP,Physiologist,Clinical Support Services,6,22.76,2019-11-09,2019-12-07,30.0,0.8,NMC,Fixed Term,On Leave,TA803411,2027-01-27,RO154703,2029-04-28,2027-04-24,2019-11-30
EMP1091-20260914_000059,Jack,Kennedy,fphillips@example.org,1969-05-06,+44(0)8081570358,"6 Leanne Turnpike
New Robert
B04 8PZ",Male,Riverside Integrated Care NHS Trust,Black,Nigeria,Dependent,Admin,Receptionist,Corporate Services,3,14.43,2018-11-05,2018-12-17,37.5,1.0,None,Bank,On Leave,JM870181,2031-06-25,ND898510,2026-10-16,2027-03-10,2018-11-26
EMP1092-20260914_000059,Ashleigh,Stephenson,annette04@example.com,1979-04-27,+441184960901,"2 Lewis Unions
Naomiview
W07 2HE",Male,Northshire University Hospitals NHS Trust,White,United Kingdom,Dependent,Medical,SHO,Emergency & Urgent Care,SHO,26.98,2026-03-26,2026-04-23,18.75,0.5,None,Permanent,On Leave,WZ229260,2028-07-31,IE099894,2029-05-22,2027-06-09,2026-04-16
EMP1093-20260914_000059,Charlotte,James,drussell@example.org,1968-01-27,+44(0)131 4960938,"Studio 1
Hazel Parkways
McDonaldshire
N77 3RW",Male,Southvale Hospitals NHS Trust,Asian,Japan,British Citizen,Medical,SHO,Medicine & Acute Care,SHO,24.78,2022-01-31,2022-02-28,20.0,0.53,NMC,Fixed Term,Suspended,ZY948467,2029-10-02,JD445738,2027-04-23,2026-10-17,2022-02-21
EMP1094-20260914_000059,Martin,Edwards,lnorton@example.org,1971-12-26,(0116) 4960634,"249 Adrian Fall
Port Victor
BT38 8SB",Female,Horizon Integrated Health Partnership NHS Trust,Asian,Japan,British Citizen,Admin,Medical Secretary,Women & Children,4,17.81,2025-11-12,2025-12-17,37.5,1.0,None,Fixed Term,Inactive,BY261156,2028-04-12,JC273997,2028-08-14,2027-08-07,2025-12-03
EMP1095-20260914_000059,Donna,Wright,bduncan@example.org,1966-03-28,020 7946 0958,"6 Rachael Spring
Margaretstad
LS4P 2YN",Female,Riverbank General Hospitals NHS Trust,Asian,China,Dependent,Medical,FY1/FY2,Women & Children,FY1,19.38,2018-03-19,2018-04-16,30.0,0.8,HCPC,Permanent,Inactive,HG341054,2028-07-14,RZ978674,2027-09-24,2027-07-20,2018-04-09
EMP1096-20260914_000059,Clive,Roberts,bbarnes@example.com,1978-06-13,(0117) 496 0357,"Flat 2
Waters Orchard
Louisemouth
S8G 9AJ",Male,Riverbank General Hospitals NHS Trust,White,Australia,ILR,AHP,Radiographer,Emergency & Urgent Care,6,25.11,2019-04-21,2019-05-19,30.0,0.8,HCPC,Bank,On Leave,QA812923,2030-01-25,WT758203,2031-07-12,2026-10-10,2019-05-12
EMP1097-20260914_000059,Sean,Scott,antony25@example.org,2003-09-16,0306 9990209,"96 Clarke Mountains
North Amyview
IM18 7EX",Female,Oakridge Community Services NHS Trust,Black,Jamaica,Dependent,Medical,Consultant,Surgery & Cancer,CONS,71.02,2019-09-10,2019-10-08,37.5,1.0,GMC,Bank,Inactive,WR567957,2029-12-02,DA089097,2029-12-24,2026-11-18,2019-10-01
EMP1098-20260914_000059,Gordon,Rogers,murrayfrancesca@example.org,1979-06-26,(0113)4960492,"64 Tracy Plain
Begummouth
W8C 9XD",Male,Horizon Integrated Health Partnership NHS Trust,Asian,Thailand,Skilled Worker,AHP,Pharmacist,Corporate Services,5,21.91,2018-07-17,2018-08-14,37.5,1.0,None,Fixed Term,On Leave,LL813569,2027-04-29,CW430452,2029-11-20,2026-10-09,2018-08-07
EMP1099-20260914_000059,Jake,Field,james94@example.org,1971-02-12,+44808 157 0730,"15 Brandon Tunnel
North Dylanville
WF6Y 2RT",Female,Oakridge Community Services NHS Trust,Mixed,China,Skilled Worker,Admin,Receptionist,Critical Care & Anaesthesia,3,16.03,2018-08-04,2018-09-01,30.0,0.8,NMC,Permanent,Inactive,BI450993,2029-07-22,GX861882,2030-07-13,2026-10-17,2018-08-25
EMP1100-20260914_000059,Molly,Gardner,summerschristian@example.net,1980-05-16,+44808 157 0205,"163 Robin Dam
Evansstad
L4 5RN",Male,Midlands Central Hospitals NHS Trust,White,United States,Skilled Worker,Nursing,Healthcare Assistant,Women & Children,2,13.07,2018-06-30,2018-08-11,18.75,0.5,HCPC,Bank,Suspended,EI375014,2030-05-20,RF349196,2028-12-13,2027-05-26,2018-07-21
EMP1101-20260914_000059,Tracy,Smith,dianehughes@example.org,1972-09-15,+44117 4960341,"6 Shaw Drive
Normantown
W4E 7RU",Male,Northwood Mental Health NHS Trust,Mixed,India,Dependent,Admin,Data Analyst,Clinical Support Services,8A,31.16,2019-07-30,2019-08-27,37.5,1.0,None,Fixed Term,On Leave,BE356584,2026-11-03,FI294470,2028-11-28,2027-05-16,2019-08-20
EMP1102-20260914_000059,Paul,Singh,mschofield@example.org,1993-04-29,+44(0)289018799,"6 Smith Crescent
New Maria
FY05 1DL",Male,Broadfield Clinical Services NHS Trust,Black,Kenya,ILR,Medical,GP,Corporate Services,GP,58.6,2022-03-02,2022-04-13,15.0,0.4,None,Bank,Inactive,RM614684,2031-04-08,PE339753,2029-05-31,2027-05-08,2022-03-23
EMP1103-20260914_000059,Jack,Hunter,gwest@example.com,1964-05-03,0909 879 0185,"Flat 68
Philip Mission
Eleanorville
G80 2XY",Male,Southgate Community & Mental Health NHS Trust,Mixed,Jamaica,ILR,AHP,Speech Therapist,Medicine & Acute Care,6,25.66,2022-11-05,2022-12-03,37.5,1.0,None,Bank,On Leave,MP436510,2030-03-04,VA414542,2028-12-02,2027-03-26,2022-11-26
EMP1104-20260914_000059,Donna,Wilkinson,vmills@example.com,1963-10-08,+44117 4960009,"16 Bell Cape
Lake Jacquelineside
G75 1ZD",Male,Oakridge Community Services NHS Trust,Black,Jamaica,Dependent,Admin,Administrator,Medicine & Acute Care,3,15.27,2018-08-12,2018-09-16,18.75,0.5,GMC,Fixed Term,Suspended,JX270540,2028-09-28,US159580,2028-03-19,2027-01-19,2018-09-02
EMP1105-20260914_000059,Hazel,Walton,pmurphy@example.org,1983-08-27,+44161 4960689,"833 Thompson Tunnel
West Jackville
SE3 6LH",Male,Southvale Hospitals NHS Trust,Asian,India,ILR,Admin,Medical Secretary,Medicine & Acute Care,4,18.76,2021-05-20,2021-06-24,18.75,0.5,HCPC,Fixed Term,On Leave,RK814436,2026-12-23,IY331781,2027-07-10,2026-10-13,2021-06-10
EMP1106-20260914_000059,Bryan,Bishop,hwebb@example.com,1982-05-03,(0191) 496 0671,"021 Stephenson Road
Deniseberg
W7A 1FZ",Male,Broadfield Clinical Services NHS Trust,Asian,Japan,ILR,Nursing,Ward Manager,Emergency & Urgent Care,8A,33.69,2022-10-05,2022-11-02,30.0,0.8,None,Fixed Term,Suspended,NF281978,2028-07-18,VI644137,2030-10-15,2027-02-13,2022-10-26
EMP1107-20260914_000059,Amy,Wood,dgibson@example.net,1970-01-21,020 7946 0200,"95 Naylor Center
Port Cliveshire
ZE42 2XA",Male,Greenhaven Acute & Specialist Care NHS Trust,White,United States,British Citizen,Admin,Administrator,Women & Children,3,15.59,2017-05-07,2017-06-04,15.0,0.4,HCPC,Fixed Term,Suspended,IQ241262,2028-06-23,PN387300,2027-02-10,2027-04-27,2017-05-28
EMP1108-20260914_000059,Jennifer,Kaur,sandra11@example.net,2008-04-16,(0115) 496 0577,"Flat 67
Sian Falls
Julieland
DT3N 8EU",Male,Midlands Central Hospitals NHS Trust,Mixed,Thailand,British Citizen,Nursing,Nursery Nurse,Clinical Support Services,2,13.12,2025-08-17,2025-09-14,18.75,0.5,HCPC,Bank,Active,YF077306,2027-08-11,GB460304,2030-05-24,2027-08-14,2025-09-07
EMP1109-20260914_000059,Shirley,Cooper,cameron74@example.com,1970-08-20,0191 4960346,"Studio 39I
Sarah Groves
Nashport
N8 3HX",Female,Westmere Community Health NHS Trust,Black,South Africa,ILR,Medical,SHO,Clinical Support Services,SHO,25.92,2024-10-12,2024-11-23,20.0,0.53,HCPC,Permanent,Inactive,PC260552,2027-11-08,IY532617,2030-05-16,2027-04-23,2024-11-02
EMP1110-20260914_000059,Edward,Price,whall@example.org,1975-12-11,0306 9990600,"7 Aimee Course
Lake Leeport
BN0 6SZ",Female,Southvale Hospitals NHS Trust,White,New Zealand,Dependent,AHP,Physiologist,Medicine & Acute Care,6,26.82,2021-08-24,2021-09-21,15.0,0.4,None,Bank,Active,OW806076,2028-03-25,SG353559,2031-08-12,2026-11-17,2021-09-14
EMP1111-20260914_000059,Jake,Thornton,hcraig@example.com,1989-05-15,01632 960 138,"20 Leon Mission
East Terry
TS89 9EU",Female,Southvale Hospitals NHS Trust,White,United States,Skilled Worker,Admin,Administrator,Corporate Services,3,15.56,2018-03-10,2018-04-07,18.75,0.5,None,Bank,Active,SC711239,2028-10-06,ET433644,2028-05-17,2027-03-17,2018-03-31
EMP1112-20260914_000059,Jennifer,Jones,joseph30@example.com,2000-04-26,(0118) 496 0097,"Flat 4
Cooper Club
Port Lynn
M1C 5GN",Male,Broadfield Clinical Services NHS Trust,Mixed,India,ILR,Nursing,Charge Nurse,Corporate Services,7,27.41,2017-08-28,2017-10-02,37.5,1.0,HCPC,Permanent,On Leave,PZ493916,2030-01-28,ZB749814,2028-07-19,2026-11-25,2017-09-18
EMP1113-20260914_000059,Marcus,Sanders,glowe@example.com,1976-10-18,+44141 4960362,"09 Lees Fields
New Helen
L3U 5AB",Female,Eastmoor Teaching Hospitals NHS Trust,Asian,India,Dependent,AHP,Pharmacist,Clinical Support Services,5,20.8,2018-11-10,2018-12-15,37.5,1.0,GMC,Permanent,On Leave,DW749891,2031-04-10,NO184940,2030-12-14,2026-10-07,2018-12-01
EMP1114-20260914_000059,Jodie,Morton,wbarton@example.org,2004-12-15,(0151) 4960500,"Flat 87
Louis Mountain
Smithchester
NP7 2AF",Male,Southgate Community & Mental Health NHS Trust,White,United Kingdom,ILR,Admin,Data Analyst,Corporate Services,8A,30.84,2023-05-31,2023-06-28,18.75,0.5,HCPC,Bank,On Leave,NJ180149,2030-08-07,YS087783,2028-08-03,2027-06-28,2023-06-21
EMP1115-20260914_000059,Amber,Young,jeanmitchell@example.com,1989-04-03,(0808)1570694,"Studio 67
Murphy Cliff
Robinsonfurt
L6 7QQ",Female,Lakeside District Hospitals NHS Trust,Black,Barbados,Dependent,Medical,FY1/FY2,Critical Care & Anaesthesia,FY1,21.48,2017-04-19,2017-05-17,30.0,0.8,NMC,Fixed Term,Inactive,XW745184,2027-09-27,JG537016,2028-10-23,2026-12-30,2017-05-10
EMP1116-20260914_000059,Charlotte,Smith,june72@example.com,2003-12-06,(0306) 9990431,"Studio 12D
Kieran Plaza
Lynnborough
L61 9TR",Female,Westmere Community Health NHS Trust,Black,Barbados,ILR,Admin,Data Analyst,Clinical Support Services,8A,33.04,2019-02-02,2019-03-16,18.75,0.5,GMC,Permanent,Active,AT176727,2031-01-30,JV975020,2029-05-02,2027-08-26,2019-02-23
EMP1117-20260914_000059,Rosemary,Clarke,deancunningham@example.net,1982-12-28,+44116 496 0659,"7 Catherine Villages
Maureenhaven
L7 6AN",Male,Westborough Acute Care NHS Trust,Mixed,Barbados,Dependent,Admin,Data Analyst,Emergency & Urgent Care,8A,31.4,2025-07-07,2025-08-11,20.0,0.53,None,Bank,On Leave,IH111156,2030-11-24,GF626207,2026-10-01,2027-01-02,2025-07-28
EMP1118-20260914_000059,Gillian,Cox,russell68@example.org,1994-08-05,(028)9018608,"Flat 56
Ward Lane
Port Dianechester
W2B 6QG",Female,Meadowbrook Community Health NHS Trust,Black,Nigeria,British Citizen,Medical,Consultant,Medicine & Acute Care,CONS,62.93,2026-04-01,2026-05-13,37.5,1.0,GMC,Permanent,On Leave,TR727300,2030-10-11,VN009825,2027-06-14,2027-04-01,2026-04-22
EMP1119-20260914_000059,Kenneth,Swift,norman35@example.net,1963-04-08,029 2018 0269,"Studio 26
Kayleigh Mount
East Steven
G9 3BS",Male,Riverside Integrated Care NHS Trust,Mixed,United States,ILR,Medical,Registrar,Surgery & Cancer,SPR,36.04,2026-08-05,2026-09-02,15.0,0.4,NMC,Bank,Inactive,EP308861,2031-07-25,VQ064334,2029-05-26,2027-01-30,2026-08-26
EMP1120-20260914_000059,Neil,Hopkins,christopher44@example.com,1979-10-15,(01632) 960403,"Studio 02n
Billy Causeway
Foxfurt
B3 9YN",Female,Westborough Acute Care NHS Trust,White,New Zealand,ILR,Medical,GP,Medicine & Acute Care,GP,54.86,2024-08-07,2024-09-11,30.0,0.8,GMC,Permanent,On Leave,BW274014,2028-07-05,KY975688,2028-09-12,2027-07-29,2024-08-28
EMP1121-20260914_000059,Angela,Daly,carole27@example.net,1970-07-19,(0151)4960507,"4 Jonathan Meadows
Annfort
N8S 3EQ",Female,Greenhaven Acute & Specialist Care NHS Trust,Asian,India,ILR,Nursing,Ward Manager,Medicine & Acute Care,8A,29.86,2025-05-29,2025-07-10,20.0,0.53,HCPC,Fixed Term,Inactive,LY821305,2030-04-12,XC993450,2029-03-19,2026-12-10,2025-06-19
EMP1122-20260914_000059,Lydia,Moore,efoster@example.org,1970-01-25,01134960016,"Flat 1
Barton Ports
Clarkchester
W2 7PW",Female,Riverbank General Hospitals NHS Trust,Asian,Thailand,Dependent,Admin,Administrator,Corporate Services,3,14.3,2023-01-27,2023-02-24,30.0,0.8,GMC,Fixed Term,On Leave,CD788432,2030-06-08,WJ481419,2028-02-10,2027-05-04,2023-02-17
EMP1123-20260914_000059,Damien,Jordan,gareth06@example.com,1993-09-03,(029) 2018 0535,"045 Frances Ramp
New Leonardburgh
DD68 0TY",Female,Riverside Integrated Care NHS Trust,Asian,Japan,Dependent,Nursing,Healthcare Assistant,Emergency & Urgent Care,2,13.42,2022-07-31,2022-09-11,18.75,0.5,NMC,Fixed Term,On Leave,KH802455,2027-09-17,PP075063,2031-02-21,2027-01-07,2022-08-21
EMP1124-20260914_000059,Dale,Jackson,blakeamy@example.net,1981-06-15,+44(0)1174960292,"Flat 00
Josephine Ridge
North Mathew
B2F 4PY",Male,Oakridge Community Services NHS Trust,White,Australia,Dependent,AHP,Radiographer,Corporate Services,6,24.66,2017-05-04,2017-06-08,18.75,0.5,None,Fixed Term,Suspended,LU375522,2028-12-04,WZ334732,2031-08-03,2027-07-08,2017-05-25
EMP1125-20260914_000059,Amy,Freeman,jemma66@example.com,1965-07-24,(0306)9990635,"Flat 2
Donna Haven
Lake Suzannemouth
E4 6PL",Female,Northwood Mental Health NHS Trust,Mixed,United States,British Citizen,AHP,Pharmacist,Medicine & Acute Care,5,19.14,2023-05-25,2023-06-29,18.75,0.5,GMC,Bank,On Leave,GZ845545,2027-12-29,IB214456,2030-10-01,2027-08-29,2023-06-15
EMP1126-20260914_000059,Trevor,James,jade81@example.org,2007-08-13,+44(0)161 4960697,"21 Connor Locks
Gillianburgh
KY7 3PR",Male,Bluewater Community & Rehabilitation NHS Trust,Mixed,United Kingdom,Dependent,Medical,GP,Clinical Support Services,GP,53.49,2019-11-21,2020-01-02,15.0,0.4,GMC,Bank,Active,JE641083,2028-04-03,CP416999,2027-12-10,2027-01-19,2019-12-12
EMP1127-20260914_000059,Terence,Tyler,callum66@example.net,2001-03-09,0131 496 0364,"Studio 26F
Jane Dale
Terrychester
S8 3GD",Male,Broadfield Clinical Services NHS Trust,White,New Zealand,British Citizen,AHP,Pharmacist,Clinical Support Services,5,21.16,2017-09-10,2017-10-15,37.5,1.0,GMC,Permanent,On Leave,NK613360,2027-04-16,BR806547,2030-12-01,2026-11-25,2017-10-01
EMP1128-20260914_000059,Melanie,Morris,patrick91@example.com,1986-09-22,+44(0)292018925,"336 Adam Views
Port Linda
G2A 3DY",Male,Valleyview Mental Wellness NHS Trust,Black,Barbados,British Citizen,Admin,Receptionist,Women & Children,3,14.95,2018-04-21,2018-06-02,18.75,0.5,HCPC,Bank,Active,LN919811,2028-07-05,DI311208,2030-03-01,2027-07-18,2018-05-12
EMP1129-20260914_000059,Katie,Brooks,yburns@example.com,2000-02-11,+44808 157 0451,"Studio 1
Patricia Cliff
Patelton
LA7E 5QQ",Male,Bluewater Community & Rehabilitation NHS Trust,White,Australia,ILR,Admin,Receptionist,Corporate Services,3,15.72,2024-12-01,2025-01-05,20.0,0.53,NMC,Fixed Term,Active,FY347362,2031-06-17,AN509782,2030-05-22,2026-11-22,2024-12-22
EMP1130-20260914_000059,Norman,Rees,owenlisa@example.org,1993-12-28,0808 157 0005,"Studio 5
Cooper Forest
West Graham
E2 7ZE",Male,Greenhaven Acute & Specialist Care NHS Trust,Mixed,United States,Dependent,Nursing,Staff Nurse,Medicine & Acute Care,5,19.19,2024-03-26,2024-04-30,15.0,0.4,HCPC,Bank,Inactive,QG208266,2029-01-22,GL865560,2030-05-11,2027-02-05,2024-04-16
EMP1131-20260914_000059,Antony,Dale,fosterelaine@example.org,1993-04-29,+44(0)161 4960556,"Flat 65l
Graeme Terrace
Hayleystad
LU4V 0YN",Male,Eastmoor Teaching Hospitals NHS Trust,Black,Nigeria,Skilled Worker,AHP,Speech Therapist,Medicine & Acute Care,6,26.4,2021-11-03,2021-12-01,20.0,0.53,GMC,Permanent,Suspended,AB941126,2029-08-28,RU652676,2027-01-12,2027-08-28,2021-11-24
EMP1132-20260914_000059,Lynn,Bartlett,newmananna@example.com,2001-12-20,029 2018235,"10 Atkins Route
North Jillstad
N7 3SW",Female,Broadfield Clinical Services NHS Trust,Black,Trinidad and Tobago,ILR,AHP,Physiologist,Critical Care & Anaesthesia,6,27.08,2017-01-04,2017-02-08,37.5,1.0,NMC,Permanent,Active,BJ201352,2029-03-20,NP694203,2028-04-05,2026-10-16,2017-01-25
EMP1133-20260914_000059,Nigel,Mills,lynnhussain@example.org,1997-11-08,+44(0)121 496 0612,"Studio 06E
Blake Forge
Lake Teresa
CB4E 3GY",Female,Westmere Community Health NHS Trust,White,United States,ILR,Admin,Data Analyst,Corporate Services,8A,31.05,2020-03-31,2020-04-28,20.0,0.53,GMC,Permanent,Suspended,VC801577,2029-03-20,XT349949,2029-12-08,2027-06-27,2020-04-21
EMP1134-20260914_000059,Justin,Lee,ncampbell@example.org,1977-04-12,028 9018191,"Studio 5
Eric River
Bryanhaven
M6 2PF",Female,Westborough Acute Care NHS Trust,Mixed,Nigeria,Dependent,Nursing,Nursery Nurse,Medicine & Acute Care,2,14.08,2023-04-08,2023-05-13,15.0,0.4,NMC,Fixed Term,Active,TU375919,2030-11-07,JD190404,2031-06-26,2026-12-07,2023-04-29
EMP1135-20260914_000059,Adam,Banks,smithbenjamin@example.com,1969-04-23,+44(0)1154960356,"Flat 64
Butcher Estate
East Barbara
B8H 1LL",Female,Riverbank General Hospitals NHS Trust,Black,Kenya,British Citizen,Nursing,Charge Nurse,Women & Children,7,31.93,2020-07-16,2020-08-20,30.0,0.8,GMC,Permanent,On Leave,DV554367,2030-09-19,BM825631,2029-11-22,2027-08-11,2020-08-06
EMP1136-20260914_000059,Wendy,Kaur,dennisbradley@example.com,1966-09-17,(0121)4960959,"0 Annette Spur
Khanfort
WF02 1RD",Male,Westmere Community Health NHS Trust,Black,Ghana,ILR,AHP,Radiographer,Surgery & Cancer,6,26.38,2026-01-26,2026-02-23,30.0,0.8,NMC,Bank,On Leave,KD396621,2029-10-27,RK019871,2029-03-30,2027-06-16,2026-02-16
EMP1137-20260914_000059,Kim,Marshall,colin42@example.net,1991-10-06,+44117 4960562,"Studio 0
Lucy Stravenue
West Leestad
M2F 6QD",Male,Oakridge Community Services NHS Trust,Asian,India,ILR,Admin,Administrator,Medicine & Acute Care,3,14.81,2025-01-22,2025-03-05,30.0,0.8,HCPC,Fixed Term,On Leave,YD769693,2029-08-08,JU122455,2027-03-16,2026-10-05,2025-02-12
EMP1138-20260914_000059,Gavin,Morris,wsheppard@example.com,1995-03-19,(0131) 4960534,"Flat 81
Dawn Fields
Wilkinsonstad
HD12 9XJ",Female,Hillcrest Medical Centres NHS Trust,Asian,India,Skilled Worker,AHP,Occupational Therapist,Clinical Support Services,6,22.66,2021-06-28,2021-07-26,15.0,0.4,NMC,Bank,Suspended,UC213085,2028-06-24,UY651447,2031-07-30,2027-04-23,2021-07-19
EMP1139-20260914_000059,Carl,Pearson,swood@example.org,1969-08-21,+44131 4960221,"08 Sara Hollow
Lake Joanneton
S41 2FH",Female,Horizon Integrated Health Partnership NHS Trust,Asian,China,ILR,Nursing,Nursery Nurse,Clinical Support Services,2,13.95,2020-01-14,2020-02-25,18.75,0.5,NMC,Permanent,Suspended,CG814683,2028-02-06,US442064,2027-11-11,2026-09-28,2020-02-04
EMP1140-20260914_000059,Stacey,Spencer,connor11@example.org,1977-11-26,0141 4960528,"Studio 90m
Jessica Highway
Wallisstad
L0 3TF",Female,Northshire University Hospitals NHS Trust,Mixed,China,Skilled Worker,Nursing,Ward Manager,Clinical Support Services,8A,34.42,2026-06-16,2026-07-14,18.75,0.5,HCPC,Fixed Term,Inactive,XK023768,2027-09-23,ON719840,2027-07-03,2026-11-10,2026-07-07
EMP1141-20260914_000059,Sian,James,bbooth@example.org,1971-04-15,+4420 7496 0550,"Studio 01
Peter Manor
Port Rossfurt
L1E 2HR",Female,Lakeside District Hospitals NHS Trust,Asian,Thailand,Skilled Worker,AHP,Radiographer,Critical Care & Anaesthesia,6,25.55,2022-12-11,2023-01-22,30.0,0.8,NMC,Permanent,Inactive,AR374727,2031-06-20,ID070981,2028-04-06,2027-06-05,2023-01-01
EMP1142-20260914_000059,Eleanor,Bradshaw,ecox@example.com,1977-01-30,01414960852,"Flat 13s
Hopkins Harbor
East Eleanor
M8 7TJ",Female,Horizon Integrated Health Partnership NHS Trust,Black,Barbados,ILR,Nursing,Staff Nurse,Emergency & Urgent Care,5,21.0,2022-08-20,2022-09-17,15.0,0.4,HCPC,Permanent,Inactive,PS137855,2027-11-14,CB201679,2026-11-03,2027-08-14,2022-09-10
EMP1143-20260914_000059,Kathryn,Knowles,julia43@example.net,1980-04-12,+4428 9018327,"Flat 39
Clayton Canyon
South Duncanshire
M0 2WQ",Male,Broadfield Clinical Services NHS Trust,White,United States,Dependent,Medical,SHO,Medicine & Acute Care,SHO,24.15,2026-01-29,2026-03-12,15.0,0.4,HCPC,Permanent,Suspended,TS150878,2031-07-07,XA164284,2030-01-20,2027-09-04,2026-02-19
EMP1144-20260914_000059,Keith,O'Neill,carolthompson@example.net,1989-05-14,(0115)4960808,"Studio 04
Claire Forge
Stewartshire
EX9 9HW",Female,Midlands Central Hospitals NHS Trust,White,Canada,Skilled Worker,Nursing,Healthcare Assistant,Corporate Services,2,12.53,2022-11-11,2022-12-16,18.75,0.5,NMC,Bank,Inactive,UX254331,2030-01-27,XZ030524,2030-07-01,2027-02-20,2022-12-02
EMP1145-20260914_000059,Nicola,Smith,emurphy@example.net,2007-10-23,+44(0)131 496 0262,"Studio 7
Johnson Canyon
Campbellhaven
SW2V 7FH",Male,Northwood Mental Health NHS Trust,Asian,Japan,Skilled Worker,AHP,Occupational Therapist,Critical Care & Anaesthesia,6,24.73,2022-06-10,2022-07-08,30.0,0.8,HCPC,Permanent,Active,RC690411,2027-12-23,XF916590,2028-05-03,2027-04-16,2022-07-01
EMP1146-20260914_000059,Guy,Thompson,colemanmitchell@example.net,1974-02-22,+44(0)28 9018 0377,"Flat 26v
Taylor Island
Perkinsfurt
PA30 5TX",Female,Greenhaven Acute & Specialist Care NHS Trust,Mixed,Thailand,ILR,Admin,Data Analyst,Emergency & Urgent Care,8A,29.12,2022-07-20,2022-08-17,37.5,1.0,None,Bank,Active,OY232099,2028-02-24,FP827150,2031-01-11,2027-08-14,2022-08-10
EMP1147-20260914_000059,Bruce,Crawford,icooper@example.net,1991-01-10,0306 9990739,"Studio 53W
Chandler Land
Paulport
N9F 0XN",Male,Southgate Community & Mental Health NHS Trust,Mixed,Japan,ILR,Medical,GP,Emergency & Urgent Care,GP,57.26,2024-01-22,2024-03-04,30.0,0.8,GMC,Fixed Term,Active,PJ651104,2029-02-14,UQ050066,2026-12-19,2026-12-12,2024-02-12
EMP1148-20260914_000059,Christopher,Ward,dawn76@example.org,1971-09-10,+44115 4960980,"Flat 06x
Abdul Forks
Leonland
HS3 1FX",Female,Riverbank General Hospitals NHS Trust,Black,Nigeria,Skilled Worker,Nursing,Nursery Nurse,Emergency & Urgent Care,2,14.32,2020-03-04,2020-04-15,37.5,1.0,GMC,Permanent,Suspended,EI660439,2030-05-23,PN374647,2028-08-16,2027-02-03,2020-03-25
EMP1149-20260914_000059,Wendy,Hart,georgejackson@example.com,1987-06-18,01214960505,"77 Clark Circles
South Hughmouth
S3F 6PE",Male,Westborough Acute Care NHS Trust,Asian,Thailand,British Citizen,Medical,SHO,Emergency & Urgent Care,SHO,29.06,2019-04-28,2019-06-09,30.0,0.8,GMC,Fixed Term,Inactive,GU253116,2030-01-30,MS757521,2031-05-27,2027-02-07,2019-05-19
EMP1150-20260914_000059,Sandra,Curtis,qmills@example.org,1975-12-30,+44121 496 0983,"110 Karl Walk
Port Cameron
N4B 8HB",Female,Northwood Mental Health NHS Trust,Asian,Thailand,Dependent,AHP,Occupational Therapist,Surgery & Cancer,6,27.74,2025-04-14,2025-05-12,18.75,0.5,None,Permanent,On Leave,AT305875,2027-08-30,IP635865,2030-09-17,2027-05-30,2025-05-05
EMP1151-20260914_000059,Samuel,Flynn,elliottvincent@example.org,1969-12-14,+44808 1570018,"05 Raymond Isle
Sylvialand
L7 3TY",Female,Westmere Community Health NHS Trust,White,New Zealand,Skilled Worker,Admin,Administrator,Medicine & Acute Care,3,14.81,2023-04-05,2023-05-17,15.0,0.4,GMC,Fixed Term,Suspended,XX952904,2028-06-16,CL791419,2028-08-18,2026-09-24,2023-04-26
EMP1152-20260914_000059,Nicola,Turner,matthewsmolly@example.org,1996-11-21,0909 879 0660,"Flat 9
Green Junction
Kimberleyfurt
HS89 2NR",Female,Southvale Hospitals NHS Trust,Mixed,Thailand,Skilled Worker,AHP,Occupational Therapist,Surgery & Cancer,6,26.89,2024-08-22,2024-09-19,30.0,0.8,HCPC,Permanent,Suspended,DK439030,2030-03-04,HM698695,2027-01-21,2026-11-14,2024-09-12
EMP1153-20260914_000059,Owen,Johnston,hazel87@example.net,1992-02-28,+441154960161,"Flat 08n
Dominic Unions
Nixontown
L83 8NA",Female,Lakeside District Hospitals NHS Trust,White,New Zealand,ILR,Nursing,Charge Nurse,Corporate Services,7,28.42,2018-02-09,2018-03-16,30.0,0.8,NMC,Permanent,On Leave,DS224309,2028-11-16,ME768480,2028-04-01,2026-10-12,2018-03-02
EMP1154-20260914_000059,Lauren,Archer,zbryan@example.net,1980-10-08,+44117 4960999,"432 Stewart Square
Taylorshire
ZE49 2PX",Female,Hillcrest Medical Centres NHS Trust,Black,Nigeria,British Citizen,Admin,Receptionist,Clinical Support Services,3,14.38,2020-11-26,2020-12-31,20.0,0.53,NMC,Bank,On Leave,OZ027424,2026-10-17,OU675383,2030-03-13,2026-10-07,2020-12-17
EMP1155-20260914_000059,Danny,Jones,kylereed@example.net,1976-02-29,+44(0)141 496 0105,"576 Dawn Forest
Rhysville
E1 4PZ",Female,Southgate Community & Mental Health NHS Trust,White,Canada,Skilled Worker,AHP,Occupational Therapist,Women & Children,6,25.73,2017-03-12,2017-04-23,37.5,1.0,GMC,Permanent,On Leave,WL468885,2029-02-15,RK583826,2029-09-18,2026-12-12,2017-04-02
EMP1156-20260914_000059,Jack,Walters,umoore@example.net,1982-03-11,+44(0)151 496 0234,"Flat 52U
Mohamed Course
Goughmouth
CO69 0WW",Female,Southgate Community & Mental Health NHS Trust,Black,Kenya,ILR,Admin,Data Analyst,Corporate Services,8A,30.29,2022-05-13,2022-06-10,18.75,0.5,HCPC,Fixed Term,Inactive,AH088584,2029-07-24,QQ937599,2031-02-20,2027-03-19,2022-06-03
EMP1157-20260914_000059,Annette,Wilkinson,barnesfrances@example.com,1983-01-03,+44(0)1144960029,"Studio 93E
Thompson Loaf
East Mohammed
L5 3RJ",Male,Eastmoor Teaching Hospitals NHS Trust,Mixed,Japan,ILR,AHP,Physiotherapist,Medicine & Acute Care,6,24.15,2020-01-23,2020-03-05,37.5,1.0,GMC,Bank,Active,KR522974,2029-06-10,MF398711,2028-09-29,2026-11-03,2020-02-13
EMP1158-20260914_000059,Raymond,Schofield,sbates@example.com,2004-10-08,+44(0)121 496 0644,"511 Sharpe Centers
Beverleyton
PA17 5JD",Female,Westmere Community Health NHS Trust,Black,Trinidad and Tobago,ILR,Medical,Registrar,Medicine & Acute Care,SPR,36.82,2019-02-28,2019-04-04,20.0,0.53,None,Bank,Suspended,VU751818,2026-10-11,QR647532,2030-04-26,2027-03-07,2019-03-21
EMP1159-20260914_000059,Donald,Green,bennettross@example.com,1998-10-21,+44117 496 0852,"Flat 22V
Holmes Junctions
East Kimberley
SP9 9WU",Female,Midlands Central Hospitals NHS Trust,White,New Zealand,ILR,Nursing,Healthcare Assistant,Emergency & Urgent Care,2,12.67,2024-04-07,2024-05-12,30.0,0.8,GMC,Fixed Term,Active,LH128579,2028-12-23,TT285707,2029-12-29,2026-09-16,2024-04-28
EMP1160-20260914_000059,Graham,Power,ashley27@example.net,1962-02-20,0116 496 0367,"Studio 94l
Chan Glen
New Stewartbury
N2 0DG",Male,Bluewater Community & Rehabilitation NHS Trust,Black,Jamaica,Dependent,Nursing,Ward Manager,Clinical Support Services,8A,30.79,2021-03-27,2021-04-24,30.0,0.8,None,Bank,Inactive,JV450862,2027-06-18,MH376014,2030-12-31,2027-08-13,2021-04-17
EMP1161-20260914_000059,Paul,Lawrence,dsmith@example.net,1997-08-06,01632 960 401,"Flat 76c
Howard Mews
Reedborough
HP9 7AQ",Female,Riverside Integrated Care NHS Trust,Black,Trinidad and Tobago,British Citizen,AHP,Physiologist,Emergency & Urgent Care,6,23.81,2024-12-11,2025-01-22,37.5,1.0,None,Permanent,Suspended,UV413780,2029-01-29,ML481089,2027-04-04,2026-12-17,2025-01-01
EMP1162-20260914_000059,Kenneth,Jones,qbarry@example.org,1961-09-02,01614960789,"Studio 8
Shaw Via
Louisstad
SO37 9NP",Female,Northwood Mental Health NHS Trust,Asian,Thailand,Skilled Worker,Nursing,Charge Nurse,Medicine & Acute Care,7,32.46,2017-10-15,2017-11-26,18.75,0.5,NMC,Permanent,Suspended,DV576960,2027-09-02,PF625787,2026-09-17,2026-10-25,2017-11-05
EMP1163-20260914_000059,Andrew,Arnold,watersalice@example.com,1960-12-24,01414960943,"6 Ricky Plains
East Oliviafurt
W6E 4HJ",Female,Southgate Community & Mental Health NHS Trust,Asian,China,Dependent,Admin,Receptionist,Women & Children,3,15.31,2019-05-24,2019-06-28,15.0,0.4,GMC,Fixed Term,Suspended,CF998844,2030-08-22,WJ687933,2029-10-26,2027-01-15,2019-06-14
EMP1164-20260914_000059,Brenda,Webb,collinsdennis@example.com,2007-08-07,+44116 4960780,"8 Amy Divide
Stephensonborough
M10 3SR",Male,Westmere Community Health NHS Trust,Mixed,Kenya,British Citizen,Admin,Administrator,Emergency & Urgent Care,3,13.81,2023-11-11,2023-12-16,37.5,1.0,GMC,Fixed Term,Suspended,EU471943,2028-05-06,BX682617,2028-06-22,2027-05-26,2023-12-02
EMP1165-20260914_000059,Bradley,Howells,doddkate@example.net,1986-04-06,01514960850,"68 Webb Freeway
South Callumland
DG0 3DD",Female,Southvale Hospitals NHS Trust,Asian,Japan,Skilled Worker,AHP,Pharmacist,Women & Children,5,20.54,2020-10-24,2020-11-21,20.0,0.53,HCPC,Permanent,Active,XP994954,2030-02-12,QG684799,2027-01-16,2026-10-18,2020-11-14
EMP1166-20260914_000059,Nathan,Williams,chart@example.org,1975-01-13,0121 496 0779,"Studio 5
Clarke Locks
South Christopher
N5 3QA",Female,Valleyview Mental Wellness NHS Trust,Black,Trinidad and Tobago,Dependent,Nursing,Charge Nurse,Critical Care & Anaesthesia,7,33.18,2023-08-22,2023-09-26,20.0,0.53,None,Permanent,On Leave,UO850344,2027-04-19,OW526927,2027-03-22,2026-10-31,2023-09-12
EMP1167-20260914_000059,Liam,Wood,hdavies@example.org,1961-12-30,(020)74960881,"Flat 01W
Michelle Way
Tracystad
M92 5YN",Female,Hillcrest Medical Centres NHS Trust,Mixed,South Africa,Skilled Worker,AHP,Physiotherapist,Corporate Services,6,22.72,2019-11-02,2019-11-30,20.0,0.53,GMC,Bank,On Leave,ST206848,2027-06-11,GJ791018,2028-03-15,2027-05-05,2019-11-23
EMP1168-20260914_000059,Adam,Powell,ublack@example.org,1963-08-13,(0909) 8790666,"Flat 7
Johnson Meadow
South Leanne
TN58 4QY",Female,Westborough Acute Care NHS Trust,Black,Trinidad and Tobago,British Citizen,Medical,Registrar,Emergency & Urgent Care,SPR,41.55,2021-07-12,2021-08-09,18.75,0.5,None,Permanent,Suspended,DV635485,2030-02-11,AR409622,2026-09-21,2027-03-18,2021-08-02
EMP1169-20260914_000059,Rhys,Knight,zbrennan@example.com,2006-12-02,+441632 960425,"7 Alex Haven
Elliechester
CA2 9BL",Female,Southvale Hospitals NHS Trust,White,New Zealand,Dependent,Nursing,Senior Staff Nurse,Women & Children,6,25.62,2018-10-06,2018-11-10,20.0,0.53,None,Permanent,Active,DD913231,2031-04-20,ZW784294,2029-08-08,2027-06-09,2018-10-27
EMP1170-20260914_000059,Jacob,Smith,pbartlett@example.org,2007-07-10,+44(0)141 4960686,"Studio 6
Bradley Cliffs
Clarkport
HA8 8US",Female,Eastfield Psychological Services NHS Trust,Black,Nigeria,Dependent,AHP,Speech Therapist,Corporate Services,6,27.22,2023-06-10,2023-07-15,37.5,1.0,GMC,Fixed Term,Suspended,BR770706,2030-05-16,OP824737,2029-02-15,2027-07-08,2023-07-01
EMP1171-20260914_000059,Ryan,Byrne,nicolakhan@example.net,1986-11-10,0289018832,"0 Grace Crescent
Smithville
M0G 8EZ",Male,Eastfield Psychological Services NHS Trust,Black,Trinidad and Tobago,Skilled Worker,Admin,Receptionist,Women & Children,3,13.64,2017-10-18,2017-11-15,18.75,0.5,NMC,Permanent,On Leave,PZ777532,2028-10-31,SC641272,2030-12-19,2027-01-27,2017-11-08
EMP1172-20260914_000059,George,Birch,joanne87@example.net,1968-04-27,+44(0)28 9018 0962,"0 Rosemary Tunnel
Lake Alexanderstad
B0S 2QD",Male,Horizon Integrated Health Partnership NHS Trust,White,Canada,ILR,Admin,Administrator,Medicine & Acute Care,3,16.19,2017-04-18,2017-05-23,20.0,0.53,NMC,Bank,On Leave,VN139501,2029-08-11,DA870196,2031-08-12,2027-02-14,2017-05-09
EMP1173-20260914_000059,Katherine,Butler,lawrencehawkins@example.com,1997-03-14,(0114) 496 0749,"Flat 16
West Islands
South Lauren
L96 4DR",Female,Lakeside District Hospitals NHS Trust,White,United Kingdom,Dependent,Nursing,Senior Staff Nurse,Critical Care & Anaesthesia,6,25.8,2023-12-26,2024-01-23,30.0,0.8,None,Permanent,Active,YE364078,2031-05-12,VO049858,2029-01-01,2027-08-03,2024-01-16
EMP1174-20260914_000059,Gavin,Adams,agray@example.com,1965-10-04,+44292018040,"96 Mathew Track
Chelseachester
SA6 5JE",Male,Valleyview Mental Wellness NHS Trust,Asian,India,ILR,Nursing,Staff Nurse,Corporate Services,5,20.52,2025-07-06,2025-08-17,20.0,0.53,GMC,Fixed Term,Inactive,GZ064679,2029-12-13,WR857244,2026-11-21,2027-08-22,2025-07-27
EMP1175-20260914_000059,Sylvia,Howe,rahmansheila@example.org,1965-01-08,(0115)4960721,"Flat 64
Guy Highway
West Leighmouth
E5J 3UF",Male,Broadfield Clinical Services NHS Trust,Mixed,Thailand,Dependent,AHP,Physiotherapist,Corporate Services,6,26.21,2024-06-19,2024-07-24,37.5,1.0,NMC,Permanent,Active,HQ075845,2029-03-01,EF347949,2029-12-02,2027-02-21,2024-07-10
EMP1176-20260914_000059,Carolyn,Bradshaw,wellscolin@example.org,1997-07-03,+44(0)289018565,"Flat 02Y
Thompson Forest
Robinsonview
KA0 2LW",Male,Bluewater Community & Rehabilitation NHS Trust,White,Canada,Dependent,Nursing,Senior Staff Nurse,Women & Children,6,23.27,2017-06-30,2017-07-28,37.5,1.0,None,Fixed Term,Inactive,EF540431,2030-08-24,JJ329271,2028-08-22,2027-09-04,2017-07-21
EMP1177-20260914_000059,Martin,Payne,zcox@example.org,1975-12-10,(01632)960110,"Studio 01G
Natasha Curve
North Andrewborough
W03 9ZJ",Female,Southvale Hospitals NHS Trust,Mixed,United Kingdom,Dependent,Medical,Consultant,Medicine & Acute Care,CONS,65.11,2024-10-06,2024-11-03,37.5,1.0,HCPC,Permanent,Inactive,CS617121,2027-03-31,OX954778,2029-10-24,2026-09-18,2024-10-27
EMP1178-20260914_000059,Elizabeth,Holloway,gavin79@example.net,1977-03-15,+44141 4960173,"Flat 77
Malcolm Squares
Craigville
N3 2LJ",Female,Southgate Community & Mental Health NHS Trust,Mixed,Japan,Skilled Worker,AHP,Radiographer,Corporate Services,6,22.87,2021-03-01,2021-04-12,37.5,1.0,NMC,Permanent,Active,VF606609,2031-04-28,EX380301,2026-11-02,2027-09-02,2021-03-22
EMP1179-20260914_000059,Charlotte,Ward,hamiltonneil@example.com,1982-10-15,+44292018783,"Flat 8
Tina Springs
North Hayley
L3B 4PT",Female,Northwood Mental Health NHS Trust,Asian,India,Skilled Worker,AHP,Speech Therapist,Clinical Support Services,6,25.69,2020-03-02,2020-03-30,15.0,0.4,NMC,Bank,Active,XG935138,2030-06-15,LB230725,2030-05-02,2027-06-25,2020-03-23
EMP1180-20260914_000059,Gerard,Norton,smithamanda@example.org,1992-07-23,+44151 496 0835,"Flat 66
Phillip Rest
Jakeshire
RH3A 1RU",Male,Westborough Acute Care NHS Trust,Asian,India,ILR,Admin,Receptionist,Medicine & Acute Care,3,14.36,2022-07-20,2022-08-17,30.0,0.8,HCPC,Fixed Term,Suspended,GR531221,2030-03-11,ZD102052,2029-01-09,2027-04-16,2022-08-10
EMP1181-20260914_000059,Charlotte,Brown,susandoyle@example.net,1975-04-04,(0113)4960238,"0 Matthew Lodge
North Christinehaven
G3 6ZB",Female,Broadfield Clinical Services NHS Trust,Black,Barbados,Dependent,Medical,Registrar,Medicine & Acute Care,SPR,41.89,2017-03-28,2017-04-25,15.0,0.4,NMC,Permanent,Inactive,RT395349,2029-01-22,QE860590,2031-05-27,2027-08-06,2017-04-18
EMP1182-20260914_000059,Mohammed,Oliver,andrew16@example.org,1981-01-14,+441632 960 357,"93 Jeffrey Roads
South Elliottmouth
B49 6SF",Female,Northshire University Hospitals NHS Trust,Asian,India,British Citizen,Admin,Medical Secretary,Clinical Support Services,4,17.42,2025-09-05,2025-10-17,15.0,0.4,GMC,Fixed Term,Inactive,SP564431,2026-09-19,SW327424,2028-03-10,2027-06-03,2025-09-26
EMP1183-20260914_000059,Melissa,Hobbs,deanstephenson@example.net,2002-04-15,+44161 496 0807,"Studio 13J
Matthew Pass
New Stephentown
M43 1PR",Male,Greenhaven Acute & Specialist Care NHS Trust,Black,South Africa,Skilled Worker,Admin,Data Analyst,Surgery & Cancer,8A,33.51,2020-02-23,2020-03-22,20.0,0.53,GMC,Fixed Term,Suspended,CL930221,2031-06-21,IS444239,2029-09-30,2027-03-09,2020-03-15
EMP1184-20260914_000059,Jenna,Thomas,taylorrebecca@example.net,1988-03-20,+44(0)909 8790053,"72 Davies Neck
Lake Sharon
BS1A 6RY",Female,Meadowbrook Community Health NHS Trust,White,United Kingdom,ILR,AHP,Pharmacist,Medicine & Acute Care,5,21.96,2024-03-27,2024-05-08,30.0,0.8,HCPC,Permanent,Suspended,FP659700,2029-01-21,YB352600,2031-08-15,2026-10-23,2024-04-17
EMP1185-20260914_000059,Thomas,Parker,staceymatthews@example.net,1976-09-05,+44113 4960094,"8 Ahmed Trafficway
East Holliefurt
L4 5YN",Male,Horizon Integrated Health Partnership NHS Trust,Mixed,Japan,British Citizen,Medical,GP,Medicine & Acute Care,GP,55.62,2025-03-29,2025-05-03,37.5,1.0,HCPC,Fixed Term,On Leave,AX358856,2030-04-29,QU362340,2028-04-01,2027-03-28,2025-04-19
EMP1186-20260914_000059,Anne,Atkinson,kingheather@example.net,2005-05-19,+44161 496 0998,"15 Cameron Ways
Wayneside
IV31 0TP",Female,Riverside Integrated Care NHS Trust,Mixed,United Kingdom,Skilled Worker,Nursing,Nursery Nurse,Clinical Support Services,2,14.29,2024-08-23,2024-09-27,18.75,0.5,None,Bank,Active,MH386091,2027-06-16,FV299276,2027-03-28,2027-05-15,2024-09-13
EMP1187-20260914_000059,Claire,Allan,millsgavin@example.net,1975-07-04,(0808)1570579,"Flat 34
Louise Spur
Port Stephenville
G5A 7RJ",Female,Broadfield Clinical Services NHS Trust,Mixed,South Africa,Dependent,AHP,Physiologist,Emergency & Urgent Care,6,25.24,2022-05-09,2022-06-06,37.5,1.0,HCPC,Fixed Term,Active,XN126940,2027-05-28,HX033036,2031-08-11,2027-09-05,2022-05-30
EMP1188-20260914_000059,Donna,Little,darrenryan@example.org,2000-04-08,+441134960342,"Flat 83S
Carolyn View
Dalechester
CT23 6TS",Male,Riverbank General Hospitals NHS Trust,Black,Trinidad and Tobago,Skilled Worker,AHP,Physiologist,Medicine & Acute Care,6,26.24,2022-08-17,2022-09-14,15.0,0.4,NMC,Bank,Suspended,YZ191518,2027-02-24,VS399500,2030-06-14,2027-03-30,2022-09-07
EMP1189-20260914_000059,Hollie,O'Neill,sean48@example.net,1999-12-26,+44909 8790255,"Flat 97M
Read Course
East Harry
W2 1AL",Male,Westmere Community Health NHS Trust,Black,South Africa,British Citizen,Nursing,Nursery Nurse,Women & Children,2,12.91,2025-04-11,2025-05-23,20.0,0.53,HCPC,Permanent,Inactive,BI458798,2030-05-14,BO526544,2028-04-23,2027-03-26,2025-05-02
EMP1190-20260914_000059,Owen,Richardson,catherine82@example.net,1990-08-07,(0306) 9990249,"261 Bethan Club
South Simon
IM96 3AT",Female,Westborough Acute Care NHS Trust,Asian,Thailand,Skilled Worker,AHP,Physiologist,Emergency & Urgent Care,6,25.73,2022-12-20,2023-01-24,30.0,0.8,None,Fixed Term,Suspended,YN771159,2027-04-17,UG375151,2027-09-15,2026-09-21,2023-01-10
EMP1191-20260914_000059,Alison,Thompson,lydianolan@example.net,1973-01-08,+44(0)909 879 0616,"41 Leon Squares
Brettstad
LN42 4HS",Male,Valleyview Mental Wellness NHS Trust,Mixed,Ghana,Dependent,Nursing,Staff Nurse,Medicine & Acute Care,5,19.16,2024-08-24,2024-09-28,18.75,0.5,GMC,Permanent,Suspended,YV740208,2027-04-02,PB043325,2027-05-22,2027-02-11,2024-09-14
EMP1192-20260914_000059,Sophie,Smith,carpentersally@example.org,1990-02-11,+44909 8790920,"06 Colin Landing
North Douglasborough
E45 8TE",Female,Horizon Integrated Health Partnership NHS Trust,Black,Kenya,British Citizen,Medical,SHO,Critical Care & Anaesthesia,SHO,26.03,2020-09-11,2020-10-09,18.75,0.5,NMC,Permanent,Inactive,MH411425,2028-08-20,DJ070543,2028-06-29,2026-10-13,2020-10-02
EMP1193-20260914_000059,Bradley,Morris,zdavies@example.org,1999-05-03,(01632) 960 634,"Studio 29Y
Antony Tunnel
Robertton
E4 5PB",Male,Valleyview Mental Wellness NHS Trust,Black,Nigeria,Skilled Worker,Nursing,Senior Staff Nurse,Corporate Services,6,26.19,2017-02-04,2017-03-18,37.5,1.0,GMC,Bank,On Leave,GP699406,2031-08-28,QF356976,2031-06-21,2027-07-02,2017-02-25
EMP1194-20260914_000059,Rosemary,Oliver,jennifer84@example.com,1965-11-22,+44(0)1144960151,"Studio 11
Nolan Street
South Frank
OX19 2RP",Male,Riverside Integrated Care NHS Trust,Black,Nigeria,British Citizen,AHP,Pharmacist,Critical Care & Anaesthesia,5,19.61,2025-01-08,2025-02-19,37.5,1.0,HCPC,Fixed Term,Suspended,HX580648,2031-01-18,FQ837759,2031-07-30,2027-09-02,2025-01-29
EMP1195-20260914_000059,Dawn,Turner,jwillis@example.org,1966-04-14,(01632) 960 440,"Studio 79A
Walker Brooks
East Liamview
WS0V 1NY",Male,Riverbank General Hospitals NHS Trust,Black,Kenya,British Citizen,Nursing,Senior Staff Nurse,Medicine & Acute Care,6,24.64,2022-12-05,2023-01-02,15.0,0.4,GMC,Bank,Active,YZ779678,2027-02-26,FN877726,2028-03-12,2027-08-28,2022-12-26
EMP1196-20260914_000059,Annette,Perry,owencoates@example.org,1994-10-08,0114 496 0735,"Studio 26
McCarthy Well
West Margaret
B0 8PR",Male,Northwood Mental Health NHS Trust,Mixed,Canada,ILR,AHP,Physiotherapist,Medicine & Acute Care,6,25.4,2018-12-24,2019-01-21,18.75,0.5,NMC,Permanent,On Leave,RT072839,2027-06-23,ED510145,2027-08-08,2027-02-23,2019-01-14
EMP1197-20260914_000059,Marian,Wood,tdavies@example.org,2000-10-31,+44(0)1632960918,"Studio 9
Sheila Trafficway
Juliaborough
KT7P 1FD",Male,Southvale Hospitals NHS Trust,Black,Nigeria,ILR,Admin,Medical Secretary,Surgery & Cancer,4,18.85,2025-12-26,2026-01-23,20.0,0.53,HCPC,Permanent,Suspended,YO326144,2027-10-07,UW775572,2028-06-25,2026-11-06,2026-01-16
EMP1198-20260914_000059,Lynda,Frost,kward@example.org,1999-02-22,+44(0)117 496 0220,"Studio 4
Aimee Loaf
New Samanthaland
LU1Y 0LU",Male,Horizon Integrated Health Partnership NHS Trust,Asian,Thailand,British Citizen,Nursing,Senior Staff Nurse,Surgery & Cancer,6,25.75,2018-09-03,2018-10-08,37.5,1.0,HCPC,Permanent,Suspended,VA676983,2026-12-28,HO567531,2027-11-29,2027-05-16,2018-09-24
EMP1199-20260914_000059,Maria,Robinson,ghutchinson@example.net,1962-08-03,+44(0)121 4960480,"Flat 16
Sanderson Way
Port Gailshire
M4 1RW",Male,Southgate Community & Mental Health NHS Trust,Asian,India,Dependent,Admin,Medical Secretary,Critical Care & Anaesthesia,4,16.97,2017-08-12,2017-09-16,18.75,0.5,NMC,Bank,Suspended,SE633363,2028-08-01,ZW098398,2029-03-18,2027-08-11,2017-09-02
EMP1200-20260914_000059,Jacqueline,Hayward,taylorlynne@example.org,2002-09-28,(0151) 4960700,"Studio 37d
Tom Island
Shirleyhaven
HD22 2FX",Male,Riverbank General Hospitals NHS Trust,Black,Kenya,British Citizen,Admin,Data Analyst,Clinical Support Services,8A,35.1,2026-02-07,2026-03-21,37.5,1.0,NMC,Fixed Term,Suspended,LC922673,2031-06-04,DY017271,2029-03-27,2027-01-10,2026-02-28
