emp_id,first_name,last_name,email,dob,telephone,address,gender,trust,ethnicity,nationality,visa_status,staff_group,role,division,grade,hourly_rate,hire_date,contract_start,weekly_hours,fte,registration_type,contract_type,employment_status,registration_no,registration_expiry_date,ni,dbs_expiry_date,mandatory_training_expiry_date,profile_creation_date
EMP0001-20260913_210636,Owen,Marshall,heather83@example.net,1993-08-23,+44161 4960338,"132 Abigail Groves
Youngchester
L32 1WJ",Female,Westborough Acute Care NHS Trust,Mixed,Trinidad and Tobago,Dependent,AHP,Physiotherapist,Medicine & Acute Care,6,26.33,2022-06-13,2022-07-25,20.0,0.53,None,Permanent,Suspended,OS309240,2027-01-28,RK650665,2030-04-14,2027-01-15,2022-07-04
EMP0002-20260913_210636,Sylvia,Perkins,mohammedharvey@example.org,1978-05-03,08081570451,"065 Phillip Forge
Parkerfurt
W99 0NE",Female,Bluewater Community & Rehabilitation NHS Trust,Mixed,Ghana,Skilled Worker,Nursing,Ward Manager,Women & Children,8A,28.62,2017-07-21,2017-08-25,18.75,0.5,None,Bank,Active,HG581620,2029-04-08,XN795314,2027-05-04,2027-07-09,2017-08-11
EMP0003-20260913_210636,Amanda,McDonald,dodddale@example.org,1969-04-18,(0306)9990901,"4 Kennedy Roads
Brandonstad
WF77 5BJ",Male,Horizon Integrated Health Partnership NHS Trust,Black,Nigeria,Skilled Worker,Medical,GP,Corporate Services,GP,52.6,2020-07-18,2020-08-15,15.0,0.4,None,Fixed Term,Suspended,XV572501,2029-07-04,VJ493139,2027-07-20,2027-04-11,2020-08-08
EMP0004-20260913_210636,Leslie,Gibbs,shepherdemily@example.com,1966-11-12,01414960742,"Studio 5
Jones Extension
Lindahaven
JE1P 1ET",Male,Lakeside District Hospitals NHS Trust,Mixed,Trinidad and Tobago,Dependent,Admin,Medical Secretary,Medicine & Acute Care,4,17.29,2017-11-22,2017-12-20,18.75,0.5,HCPC,Permanent,Active,KO381371,2029-10-30,CK446955,2026-11-28,2027-06-25,2017-12-13
EMP0005-20260913_210636,Christine,Wright,caroline46@example.com,1991-07-24,01134960312,"Flat 41
Lynne Shores
Junebury
E5E 4LS",Male,Valleyview Mental Wellness NHS Trust,Black,Trinidad and Tobago,Dependent,AHP,Pharmacist,Medicine & Acute Care,5,19.52,2017-11-05,2017-12-17,18.75,0.5,None,Permanent,On Leave,GX270797,2027-10-31,WQ199183,2029-04-11,2026-12-07,2017-11-26
EMP0006-20260913_210636,Aimee,Hussain,qwilkinson@example.net,1964-02-05,+44909 879 0467,"Flat 19
Palmer Viaduct
South Frankmouth
B4T 0RD",Male,Meadowbrook Community Health NHS Trust,Asian,India,Skilled Worker,Admin,Administrator,Corporate Services,3,15.31,2022-09-10,2022-10-22,30.0,0.8,HCPC,Permanent,On Leave,IR138219,2029-06-09,IX212282,2031-03-05,2026-11-29,2022-10-01
EMP0007-20260913_210636,Jake,O'Brien,scottstanley@example.com,2003-07-23,0131 4960994,"50 Banks Shores
New Jade
B63 6NJ",Female,Valleyview Mental Wellness NHS Trust,Asian,Thailand,Skilled Worker,Nursing,Nursery Nurse,Critical Care & Anaesthesia,2,14.26,2019-05-29,2019-07-10,15.0,0.4,GMC,Permanent,Active,OL050649,2028-10-04,TD811142,2027-02-26,2026-11-19,2019-06-19
EMP0008-20260913_210636,Gavin,Wood,tobyrahman@example.org,1970-08-03,+44(0)1174960316,"Studio 10P
Woods Islands
West James
WV1 2FX",Female,Bluewater Community & Rehabilitation NHS Trust,Black,Barbados,Dependent,Medical,Consultant,Critical Care & Anaesthesia,CONS,58.71,2017-12-19,2018-01-30,15.0,0.4,GMC,Fixed Term,Suspended,CK312065,2028-01-11,GJ629163,2030-10-22,2027-01-18,2018-01-09
EMP0009-20260913_210636,Laura,Tomlinson,wattsconnor@example.net,2006-04-05,+44808 157 0386,"76 Leanne Crossing
New Donald
AB5A 3UE",Female,Riverbank General Hospitals NHS Trust,Asian,China,Skilled Worker,Medical,SHO,Surgery & Cancer,SHO,24.88,2019-11-13,2019-12-18,15.0,0.4,HCPC,Fixed Term,Suspended,PT265649,2028-10-25,SR839282,2031-01-07,2026-12-25,2019-12-04
EMP0010-20260913_210636,Lydia,Lee,annettejenkins@example.org,1989-02-09,(0116) 496 0101,"136 Webb Squares
Port Kimton
W9H 8PS",Male,Greenhaven Acute & Specialist Care NHS Trust,White,United Kingdom,Dependent,Nursing,Staff Nurse,Critical Care & Anaesthesia,5,22.44,2024-01-11,2024-02-22,18.75,0.5,None,Bank,Suspended,NV230237,2031-02-22,MV815705,2030-07-20,2027-06-26,2024-02-01
EMP0011-20260913_210636,Holly,Burton,jessica39@example.org,2000-10-26,(01632) 960 672,"819 Victor Valley
East Kieranview
NG9Y 7BU",Male,Southvale Hospitals NHS Trust,Mixed,Trinidad and Tobago,British Citizen,Admin,Receptionist,Surgery & Cancer,3,16.06,2025-10-22,2025-12-03,37.5,1.0,GMC,Bank,Suspended,YY039590,2030-08-04,FO841439,2029-04-04,2027-06-26,2025-11-12
EMP0012-20260913_210636,Eric,Lewis,francescarobson@example.net,1978-01-22,+44(0)113 4960583,"Studio 40
Amanda Summit
East Frederick
WF18 5UN",Female,Eastmoor Teaching Hospitals NHS Trust,Asian,Japan,ILR,Admin,Administrator,Surgery & Cancer,3,14.17,2025-12-26,2026-01-30,20.0,0.53,GMC,Bank,On Leave,BH957110,2029-02-21,FH606690,2031-09-04,2026-11-30,2026-01-16
EMP0013-20260913_210636,Adam,Vaughan,simpsonlaura@example.com,2007-11-03,+443069990760,"Flat 74e
John Route
Watsonberg
PE08 6XZ",Male,Northwood Mental Health NHS Trust,White,New Zealand,ILR,Admin,Medical Secretary,Critical Care & Anaesthesia,4,17.7,2019-08-29,2019-10-03,37.5,1.0,HCPC,Bank,Active,JR071313,2027-02-25,PS308879,2031-08-09,2027-09-01,2019-09-19
EMP0014-20260913_210636,Elliott,Oliver,moconnor@example.net,2006-12-12,+44808 157 0269,"Studio 29V
Cameron Creek
East Henry
G93 3QF",Male,Midlands Central Hospitals NHS Trust,White,Australia,ILR,Admin,Administrator,Clinical Support Services,3,14.53,2018-02-23,2018-03-30,37.5,1.0,None,Bank,On Leave,YP070457,2030-02-19,PX946610,2031-03-11,2027-03-26,2018-03-16
EMP0015-20260913_210636,Keith,Stone,ellisgraham@example.com,1972-11-01,+44191 4960950,"Studio 60e
Jones Track
West Glennburgh
CT5 8BD",Male,Meadowbrook Community Health NHS Trust,Asian,Japan,Dependent,Medical,Consultant,Corporate Services,CONS,64.52,2025-02-10,2025-03-24,37.5,1.0,HCPC,Bank,Active,FE198273,2029-11-12,UJ593023,2028-11-25,2027-03-27,2025-03-03
EMP0016-20260913_210636,Brandon,Owen,harrisdaniel@example.com,1963-01-21,0289018632,"Flat 62
Sally Loop
Elliottberg
N3 9QN",Male,Oakridge Community Services NHS Trust,Black,Jamaica,ILR,AHP,Occupational Therapist,Emergency & Urgent Care,6,26.89,2023-08-28,2023-10-09,30.0,0.8,HCPC,Fixed Term,On Leave,YM332787,2027-08-22,KV829154,2028-06-09,2026-10-29,2023-09-18
EMP0017-20260913_210636,Stanley,Clarke,murphyjosh@example.com,1996-10-01,+44(0)115 496 0552,"426 John Wall
Port Sianburgh
S7 1XR",Male,Riverbank General Hospitals NHS Trust,Black,Nigeria,Dependent,AHP,Physiotherapist,Women & Children,6,23.73,2019-01-03,2019-01-31,18.75,0.5,HCPC,Fixed Term,Active,ZS299934,2028-05-23,FH948164,2029-09-29,2027-04-06,2019-01-24
EMP0018-20260913_210636,Leanne,Shepherd,janice80@example.org,2002-11-20,03069990471,"299 Mitchell Mission
South Lindseyberg
SW71 9GX",Female,Hillcrest Medical Centres NHS Trust,Asian,China,British Citizen,Nursing,Senior Staff Nurse,Women & Children,6,25.47,2018-10-12,2018-11-09,20.0,0.53,None,Fixed Term,Suspended,SD313198,2028-10-18,MR427967,2028-03-28,2027-07-12,2018-11-02
EMP0019-20260913_210636,Carol,Chapman,alanmartin@example.com,1973-10-04,+44118 4960521,"7 Timothy Port
Mitchellburgh
NP3Y 7UY",Female,Hillcrest Medical Centres NHS Trust,White,United Kingdom,ILR,Admin,Data Analyst,Clinical Support Services,8A,28.53,2026-06-19,2026-07-31,15.0,0.4,NMC,Fixed Term,Inactive,HX185403,2029-10-08,SX157890,2030-06-27,2027-03-28,2026-07-10
EMP0020-20260913_210636,Ross,Smart,gregorymelanie@example.net,1982-08-13,01632 960423,"Flat 35
Begum Skyway
Scottview
G36 1XP",Male,Southvale Hospitals NHS Trust,White,Canada,Dependent,Nursing,Healthcare Assistant,Surgery & Cancer,2,12.94,2025-08-25,2025-10-06,30.0,0.8,None,Fixed Term,On Leave,MZ811881,2031-09-11,OU036898,2030-06-01,2027-07-23,2025-09-15
EMP0021-20260913_210636,Amy,Carter,jake60@example.org,1981-10-10,(01632)960233,"372 Shannon Rest
North Duncanport
N9 0PX",Male,Broadfield Clinical Services NHS Trust,Black,Kenya,ILR,Admin,Administrator,Corporate Services,3,14.58,2022-01-18,2022-02-15,18.75,0.5,None,Fixed Term,On Leave,UZ136348,2028-09-09,GC437368,2028-09-05,2027-04-02,2022-02-08
EMP0022-20260913_210636,Ellie,Dixon,johnjames@example.net,1975-04-16,0117 4960473,"296 Mistry Overpass
East Mohamed
M6 4PN",Female,Southgate Community & Mental Health NHS Trust,Black,Nigeria,Dependent,Nursing,Staff Nurse,Medicine & Acute Care,5,21.9,2017-08-15,2017-09-26,15.0,0.4,HCPC,Fixed Term,On Leave,OM345634,2029-04-16,GM462368,2029-05-30,2027-03-15,2017-09-05
EMP0023-20260913_210636,Alan,Brown,mohammadhowells@example.net,1983-05-21,0161 4960284,"481 June Cove
Griffithsmouth
S56 8WL",Male,Bluewater Community & Rehabilitation NHS Trust,Asian,India,Dependent,Nursing,Nursery Nurse,Women & Children,2,13.67,2020-11-25,2020-12-23,37.5,1.0,HCPC,Bank,Inactive,DT804862,2027-10-24,KK601375,2028-08-11,2026-12-05,2020-12-16
EMP0024-20260913_210636,Sandra,Ahmed,gallen@example.org,2007-11-19,01134960783,"616 Melanie Common
New Jodie
LN65 4NN",Female,Midlands Central Hospitals NHS Trust,Mixed,Barbados,Skilled Worker,Medical,Consultant,Women & Children,CONS,58.94,2020-01-16,2020-02-13,15.0,0.4,GMC,Bank,Inactive,ZW342924,2031-04-06,GU368163,2030-07-01,2027-08-09,2020-02-06
EMP0025-20260913_210636,Lauren,Kirby,sparkes@example.net,1989-08-04,+44292018560,"052 Hardy Bridge
Port Georgeview
EX61 0EP",Female,Westmere Community Health NHS Trust,Asian,China,Dependent,Nursing,Nursery Nurse,Medicine & Acute Care,2,12.53,2020-02-03,2020-03-02,30.0,0.8,NMC,Fixed Term,Active,XF215222,2031-05-03,YQ834869,2029-10-20,2027-08-21,2020-02-24
EMP0026-20260913_210636,Joel,Smith,hamiltontracy@example.net,1977-06-03,(0117) 496 0371,"Flat 61
Joan Stream
Paynechester
DD1M 9PY",Male,Riverbank General Hospitals NHS Trust,Asian,Japan,Dependent,Admin,Administrator,Corporate Services,3,13.53,2018-12-15,2019-01-12,15.0,0.4,HCPC,Fixed Term,On Leave,VX868847,2031-03-07,TC452299,2030-10-15,2026-12-19,2019-01-05
EMP0027-20260913_210636,Louis,Davison,ljones@example.org,1973-07-27,+443069990656,"Studio 90
Charlie Motorway
East Daleland
TR34 9JN",Female,Lakeside District Hospitals NHS Trust,Asian,India,Dependent,Medical,FY1/FY2,Clinical Support Services,FY1,20.72,2024-10-31,2024-11-28,37.5,1.0,NMC,Bank,Active,SD984170,2030-07-30,YT009343,2030-06-05,2027-06-04,2024-11-21
EMP0028-20260913_210636,Carol,Lewis,louis74@example.com,1990-09-09,0113 496 0956,"3 Gallagher Park
Port Timothy
E5T 2DA",Female,Eastfield Psychological Services NHS Trust,Asian,China,Dependent,AHP,Radiographer,Women & Children,6,25.24,2016-10-20,2016-11-24,37.5,1.0,NMC,Permanent,On Leave,ZI716313,2028-11-01,JX498267,2028-04-12,2027-03-15,2016-11-10
EMP0029-20260913_210636,Bethan,Williams,sbond@example.org,1970-11-29,01214960895,"Studio 81
Murphy Port
North Dawn
W61 2XU",Male,Greenhaven Acute & Specialist Care NHS Trust,Asian,China,British Citizen,Medical,Registrar,Emergency & Urgent Care,SPR,39.23,2023-04-04,2023-05-02,20.0,0.53,NMC,Bank,On Leave,ER049897,2030-01-04,AD646618,2027-04-22,2027-07-23,2023-04-25
EMP0030-20260913_210636,Caroline,Jackson,brucethompson@example.net,1983-10-22,+4429 2018399,"0 Lloyd Ridge
Reevesside
HD8X 8XL",Female,Broadfield Clinical Services NHS Trust,Mixed,Barbados,British Citizen,AHP,Physiologist,Clinical Support Services,6,23.47,2019-01-04,2019-02-15,15.0,0.4,NMC,Bank,Suspended,YG692793,2027-12-18,HW630750,2030-08-04,2027-05-01,2019-01-25
EMP0031-20260913_210636,Barry,Graham,lynchmichael@example.org,1984-03-05,0151 4960955,"251 Grace Curve
New Joanna
S68 4RR",Female,Horizon Integrated Health Partnership NHS Trust,Black,Jamaica,British Citizen,Nursing,Staff Nurse,Women & Children,5,19.85,2017-07-17,2017-08-21,30.0,0.8,NMC,Permanent,Suspended,YF012478,2027-09-03,ZO981847,2026-10-14,2027-01-03,2017-08-07
EMP0032-20260913_210636,Gail,Booth,vcoates@example.net,1967-03-13,029 2018 0421,"Flat 81
Allan Mountains
Lake Lewis
PL55 9ZL",Male,Bluewater Community & Rehabilitation NHS Trust,Black,Nigeria,ILR,Medical,Registrar,Clinical Support Services,SPR,42.29,2022-09-11,2022-10-09,18.75,0.5,None,Permanent,On Leave,MX411875,2026-09-20,UT256310,2028-07-31,2027-08-25,2022-10-02
EMP0033-20260913_210636,Arthur,White,wsmith@example.net,1986-10-30,0131 496 0222,"Flat 51q
Turner Mountain
Victoriaton
ZE8 4TY",Male,Northwood Mental Health NHS Trust,Mixed,Canada,ILR,Medical,GP,Women & Children,GP,57.31,2024-06-12,2024-07-17,15.0,0.4,NMC,Bank,Active,KK125416,2029-04-04,XF723975,2031-05-22,2027-03-28,2024-07-03
EMP0034-20260913_210636,Joyce,Patel,hrhodes@example.net,2008-04-02,(0151) 4960277,"7 Townsend Way
Sallyport
W6 6XY",Female,Southvale Hospitals NHS Trust,Black,Ghana,Skilled Worker,AHP,Radiographer,Surgery & Cancer,6,22.58,2017-08-05,2017-09-16,30.0,0.8,GMC,Fixed Term,Inactive,AU293974,2028-10-07,RH744979,2027-05-12,2026-10-17,2017-08-26
EMP0035-20260913_210636,Michael,Price,taylordeclan@example.org,1978-02-03,+44113 496 0941,"Studio 70F
Deborah Trafficway
South Mohamedmouth
N0U 1UG",Male,Broadfield Clinical Services NHS Trust,Mixed,South Africa,British Citizen,Nursing,Nursery Nurse,Corporate Services,2,14.23,2025-12-07,2026-01-18,18.75,0.5,HCPC,Bank,Active,EY598157,2031-02-02,GE633275,2029-10-15,2026-09-27,2025-12-28
EMP0036-20260913_210636,Philip,Williams,heatherfarrell@example.org,1968-03-17,+44115 496 0140,"80 Stanley Cliff
Lewisfurt
E7 7ZT",Female,Westborough Acute Care NHS Trust,Black,Barbados,British Citizen,Medical,Registrar,Corporate Services,SPR,34.61,2020-04-18,2020-05-23,15.0,0.4,NMC,Fixed Term,On Leave,YW559239,2028-07-05,QC859017,2028-10-18,2027-07-16,2020-05-09
EMP0037-20260913_210636,Rosie,Thomas,hollie80@example.com,1985-03-01,01164960782,"Flat 37f
O'Neill Grove
Hollandmouth
GU8M 1EB",Male,Bluewater Community & Rehabilitation NHS Trust,Black,Barbados,Skilled Worker,Medical,Registrar,Critical Care & Anaesthesia,SPR,35.81,2022-04-14,2022-05-12,20.0,0.53,None,Permanent,Active,TX945879,2028-04-17,HZ631984,2028-10-19,2027-08-14,2022-05-05
EMP0038-20260913_210636,Dawn,Knowles,juliaclayton@example.net,1985-10-11,+44(0)1914960706,"Studio 64
Jordan Gardens
Nicolaborough
NE3X 9NA",Male,Riverbank General Hospitals NHS Trust,Mixed,New Zealand,Dependent,Medical,GP,Surgery & Cancer,GP,52.95,2018-06-17,2018-07-15,30.0,0.8,HCPC,Permanent,Active,LK219318,2027-09-16,VJ885060,2027-08-04,2027-09-11,2018-07-08
EMP0039-20260913_210636,Naomi,Roberts,xkhan@example.com,1967-10-14,+44808 1570618,"Flat 21
Josephine Islands
West Louise
HG29 7LR",Female,Southvale Hospitals NHS Trust,Mixed,Trinidad and Tobago,British Citizen,AHP,Physiotherapist,Medicine & Acute Care,6,27.46,2021-06-13,2021-07-25,37.5,1.0,None,Bank,Inactive,BH239274,2028-08-02,EG453902,2031-08-17,2026-12-30,2021-07-04
EMP0040-20260913_210636,Clare,Hart,martyn27@example.com,1976-06-30,+44(0)114 4960122,"Flat 47c
Jasmine Via
New Kieran
BB6 0EB",Male,Hillcrest Medical Centres NHS Trust,Asian,Thailand,ILR,AHP,Speech Therapist,Critical Care & Anaesthesia,6,25.38,2020-11-18,2020-12-30,15.0,0.4,HCPC,Fixed Term,Suspended,VO824339,2028-08-17,BY943540,2030-10-16,2027-02-04,2020-12-09
EMP0041-20260913_210636,Patrick,Hale,dennis33@example.org,1979-01-16,+44(0)141 4960217,"3 Jordan Cove
Port Callum
M2D 4TY",Male,Horizon Integrated Health Partnership NHS Trust,Mixed,United States,ILR,Nursing,Healthcare Assistant,Emergency & Urgent Care,2,14.18,2023-05-04,2023-06-01,15.0,0.4,HCPC,Bank,Suspended,EM177034,2029-01-04,BC191211,2027-09-05,2027-01-23,2023-05-25
EMP0042-20260913_210636,Garry,King,mohammad81@example.com,1970-02-28,(0117) 4960928,"853 Begum Mountain
New Marion
SE75 8DG",Female,Riverbank General Hospitals NHS Trust,Asian,Thailand,Dependent,AHP,Pharmacist,Clinical Support Services,5,20.26,2023-06-08,2023-07-20,15.0,0.4,None,Bank,Inactive,NG401598,2030-10-28,CW997348,2029-12-15,2027-05-09,2023-06-29
EMP0043-20260913_210636,Alice,McLean,damien41@example.com,1971-01-06,(0191) 496 0446,"8 Ruth Flats
Port Dylan
E77 9YD",Female,Northshire University Hospitals NHS Trust,Asian,Japan,Dependent,Admin,Data Analyst,Medicine & Acute Care,8A,31.31,2021-03-09,2021-04-13,15.0,0.4,None,Fixed Term,Inactive,EU064996,2031-07-25,YZ949701,2027-04-30,2027-08-11,2021-03-30
EMP0044-20260913_210636,Donna,Harris,zhoward@example.net,2001-04-08,(0116) 4960898,"047 Amanda Roads
Jeanside
TF9Y 0BY",Female,Westmere Community Health NHS Trust,Asian,India,Dependent,Nursing,Ward Manager,Emergency & Urgent Care,8A,31.38,2018-05-07,2018-06-04,18.75,0.5,GMC,Permanent,Suspended,VW643845,2028-03-07,SF209488,2029-11-14,2027-09-09,2018-05-28
EMP0045-20260913_210636,Joe,Davies,amberdyer@example.org,1994-05-22,0808 157 0202,"Studio 53
Scott Trail
Wilsonstad
E8 3ZD",Male,Westborough Acute Care NHS Trust,White,United Kingdom,ILR,Admin,Medical Secretary,Emergency & Urgent Care,4,16.03,2020-02-29,2020-04-04,30.0,0.8,None,Permanent,Suspended,CA961609,2027-09-16,OG349497,2028-10-01,2027-06-09,2020-03-21
EMP0046-20260913_210636,Frances,Garner,chelsea96@example.org,1965-02-01,+44121 496 0551,"7 Hancock Parkway
Leeshire
S3 2GD",Female,Broadfield Clinical Services NHS Trust,White,Canada,Skilled Worker,Nursing,Healthcare Assistant,Corporate Services,2,13.94,2022-06-24,2022-07-29,37.5,1.0,GMC,Bank,Suspended,EO477693,2029-09-23,QI456508,2027-03-21,2027-06-06,2022-07-15
EMP0047-20260913_210636,Mark,Watts,lwillis@example.net,1987-07-19,(0131)4960775,"Flat 66B
Hughes Cove
Joebury
IP7 0XU",Female,Northwood Mental Health NHS Trust,Asian,India,Skilled Worker,Admin,Administrator,Clinical Support Services,3,15.76,2022-07-23,2022-08-27,15.0,0.4,None,Fixed Term,On Leave,IK475980,2026-10-15,HT554165,2029-12-07,2027-07-27,2022-08-13
EMP0048-20260913_210636,Jessica,Fleming,ellisnicola@example.com,2004-01-31,+44(0)191 496 0619,"Flat 82b
Smith Flat
Nigelhaven
G8D 5JN",Female,Riverbank General Hospitals NHS Trust,White,Australia,Skilled Worker,Medical,SHO,Surgery & Cancer,SHO,25.2,2019-03-27,2019-05-08,20.0,0.53,GMC,Fixed Term,Inactive,AP832165,2030-07-16,YM642002,2030-09-05,2027-05-26,2019-04-17
EMP0049-20260913_210636,Sean,Young,leon22@example.org,1970-04-19,(0808) 157 0809,"Studio 37
Bernard Spur
Wilsonborough
SK9 9US",Female,Broadfield Clinical Services NHS Trust,Asian,India,Dependent,Medical,FY1/FY2,Critical Care & Anaesthesia,FY1,20.96,2021-02-24,2021-04-07,37.5,1.0,NMC,Permanent,Active,FM712447,2027-02-18,SJ324146,2029-03-31,2026-10-03,2021-03-17
EMP0050-20260913_210636,Duncan,Pratt,sykeslisa@example.com,1992-03-29,028 9018 0311,"Studio 80
Bailey Center
Boothstad
RM3 4BZ",Female,Bluewater Community & Rehabilitation NHS Trust,Asian,India,British Citizen,Medical,FY1/FY2,Critical Care & Anaesthesia,FY1,19.91,2020-11-02,2020-11-30,18.75,0.5,NMC,Bank,Inactive,CR935456,2030-01-30,MP091756,2031-08-23,2027-01-17,2020-11-23
EMP0051-20260913_210636,Denise,Jones,mdaniels@example.com,1969-03-10,+44(0)909 879 0493,"21 Brett Cove
Port Kayleighstad
M07 1WQ",Female,Eastmoor Teaching Hospitals NHS Trust,White,Australia,ILR,Medical,Consultant,Medicine & Acute Care,CONS,49.01,2026-05-03,2026-06-14,37.5,1.0,GMC,Bank,Suspended,WO220283,2027-11-02,HJ863372,2027-01-31,2027-05-31,2026-05-24
EMP0052-20260913_210636,Gerard,Gray,hughesjosh@example.net,1982-03-20,+44(0)131 496 0290,"05 Francis Lodge
West Hollymouth
HR83 5NZ",Female,Riverside Integrated Care NHS Trust,Black,Ghana,Dependent,Admin,Administrator,Surgery & Cancer,3,15.16,2022-03-11,2022-04-08,18.75,0.5,NMC,Bank,Active,OV127481,2028-03-02,XN411846,2026-10-18,2027-01-01,2022-04-01
EMP0053-20260913_210636,Dean,Gardner,twallis@example.net,1982-09-05,+442074960328,"3 Brandon Point
Oliverbury
W8K 8LP",Female,Bluewater Community & Rehabilitation NHS Trust,Mixed,United Kingdom,Dependent,Nursing,Healthcare Assistant,Emergency & Urgent Care,2,14.16,2020-12-08,2021-01-19,37.5,1.0,GMC,Bank,Inactive,LE922053,2027-01-14,GI903892,2029-11-02,2027-03-11,2020-12-29
EMP0054-20260913_210636,Gregory,Williams,ubrown@example.org,2006-04-25,+44909 879 0809,"Studio 48Z
Abbott Spring
Thorntonmouth
E95 1DS",Male,Riverbank General Hospitals NHS Trust,Black,Nigeria,ILR,Nursing,Staff Nurse,Corporate Services,5,21.65,2018-07-09,2018-08-13,30.0,0.8,GMC,Permanent,Suspended,WU971930,2030-12-16,QG256741,2029-02-03,2027-04-18,2018-07-30
EMP0055-20260913_210636,Joseph,Gray,gthomas@example.net,1968-03-19,+44(0)141 496 0292,"4 Marcus Village
Kerryshire
M6 3SS",Female,Greenhaven Acute & Specialist Care NHS Trust,White,Canada,ILR,AHP,Speech Therapist,Medicine & Acute Care,6,26.79,2023-02-24,2023-04-07,18.75,0.5,None,Bank,Inactive,MV267174,2027-10-21,UG653150,2029-06-30,2027-02-01,2023-03-17
EMP0056-20260913_210636,Hayley,Davies,ryan31@example.org,2001-07-12,+441144960289,"Studio 6
Phillips Junctions
Port Stephanieport
BR24 4TL",Female,Westborough Acute Care NHS Trust,White,United Kingdom,Skilled Worker,Nursing,Staff Nurse,Surgery & Cancer,5,19.57,2020-10-27,2020-12-08,37.5,1.0,NMC,Fixed Term,Suspended,TE940562,2030-02-12,DZ881054,2027-03-17,2027-05-06,2020-11-17
EMP0057-20260913_210636,Gemma,Allan,wparsons@example.com,2000-06-29,+44909 8790530,"Studio 9
Green Track
East Victor
ZE1E 7ER",Female,Greenhaven Acute & Specialist Care NHS Trust,Black,Trinidad and Tobago,ILR,Admin,Data Analyst,Emergency & Urgent Care,8A,30.13,2017-12-06,2018-01-03,15.0,0.4,GMC,Fixed Term,Inactive,UM932919,2029-07-01,NP155223,2027-08-12,2026-10-13,2017-12-27
EMP0058-20260913_210636,Martin,Pritchard,allangibbs@example.com,1964-02-05,+4428 9018 0195,"0 Cole Square
New Eileen
L99 1EJ",Male,Eastmoor Teaching Hospitals NHS Trust,Mixed,India,Dependent,Medical,GP,Corporate Services,GP,59.97,2025-01-23,2025-02-27,30.0,0.8,None,Permanent,On Leave,SO226636,2027-08-21,IQ811927,2029-07-05,2027-02-02,2025-02-13
EMP0059-20260913_210636,Cheryl,Jones,wendy11@example.com,1995-01-03,+44118 4960060,"Studio 87S
Clarke Cliff
South Leannefurt
G0S 9XE",Female,Oakridge Community Services NHS Trust,Mixed,Australia,ILR,Admin,Administrator,Surgery & Cancer,3,16.08,2022-08-05,2022-09-09,15.0,0.4,None,Permanent,Suspended,XP807571,2028-10-22,IO712633,2026-12-02,2027-03-27,2022-08-26
EMP0060-20260913_210636,Abigail,Brown,nsimpson@example.com,1973-09-24,(0115) 4960410,"Flat 5
Ali Fall
East Guy
ML6E 0ST",Female,Eastmoor Teaching Hospitals NHS Trust,Mixed,Nigeria,Skilled Worker,Nursing,Healthcare Assistant,Medicine & Acute Care,2,13.32,2025-11-20,2026-01-01,15.0,0.4,None,Bank,Active,OW226514,2027-08-23,HD538757,2030-11-22,2027-06-05,2025-12-11
EMP0061-20260913_210636,Gemma,Lewis,kevin07@example.net,1987-09-24,(0151) 4960413,"Studio 2
Hussain Creek
Evansburgh
W4E 9PY",Female,Oakridge Community Services NHS Trust,Black,Jamaica,ILR,Admin,Medical Secretary,Women & Children,4,18.38,2024-01-05,2024-02-02,37.5,1.0,None,Permanent,On Leave,KZ388346,2029-07-22,MS111914,2028-07-04,2027-02-21,2024-01-26
EMP0062-20260913_210636,Sarah,Parsons,neil17@example.org,1980-10-07,0909 879 0543,"4 Patel Mission
Turnerfurt
W1 4SQ",Male,Hillcrest Medical Centres NHS Trust,White,Canada,British Citizen,Nursing,Charge Nurse,Medicine & Acute Care,7,28.33,2026-01-08,2026-02-12,18.75,0.5,GMC,Bank,On Leave,PB267529,2028-08-08,XV636259,2029-02-21,2027-01-25,2026-01-29
EMP0063-20260913_210636,Ashleigh,Spencer,tdixon@example.net,1985-10-20,01214960716,"Flat 1
Jack Extensions
Youngton
PA99 6ET",Male,Southgate Community & Mental Health NHS Trust,White,New Zealand,British Citizen,Medical,SHO,Critical Care & Anaesthesia,SHO,24.8,2026-06-02,2026-07-14,15.0,0.4,HCPC,Bank,Active,RW811863,2030-04-02,TQ747036,2027-09-08,2027-07-16,2026-06-23
EMP0064-20260913_210636,Raymond,Hayward,ovincent@example.org,1994-05-27,+441514960036,"9 Mathew Villages
Lewisshire
PO3P 4DA",Male,Hillcrest Medical Centres NHS Trust,Black,Trinidad and Tobago,Dependent,Medical,Registrar,Clinical Support Services,SPR,33.93,2024-09-30,2024-11-11,18.75,0.5,None,Bank,Active,FC028450,2027-02-14,TC199761,2027-10-18,2026-10-02,2024-10-21
EMP0065-20260913_210636,Charles,Rowley,dorothyberry@example.com,1974-12-23,+44191 496 0270,"Flat 81
Martin Lodge
New Vincentview
N70 9TP",Male,Westmere Community Health NHS Trust,Black,Nigeria,ILR,Admin,Medical Secretary,Critical Care & Anaesthesia,4,18.08,2018-05-07,2018-06-18,20.0,0.53,GMC,Bank,Suspended,LX857754,2029-12-02,JY157879,2027-03-20,2027-07-09,2018-05-28
EMP0066-20260913_210636,Rosie,Fletcher,derekhoward@example.com,1961-12-08,+44(0)151 4960082,"561 Rose Field
McDonaldmouth
N8 5FR",Female,Northwood Mental Health NHS Trust,White,United States,Dependent,Medical,Consultant,Women & Children,CONS,65.59,2026-01-30,2026-03-13,18.75,0.5,None,Bank,Suspended,MR456309,2029-09-22,BT409013,2028-01-12,2027-09-04,2026-02-20
EMP0067-20260913_210636,Mohammed,Carter,jwalker@example.com,1973-12-11,(029) 2018331,"Studio 00
Murray Mountains
East Callumshire
NG7R 7YS",Male,Southgate Community & Mental Health NHS Trust,Asian,India,British Citizen,AHP,Radiographer,Surgery & Cancer,6,26.61,2022-07-11,2022-08-15,15.0,0.4,NMC,Bank,On Leave,IM429126,2027-03-24,OG362151,2031-01-22,2026-12-27,2022-08-01
EMP0068-20260913_210636,Derek,Mitchell,dawnwood@example.org,1986-04-18,+441314960237,"332 Watson Prairie
West Yvonne
WS08 1RY",Female,Midlands Central Hospitals NHS Trust,Asian,Japan,Dependent,Medical,SHO,Women & Children,SHO,23.76,2021-07-01,2021-08-05,30.0,0.8,HCPC,Fixed Term,On Leave,JG171381,2028-08-24,SU764575,2031-05-06,2027-07-28,2021-07-22
EMP0069-20260913_210636,Hilary,Jones,stephenmarshall@example.com,1983-01-30,03069990412,"043 Marilyn Meadows
Armstrongton
NP09 0EL",Female,Broadfield Clinical Services NHS Trust,White,New Zealand,ILR,Nursing,Senior Staff Nurse,Corporate Services,6,25.8,2026-03-07,2026-04-18,30.0,0.8,HCPC,Fixed Term,Suspended,SO631321,2029-07-02,NW451730,2027-06-07,2026-10-02,2026-03-28
EMP0070-20260913_210636,Ruth,Roberts,frances25@example.net,1965-03-06,+443069990460,"Studio 03
Kieran Hill
Joanstad
S4B 4PG",Male,Southvale Hospitals NHS Trust,Black,Barbados,Dependent,AHP,Physiologist,Women & Children,6,25.0,2020-05-07,2020-06-18,15.0,0.4,GMC,Fixed Term,Active,LK460696,2027-08-23,JH371162,2030-04-26,2027-02-25,2020-05-28
EMP0071-20260913_210636,Naomi,Ross,bparry@example.net,1988-01-12,01632960014,"59 O'Brien Pines
North Jenniferborough
FY9A 1FX",Female,Eastmoor Teaching Hospitals NHS Trust,Mixed,Ghana,British Citizen,Admin,Receptionist,Medicine & Acute Care,3,16.08,2020-10-17,2020-11-28,15.0,0.4,HCPC,Bank,On Leave,TD639862,2029-02-23,RT338480,2031-07-31,2027-04-03,2020-11-07
EMP0072-20260913_210636,Callum,Wood,odonnellnicholas@example.net,1986-01-14,(01632) 960868,"Studio 1
Beth Turnpike
Jacktown
W2K 0GZ",Male,Lakeside District Hospitals NHS Trust,Mixed,South Africa,British Citizen,Medical,FY1/FY2,Critical Care & Anaesthesia,FY1,19.26,2023-10-03,2023-11-07,18.75,0.5,None,Bank,Suspended,KG943530,2031-03-03,PR602430,2028-04-12,2027-01-09,2023-10-24
EMP0073-20260913_210636,Glenn,Hunt,jacob03@example.com,1994-10-27,+44(0)3069990140,"24 Brown Glens
Port Natalie
S00 9DA",Female,Riverside Integrated Care NHS Trust,White,Canada,Dependent,Admin,Data Analyst,Critical Care & Anaesthesia,8A,35.57,2024-09-03,2024-10-01,20.0,0.53,None,Fixed Term,On Leave,UX819628,2030-05-24,AD929083,2027-12-24,2027-04-10,2024-09-24
EMP0074-20260913_210636,Jamie,Whittaker,glenn00@example.net,1998-12-31,0808 157 0676,"Studio 84
Rogers Bypass
Guyside
B8S 3YT",Female,Southgate Community & Mental Health NHS Trust,White,New Zealand,Dependent,Admin,Data Analyst,Clinical Support Services,8A,30.71,2017-11-27,2018-01-08,20.0,0.53,GMC,Bank,On Leave,AT714994,2027-07-21,TS218777,2029-09-02,2027-04-21,2017-12-18
EMP0075-20260913_210636,Amber,Hughes,hcarter@example.org,1976-10-01,0289018644,"Flat 1
Hawkins Bridge
Georginatown
G66 6EG",Male,Westborough Acute Care NHS Trust,Mixed,New Zealand,Dependent,Nursing,Ward Manager,Critical Care & Anaesthesia,8A,30.28,2017-08-12,2017-09-09,30.0,0.8,HCPC,Permanent,Suspended,CG428802,2030-01-26,VN905456,2027-09-27,2027-04-18,2017-09-02
EMP0076-20260913_210636,Julie,Campbell,toby25@example.org,1991-09-19,020 7946 0580,"Flat 7
Morris Shores
Whiteheadstad
CF4 4AY",Female,Lakeside District Hospitals NHS Trust,Mixed,South Africa,Dependent,Nursing,Nursery Nurse,Emergency & Urgent Care,2,13.24,2018-04-20,2018-05-18,18.75,0.5,None,Fixed Term,Active,TI740483,2030-03-03,QB381059,2031-08-19,2027-09-01,2018-05-11
EMP0077-20260913_210636,Charlotte,Williams,stonebeth@example.net,1974-10-30,(028)9018503,"3 Hall Springs
Thomasburgh
E00 8TZ",Female,Westmere Community Health NHS Trust,White,New Zealand,British Citizen,Nursing,Senior Staff Nurse,Women & Children,6,28.15,2020-08-28,2020-09-25,20.0,0.53,GMC,Bank,Active,LB440335,2026-11-15,IO221706,2029-05-31,2027-08-15,2020-09-18
EMP0078-20260913_210636,Thomas,Harris,linda89@example.org,1993-09-03,(0151)4960958,"770 Haynes Rapids
South Dennisview
N0F 4PS",Female,Southvale Hospitals NHS Trust,Mixed,Japan,ILR,Admin,Data Analyst,Medicine & Acute Care,8A,32.85,2025-11-06,2025-12-18,18.75,0.5,HCPC,Fixed Term,Suspended,WV909754,2027-07-06,LM185009,2028-10-13,2027-09-03,2025-11-27
EMP0079-20260913_210636,Francesca,Clarke,dannycarter@example.net,1988-04-01,(0114)4960581,"1 Lewis Crossroad
West Jeanfurt
FK6 0ZJ",Male,Oakridge Community Services NHS Trust,Asian,India,Dependent,Nursing,Ward Manager,Women & Children,8A,32.73,2020-11-12,2020-12-10,20.0,0.53,NMC,Fixed Term,Inactive,VY222928,2030-04-16,TV012209,2030-06-09,2027-05-13,2020-12-03
EMP0080-20260913_210636,Dale,Hunter,norman38@example.net,1978-09-09,+44(0)117 4960509,"Studio 53
Carl Springs
South Elizabeth
CW6B 7JW",Male,Riverbank General Hospitals NHS Trust,Mixed,New Zealand,British Citizen,Admin,Medical Secretary,Critical Care & Anaesthesia,4,17.05,2023-10-15,2023-11-26,37.5,1.0,GMC,Fixed Term,Suspended,IY319625,2027-09-07,UE439123,2028-06-17,2027-03-03,2023-11-05
EMP0081-20260913_210636,Abdul,Smith,suzanne55@example.org,1987-03-16,(01632) 960 238,"Studio 8
Robson Viaduct
Lake Bethanfort
M1H 8TY",Male,Greenhaven Acute & Specialist Care NHS Trust,Black,Kenya,ILR,Nursing,Nursery Nurse,Emergency & Urgent Care,2,14.35,2018-06-16,2018-07-28,15.0,0.4,None,Fixed Term,Suspended,JO686442,2031-05-15,GT857444,2028-05-25,2026-10-24,2018-07-07
EMP0082-20260913_210636,Lewis,Stevenson,wilsonchloe@example.net,1969-11-27,+44(0)29 2018 0519,"9 Stewart Track
Nigeltown
AB7 9RT",Male,Riverside Integrated Care NHS Trust,Black,Kenya,Skilled Worker,Admin,Receptionist,Medicine & Acute Care,3,15.8,2024-08-13,2024-09-24,18.75,0.5,NMC,Fixed Term,On Leave,QW853795,2031-01-01,BR406960,2028-12-24,2027-06-11,2024-09-03
EMP0083-20260913_210636,Teresa,Shaw,hudsondouglas@example.net,1995-04-10,+44(0)1154960235,"711 Pritchard Pines
Herbertview
WC42 7JB",Male,Lakeside District Hospitals NHS Trust,White,New Zealand,Dependent,Nursing,Ward Manager,Women & Children,8A,31.92,2025-03-22,2025-04-26,18.75,0.5,NMC,Fixed Term,Suspended,NT981391,2030-01-10,GG956081,2027-11-16,2027-06-13,2025-04-12
EMP0084-20260913_210636,Norman,Hooper,ymorgan@example.com,1994-12-24,(020) 74960369,"254 Slater Valley
New Jeffrey
TW5H 1GD",Male,Westborough Acute Care NHS Trust,Black,Kenya,Dependent,Admin,Administrator,Clinical Support Services,3,13.74,2019-02-21,2019-04-04,30.0,0.8,None,Permanent,On Leave,QE979318,2030-05-31,FI606353,2030-04-15,2027-04-12,2019-03-14
EMP0085-20260913_210636,Stewart,Archer,charlesnorris@example.com,1969-04-27,(0117)4960076,"001 Jeremy Prairie
West Karl
WD28 7LF",Female,Greenhaven Acute & Specialist Care NHS Trust,Asian,Thailand,British Citizen,Medical,Consultant,Surgery & Cancer,CONS,52.87,2020-03-13,2020-04-17,20.0,0.53,NMC,Permanent,On Leave,QK234251,2029-04-10,YM359285,2029-04-04,2027-05-29,2020-04-03
EMP0086-20260913_210636,Marie,Wright,tuckerlorraine@example.org,1984-08-21,+44191 496 0515,"Studio 37y
Diane Isle
North Glenfort
G3 0GJ",Female,Riverbank General Hospitals NHS Trust,Asian,Thailand,Dependent,Nursing,Charge Nurse,Corporate Services,7,29.29,2020-04-07,2020-05-19,20.0,0.53,None,Fixed Term,On Leave,OT990470,2027-11-04,NX937066,2030-06-08,2027-06-10,2020-04-28
EMP0087-20260913_210636,Jason,Ferguson,elainenorman@example.org,2004-09-17,+44(0)1314960127,"Studio 71U
Sandra Summit
Lake Barbara
PR3 3JA",Male,Eastfield Psychological Services NHS Trust,Black,Barbados,Dependent,AHP,Physiologist,Women & Children,6,22.67,2019-01-04,2019-02-15,30.0,0.8,GMC,Permanent,Inactive,YF905302,2030-04-03,TO803995,2029-03-04,2027-01-08,2019-01-25
EMP0088-20260913_210636,Eleanor,Crawford,adamsmary@example.com,1976-03-05,+44(0)1914960501,"Studio 01
Leanne Roads
Thomasside
N7U 1TZ",Female,Eastfield Psychological Services NHS Trust,White,Canada,Skilled Worker,Nursing,Healthcare Assistant,Critical Care & Anaesthesia,2,13.56,2024-03-13,2024-04-17,37.5,1.0,HCPC,Fixed Term,On Leave,AE572614,2031-04-25,GL437234,2030-03-13,2026-11-11,2024-04-03
EMP0089-20260913_210636,Beverley,Hodgson,rhysharrison@example.net,1988-12-27,0114 4960061,"83 Johnson Port
New Janicestad
B62 7HS",Male,Oakridge Community Services NHS Trust,Mixed,Trinidad and Tobago,Skilled Worker,Admin,Data Analyst,Corporate Services,8A,32.4,2022-11-23,2023-01-04,37.5,1.0,None,Permanent,On Leave,TM689595,2029-07-09,XT111273,2027-07-07,2027-08-06,2022-12-14
EMP0090-20260913_210636,Jenna,Patel,wdunn@example.com,1984-05-21,+44114 496 0254,"Studio 5
Burns Ramp
Damienland
DY8B 3QU",Male,Riverbank General Hospitals NHS Trust,Black,Trinidad and Tobago,ILR,Admin,Administrator,Corporate Services,3,14.07,2024-01-12,2024-02-16,37.5,1.0,GMC,Permanent,Suspended,CU472821,2026-12-27,HG897182,2031-08-27,2027-03-03,2024-02-02
EMP0091-20260913_210636,Tony,King,unicholls@example.com,2001-12-08,(01632)960063,"6 Hunter Mountain
New Keith
L3 4WA",Male,Northwood Mental Health NHS Trust,Asian,India,Skilled Worker,Medical,Consultant,Critical Care & Anaesthesia,CONS,62.89,2017-10-29,2017-12-03,30.0,0.8,None,Fixed Term,Active,IN312983,2030-08-20,ER361349,2029-03-22,2027-04-02,2017-11-19
EMP0092-20260913_210636,Allan,Hodgson,kim29@example.net,1982-05-24,+441632960850,"7 Wilkinson Throughway
Stuartfurt
W8T 7RT",Male,Westmere Community Health NHS Trust,Mixed,United States,Dependent,AHP,Physiologist,Critical Care & Anaesthesia,6,27.51,2021-03-30,2021-04-27,18.75,0.5,None,Bank,Inactive,QQ634050,2027-06-15,NM680821,2030-04-05,2027-03-20,2021-04-20
EMP0093-20260913_210636,Charlotte,Smith,charles16@example.net,1980-03-20,+44289018166,"Studio 92x
Cox Streets
Hayesborough
NR6H 2UA",Female,Broadfield Clinical Services NHS Trust,Mixed,United Kingdom,Dependent,Nursing,Healthcare Assistant,Clinical Support Services,2,12.74,2026-08-08,2026-09-12,20.0,0.53,NMC,Bank,Suspended,VH093118,2029-11-18,DW887056,2030-10-07,2027-01-08,2026-08-29
EMP0094-20260913_210636,Daniel,Cox,mooreowen@example.net,1984-06-03,+44(0)118 4960714,"117 Simpson Drives
Daviesborough
CO7E 5NA",Male,Valleyview Mental Wellness NHS Trust,Asian,India,ILR,Admin,Data Analyst,Emergency & Urgent Care,8A,33.74,2017-11-01,2017-12-06,20.0,0.53,HCPC,Fixed Term,Active,MM917053,2027-08-09,SC196999,2030-04-09,2027-02-10,2017-11-22
EMP0095-20260913_210636,Olivia,Gregory,hardysamuel@example.net,1970-11-09,+44(0)191 496 0708,"694 White Road
East Stewartberg
KW4V 6UU",Male,Broadfield Clinical Services NHS Trust,White,New Zealand,Dependent,Medical,FY1/FY2,Corporate Services,FY1,20.86,2017-09-27,2017-10-25,37.5,1.0,NMC,Fixed Term,Inactive,WR660410,2028-10-15,LH252524,2029-01-04,2026-10-29,2017-10-18
EMP0096-20260913_210636,Victoria,Brennan,gerardmorris@example.org,1970-12-20,+44(0)2074960861,"664 Wood Circle
North Lukeside
PE53 0WE",Female,Eastmoor Teaching Hospitals NHS Trust,Black,South Africa,British Citizen,Nursing,Charge Nurse,Emergency & Urgent Care,7,27.56,2019-07-16,2019-08-20,20.0,0.53,HCPC,Bank,Active,JV788331,2029-10-11,MH295392,2028-12-31,2027-04-02,2019-08-06
EMP0097-20260913_210636,Justin,Henderson,jnaylor@example.net,1987-03-07,+44(0)1144960259,"Studio 6
Price Terrace
Georgiaburgh
B55 8BQ",Female,Southgate Community & Mental Health NHS Trust,Asian,Thailand,Dependent,Admin,Data Analyst,Corporate Services,8A,31.93,2026-03-10,2026-04-14,18.75,0.5,None,Bank,Suspended,IR091446,2027-11-16,ZZ676727,2026-10-09,2027-03-26,2026-03-31
EMP0098-20260913_210636,Rita,Shah,zjenkins@example.org,1967-11-20,+441184960902,"Studio 10
Jackson Fords
Daveyberg
DA6 6XX",Male,Meadowbrook Community Health NHS Trust,Black,Kenya,British Citizen,Medical,FY1/FY2,Medicine & Acute Care,FY1,20.03,2021-07-08,2021-08-12,30.0,0.8,NMC,Permanent,Inactive,RZ237879,2029-12-13,TL897801,2027-11-09,2027-02-06,2021-07-29
EMP0099-20260913_210636,Natalie,Harrison,barbara58@example.net,1983-03-31,(0191)4960718,"Flat 2
Baker Greens
Gibbsmouth
L57 3ZP",Female,Westmere Community Health NHS Trust,Black,Nigeria,British Citizen,AHP,Speech Therapist,Medicine & Acute Care,6,25.56,2023-01-14,2023-02-25,30.0,0.8,GMC,Bank,Suspended,PM484608,2030-08-30,SQ242430,2029-03-31,2027-02-14,2023-02-04
EMP0100-20260913_210636,Jayne,Watts,iainporter@example.org,2007-03-27,020 7946 0989,"85 Harris Center
Charlottebury
E82 3NW",Female,Hillcrest Medical Centres NHS Trust,White,Canada,ILR,AHP,Physiotherapist,Surgery & Cancer,6,27.03,2020-10-13,2020-11-17,20.0,0.53,NMC,Fixed Term,Suspended,SM190793,2027-03-19,MB387187,2027-09-05,2027-03-24,2020-11-03
EMP0101-20260913_210636,Gareth,Hayward,mary69@example.net,1967-08-16,(0116) 496 0056,"29 White Lodge
East Stephen
B74 0GL",Male,Westmere Community Health NHS Trust,Black,Nigeria,British Citizen,AHP,Physiologist,Corporate Services,6,25.85,2026-03-27,2026-05-08,18.75,0.5,None,Bank,Suspended,FF393282,2027-02-19,LU993535,2030-03-27,2027-06-27,2026-04-17
EMP0102-20260913_210636,Nicola,Hughes,deborah58@example.net,2001-06-03,+44(0)113 4960234,"120 Morgan Springs
Port Duncan
L1 0JR",Female,Midlands Central Hospitals NHS Trust,Asian,Thailand,Skilled Worker,Medical,GP,Corporate Services,GP,57.58,2019-10-01,2019-10-29,20.0,0.53,HCPC,Fixed Term,Suspended,OO670059,2028-10-30,VN144839,2027-09-06,2027-06-05,2019-10-22
EMP0103-20260913_210636,Leah,Evans,karl41@example.net,1983-03-07,+44(0)115 496 0716,"Flat 95M
Sutton Plain
Porterview
NR6 6ZB",Male,Hillcrest Medical Centres NHS Trust,Asian,China,British Citizen,Admin,Data Analyst,Medicine & Acute Care,8A,31.43,2017-07-21,2017-08-25,37.5,1.0,HCPC,Bank,On Leave,PT605456,2027-08-29,RW397814,2028-07-25,2027-07-29,2017-08-11
EMP0104-20260913_210636,Craig,Patterson,kennethreid@example.com,1965-12-22,(0117) 496 0368,"Flat 78
Ryan Ways
Royhaven
WC7M 5XE",Female,Westborough Acute Care NHS Trust,Mixed,Trinidad and Tobago,Skilled Worker,Medical,FY1/FY2,Critical Care & Anaesthesia,FY1,19.99,2018-08-19,2018-09-23,37.5,1.0,None,Permanent,On Leave,VV380987,2029-03-12,FC154049,2030-09-12,2026-12-08,2018-09-09
EMP0105-20260913_210636,Glenn,Burton,lbradshaw@example.net,1989-08-10,(0113) 4960587,"Flat 9
Sarah Park
Ireneport
BR9V 5LH",Male,Eastmoor Teaching Hospitals NHS Trust,Mixed,Australia,Dependent,Nursing,Nursery Nurse,Critical Care & Anaesthesia,2,13.48,2021-09-05,2021-10-10,15.0,0.4,GMC,Permanent,Active,XL964162,2031-03-11,BK249984,2027-02-18,2027-01-20,2021-09-26
EMP0106-20260913_210636,Lynn,Robinson,peterbell@example.net,1963-01-30,+4428 9018575,"Studio 35
Sullivan Forest
Brownton
L68 8FG",Female,Broadfield Clinical Services NHS Trust,Mixed,Jamaica,Dependent,Nursing,Ward Manager,Medicine & Acute Care,8A,35.5,2026-04-07,2026-05-12,15.0,0.4,NMC,Bank,Suspended,BG942068,2027-01-03,FM850311,2026-11-15,2027-04-22,2026-04-28
EMP0107-20260913_210636,Allan,Birch,aharrison@example.org,1995-06-27,029 2018 0086,"Flat 1
Elliot Ports
Connorport
L27 6SN",Female,Southgate Community & Mental Health NHS Trust,White,Australia,ILR,Admin,Medical Secretary,Clinical Support Services,4,15.48,2020-12-10,2021-01-21,15.0,0.4,NMC,Permanent,Inactive,OJ107220,2027-01-21,UD119691,2027-07-28,2026-11-18,2020-12-31
EMP0108-20260913_210636,Rachael,Moore,oryan@example.com,1989-01-05,(0114) 496 0378,"Flat 10D
Timothy Landing
Lesleymouth
PL1 6GH",Female,Valleyview Mental Wellness NHS Trust,White,Australia,British Citizen,Admin,Receptionist,Surgery & Cancer,3,14.02,2023-07-22,2023-08-26,20.0,0.53,NMC,Permanent,Active,WC339979,2031-06-22,FN666436,2031-02-21,2027-08-09,2023-08-12
EMP0109-20260913_210636,Lydia,Thompson,shawmark@example.net,1969-04-12,0141 4960450,"Studio 45
Doyle Glen
New Tomfurt
E46 0RF",Female,Midlands Central Hospitals NHS Trust,Asian,Japan,British Citizen,Admin,Data Analyst,Clinical Support Services,8A,29.36,2023-12-16,2024-01-27,15.0,0.4,NMC,Permanent,On Leave,EK086054,2028-02-28,HZ972536,2026-12-31,2027-01-07,2024-01-06
EMP0110-20260913_210636,Derek,Williams,sarah01@example.net,1979-05-27,(0121)4960374,"4 Robinson Square
East Frances
G3U 1UL",Male,Horizon Integrated Health Partnership NHS Trust,Black,Jamaica,British Citizen,Medical,GP,Clinical Support Services,GP,47.11,2017-09-06,2017-10-11,18.75,0.5,None,Fixed Term,Suspended,PQ865382,2027-09-02,PD541683,2030-04-11,2027-05-01,2017-09-27
EMP0111-20260913_210636,Stephen,Slater,brennanbrian@example.org,2005-11-05,+44141 4960744,"Studio 02
Chapman Brooks
North Lewis
N55 4FB",Male,Meadowbrook Community Health NHS Trust,Black,Ghana,British Citizen,AHP,Speech Therapist,Women & Children,6,27.13,2019-01-27,2019-03-10,20.0,0.53,None,Fixed Term,On Leave,AE912634,2030-01-09,KX328758,2027-02-27,2027-07-12,2019-02-17
EMP0112-20260913_210636,Charlie,Murray,donald27@example.net,1962-04-09,(0131) 4960953,"44 Amber Cape
Jillfurt
EX43 6ES",Male,Meadowbrook Community Health NHS Trust,Asian,China,ILR,Nursing,Charge Nurse,Women & Children,7,31.87,2019-02-07,2019-03-21,18.75,0.5,GMC,Permanent,Suspended,BU987070,2027-08-12,YJ299569,2028-01-15,2027-08-09,2019-02-28
EMP0113-20260913_210636,Chloe,Johnson,roger22@example.net,1990-09-14,+44(0)808 1570062,"Studio 83V
Smart Ford
Terenceport
L9 0JT",Male,Hillcrest Medical Centres NHS Trust,Black,Barbados,Skilled Worker,Admin,Receptionist,Women & Children,3,13.41,2020-08-09,2020-09-20,18.75,0.5,None,Fixed Term,Active,NR952740,2030-05-24,TJ257798,2029-10-17,2026-11-18,2020-08-30
EMP0114-20260913_210636,Robin,Reynolds,trevor55@example.com,1985-10-26,+44(0)1632960197,"03 Danielle Square
East Julieland
OX14 7UT",Female,Riverside Integrated Care NHS Trust,Asian,Japan,ILR,Medical,Registrar,Medicine & Acute Care,SPR,41.28,2018-12-01,2019-01-05,30.0,0.8,HCPC,Bank,Suspended,XU119038,2029-01-22,VS932987,2027-02-24,2026-10-09,2018-12-22
EMP0115-20260913_210636,Patrick,Stokes,stephenlewis@example.net,1999-02-14,+44(0)909 879 0615,"951 Brenda Mount
Robertsshire
RM9 1ZN",Male,Riverside Integrated Care NHS Trust,Black,South Africa,British Citizen,AHP,Physiologist,Women & Children,6,24.58,2021-07-21,2021-08-25,15.0,0.4,HCPC,Fixed Term,Inactive,IU109682,2028-02-15,KU292866,2029-09-28,2027-07-30,2021-08-11
EMP0116-20260913_210636,Kevin,Nixon,steelebrian@example.org,1985-10-22,(0121) 4960286,"Flat 08
Leah Underpass
Sharonville
G1 7HA",Female,Northwood Mental Health NHS Trust,Mixed,China,Dependent,AHP,Physiotherapist,Surgery & Cancer,6,23.77,2026-06-01,2026-06-29,20.0,0.53,HCPC,Fixed Term,On Leave,MT453738,2029-05-05,ER063143,2027-04-28,2027-01-17,2026-06-22
EMP0117-20260913_210636,Janice,White,lorraine20@example.net,1967-02-23,+44(0)29 2018722,"Studio 11s
Francis Forges
Jemmaberg
CM26 0NS",Female,Horizon Integrated Health Partnership NHS Trust,Mixed,United States,Skilled Worker,Admin,Receptionist,Women & Children,3,14.64,2019-11-11,2019-12-23,15.0,0.4,HCPC,Bank,Suspended,MC701811,2030-12-22,GG997335,2027-10-26,2027-06-27,2019-12-02
EMP0118-20260913_210636,Tracy,Patel,albert26@example.com,1973-05-25,0116 496 0748,"Flat 81
Higgins Ville
Port Jacqueline
NN7A 1PP",Female,Broadfield Clinical Services NHS Trust,Black,Nigeria,ILR,Nursing,Senior Staff Nurse,Clinical Support Services,6,24.9,2017-07-19,2017-08-23,30.0,0.8,HCPC,Permanent,Active,OS067615,2031-03-14,TK451882,2031-06-06,2027-02-14,2017-08-09
EMP0119-20260913_210636,Laura,Jones,rachelkhan@example.com,1994-03-02,0131 4960620,"9 Clifford Road
Port Mary
L1J 7NL",Male,Riverbank General Hospitals NHS Trust,Black,Trinidad and Tobago,British Citizen,AHP,Pharmacist,Surgery & Cancer,5,22.71,2022-12-25,2023-01-22,15.0,0.4,NMC,Permanent,On Leave,QK281866,2030-05-16,DD120473,2028-03-27,2026-10-29,2023-01-15
EMP0120-20260913_210636,Leonard,Buckley,qrobinson@example.org,1962-04-06,0306 9990418,"8 Allen Roads
East Clairehaven
PR8E 0WB",Female,Southgate Community & Mental Health NHS Trust,White,New Zealand,Skilled Worker,Medical,SHO,Medicine & Acute Care,SHO,26.78,2024-10-08,2024-11-05,37.5,1.0,NMC,Permanent,Inactive,VX192342,2028-02-16,KG671310,2027-11-25,2027-05-04,2024-10-29
EMP0121-20260913_210636,Megan,Bradshaw,browntrevor@example.org,1963-11-26,(0141)4960833,"Studio 54
Harding Expressway
West Paula
E83 7RW",Male,Valleyview Mental Wellness NHS Trust,Black,Barbados,Dependent,Medical,GP,Surgery & Cancer,GP,56.79,2022-05-17,2022-06-28,30.0,0.8,GMC,Bank,Inactive,UJ478587,2029-09-14,NR675685,2031-03-19,2027-05-23,2022-06-07
EMP0122-20260913_210636,Dale,Barnes,jill81@example.com,1971-05-05,(01632) 960 811,"Studio 9
Tucker Spring
North Samuelfort
CT73 8JE",Male,Westborough Acute Care NHS Trust,Mixed,Thailand,ILR,Medical,FY1/FY2,Critical Care & Anaesthesia,FY1,21.37,2023-11-22,2024-01-03,20.0,0.53,HCPC,Fixed Term,Suspended,GC161212,2030-12-06,NT040016,2027-01-14,2027-06-11,2023-12-13
EMP0123-20260913_210636,Natalie,Stewart,howardchelsea@example.org,1968-08-25,(0121) 496 0719,"Flat 2
Richardson Meadow
Shanestad
L4 9NQ",Male,Midlands Central Hospitals NHS Trust,Black,Ghana,Dependent,AHP,Pharmacist,Corporate Services,5,19.2,2023-03-12,2023-04-09,30.0,0.8,NMC,Bank,Inactive,AX810362,2029-08-15,CH506263,2031-07-29,2027-06-11,2023-04-02
EMP0124-20260913_210636,Gregory,Ali,shughes@example.net,1995-08-02,+44117 4960269,"060 Billy Way
South Colinchester
W93 4RG",Male,Valleyview Mental Wellness NHS Trust,Mixed,Ghana,Dependent,AHP,Pharmacist,Women & Children,5,21.74,2021-11-24,2022-01-05,18.75,0.5,NMC,Fixed Term,Inactive,LJ715479,2028-10-27,JO603216,2027-03-29,2026-12-21,2021-12-15
EMP0125-20260913_210636,Jake,Wilson,craiggail@example.com,1964-04-14,+441614960173,"Studio 8
Denis Greens
South Arthurfort
LE4A 9ZW",Male,Bluewater Community & Rehabilitation NHS Trust,Mixed,China,ILR,Medical,SHO,Surgery & Cancer,SHO,26.28,2020-11-11,2020-12-09,20.0,0.53,GMC,Bank,Suspended,KU290194,2029-05-16,AF294660,2031-04-29,2027-04-23,2020-12-02
EMP0126-20260913_210636,Kate,Peacock,halldaniel@example.org,1994-12-29,(028)9018627,"Flat 87k
Ward Rapids
West Mollyland
CT63 2AW",Male,Riverbank General Hospitals NHS Trust,Asian,India,British Citizen,Admin,Receptionist,Corporate Services,3,14.54,2025-07-02,2025-07-30,30.0,0.8,GMC,Fixed Term,On Leave,ZC838338,2027-09-30,XS049854,2030-02-05,2027-04-06,2025-07-23
EMP0127-20260913_210636,Jade,Johnson,abigail97@example.org,1979-10-22,(029) 2018 0735,"76 McKenzie Squares
Lake George
E20 8EZ",Male,Oakridge Community Services NHS Trust,Black,Jamaica,ILR,AHP,Speech Therapist,Clinical Support Services,6,26.95,2026-01-23,2026-03-06,18.75,0.5,NMC,Permanent,On Leave,KW288488,2030-02-15,GO691484,2027-04-13,2027-07-10,2026-02-13
EMP0128-20260913_210636,Dennis,Collins,glendouglas@example.org,1991-03-04,0151 4960395,"1 Joe Roads
West Elliot
M24 2YR",Male,Hillcrest Medical Centres NHS Trust,Asian,Japan,ILR,AHP,Occupational Therapist,Critical Care & Anaesthesia,6,24.6,2017-01-23,2017-03-06,30.0,0.8,NMC,Permanent,Suspended,FK032366,2030-06-08,TO566438,2029-10-28,2026-12-26,2017-02-13
EMP0129-20260913_210636,Conor,Johnson,rbrown@example.org,2003-10-26,+44191 4960346,"Flat 45w
Lynn Tunnel
Thompsonfurt
CO7 4RU",Male,Southvale Hospitals NHS Trust,White,New Zealand,Dependent,AHP,Pharmacist,Critical Care & Anaesthesia,5,21.34,2020-04-15,2020-05-13,20.0,0.53,NMC,Bank,Inactive,MS208257,2028-11-19,GM174643,2028-03-21,2026-11-25,2020-05-06
EMP0130-20260913_210636,Bradley,Kelly,nwalton@example.com,1985-04-16,0161 4960603,"Flat 0
Lucy Plains
Slatershire
RG5 3BS",Male,Valleyview Mental Wellness NHS Trust,Mixed,India,British Citizen,AHP,Occupational Therapist,Clinical Support Services,6,24.76,2026-04-14,2026-05-12,18.75,0.5,None,Bank,Inactive,XG279493,2027-01-05,FU470119,2029-12-23,2027-08-06,2026-05-05
EMP0131-20260913_210636,Bernard,Potts,joannebegum@example.net,1968-08-13,+44(0)121 496 0137,"44 Abbott Hollow
Rosieburgh
LD5M 6HN",Male,Westborough Acute Care NHS Trust,Mixed,Ghana,British Citizen,AHP,Physiotherapist,Critical Care & Anaesthesia,6,23.63,2024-07-07,2024-08-11,30.0,0.8,GMC,Bank,On Leave,KG352947,2029-01-27,LW720352,2030-06-28,2027-09-11,2024-07-28
EMP0132-20260913_210636,Debra,Jackson,danielle96@example.com,1993-10-06,+4429 2018463,"3 Rachael Inlet
Morganport
G6D 5HZ",Male,Riverbank General Hospitals NHS Trust,Mixed,United Kingdom,Dependent,AHP,Pharmacist,Corporate Services,5,22.73,2021-05-19,2021-06-16,15.0,0.4,NMC,Permanent,Inactive,GR743566,2030-03-31,PO456516,2030-04-13,2027-06-05,2021-06-09
EMP0133-20260913_210636,Abdul,Jenkins,mary48@example.com,1981-07-27,+44289018752,"Studio 44y
Brown Plaza
East Michaelville
L56 9RA",Female,Midlands Central Hospitals NHS Trust,White,New Zealand,British Citizen,Medical,Consultant,Surgery & Cancer,CONS,54.56,2017-08-24,2017-10-05,20.0,0.53,NMC,Bank,Suspended,IK408351,2029-08-04,SU003812,2030-05-23,2027-08-23,2017-09-14
EMP0134-20260913_210636,Emily,Young,lbond@example.net,1962-03-22,+44(0)1914960482,"389 Young Mountain
Stewartbury
ML74 2HJ",Female,Riverside Integrated Care NHS Trust,White,Australia,Dependent,Medical,FY1/FY2,Corporate Services,FY1,20.82,2024-02-29,2024-04-04,37.5,1.0,GMC,Bank,Inactive,HN713374,2026-11-19,VY978987,2026-11-19,2026-11-03,2024-03-21
EMP0135-20260913_210636,Dennis,Saunders,bethanspencer@example.net,1996-04-18,(0141) 496 0328,"Flat 51
Carl Trafficway
South Timothyfurt
W7A 8LE",Female,Meadowbrook Community Health NHS Trust,Mixed,Canada,ILR,Medical,Consultant,Clinical Support Services,CONS,66.76,2026-01-16,2026-02-27,37.5,1.0,GMC,Permanent,On Leave,AY509903,2027-07-19,TF921361,2026-12-29,2027-08-18,2026-02-06
EMP0136-20260913_210636,Toby,Russell,leegavin@example.net,1985-02-25,0141 496 0092,"Flat 35
Luke Place
West Philip
BS9 9FZ",Male,Greenhaven Acute & Specialist Care NHS Trust,Asian,China,Skilled Worker,Admin,Medical Secretary,Women & Children,4,18.87,2017-04-10,2017-05-22,18.75,0.5,HCPC,Permanent,On Leave,MM928900,2028-10-02,DH664165,2027-07-13,2026-11-28,2017-05-01
EMP0137-20260913_210636,Francis,Davies,stevenjoyce@example.com,1967-12-20,(0306) 9990020,"304 Nelson Fort
Katefort
LD4P 5HB",Male,Northshire University Hospitals NHS Trust,White,United Kingdom,ILR,AHP,Speech Therapist,Medicine & Acute Care,6,22.91,2021-09-23,2021-11-04,20.0,0.53,HCPC,Bank,Inactive,VW478993,2030-06-02,WW205419,2029-09-06,2027-08-06,2021-10-14
EMP0138-20260913_210636,Harry,Dickinson,laurenblack@example.net,1994-01-20,+44(0)118 496 0252,"35 Peter Fields
East Alisonburgh
FK1 8UG",Female,Southvale Hospitals NHS Trust,Asian,Japan,British Citizen,Admin,Data Analyst,Corporate Services,8A,34.61,2021-05-02,2021-05-30,18.75,0.5,None,Permanent,Active,PH128036,2028-12-17,CI234905,2030-08-28,2026-12-09,2021-05-23
EMP0139-20260913_210636,Ashley,Matthews,kerry57@example.org,1981-12-07,+44(0)1154960501,"8 Jasmine Greens
North Debraburgh
NG5V 7YQ",Female,Valleyview Mental Wellness NHS Trust,Asian,India,Dependent,Medical,SHO,Emergency & Urgent Care,SHO,25.57,2017-01-07,2017-02-11,30.0,0.8,None,Permanent,Inactive,IF339020,2029-06-30,JE234001,2029-10-12,2026-11-14,2017-01-28
EMP0140-20260913_210636,Sharon,Curtis,smithkieran@example.org,1962-05-16,0151 4960255,"Flat 98
Scott Freeway
Traceytown
HP4 3HY",Male,Southgate Community & Mental Health NHS Trust,Black,Jamaica,ILR,Admin,Administrator,Clinical Support Services,3,14.38,2025-10-04,2025-11-01,18.75,0.5,GMC,Permanent,On Leave,FD249578,2030-03-04,YR740152,2027-05-27,2027-02-27,2025-10-25
EMP0141-20260913_210636,Kayleigh,Howells,williamseileen@example.com,1981-11-28,+4428 9018 0347,"Flat 58l
Barker Creek
Hilarystad
S9W 8NS",Female,Midlands Central Hospitals NHS Trust,Asian,Japan,British Citizen,Nursing,Staff Nurse,Critical Care & Anaesthesia,5,23.01,2019-11-27,2020-01-01,18.75,0.5,HCPC,Bank,Active,VT245279,2028-08-24,PT325488,2031-04-27,2026-11-14,2019-12-18
EMP0142-20260913_210636,Katherine,Stevenson,hannahdawson@example.org,1985-02-11,(0191) 496 0465,"2 Marshall Orchard
Hallberg
E4H 7PZ",Female,Westmere Community Health NHS Trust,White,United States,British Citizen,Admin,Medical Secretary,Corporate Services,4,15.69,2022-10-22,2022-11-19,15.0,0.4,GMC,Bank,On Leave,OK922972,2029-09-20,ZZ529647,2030-04-24,2027-03-04,2022-11-12
EMP0143-20260913_210636,Raymond,Shaw,williamwilson@example.org,2003-05-25,(0121)4960509,"060 Morgan Oval
Emilyville
S7J 8ZP",Male,Riverbank General Hospitals NHS Trust,Mixed,South Africa,British Citizen,Nursing,Charge Nurse,Surgery & Cancer,7,32.24,2020-02-19,2020-03-25,20.0,0.53,GMC,Permanent,Inactive,KW639702,2030-10-05,DF929979,2030-09-06,2027-06-02,2020-03-11
EMP0144-20260913_210636,Tom,Hammond,vhowells@example.org,1982-12-04,08081570912,"Studio 0
Cook Drive
Carterside
DN30 2TD",Male,Riverside Integrated Care NHS Trust,Asian,India,Dependent,Nursing,Healthcare Assistant,Clinical Support Services,2,14.13,2019-09-23,2019-11-04,15.0,0.4,GMC,Permanent,Active,ML788909,2027-10-02,RM835893,2028-04-03,2027-04-30,2019-10-14
EMP0145-20260913_210636,Charlie,Shaw,rbrown@example.org,1996-01-01,+44118 4960884,"426 Williams Ferry
Port Bryan
CB25 1DA",Female,Hillcrest Medical Centres NHS Trust,Black,Ghana,Dependent,Nursing,Healthcare Assistant,Clinical Support Services,2,13.19,2026-02-15,2026-03-29,15.0,0.4,NMC,Fixed Term,On Leave,IY061863,2030-07-17,QR273274,2026-12-23,2027-09-06,2026-03-08
EMP0146-20260913_210636,Maureen,Patel,chloephillips@example.com,1986-11-03,(0306) 9990953,"Studio 98
Ricky Cape
East Harriet
M50 0HP",Male,Eastmoor Teaching Hospitals NHS Trust,White,New Zealand,ILR,Medical,GP,Women & Children,GP,47.08,2019-03-13,2019-04-10,20.0,0.53,GMC,Permanent,Suspended,XR383491,2026-12-22,JH430265,2030-07-03,2026-12-05,2019-04-03
EMP0147-20260913_210636,Jeffrey,Watson,ebell@example.net,1984-07-10,+44(0)114 496 0327,"Flat 50j
Owen Canyon
East Brianmouth
HD61 8GQ",Male,Riverside Integrated Care NHS Trust,Mixed,Japan,British Citizen,Admin,Medical Secretary,Critical Care & Anaesthesia,4,16.73,2018-11-24,2018-12-22,37.5,1.0,NMC,Fixed Term,Active,YR977507,2028-02-16,RI329294,2031-01-05,2027-07-01,2018-12-15
EMP0148-20260913_210636,Tracey,Daniels,williamsmohammad@example.org,1994-01-01,0141 496 0445,"Studio 50
Richardson Crescent
Caroleport
SL9 7SA",Male,Oakridge Community Services NHS Trust,White,New Zealand,ILR,Medical,SHO,Corporate Services,SHO,27.4,2023-02-27,2023-04-03,30.0,0.8,GMC,Permanent,Suspended,MG666793,2030-06-05,DX185055,2027-09-23,2027-06-12,2023-03-20
EMP0149-20260913_210636,Elaine,Smith,qlawrence@example.com,1997-07-18,+44808 157 0782,"Studio 28e
Mohamed Streets
Joeborough
E3T 9HF",Female,Oakridge Community Services NHS Trust,Mixed,Nigeria,Skilled Worker,Nursing,Senior Staff Nurse,Emergency & Urgent Care,6,23.08,2023-07-04,2023-08-08,18.75,0.5,GMC,Permanent,Active,PR674849,2027-10-09,KS062026,2026-12-30,2027-01-18,2023-07-25
EMP0150-20260913_210636,Zoe,Hall,grace68@example.com,1965-08-13,+441514960324,"Flat 69
Watson Crescent
West Mohamed
WS5X 8ZX",Female,Bluewater Community & Rehabilitation NHS Trust,Asian,China,ILR,Medical,SHO,Women & Children,SHO,25.85,2022-06-10,2022-07-22,18.75,0.5,HCPC,Fixed Term,Active,EQ501046,2027-03-02,SC694525,2029-12-18,2027-08-22,2022-07-01
EMP0151-20260913_210636,Lisa,Burgess,aaronjones@example.org,1976-09-11,01154960482,"905 Burgess Inlet
West Aimee
AL4 8WP",Male,Riverside Integrated Care NHS Trust,Asian,Thailand,ILR,Admin,Receptionist,Clinical Support Services,3,15.13,2023-08-12,2023-09-23,18.75,0.5,NMC,Permanent,Suspended,WU553531,2031-06-09,PL758038,2031-01-02,2027-03-08,2023-09-02
EMP0152-20260913_210636,Amanda,Barker,mitchelldawn@example.com,1970-05-05,(0113) 496 0221,"Flat 45m
Patterson Squares
North Dalechester
L3 3DP",Male,Northshire University Hospitals NHS Trust,White,United States,Dependent,AHP,Physiotherapist,Critical Care & Anaesthesia,6,24.59,2021-03-23,2021-04-27,20.0,0.53,NMC,Permanent,Suspended,LE085914,2027-05-30,SP912256,2027-12-24,2027-05-16,2021-04-13
EMP0153-20260913_210636,Clifford,Jenkins,ronaldstephens@example.net,1968-05-26,+441614960296,"Studio 3
Hicks Spur
Lake Cameronmouth
M6 0SR",Male,Bluewater Community & Rehabilitation NHS Trust,Black,South Africa,British Citizen,AHP,Physiotherapist,Critical Care & Anaesthesia,6,27.85,2021-03-11,2021-04-08,37.5,1.0,HCPC,Permanent,Active,EP754591,2029-12-21,LV526700,2030-11-02,2026-09-17,2021-04-01
EMP0154-20260913_210636,Wendy,Evans,joelharrison@example.net,1987-08-23,03069990912,"545 Chapman Expressway
Ingramport
KY9Y 2HA",Female,Northshire University Hospitals NHS Trust,Asian,China,Dependent,Admin,Data Analyst,Surgery & Cancer,8A,32.5,2016-11-15,2016-12-27,37.5,1.0,NMC,Permanent,Inactive,GT569053,2030-07-12,VJ450763,2028-07-02,2027-08-25,2016-12-06
EMP0155-20260913_210636,Tony,Robinson,hydeashley@example.net,1976-03-29,(0117)4960170,"1 Matthew Stravenue
New Aaron
SE83 2SL",Female,Meadowbrook Community Health NHS Trust,Black,South Africa,British Citizen,Nursing,Nursery Nurse,Medicine & Acute Care,2,13.87,2020-06-06,2020-07-11,20.0,0.53,HCPC,Bank,Suspended,TV875630,2028-12-02,HS105092,2028-05-02,2027-07-11,2020-06-27
EMP0156-20260913_210636,Abbie,Slater,joyceoconnor@example.com,1993-07-27,+44(0)808 157 0317,"Flat 95
Smith Route
New Dean
G92 5EX",Female,Greenhaven Acute & Specialist Care NHS Trust,Asian,India,British Citizen,AHP,Physiologist,Corporate Services,6,25.54,2016-10-14,2016-11-11,30.0,0.8,HCPC,Bank,Inactive,AD887342,2029-12-29,WC197269,2029-02-20,2026-10-07,2016-11-04
EMP0157-20260913_210636,Philip,Graham,tmarsh@example.net,1963-07-02,+44(0)191 496 0001,"Flat 4
Paige Trail
New Brettshire
G7 8DG",Female,Southvale Hospitals NHS Trust,Mixed,Trinidad and Tobago,British Citizen,Nursing,Nursery Nurse,Critical Care & Anaesthesia,2,13.34,2020-09-05,2020-10-10,30.0,0.8,NMC,Permanent,On Leave,GP228238,2028-09-11,CX691537,2030-11-12,2026-11-26,2020-09-26
EMP0158-20260913_210636,Leonard,Cox,adamlewis@example.net,1997-07-03,(0118) 496 0132,"Flat 40
Martin Brooks
Lake Gary
W15 7QY",Female,Southgate Community & Mental Health NHS Trust,White,New Zealand,ILR,AHP,Physiologist,Women & Children,6,25.43,2024-09-17,2024-10-15,15.0,0.4,HCPC,Bank,Active,QU568561,2027-10-12,TM848704,2030-10-13,2027-01-03,2024-10-08
EMP0159-20260913_210636,Dorothy,Parkin,lewisdennis@example.org,2005-11-29,0113 496 0717,"054 Rhys Glen
East Lisa
BH59 7YQ",Male,Northwood Mental Health NHS Trust,Black,Kenya,ILR,Admin,Medical Secretary,Critical Care & Anaesthesia,4,16.5,2021-02-21,2021-03-21,18.75,0.5,GMC,Bank,Suspended,WV961571,2027-11-28,QP370019,2029-05-17,2026-11-11,2021-03-14
EMP0160-20260913_210636,Patrick,Barker,sstokes@example.com,2004-12-30,+441214960553,"Flat 06
Young Crossing
North Terence
DH2 1PL",Male,Horizon Integrated Health Partnership NHS Trust,White,Australia,Skilled Worker,Nursing,Ward Manager,Critical Care & Anaesthesia,8A,31.4,2022-05-25,2022-06-29,20.0,0.53,HCPC,Permanent,On Leave,YI340290,2031-07-07,XQ866221,2027-10-07,2027-07-21,2022-06-15
EMP0161-20260913_210636,Rita,Donnelly,clifford25@example.net,2000-07-21,0292018790,"10 Leach Motorway
Port Victoriaton
G29 3QT",Female,Lakeside District Hospitals NHS Trust,Mixed,China,ILR,AHP,Speech Therapist,Critical Care & Anaesthesia,6,22.96,2017-08-06,2017-09-17,18.75,0.5,None,Fixed Term,On Leave,JB806367,2028-11-05,GL430867,2030-11-26,2027-01-15,2017-08-27
EMP0162-20260913_210636,Kieran,Khan,jonesstewart@example.com,1963-06-07,+44114 496 0169,"95 Patrick Inlet
Murrayside
L0D 2TT",Male,Meadowbrook Community Health NHS Trust,Asian,Thailand,British Citizen,AHP,Radiographer,Medicine & Acute Care,6,27.29,2017-02-26,2017-04-09,37.5,1.0,GMC,Permanent,On Leave,ZT326455,2029-12-01,FS499784,2031-08-18,2027-02-11,2017-03-19
EMP0163-20260913_210636,Ellie,Dawson,xreed@example.org,2007-06-27,01134960250,"564 Henry Shoal
Port Ashley
B5C 9QX",Male,Valleyview Mental Wellness NHS Trust,Mixed,Nigeria,Skilled Worker,Nursing,Charge Nurse,Medicine & Acute Care,7,28.08,2021-08-05,2021-09-02,18.75,0.5,None,Permanent,Inactive,GF589238,2031-01-21,SH773779,2027-05-29,2027-04-14,2021-08-26
EMP0164-20260913_210636,Reece,Price,wellsgerald@example.net,2008-07-09,0118 496 0240,"Flat 04N
Byrne Street
Kateburgh
G1 1FS",Female,Midlands Central Hospitals NHS Trust,White,Canada,ILR,Admin,Receptionist,Surgery & Cancer,3,15.35,2023-06-04,2023-07-09,30.0,0.8,NMC,Bank,On Leave,GB503573,2030-11-30,SG358702,2031-04-08,2027-07-02,2023-06-25
EMP0165-20260913_210636,Gareth,Stephenson,colinstone@example.net,1998-06-23,0191 498 0876,"Studio 72
Kay Crest
West Leighville
S3D 4GW",Female,Southvale Hospitals NHS Trust,White,United States,Skilled Worker,Nursing,Charge Nurse,Emergency & Urgent Care,7,27.37,2024-06-23,2024-07-28,20.0,0.53,GMC,Bank,Active,XW607824,2028-01-10,FG308346,2030-08-23,2027-04-08,2024-07-14
EMP0166-20260913_210636,Terry,Smith,petercross@example.org,2000-12-02,+44909 879 0005,"Flat 9
Rita Crest
New Joan
G0H 3EQ",Male,Lakeside District Hospitals NHS Trust,Mixed,Barbados,Skilled Worker,Medical,GP,Corporate Services,GP,50.72,2024-12-04,2025-01-01,30.0,0.8,GMC,Bank,Active,SX593711,2030-02-20,AQ289122,2029-01-28,2027-04-08,2024-12-25
EMP0167-20260913_210636,Sylvia,Waters,woodjill@example.org,1980-06-05,+441914960790,"99 Thompson Common
Timothyland
M0 2FP",Male,Horizon Integrated Health Partnership NHS Trust,Mixed,United Kingdom,British Citizen,Medical,GP,Women & Children,GP,46.92,2016-12-12,2017-01-23,15.0,0.4,GMC,Fixed Term,Inactive,ZB559744,2028-04-14,AD372795,2027-03-13,2027-07-08,2017-01-02
EMP0168-20260913_210636,Lauren,Singh,dgray@example.net,1964-10-23,0306 999 0232,"511 Pauline Spring
Lake Gregoryview
B89 6YU",Female,Midlands Central Hospitals NHS Trust,Mixed,South Africa,Skilled Worker,Admin,Medical Secretary,Corporate Services,4,18.77,2025-01-08,2025-02-05,20.0,0.53,HCPC,Fixed Term,Active,LS538855,2027-12-05,KH498457,2030-12-13,2027-01-01,2025-01-29
EMP0169-20260913_210636,Ross,Stephens,fhill@example.net,1969-08-23,+44115 496 0520,"Flat 04
Lewis Isle
Christianville
W3W 2BX",Female,Southvale Hospitals NHS Trust,White,Canada,ILR,Medical,SHO,Critical Care & Anaesthesia,SHO,24.82,2021-11-16,2021-12-14,30.0,0.8,HCPC,Fixed Term,On Leave,QY990667,2026-10-16,MI134544,2029-08-08,2027-05-26,2021-12-07
EMP0170-20260913_210636,Sally,Griffiths,tmurray@example.net,1971-02-17,(028)9018354,"30 Clark Loop
Ericview
KA7 8GR",Male,Eastfield Psychological Services NHS Trust,White,Canada,Dependent,Medical,GP,Medicine & Acute Care,GP,49.65,2016-12-13,2017-01-10,18.75,0.5,NMC,Permanent,Suspended,OX010019,2030-05-10,VL162899,2029-02-19,2026-10-01,2017-01-03
EMP0171-20260913_210636,Jay,Miller,hendersonmohamed@example.com,1981-08-21,+441632 960 091,"Studio 7
Louis Trafficway
Thomasshire
N2 2RZ",Male,Bluewater Community & Rehabilitation NHS Trust,White,United States,ILR,AHP,Physiologist,Emergency & Urgent Care,6,22.58,2022-02-25,2022-04-01,37.5,1.0,None,Permanent,On Leave,OG145010,2028-12-01,ZY426565,2028-07-27,2027-05-26,2022-03-18
EMP0172-20260913_210636,Malcolm,Johnson,duncan08@example.com,1972-05-13,(028) 9018514,"3 Kirk Islands
New Paulland
E58 0GR",Female,Westborough Acute Care NHS Trust,Black,Nigeria,Skilled Worker,Admin,Medical Secretary,Clinical Support Services,4,18.74,2017-09-28,2017-11-09,37.5,1.0,HCPC,Fixed Term,Inactive,KJ192140,2030-06-23,IP521451,2028-03-21,2027-07-12,2017-10-19
EMP0173-20260913_210636,Helen,Evans,shane76@example.org,1997-10-04,01214960231,"Studio 43
June Stream
Steeleburgh
LU7N 6LS",Male,Westborough Acute Care NHS Trust,Black,Kenya,Dependent,Nursing,Ward Manager,Emergency & Urgent Care,8A,29.43,2025-03-22,2025-04-19,15.0,0.4,NMC,Fixed Term,Active,DE496626,2026-11-20,HW701887,2029-05-30,2026-09-18,2025-04-12
EMP0174-20260913_210636,Gillian,Page,eileenbaker@example.org,1992-07-28,(0909) 8790791,"69 Natalie Meadows
Alexandrabury
G1G 5YF",Male,Westmere Community Health NHS Trust,Mixed,Kenya,British Citizen,Medical,Consultant,Critical Care & Anaesthesia,CONS,51.9,2019-07-19,2019-08-23,37.5,1.0,HCPC,Fixed Term,Active,XH354219,2029-06-05,TN484839,2027-06-06,2027-04-07,2019-08-09
EMP0175-20260913_210636,Denis,Thomas,brownejodie@example.net,1965-09-20,0306 9990978,"373 Barnes Fields
Hudsonborough
N08 1FE",Female,Lakeside District Hospitals NHS Trust,Asian,India,British Citizen,Medical,Registrar,Corporate Services,SPR,41.09,2023-12-06,2024-01-03,30.0,0.8,GMC,Fixed Term,Active,GN343776,2028-12-29,JD386393,2028-07-11,2027-02-23,2023-12-27
EMP0176-20260913_210636,Daniel,Franklin,pagemarian@example.com,1987-04-21,(0118) 4960393,"Studio 66Z
Greenwood Ford
New Sarah
AL15 7FY",Male,Northwood Mental Health NHS Trust,Asian,Thailand,Skilled Worker,Nursing,Healthcare Assistant,Critical Care & Anaesthesia,2,12.71,2021-02-10,2021-03-17,20.0,0.53,None,Bank,Inactive,VM986500,2031-04-25,CS417363,2030-07-28,2026-12-16,2021-03-03
EMP0177-20260913_210636,Hazel,Adams,uwood@example.com,1981-05-08,+44(0)289018691,"Studio 95H
Laura Lodge
Port Dalemouth
CW95 6RW",Female,Valleyview Mental Wellness NHS Trust,Mixed,India,Skilled Worker,Admin,Receptionist,Clinical Support Services,3,14.0,2025-09-28,2025-10-26,20.0,0.53,GMC,Bank,Inactive,GP037862,2028-03-30,OB542053,2027-08-30,2027-08-21,2025-10-19
EMP0178-20260913_210636,Marilyn,Ross,kellyfletcher@example.com,1998-12-17,+443069990557,"Studio 33q
Barnes Court
Gilbertberg
L24 4YD",Male,Northshire University Hospitals NHS Trust,White,United Kingdom,Skilled Worker,Medical,GP,Medicine & Acute Care,GP,53.73,2023-05-24,2023-06-28,15.0,0.4,GMC,Bank,Suspended,XE734532,2030-06-20,CQ430375,2028-08-12,2027-01-11,2023-06-14
EMP0179-20260913_210636,Anne,Collins,bhudson@example.com,2004-12-06,01632960637,"458 Hudson Village
East Hughhaven
WR1Y 0TE",Male,Eastfield Psychological Services NHS Trust,Mixed,Nigeria,Skilled Worker,AHP,Physiotherapist,Women & Children,6,27.69,2025-12-25,2026-01-22,15.0,0.4,HCPC,Bank,Inactive,SM818765,2029-09-04,AR140993,2028-05-26,2026-10-09,2026-01-15
EMP0180-20260913_210636,James,Bibi,geraldineharrison@example.org,2006-10-22,+441134960299,"1 Humphreys Crossroad
Simpsonfort
BA0 1JT",Female,Hillcrest Medical Centres NHS Trust,White,Canada,Skilled Worker,Admin,Receptionist,Critical Care & Anaesthesia,3,14.94,2024-06-14,2024-07-26,18.75,0.5,HCPC,Permanent,Active,HF947665,2031-05-25,OW606587,2027-06-23,2027-02-25,2024-07-05
EMP0181-20260913_210636,Rita,Macdonald,toby65@example.net,1975-10-12,(0141)4960502,"904 Thomas Drives
West Alice
N0 9JL",Male,Bluewater Community & Rehabilitation NHS Trust,Black,Nigeria,ILR,AHP,Radiographer,Clinical Support Services,6,23.1,2019-06-08,2019-07-06,37.5,1.0,HCPC,Bank,Suspended,QQ524659,2030-10-02,PC707199,2027-02-11,2027-02-19,2019-06-29
EMP0182-20260913_210636,Carol,Jones,joannethornton@example.com,1979-11-21,+44(0)28 9018 0915,"3 Lauren Mills
New Barbarafort
FK42 9UH",Female,Horizon Integrated Health Partnership NHS Trust,Black,South Africa,Skilled Worker,Nursing,Charge Nurse,Surgery & Cancer,7,28.89,2026-05-27,2026-06-24,15.0,0.4,None,Fixed Term,Active,LC628406,2030-04-10,DQ462761,2031-06-20,2026-12-31,2026-06-17
EMP0183-20260913_210636,Gail,Morrison,sbrown@example.net,1997-10-10,029 2018 0770,"1 Gould Loop
Lake Joycestad
LD1 3DA",Male,Eastfield Psychological Services NHS Trust,Asian,China,Skilled Worker,Admin,Data Analyst,Surgery & Cancer,8A,35.29,2024-09-21,2024-10-19,37.5,1.0,None,Fixed Term,On Leave,FJ121519,2026-11-02,EA427852,2030-01-24,2027-08-01,2024-10-12
EMP0184-20260913_210636,Julia,Wright,ojones@example.net,1980-08-13,+44151 496 0701,"525 Shah Radial
Stevenland
SP7 0BH",Female,Northwood Mental Health NHS Trust,Black,South Africa,ILR,AHP,Radiographer,Surgery & Cancer,6,24.28,2024-08-24,2024-09-21,15.0,0.4,HCPC,Permanent,Inactive,RO328102,2027-04-09,CH062076,2029-06-28,2027-08-16,2024-09-14
EMP0185-20260913_210636,William,Khan,norman75@example.com,2005-03-10,+441632 960 169,"086 Paula Hollow
Lordchester
PA7X 5DN",Female,Horizon Integrated Health Partnership NHS Trust,Black,Nigeria,Skilled Worker,Nursing,Healthcare Assistant,Medicine & Acute Care,2,13.15,2025-09-09,2025-10-14,18.75,0.5,None,Fixed Term,On Leave,LG920313,2026-10-12,VC047196,2029-06-07,2027-01-20,2025-09-30
EMP0186-20260913_210636,Jack,Smith,flloyd@example.org,2003-08-10,(0115)4960231,"18 Simon Causeway
Sylviaport
M8 2SL",Male,Lakeside District Hospitals NHS Trust,Mixed,Barbados,Dependent,AHP,Pharmacist,Critical Care & Anaesthesia,5,20.28,2023-03-17,2023-04-14,20.0,0.53,GMC,Bank,Inactive,UK854339,2029-09-29,OK535258,2029-10-20,2027-05-17,2023-04-07
EMP0187-20260913_210636,Charlene,Davidson,ihenderson@example.org,1978-06-05,+44(0)808 1570466,"Flat 4
Eleanor Shore
Watsonberg
ZE54 4XF",Male,Northshire University Hospitals NHS Trust,Asian,Japan,Dependent,AHP,Physiotherapist,Corporate Services,6,25.28,2017-10-24,2017-11-28,15.0,0.4,NMC,Permanent,Inactive,FA632051,2030-07-20,ZJ748873,2029-10-21,2026-11-14,2017-11-14
EMP0188-20260913_210636,Richard,Webb,patriciaandrews@example.org,2007-11-18,+4429 2018625,"Flat 10D
Jonathan Springs
Janetburgh
N4 2SA",Female,Bluewater Community & Rehabilitation NHS Trust,Mixed,United Kingdom,Skilled Worker,Admin,Receptionist,Surgery & Cancer,3,15.21,2017-06-18,2017-07-16,20.0,0.53,None,Bank,Suspended,CS160820,2029-01-12,ON063506,2029-08-17,2027-07-03,2017-07-09
EMP0189-20260913_210636,William,Richards,emmawebster@example.net,1973-07-10,(0116) 496 0871,"Studio 9
Leonard Forge
West Christinefurt
L5B 9DJ",Female,Riverbank General Hospitals NHS Trust,White,New Zealand,Skilled Worker,Admin,Data Analyst,Corporate Services,8A,28.65,2017-08-31,2017-10-05,37.5,1.0,NMC,Permanent,Active,BD487811,2030-11-28,LH032265,2026-10-28,2027-02-04,2017-09-21
EMP0190-20260913_210636,Kelly,Rahman,griffithstracy@example.net,1974-07-26,+441214960194,"274 Justin Spurs
North Albertville
HS18 1EA",Female,Greenhaven Acute & Specialist Care NHS Trust,Black,Kenya,Skilled Worker,Nursing,Charge Nurse,Women & Children,7,28.34,2025-01-30,2025-03-06,18.75,0.5,GMC,Permanent,Active,EF508839,2030-11-29,VG001036,2028-08-16,2026-10-30,2025-02-20
EMP0191-20260913_210636,Dean,Patel,spencerandrea@example.net,1987-06-05,+44(0)151 496 0409,"644 Helen Street
North Suzanneberg
B03 9ZL",Female,Lakeside District Hospitals NHS Trust,Black,Jamaica,ILR,Admin,Receptionist,Medicine & Acute Care,3,16.25,2021-08-23,2021-10-04,15.0,0.4,NMC,Fixed Term,Suspended,AX409750,2031-01-11,JB522505,2030-07-18,2027-02-26,2021-09-13
EMP0192-20260913_210636,Mathew,Wong,rharrison@example.net,1962-10-31,+44116 496 0891,"685 Johnson Land
Evansbury
PH68 3TR",Male,Riverbank General Hospitals NHS Trust,Asian,India,ILR,Admin,Medical Secretary,Surgery & Cancer,4,17.85,2021-10-30,2021-12-11,18.75,0.5,NMC,Permanent,Active,ZS708720,2028-06-07,YK812451,2029-09-27,2026-11-28,2021-11-20
EMP0193-20260913_210636,Shirley,West,eoliver@example.org,1985-09-28,+44(0)118 4960026,"Flat 95T
Gill Orchard
Glenville
RM8H 5BP",Male,Broadfield Clinical Services NHS Trust,Asian,India,Skilled Worker,Admin,Administrator,Emergency & Urgent Care,3,14.09,2019-04-17,2019-05-22,18.75,0.5,None,Bank,Inactive,EN189208,2028-11-09,JO830849,2029-08-03,2027-06-01,2019-05-08
EMP0194-20260913_210636,Claire,Clarke,brianadams@example.net,1988-03-28,0161 496 0014,"034 Olivia Wall
Lake Jane
BA3X 7FF",Female,Riverbank General Hospitals NHS Trust,Black,Jamaica,Skilled Worker,Admin,Medical Secretary,Medicine & Acute Care,4,16.2,2016-09-19,2016-10-17,20.0,0.53,NMC,Fixed Term,On Leave,CM174567,2030-08-07,FL272437,2027-09-03,2027-06-13,2016-10-10
EMP0195-20260913_210636,Connor,Leonard,hallbarbara@example.com,1968-02-06,09098790074,"Flat 00
Sheila Vista
New Roy
HG7 9ES",Male,Westmere Community Health NHS Trust,Mixed,Ghana,ILR,Admin,Data Analyst,Corporate Services,8A,35.65,2024-05-02,2024-06-13,18.75,0.5,NMC,Permanent,Suspended,CB002286,2026-12-27,AE270780,2031-03-05,2027-07-28,2024-05-23
EMP0196-20260913_210636,Charlotte,Ward,nrose@example.net,1968-06-12,(0808) 157 0089,"656 Thomas Fords
South Lindastad
S88 4TP",Female,Westborough Acute Care NHS Trust,White,United Kingdom,ILR,Medical,GP,Critical Care & Anaesthesia,GP,46.5,2023-06-02,2023-06-30,18.75,0.5,HCPC,Permanent,Suspended,IA797639,2027-08-21,AZ541310,2030-12-24,2026-12-10,2023-06-23
EMP0197-20260913_210636,Tina,Hudson,morrisclaire@example.net,1971-02-01,+44909 8790484,"7 Kelly Street
Carlstad
W78 4AJ",Male,Valleyview Mental Wellness NHS Trust,Asian,Thailand,Skilled Worker,Admin,Data Analyst,Women & Children,8A,35.55,2018-03-05,2018-04-16,15.0,0.4,GMC,Bank,Inactive,ER287068,2027-11-20,SL449658,2031-08-09,2026-11-21,2018-03-26
EMP0198-20260913_210636,Glen,Page,katherine40@example.com,1996-03-01,+44(0)1632960969,"Studio 23
Bennett Branch
New Rachelstad
L2 7JP",Male,Westborough Acute Care NHS Trust,Black,Barbados,Skilled Worker,Nursing,Ward Manager,Corporate Services,8A,35.21,2024-03-15,2024-04-12,30.0,0.8,HCPC,Fixed Term,Active,ZM001688,2031-06-24,OR590203,2027-06-19,2027-06-11,2024-04-05
EMP0199-20260913_210636,Heather,Watkins,kbray@example.com,1968-01-23,(028) 9018609,"23 Michael Oval
Patelmouth
W6 4FL",Female,Bluewater Community & Rehabilitation NHS Trust,Mixed,Trinidad and Tobago,Dependent,AHP,Physiologist,Women & Children,6,27.66,2019-04-26,2019-06-07,18.75,0.5,HCPC,Fixed Term,Inactive,GV079783,2027-10-06,UX791308,2031-03-21,2027-02-27,2019-05-17
EMP0200-20260913_210636,Harry,Fraser,williamskimberley@example.org,2007-03-07,(0151) 496 0275,"80 Stephanie Way
New Ross
S9U 6RB",Female,Lakeside District Hospitals NHS Trust,Black,South Africa,Skilled Worker,Nursing,Ward Manager,Surgery & Cancer,8A,28.42,2018-12-17,2019-01-14,30.0,0.8,HCPC,Bank,Inactive,MV481382,2029-10-01,RZ179044,2029-06-16,2026-10-31,2019-01-07
EMP0201-20260913_210636,Ben,Ingram,johnsoncarolyn@example.com,2000-12-20,01164960848,"Flat 13W
Hayward Lodge
Evansberg
SL5R 5QD",Female,Greenhaven Acute & Specialist Care NHS Trust,Black,Barbados,ILR,Nursing,Nursery Nurse,Surgery & Cancer,2,13.63,2023-05-03,2023-06-07,18.75,0.5,GMC,Permanent,Inactive,PU693638,2029-01-03,IM503495,2031-07-03,2026-10-04,2023-05-24
EMP0202-20260913_210636,Shane,Mason,xschofield@example.net,1982-04-05,020 74960330,"288 Mohammed Divide
Abdulfort
G82 3AT",Male,Horizon Integrated Health Partnership NHS Trust,Mixed,New Zealand,ILR,AHP,Pharmacist,Women & Children,5,21.54,2019-02-23,2019-03-23,30.0,0.8,HCPC,Fixed Term,Inactive,UX551222,2028-12-03,MS316261,2030-03-31,2026-10-07,2019-03-16
EMP0203-20260913_210636,James,Williams,peterdavidson@example.com,2005-07-01,(0306) 999 0840,"95 Berry View
Cookeview
M0K 5BF",Female,Northshire University Hospitals NHS Trust,Asian,India,Skilled Worker,Nursing,Staff Nurse,Women & Children,5,19.33,2020-06-10,2020-07-15,18.75,0.5,NMC,Bank,Suspended,YD912296,2028-11-03,RX137871,2029-03-18,2027-04-25,2020-07-01
EMP0204-20260913_210636,Glenn,Mills,babbott@example.com,1972-07-04,+44(0)191 4960665,"Studio 27I
Davies Mountains
West Kelly
PH7 1WX",Female,Broadfield Clinical Services NHS Trust,Mixed,China,British Citizen,Medical,SHO,Critical Care & Anaesthesia,SHO,28.24,2025-02-26,2025-04-09,15.0,0.4,None,Permanent,Inactive,LN342517,2030-07-23,GY589717,2027-09-25,2027-03-16,2025-03-19
EMP0205-20260913_210636,Helen,Watts,elliottpatel@example.net,1971-06-13,(0131) 4960689,"86 Timothy Forge
Anthonyborough
W21 8AJ",Male,Westmere Community Health NHS Trust,Black,Jamaica,Dependent,Nursing,Ward Manager,Clinical Support Services,8A,32.51,2021-08-04,2021-09-15,37.5,1.0,HCPC,Permanent,Suspended,ZB938997,2031-08-08,VD205621,2029-04-02,2027-08-08,2021-08-25
EMP0206-20260913_210636,Joan,Stewart,vspencer@example.net,1976-03-01,+44(0)909 8790222,"177 White Station
West Davidtown
E7D 1LB",Female,Hillcrest Medical Centres NHS Trust,Black,Trinidad and Tobago,Dependent,AHP,Occupational Therapist,Surgery & Cancer,6,28.15,2022-06-28,2022-08-09,20.0,0.53,None,Bank,Suspended,ZK702354,2029-06-11,SQ790052,2029-06-10,2026-12-08,2022-07-19
EMP0207-20260913_210636,Maureen,Rees,taylorgerard@example.org,2005-12-22,+44(0)28 9018942,"Flat 6
Glen Hollow
Elliotborough
EX52 9RF",Male,Lakeside District Hospitals NHS Trust,Black,South Africa,British Citizen,Nursing,Charge Nurse,Emergency & Urgent Care,7,29.84,2026-03-24,2026-05-05,18.75,0.5,HCPC,Permanent,On Leave,WB573208,2031-08-14,DD002027,2030-04-28,2026-11-01,2026-04-14
EMP0208-20260913_210636,Tony,Baker,vford@example.org,1980-09-05,(0118) 4960827,"0 Leon Lodge
Reecechester
L6 2PW",Male,Riverbank General Hospitals NHS Trust,Black,Barbados,Dependent,Admin,Data Analyst,Medicine & Acute Care,8A,30.11,2026-01-20,2026-03-03,18.75,0.5,GMC,Fixed Term,Active,AE963730,2030-08-14,EY762408,2029-04-21,2027-02-27,2026-02-10
EMP0209-20260913_210636,Sandra,Black,rwilliams@example.com,1963-03-27,(0117) 496 0078,"Studio 86p
Michelle Street
Parkesborough
M9 3RH",Female,Southvale Hospitals NHS Trust,Asian,Thailand,Dependent,Admin,Receptionist,Critical Care & Anaesthesia,3,13.89,2020-11-15,2020-12-13,30.0,0.8,NMC,Permanent,Suspended,FG344016,2028-08-15,TH872267,2029-01-15,2027-09-09,2020-12-06
EMP0210-20260913_210636,Diane,Griffiths,rachael87@example.net,1968-09-10,(028) 9018 0765,"Studio 1
Winter Prairie
North Angela
G4 5SF",Male,Greenhaven Acute & Specialist Care NHS Trust,Black,Jamaica,Dependent,AHP,Occupational Therapist,Clinical Support Services,6,23.62,2024-01-28,2024-03-10,30.0,0.8,GMC,Fixed Term,On Leave,CU386524,2028-07-17,KT764587,2029-06-01,2027-02-05,2024-02-18
EMP0211-20260913_210636,Jacqueline,Fraser,smithsharon@example.org,1982-01-28,(0151) 496 0240,"Studio 92F
Hill Forge
Wendyshire
L2T 5AG",Male,Meadowbrook Community Health NHS Trust,Black,Kenya,British Citizen,Admin,Administrator,Surgery & Cancer,3,13.95,2024-05-23,2024-06-27,30.0,0.8,GMC,Fixed Term,Active,PC680060,2030-08-01,GD816428,2030-06-19,2027-06-15,2024-06-13
EMP0212-20260913_210636,Shannon,Weston,watsonclifford@example.com,1994-01-14,0161 4960581,"24 Holly Unions
Martinmouth
L07 7XX",Male,Southvale Hospitals NHS Trust,White,Canada,British Citizen,Admin,Data Analyst,Medicine & Acute Care,8A,32.88,2020-11-06,2020-12-04,30.0,0.8,NMC,Fixed Term,Suspended,KJ358560,2027-01-27,DQ074220,2027-02-11,2026-12-21,2020-11-27
EMP0213-20260913_210636,Martin,Williams,millsdennis@example.net,1990-12-01,01514960781,"0 Hunt Spur
Watsonview
B2E 3YQ",Female,Southvale Hospitals NHS Trust,Asian,India,ILR,Admin,Data Analyst,Corporate Services,8A,30.44,2020-02-01,2020-02-29,30.0,0.8,NMC,Fixed Term,On Leave,DX580382,2027-06-14,EV616843,2029-01-28,2027-06-02,2020-02-22
EMP0214-20260913_210636,Gregory,Williams,butchertom@example.net,1979-10-22,(020)74960398,"0 Thompson Ville
Gavinbury
E9G 7HE",Female,Midlands Central Hospitals NHS Trust,Black,Barbados,Dependent,AHP,Physiotherapist,Clinical Support Services,6,23.77,2019-01-22,2019-02-19,37.5,1.0,None,Permanent,Inactive,GJ036838,2026-10-20,TA580318,2027-04-08,2026-11-23,2019-02-12
EMP0215-20260913_210636,Nathan,Robinson,molly54@example.net,1980-08-31,(0151)4960864,"2 Melanie Crescent
Amandaville
M09 2EB",Female,Broadfield Clinical Services NHS Trust,Black,Barbados,Skilled Worker,Medical,GP,Corporate Services,GP,53.83,2022-08-08,2022-09-19,15.0,0.4,None,Bank,Suspended,SF711999,2031-01-27,VQ582604,2027-10-09,2027-02-01,2022-08-29
EMP0216-20260913_210636,Martin,Davis,fgoddard@example.net,1970-05-06,+44151 4960135,"Flat 58
Walton Vista
Coxshire
B6H 7WY",Male,Westmere Community Health NHS Trust,White,Canada,Skilled Worker,Medical,Registrar,Medicine & Acute Care,SPR,37.22,2025-12-17,2026-01-21,15.0,0.4,NMC,Permanent,Suspended,JJ979671,2029-05-22,ZD582241,2031-06-10,2027-03-08,2026-01-07
EMP0217-20260913_210636,Abigail,Marshall,kirsty55@example.net,1998-10-31,+44(0)131 496 0347,"Studio 4
Fraser Springs
Dominicmouth
B6E 5UD",Female,Lakeside District Hospitals NHS Trust,Mixed,Kenya,ILR,Admin,Receptionist,Women & Children,3,14.27,2023-03-05,2023-04-02,37.5,1.0,GMC,Permanent,Suspended,SB244760,2030-11-12,JU765256,2030-08-25,2027-03-23,2023-03-26
EMP0218-20260913_210636,Harry,Jones,scott73@example.net,1993-07-30,(028) 9018 0916,"Flat 4
Poole Lock
Jonesburgh
S7 9HG",Male,Riverbank General Hospitals NHS Trust,White,United Kingdom,Skilled Worker,AHP,Occupational Therapist,Surgery & Cancer,6,26.77,2018-05-25,2018-07-06,20.0,0.53,HCPC,Permanent,Suspended,DS593462,2026-12-20,YA058164,2030-01-14,2027-02-04,2018-06-15
EMP0219-20260913_210636,Kathryn,Wood,stephenlee@example.com,1984-03-27,0808 157 0533,"311 Quinn Flat
Lake Roy
ML1Y 0XR",Female,Lakeside District Hospitals NHS Trust,White,United Kingdom,Dependent,AHP,Radiographer,Corporate Services,6,27.81,2018-03-15,2018-04-26,20.0,0.53,HCPC,Fixed Term,On Leave,LV214557,2031-05-19,LC578039,2029-10-08,2027-03-26,2018-04-05
EMP0220-20260913_210636,Wayne,Lambert,jacquelinehill@example.net,1966-09-19,+44(0)116 496 0853,"Flat 3
Davison Inlet
Butcherfort
LS3R 4SR",Male,Northshire University Hospitals NHS Trust,Asian,China,British Citizen,AHP,Speech Therapist,Medicine & Acute Care,6,26.55,2023-02-11,2023-03-11,15.0,0.4,NMC,Fixed Term,Inactive,AK308292,2028-12-01,SW642495,2029-12-02,2026-10-27,2023-03-04
EMP0221-20260913_210636,Julian,Jordan,alanlucas@example.net,1979-09-05,+44161 4960265,"Studio 1
Macdonald Road
Port Geoffreyfurt
LU23 6GF",Male,Riverside Integrated Care NHS Trust,Mixed,Thailand,Dependent,Admin,Administrator,Clinical Support Services,3,15.37,2019-09-05,2019-10-03,37.5,1.0,GMC,Bank,On Leave,CP628987,2026-10-12,DE574363,2031-07-11,2026-09-24,2019-09-26
EMP0222-20260913_210636,Kenneth,Woods,palmerrachel@example.org,1974-01-25,(01632) 960233,"Studio 98
Stuart Inlet
Leighstad
W94 8DY",Female,Bluewater Community & Rehabilitation NHS Trust,White,United Kingdom,Skilled Worker,Nursing,Ward Manager,Critical Care & Anaesthesia,8A,33.85,2026-07-16,2026-08-20,18.75,0.5,GMC,Bank,Suspended,DK258252,2031-05-29,DE944392,2027-11-15,2026-12-31,2026-08-06
EMP0223-20260913_210636,Rosie,Griffiths,martin36@example.com,1974-09-03,01174960519,"Flat 09
Parker Harbor
Rosstown
CB5 3XH",Male,Greenhaven Acute & Specialist Care NHS Trust,Asian,India,ILR,Medical,SHO,Emergency & Urgent Care,SHO,29.36,2021-06-16,2021-07-21,18.75,0.5,GMC,Bank,Suspended,ER567951,2029-05-04,MX854414,2029-10-01,2026-09-14,2021-07-07
EMP0224-20260913_210636,Neil,Hamilton,georgia77@example.com,1997-10-08,0117 4960989,"Flat 13
Jackson Points
East Dorothy
N67 2JY",Male,Valleyview Mental Wellness NHS Trust,Black,Trinidad and Tobago,ILR,Admin,Data Analyst,Medicine & Acute Care,8A,28.8,2016-12-23,2017-01-27,20.0,0.53,GMC,Permanent,Inactive,JN663657,2027-05-22,NH270207,2030-12-20,2027-07-06,2017-01-13
EMP0225-20260913_210636,Geraldine,Power,smithsharon@example.org,1973-09-09,08081570211,"31 Lydia Dale
East Clare
M75 5SR",Female,Lakeside District Hospitals NHS Trust,Asian,India,Dependent,Nursing,Ward Manager,Surgery & Cancer,8A,33.42,2024-02-20,2024-04-02,30.0,0.8,NMC,Permanent,Suspended,IW676177,2031-07-15,ZT325742,2031-05-16,2027-01-28,2024-03-12
EMP0226-20260913_210636,Matthew,Adams,yfletcher@example.org,1973-09-24,+44(0)1154960109,"Studio 71g
Clare Road
East Jason
AL08 6BJ",Female,Meadowbrook Community Health NHS Trust,Mixed,United Kingdom,Dependent,AHP,Physiologist,Surgery & Cancer,6,26.64,2020-02-22,2020-03-21,20.0,0.53,None,Fixed Term,Suspended,QE212757,2031-02-07,OJ879206,2029-09-22,2027-07-13,2020-03-14
EMP0227-20260913_210636,Peter,Quinn,mcleanmaurice@example.org,1965-03-16,+44(0)141 496 0993,"Flat 10G
Marc Trafficway
Sarachester
G5 5WB",Male,Southgate Community & Mental Health NHS Trust,Mixed,Jamaica,ILR,Admin,Receptionist,Clinical Support Services,3,14.7,2019-11-06,2019-12-11,15.0,0.4,None,Permanent,Inactive,PW895378,2029-06-08,FJ836842,2027-08-10,2027-02-26,2019-11-27
EMP0228-20260913_210636,Sharon,Roberts,ellie59@example.net,1974-01-15,(0113) 4960289,"Flat 95a
Miller Squares
Gemmachester
L7W 9GB",Female,Meadowbrook Community Health NHS Trust,Mixed,India,ILR,Admin,Data Analyst,Medicine & Acute Care,8A,34.74,2019-03-07,2019-04-18,37.5,1.0,GMC,Permanent,Inactive,LT647542,2029-04-04,CY204452,2031-05-24,2026-11-06,2019-03-28
EMP0229-20260913_210636,Francesca,Bird,thompsonlaura@example.net,1996-08-11,(0115)4960115,"476 Mason Track
Port Bethany
B1K 6PE",Male,Westmere Community Health NHS Trust,Asian,Japan,Dependent,Nursing,Ward Manager,Critical Care & Anaesthesia,8A,31.09,2017-10-29,2017-12-03,20.0,0.53,NMC,Bank,Inactive,KV572114,2028-10-17,QA994571,2027-01-05,2027-05-19,2017-11-19
EMP0230-20260913_210636,Cameron,Robinson,tperry@example.com,1973-10-21,(0113) 496 0268,"07 Connor Cape
West Ruthview
M78 2DN",Female,Riverbank General Hospitals NHS Trust,Asian,Japan,ILR,Admin,Administrator,Clinical Support Services,3,13.89,2018-05-30,2018-06-27,15.0,0.4,None,Fixed Term,Inactive,BS848410,2027-09-02,WN888552,2027-06-08,2027-06-10,2018-06-20
EMP0231-20260913_210636,Jenna,Howard,ronaldmetcalfe@example.org,2008-02-13,(0113) 4960806,"998 Reed Summit
New Patricia
BS8 9XU",Female,Northshire University Hospitals NHS Trust,Asian,Thailand,British Citizen,AHP,Physiotherapist,Clinical Support Services,6,22.75,2022-11-03,2022-12-15,37.5,1.0,HCPC,Bank,On Leave,EC304081,2030-06-03,ZX877500,2028-10-11,2026-12-30,2022-11-24
EMP0232-20260913_210636,Kayleigh,Hewitt,adrian25@example.org,2008-08-31,01154960913,"432 Jason Well
East Jemmaland
B1 7DQ",Male,Meadowbrook Community Health NHS Trust,Asian,Thailand,Dependent,Medical,SHO,Corporate Services,SHO,23.46,2021-11-13,2021-12-18,18.75,0.5,NMC,Permanent,Active,KI196894,2028-04-29,OZ496656,2030-08-14,2026-12-30,2021-12-04
EMP0233-20260913_210636,Lauren,Lee,kathryn39@example.net,1999-03-31,+44161 4960844,"Studio 35O
Jordan Street
North Declanshire
NR0N 7QS",Male,Northwood Mental Health NHS Trust,Asian,Thailand,Dependent,Nursing,Healthcare Assistant,Emergency & Urgent Care,2,12.83,2021-12-10,2022-01-07,30.0,0.8,NMC,Bank,Active,UK608947,2030-04-22,PF991327,2029-06-09,2027-06-15,2021-12-31
EMP0234-20260913_210636,Alex,Turner,elaine41@example.net,1966-12-04,+44117 4960881,"90 Hunt Shore
New Shannonchester
DH98 7RA",Male,Riverbank General Hospitals NHS Trust,White,United Kingdom,Dependent,AHP,Pharmacist,Emergency & Urgent Care,5,19.51,2021-12-02,2022-01-06,20.0,0.53,HCPC,Fixed Term,On Leave,UW460743,2029-11-06,NK435536,2030-06-04,2026-11-06,2021-12-23
EMP0235-20260913_210636,John,Stephenson,morganlesley@example.com,1965-04-29,0114 496 0618,"Flat 10M
Evans Dale
Alexfurt
L65 2RN",Male,Lakeside District Hospitals NHS Trust,White,New Zealand,Dependent,Medical,FY1/FY2,Clinical Support Services,FY1,18.94,2025-10-28,2025-11-25,18.75,0.5,None,Fixed Term,Active,ZL021622,2031-04-19,UY950951,2030-01-30,2027-01-12,2025-11-18
EMP0236-20260913_210636,Bernard,Day,uodonnell@example.net,2000-04-15,+44(0)151 496 0203,"9 Christopher Causeway
Powellmouth
G11 9PJ",Female,Northwood Mental Health NHS Trust,White,New Zealand,ILR,Medical,Registrar,Women & Children,SPR,41.82,2024-05-07,2024-06-18,30.0,0.8,GMC,Permanent,Active,KD695559,2027-07-19,EG863266,2028-10-01,2027-06-07,2024-05-28
EMP0237-20260913_210636,Nathan,Anderson,russelljason@example.com,1964-07-14,(029)2018927,"Flat 8
Hill Haven
Joannamouth
OX1 1FR",Female,Westmere Community Health NHS Trust,White,New Zealand,Skilled Worker,AHP,Physiologist,Surgery & Cancer,6,26.94,2025-03-18,2025-04-29,15.0,0.4,GMC,Fixed Term,On Leave,LG569722,2029-08-09,LR910361,2028-11-29,2027-01-08,2025-04-08
EMP0238-20260913_210636,John,Norman,valerie49@example.com,2003-09-29,+44(0)114 4960937,"586 Graeme Centers
Campbellstad
S1 4YS",Female,Northshire University Hospitals NHS Trust,Mixed,New Zealand,ILR,Nursing,Nursery Nurse,Surgery & Cancer,2,13.62,2017-04-14,2017-05-26,30.0,0.8,NMC,Bank,Suspended,ON059334,2030-01-26,SJ702002,2030-03-17,2027-08-13,2017-05-05
EMP0239-20260913_210636,Kimberley,Mistry,awallace@example.org,2002-06-12,028 9018 0130,"4 Sharon Harbors
Philipfurt
MK5M 8AY",Male,Southgate Community & Mental Health NHS Trust,Asian,India,Skilled Worker,AHP,Radiographer,Critical Care & Anaesthesia,6,23.18,2020-03-16,2020-04-27,20.0,0.53,HCPC,Permanent,On Leave,MW338179,2030-03-01,GC844316,2028-02-05,2027-05-19,2020-04-06
EMP0240-20260913_210636,Fiona,Carr,zdennis@example.org,1968-04-04,0141 496 0248,"348 Williams Lodge
New Annetteton
EN6 3DB",Female,Riverside Integrated Care NHS Trust,Black,Ghana,ILR,Nursing,Senior Staff Nurse,Surgery & Cancer,6,24.25,2022-05-13,2022-06-24,30.0,0.8,GMC,Fixed Term,Inactive,LI016231,2031-06-10,TD948263,2030-05-05,2027-02-01,2022-06-03
EMP0241-20260913_210636,Malcolm,Phillips,geoffrey04@example.net,1992-08-27,+441614960552,"Studio 97
Nicholls Inlet
Denismouth
N43 7PG",Female,Greenhaven Acute & Specialist Care NHS Trust,Mixed,Nigeria,British Citizen,Medical,Registrar,Corporate Services,SPR,39.36,2025-07-09,2025-08-20,18.75,0.5,None,Permanent,On Leave,KN943655,2030-09-07,FC139651,2031-08-21,2027-06-04,2025-07-30
EMP0242-20260913_210636,Jay,Smith,joanne78@example.com,2000-10-11,+44(0)151 496 0836,"Flat 99d
Jay Lodge
Juliechester
BR7W 8UL",Male,Hillcrest Medical Centres NHS Trust,Asian,Thailand,ILR,Medical,FY1/FY2,Women & Children,FY1,21.18,2026-05-27,2026-06-24,37.5,1.0,HCPC,Fixed Term,On Leave,TV208916,2028-01-15,KV445553,2031-02-22,2027-04-05,2026-06-17
EMP0243-20260913_210636,Margaret,Davis,ksullivan@example.com,2002-05-09,+44(0)118 4960665,"7 Luke Island
North Joyceberg
NE31 9DZ",Male,Northwood Mental Health NHS Trust,Mixed,New Zealand,ILR,AHP,Physiologist,Corporate Services,6,25.39,2020-05-04,2020-06-15,15.0,0.4,HCPC,Fixed Term,Active,GD116892,2031-02-25,OI532045,2028-07-17,2027-04-05,2020-05-25
EMP0244-20260913_210636,Adam,Williams,nigelwatson@example.org,2000-06-30,01632 960088,"Flat 72
Kelly Freeway
Port Simon
B5 6BJ",Female,Oakridge Community Services NHS Trust,Mixed,Canada,ILR,Medical,Consultant,Critical Care & Anaesthesia,CONS,66.73,2025-08-11,2025-09-08,18.75,0.5,None,Bank,Active,RU896522,2030-02-20,VY283713,2026-11-01,2027-09-02,2025-09-01
EMP0245-20260913_210636,Jack,Barker,pfowler@example.com,1967-12-17,(0131)4960973,"Studio 67p
Lynne Village
Dickinsonshire
W8E 7AF",Female,Oakridge Community Services NHS Trust,Black,Barbados,British Citizen,AHP,Physiotherapist,Medicine & Acute Care,6,24.28,2025-09-15,2025-10-27,37.5,1.0,HCPC,Fixed Term,Active,XD220033,2031-05-24,WY320507,2031-01-25,2026-11-25,2025-10-06
EMP0246-20260913_210636,Dale,Dunn,wallacepatricia@example.net,1973-05-05,+44(0)118 496 0278,"7 Gary Union
North Alexander
IM4V 8EZ",Female,Westborough Acute Care NHS Trust,White,Australia,British Citizen,Medical,FY1/FY2,Critical Care & Anaesthesia,FY1,19.16,2019-07-04,2019-08-01,30.0,0.8,HCPC,Permanent,Inactive,MH562074,2029-06-08,IR468005,2028-03-29,2027-05-04,2019-07-25
EMP0247-20260913_210636,Bryan,Hall,uwest@example.com,1995-09-25,+441614960452,"Flat 44f
Lauren Alley
Lake Rosemaryfort
S0 1HG",Female,Eastfield Psychological Services NHS Trust,Asian,China,Skilled Worker,Nursing,Senior Staff Nurse,Corporate Services,6,27.82,2020-02-01,2020-03-14,30.0,0.8,HCPC,Bank,Inactive,ZP229833,2028-08-11,ML257952,2029-09-27,2027-02-08,2020-02-22
EMP0248-20260913_210636,Natasha,Black,dominic71@example.net,1999-07-21,+44(0)161 4960282,"498 Jones Mills
South Jenniferfort
M3 1LX",Female,Bluewater Community & Rehabilitation NHS Trust,Black,Trinidad and Tobago,British Citizen,Nursing,Charge Nurse,Medicine & Acute Care,7,29.82,2024-05-10,2024-06-14,18.75,0.5,None,Permanent,Suspended,TF163237,2029-04-06,FR024982,2029-01-08,2027-03-13,2024-05-31
EMP0249-20260913_210636,Hollie,Gill,liamlee@example.net,1964-06-07,(020) 74960899,"184 Gibson Club
Carolinefurt
S83 1HY",Female,Southvale Hospitals NHS Trust,White,United Kingdom,Skilled Worker,Admin,Medical Secretary,Clinical Support Services,4,15.87,2024-12-18,2025-01-29,30.0,0.8,HCPC,Permanent,Inactive,FZ229692,2028-03-13,JG641911,2027-04-03,2027-02-05,2025-01-08
EMP0250-20260913_210636,Carole,Johnson,fionaclayton@example.com,1970-04-17,0118 496 0343,"9 Moss Flat
New Heatherland
S6 7UH",Male,Northshire University Hospitals NHS Trust,White,Australia,ILR,Admin,Administrator,Clinical Support Services,3,15.69,2019-06-29,2019-08-10,15.0,0.4,None,Permanent,Suspended,RE171599,2030-11-11,IM254197,2028-03-29,2027-04-17,2019-07-20
EMP0251-20260913_210636,Jade,Jennings,leannewarner@example.org,1990-04-26,+44(0)29 2018 0079,"Flat 26
Anne Walk
Knightfurt
TF73 4GA",Female,Greenhaven Acute & Specialist Care NHS Trust,Mixed,Kenya,Skilled Worker,Admin,Medical Secretary,Clinical Support Services,4,15.55,2025-12-22,2026-02-02,18.75,0.5,NMC,Bank,On Leave,PF546156,2029-07-06,UT928938,2027-08-19,2027-03-28,2026-01-12
EMP0252-20260913_210636,Zoe,Lawrence,jonesbethan@example.org,1993-02-06,+44151 4960157,"Flat 98i
George Union
East Mary
YO3 2GW",Female,Midlands Central Hospitals NHS Trust,White,United States,Skilled Worker,Nursing,Senior Staff Nurse,Emergency & Urgent Care,6,24.51,2026-07-28,2026-08-25,15.0,0.4,HCPC,Bank,Suspended,OC306541,2030-08-14,LI198159,2030-02-21,2027-01-24,2026-08-18
EMP0253-20260913_210636,Charlie,Lewis,peter93@example.com,1963-08-20,+44113 4960223,"Flat 68
Rees Views
Port Amy
NN2 9GT",Male,Riverside Integrated Care NHS Trust,Mixed,United States,ILR,AHP,Physiologist,Critical Care & Anaesthesia,6,24.27,2019-02-11,2019-03-25,37.5,1.0,None,Permanent,Inactive,PI116104,2028-08-22,WV846096,2029-09-27,2027-05-19,2019-03-04
EMP0254-20260913_210636,Paul,Khan,james33@example.net,1985-08-02,+44292018285,"Flat 95O
Bailey Streets
Warrenport
UB38 0HP",Female,Broadfield Clinical Services NHS Trust,Asian,China,ILR,AHP,Radiographer,Surgery & Cancer,6,24.29,2020-01-28,2020-02-25,15.0,0.4,HCPC,Permanent,Suspended,FY052623,2026-11-27,SY120636,2027-01-22,2027-08-30,2020-02-18
EMP0255-20260913_210636,Roy,Hill,maria94@example.net,1992-12-24,(0191) 4960739,"Flat 8
Lindsey Dam
Allenchester
E65 1PZ",Male,Westborough Acute Care NHS Trust,Mixed,Canada,Dependent,Nursing,Staff Nurse,Women & Children,5,21.55,2023-08-05,2023-09-02,18.75,0.5,NMC,Permanent,Active,UA554270,2030-02-11,UM355244,2028-04-20,2027-02-08,2023-08-26
EMP0256-20260913_210636,Josephine,Doyle,ljordan@example.org,2003-02-15,0161 4960856,"12 Russell Loaf
North Clare
W2C 7UG",Female,Meadowbrook Community Health NHS Trust,Asian,Japan,British Citizen,Admin,Data Analyst,Corporate Services,8A,29.21,2022-08-18,2022-09-15,18.75,0.5,NMC,Bank,Active,KN033752,2029-06-30,RD853130,2027-09-20,2027-06-20,2022-09-08
EMP0257-20260913_210636,Edward,Kent,morganteresa@example.org,2000-11-15,0909 879 0819,"67 Julie Circles
Port Donaldchester
NP66 4TP",Male,Valleyview Mental Wellness NHS Trust,White,United States,ILR,AHP,Radiographer,Surgery & Cancer,6,27.85,2019-10-09,2019-11-06,20.0,0.53,NMC,Bank,Active,AA832611,2030-08-06,XQ851643,2026-12-05,2027-04-02,2019-10-30
EMP0258-20260913_210636,Jane,Sheppard,griffithslee@example.com,1990-01-30,(0909)8790490,"Flat 76j
Claire Courts
Wilkinsontown
N6D 6YP",Male,Northwood Mental Health NHS Trust,Black,South Africa,Skilled Worker,Medical,SHO,Surgery & Cancer,SHO,25.62,2025-12-10,2026-01-21,18.75,0.5,GMC,Bank,Active,WV186644,2027-08-13,EY220506,2028-05-26,2027-08-09,2025-12-31
EMP0259-20260913_210636,Colin,Stanley,charlenemorley@example.com,1999-10-04,0118 4960708,"Flat 9
Taylor Mall
Wardberg
NN6H 3ED",Female,Meadowbrook Community Health NHS Trust,Mixed,Thailand,Dependent,Medical,GP,Emergency & Urgent Care,GP,54.35,2024-04-07,2024-05-12,18.75,0.5,NMC,Permanent,Suspended,DH814567,2027-03-22,UZ941732,2026-10-18,2027-04-09,2024-04-28
EMP0260-20260913_210636,Eric,Tyler,usaunders@example.net,1990-07-06,+44909 8790959,"Flat 80L
Harriet Hills
Smithton
CH46 2XL",Female,Meadowbrook Community Health NHS Trust,Black,Barbados,ILR,Nursing,Healthcare Assistant,Women & Children,2,14.16,2019-05-30,2019-07-11,18.75,0.5,None,Fixed Term,Active,NW501612,2028-12-10,VT058105,2031-07-08,2026-11-10,2019-06-20
EMP0261-20260913_210636,Joel,Thompson,westonclive@example.org,1962-03-13,(0151)4960200,"279 Conor River
Markstad
N8 3DT",Female,Westmere Community Health NHS Trust,Asian,Japan,ILR,Nursing,Nursery Nurse,Women & Children,2,13.04,2024-06-02,2024-07-14,37.5,1.0,NMC,Permanent,Suspended,OL914432,2027-04-12,YX623037,2028-04-15,2027-07-20,2024-06-23
EMP0262-20260913_210636,Norman,Butler,eyoung@example.org,1995-11-06,(0121) 4960874,"3 Fletcher Stravenue
Lewismouth
B0 8LG",Male,Greenhaven Acute & Specialist Care NHS Trust,Asian,Japan,Dependent,Medical,Consultant,Surgery & Cancer,CONS,55.85,2018-08-16,2018-09-13,30.0,0.8,GMC,Permanent,Inactive,IK280952,2028-11-03,YI158764,2027-03-09,2027-09-07,2018-09-06
EMP0263-20260913_210636,Olivia,Thompson,andrewsbrett@example.com,1968-03-17,+44289018428,"Studio 73
Vincent Bypass
Powellborough
L0K 4NS",Female,Bluewater Community & Rehabilitation NHS Trust,Asian,Japan,Skilled Worker,Nursing,Nursery Nurse,Clinical Support Services,2,12.32,2021-01-22,2021-02-26,37.5,1.0,NMC,Fixed Term,On Leave,BB211033,2030-05-24,SJ465680,2029-09-19,2026-12-11,2021-02-12
EMP0264-20260913_210636,Jill,Allen,lucyreynolds@example.org,1989-10-22,+44(0)28 9018914,"Flat 11r
Jenkins Hills
South Nigel
S67 5GY",Female,Midlands Central Hospitals NHS Trust,Mixed,United Kingdom,British Citizen,Admin,Administrator,Corporate Services,3,16.36,2020-05-15,2020-06-26,20.0,0.53,GMC,Bank,Inactive,FS154066,2029-09-29,UT400190,2026-10-07,2026-11-19,2020-06-05
EMP0265-20260913_210636,Rosemary,Noble,thorpelynn@example.com,1984-12-20,+44(0)8081570831,"118 Callum Plaza
Reesberg
E50 6GR",Female,Northshire University Hospitals NHS Trust,White,Canada,ILR,Admin,Medical Secretary,Emergency & Urgent Care,4,17.89,2019-07-06,2019-08-17,30.0,0.8,HCPC,Fixed Term,Suspended,EO710183,2028-05-25,IW002410,2027-02-01,2026-10-01,2019-07-27
EMP0266-20260913_210636,Stacey,Lee,owen92@example.net,2003-04-10,+44(0)1632 960443,"3 Sarah Summit
West Leonardfurt
HX8N 0LW",Female,Eastfield Psychological Services NHS Trust,Asian,India,ILR,Admin,Administrator,Clinical Support Services,3,14.68,2017-11-19,2017-12-17,20.0,0.53,HCPC,Permanent,Inactive,RL931394,2030-07-23,AM244192,2029-06-30,2027-05-16,2017-12-10
EMP0267-20260913_210636,Joseph,Hartley,hammondjoanne@example.org,1982-04-24,(0113)4960038,"Studio 11Q
Annette Light
Port Debra
E0B 1FJ",Female,Southgate Community & Mental Health NHS Trust,Asian,India,British Citizen,Nursing,Staff Nurse,Emergency & Urgent Care,5,22.41,2018-06-15,2018-07-27,15.0,0.4,HCPC,Permanent,Active,DM530050,2029-05-05,LW334076,2029-01-15,2027-07-17,2018-07-06
EMP0268-20260913_210636,Lisa,Stephens,henryslater@example.net,1999-05-29,(0117) 496 0015,"Studio 32
Susan Creek
Michellefurt
M38 0QP",Male,Meadowbrook Community Health NHS Trust,White,New Zealand,Dependent,Nursing,Charge Nurse,Emergency & Urgent Care,7,32.23,2021-04-07,2021-05-19,20.0,0.53,HCPC,Bank,Inactive,QZ882057,2028-04-18,DR500662,2029-12-16,2027-05-20,2021-04-28
EMP0269-20260913_210636,Melissa,Edwards,jamesnatasha@example.net,1962-03-21,(0115) 4960307,"Flat 65l
Sanders Isle
Singhland
S14 6BL",Female,Hillcrest Medical Centres NHS Trust,Black,Barbados,Dependent,Medical,FY1/FY2,Surgery & Cancer,FY1,18.77,2023-04-01,2023-04-29,18.75,0.5,NMC,Bank,On Leave,XR533248,2026-10-17,FW267266,2031-07-09,2027-05-10,2023-04-22
EMP0270-20260913_210636,Keith,Foster,valexander@example.com,2000-05-11,(0141) 496 0507,"6 Eric Circle
Kimberleyborough
G1 2EG",Female,Westborough Acute Care NHS Trust,Mixed,Trinidad and Tobago,British Citizen,Nursing,Nursery Nurse,Women & Children,2,12.42,2020-06-05,2020-07-03,20.0,0.53,NMC,Fixed Term,Inactive,DY925175,2029-01-22,DA513751,2030-02-19,2027-09-04,2020-06-26
EMP0271-20260913_210636,Colin,Vaughan,brownalice@example.net,1991-05-20,+441314960688,"543 Lewis Creek
Chapmanfurt
BA06 0AP",Female,Horizon Integrated Health Partnership NHS Trust,Asian,China,ILR,Medical,Registrar,Clinical Support Services,SPR,41.98,2022-03-23,2022-05-04,20.0,0.53,GMC,Bank,Inactive,AJ330329,2030-05-30,LY152941,2027-12-11,2027-01-18,2022-04-13
EMP0272-20260913_210636,Russell,Harper,foxconor@example.com,1984-11-19,+44909 879 0146,"8 Rachel Oval
Greenwoodmouth
B95 7YS",Female,Midlands Central Hospitals NHS Trust,Black,Barbados,Skilled Worker,Medical,Registrar,Corporate Services,SPR,33.83,2023-02-26,2023-04-09,20.0,0.53,NMC,Permanent,On Leave,SS948828,2031-06-26,IN794086,2028-11-26,2027-07-17,2023-03-19
EMP0273-20260913_210636,Patrick,Thomas,huntkevin@example.com,1999-12-25,0116 4960350,"203 Davis Shoal
Mandybury
B6 5EB",Male,Southvale Hospitals NHS Trust,White,United Kingdom,Skilled Worker,Nursing,Nursery Nurse,Emergency & Urgent Care,2,13.66,2016-09-17,2016-10-15,18.75,0.5,None,Bank,Active,VS072349,2030-11-25,XS893051,2030-10-13,2026-10-07,2016-10-08
EMP0274-20260913_210636,David,White,yharris@example.com,1973-02-25,+44(0)118 4960395,"30 Diane Branch
South Ann
S36 3AA",Male,Riverside Integrated Care NHS Trust,Asian,India,Dependent,Medical,SHO,Medicine & Acute Care,SHO,27.57,2025-04-04,2025-05-02,37.5,1.0,NMC,Fixed Term,Active,UP436680,2026-11-13,NY414872,2030-08-18,2027-03-25,2025-04-25
EMP0275-20260913_210636,Molly,Pearce,nigelblake@example.net,1991-01-07,02074960247,"Flat 44v
Mitchell Street
Cunninghamburgh
SG7 0DU",Female,Oakridge Community Services NHS Trust,Black,Jamaica,Skilled Worker,AHP,Physiologist,Surgery & Cancer,6,26.76,2017-12-30,2018-02-10,30.0,0.8,HCPC,Bank,Suspended,YU376767,2028-08-13,CB560170,2029-11-06,2026-10-24,2018-01-20
EMP0276-20260913_210636,Cameron,Savage,harry05@example.com,2001-05-19,+44121 4960010,"Studio 96
Marie Springs
East Shirleyfurt
PO3W 6UA",Male,Riverbank General Hospitals NHS Trust,Asian,Japan,British Citizen,Admin,Medical Secretary,Critical Care & Anaesthesia,4,17.76,2018-08-22,2018-10-03,15.0,0.4,NMC,Bank,Inactive,CV143797,2029-01-02,RF114803,2031-01-18,2027-01-13,2018-09-12
EMP0277-20260913_210636,Christine,Green,normanlydia@example.org,1969-01-26,020 7946 0182,"26 Smith Springs
North Abigailbury
B30 2FB",Female,Westborough Acute Care NHS Trust,Black,Trinidad and Tobago,British Citizen,AHP,Physiologist,Women & Children,6,23.66,2026-08-22,2026-09-19,37.5,1.0,NMC,Permanent,Suspended,RK085304,2028-11-14,CD789560,2030-09-11,2027-07-28,2026-09-12
EMP0278-20260913_210636,Lorraine,Lees,atkinsonchristopher@example.net,1974-05-20,01514960567,"Studio 38p
White Garden
Sheilahaven
KY07 1WJ",Male,Midlands Central Hospitals NHS Trust,Black,Barbados,British Citizen,Admin,Receptionist,Emergency & Urgent Care,3,13.53,2026-04-28,2026-05-26,15.0,0.4,GMC,Fixed Term,Active,FC066943,2028-12-21,EJ277364,2029-04-16,2026-11-29,2026-05-19
EMP0279-20260913_210636,Tony,Moore,clifford68@example.net,1999-07-18,0117 496 0987,"3 Griffiths Islands
East Iainside
DY8 3XN",Male,Riverbank General Hospitals NHS Trust,Mixed,Jamaica,Skilled Worker,AHP,Pharmacist,Critical Care & Anaesthesia,5,20.47,2023-02-16,2023-03-30,30.0,0.8,NMC,Fixed Term,On Leave,NG770983,2030-05-29,WI697109,2026-11-23,2027-06-06,2023-03-09
EMP0280-20260913_210636,Shane,Begum,millerkyle@example.net,2003-11-24,+44191 496 0890,"Flat 4
Irene Shoals
East Ben
N4J 0HN",Male,Eastfield Psychological Services NHS Trust,Mixed,United States,British Citizen,Medical,Registrar,Medicine & Acute Care,SPR,35.5,2019-04-30,2019-06-11,15.0,0.4,None,Fixed Term,Suspended,GS410564,2030-12-18,BE070661,2031-02-06,2026-11-24,2019-05-21
EMP0281-20260913_210636,Hannah,Fraser,helenanderson@example.org,2002-10-24,(0131)4960814,"382 Mohammed Cliff
Reestown
L02 0RQ",Male,Eastfield Psychological Services NHS Trust,Asian,Japan,Skilled Worker,AHP,Radiographer,Clinical Support Services,6,26.04,2020-10-05,2020-11-16,15.0,0.4,HCPC,Bank,Inactive,EK191488,2029-02-02,DN101444,2028-12-13,2027-07-09,2020-10-26
EMP0282-20260913_210636,Zoe,Richards,collinsmohamed@example.org,1991-01-30,+44(0)113 4960229,"Studio 2
Colin Burgs
West Janeland
L8S 8FY",Male,Broadfield Clinical Services NHS Trust,Mixed,Canada,Dependent,Admin,Medical Secretary,Surgery & Cancer,4,17.75,2024-05-18,2024-06-29,18.75,0.5,None,Fixed Term,Active,SZ546560,2027-05-14,DH535853,2026-09-28,2027-06-09,2024-06-08
EMP0283-20260913_210636,Nathan,Martin,gordon35@example.net,1960-12-01,+44(0)117 4960317,"179 Lewis Gateway
South Richardton
OX16 0RZ",Male,Westborough Acute Care NHS Trust,Mixed,United States,Skilled Worker,AHP,Physiotherapist,Medicine & Acute Care,6,24.37,2024-07-21,2024-08-25,18.75,0.5,GMC,Fixed Term,Inactive,FE225908,2029-01-05,MY770499,2027-10-04,2027-01-31,2024-08-11
EMP0284-20260913_210636,Natasha,Bibi,uturner@example.com,1964-06-03,(0118)4960410,"Studio 3
Jones Avenue
East Iainfurt
TF1E 9YL",Female,Horizon Integrated Health Partnership NHS Trust,Black,Jamaica,Skilled Worker,Medical,FY1/FY2,Emergency & Urgent Care,FY1,18.49,2016-10-10,2016-11-14,37.5,1.0,NMC,Permanent,On Leave,VE794078,2029-02-21,JJ837763,2028-11-05,2026-12-03,2016-10-31
EMP0285-20260913_210636,Scott,Jackson,oconnorrussell@example.org,2006-03-11,+44(0)29 2018726,"76 Price Highway
Chapmanstad
DT1 0AX",Male,Broadfield Clinical Services NHS Trust,Asian,India,Dependent,Medical,FY1/FY2,Surgery & Cancer,FY1,20.08,2021-07-28,2021-09-01,30.0,0.8,None,Fixed Term,Suspended,LJ802383,2029-06-02,KX773183,2031-04-07,2027-07-27,2021-08-18
EMP0286-20260913_210636,Jayne,West,emmasmart@example.net,1986-01-10,+441314960920,"Studio 70W
Peter Vista
Dunnfurt
B6S 3YG",Female,Westborough Acute Care NHS Trust,Asian,India,Skilled Worker,AHP,Physiotherapist,Women & Children,6,26.94,2017-10-30,2017-12-04,37.5,1.0,NMC,Fixed Term,On Leave,NG470746,2030-11-09,PH623242,2031-05-03,2027-06-13,2017-11-20
EMP0287-20260913_210636,Derek,White,katherine54@example.net,1969-12-11,(0909)8790930,"58 Paula Orchard
Bethburgh
E0 0WP",Male,Greenhaven Acute & Specialist Care NHS Trust,Mixed,Canada,Dependent,Nursing,Senior Staff Nurse,Corporate Services,6,25.12,2018-03-09,2018-04-06,15.0,0.4,NMC,Permanent,Inactive,CD914701,2029-09-22,OI946770,2030-08-19,2026-09-30,2018-03-30
EMP0288-20260913_210636,Alan,White,nicola68@example.com,1983-07-20,01154960682,"96 Jeremy Isle
Gallaghertown
W47 0QF",Female,Southvale Hospitals NHS Trust,White,Australia,British Citizen,Medical,Consultant,Surgery & Cancer,CONS,60.78,2019-12-09,2020-01-20,30.0,0.8,NMC,Permanent,Suspended,FS134529,2028-08-22,AN645794,2030-01-04,2026-12-31,2019-12-30
EMP0289-20260913_210636,Stuart,Dobson,fbond@example.net,1960-11-03,(0117)4960250,"0 Sian Green
Port Gracetown
G6 6UZ",Female,Eastmoor Teaching Hospitals NHS Trust,White,New Zealand,British Citizen,Medical,Registrar,Emergency & Urgent Care,SPR,41.3,2017-01-07,2017-02-04,37.5,1.0,None,Permanent,Suspended,GO338190,2030-05-10,ZD772971,2031-01-11,2027-04-10,2017-01-28
EMP0290-20260913_210636,Joanna,Turner,xrobson@example.net,1986-10-09,+441632960753,"296 Damian Walks
East Elaine
LL0Y 5YU",Female,Oakridge Community Services NHS Trust,Black,Nigeria,Skilled Worker,Medical,GP,Clinical Support Services,GP,60.8,2021-05-24,2021-07-05,30.0,0.8,HCPC,Fixed Term,Suspended,DU667409,2031-03-05,UE345753,2028-02-14,2027-08-07,2021-06-14
EMP0291-20260913_210636,Maria,Adams,traceywilson@example.net,1985-07-09,+4429 2018 0648,"03 Sean Harbor
South Leanne
HD5R 9SA",Female,Northwood Mental Health NHS Trust,Mixed,Ghana,Skilled Worker,Nursing,Nursery Nurse,Medicine & Acute Care,2,12.8,2018-04-21,2018-05-26,37.5,1.0,GMC,Fixed Term,Inactive,JK858008,2028-08-18,FA217741,2029-07-03,2027-01-31,2018-05-12
EMP0292-20260913_210636,Eleanor,Young,alicenicholson@example.org,1996-10-13,+44118 4960193,"68 Perry Centers
Gardnerside
G96 6WZ",Female,Northwood Mental Health NHS Trust,Black,Kenya,ILR,Nursing,Charge Nurse,Women & Children,7,27.19,2017-11-29,2018-01-03,15.0,0.4,None,Fixed Term,Suspended,KY633496,2028-09-18,QT686099,2028-04-01,2026-09-18,2017-12-20
EMP0293-20260913_210636,Donna,Webster,williamsdeborah@example.org,1983-03-15,+4429 2018 0133,"59 Lloyd Passage
Bakershire
S3K 9QU",Male,Eastmoor Teaching Hospitals NHS Trust,Black,Kenya,Dependent,Nursing,Senior Staff Nurse,Corporate Services,6,23.47,2024-12-19,2025-01-30,15.0,0.4,None,Fixed Term,Inactive,EV362290,2031-04-10,DH028407,2027-10-15,2026-10-13,2025-01-09
EMP0294-20260913_210636,Shirley,Newman,pwright@example.com,1973-04-29,0151 496 0528,"Studio 68
Burgess Village
Brownborough
TN8 3BY",Male,Broadfield Clinical Services NHS Trust,Black,Kenya,British Citizen,Medical,SHO,Medicine & Acute Care,SHO,26.1,2017-10-02,2017-11-06,30.0,0.8,HCPC,Fixed Term,On Leave,OI160169,2030-06-05,PK899722,2031-04-04,2026-12-08,2017-10-23
EMP0295-20260913_210636,Leah,Wilson,stuartgordon@example.org,1991-07-10,+44131 4960395,"0 Jean Corners
East Emily
LN5A 0YB",Male,Lakeside District Hospitals NHS Trust,Asian,Thailand,ILR,AHP,Pharmacist,Surgery & Cancer,5,22.83,2022-09-23,2022-10-21,37.5,1.0,GMC,Bank,Active,ZH983916,2028-02-06,WT140309,2027-03-19,2026-09-22,2022-10-14
EMP0296-20260913_210636,Shaun,West,terencehussain@example.net,1972-11-25,(0161) 496 0588,"Studio 29J
Ronald Route
Port Liam
SY5P 0QD",Female,Oakridge Community Services NHS Trust,Mixed,United States,Dependent,AHP,Radiographer,Medicine & Acute Care,6,23.74,2017-07-09,2017-08-06,37.5,1.0,NMC,Fixed Term,Active,IV095686,2029-09-16,YR251194,2026-11-01,2027-03-27,2017-07-30
EMP0297-20260913_210636,Natasha,Jones,dstevens@example.net,1982-08-28,(0117)4960942,"Flat 09b
Hayley Street
West Edwardborough
E70 7SQ",Male,Midlands Central Hospitals NHS Trust,Asian,Thailand,Skilled Worker,Nursing,Senior Staff Nurse,Critical Care & Anaesthesia,6,24.54,2022-03-02,2022-04-06,20.0,0.53,GMC,Permanent,On Leave,JF222412,2029-03-06,DP426652,2029-05-09,2027-02-07,2022-03-23
EMP0298-20260913_210636,Stephanie,Howe,macdonaldgeorgina@example.org,2002-03-22,(0117) 4960512,"7 White Heights
Chambersport
SS73 8QH",Male,Riverbank General Hospitals NHS Trust,Mixed,United States,ILR,Medical,SHO,Women & Children,SHO,29.69,2023-01-05,2023-02-02,37.5,1.0,GMC,Permanent,Active,CS686523,2030-11-08,IN603314,2028-08-26,2027-01-23,2023-01-26
EMP0299-20260913_210636,Paul,Murphy,smithglen@example.net,1960-12-18,+44114 496 0060,"Studio 70X
Kirk Mews
Geraldberg
TS8 1AY",Male,Riverbank General Hospitals NHS Trust,Black,Kenya,Dependent,Admin,Administrator,Women & Children,3,13.98,2019-01-19,2019-02-16,20.0,0.53,HCPC,Permanent,Suspended,IY494599,2030-03-21,JH006553,2031-01-28,2027-02-14,2019-02-09
EMP0300-20260913_210636,Leah,Smith,qmclean@example.net,1976-12-28,+44(0)151 4960992,"882 Rogers Wall
West Dianaview
HA18 1BA",Female,Greenhaven Acute & Specialist Care NHS Trust,Asian,Japan,Dependent,Medical,GP,Critical Care & Anaesthesia,GP,56.88,2019-01-01,2019-02-12,18.75,0.5,None,Permanent,On Leave,SO648232,2027-10-12,OQ990585,2027-10-30,2027-06-12,2019-01-22
EMP0301-20260913_210636,Lesley,Rogers,bennettvictoria@example.com,1963-01-26,08081570582,"310 Dodd Mission
Freemanshire
OL57 5EJ",Male,Southvale Hospitals NHS Trust,Asian,India,British Citizen,Medical,Registrar,Clinical Support Services,SPR,42.83,2019-03-18,2019-04-29,30.0,0.8,NMC,Fixed Term,Active,DU520738,2028-05-13,VL885499,2031-03-03,2027-09-11,2019-04-08
EMP0302-20260913_210636,Kate,Baldwin,ryanthomson@example.com,1986-05-18,(028) 9018 0955,"Flat 05
Hannah Islands
Wongborough
HA36 1TP",Male,Broadfield Clinical Services NHS Trust,Black,Trinidad and Tobago,ILR,Medical,GP,Surgery & Cancer,GP,48.13,2026-05-18,2026-06-29,15.0,0.4,GMC,Fixed Term,Inactive,EB734334,2030-02-14,HW192559,2029-03-26,2027-04-23,2026-06-08
EMP0303-20260913_210636,Dylan,Macdonald,ashleyparry@example.org,2004-12-19,(0113) 4960856,"Flat 92
Samantha Unions
Lesleymouth
S8 3SU",Male,Meadowbrook Community Health NHS Trust,Asian,India,ILR,Admin,Data Analyst,Surgery & Cancer,8A,28.27,2017-02-17,2017-03-24,20.0,0.53,NMC,Permanent,On Leave,YY951150,2030-05-07,OV220607,2030-11-09,2027-08-03,2017-03-10
EMP0304-20260913_210636,Malcolm,White,burtonjacqueline@example.org,1971-05-14,(0808)1570511,"0 Brett Stream
Marionmouth
L6A 2XR",Female,Riverside Integrated Care NHS Trust,White,United Kingdom,British Citizen,Medical,Registrar,Clinical Support Services,SPR,38.26,2019-11-15,2019-12-13,30.0,0.8,HCPC,Bank,On Leave,WK719525,2030-05-26,UD048887,2030-11-17,2027-04-23,2019-12-06
EMP0305-20260913_210636,Craig,Turnbull,callumgreen@example.com,2005-10-19,028 9018 0654,"Flat 0
Lee Stravenue
West Geraldinehaven
MK47 2BN",Female,Westmere Community Health NHS Trust,Asian,China,Skilled Worker,Admin,Receptionist,Clinical Support Services,3,15.79,2016-10-26,2016-12-07,20.0,0.53,GMC,Bank,Active,QD215729,2027-06-28,MD616709,2027-01-30,2026-11-02,2016-11-16
EMP0306-20260913_210636,Pamela,Schofield,hcook@example.org,2008-08-30,(0808)1570386,"Flat 75
Barry Streets
Harrisonborough
CM3 3WL",Male,Hillcrest Medical Centres NHS Trust,White,Canada,ILR,Medical,GP,Corporate Services,GP,54.41,2019-08-27,2019-09-24,30.0,0.8,None,Fixed Term,Active,NU957231,2027-10-22,QM332625,2028-06-25,2027-01-31,2019-09-17
EMP0307-20260913_210636,Margaret,Mahmood,geraldinefield@example.org,1996-08-31,+441632 960526,"620 Emma Garden
Dannyfurt
B6 0AH",Female,Southgate Community & Mental Health NHS Trust,Black,South Africa,British Citizen,Admin,Administrator,Critical Care & Anaesthesia,3,14.96,2022-02-22,2022-04-05,20.0,0.53,NMC,Permanent,Inactive,RN423825,2027-01-28,CD868918,2030-01-19,2026-09-30,2022-03-15
EMP0308-20260913_210636,Kayleigh,Taylor,joneskerry@example.org,1974-01-27,(0121) 496 0214,"339 Christopher Street
Port Craig
WS62 7FB",Female,Westmere Community Health NHS Trust,White,Canada,Skilled Worker,Medical,SHO,Emergency & Urgent Care,SHO,27.08,2017-10-28,2017-12-02,30.0,0.8,HCPC,Bank,Inactive,KH844771,2026-11-04,EH812351,2027-09-03,2027-02-20,2017-11-18
EMP0309-20260913_210636,Leon,McCarthy,ksharp@example.net,1989-12-28,(0191)4960805,"8 Gibson Locks
East Cameron
L16 7PJ",Male,Northshire University Hospitals NHS Trust,White,New Zealand,British Citizen,Medical,FY1/FY2,Corporate Services,FY1,21.09,2023-09-17,2023-10-15,37.5,1.0,GMC,Fixed Term,Suspended,EI156001,2030-06-10,PC144317,2028-03-19,2026-12-01,2023-10-08
EMP0310-20260913_210636,Patricia,Carter,sophie52@example.org,1967-03-09,01514960537,"Studio 40p
Carole Park
East Josephine
HP65 7DZ",Male,Westborough Acute Care NHS Trust,Asian,Japan,ILR,AHP,Pharmacist,Medicine & Acute Care,5,21.56,2021-01-13,2021-02-10,37.5,1.0,HCPC,Permanent,Inactive,IL685721,2031-08-16,ST710089,2027-02-24,2027-06-21,2021-02-03
EMP0311-20260913_210636,Carl,Norman,cookekimberley@example.net,1966-09-26,+44(0)1314960902,"59 Irene Wells
East Tomtown
DD6P 8DX",Female,Riverside Integrated Care NHS Trust,Asian,China,British Citizen,Nursing,Senior Staff Nurse,Medicine & Acute Care,6,26.17,2022-08-10,2022-09-21,37.5,1.0,HCPC,Fixed Term,Active,PL263775,2028-07-20,JR458265,2026-10-07,2026-12-17,2022-08-31
EMP0312-20260913_210636,Hazel,Graham,eileen02@example.org,1992-09-21,0808 157 0975,"Flat 03
Williams Station
New Lynne
BB71 3QX",Male,Eastfield Psychological Services NHS Trust,White,Canada,Dependent,Admin,Data Analyst,Corporate Services,8A,34.85,2022-03-30,2022-04-27,15.0,0.4,NMC,Bank,On Leave,QT955226,2029-06-09,JR449460,2028-10-22,2027-01-09,2022-04-20
EMP0313-20260913_210636,Hugh,Lewis,fcooke@example.net,1974-12-12,(0151)4960393,"1 Jean Path
Walshmouth
KY43 2TG",Female,Westborough Acute Care NHS Trust,White,United States,Skilled Worker,AHP,Physiotherapist,Women & Children,6,23.06,2024-11-15,2024-12-13,37.5,1.0,None,Fixed Term,Suspended,WC082335,2028-08-22,UT746245,2028-08-11,2027-02-26,2024-12-06
EMP0314-20260913_210636,Kieran,O'Neill,amandaduncan@example.com,2002-09-23,+4420 7496 0151,"Studio 02T
Bethany Camp
Robinmouth
G65 4YE",Female,Northshire University Hospitals NHS Trust,Asian,India,Skilled Worker,Nursing,Senior Staff Nurse,Medicine & Acute Care,6,26.28,2026-06-21,2026-07-26,15.0,0.4,NMC,Bank,Active,CT868130,2027-11-09,KZ172561,2028-01-30,2026-12-30,2026-07-12
EMP0315-20260913_210636,Mitchell,Barber,jcooper@example.net,1967-07-30,+44(0)289018120,"Flat 63O
Mistry Creek
Mohammadshire
N78 0QE",Male,Bluewater Community & Rehabilitation NHS Trust,Asian,Japan,British Citizen,AHP,Occupational Therapist,Critical Care & Anaesthesia,6,23.82,2024-05-10,2024-06-21,15.0,0.4,GMC,Bank,On Leave,PP855328,2029-09-25,HE006856,2030-01-11,2027-04-04,2024-05-31
EMP0316-20260913_210636,Malcolm,Blake,joshwright@example.net,1982-01-16,0808 1570494,"56 Alison Drives
Williamschester
W91 4WY",Male,Northwood Mental Health NHS Trust,Black,Nigeria,Skilled Worker,AHP,Occupational Therapist,Corporate Services,6,24.02,2021-09-23,2021-10-21,30.0,0.8,NMC,Bank,On Leave,LK233860,2030-09-14,FX453437,2030-02-27,2026-10-31,2021-10-14
EMP0317-20260913_210636,Megan,Williams,dorothy44@example.net,2006-06-06,(0909) 8790624,"895 Lawrence Estates
Northtown
CA7 4FH",Female,Oakridge Community Services NHS Trust,Asian,India,Dependent,Medical,Consultant,Surgery & Cancer,CONS,67.63,2023-03-29,2023-05-10,30.0,0.8,GMC,Fixed Term,On Leave,GV102249,2028-09-05,ZF982689,2028-12-26,2027-07-15,2023-04-19
EMP0318-20260913_210636,Gerald,Cox,natashamartin@example.org,1961-05-16,+44(0)1154960497,"77 Bethany Grove
Port Adrian
W40 0GZ",Female,Oakridge Community Services NHS Trust,Black,Trinidad and Tobago,Skilled Worker,AHP,Pharmacist,Medicine & Acute Care,5,22.72,2020-12-16,2021-01-20,20.0,0.53,HCPC,Fixed Term,Active,JV176864,2030-12-17,NK400926,2028-10-08,2027-01-04,2021-01-06
EMP0319-20260913_210636,Marcus,Smith,oliver83@example.net,1991-02-24,01184960176,"Studio 09k
Maurice Spurs
Bradleyville
L62 1QN",Female,Lakeside District Hospitals NHS Trust,Asian,Japan,Skilled Worker,AHP,Radiographer,Corporate Services,6,22.64,2021-02-18,2021-04-01,18.75,0.5,None,Permanent,Suspended,PM135315,2029-08-31,MR606884,2031-06-06,2027-07-20,2021-03-11
EMP0320-20260913_210636,Pauline,Hamilton,chloehewitt@example.org,1980-05-23,+44(0)20 7496 0063,"5 Ryan Hill
Declanhaven
E8 7BR",Male,Bluewater Community & Rehabilitation NHS Trust,White,United Kingdom,Skilled Worker,Nursing,Staff Nurse,Women & Children,5,19.64,2025-03-14,2025-04-25,20.0,0.53,HCPC,Bank,Inactive,YR722233,2027-09-06,BX800294,2027-04-23,2026-10-30,2025-04-04
EMP0321-20260913_210636,Elliot,Richards,martinjonathan@example.org,1972-03-15,01154960775,"6 Frances Ranch
Port Sallymouth
SY3 1HR",Female,Lakeside District Hospitals NHS Trust,Black,Ghana,ILR,AHP,Physiotherapist,Corporate Services,6,27.74,2025-04-14,2025-05-26,15.0,0.4,GMC,Bank,Inactive,YC601572,2030-10-02,LV748077,2027-10-05,2027-03-11,2025-05-05
EMP0322-20260913_210636,Colin,Mellor,powellantony@example.org,1975-06-14,+44(0)2074960667,"Flat 93
Joel Pine
South Christianburgh
N02 9ZL",Male,Riverbank General Hospitals NHS Trust,White,Canada,ILR,AHP,Physiologist,Corporate Services,6,27.15,2020-05-08,2020-06-12,18.75,0.5,None,Bank,Inactive,OB424549,2029-08-31,IJ967531,2030-12-18,2027-06-23,2020-05-29
EMP0323-20260913_210636,Sandra,Parkes,howarthlydia@example.com,1976-07-04,+441134960019,"Flat 68E
Clark Passage
New Samanthafort
EN1 0YA",Male,Southgate Community & Mental Health NHS Trust,Black,Jamaica,Skilled Worker,Medical,SHO,Women & Children,SHO,28.58,2023-06-01,2023-07-06,30.0,0.8,None,Bank,Active,KB477743,2026-11-25,ZF445773,2030-02-25,2027-03-01,2023-06-22
EMP0324-20260913_210636,Natalie,Nicholls,hconnolly@example.net,1979-03-21,+44(0)1514960880,"Flat 13c
Mary Isle
East Elliott
EC9B 2YE",Male,Northwood Mental Health NHS Trust,White,United States,Dependent,Admin,Administrator,Women & Children,3,16.22,2022-10-04,2022-11-01,37.5,1.0,NMC,Permanent,Active,QK241467,2029-06-04,QZ056996,2029-07-01,2027-07-26,2022-10-25
EMP0325-20260913_210636,Roger,Burrows,jamesabdul@example.org,1999-02-10,+44(0)1214960773,"Studio 50N
Stephen Shore
Leslieberg
G2 7GE",Male,Northwood Mental Health NHS Trust,White,Australia,British Citizen,Medical,Registrar,Critical Care & Anaesthesia,SPR,36.24,2017-07-15,2017-08-26,15.0,0.4,GMC,Fixed Term,Suspended,HU566757,2031-07-06,OI519630,2027-03-26,2026-12-14,2017-08-05
EMP0326-20260913_210636,Guy,Smith,huntrosie@example.com,1988-09-22,(0113)4960610,"254 Leigh Port
Joanland
BA1 9WL",Female,Bluewater Community & Rehabilitation NHS Trust,Mixed,Thailand,British Citizen,Admin,Receptionist,Emergency & Urgent Care,3,15.25,2018-04-03,2018-05-15,30.0,0.8,GMC,Bank,Active,OG834254,2027-12-08,RA357856,2031-03-02,2026-09-28,2018-04-24
EMP0327-20260913_210636,Rita,Jones,natashamurphy@example.org,1992-03-18,0141 496 0459,"0 Jones Throughway
Dyerland
CA2B 7YE",Female,Oakridge Community Services NHS Trust,Black,Barbados,Skilled Worker,Admin,Receptionist,Clinical Support Services,3,15.61,2021-08-13,2021-09-10,30.0,0.8,None,Fixed Term,Suspended,YW474460,2029-05-31,IP511045,2031-02-01,2027-06-20,2021-09-03
EMP0328-20260913_210636,Andrea,Gilbert,pporter@example.net,1973-04-20,+4420 7496 0098,"22 Russell Streets
Greenfort
S91 0AJ",Female,Northwood Mental Health NHS Trust,White,United Kingdom,Skilled Worker,Admin,Medical Secretary,Corporate Services,4,19.46,2023-01-24,2023-02-21,37.5,1.0,NMC,Fixed Term,Inactive,GT732916,2030-12-28,FO725720,2029-01-13,2026-09-24,2023-02-14
EMP0329-20260913_210636,Angela,Smith,abbie07@example.org,1985-08-25,(0161) 4960655,"Flat 59s
Claire Well
Dianaland
N88 3SR",Male,Horizon Integrated Health Partnership NHS Trust,Asian,Japan,Skilled Worker,Nursing,Senior Staff Nurse,Emergency & Urgent Care,6,24.11,2018-01-16,2018-02-27,18.75,0.5,NMC,Fixed Term,Suspended,RB445239,2027-09-26,DZ008659,2028-12-13,2027-05-18,2018-02-06
EMP0330-20260913_210636,Ashleigh,Clarke,ljones@example.net,1973-10-13,+441214960703,"Flat 42
Cheryl Highway
Gillborough
N7 8YZ",Female,Valleyview Mental Wellness NHS Trust,Black,Kenya,Skilled Worker,Medical,Consultant,Clinical Support Services,CONS,53.76,2023-04-02,2023-05-14,20.0,0.53,GMC,Fixed Term,Inactive,KT089389,2027-05-02,NX239434,2029-02-23,2027-07-26,2023-04-23
EMP0331-20260913_210636,Carol,Storey,annewalker@example.com,1982-09-24,09098790080,"Studio 46v
Morgan Shores
Mortonshire
SS0Y 5YT",Female,Southgate Community & Mental Health NHS Trust,Mixed,United States,British Citizen,Admin,Receptionist,Emergency & Urgent Care,3,14.96,2018-03-29,2018-05-03,18.75,0.5,None,Bank,Active,NJ860252,2026-10-26,XO730489,2027-12-01,2026-11-03,2018-04-19
EMP0332-20260913_210636,Joel,Reynolds,phillip16@example.com,2002-10-14,01632960781,"781 Price Trail
Rachelshire
S3 3HN",Male,Midlands Central Hospitals NHS Trust,White,Canada,Skilled Worker,Nursing,Healthcare Assistant,Emergency & Urgent Care,2,13.31,2019-12-21,2020-01-25,20.0,0.53,NMC,Permanent,On Leave,FV725139,2027-09-16,VI881166,2031-08-28,2027-03-22,2020-01-11
EMP0333-20260913_210636,Jeremy,Collins,jonesjudith@example.com,1962-11-15,0151 4960111,"Studio 76
Gordon Inlet
Sianbury
W4F 4EF",Male,Riverside Integrated Care NHS Trust,White,Australia,Skilled Worker,AHP,Speech Therapist,Medicine & Acute Care,6,24.52,2018-03-14,2018-04-25,37.5,1.0,NMC,Fixed Term,On Leave,YL091598,2027-04-23,NK457835,2027-10-19,2026-09-26,2018-04-04
EMP0334-20260913_210636,Antony,Harding,neil40@example.net,1967-12-13,+44131 4960936,"609 Smith Loop
Lake Julian
W6 5FR",Male,Riverbank General Hospitals NHS Trust,Black,South Africa,Skilled Worker,Admin,Data Analyst,Clinical Support Services,8A,28.79,2022-05-28,2022-06-25,37.5,1.0,HCPC,Fixed Term,Active,MH183760,2029-10-18,UJ423040,2028-05-24,2027-05-30,2022-06-18
EMP0335-20260913_210636,Alexandra,Cox,bibicaroline@example.org,1971-02-03,+44118 496 0528,"593 Jade Valleys
East Douglas
B0A 4TW",Female,Meadowbrook Community Health NHS Trust,Mixed,Australia,British Citizen,Medical,GP,Clinical Support Services,GP,57.37,2021-08-03,2021-08-31,37.5,1.0,GMC,Bank,Active,DQ755628,2031-06-28,EX983333,2031-05-21,2027-02-02,2021-08-24
EMP0336-20260913_210636,Lorraine,Harvey,normanwalker@example.org,1966-11-25,(029) 2018 0464,"3 Walton Village
East Denisshire
SY0 8JZ",Female,Valleyview Mental Wellness NHS Trust,Mixed,New Zealand,Skilled Worker,AHP,Physiologist,Surgery & Cancer,6,24.17,2017-03-04,2017-04-01,30.0,0.8,GMC,Fixed Term,Inactive,RZ988200,2029-05-13,UE653209,2027-09-01,2026-11-01,2017-03-25
EMP0337-20260913_210636,Bernard,Manning,roy94@example.com,1984-12-09,0808 157 0009,"46 Bruce Circles
Kateborough
IV2 7ZW",Female,Riverside Integrated Care NHS Trust,Black,Barbados,ILR,AHP,Physiotherapist,Surgery & Cancer,6,24.6,2021-05-26,2021-06-30,18.75,0.5,GMC,Bank,Active,FB026025,2030-08-01,OO667837,2031-03-27,2026-12-25,2021-06-16
EMP0338-20260913_210636,Mohamed,Matthews,browneric@example.com,1975-05-30,01184960048,"416 Murray Course
East Valerieview
G71 4GY",Female,Westborough Acute Care NHS Trust,Asian,Japan,Dependent,Nursing,Senior Staff Nurse,Medicine & Acute Care,6,27.33,2023-01-26,2023-03-09,30.0,0.8,None,Bank,Active,WQ671824,2028-11-16,OE712675,2030-10-18,2027-05-07,2023-02-16
EMP0339-20260913_210636,Oliver,Johnston,kellyholly@example.net,1992-11-22,(020) 7496 0485,"987 Davies Parkway
West Andrewland
M52 8HZ",Female,Riverbank General Hospitals NHS Trust,Asian,Japan,British Citizen,Medical,Registrar,Women & Children,SPR,42.33,2018-11-01,2018-12-13,15.0,0.4,HCPC,Permanent,Suspended,SU092243,2027-09-12,YS529082,2028-05-20,2027-02-04,2018-11-22
EMP0340-20260913_210636,Vanessa,Glover,allan17@example.com,1985-12-21,(0131) 4960711,"Flat 49
Arthur Inlet
Port Lindashire
HR7 6LB",Female,Horizon Integrated Health Partnership NHS Trust,Mixed,United States,Skilled Worker,Admin,Data Analyst,Emergency & Urgent Care,8A,34.24,2020-02-01,2020-03-14,20.0,0.53,HCPC,Fixed Term,Suspended,WY016888,2030-05-25,XX851162,2027-12-28,2027-05-16,2020-02-22
EMP0341-20260913_210636,Donna,Turner,webbanna@example.net,1989-12-02,(0141) 496 0578,"0 Margaret Circle
Priceland
E87 8EA",Female,Broadfield Clinical Services NHS Trust,Mixed,United States,ILR,Admin,Administrator,Medicine & Acute Care,3,14.54,2024-09-08,2024-10-06,20.0,0.53,NMC,Fixed Term,Suspended,SM348320,2027-03-04,KN126183,2028-07-27,2027-04-07,2024-09-29
EMP0342-20260913_210636,Joan,Parker,leonard24@example.org,2008-08-12,020 7946 0296,"Flat 71p
Mitchell Mount
Lake Kayleigh
HU3R 4AH",Female,Midlands Central Hospitals NHS Trust,White,United Kingdom,ILR,Admin,Receptionist,Surgery & Cancer,3,14.07,2018-09-08,2018-10-06,18.75,0.5,HCPC,Permanent,On Leave,GT570741,2026-10-01,CO356892,2026-12-05,2026-12-12,2018-09-29
EMP0343-20260913_210636,Diane,Marshall,andrea99@example.com,2004-02-20,+441164960517,"Flat 65
Clare River
Samside
W9K 9WJ",Male,Bluewater Community & Rehabilitation NHS Trust,Asian,Thailand,Dependent,Admin,Administrator,Women & Children,3,14.32,2025-06-08,2025-07-13,30.0,0.8,None,Permanent,Active,ZZ980716,2027-03-28,XK992950,2028-09-25,2026-10-18,2025-06-29
EMP0344-20260913_210636,Jade,Cox,georgia93@example.org,1982-06-13,01914960997,"Flat 43
Murray Forge
West Jamesport
CR5R 3SF",Female,Meadowbrook Community Health NHS Trust,Black,Nigeria,Dependent,Nursing,Senior Staff Nurse,Medicine & Acute Care,6,27.96,2020-04-23,2020-05-21,37.5,1.0,None,Bank,On Leave,HI535277,2030-12-17,CH734877,2028-02-29,2026-11-29,2020-05-14
EMP0345-20260913_210636,Kelly,Allen,danny38@example.com,1962-10-21,(0191) 4960309,"84 Wilson Curve
Jameston
EN3 8ZG",Male,Northwood Mental Health NHS Trust,White,New Zealand,British Citizen,Medical,Registrar,Women & Children,SPR,37.77,2019-11-23,2019-12-28,18.75,0.5,GMC,Fixed Term,On Leave,XH217411,2026-09-28,FT525885,2029-02-18,2027-05-05,2019-12-14
EMP0346-20260913_210636,Louise,Jones,linda77@example.com,2005-04-16,(0121) 496 0383,"Flat 81U
Jenkins Canyon
Port Andreachester
E49 6TZ",Male,Valleyview Mental Wellness NHS Trust,White,United States,Dependent,Admin,Data Analyst,Clinical Support Services,8A,34.34,2024-02-27,2024-03-26,18.75,0.5,None,Permanent,Suspended,TO308020,2028-10-26,OH871782,2031-07-04,2027-06-26,2024-03-19
EMP0347-20260913_210636,Patricia,Williams,amber58@example.net,1977-06-07,(020) 7496 0374,"862 Griffiths Harbors
Lake Christine
SN17 6HH",Female,Meadowbrook Community Health NHS Trust,Black,Trinidad and Tobago,Dependent,Nursing,Healthcare Assistant,Surgery & Cancer,2,13.56,2020-02-23,2020-03-22,37.5,1.0,GMC,Bank,Active,ZW683874,2030-08-18,YA265948,2029-11-08,2027-01-22,2020-03-15
EMP0348-20260913_210636,Owen,Holland,smithconor@example.org,1967-02-19,+44(0)9098790377,"38 Carpenter Ranch
Lake Bryan
E43 2ZU",Male,Riverbank General Hospitals NHS Trust,Asian,Thailand,ILR,Medical,FY1/FY2,Critical Care & Anaesthesia,FY1,18.65,2017-08-13,2017-09-10,37.5,1.0,HCPC,Fixed Term,Suspended,RH245794,2027-07-31,IM560502,2031-06-11,2027-09-06,2017-09-03
EMP0349-20260913_210636,Dale,Taylor,orobertson@example.net,2006-04-12,+44(0)131 496 0514,"1 Wendy Flat
South Arthurchester
LE37 0NH",Male,Eastfield Psychological Services NHS Trust,White,United Kingdom,ILR,Medical,Consultant,Surgery & Cancer,CONS,65.6,2026-06-09,2026-07-07,30.0,0.8,HCPC,Bank,Suspended,BM492768,2031-06-12,YI907275,2028-11-04,2026-12-02,2026-06-30
EMP0350-20260913_210636,Grace,James,bondrussell@example.org,1986-04-29,(0118) 496 0348,"4 Lynn Meadow
North Jake
G6 8RU",Female,Bluewater Community & Rehabilitation NHS Trust,Black,Ghana,British Citizen,Nursing,Ward Manager,Corporate Services,8A,29.3,2023-02-16,2023-03-30,37.5,1.0,GMC,Fixed Term,Suspended,CR294676,2029-01-10,HD701431,2026-12-04,2027-08-05,2023-03-09
EMP0351-20260913_210636,Deborah,Stevenson,kathleen65@example.org,1983-12-31,+44306 999 0512,"494 Kathleen Grove
Maxburgh
YO51 6EL",Male,Northshire University Hospitals NHS Trust,White,New Zealand,British Citizen,AHP,Speech Therapist,Corporate Services,6,25.71,2019-10-25,2019-12-06,37.5,1.0,None,Fixed Term,Active,CS878481,2028-04-05,HZ858074,2027-05-16,2027-02-01,2019-11-15
EMP0352-20260913_210636,Anthony,Begum,woodsbilly@example.org,1996-02-03,+44116 496 0558,"Studio 88
Taylor Cove
New Joshua
L06 5EQ",Male,Southgate Community & Mental Health NHS Trust,Mixed,United States,Skilled Worker,Nursing,Staff Nurse,Medicine & Acute Care,5,21.01,2022-12-15,2023-01-26,20.0,0.53,GMC,Bank,On Leave,PS870312,2028-09-18,HO330998,2028-09-01,2027-03-20,2023-01-05
EMP0353-20260913_210636,Frank,Thompson,stoneharriet@example.net,1992-08-21,0151 4960582,"Studio 60H
Ruth Locks
Kyleville
B1B 2HR",Male,Riverside Integrated Care NHS Trust,Mixed,South Africa,Dependent,Nursing,Charge Nurse,Critical Care & Anaesthesia,7,29.62,2018-04-12,2018-05-24,20.0,0.53,None,Fixed Term,Active,ZB039108,2031-08-05,GW527308,2028-11-12,2026-10-19,2018-05-03
EMP0354-20260913_210636,Claire,Hill,woodsheather@example.org,1990-03-16,(028) 9018 0674,"0 Jessica Summit
New Declan
FY6 4JZ",Male,Horizon Integrated Health Partnership NHS Trust,Mixed,Trinidad and Tobago,British Citizen,Nursing,Staff Nurse,Women & Children,5,19.0,2025-11-14,2025-12-12,37.5,1.0,GMC,Permanent,Inactive,WM053613,2030-07-07,BM077418,2030-06-19,2027-08-18,2025-12-05
EMP0355-20260913_210636,Frances,Jones,chandlerrhys@example.net,1964-01-14,+4428 9018 0646,"456 Robinson Village
Davistown
PA0 2YS",Female,Eastfield Psychological Services NHS Trust,White,Canada,Skilled Worker,Admin,Administrator,Critical Care & Anaesthesia,3,13.6,2024-03-10,2024-04-07,37.5,1.0,None,Fixed Term,Active,UQ521075,2029-01-25,BF595686,2027-05-05,2027-05-20,2024-03-31
EMP0356-20260913_210636,Sharon,Jackson,garrytucker@example.org,2007-02-24,(0808)1570317,"9 Shah Islands
Rogersport
BT96 5AY",Male,Northwood Mental Health NHS Trust,Black,Barbados,British Citizen,Nursing,Healthcare Assistant,Medicine & Acute Care,2,12.54,2017-04-01,2017-05-06,30.0,0.8,None,Bank,Active,NS818782,2031-07-08,UJ001124,2026-12-18,2027-01-31,2017-04-22
EMP0357-20260913_210636,Sara,Hewitt,kirsty30@example.net,1988-11-14,01514960312,"87 Powell Throughway
Kylefort
DD4 5AQ",Male,Riverbank General Hospitals NHS Trust,Black,Barbados,Skilled Worker,Nursing,Ward Manager,Corporate Services,8A,28.54,2024-07-09,2024-08-06,18.75,0.5,GMC,Bank,Active,GD508929,2029-04-23,VN438192,2030-02-24,2027-01-28,2024-07-30
EMP0358-20260913_210636,Carolyn,Dickinson,owentom@example.org,1986-12-13,+44(0)3069990152,"998 Vincent Overpass
Davieshaven
DA8 3SU",Male,Eastmoor Teaching Hospitals NHS Trust,White,New Zealand,British Citizen,Nursing,Charge Nurse,Emergency & Urgent Care,7,28.95,2017-04-18,2017-05-16,15.0,0.4,None,Bank,Active,VX405245,2027-04-03,FQ781013,2028-12-19,2026-10-30,2017-05-09
EMP0359-20260913_210636,Roger,Morgan,lindseydobson@example.net,1974-11-16,+441154960577,"288 Scott Forks
Port Shane
NR3 1RW",Female,Horizon Integrated Health Partnership NHS Trust,Asian,Thailand,British Citizen,AHP,Occupational Therapist,Clinical Support Services,6,22.67,2023-04-12,2023-05-17,15.0,0.4,NMC,Permanent,Suspended,VL801228,2029-02-26,PK700336,2028-11-25,2027-04-02,2023-05-03
EMP0360-20260913_210636,Brian,Brookes,smithjoan@example.com,1975-12-20,+44131 496 0574,"Studio 42
Potts Turnpike
New Linda
M6 4TW",Female,Riverbank General Hospitals NHS Trust,Black,Jamaica,Skilled Worker,Nursing,Senior Staff Nurse,Clinical Support Services,6,25.32,2023-07-17,2023-08-21,15.0,0.4,NMC,Permanent,On Leave,JZ873023,2027-02-09,BH349589,2030-01-20,2026-12-21,2023-08-07
EMP0361-20260913_210636,Kyle,Walker,samuelrobinson@example.net,2007-10-29,+442074960861,"Flat 57T
Susan Valley
East Gerard
N6B 6TF",Female,Southgate Community & Mental Health NHS Trust,White,Australia,British Citizen,Nursing,Senior Staff Nurse,Women & Children,6,26.71,2025-12-27,2026-01-24,37.5,1.0,None,Bank,Active,NO882664,2029-06-18,JB686755,2026-10-05,2027-03-04,2026-01-17
EMP0362-20260913_210636,Abbie,Hall,fullerluke@example.org,1970-03-13,+44(0)115 4960233,"Studio 02K
Thomas Stream
Fredericktown
SE60 0EZ",Male,Oakridge Community Services NHS Trust,White,Canada,Skilled Worker,Nursing,Ward Manager,Critical Care & Anaesthesia,8A,32.47,2017-06-05,2017-07-10,37.5,1.0,HCPC,Permanent,Active,VA449470,2027-09-08,CN815479,2028-02-08,2026-09-14,2017-06-26
EMP0363-20260913_210636,Simon,Frost,adavison@example.com,1980-01-27,01632960408,"115 Lane Land
Lake Stanley
EC3 1DL",Female,Bluewater Community & Rehabilitation NHS Trust,Mixed,South Africa,Skilled Worker,Nursing,Staff Nurse,Medicine & Acute Care,5,21.44,2017-10-26,2017-11-23,18.75,0.5,GMC,Permanent,Active,ZQ523984,2031-07-07,DU142927,2029-01-25,2026-10-09,2017-11-16
EMP0364-20260913_210636,Paige,Baker,alexsingh@example.org,1961-06-29,+44141 496 0387,"85 June Cliff
East Adrianland
B4T 7EJ",Female,Valleyview Mental Wellness NHS Trust,White,United Kingdom,British Citizen,AHP,Physiologist,Critical Care & Anaesthesia,6,23.68,2020-06-28,2020-08-02,18.75,0.5,None,Fixed Term,Suspended,RO034507,2030-12-15,KE790682,2028-01-03,2027-03-23,2020-07-19
EMP0365-20260913_210636,Hannah,McDonald,wellspeter@example.net,1987-05-28,(0909) 8790754,"Flat 09G
Moss Stravenue
Seanberg
N06 8TQ",Female,Riverbank General Hospitals NHS Trust,White,United States,Skilled Worker,Admin,Medical Secretary,Women & Children,4,18.28,2023-08-21,2023-10-02,15.0,0.4,HCPC,Fixed Term,On Leave,CY196525,2028-02-24,JM173220,2028-03-13,2027-01-17,2023-09-11
EMP0366-20260913_210636,Andrew,Hill,jodie52@example.com,2000-07-31,(0306)9990997,"Flat 68p
Lynda Ridges
North Seanland
N3F 6ZH",Male,Riverside Integrated Care NHS Trust,White,New Zealand,Dependent,Admin,Medical Secretary,Clinical Support Services,4,19.12,2024-08-16,2024-09-27,30.0,0.8,NMC,Bank,Suspended,GN584003,2027-06-23,XU200928,2027-08-25,2027-04-14,2024-09-06
EMP0367-20260913_210636,Alexander,Gardiner,hfrench@example.net,1984-04-05,(0808) 1570328,"Flat 79M
Waters Centers
Kimberleyside
BA9 3JN",Male,Midlands Central Hospitals NHS Trust,White,United Kingdom,ILR,AHP,Physiologist,Medicine & Acute Care,6,25.05,2020-02-13,2020-03-19,30.0,0.8,HCPC,Permanent,Suspended,KZ272578,2027-10-21,AM482917,2031-06-14,2027-09-12,2020-03-05
EMP0368-20260913_210636,Eleanor,Wheeler,patricksmith@example.net,1983-04-27,+448081570270,"72 Nicole Ferry
Ianberg
B04 9LW",Female,Meadowbrook Community Health NHS Trust,Black,Jamaica,Skilled Worker,Admin,Data Analyst,Clinical Support Services,8A,28.53,2021-02-25,2021-03-25,20.0,0.53,NMC,Fixed Term,On Leave,VA034893,2031-01-28,LM371416,2027-02-17,2027-02-15,2021-03-18
EMP0369-20260913_210636,Pamela,Taylor,robinsonvalerie@example.com,2003-06-21,(0114)4960406,"556 Farrell Forge
Francescaberg
ML87 4YH",Male,Eastmoor Teaching Hospitals NHS Trust,Black,Trinidad and Tobago,Skilled Worker,Nursing,Charge Nurse,Surgery & Cancer,7,27.0,2017-05-24,2017-07-05,37.5,1.0,NMC,Fixed Term,Suspended,ME662995,2029-08-10,DQ133856,2029-01-26,2027-05-31,2017-06-14
EMP0370-20260913_210636,Arthur,Cooper,kathryn55@example.org,1991-04-24,+44(0)121 496 0569,"81 Wilson Spur
Rhodesstad
M52 0WQ",Male,Broadfield Clinical Services NHS Trust,Black,Jamaica,ILR,Medical,Registrar,Clinical Support Services,SPR,40.47,2025-09-06,2025-10-11,37.5,1.0,GMC,Bank,Inactive,PQ526898,2028-08-19,II581887,2029-08-29,2027-06-14,2025-09-27
EMP0371-20260913_210636,Jason,Howard,tomreid@example.net,1976-04-26,(0808)1570475,"7 Cox Ford
Jonesborough
N0 7ZX",Female,Meadowbrook Community Health NHS Trust,Asian,Thailand,Skilled Worker,Admin,Administrator,Corporate Services,3,16.1,2023-07-19,2023-08-30,30.0,0.8,None,Permanent,On Leave,TL053679,2028-02-28,VK976856,2029-06-08,2027-05-19,2023-08-09
EMP0372-20260913_210636,Francesca,Walker,begumtina@example.org,1987-09-25,01914960673,"80 Jones Mountain
New Gavin
M4 9RH",Female,Northshire University Hospitals NHS Trust,Asian,China,Skilled Worker,AHP,Occupational Therapist,Surgery & Cancer,6,23.6,2018-05-01,2018-05-29,18.75,0.5,HCPC,Fixed Term,Inactive,IH992360,2028-01-28,AJ741515,2030-04-29,2027-06-08,2018-05-22
EMP0373-20260913_210636,Jasmine,Richards,harrisjulian@example.org,1984-10-03,(0113) 496 0269,"Studio 21P
Josephine Hollow
Garryland
CR5X 5UR",Female,Eastfield Psychological Services NHS Trust,Black,South Africa,British Citizen,AHP,Physiologist,Corporate Services,6,24.76,2018-04-17,2018-05-29,30.0,0.8,NMC,Permanent,Inactive,HW928412,2027-10-10,JL202925,2028-03-22,2027-03-07,2018-05-08
EMP0374-20260913_210636,Bryan,Murphy,ghayward@example.net,1983-12-21,+441154960588,"Studio 27
Shane Hollow
Stuartmouth
S2 1YW",Female,Westmere Community Health NHS Trust,Black,South Africa,British Citizen,Admin,Medical Secretary,Medicine & Acute Care,4,18.82,2024-04-02,2024-05-14,20.0,0.53,HCPC,Permanent,Suspended,PD232460,2030-09-20,MA316238,2028-08-01,2026-09-16,2024-04-23
EMP0375-20260913_210636,Bethany,Cole,woodhannah@example.org,1987-11-25,+4428 9018 0680,"785 Roberts Branch
Kennethfurt
WS80 5XU",Male,Westmere Community Health NHS Trust,Mixed,Barbados,Dependent,Medical,GP,Emergency & Urgent Care,GP,57.19,2022-07-08,2022-08-05,15.0,0.4,NMC,Bank,Suspended,OV901455,2028-05-27,JU839962,2029-09-23,2027-03-29,2022-07-29
EMP0376-20260913_210636,Karen,Ross,suzannebell@example.net,1977-11-08,(0121)4960733,"00 Burgess Valleys
Seantown
W15 8DN",Female,Eastmoor Teaching Hospitals NHS Trust,White,Canada,ILR,Medical,Registrar,Emergency & Urgent Care,SPR,36.41,2024-10-13,2024-11-17,18.75,0.5,NMC,Bank,On Leave,MS783687,2031-06-29,XU793325,2030-05-15,2027-04-23,2024-11-03
EMP0377-20260913_210636,Megan,Barker,cheryl77@example.org,1967-11-24,+442074960058,"128 Barker Knolls
Nicholasstad
KT4A 7LT",Female,Horizon Integrated Health Partnership NHS Trust,White,New Zealand,ILR,Medical,Registrar,Critical Care & Anaesthesia,SPR,43.18,2025-06-27,2025-08-01,18.75,0.5,None,Permanent,Suspended,US504576,2029-02-11,XW080951,2028-07-25,2027-09-08,2025-07-18
EMP0378-20260913_210636,Bernard,Jones,moorethomas@example.org,1979-06-14,+441174960508,"1 Jeremy Villages
Suzannemouth
HA4 1SZ",Male,Southgate Community & Mental Health NHS Trust,Mixed,New Zealand,ILR,Nursing,Senior Staff Nurse,Emergency & Urgent Care,6,23.77,2020-01-09,2020-02-13,37.5,1.0,None,Bank,Suspended,IP397408,2028-08-20,TF604970,2029-09-27,2027-03-29,2020-01-30
EMP0379-20260913_210636,Frances,Atkinson,kcampbell@example.com,2001-02-15,0151 4960645,"Flat 13
King Shoals
Andreaburgh
E84 6NE",Female,Midlands Central Hospitals NHS Trust,Mixed,United Kingdom,ILR,Nursing,Ward Manager,Corporate Services,8A,29.65,2026-03-28,2026-05-09,37.5,1.0,HCPC,Permanent,Suspended,AF926588,2030-09-13,VJ695547,2027-10-18,2027-08-23,2026-04-18
EMP0380-20260913_210636,Fiona,Cole,nscott@example.org,1997-10-23,+44(0)118 4960515,"441 Campbell Mills
New Lesley
B0K 1UG",Female,Meadowbrook Community Health NHS Trust,Mixed,Trinidad and Tobago,British Citizen,AHP,Radiographer,Clinical Support Services,6,27.58,2022-04-13,2022-05-25,37.5,1.0,NMC,Permanent,Active,EV934155,2030-06-01,JE561256,2028-03-14,2027-02-20,2022-05-04
EMP0381-20260913_210636,Colin,Ellis,marian79@example.org,1983-02-05,+443069990823,"Flat 67b
Patel Divide
Damienborough
W6 2ZN",Female,Broadfield Clinical Services NHS Trust,Asian,Japan,Skilled Worker,Admin,Receptionist,Corporate Services,3,14.82,2022-12-21,2023-02-01,18.75,0.5,None,Permanent,On Leave,XL641936,2031-08-25,WN340610,2028-07-04,2026-12-16,2023-01-11
EMP0382-20260913_210636,Marcus,Hughes,marie34@example.net,1993-08-10,(0118)4960771,"Studio 32e
Charlotte Neck
Port Declanbury
WR19 5DN",Female,Lakeside District Hospitals NHS Trust,White,Australia,British Citizen,Medical,Registrar,Critical Care & Anaesthesia,SPR,42.08,2025-03-24,2025-04-28,15.0,0.4,None,Permanent,Active,YR900738,2028-08-08,IU544330,2027-06-05,2027-07-17,2025-04-14
EMP0383-20260913_210636,Mohammad,Harris,tracy45@example.org,1993-07-11,+44(0)116 4960970,"Flat 39D
Joanna Lock
South Lawrenceberg
E7 0RU",Male,Northwood Mental Health NHS Trust,White,United States,ILR,Admin,Medical Secretary,Surgery & Cancer,4,19.08,2023-01-04,2023-02-08,20.0,0.53,HCPC,Bank,Suspended,VJ208132,2027-10-31,SB513324,2026-10-15,2027-07-27,2023-01-25
EMP0384-20260913_210636,Hugh,Bibi,raymond12@example.org,1992-04-01,(0191)4960998,"Flat 24g
Kathryn Valley
New Martinmouth
E1 1SW",Male,Westborough Acute Care NHS Trust,Black,South Africa,ILR,AHP,Occupational Therapist,Corporate Services,6,26.4,2020-02-09,2020-03-08,18.75,0.5,GMC,Fixed Term,Suspended,JL884723,2026-10-12,HE607907,2029-07-19,2026-09-21,2020-03-01
EMP0385-20260913_210636,Sheila,Bishop,mwoods@example.com,1981-02-28,+441154960535,"5 Denis Vista
East Paula
M66 3PT",Female,Valleyview Mental Wellness NHS Trust,Black,Barbados,Dependent,Admin,Receptionist,Critical Care & Anaesthesia,3,13.56,2022-10-10,2022-11-14,20.0,0.53,HCPC,Bank,Active,IZ589089,2027-09-01,PX835058,2029-02-13,2026-11-17,2022-10-31
EMP0386-20260913_210636,Kim,Williams,abbie50@example.org,2008-07-21,+44(0)1134960589,"Studio 27O
Linda Fields
New Amy
OL0B 7ZL",Male,Greenhaven Acute & Specialist Care NHS Trust,Asian,Thailand,Skilled Worker,Nursing,Staff Nurse,Surgery & Cancer,5,22.11,2025-07-23,2025-09-03,18.75,0.5,None,Fixed Term,On Leave,WM543368,2027-09-10,KO244908,2031-04-21,2027-04-30,2025-08-13
EMP0387-20260913_210636,Rebecca,Knight,raymondphillips@example.com,1998-05-31,(0121) 496 0839,"Studio 9
Charlotte Estates
Port Gillianstad
M2U 2PU",Male,Northwood Mental Health NHS Trust,White,United Kingdom,Dependent,Nursing,Nursery Nurse,Surgery & Cancer,2,14.0,2022-08-10,2022-09-21,20.0,0.53,HCPC,Permanent,Suspended,QN815365,2029-10-29,PN017155,2031-07-04,2027-09-06,2022-08-31
EMP0388-20260913_210636,Amy,Smith,apoole@example.com,1991-01-26,0117 496 0512,"8 Diana Meadows
Garrytown
PE92 3EU",Male,Southgate Community & Mental Health NHS Trust,White,Canada,British Citizen,AHP,Radiographer,Surgery & Cancer,6,24.61,2024-02-29,2024-04-04,15.0,0.4,NMC,Permanent,Suspended,ES348662,2029-04-27,PZ674629,2030-12-12,2027-02-26,2024-03-21
EMP0389-20260913_210636,Jade,Price,edwardsfrederick@example.net,2002-05-19,+44(0)113 496 0267,"Flat 88
Dickinson Branch
South Gregoryshire
CH6 9QP",Male,Southgate Community & Mental Health NHS Trust,Mixed,Kenya,Skilled Worker,Medical,Consultant,Clinical Support Services,CONS,63.39,2022-01-30,2022-02-27,20.0,0.53,GMC,Permanent,Inactive,KC238694,2027-07-07,DH384463,2028-06-25,2027-07-22,2022-02-20
EMP0390-20260913_210636,Joyce,Clarke,qpearson@example.com,1967-07-09,01632 960 555,"Studio 69
Stewart Ports
Davidsonborough
N5 2GY",Male,Northshire University Hospitals NHS Trust,Black,South Africa,ILR,Medical,Registrar,Corporate Services,SPR,35.8,2025-12-22,2026-02-02,37.5,1.0,NMC,Permanent,Active,ED708573,2029-12-13,WY049204,2027-12-27,2027-03-20,2026-01-12
EMP0391-20260913_210636,Lewis,Chadwick,sarahmorris@example.com,1970-06-02,+44(0)141 4960631,"Studio 90d
Mandy View
New Mandyville
IP5M 9AQ",Female,Eastmoor Teaching Hospitals NHS Trust,Black,Ghana,British Citizen,AHP,Radiographer,Critical Care & Anaesthesia,6,23.0,2026-04-18,2026-05-30,15.0,0.4,GMC,Permanent,Inactive,UN586175,2031-09-05,RQ694782,2031-05-01,2027-03-01,2026-05-09
EMP0392-20260913_210636,Rachel,Simpson,cooperraymond@example.net,1971-06-17,+44(0)28 9018 0687,"68 Summers Ports
West Joseph
SM37 9LT",Male,Lakeside District Hospitals NHS Trust,Asian,India,Skilled Worker,Medical,FY1/FY2,Critical Care & Anaesthesia,FY1,19.44,2020-10-06,2020-11-03,30.0,0.8,NMC,Bank,Inactive,IZ295896,2028-12-27,GV285235,2028-07-16,2027-04-04,2020-10-27
EMP0393-20260913_210636,Suzanne,Evans,kathleen87@example.com,1961-11-25,(0114) 496 0516,"58 Hill Lakes
Turnermouth
CB1 8BR",Male,Riverside Integrated Care NHS Trust,White,Canada,Skilled Worker,Medical,Consultant,Clinical Support Services,CONS,64.13,2020-07-02,2020-08-06,37.5,1.0,NMC,Permanent,Active,JI288672,2028-06-18,AC582903,2029-03-20,2026-12-22,2020-07-23
EMP0394-20260913_210636,Eileen,Parsons,phillipsdawn@example.org,2008-08-06,+44(0)1614960519,"8 Joe Springs
New Kyletown
DL4 0BA",Male,Lakeside District Hospitals NHS Trust,Black,Barbados,Dependent,AHP,Radiographer,Critical Care & Anaesthesia,6,24.46,2021-06-19,2021-07-24,18.75,0.5,None,Fixed Term,Active,XI704085,2027-10-11,NB571488,2029-03-11,2026-09-27,2021-07-10
EMP0395-20260913_210636,Eric,Smith,jeffrey99@example.com,2007-12-20,+44116 4960172,"6 Clark Curve
East Kimberleystad
E6U 6YL",Female,Riverbank General Hospitals NHS Trust,Asian,Japan,Skilled Worker,Nursing,Ward Manager,Critical Care & Anaesthesia,8A,35.21,2016-11-06,2016-12-11,15.0,0.4,None,Permanent,Active,JV866929,2028-11-26,GD021065,2026-09-17,2027-01-16,2016-11-27
EMP0396-20260913_210636,Natalie,Jenkins,leonardhill@example.com,1962-09-28,0161 496 0717,"37 Jacob Isle
North Connor
B5 9AG",Female,Valleyview Mental Wellness NHS Trust,White,New Zealand,Dependent,Nursing,Nursery Nurse,Women & Children,2,13.46,2023-05-31,2023-07-12,20.0,0.53,None,Bank,Suspended,KZ365538,2030-12-12,OE786354,2028-07-20,2026-12-30,2023-06-21
EMP0397-20260913_210636,Wayne,Gordon,garrypollard@example.net,1967-03-20,(029) 2018738,"Studio 47
Wong Crossing
Robinton
G9 2NB",Female,Horizon Integrated Health Partnership NHS Trust,Black,Barbados,ILR,Medical,GP,Surgery & Cancer,GP,51.09,2020-01-15,2020-02-26,20.0,0.53,GMC,Fixed Term,Suspended,RU257152,2028-04-15,YU947338,2027-12-02,2027-01-22,2020-02-05
EMP0398-20260913_210636,Terry,Harvey,wrightroy@example.com,1974-08-12,0141 4960345,"9 Sandra Mountain
North Lee
B9B 8JA",Female,Valleyview Mental Wellness NHS Trust,Asian,China,British Citizen,Nursing,Ward Manager,Medicine & Acute Care,8A,32.91,2019-08-18,2019-09-15,20.0,0.53,NMC,Permanent,Active,UC718213,2031-04-23,IO948385,2031-06-07,2027-03-22,2019-09-08
EMP0399-20260913_210636,Declan,Foster,shaunsmith@example.org,1987-03-08,+44(0)1614960592,"Studio 7
Teresa Green
Chloehaven
CV0 0PR",Female,Greenhaven Acute & Specialist Care NHS Trust,Black,Ghana,Skilled Worker,Medical,FY1/FY2,Clinical Support Services,FY1,20.05,2019-10-27,2019-12-01,15.0,0.4,HCPC,Permanent,Suspended,FM291186,2027-11-10,SU592799,2031-07-15,2027-03-13,2019-11-17
EMP0400-20260913_210636,Sarah,Mason,caroline20@example.org,1960-10-16,+441632 960 858,"46 Janice Heights
Hillborough
S0 1YT",Female,Greenhaven Acute & Specialist Care NHS Trust,Mixed,Barbados,ILR,Nursing,Senior Staff Nurse,Clinical Support Services,6,24.94,2017-03-31,2017-04-28,15.0,0.4,GMC,Bank,Active,SJ435653,2029-04-30,YV761824,2029-10-05,2026-12-01,2017-04-21
EMP0401-20260913_210636,Tony,Brown,wendy55@example.org,1981-03-23,+441632 960 263,"Flat 38E
Lord Ports
North Christian
S0K 9AP",Female,Northshire University Hospitals NHS Trust,Asian,Thailand,Dependent,Admin,Receptionist,Critical Care & Anaesthesia,3,15.12,2024-11-12,2024-12-17,15.0,0.4,HCPC,Permanent,Inactive,HR048974,2028-05-14,MV050380,2029-11-23,2027-09-01,2024-12-03
EMP0402-20260913_210636,Carol,Smith,martyn95@example.org,1971-09-04,+44(0)117 496 0369,"Flat 3
Evans Roads
Shaneborough
CW6N 6YP",Male,Midlands Central Hospitals NHS Trust,Asian,Japan,Dependent,AHP,Physiotherapist,Critical Care & Anaesthesia,6,24.79,2019-05-28,2019-07-09,18.75,0.5,None,Bank,Active,YD653804,2030-06-26,GG806341,2029-10-16,2027-03-27,2019-06-18
EMP0403-20260913_210636,Patricia,Stone,guy36@example.com,1980-12-21,02074960679,"Studio 84
Charlton Prairie
Marionville
L23 6YD",Male,Westmere Community Health NHS Trust,Mixed,Kenya,ILR,Medical,SHO,Critical Care & Anaesthesia,SHO,23.18,2017-10-28,2017-12-09,20.0,0.53,GMC,Permanent,Suspended,QR587112,2028-09-04,YC349582,2030-09-10,2027-09-01,2017-11-18
EMP0404-20260913_210636,Joel,Knight,margaretshah@example.com,1983-03-06,(028) 9018 0648,"53 Annette Drive
Ryanchester
HA1A 1NW",Female,Westborough Acute Care NHS Trust,White,Canada,Dependent,Medical,Registrar,Corporate Services,SPR,42.6,2019-01-09,2019-02-06,30.0,0.8,NMC,Bank,Suspended,XR985770,2030-02-08,VJ153248,2029-08-25,2027-06-03,2019-01-30
EMP0405-20260913_210636,Simon,Murphy,stanleypearson@example.net,1981-11-22,+44289018366,"Studio 76
Sharpe Common
New Vanessamouth
L9G 9YH",Male,Hillcrest Medical Centres NHS Trust,White,United Kingdom,Skilled Worker,AHP,Physiotherapist,Clinical Support Services,6,23.88,2020-01-30,2020-03-05,20.0,0.53,NMC,Permanent,On Leave,YA888571,2027-04-27,YB682855,2030-08-28,2027-02-09,2020-02-20
EMP0406-20260913_210636,Russell,Coleman,katehall@example.net,1989-09-30,(0116) 4960234,"Flat 25Y
Kirk Village
Ryanland
PA03 0EJ",Female,Eastmoor Teaching Hospitals NHS Trust,Asian,Thailand,Skilled Worker,Nursing,Charge Nurse,Medicine & Acute Care,7,30.97,2024-01-26,2024-03-01,18.75,0.5,NMC,Fixed Term,Active,DW881593,2028-06-04,SB986716,2028-03-28,2026-09-16,2024-02-16
EMP0407-20260913_210636,Russell,Hudson,charliejones@example.org,1979-10-05,(029) 2018 0357,"7 Natasha Courts
Hopkinsfurt
SA8 8WS",Female,Midlands Central Hospitals NHS Trust,White,Canada,ILR,AHP,Occupational Therapist,Clinical Support Services,6,24.84,2021-09-08,2021-10-13,30.0,0.8,None,Permanent,Inactive,BS382031,2031-08-30,UR373188,2027-07-12,2027-01-08,2021-09-29
EMP0408-20260913_210636,Margaret,Harding,bhutchinson@example.net,1997-05-11,+44113 4960744,"0 Rebecca Courts
West Davidfurt
S7E 3GA",Male,Greenhaven Acute & Specialist Care NHS Trust,White,United Kingdom,ILR,AHP,Physiologist,Women & Children,6,26.21,2026-09-09,2026-10-07,30.0,0.8,NMC,Bank,Active,EX224926,2031-06-14,NB312505,2030-12-16,2027-03-13,2026-09-30
EMP0409-20260913_210636,Glen,Horton,robinlee@example.net,1977-04-08,+441632 960 028,"Studio 09d
Jayne Views
Rhodesport
W4K 0DF",Male,Midlands Central Hospitals NHS Trust,White,New Zealand,Dependent,Nursing,Ward Manager,Clinical Support Services,8A,29.57,2020-02-19,2020-03-18,30.0,0.8,NMC,Fixed Term,Inactive,YE204263,2030-09-23,QC496471,2030-06-11,2026-12-26,2020-03-11
EMP0410-20260913_210636,Sharon,Mills,jonesjanet@example.org,1989-09-10,+44(0)808 1570718,"Flat 75
Clarke Stravenue
Jilltown
W1C 1RL",Female,Oakridge Community Services NHS Trust,Asian,Japan,British Citizen,Nursing,Charge Nurse,Surgery & Cancer,7,33.24,2018-10-18,2018-11-15,30.0,0.8,NMC,Bank,Active,HW888153,2027-03-29,AO306154,2027-11-17,2026-10-17,2018-11-08
EMP0411-20260913_210636,Lauren,Davison,karl54@example.net,1983-11-26,0116 4960947,"Flat 86W
Pritchard Plains
Rosshaven
S3 2PF",Male,Riverbank General Hospitals NHS Trust,Mixed,India,British Citizen,Medical,SHO,Clinical Support Services,SHO,29.51,2020-01-28,2020-03-10,18.75,0.5,NMC,Fixed Term,Active,DN113686,2030-07-05,UG559255,2026-12-13,2027-06-19,2020-02-18
EMP0412-20260913_210636,Lauren,Marsh,grantlawrence@example.com,1994-11-02,0808 1570640,"Flat 28
Harry Mill
Lake Garyside
SP44 9AH",Female,Northshire University Hospitals NHS Trust,Asian,China,British Citizen,Nursing,Staff Nurse,Clinical Support Services,5,19.18,2022-06-11,2022-07-16,37.5,1.0,None,Permanent,Inactive,NX164831,2029-07-28,VB788119,2027-12-29,2026-12-12,2022-07-02
EMP0413-20260913_210636,Donna,Newton,kennethdavies@example.com,1976-09-20,028 9018 0586,"Flat 7
Murphy View
Damianfurt
CW84 9LA",Female,Valleyview Mental Wellness NHS Trust,Asian,Thailand,Dependent,Medical,GP,Clinical Support Services,GP,52.67,2019-06-12,2019-07-17,30.0,0.8,HCPC,Fixed Term,Active,ET574892,2029-09-28,AQ659849,2028-05-27,2026-10-04,2019-07-03
EMP0414-20260913_210636,Terence,Hawkins,brooksbarbara@example.com,1980-12-10,+44(0)141 4960674,"Flat 22L
Read Manors
Billystad
RM4 7TX",Male,Midlands Central Hospitals NHS Trust,Mixed,Thailand,British Citizen,Admin,Medical Secretary,Critical Care & Anaesthesia,4,17.13,2022-03-29,2022-05-10,30.0,0.8,GMC,Bank,Inactive,XN582207,2028-03-14,GK572304,2030-12-17,2027-01-04,2022-04-19
EMP0415-20260913_210636,Leigh,Smith,matthew44@example.net,2005-02-26,(0191) 496 0563,"Flat 02l
Guy Locks
South Rossland
B78 2WD",Male,Midlands Central Hospitals NHS Trust,White,Canada,Dependent,Medical,FY1/FY2,Women & Children,FY1,19.53,2019-05-29,2019-06-26,20.0,0.53,HCPC,Permanent,Inactive,FF979684,2028-03-24,SS346452,2031-04-22,2027-03-23,2019-06-19
EMP0416-20260913_210636,Geraldine,Davies,martindonald@example.org,2008-05-06,+44(0)808 1570988,"Flat 5
Davies Spur
Joshuabury
W9B 4TT",Female,Southgate Community & Mental Health NHS Trust,Mixed,Barbados,Skilled Worker,AHP,Speech Therapist,Corporate Services,6,26.95,2026-06-14,2026-07-12,30.0,0.8,None,Fixed Term,On Leave,QL367633,2028-07-26,CB392411,2031-04-22,2026-12-18,2026-07-05
EMP0417-20260913_210636,Abbie,Cooper,elizabeth70@example.com,1962-05-10,+44(0)3069990351,"Flat 7
Williams Keys
Damianmouth
BH5N 2SQ",Male,Greenhaven Acute & Specialist Care NHS Trust,Black,South Africa,British Citizen,Admin,Receptionist,Medicine & Acute Care,3,15.89,2022-07-22,2022-08-26,30.0,0.8,None,Permanent,Suspended,VS190811,2027-02-06,MN204879,2027-06-01,2026-11-12,2022-08-12
EMP0418-20260913_210636,Kate,May,sinclairjune@example.net,2003-03-29,+44161 496 0136,"46 Bennett Light
Jacksonbury
IG3P 8YY",Female,Westborough Acute Care NHS Trust,White,United States,ILR,Nursing,Nursery Nurse,Corporate Services,2,13.26,2020-06-23,2020-08-04,37.5,1.0,NMC,Bank,Suspended,EW077749,2030-11-18,UN170143,2029-02-23,2027-05-23,2020-07-14
EMP0419-20260913_210636,Sian,Donnelly,psingh@example.org,1988-12-21,+44(0)29 2018 0167,"Studio 1
Fiona Valleys
South Amelia
L6W 4TE",Female,Eastfield Psychological Services NHS Trust,White,Australia,Dependent,Admin,Medical Secretary,Medicine & Acute Care,4,16.14,2021-12-19,2022-01-16,20.0,0.53,HCPC,Fixed Term,Inactive,ME834431,2029-03-08,BO155473,2028-12-26,2026-12-15,2022-01-09
EMP0420-20260913_210636,James,Dean,obrown@example.org,1991-08-21,(020) 7496 0753,"0 Dawson Courts
O'Sullivanfurt
E2 0PQ",Female,Greenhaven Acute & Specialist Care NHS Trust,Mixed,Trinidad and Tobago,Skilled Worker,Admin,Receptionist,Critical Care & Anaesthesia,3,16.28,2026-07-24,2026-09-04,20.0,0.53,None,Permanent,On Leave,CN953054,2029-05-04,GT498150,2029-05-14,2026-09-24,2026-08-14
EMP0421-20260913_210636,Philip,O'Connor,dylan26@example.net,1993-01-25,(0131) 496 0562,"Flat 98
Bethan Summit
Readchester
B3 8LN",Female,Southgate Community & Mental Health NHS Trust,Asian,Thailand,Skilled Worker,Nursing,Charge Nurse,Critical Care & Anaesthesia,7,27.78,2020-01-23,2020-02-27,30.0,0.8,NMC,Permanent,Suspended,NY849273,2031-02-22,AT271517,2027-07-08,2027-05-05,2020-02-13
EMP0422-20260913_210636,Alex,Palmer,samantha46@example.net,1993-01-12,+44(0)1154960790,"Flat 6
Tracey Trace
Port Stevenmouth
NN2B 0ZG",Male,Southgate Community & Mental Health NHS Trust,Black,Barbados,Skilled Worker,Nursing,Senior Staff Nurse,Women & Children,6,27.03,2017-08-31,2017-09-28,30.0,0.8,HCPC,Fixed Term,On Leave,RA758672,2031-04-03,NA703962,2031-08-06,2026-12-29,2017-09-21
EMP0423-20260913_210636,Suzanne,Foster,qdavies@example.net,1966-03-27,+44(0)114 4960590,"797 Butler Throughway
Archermouth
SE0B 4TT",Male,Northshire University Hospitals NHS Trust,Mixed,Nigeria,Skilled Worker,Nursing,Staff Nurse,Corporate Services,5,21.73,2017-04-10,2017-05-08,37.5,1.0,GMC,Fixed Term,Suspended,YN421776,2027-06-29,TH792389,2030-01-21,2027-05-14,2017-05-01
EMP0424-20260913_210636,Callum,Quinn,vjones@example.net,1991-11-08,(0116) 4960263,"3 Moss Stravenue
Parkinfort
G51 3FF",Male,Northwood Mental Health NHS Trust,Mixed,Canada,Skilled Worker,AHP,Physiologist,Critical Care & Anaesthesia,6,24.1,2022-09-17,2022-10-15,15.0,0.4,NMC,Bank,Suspended,ZM585438,2027-12-19,IC745683,2029-10-16,2026-10-21,2022-10-08
EMP0425-20260913_210636,Eleanor,Goodwin,shepherdleah@example.org,1992-09-01,(0909)8790817,"Flat 22l
Lloyd Court
Kevinhaven
N5 1RU",Male,Riverbank General Hospitals NHS Trust,Black,Nigeria,Skilled Worker,Nursing,Ward Manager,Clinical Support Services,8A,30.7,2021-06-30,2021-08-04,20.0,0.53,None,Fixed Term,On Leave,LI762629,2030-05-20,EZ024991,2030-11-07,2026-10-27,2021-07-21
EMP0426-20260913_210636,Wendy,Fowler,jeansinclair@example.net,2003-03-01,+448081570222,"Flat 48A
Stuart Pines
Annettestad
EH3 1UG",Male,Northshire University Hospitals NHS Trust,Black,Jamaica,ILR,Medical,FY1/FY2,Medicine & Acute Care,FY1,21.25,2024-12-09,2025-01-06,20.0,0.53,NMC,Permanent,Inactive,KR633324,2030-07-18,OG267714,2030-11-25,2027-06-07,2024-12-30
EMP0427-20260913_210636,Sharon,Knowles,fbailey@example.org,1969-03-11,(0191) 4960517,"0 Jemma Flats
Margaretside
LE01 7GP",Female,Broadfield Clinical Services NHS Trust,White,United States,Skilled Worker,AHP,Pharmacist,Surgery & Cancer,5,20.7,2021-12-29,2022-01-26,37.5,1.0,HCPC,Fixed Term,Active,CG474435,2028-03-12,JY976023,2028-08-11,2027-08-20,2022-01-19
EMP0428-20260913_210636,Helen,Foster,mtaylor@example.org,1982-02-12,+44161 4960720,"Flat 16T
Jones Cliff
Brownburgh
M4 1JZ",Male,Greenhaven Acute & Specialist Care NHS Trust,Asian,Japan,Skilled Worker,AHP,Occupational Therapist,Emergency & Urgent Care,6,25.96,2026-04-04,2026-05-16,15.0,0.4,HCPC,Permanent,Inactive,XC658150,2031-09-02,TH446544,2029-06-19,2026-11-03,2026-04-25
EMP0429-20260913_210636,Ricky,Parker,gnoble@example.com,1966-04-22,0131 496 0582,"4 Frank Green
Rebeccafort
CV5 1JQ",Female,Hillcrest Medical Centres NHS Trust,Asian,Japan,Dependent,AHP,Speech Therapist,Medicine & Acute Care,6,23.17,2021-11-15,2021-12-27,18.75,0.5,GMC,Bank,Inactive,NO633007,2027-03-01,TH907943,2026-11-21,2026-11-15,2021-12-06
EMP0430-20260913_210636,Philip,Cameron,jack54@example.com,1983-05-17,+44(0)116 496 0940,"Studio 20S
Caroline Trace
Schofieldmouth
L5U 0YT",Female,Southvale Hospitals NHS Trust,Mixed,China,Skilled Worker,AHP,Pharmacist,Clinical Support Services,5,21.05,2020-06-24,2020-07-29,30.0,0.8,HCPC,Permanent,Active,TI843507,2031-08-29,NY925242,2027-08-28,2026-11-07,2020-07-15
EMP0431-20260913_210636,Max,Davis,emilybooth@example.net,1977-10-22,01154960260,"13 Diane Street
North Mandyview
GU32 1JF",Male,Horizon Integrated Health Partnership NHS Trust,Black,Barbados,Dependent,AHP,Occupational Therapist,Surgery & Cancer,6,24.4,2017-08-05,2017-09-02,30.0,0.8,None,Bank,Suspended,YH562951,2030-04-23,FO986940,2029-04-27,2027-01-23,2017-08-26
EMP0432-20260913_210636,Carolyn,Williamson,jeffrey88@example.com,1982-02-10,+44808 1570107,"954 Adams Glens
Jacksonton
W6 2TS",Male,Riverbank General Hospitals NHS Trust,Black,Jamaica,Dependent,Nursing,Senior Staff Nurse,Clinical Support Services,6,27.69,2018-12-23,2019-02-03,15.0,0.4,None,Permanent,On Leave,GC689034,2029-05-29,ZZ648655,2027-05-08,2027-03-10,2019-01-13
EMP0433-20260913_210636,Josh,Osborne,fmarshall@example.org,1994-03-05,+441184960554,"9 Helen Junction
Joshuaburgh
W79 8YQ",Female,Meadowbrook Community Health NHS Trust,Mixed,Ghana,ILR,Nursing,Healthcare Assistant,Surgery & Cancer,2,13.73,2024-03-08,2024-04-12,20.0,0.53,None,Permanent,Active,PM233211,2029-10-02,MP694341,2029-03-26,2027-07-22,2024-03-29
EMP0434-20260913_210636,Abigail,Cross,trevor01@example.com,1962-05-15,(0808)1570721,"374 Heather Radial
Austinport
DN74 1ED",Male,Lakeside District Hospitals NHS Trust,White,Australia,Dependent,Admin,Medical Secretary,Surgery & Cancer,4,18.3,2018-09-06,2018-10-18,30.0,0.8,HCPC,Bank,Active,UU584993,2030-12-29,BN266606,2027-03-26,2027-06-13,2018-09-27
EMP0435-20260913_210636,Mitchell,Walters,glennmatthews@example.net,2002-12-21,(0151) 4960069,"Studio 4
Humphreys Road
Port Zoeport
E30 5ZD",Female,Northshire University Hospitals NHS Trust,Asian,Thailand,Skilled Worker,Medical,Registrar,Surgery & Cancer,SPR,37.37,2022-01-19,2022-02-16,15.0,0.4,GMC,Permanent,On Leave,TW477161,2028-01-12,LK941083,2030-05-27,2027-09-05,2022-02-09
EMP0436-20260913_210636,Charlene,Leach,taylorgregory@example.com,1965-07-11,+441154960553,"9 Barnett Ranch
West Pamelashire
DT40 4WH",Female,Southgate Community & Mental Health NHS Trust,Mixed,South Africa,Skilled Worker,AHP,Physiotherapist,Clinical Support Services,6,24.71,2023-01-28,2023-02-25,15.0,0.4,HCPC,Fixed Term,On Leave,IU198490,2029-05-15,KA790377,2027-06-03,2027-08-13,2023-02-18
EMP0437-20260913_210636,Aaron,Taylor,christian84@example.com,1998-09-03,+44191 4960739,"681 Black Estates
Gordonburgh
B83 0PL",Male,Riverside Integrated Care NHS Trust,Mixed,Nigeria,ILR,AHP,Physiotherapist,Emergency & Urgent Care,6,26.63,2021-04-03,2021-05-08,20.0,0.53,None,Fixed Term,Inactive,FC514476,2029-02-13,KO415606,2026-11-13,2026-09-16,2021-04-24
EMP0438-20260913_210636,Karen,Harris,aallen@example.com,1994-08-27,+44151 4960285,"91 Lord Manors
North Clareland
HD21 8PW",Female,Northshire University Hospitals NHS Trust,Mixed,Trinidad and Tobago,Dependent,Nursing,Healthcare Assistant,Women & Children,2,12.58,2019-11-02,2019-12-07,20.0,0.53,HCPC,Permanent,Suspended,JW513087,2030-04-02,LR143686,2026-12-25,2026-11-30,2019-11-23
EMP0439-20260913_210636,Kelly,Doyle,knightjay@example.org,1970-10-09,(029)2018385,"Flat 63r
Allan Rapid
Elizabethshire
SE6B 6PQ",Male,Meadowbrook Community Health NHS Trust,Asian,Thailand,ILR,Nursing,Nursery Nurse,Emergency & Urgent Care,2,12.81,2018-08-03,2018-08-31,18.75,0.5,NMC,Bank,Active,BA465747,2027-06-03,XB133820,2028-01-22,2026-12-29,2018-08-24
EMP0440-20260913_210636,Damian,Burns,idavies@example.org,1971-06-02,0116 4960806,"598 Frank Loop
West Jamie
W42 2SE",Female,Valleyview Mental Wellness NHS Trust,Asian,Thailand,Dependent,Admin,Administrator,Women & Children,3,13.42,2019-06-09,2019-07-21,30.0,0.8,None,Bank,Active,RD874332,2030-01-24,MO610413,2026-10-23,2027-04-06,2019-06-30
EMP0441-20260913_210636,Linda,White,aevans@example.org,1982-09-29,0289018409,"Flat 74
Parker Lights
Ellieland
DY2 8NL",Female,Southgate Community & Mental Health NHS Trust,Asian,India,Skilled Worker,AHP,Speech Therapist,Emergency & Urgent Care,6,24.66,2020-05-02,2020-05-30,37.5,1.0,GMC,Fixed Term,Inactive,VB683891,2028-12-19,PW795242,2030-04-18,2027-09-05,2020-05-23
EMP0442-20260913_210636,David,Howard,qhiggins@example.org,1994-05-07,(020) 7496 0956,"Studio 69
Fowler Springs
Johnsonchester
W65 4HB",Male,Valleyview Mental Wellness NHS Trust,White,New Zealand,British Citizen,Nursing,Healthcare Assistant,Surgery & Cancer,2,12.94,2018-12-25,2019-02-05,37.5,1.0,GMC,Bank,On Leave,TQ904645,2030-07-09,JH166136,2030-06-15,2027-05-19,2019-01-15
EMP0443-20260913_210636,Lawrence,Nicholls,pakhtar@example.net,1980-06-03,(020) 74960356,"Studio 8
Tom Overpass
Dorothyfurt
E69 4ZX",Male,Eastfield Psychological Services NHS Trust,Asian,China,Dependent,Medical,SHO,Clinical Support Services,SHO,24.83,2019-10-31,2019-12-12,20.0,0.53,HCPC,Fixed Term,Active,HV516262,2031-07-13,ZL024098,2028-07-25,2027-06-21,2019-11-21
EMP0444-20260913_210636,Mary,Brown,evansfiona@example.net,1991-06-03,01914960262,"Flat 3
Trevor Passage
Leslieview
N35 4HG",Female,Valleyview Mental Wellness NHS Trust,White,United Kingdom,Dependent,Nursing,Charge Nurse,Critical Care & Anaesthesia,7,28.15,2016-11-25,2017-01-06,18.75,0.5,NMC,Bank,Suspended,GQ180619,2029-12-07,FR463870,2027-09-09,2026-11-06,2016-12-16
EMP0445-20260913_210636,Glenn,Khan,pamelaglover@example.org,1983-07-05,+44(0)808 1570149,"956 Kayleigh Plaza
Woodborough
CT0 2RH",Male,Westborough Acute Care NHS Trust,Asian,Japan,ILR,Medical,Registrar,Medicine & Acute Care,SPR,33.6,2026-03-04,2026-04-08,37.5,1.0,None,Fixed Term,Suspended,EO424132,2027-12-18,IF291781,2030-09-17,2027-07-19,2026-03-25
EMP0446-20260913_210636,Wendy,Davis,shane35@example.net,1963-06-30,0141 496 0195,"3 Wilson Forges
Port Barbara
W9G 8NU",Male,Greenhaven Acute & Specialist Care NHS Trust,Black,Kenya,Dependent,AHP,Speech Therapist,Medicine & Acute Care,6,24.98,2023-10-17,2023-11-28,20.0,0.53,GMC,Permanent,On Leave,FI623962,2031-06-25,YN970373,2027-12-01,2027-07-16,2023-11-07
EMP0447-20260913_210636,Toby,Barrett,garywright@example.com,1982-05-04,+44131 496 0399,"43 Glover Avenue
Lake Jeffrey
EX3 3RB",Male,Oakridge Community Services NHS Trust,White,Canada,Dependent,AHP,Speech Therapist,Corporate Services,6,25.23,2023-03-17,2023-04-28,37.5,1.0,None,Fixed Term,Inactive,XZ084275,2026-09-20,UB172971,2027-03-17,2027-05-13,2023-04-07
EMP0448-20260913_210636,Ronald,Webster,alexandra45@example.net,1968-11-14,08081570338,"8 Smith Ranch
Hughesmouth
SG1 7UF",Male,Riverbank General Hospitals NHS Trust,Mixed,Trinidad and Tobago,ILR,Nursing,Healthcare Assistant,Critical Care & Anaesthesia,2,13.07,2021-04-09,2021-05-07,20.0,0.53,HCPC,Bank,Suspended,TW019173,2029-09-16,IX833890,2026-12-09,2027-02-14,2021-04-30
EMP0449-20260913_210636,Geraldine,Fox,oreeves@example.net,1985-03-11,(0191)4960665,"352 Watson Views
New Patrickburgh
G9 5NP",Male,Westborough Acute Care NHS Trust,Asian,India,Skilled Worker,Admin,Administrator,Critical Care & Anaesthesia,3,14.68,2025-12-17,2026-01-14,20.0,0.53,None,Fixed Term,Suspended,ZI896428,2031-04-26,YQ520468,2031-02-28,2027-05-25,2026-01-07
EMP0450-20260913_210636,Alex,Ali,tjames@example.net,1985-09-12,01514960028,"836 Kelly Trail
North Leslieview
KW41 2HE",Male,Bluewater Community & Rehabilitation NHS Trust,White,United States,ILR,AHP,Physiologist,Clinical Support Services,6,25.01,2021-02-21,2021-03-21,30.0,0.8,NMC,Bank,On Leave,EW649351,2030-04-11,XI398851,2027-12-20,2026-09-19,2021-03-14
EMP0451-20260913_210636,Terence,Burns,sinclairdale@example.org,1995-10-06,+44(0)1144960557,"Flat 8
Lynn Loaf
West Kirstystad
TW06 5SN",Female,Horizon Integrated Health Partnership NHS Trust,Asian,China,Dependent,AHP,Radiographer,Emergency & Urgent Care,6,27.2,2024-10-07,2024-11-04,20.0,0.53,NMC,Fixed Term,Inactive,AF513757,2029-07-18,OI012545,2028-08-20,2027-03-24,2024-10-28
EMP0452-20260913_210636,Leonard,Smart,reynoldsian@example.net,2008-09-02,0115 496 0822,"26 Nicola Green
Kellybury
L99 1XL",Male,Riverbank General Hospitals NHS Trust,Asian,Thailand,British Citizen,Nursing,Healthcare Assistant,Critical Care & Anaesthesia,2,13.12,2026-02-25,2026-04-01,20.0,0.53,None,Bank,Active,TC569537,2027-06-09,AE006261,2026-12-05,2027-01-27,2026-03-18
EMP0453-20260913_210636,Denis,Gardiner,carrellie@example.net,1971-07-07,+44(0)2074960170,"702 Spencer Brooks
West Grahamville
GY3V 6UN",Male,Northwood Mental Health NHS Trust,Asian,China,Skilled Worker,Admin,Receptionist,Clinical Support Services,3,14.82,2019-02-05,2019-03-05,15.0,0.4,None,Permanent,Inactive,UI607364,2027-07-09,EP858216,2030-02-10,2027-03-18,2019-02-26
EMP0454-20260913_210636,Carolyn,Porter,walkerjamie@example.org,1994-07-29,+44(0)8081570314,"Flat 29Q
Clive Mews
Brettshire
N0K 0HW",Female,Northwood Mental Health NHS Trust,Black,South Africa,Skilled Worker,AHP,Pharmacist,Emergency & Urgent Care,5,20.03,2016-10-09,2016-11-13,37.5,1.0,HCPC,Fixed Term,Inactive,NI697185,2027-02-16,CA586109,2026-09-22,2027-01-04,2016-10-30
EMP0455-20260913_210636,Marilyn,Anderson,dianemarshall@example.com,1980-05-28,+44(0)191 496 0552,"Flat 20M
Harrison Plains
Evansland
ST5Y 8EP",Male,Midlands Central Hospitals NHS Trust,White,United Kingdom,British Citizen,AHP,Speech Therapist,Corporate Services,6,25.55,2026-09-11,2026-10-16,20.0,0.53,GMC,Bank,Inactive,GD541176,2028-10-22,GK659963,2029-07-20,2026-10-29,2026-10-02
EMP0456-20260913_210636,Stephen,McDonald,michelle44@example.org,1990-05-31,(0161) 4960437,"Flat 66P
Bibi Prairie
North Albert
HP32 6SX",Male,Southvale Hospitals NHS Trust,Asian,Japan,British Citizen,Nursing,Nursery Nurse,Critical Care & Anaesthesia,2,12.88,2023-11-14,2023-12-12,37.5,1.0,GMC,Permanent,Suspended,BL891654,2031-02-25,ET192061,2026-12-13,2027-01-30,2023-12-05
EMP0457-20260913_210636,Justin,Wood,shawjasmine@example.org,2006-06-23,+441914960694,"0 Raymond Shores
North Karenburgh
L7 6RX",Male,Southgate Community & Mental Health NHS Trust,Mixed,New Zealand,Skilled Worker,Medical,GP,Medicine & Acute Care,GP,51.26,2025-10-03,2025-11-07,15.0,0.4,None,Permanent,Active,LB324928,2031-03-09,XZ233972,2030-05-15,2027-04-19,2025-10-24
EMP0458-20260913_210636,Douglas,Simpson,conorroberts@example.com,1964-05-07,+44115 4960017,"Studio 35j
Mathew Track
Ronaldmouth
L49 0AZ",Female,Southgate Community & Mental Health NHS Trust,Asian,China,Skilled Worker,AHP,Physiotherapist,Medicine & Acute Care,6,28.04,2017-07-26,2017-09-06,20.0,0.53,HCPC,Fixed Term,Suspended,IG158869,2029-01-02,EO204523,2030-10-24,2026-09-18,2017-08-16
EMP0459-20260913_210636,Leigh,Newton,fblake@example.net,1978-10-02,+44(0)1314960626,"Studio 3
Jones Circle
North Irene
N2C 0HG",Female,Greenhaven Acute & Specialist Care NHS Trust,Mixed,United Kingdom,ILR,Nursing,Healthcare Assistant,Women & Children,2,13.98,2018-04-29,2018-05-27,18.75,0.5,HCPC,Fixed Term,Active,ZR861104,2029-07-21,MJ197722,2030-11-26,2027-02-08,2018-05-20
EMP0460-20260913_210636,Roger,Green,karl43@example.net,1992-10-30,+44191 4960785,"74 Shaw Oval
Jacksonport
G1 6QA",Male,Horizon Integrated Health Partnership NHS Trust,Mixed,China,British Citizen,Nursing,Charge Nurse,Critical Care & Anaesthesia,7,31.96,2018-07-24,2018-09-04,37.5,1.0,None,Permanent,On Leave,OE148412,2029-01-09,UP492099,2030-06-15,2027-01-19,2018-08-14
EMP0461-20260913_210636,Debra,Frost,emma52@example.net,2007-09-20,+44(0)292018476,"438 James Plains
Harrietfurt
E0C 6TB",Female,Valleyview Mental Wellness NHS Trust,White,Australia,Skilled Worker,AHP,Physiotherapist,Critical Care & Anaesthesia,6,22.9,2021-11-17,2021-12-29,18.75,0.5,NMC,Fixed Term,Active,PH208369,2028-10-26,ZK923305,2029-01-14,2026-09-29,2021-12-08
EMP0462-20260913_210636,Clifford,Harper,leeanne@example.org,1982-04-14,+44(0)1174960764,"Studio 03
Sean Canyon
North Chelseaport
BT92 4PW",Male,Valleyview Mental Wellness NHS Trust,Asian,India,Dependent,Nursing,Ward Manager,Critical Care & Anaesthesia,8A,34.14,2024-10-05,2024-11-09,15.0,0.4,GMC,Bank,Inactive,MA480125,2031-08-20,ZF105332,2030-08-07,2027-02-21,2024-10-26
EMP0463-20260913_210636,Frank,Hall,ellie42@example.org,1971-01-26,(0114)4960460,"Flat 96Z
Mark Squares
Rosemaryfort
SL8R 7GT",Female,Greenhaven Acute & Specialist Care NHS Trust,Asian,India,Skilled Worker,Admin,Receptionist,Clinical Support Services,3,16.41,2019-03-13,2019-04-10,15.0,0.4,NMC,Fixed Term,Suspended,YV907543,2031-03-06,NP775251,2031-02-09,2027-06-25,2019-04-03
EMP0464-20260913_210636,Elliott,Buckley,karenbaker@example.com,1985-08-07,0113 4960403,"Flat 9
Morris Drive
New Danielmouth
W55 9FF",Female,Southgate Community & Mental Health NHS Trust,White,United Kingdom,Skilled Worker,Admin,Administrator,Clinical Support Services,3,15.21,2025-07-21,2025-09-01,37.5,1.0,GMC,Permanent,Active,MW186214,2029-04-12,EP616532,2029-12-09,2027-05-15,2025-08-11
EMP0465-20260913_210636,Jacob,Cook,karen41@example.org,1975-09-22,01632960579,"Studio 16
Marion Ramp
West Declanfort
L35 5UW",Female,Valleyview Mental Wellness NHS Trust,Black,Nigeria,ILR,Admin,Data Analyst,Corporate Services,8A,32.42,2025-08-07,2025-09-04,18.75,0.5,HCPC,Bank,Active,JU356534,2030-10-13,ZJ067840,2028-02-05,2027-07-09,2025-08-28
EMP0466-20260913_210636,Oliver,Williams,abdulcooke@example.org,1963-03-03,+4428 9018732,"0 Ronald Causeway
North Hayleyland
WF05 7NX",Male,Valleyview Mental Wellness NHS Trust,Mixed,Kenya,ILR,Medical,GP,Emergency & Urgent Care,GP,58.0,2018-01-09,2018-02-06,15.0,0.4,NMC,Permanent,On Leave,FO916772,2030-06-19,CR635654,2031-03-29,2026-10-02,2018-01-30
EMP0467-20260913_210636,Natasha,Blackburn,qking@example.net,1968-10-03,+441154960548,"09 Holly River
Claremouth
W3E 8WW",Male,Eastmoor Teaching Hospitals NHS Trust,Asian,Japan,ILR,Nursing,Staff Nurse,Medicine & Acute Care,5,21.56,2021-12-23,2022-02-03,20.0,0.53,None,Bank,On Leave,FH082427,2030-01-29,KD901499,2028-05-09,2027-08-11,2022-01-13
EMP0468-20260913_210636,Emma,Walker,adam53@example.net,1968-08-16,+44(0)117 496 0846,"223 Bennett Dam
Walkerfort
L57 9SB",Male,Lakeside District Hospitals NHS Trust,Black,Ghana,British Citizen,Medical,SHO,Emergency & Urgent Care,SHO,27.89,2021-02-14,2021-03-21,15.0,0.4,NMC,Fixed Term,Suspended,HN513428,2027-02-06,CZ050497,2026-10-12,2027-01-31,2021-03-07
EMP0469-20260913_210636,Darren,Thomas,longmitchell@example.org,1980-09-07,(0117)4960726,"Flat 49
Danielle Green
Shaneburgh
FY6E 7UN",Male,Broadfield Clinical Services NHS Trust,Asian,Thailand,Skilled Worker,Nursing,Nursery Nurse,Corporate Services,2,13.48,2025-05-01,2025-05-29,20.0,0.53,HCPC,Fixed Term,On Leave,ME611523,2031-06-21,ZY534498,2030-12-05,2027-06-09,2025-05-22
EMP0470-20260913_210636,Margaret,Henderson,bennetthollie@example.com,1970-09-30,+44(0)1174960485,"Flat 04
Foster Hollow
North Robert
S45 1UN",Female,Horizon Integrated Health Partnership NHS Trust,Asian,Japan,ILR,Nursing,Nursery Nurse,Surgery & Cancer,2,13.4,2021-05-04,2021-06-15,20.0,0.53,HCPC,Fixed Term,Inactive,XV972509,2027-04-17,FM208589,2029-05-15,2026-11-09,2021-05-25
EMP0471-20260913_210636,Katherine,Lawson,hardygail@example.com,1995-01-22,+44118 4960204,"Studio 3
Saunders Pine
Port Colin
L4B 1BP",Female,Hillcrest Medical Centres NHS Trust,Mixed,South Africa,Dependent,Nursing,Charge Nurse,Emergency & Urgent Care,7,28.6,2021-10-11,2021-11-22,15.0,0.4,HCPC,Fixed Term,Inactive,FN486779,2029-07-18,VB903352,2028-03-18,2027-05-14,2021-11-01
EMP0472-20260913_210636,Max,Moore,stephanie80@example.net,1964-05-23,+44118 4960648,"3 Gail Plaza
Benjaminshire
SY4E 9AG",Male,Broadfield Clinical Services NHS Trust,White,United Kingdom,Skilled Worker,AHP,Occupational Therapist,Women & Children,6,26.31,2019-08-24,2019-09-21,20.0,0.53,HCPC,Bank,Suspended,KF005065,2028-04-08,AV404862,2030-11-23,2027-03-07,2019-09-14
EMP0473-20260913_210636,Alex,Kemp,simonperry@example.org,2002-11-28,+44(0)121 4960351,"854 Lewis Shore
West Nicholasfurt
M2S 7FY",Female,Oakridge Community Services NHS Trust,Asian,China,Dependent,Admin,Administrator,Women & Children,3,13.86,2019-08-02,2019-09-06,30.0,0.8,HCPC,Bank,On Leave,OE883630,2027-05-30,PL909817,2027-02-05,2027-06-18,2019-08-23
EMP0474-20260913_210636,Susan,Bird,krobinson@example.net,1964-11-17,028 9018198,"8 Booth Loop
South Beverley
E85 1GB",Male,Riverside Integrated Care NHS Trust,Mixed,Canada,Skilled Worker,Medical,SHO,Women & Children,SHO,25.05,2024-10-18,2024-11-15,15.0,0.4,GMC,Bank,On Leave,JT213725,2026-10-28,AT553353,2031-03-24,2027-01-05,2024-11-08
EMP0475-20260913_210636,Diana,Baldwin,powellderek@example.net,1976-08-01,(0131) 4960525,"605 Gemma Orchard
New Kayleighborough
BB1 1EA",Female,Hillcrest Medical Centres NHS Trust,White,United Kingdom,British Citizen,Medical,SHO,Medicine & Acute Care,SHO,30.35,2022-06-16,2022-07-21,37.5,1.0,NMC,Permanent,Inactive,EH837063,2031-04-14,HT980097,2028-01-14,2027-08-11,2022-07-07
EMP0476-20260913_210636,Patrick,Lewis,lanejennifer@example.org,1984-07-31,+44(0)115 496 0438,"94 Ashley Crest
Port Kimshire
M54 0NW",Female,Hillcrest Medical Centres NHS Trust,White,New Zealand,Dependent,AHP,Speech Therapist,Medicine & Acute Care,6,28.06,2021-08-20,2021-09-17,30.0,0.8,None,Bank,Inactive,NV600972,2026-12-19,HY637825,2030-03-04,2026-12-16,2021-09-10
EMP0477-20260913_210636,Marie,Khan,rlee@example.net,2007-10-28,+441314960697,"Studio 98
Lee Harbors
Port Sharonhaven
PL06 2ZL",Male,Southgate Community & Mental Health NHS Trust,Mixed,Kenya,Skilled Worker,Admin,Medical Secretary,Surgery & Cancer,4,18.27,2016-10-13,2016-11-24,20.0,0.53,GMC,Permanent,On Leave,RD128205,2028-11-26,AS272087,2028-04-11,2026-11-15,2016-11-03
EMP0478-20260913_210636,Victor,Barber,hpowell@example.org,1994-02-12,+44(0)1174960613,"336 Hazel Court
Deborahstad
BB07 5HY",Male,Eastmoor Teaching Hospitals NHS Trust,Mixed,Trinidad and Tobago,British Citizen,Admin,Data Analyst,Medicine & Acute Care,8A,34.96,2020-10-23,2020-11-27,37.5,1.0,NMC,Permanent,Inactive,CS540220,2027-11-07,XU849872,2028-12-02,2026-10-02,2020-11-13
EMP0479-20260913_210636,Roger,Cooke,carol97@example.net,1967-02-27,+44113 4960882,"Flat 6
Stephanie Loaf
Adamsborough
AL1B 5NP",Female,Southvale Hospitals NHS Trust,Asian,Thailand,British Citizen,Admin,Medical Secretary,Corporate Services,4,17.9,2018-07-15,2018-08-26,37.5,1.0,GMC,Fixed Term,Inactive,TM828108,2027-10-25,IH369858,2029-03-12,2027-06-08,2018-08-05
EMP0480-20260913_210636,Kathleen,Barber,kharris@example.net,1984-01-22,0161 4960534,"Studio 6
Kim Squares
Lake Natalie
RM4M 1LH",Female,Southgate Community & Mental Health NHS Trust,Mixed,Jamaica,British Citizen,Admin,Administrator,Surgery & Cancer,3,16.3,2022-10-31,2022-12-12,37.5,1.0,None,Fixed Term,Inactive,VT705349,2027-11-08,TX336186,2031-02-04,2026-09-27,2022-11-21
EMP0481-20260913_210636,Sylvia,Thomson,rwilson@example.net,1967-04-20,+44306 999 0089,"Studio 13T
Claire Mountains
New Joseph
G2 3QT",Male,Lakeside District Hospitals NHS Trust,White,Canada,British Citizen,Admin,Data Analyst,Surgery & Cancer,8A,33.24,2020-11-13,2020-12-25,30.0,0.8,None,Bank,On Leave,CD519176,2028-03-05,OV537751,2029-08-10,2027-06-24,2020-12-04
EMP0482-20260913_210636,Clive,Slater,jonesrita@example.net,1989-06-30,+44(0)8081570646,"70 Jessica Forks
Youngmouth
SK7Y 0TP",Female,Lakeside District Hospitals NHS Trust,Mixed,Nigeria,Dependent,Admin,Receptionist,Emergency & Urgent Care,3,15.11,2023-09-08,2023-10-13,15.0,0.4,None,Permanent,Suspended,ER562408,2027-05-07,DR489385,2027-06-29,2027-01-17,2023-09-29
EMP0483-20260913_210636,Glenn,Davis,tobyrhodes@example.net,1997-08-02,+44(0)306 9990430,"7 Akhtar Island
Fosterbury
S4W 3SP",Female,Hillcrest Medical Centres NHS Trust,Asian,Japan,Dependent,AHP,Speech Therapist,Clinical Support Services,6,25.58,2019-11-23,2020-01-04,18.75,0.5,HCPC,Bank,Suspended,TU091429,2027-11-06,NE154182,2030-11-05,2027-04-27,2019-12-14
EMP0484-20260913_210636,Jill,Price,daviesjosh@example.com,1979-09-01,+441632 960 152,"Studio 69
Marian Flats
West Dominicmouth
N39 8WU",Male,Riverside Integrated Care NHS Trust,White,Australia,ILR,AHP,Physiologist,Corporate Services,6,28.09,2016-11-07,2016-12-05,15.0,0.4,HCPC,Fixed Term,Active,FJ189491,2031-09-03,UD238072,2030-01-24,2027-07-16,2016-11-28
EMP0485-20260913_210636,Eric,Edwards,tina25@example.net,1962-01-28,+44(0)28 9018465,"Studio 2
Melissa Squares
Websterberg
G6D 3GS",Female,Northshire University Hospitals NHS Trust,Asian,India,ILR,Nursing,Ward Manager,Medicine & Acute Care,8A,28.59,2024-12-17,2025-01-14,30.0,0.8,GMC,Permanent,Inactive,HY251762,2028-10-04,VH945183,2030-11-04,2027-05-02,2025-01-07
EMP0486-20260913_210636,Gerard,Richards,tsullivan@example.org,1976-12-19,+44114 4960482,"Flat 89O
Byrne Expressway
Lewismouth
M4 0EW",Female,Lakeside District Hospitals NHS Trust,Black,Ghana,Dependent,Nursing,Senior Staff Nurse,Clinical Support Services,6,26.89,2024-09-29,2024-10-27,30.0,0.8,GMC,Permanent,Active,TP330776,2028-05-30,KH576817,2030-02-21,2027-01-19,2024-10-20
EMP0487-20260913_210636,Jayne,Morgan,bgriffin@example.com,1968-05-21,(0131)4960760,"Flat 71
Ben Curve
Huntfurt
WD38 9NE",Female,Riverside Integrated Care NHS Trust,White,Australia,Skilled Worker,Medical,SHO,Corporate Services,SHO,24.71,2024-12-29,2025-01-26,30.0,0.8,HCPC,Fixed Term,Suspended,LV956013,2027-07-06,MH975010,2026-11-13,2026-10-24,2025-01-19
EMP0488-20260913_210636,Oliver,Page,hollie02@example.org,1961-09-28,+443069990279,"Studio 6
Colin Square
North Jacobville
S75 8RY",Female,Midlands Central Hospitals NHS Trust,Black,Jamaica,British Citizen,Medical,Registrar,Corporate Services,SPR,42.09,2020-05-12,2020-06-23,20.0,0.53,GMC,Bank,Suspended,OY670799,2026-12-09,DQ334697,2026-10-09,2027-03-19,2020-06-02
EMP0489-20260913_210636,Amanda,Wilson,samkelly@example.org,2008-08-19,(0114) 496 0245,"8 Lewis Ridge
Lake Samantha
E5J 1YU",Female,Riverside Integrated Care NHS Trust,Mixed,Australia,Skilled Worker,Medical,FY1/FY2,Medicine & Acute Care,FY1,20.14,2022-04-13,2022-05-25,30.0,0.8,NMC,Permanent,Inactive,MS987341,2029-09-20,FE203698,2030-11-15,2027-05-05,2022-05-04
EMP0490-20260913_210636,Carolyn,Thomas,hwatson@example.net,1994-11-03,+44(0)306 999 0198,"Flat 27
Russell Glen
South Tom
M65 5BE",Female,Valleyview Mental Wellness NHS Trust,Asian,China,Skilled Worker,Admin,Receptionist,Women & Children,3,13.94,2021-11-04,2021-12-16,37.5,1.0,None,Bank,On Leave,DW345135,2027-09-29,RE464267,2028-01-06,2027-04-02,2021-11-25
EMP0491-20260913_210636,Valerie,Ferguson,lewiskatherine@example.net,1979-06-17,+44(0)2074960751,"Flat 3
Valerie Neck
East Raymondton
DY01 2PG",Male,Greenhaven Acute & Specialist Care NHS Trust,Black,Nigeria,Skilled Worker,Medical,Consultant,Clinical Support Services,CONS,65.24,2026-03-22,2026-04-26,30.0,0.8,GMC,Bank,Active,YN153502,2028-08-21,PC872542,2029-06-27,2027-06-28,2026-04-12
EMP0492-20260913_210636,Reece,Savage,warnerfrancesca@example.org,1972-10-14,+44(0)191 4960684,"Studio 9
Brown Vista
Neilburgh
S8E 0BQ",Male,Oakridge Community Services NHS Trust,Mixed,Thailand,British Citizen,Medical,GP,Corporate Services,GP,51.65,2018-12-12,2019-01-09,30.0,0.8,None,Fixed Term,Suspended,HA053750,2031-06-22,VG715631,2030-03-19,2027-07-07,2019-01-02
EMP0493-20260913_210636,Adam,Moore,gordonfarrell@example.com,1965-03-28,0161 4960216,"777 O'Connor Springs
South Rossside
L07 0RU",Female,Bluewater Community & Rehabilitation NHS Trust,Asian,Japan,Skilled Worker,Nursing,Senior Staff Nurse,Medicine & Acute Care,6,27.09,2023-09-07,2023-10-05,37.5,1.0,None,Fixed Term,Inactive,IG901537,2029-02-14,UO254024,2028-04-11,2027-05-11,2023-09-28
EMP0494-20260913_210636,Mitchell,Turner,janepotts@example.net,1971-07-19,+44(0)121 4960262,"510 Josh Knolls
Samuelfurt
B45 6PB",Female,Westborough Acute Care NHS Trust,White,United Kingdom,British Citizen,AHP,Physiologist,Emergency & Urgent Care,6,25.27,2021-03-21,2021-04-18,37.5,1.0,None,Fixed Term,On Leave,SP008821,2029-07-04,XW569485,2031-02-09,2027-02-28,2021-04-11
EMP0495-20260913_210636,Rachel,O'Connor,wgilbert@example.com,1973-02-22,+4428 9018 0338,"Studio 11T
Bailey Burgs
Lake Marieport
GL4 9BN",Female,Northshire University Hospitals NHS Trust,Black,Nigeria,Skilled Worker,Nursing,Ward Manager,Surgery & Cancer,8A,34.12,2021-09-02,2021-09-30,20.0,0.53,NMC,Fixed Term,Suspended,TG741565,2027-03-19,LD164727,2028-09-15,2027-05-03,2021-09-23
EMP0496-20260913_210636,Joan,Tomlinson,marshjoel@example.net,1980-02-02,+44(0)131 496 0531,"Flat 61
Grant Alley
Mooretown
S5 5XX",Female,Oakridge Community Services NHS Trust,Mixed,United States,Skilled Worker,Nursing,Charge Nurse,Women & Children,7,29.21,2021-05-15,2021-06-19,37.5,1.0,GMC,Fixed Term,On Leave,PM261592,2031-02-02,SV367626,2028-02-05,2027-05-05,2021-06-05
EMP0497-20260913_210636,Martyn,Smith,ygray@example.net,1997-08-21,+44(0)114 496 0749,"Studio 9
Martin Summit
New Oliverside
L32 2PQ",Male,Southvale Hospitals NHS Trust,Black,Jamaica,Skilled Worker,Medical,FY1/FY2,Surgery & Cancer,FY1,21.14,2017-11-24,2017-12-22,20.0,0.53,NMC,Bank,Suspended,HB583601,2029-06-23,CL551273,2029-04-12,2027-06-20,2017-12-15
EMP0498-20260913_210636,George,Yates,lwilliams@example.net,1962-11-10,+44(0)1514960405,"49 Scott Mountain
Jarvisfort
G50 9SF",Female,Riverside Integrated Care NHS Trust,Black,Ghana,ILR,Admin,Administrator,Emergency & Urgent Care,3,15.76,2025-10-01,2025-11-05,20.0,0.53,None,Fixed Term,Inactive,YQ140657,2031-02-18,QM060921,2029-01-16,2027-04-15,2025-10-22
EMP0499-20260913_210636,Bruce,Smith,elliot31@example.org,1986-05-30,+44(0)191 496 0755,"Studio 77
Thorpe Port
Johnsonmouth
E6B 1NY",Female,Oakridge Community Services NHS Trust,White,New Zealand,Skilled Worker,AHP,Occupational Therapist,Women & Children,6,24.89,2018-09-02,2018-09-30,30.0,0.8,GMC,Permanent,Suspended,GX910992,2028-12-02,ZF148643,2029-08-19,2027-06-08,2018-09-23
EMP0500-20260913_210636,Kerry,McLean,andersonjennifer@example.net,1984-05-21,0161 4960577,"81 Browne Views
New Lawrenceburgh
E9 1DB",Female,Meadowbrook Community Health NHS Trust,Asian,China,British Citizen,Admin,Receptionist,Women & Children,3,15.45,2020-11-09,2020-12-21,20.0,0.53,HCPC,Permanent,On Leave,JF593980,2026-10-10,ZB742131,2028-05-03,2026-12-29,2020-11-30
EMP0501-20260913_210636,Mohammed,Newman,singhiain@example.com,1980-12-13,(0808)1570006,"Flat 37
Neil Run
Port Antony
SG1B 4HW",Female,Horizon Integrated Health Partnership NHS Trust,Mixed,India,Skilled Worker,Admin,Administrator,Medicine & Acute Care,3,14.52,2024-08-22,2024-09-19,20.0,0.53,GMC,Permanent,Inactive,OL025089,2030-02-02,NH459385,2028-10-28,2027-06-28,2024-09-12
EMP0502-20260913_210636,Edward,Adams,colesjanice@example.org,2008-09-08,0909 8790529,"0 Patrick Lodge
North Beth
G96 0RJ",Female,Lakeside District Hospitals NHS Trust,Asian,China,ILR,Nursing,Nursery Nurse,Critical Care & Anaesthesia,2,13.9,2018-07-10,2018-08-21,30.0,0.8,HCPC,Permanent,Active,AN738101,2029-04-24,YP208243,2030-11-04,2027-03-17,2018-07-31
EMP0503-20260913_210636,Thomas,Roberts,sheilaadams@example.org,1968-07-27,+441314960082,"2 Jennifer Island
Kirkmouth
WF7 0PX",Male,Southgate Community & Mental Health NHS Trust,Asian,Thailand,Skilled Worker,AHP,Speech Therapist,Emergency & Urgent Care,6,25.67,2021-11-25,2022-01-06,18.75,0.5,HCPC,Fixed Term,Active,FI344222,2029-12-21,XP540897,2029-05-10,2027-01-13,2021-12-16
EMP0504-20260913_210636,Beverley,Shaw,emilywilliams@example.net,2005-06-05,+44(0)8081570298,"07 Tina Wells
Lake Brian
W0S 5TJ",Male,Riverside Integrated Care NHS Trust,White,Australia,British Citizen,Nursing,Senior Staff Nurse,Emergency & Urgent Care,6,24.6,2025-01-14,2025-02-11,37.5,1.0,HCPC,Permanent,Suspended,AP360122,2029-12-23,LA225014,2027-04-02,2026-12-21,2025-02-04
EMP0505-20260913_210636,Billy,Anderson,frederick43@example.com,1976-08-06,+44909 879 0098,"4 Mary Stream
Lake Carl
DT4 2LF",Female,Westmere Community Health NHS Trust,White,Australia,Skilled Worker,Medical,FY1/FY2,Corporate Services,FY1,18.46,2019-03-07,2019-04-11,20.0,0.53,None,Permanent,Inactive,UT877548,2030-09-28,JD631298,2028-11-22,2027-06-07,2019-03-28
EMP0506-20260913_210636,Ben,Davis,charles41@example.net,2001-03-06,(0114) 4960461,"Studio 1
Gareth Stravenue
New Mohammed
W68 0PP",Female,Eastfield Psychological Services NHS Trust,Asian,India,Dependent,Medical,Registrar,Clinical Support Services,SPR,33.71,2025-09-09,2025-10-07,30.0,0.8,GMC,Fixed Term,On Leave,RZ293594,2027-09-14,TN655567,2026-12-29,2027-09-03,2025-09-30
EMP0507-20260913_210636,Dominic,Evans,graeme05@example.net,2002-07-29,(0151) 496 0048,"22 Sheila Village
Kimfort
W8A 0AU",Female,Westborough Acute Care NHS Trust,Black,Jamaica,British Citizen,Medical,Registrar,Women & Children,SPR,34.07,2025-02-24,2025-04-07,20.0,0.53,NMC,Fixed Term,Suspended,JG568114,2027-12-20,LJ239870,2027-02-15,2026-10-24,2025-03-17
EMP0508-20260913_210636,Malcolm,Martin,thomaslisa@example.net,1971-11-16,+44113 496 0662,"5 West Landing
Derekland
NP99 8EQ",Male,Southgate Community & Mental Health NHS Trust,Asian,India,British Citizen,Nursing,Ward Manager,Corporate Services,8A,32.46,2024-01-20,2024-03-02,20.0,0.53,GMC,Fixed Term,On Leave,FM470720,2028-02-02,EW796258,2029-09-30,2027-07-12,2024-02-10
EMP0509-20260913_210636,Martyn,Owens,mellorstacey@example.com,1960-12-24,+449098790492,"Studio 7
Smith Branch
West Jade
G90 7SW",Male,Hillcrest Medical Centres NHS Trust,Black,Jamaica,Dependent,Admin,Receptionist,Women & Children,3,16.4,2020-07-12,2020-08-09,20.0,0.53,None,Fixed Term,Active,QN203984,2027-01-25,PI305863,2028-08-28,2026-10-22,2020-08-02
EMP0510-20260913_210636,Damian,Harding,gfisher@example.net,1991-06-29,+44(0)117 4960459,"24 Lyons Canyon
Grahamfort
LL95 8UU",Male,Eastfield Psychological Services NHS Trust,White,New Zealand,Dependent,Admin,Data Analyst,Women & Children,8A,33.51,2023-09-26,2023-10-24,37.5,1.0,NMC,Bank,Inactive,HG060052,2029-10-16,JZ923981,2027-08-12,2027-05-24,2023-10-17
EMP0511-20260913_210636,Bruce,Cunningham,randallmohammed@example.org,1973-03-18,(01632)960163,"8 Ricky Ports
Nicolaburgh
PA8E 5UH",Male,Greenhaven Acute & Specialist Care NHS Trust,Black,Kenya,Dependent,Nursing,Nursery Nurse,Emergency & Urgent Care,2,13.95,2024-12-21,2025-01-25,18.75,0.5,GMC,Fixed Term,Inactive,YZ905954,2029-01-04,LJ771942,2027-01-16,2026-11-15,2025-01-11
EMP0512-20260913_210636,Helen,Warren,donnacampbell@example.org,1981-11-05,0191 4960417,"Flat 6
Hussain Springs
Port Jane
ML40 1QQ",Male,Broadfield Clinical Services NHS Trust,Black,Ghana,Dependent,Admin,Receptionist,Women & Children,3,14.03,2026-06-06,2026-07-11,15.0,0.4,NMC,Bank,Active,QV478091,2031-05-16,FH822043,2030-09-03,2026-11-26,2026-06-27
EMP0513-20260913_210636,Rachael,Grant,john28@example.com,1996-09-10,01314960873,"Flat 64W
Graeme Islands
East Alanview
IV4 6LW",Female,Westborough Acute Care NHS Trust,White,United States,Skilled Worker,Medical,Consultant,Clinical Support Services,CONS,54.43,2020-09-06,2020-10-11,18.75,0.5,HCPC,Permanent,Suspended,DD729409,2027-04-08,NF864174,2027-09-13,2027-05-04,2020-09-27
EMP0514-20260913_210636,Maria,Robertson,onewman@example.com,2000-09-18,+44(0)1514960109,"Flat 37
Claire Expressway
Port Leah
G5 6YS",Male,Eastmoor Teaching Hospitals NHS Trust,Mixed,Thailand,Skilled Worker,Admin,Medical Secretary,Critical Care & Anaesthesia,4,18.68,2019-01-06,2019-02-10,15.0,0.4,HCPC,Fixed Term,Active,XS522996,2030-03-05,KZ200984,2029-10-08,2027-04-06,2019-01-27
EMP0515-20260913_210636,Mohamed,Hayes,paul24@example.net,1976-08-21,(0161)4960670,"Studio 0
Rosemary Way
South Guyfort
L8 1XQ",Male,Eastmoor Teaching Hospitals NHS Trust,White,United States,ILR,Nursing,Ward Manager,Corporate Services,8A,29.79,2019-06-21,2019-07-26,20.0,0.53,None,Permanent,Active,PE639501,2028-10-09,DN195360,2026-11-30,2027-01-23,2019-07-12
EMP0516-20260913_210636,Jasmine,Taylor,ujones@example.net,1968-05-06,020 7946 0188,"83 Reynolds Station
South Dawn
W5 1SU",Male,Hillcrest Medical Centres NHS Trust,Asian,Japan,Dependent,AHP,Speech Therapist,Critical Care & Anaesthesia,6,25.73,2019-08-21,2019-09-25,15.0,0.4,NMC,Fixed Term,On Leave,VP228121,2030-11-18,AZ631944,2029-07-20,2027-04-16,2019-09-11
EMP0517-20260913_210636,Sylvia,Moss,kyle22@example.com,1961-01-08,+44(0)117 4960756,"Studio 39
Vincent Unions
Joshuamouth
B8F 3UJ",Male,Southgate Community & Mental Health NHS Trust,White,United Kingdom,Skilled Worker,Medical,Registrar,Women & Children,SPR,40.09,2019-01-02,2019-01-30,30.0,0.8,NMC,Bank,Inactive,DX570775,2029-06-10,BT946927,2028-10-13,2026-09-29,2019-01-23
EMP0518-20260913_210636,Patrick,Saunders,jenniferhart@example.com,1968-02-07,+44(0)141 4960033,"Studio 50S
Dunn Glens
Erichaven
TD61 3LU",Female,Riverbank General Hospitals NHS Trust,Mixed,Kenya,British Citizen,Admin,Medical Secretary,Clinical Support Services,4,16.75,2024-11-12,2024-12-17,18.75,0.5,GMC,Permanent,Suspended,HX878044,2028-03-10,SD838625,2029-11-15,2026-09-16,2024-12-03
EMP0519-20260913_210636,Roger,Brown,georginaroberts@example.net,2005-01-14,+44131 4960020,"Studio 15Q
Jemma Points
Deanville
N7 1SA",Male,Eastfield Psychological Services NHS Trust,Asian,Thailand,Skilled Worker,Nursing,Healthcare Assistant,Emergency & Urgent Care,2,13.76,2020-07-23,2020-08-20,30.0,0.8,NMC,Fixed Term,Suspended,MH415510,2029-11-10,XP672689,2029-08-12,2027-04-28,2020-08-13
EMP0520-20260913_210636,Roy,Slater,johnsteven@example.com,1983-11-28,(0113) 496 0364,"Flat 42
Hayward Spur
Russellside
W7 8JX",Female,Horizon Integrated Health Partnership NHS Trust,Asian,Japan,ILR,Nursing,Senior Staff Nurse,Emergency & Urgent Care,6,23.49,2019-10-08,2019-11-19,37.5,1.0,GMC,Fixed Term,Inactive,ZX767553,2030-12-17,ZP045462,2030-09-30,2027-08-05,2019-10-29
EMP0521-20260913_210636,Jennifer,Wells,lanerobin@example.com,2005-04-01,(0116)4960472,"5 Watkins Place
Annafort
E10 7ZA",Female,Riverside Integrated Care NHS Trust,Asian,Japan,Dependent,AHP,Physiologist,Corporate Services,6,27.37,2022-01-19,2022-02-23,37.5,1.0,None,Permanent,On Leave,IC108901,2030-10-30,RU336434,2027-07-28,2027-07-31,2022-02-09
EMP0522-20260913_210636,Albert,Fletcher,lskinner@example.org,2002-02-20,+441632 960558,"Studio 46d
Alison Plains
Lake Samuel
KW1E 5EN",Female,Southvale Hospitals NHS Trust,Black,Jamaica,Dependent,AHP,Radiographer,Medicine & Acute Care,6,22.6,2021-08-27,2021-10-01,18.75,0.5,GMC,Bank,Suspended,CX849783,2028-08-25,XA627533,2029-12-27,2027-07-30,2021-09-17
EMP0523-20260913_210636,Ryan,Green,edward98@example.com,1966-01-05,+44306 999 0500,"89 Baker Plaza
Mahmoodberg
B7A 1UA",Female,Horizon Integrated Health Partnership NHS Trust,Asian,Japan,Dependent,Nursing,Staff Nurse,Women & Children,5,20.11,2017-06-07,2017-07-12,18.75,0.5,NMC,Fixed Term,On Leave,FG604417,2030-07-06,SZ391947,2028-05-14,2026-10-02,2017-06-28
EMP0524-20260913_210636,Bryan,Barker,julia72@example.com,1978-12-12,+441164960869,"Flat 8
Mathew Ranch
Port Ashleigh
HP2 0NF",Male,Bluewater Community & Rehabilitation NHS Trust,Asian,Japan,Skilled Worker,AHP,Physiotherapist,Corporate Services,6,27.92,2019-06-05,2019-07-10,37.5,1.0,NMC,Permanent,On Leave,OO263772,2029-05-07,XJ778730,2026-11-11,2027-07-22,2019-06-26
EMP0525-20260913_210636,Elliott,Daniels,christopher45@example.org,1965-05-05,+44(0)2074960763,"159 Andrew Courts
Justinmouth
WN3R 7FT",Male,Northshire University Hospitals NHS Trust,Asian,China,ILR,Nursing,Staff Nurse,Corporate Services,5,21.1,2017-03-28,2017-05-09,20.0,0.53,None,Fixed Term,Inactive,WX684603,2029-05-24,XR012650,2028-06-26,2026-10-01,2017-04-18
EMP0526-20260913_210636,Melissa,Edwards,louis02@example.com,2001-12-23,+44(0)161 496 0679,"Flat 21
Robertson Motorway
South Russell
E22 0NN",Female,Northshire University Hospitals NHS Trust,Mixed,Jamaica,Dependent,Medical,Consultant,Medicine & Acute Care,CONS,48.74,2021-06-25,2021-08-06,20.0,0.53,GMC,Bank,Inactive,OI404925,2028-05-12,UR081251,2027-03-26,2026-10-25,2021-07-16
EMP0527-20260913_210636,Holly,Brookes,benjamin70@example.net,1991-07-15,(0115)4960932,"55 Katherine Neck
East Gailfort
SS12 3JB",Female,Horizon Integrated Health Partnership NHS Trust,Black,Nigeria,ILR,Medical,Consultant,Women & Children,CONS,65.16,2020-03-04,2020-04-01,15.0,0.4,NMC,Bank,Inactive,FB013596,2029-10-12,SA194974,2030-12-23,2027-03-09,2020-03-25
EMP0528-20260913_210636,Douglas,Gill,jay69@example.org,1974-08-01,(0113)4960811,"Flat 15o
Walker Row
Port Pamela
ML63 2GD",Male,Southgate Community & Mental Health NHS Trust,White,Australia,Skilled Worker,Medical,Consultant,Emergency & Urgent Care,CONS,55.56,2019-07-16,2019-08-20,15.0,0.4,None,Bank,Active,XP713171,2027-02-11,ES673263,2031-07-19,2027-03-18,2019-08-06
EMP0529-20260913_210636,Anne,Stevens,oharris@example.com,1981-08-20,0191 4960244,"096 Griffiths Shoal
Prattmouth
B6 5LW",Male,Broadfield Clinical Services NHS Trust,White,Canada,ILR,Medical,Consultant,Medicine & Acute Care,CONS,65.32,2023-04-28,2023-06-02,20.0,0.53,NMC,Permanent,Suspended,TM814953,2027-04-12,AB790434,2028-02-09,2026-12-13,2023-05-19
EMP0530-20260913_210636,Gerard,Rogers,jodie18@example.net,2008-05-12,+44115 496 0240,"369 Stewart Flats
Port Gordon
N31 3QX",Male,Northshire University Hospitals NHS Trust,White,United States,British Citizen,Admin,Data Analyst,Women & Children,8A,31.67,2019-07-18,2019-08-22,20.0,0.53,None,Permanent,On Leave,HL251639,2028-06-29,FJ631911,2030-09-11,2027-06-17,2019-08-08
EMP0531-20260913_210636,Glen,O'Donnell,lamberttrevor@example.org,1962-10-14,(0121) 4960587,"7 Warren Fork
Lake Jillburgh
L1 8SJ",Female,Eastmoor Teaching Hospitals NHS Trust,Asian,Thailand,ILR,Medical,GP,Medicine & Acute Care,GP,49.64,2024-06-22,2024-08-03,30.0,0.8,None,Bank,Suspended,UE576264,2030-04-19,SI049169,2027-09-10,2027-08-27,2024-07-13
EMP0532-20260913_210636,Sharon,Hunter,harrisrita@example.net,1969-10-30,(0151)4960150,"8 Chapman Ferry
Chapmanburgh
B54 4ZD",Male,Midlands Central Hospitals NHS Trust,Asian,India,ILR,Admin,Receptionist,Women & Children,3,16.35,2022-05-27,2022-06-24,37.5,1.0,None,Bank,Inactive,MU301282,2030-09-05,PX330689,2029-03-23,2027-06-25,2022-06-17
EMP0533-20260913_210636,Natasha,Rogers,marcus83@example.com,2005-09-08,0115 4960643,"826 Abdul Stravenue
South Rebecca
SP5H 5SY",Female,Northwood Mental Health NHS Trust,Mixed,India,Dependent,AHP,Physiologist,Corporate Services,6,23.65,2026-02-16,2026-03-16,18.75,0.5,HCPC,Bank,Suspended,LK479125,2027-02-12,GB012779,2027-10-18,2027-05-20,2026-03-09
EMP0534-20260913_210636,Hilary,Fuller,carlnash@example.net,1985-01-19,01174960364,"530 Duncan Keys
East Terry
CB02 2NZ",Male,Westmere Community Health NHS Trust,Black,Trinidad and Tobago,Skilled Worker,Medical,SHO,Medicine & Acute Care,SHO,25.06,2020-12-10,2021-01-07,37.5,1.0,GMC,Fixed Term,On Leave,UU040442,2029-02-01,NM406311,2028-08-10,2027-04-17,2020-12-31
EMP0535-20260913_210636,Adrian,Williams,stuartmitchell@example.net,1998-04-13,+44(0)116 496 0398,"Studio 83S
Eric Park
Lake Shannonshire
S4G 1XU",Female,Broadfield Clinical Services NHS Trust,White,United Kingdom,Dependent,Nursing,Healthcare Assistant,Critical Care & Anaesthesia,2,12.43,2021-03-16,2021-04-13,37.5,1.0,HCPC,Permanent,Inactive,VX289366,2029-06-29,HE074693,2027-03-26,2026-12-22,2021-04-06
EMP0536-20260913_210636,Martin,Jones,frederick66@example.org,2001-12-24,+44(0)9098790347,"63 Benjamin Flats
Geraldineport
M1 0ZL",Male,Southvale Hospitals NHS Trust,Black,Trinidad and Tobago,Dependent,Medical,GP,Corporate Services,GP,53.27,2025-09-04,2025-10-02,37.5,1.0,NMC,Bank,Active,MI220244,2027-07-18,NO980817,2027-05-19,2027-04-23,2025-09-25
EMP0537-20260913_210636,Gareth,Johnson,mmcdonald@example.org,1994-02-04,(0131)4960461,"Studio 23L
Gail Brooks
Suzannehaven
G20 6TX",Female,Riverside Integrated Care NHS Trust,Asian,China,ILR,Nursing,Nursery Nurse,Corporate Services,2,13.5,2017-07-04,2017-08-01,20.0,0.53,NMC,Permanent,On Leave,UP671050,2027-08-12,ND703347,2027-06-14,2027-08-10,2017-07-25
EMP0538-20260913_210636,Douglas,Hewitt,bishopfrances@example.net,1993-03-11,01632 960728,"261 Kirby Glens
New Nicola
TA9 1WZ",Male,Southvale Hospitals NHS Trust,White,United Kingdom,British Citizen,Medical,Registrar,Corporate Services,SPR,43.13,2020-12-16,2021-01-27,18.75,0.5,HCPC,Fixed Term,Inactive,EU603537,2031-04-26,JW111933,2028-09-19,2026-10-08,2021-01-06
EMP0539-20260913_210636,Nicole,Knowles,aharvey@example.net,1976-01-14,+44(0)191 496 0593,"113 Leonard Glens
South Harrietville
WN15 3BB",Female,Valleyview Mental Wellness NHS Trust,White,United Kingdom,Dependent,Medical,SHO,Women & Children,SHO,27.99,2023-09-19,2023-10-17,15.0,0.4,GMC,Fixed Term,Active,UO954168,2029-09-26,SQ786779,2030-07-09,2026-11-15,2023-10-10
EMP0540-20260913_210636,Gemma,Nixon,annettebird@example.net,1994-04-01,+44116 496 0837,"Flat 86
Matthews Circle
West Terenceland
LL7R 8ED",Male,Greenhaven Acute & Specialist Care NHS Trust,Black,Barbados,ILR,Medical,Consultant,Women & Children,CONS,52.02,2020-01-08,2020-02-12,15.0,0.4,HCPC,Bank,Active,NS223343,2026-11-25,XP641557,2027-05-24,2026-10-22,2020-01-29
EMP0541-20260913_210636,Harriet,Walters,seanfleming@example.com,1984-01-09,+44115 496 0132,"Flat 53D
Morton Circles
South Kim
ST9M 1DQ",Female,Broadfield Clinical Services NHS Trust,Asian,China,Dependent,AHP,Physiotherapist,Critical Care & Anaesthesia,6,24.22,2020-05-25,2020-06-22,18.75,0.5,NMC,Bank,Inactive,WY507827,2028-10-25,DB631993,2027-04-06,2026-10-01,2020-06-15
EMP0542-20260913_210636,Lindsey,Roberts,whiteheadelliot@example.com,1962-07-10,0909 879 0442,"Studio 64
Scott Curve
Joshchester
CR31 4YS",Female,Lakeside District Hospitals NHS Trust,Black,Kenya,Skilled Worker,AHP,Pharmacist,Corporate Services,5,21.61,2024-03-16,2024-04-20,20.0,0.53,GMC,Fixed Term,On Leave,JE031854,2026-09-23,IV480472,2029-05-28,2026-12-28,2024-04-06
EMP0543-20260913_210636,Sara,Clark,reynoldskeith@example.org,1966-10-27,+4428 9018824,"999 Allan Prairie
New Jenniferport
BD1M 5LX",Female,Riverside Integrated Care NHS Trust,Asian,Japan,British Citizen,Admin,Medical Secretary,Emergency & Urgent Care,4,19.23,2023-11-01,2023-12-13,18.75,0.5,None,Fixed Term,Suspended,GY237342,2028-06-08,OU519574,2027-08-16,2027-01-12,2023-11-22
EMP0544-20260913_210636,Pauline,Patel,emmanicholls@example.net,1993-12-30,+44(0)1214960051,"Studio 8
Mathew Trail
Allenberg
WC4A 5UL",Male,Hillcrest Medical Centres NHS Trust,White,United Kingdom,ILR,AHP,Pharmacist,Surgery & Cancer,5,19.57,2022-04-29,2022-06-10,30.0,0.8,None,Permanent,Active,LD763053,2030-06-03,BH949585,2029-10-27,2027-04-15,2022-05-20
EMP0545-20260913_210636,Jade,Watson,malcolmthomas@example.com,1982-10-31,(0131) 4960015,"Studio 2
Dorothy Terrace
Annside
MK8 0GN",Male,Oakridge Community Services NHS Trust,Black,Ghana,ILR,Admin,Data Analyst,Clinical Support Services,8A,32.19,2016-12-20,2017-01-31,20.0,0.53,HCPC,Bank,Suspended,IA621578,2029-08-13,ET876655,2027-08-09,2027-08-01,2017-01-10
EMP0546-20260913_210636,Eleanor,Schofield,zmanning@example.org,1978-04-03,(0131) 4960841,"Studio 70
Jemma Ports
Mohammedside
G1E 7FY",Female,Hillcrest Medical Centres NHS Trust,Black,Ghana,Dependent,Admin,Receptionist,Medicine & Acute Care,3,13.33,2026-01-24,2026-02-21,30.0,0.8,NMC,Bank,Inactive,GN852964,2028-02-04,OB563925,2026-10-20,2027-08-07,2026-02-14
EMP0547-20260913_210636,Margaret,Patel,nataliedavies@example.net,1991-07-19,+44808 1570395,"40 Annette Heights
East Ashleigh
WF7 8UW",Female,Greenhaven Acute & Specialist Care NHS Trust,Asian,India,ILR,AHP,Physiotherapist,Critical Care & Anaesthesia,6,27.77,2023-10-19,2023-11-16,15.0,0.4,NMC,Bank,Inactive,DZ224416,2030-11-25,AK157097,2029-12-27,2027-04-19,2023-11-09
EMP0548-20260913_210636,Roger,Thomas,mporter@example.com,1975-11-14,01154960060,"794 Joyce Coves
Saraborough
G0B 6UW",Female,Riverbank General Hospitals NHS Trust,Asian,China,British Citizen,Nursing,Staff Nurse,Emergency & Urgent Care,5,19.49,2017-04-07,2017-05-19,30.0,0.8,None,Permanent,On Leave,QR838524,2031-02-18,BL623115,2031-06-01,2026-10-07,2017-04-28
EMP0549-20260913_210636,Marilyn,Thompson,hardydebra@example.org,1976-09-24,+44(0)113 496 0337,"Flat 80
Joanna Pine
New Julie
JE1X 4LJ",Male,Eastmoor Teaching Hospitals NHS Trust,Asian,Japan,ILR,Medical,Registrar,Critical Care & Anaesthesia,SPR,40.57,2024-05-21,2024-06-18,30.0,0.8,NMC,Bank,Active,HB266500,2030-05-16,HU670035,2028-03-16,2027-07-15,2024-06-11
EMP0550-20260913_210636,Gordon,Bell,jean12@example.com,1964-07-19,+441632 960045,"82 Sylvia Station
Lake Lucy
B5 4UW",Female,Valleyview Mental Wellness NHS Trust,White,United States,British Citizen,Medical,SHO,Surgery & Cancer,SHO,28.52,2022-04-02,2022-05-07,18.75,0.5,HCPC,Bank,Active,NT778605,2031-03-01,PY352351,2031-01-09,2027-08-11,2022-04-23
EMP0551-20260913_210636,Mandy,Read,francesferguson@example.org,1996-04-03,(0808) 157 0200,"0 Lynda Ville
Abbieland
L02 4PD",Male,Riverbank General Hospitals NHS Trust,Mixed,New Zealand,British Citizen,AHP,Pharmacist,Emergency & Urgent Care,5,22.77,2018-08-28,2018-09-25,15.0,0.4,GMC,Fixed Term,On Leave,RD486797,2028-05-08,BG864403,2029-08-21,2027-09-12,2018-09-18
EMP0552-20260913_210636,Nigel,Kennedy,mohammadholt@example.com,1970-08-28,0114 496 0121,"276 Pope Bypass
Lake Neil
SR66 6ST",Female,Greenhaven Acute & Specialist Care NHS Trust,Mixed,Japan,Skilled Worker,AHP,Radiographer,Medicine & Acute Care,6,23.71,2022-02-26,2022-04-02,15.0,0.4,GMC,Bank,On Leave,LO885189,2026-12-31,PT695592,2029-01-28,2027-02-21,2022-03-19
EMP0553-20260913_210636,Katherine,Edwards,shirley04@example.net,1974-10-21,+441514960242,"Flat 8
Raymond Burgs
Lloydtown
L68 3AY",Female,Eastmoor Teaching Hospitals NHS Trust,Asian,Thailand,Skilled Worker,AHP,Pharmacist,Surgery & Cancer,5,21.56,2021-07-03,2021-08-14,18.75,0.5,GMC,Bank,On Leave,WG898645,2030-04-23,UI897979,2029-05-12,2027-04-04,2021-07-24
EMP0554-20260913_210636,Anne,Fisher,griffincolin@example.net,2001-04-12,+44(0)909 879 0601,"25 White Pass
Lake Cherylfurt
DH9H 4ZS",Female,Broadfield Clinical Services NHS Trust,Black,Nigeria,ILR,Nursing,Healthcare Assistant,Critical Care & Anaesthesia,2,13.11,2026-01-17,2026-02-14,30.0,0.8,GMC,Bank,On Leave,TX021698,2031-01-08,GU075124,2030-02-07,2027-08-19,2026-02-07
EMP0555-20260913_210636,Megan,Bibi,max23@example.com,2001-03-02,(0151)4960056,"Flat 61L
Kathryn Well
West Lawrencemouth
PO15 7FG",Female,Eastfield Psychological Services NHS Trust,Black,Ghana,Skilled Worker,AHP,Pharmacist,Corporate Services,5,19.39,2022-03-08,2022-04-19,18.75,0.5,HCPC,Fixed Term,Suspended,FX311201,2027-05-21,GG512430,2026-10-05,2027-03-23,2022-03-29
EMP0556-20260913_210636,Lynda,Wilkinson,grahamwilkins@example.com,1965-10-08,+441632 960 628,"Studio 4
Jonathan Avenue
Edwardsberg
CA1 0FA",Male,Meadowbrook Community Health NHS Trust,White,United Kingdom,British Citizen,Admin,Receptionist,Critical Care & Anaesthesia,3,14.28,2025-12-02,2026-01-13,30.0,0.8,GMC,Permanent,Suspended,OP744530,2029-05-08,WD796497,2028-05-07,2026-09-26,2025-12-23
EMP0557-20260913_210636,Melanie,Webb,scotthudson@example.net,1967-04-01,(0114) 4960126,"Studio 04
Wright Manor
Johnsonton
OL88 1RL",Male,Eastfield Psychological Services NHS Trust,White,Australia,ILR,Nursing,Ward Manager,Surgery & Cancer,8A,29.98,2024-02-03,2024-03-09,15.0,0.4,NMC,Bank,Active,UC670377,2027-08-09,KT099001,2028-09-04,2026-12-22,2024-02-24
EMP0558-20260913_210636,Michael,Allen,dale15@example.org,1996-12-26,(0115) 496 0653,"956 Ricky Plains
Port Jeffrey
RM9B 0DA",Male,Horizon Integrated Health Partnership NHS Trust,Black,Kenya,Skilled Worker,Nursing,Ward Manager,Critical Care & Anaesthesia,8A,29.1,2022-12-06,2023-01-03,18.75,0.5,HCPC,Fixed Term,Suspended,NF712339,2028-07-02,RB343055,2029-08-17,2027-01-13,2022-12-27
EMP0559-20260913_210636,Steven,Griffiths,lambertgarry@example.org,2001-08-06,+441174960187,"65 Sian Key
Palmerton
W5 2FT",Female,Midlands Central Hospitals NHS Trust,White,Australia,British Citizen,AHP,Occupational Therapist,Surgery & Cancer,6,24.23,2025-09-18,2025-10-23,30.0,0.8,None,Permanent,On Leave,ZR611280,2031-09-08,CE716464,2031-05-09,2027-07-04,2025-10-09
EMP0560-20260913_210636,Brenda,Carter,jason52@example.com,1990-09-20,+44(0)20 74960726,"807 Mason Shoal
East Nicola
G95 9UJ",Female,Westborough Acute Care NHS Trust,White,Australia,Skilled Worker,AHP,Physiologist,Women & Children,6,26.66,2020-03-04,2020-04-15,30.0,0.8,GMC,Bank,Active,QS978882,2028-12-10,KY191790,2028-08-11,2026-10-10,2020-03-25
EMP0561-20260913_210636,Jane,Gill,bradleygray@example.org,1998-02-05,0131 496 0992,"540 Maurice Brooks
Lake Pamela
B3 1RU",Female,Meadowbrook Community Health NHS Trust,Asian,Japan,Skilled Worker,Nursing,Nursery Nurse,Women & Children,2,13.14,2018-01-13,2018-02-24,30.0,0.8,HCPC,Bank,Suspended,AX721923,2029-03-24,FE321969,2027-04-09,2026-12-01,2018-02-03
EMP0562-20260913_210636,Josh,Green,yspencer@example.com,1969-05-11,+44(0)1174960115,"80 Clark Skyway
West Liamside
LE3M 2RF",Female,Eastmoor Teaching Hospitals NHS Trust,Asian,Japan,Dependent,Medical,Registrar,Surgery & Cancer,SPR,42.4,2022-07-14,2022-08-11,37.5,1.0,GMC,Fixed Term,On Leave,OO163448,2030-09-18,UR692675,2028-09-08,2027-05-04,2022-08-04
EMP0563-20260913_210636,Gillian,Hall,daviesgareth@example.org,1976-05-10,+44(0)8081570145,"Flat 05A
Smith Station
South Christineport
ST2V 2GY",Female,Southvale Hospitals NHS Trust,Mixed,New Zealand,British Citizen,Admin,Administrator,Clinical Support Services,3,14.06,2023-11-01,2023-12-13,20.0,0.53,GMC,Permanent,Suspended,EN374293,2029-06-29,UX458121,2027-04-03,2027-08-10,2023-11-22
EMP0564-20260913_210636,Roger,Connor,simoncampbell@example.net,1983-05-04,+44289018060,"Flat 5
Brett Ridges
South Denisborough
G7S 2HJ",Male,Horizon Integrated Health Partnership NHS Trust,Black,South Africa,Dependent,Nursing,Senior Staff Nurse,Medicine & Acute Care,6,25.46,2020-12-18,2021-01-29,18.75,0.5,None,Fixed Term,Active,PW423306,2030-06-03,CF007004,2030-04-18,2027-02-12,2021-01-08
EMP0565-20260913_210636,Billy,Taylor,reynoldssuzanne@example.net,1975-08-08,+44(0)115 496 0555,"189 Cheryl Bridge
Morganland
SG5 6NT",Female,Broadfield Clinical Services NHS Trust,Black,Barbados,British Citizen,AHP,Occupational Therapist,Women & Children,6,27.11,2016-10-19,2016-11-23,37.5,1.0,HCPC,Bank,On Leave,RI478701,2027-02-21,SA184627,2027-12-22,2027-07-02,2016-11-09
EMP0566-20260913_210636,Timothy,Anderson,amber96@example.net,1977-06-27,0808 1570170,"Flat 35
Saunders Crossroad
Stevenview
NR2 6LT",Female,Valleyview Mental Wellness NHS Trust,Black,Nigeria,ILR,Nursing,Charge Nurse,Critical Care & Anaesthesia,7,27.87,2026-04-13,2026-05-25,30.0,0.8,HCPC,Fixed Term,Inactive,ZI056006,2030-12-26,DQ880361,2030-08-26,2027-05-20,2026-05-04
EMP0567-20260913_210636,Tony,Barber,cooperjosh@example.org,2003-02-18,0161 4960364,"1 Josh Path
Godfreyport
W12 1YY",Female,Hillcrest Medical Centres NHS Trust,White,United Kingdom,British Citizen,AHP,Speech Therapist,Surgery & Cancer,6,25.05,2023-02-28,2023-04-04,18.75,0.5,HCPC,Fixed Term,Inactive,NK728332,2031-02-25,IQ275982,2028-10-24,2027-03-28,2023-03-21
EMP0568-20260913_210636,Aaron,Hancock,lburgess@example.net,1961-03-14,0118 496 0016,"0 Bernard Ridge
Abigailland
G2 8LT",Male,Broadfield Clinical Services NHS Trust,Asian,China,Skilled Worker,Nursing,Nursery Nurse,Surgery & Cancer,2,13.01,2026-02-20,2026-03-20,15.0,0.4,None,Permanent,On Leave,KM515925,2027-10-24,LL027577,2030-01-14,2027-02-20,2026-03-13
EMP0569-20260913_210636,Lydia,Brown,maurice08@example.com,1984-04-09,+449098790337,"Studio 53
Chelsea Rapids
Bakermouth
DT3B 6WF",Male,Oakridge Community Services NHS Trust,Asian,India,Dependent,Admin,Data Analyst,Emergency & Urgent Care,8A,32.96,2018-10-19,2018-11-23,20.0,0.53,None,Fixed Term,Inactive,SO164349,2029-08-02,XK979270,2027-06-18,2026-10-08,2018-11-09
EMP0570-20260913_210636,Katherine,Brookes,brianmurray@example.com,1980-09-29,+4428 9018560,"Flat 9
Louis Stravenue
Bethanport
TR17 0QW",Female,Southvale Hospitals NHS Trust,White,New Zealand,Skilled Worker,Admin,Receptionist,Corporate Services,3,13.39,2024-10-28,2024-12-02,37.5,1.0,NMC,Permanent,Active,YQ708243,2028-09-01,PD306360,2030-11-21,2027-02-02,2024-11-18
EMP0571-20260913_210636,Carly,Lane,rachaelmiddleton@example.com,2003-09-13,08081570184,"Flat 58
Richard Drives
Edwardsstad
W2 6PU",Female,Bluewater Community & Rehabilitation NHS Trust,Black,Kenya,Dependent,Medical,FY1/FY2,Medicine & Acute Care,FY1,21.25,2022-02-21,2022-04-04,15.0,0.4,NMC,Bank,On Leave,MO238621,2030-05-26,FN387790,2027-10-09,2026-10-17,2022-03-14
EMP0572-20260913_210636,Francis,Khan,bryanbryan@example.org,1985-10-11,+44(0)151 496 0992,"837 Conor Spur
North Owenhaven
N2 5NN",Female,Meadowbrook Community Health NHS Trust,White,Canada,Skilled Worker,AHP,Physiologist,Critical Care & Anaesthesia,6,26.46,2026-08-03,2026-09-14,15.0,0.4,GMC,Permanent,Suspended,AP276512,2031-01-29,ZA133642,2029-07-24,2027-05-20,2026-08-24
EMP0573-20260913_210636,Molly,Poole,geraldine84@example.net,1978-11-26,(0116)4960100,"Studio 46
Stone Shoal
Lake Normanview
S2 3GP",Male,Eastfield Psychological Services NHS Trust,Asian,Thailand,ILR,Admin,Receptionist,Women & Children,3,15.4,2020-02-04,2020-03-03,20.0,0.53,GMC,Fixed Term,Inactive,GR700254,2029-04-18,SG522883,2027-04-23,2027-02-02,2020-02-25
EMP0574-20260913_210636,Stacey,White,shunter@example.net,1989-01-18,+44(0)116 496 0366,"Studio 56U
Dixon Mission
Williamsborough
B1J 8TH",Female,Westborough Acute Care NHS Trust,Asian,China,British Citizen,Nursing,Staff Nurse,Corporate Services,5,20.39,2016-11-01,2016-12-13,30.0,0.8,HCPC,Bank,Suspended,ED327225,2030-08-28,VI754906,2030-10-16,2027-06-26,2016-11-22
EMP0575-20260913_210636,Jacob,Collins,nicolabrown@example.com,2000-09-03,(0808) 157 0264,"Flat 46X
Gary Club
Francisland
W0C 3LY",Female,Meadowbrook Community Health NHS Trust,Mixed,Ghana,ILR,Admin,Medical Secretary,Medicine & Acute Care,4,19.45,2025-06-24,2025-07-22,20.0,0.53,GMC,Fixed Term,On Leave,CH146221,2028-12-02,ZL756997,2028-12-19,2027-04-15,2025-07-15
EMP0576-20260913_210636,Joyce,Barry,annettelewis@example.org,1999-02-02,01144960511,"953 Anne Crest
South Glen
L2 5LF",Female,Meadowbrook Community Health NHS Trust,Black,Barbados,British Citizen,Medical,SHO,Surgery & Cancer,SHO,24.07,2024-10-22,2024-11-26,15.0,0.4,GMC,Fixed Term,On Leave,VH709590,2028-01-07,GO108854,2027-12-09,2026-12-23,2024-11-12
EMP0577-20260913_210636,Marilyn,Todd,jennaparkes@example.com,1971-09-11,(0808)1570228,"Studio 24E
Ford Passage
Murphyton
HG7B 9JR",Female,Westmere Community Health NHS Trust,Mixed,China,Skilled Worker,AHP,Speech Therapist,Emergency & Urgent Care,6,25.1,2018-12-16,2019-01-27,15.0,0.4,NMC,Bank,On Leave,DW374528,2028-09-28,LR540943,2029-10-01,2026-10-02,2019-01-06
EMP0578-20260913_210636,Teresa,Sanderson,arthuredwards@example.net,1964-11-19,+44(0)1414960621,"6 Joel Common
South Ashleigh
AL4E 0WR",Male,Northshire University Hospitals NHS Trust,Mixed,United Kingdom,ILR,Admin,Administrator,Medicine & Acute Care,3,14.09,2026-01-23,2026-02-20,30.0,0.8,None,Permanent,Active,PP562633,2027-01-13,SK480489,2028-03-30,2027-08-28,2026-02-13
EMP0579-20260913_210636,Carly,Carter,lauren49@example.com,1986-05-11,+44(0)306 9990917,"Studio 04
Turner Parkways
South Jason
MK22 5JH",Female,Eastfield Psychological Services NHS Trust,Mixed,Nigeria,ILR,AHP,Speech Therapist,Women & Children,6,22.86,2025-06-28,2025-08-02,30.0,0.8,HCPC,Bank,Suspended,GP359822,2030-12-25,BX758212,2029-03-13,2027-01-05,2025-07-19
EMP0580-20260913_210636,Paige,Patel,gailhunt@example.net,1971-01-16,+44151 4960746,"759 Ruth Stream
New Paige
PA24 9YP",Female,Eastmoor Teaching Hospitals NHS Trust,Mixed,United States,Dependent,Nursing,Staff Nurse,Clinical Support Services,5,22.56,2021-05-15,2021-06-19,18.75,0.5,HCPC,Bank,Suspended,DZ577009,2028-09-19,VW356876,2029-07-21,2026-09-28,2021-06-05
EMP0581-20260913_210636,Joan,Connor,ccurtis@example.net,2005-01-24,+44808 157 0507,"Studio 95a
Jones Junctions
South Kim
S54 0ZL",Female,Greenhaven Acute & Specialist Care NHS Trust,Asian,Thailand,ILR,AHP,Physiologist,Clinical Support Services,6,24.19,2018-06-28,2018-07-26,18.75,0.5,None,Bank,Suspended,EI232009,2026-09-23,MO757630,2031-06-03,2027-05-07,2018-07-19
EMP0582-20260913_210636,Caroline,Carr,marshgeoffrey@example.org,1987-12-20,0191 4960999,"42 Maurice Corner
Elainehaven
NE8P 1AF",Male,Lakeside District Hospitals NHS Trust,Asian,Thailand,Skilled Worker,AHP,Speech Therapist,Emergency & Urgent Care,6,24.63,2020-02-23,2020-03-29,15.0,0.4,NMC,Permanent,Active,WF639455,2028-12-11,OU700733,2026-11-14,2026-12-20,2020-03-15
EMP0583-20260913_210636,Susan,Smith,lisajennings@example.org,2008-07-24,+44(0)29 2018081,"380 Ronald Way
South Shannon
S5 1BT",Female,Lakeside District Hospitals NHS Trust,Mixed,Japan,Dependent,AHP,Speech Therapist,Critical Care & Anaesthesia,6,26.26,2019-07-22,2019-09-02,30.0,0.8,HCPC,Permanent,Suspended,EM651835,2028-12-04,VL335617,2027-10-03,2026-10-06,2019-08-12
EMP0584-20260913_210636,Ellie,Wilson,keithhughes@example.com,1968-08-05,029 2018 0561,"Studio 10
Melanie Mountains
Mathewburgh
B31 2XR",Female,Southgate Community & Mental Health NHS Trust,White,New Zealand,Dependent,Medical,GP,Surgery & Cancer,GP,60.24,2020-01-12,2020-02-16,18.75,0.5,NMC,Fixed Term,Active,ZX469267,2029-02-19,DX249189,2031-06-30,2027-09-08,2020-02-02
EMP0585-20260913_210636,Darren,West,williamsoncallum@example.org,2006-03-31,0116 496 0639,"0 Malcolm Hill
Hallburgh
W9T 9UT",Female,Southvale Hospitals NHS Trust,Black,Nigeria,British Citizen,Medical,SHO,Critical Care & Anaesthesia,SHO,24.72,2022-08-20,2022-10-01,20.0,0.53,None,Bank,On Leave,IG488415,2028-09-23,HZ758088,2028-11-11,2026-10-28,2022-09-10
EMP0586-20260913_210636,Nicole,Hutchinson,cmccarthy@example.org,2008-07-08,(0141) 496 0066,"571 Shaun Oval
North Jeanton
W6H 5BX",Male,Lakeside District Hospitals NHS Trust,Mixed,New Zealand,ILR,Admin,Receptionist,Critical Care & Anaesthesia,3,14.87,2023-10-06,2023-11-10,15.0,0.4,HCPC,Bank,Inactive,RN851244,2028-06-10,OO135481,2027-02-18,2027-01-09,2023-10-27
EMP0587-20260913_210636,Kerry,Bird,palmerdonna@example.com,1989-03-04,(0118) 4960909,"92 Humphries Roads
Seanport
HR52 8EE",Male,Valleyview Mental Wellness NHS Trust,Asian,India,Dependent,Admin,Medical Secretary,Women & Children,4,15.88,2018-09-27,2018-11-08,20.0,0.53,None,Permanent,On Leave,OG991030,2028-05-02,VV549607,2028-11-27,2026-10-07,2018-10-18
EMP0588-20260913_210636,Gordon,Hunt,walkerashley@example.org,1984-08-29,(0115) 496 0846,"9 Neil Drive
New Stewart
DD2 3ND",Male,Meadowbrook Community Health NHS Trust,Black,Nigeria,Skilled Worker,Medical,Registrar,Women & Children,SPR,43.46,2017-10-17,2017-11-28,20.0,0.53,HCPC,Fixed Term,Inactive,TM498393,2030-07-10,VL594432,2028-09-24,2027-02-04,2017-11-07
EMP0589-20260913_210636,Eleanor,Patel,nsmith@example.org,1986-06-02,020 7946 0697,"87 Yates Drive
New Elliechester
TS6R 9JE",Male,Northshire University Hospitals NHS Trust,Mixed,South Africa,British Citizen,Nursing,Charge Nurse,Clinical Support Services,7,31.43,2024-07-16,2024-08-27,37.5,1.0,None,Bank,Suspended,SB076895,2027-05-06,XY810396,2029-03-30,2027-07-19,2024-08-06
EMP0590-20260913_210636,Kerry,Robinson,georgethomson@example.net,1988-09-08,(0121)4960291,"576 Wood Mill
New Aaron
N6J 8DB",Female,Oakridge Community Services NHS Trust,Mixed,Jamaica,Dependent,AHP,Radiographer,Clinical Support Services,6,26.98,2024-11-27,2025-01-08,15.0,0.4,GMC,Fixed Term,Suspended,LO556486,2027-10-16,CE594800,2029-05-19,2027-05-31,2024-12-18
EMP0591-20260913_210636,Julia,Bond,kcook@example.org,1973-01-21,+44(0)117 4960099,"Studio 89
Tracey Forges
Fletchershire
PO2 9GT",Female,Bluewater Community & Rehabilitation NHS Trust,Asian,China,ILR,Nursing,Charge Nurse,Corporate Services,7,27.76,2021-11-12,2021-12-24,15.0,0.4,GMC,Permanent,Active,VQ163628,2030-08-04,SI154885,2026-12-28,2027-01-30,2021-12-03
EMP0592-20260913_210636,Stuart,Jones,hussainwendy@example.com,1999-08-29,+44116 4960772,"240 Martin Stream
Phillipchester
WA4 5BX",Female,Southvale Hospitals NHS Trust,Black,Trinidad and Tobago,Skilled Worker,Medical,GP,Women & Children,GP,49.66,2018-06-21,2018-07-19,20.0,0.53,NMC,Bank,Inactive,LH454911,2027-10-24,VP823914,2030-02-28,2026-12-19,2018-07-12
EMP0593-20260913_210636,Tina,White,charles74@example.com,1969-02-01,(020) 74960750,"36 Dean Square
Spencerfurt
BL4 9ND",Male,Northwood Mental Health NHS Trust,Asian,China,British Citizen,Nursing,Nursery Nurse,Clinical Support Services,2,12.74,2020-10-01,2020-11-05,15.0,0.4,HCPC,Fixed Term,Suspended,FY521659,2029-12-03,JD164832,2027-07-05,2027-08-11,2020-10-22
EMP0594-20260913_210636,Emma,Murray,mahmoodwayne@example.net,1994-09-21,+44(0)909 8790871,"01 Birch Camp
Port Carlyburgh
DT2 5EG",Female,Meadowbrook Community Health NHS Trust,Black,South Africa,Dependent,Admin,Administrator,Women & Children,3,16.29,2022-12-12,2023-01-09,20.0,0.53,None,Bank,On Leave,TV180887,2028-08-21,NT779979,2027-08-10,2026-12-29,2023-01-02
EMP0595-20260913_210636,Charlene,Rhodes,gerardwatkins@example.org,1980-11-20,+44(0)2074960478,"479 Melissa Wall
Francescafurt
SW5B 8ED",Male,Westmere Community Health NHS Trust,Black,South Africa,British Citizen,Admin,Data Analyst,Medicine & Acute Care,8A,35.51,2024-07-18,2024-08-29,30.0,0.8,NMC,Permanent,Active,LR735873,2029-02-18,NG554617,2029-09-23,2027-07-13,2024-08-08
EMP0596-20260913_210636,Malcolm,Williams,masonhenry@example.org,1987-07-30,+44121 4960410,"9 Pauline Well
West Edward
PO0 7WU",Male,Midlands Central Hospitals NHS Trust,Mixed,South Africa,Dependent,Medical,Consultant,Surgery & Cancer,CONS,51.0,2023-02-05,2023-03-05,15.0,0.4,GMC,Permanent,Active,BH060579,2029-09-27,CL705595,2026-12-22,2027-04-21,2023-02-26
EMP0597-20260913_210636,Justin,Bailey,jillbriggs@example.org,2004-12-28,+44(0)1314960205,"Flat 32L
Lynda Fork
Martintown
HD22 1LT",Female,Southgate Community & Mental Health NHS Trust,White,United Kingdom,Skilled Worker,Medical,Consultant,Critical Care & Anaesthesia,CONS,63.76,2022-01-30,2022-03-06,18.75,0.5,NMC,Permanent,On Leave,WC410786,2027-12-05,MZ865891,2029-04-17,2027-07-22,2022-02-20
EMP0598-20260913_210636,Natasha,Webb,samantha53@example.com,2000-04-03,(0115) 496 0456,"395 Price Isle
Josephborough
G5 4ZH",Female,Riverbank General Hospitals NHS Trust,Asian,Japan,ILR,Nursing,Healthcare Assistant,Emergency & Urgent Care,2,12.66,2020-04-01,2020-05-06,30.0,0.8,None,Permanent,Active,MQ525897,2030-07-18,FV736064,2026-10-29,2027-02-17,2020-04-22
EMP0599-20260913_210636,Jonathan,Walton,wrightholly@example.org,1964-05-17,(0141) 496 0078,"Flat 38G
Janice Circles
Jeffreyport
G97 8UW",Female,Bluewater Community & Rehabilitation NHS Trust,Mixed,United Kingdom,British Citizen,Admin,Data Analyst,Medicine & Acute Care,8A,29.22,2026-04-21,2026-06-02,20.0,0.53,NMC,Bank,Inactive,UG180114,2031-08-30,KE460114,2029-11-04,2026-11-02,2026-05-12
EMP0600-20260913_210636,Rosie,Warner,richardbyrne@example.com,1963-12-28,(0131)4960575,"2 Burton Garden
New Cheryl
DH81 0HZ",Female,Riverbank General Hospitals NHS Trust,Black,Kenya,Dependent,Admin,Administrator,Surgery & Cancer,3,16.39,2020-04-17,2020-05-15,30.0,0.8,None,Bank,Suspended,SI219538,2031-05-02,DV338706,2027-06-21,2027-08-05,2020-05-08
EMP0601-20260913_210636,Yvonne,Carpenter,ocunningham@example.net,1984-05-26,(0131) 4960390,"80 Jack Roads
Stephenland
CR0 1PN",Male,Valleyview Mental Wellness NHS Trust,White,United States,British Citizen,Nursing,Healthcare Assistant,Emergency & Urgent Care,2,12.73,2026-06-10,2026-07-08,20.0,0.53,None,Fixed Term,Active,JK668458,2031-07-19,HS814635,2028-05-09,2027-04-04,2026-07-01
EMP0602-20260913_210636,Jasmine,Oliver,dylanbradley@example.org,1994-04-22,+44(0)9098790266,"326 Whitehead Groves
Patrickmouth
SG6 8DQ",Female,Eastmoor Teaching Hospitals NHS Trust,Asian,Thailand,British Citizen,Medical,Registrar,Critical Care & Anaesthesia,SPR,37.23,2023-04-29,2023-06-03,37.5,1.0,GMC,Fixed Term,On Leave,CV402615,2030-12-07,IL618391,2031-02-14,2027-02-04,2023-05-20
EMP0603-20260913_210636,Leonard,Saunders,tracey77@example.org,1989-07-15,0113 4960840,"058 Sian Meadow
North Antonyfurt
E5 6PX",Male,Bluewater Community & Rehabilitation NHS Trust,White,United Kingdom,ILR,Medical,Consultant,Clinical Support Services,CONS,51.13,2025-07-18,2025-08-29,37.5,1.0,GMC,Fixed Term,Inactive,OO938396,2030-08-07,SO593194,2028-09-24,2027-03-11,2025-08-08
EMP0604-20260913_210636,Henry,Graham,kayleighward@example.net,1993-07-28,020 7946 0610,"Studio 66G
Norman Ports
Chamberlainshire
L0 8UE",Male,Eastmoor Teaching Hospitals NHS Trust,White,United States,British Citizen,AHP,Occupational Therapist,Clinical Support Services,6,27.53,2020-12-20,2021-01-31,20.0,0.53,None,Bank,Inactive,XM077672,2028-01-08,ZU979900,2029-03-30,2026-12-30,2021-01-10
EMP0605-20260913_210636,Jemma,Kaur,wooddarren@example.org,1964-09-29,+441514960919,"3 Charlie Mission
Cooperburgh
N33 2WP",Male,Westmere Community Health NHS Trust,Asian,China,British Citizen,Medical,Consultant,Medicine & Acute Care,CONS,57.45,2016-09-16,2016-10-14,37.5,1.0,NMC,Bank,On Leave,KP197570,2028-01-10,XL216176,2029-06-04,2027-05-24,2016-10-07
EMP0606-20260913_210636,Eileen,Nash,jholland@example.net,1967-11-18,(0191)4960386,"Flat 74
Hunter Coves
South Gemma
OX68 8QE",Female,Broadfield Clinical Services NHS Trust,White,Canada,Skilled Worker,Admin,Medical Secretary,Corporate Services,4,15.79,2017-09-03,2017-10-15,20.0,0.53,NMC,Permanent,Inactive,OV381947,2026-10-19,FN018412,2028-07-17,2027-07-18,2017-09-24
EMP0607-20260913_210636,Richard,Hamilton,ostewart@example.net,1966-10-21,0116 4960525,"Studio 53
Grant Fork
South Simon
E67 0DF",Male,Westmere Community Health NHS Trust,Black,Nigeria,British Citizen,Medical,Consultant,Emergency & Urgent Care,CONS,52.71,2024-12-13,2025-01-17,18.75,0.5,NMC,Fixed Term,Inactive,BP834307,2029-05-14,TV989408,2027-10-11,2027-07-03,2025-01-03
EMP0608-20260913_210636,Melanie,Parker,natashamarsh@example.com,1990-11-15,(0118) 496 0235,"058 Lambert Tunnel
Marcuschester
AB8 5DE",Female,Oakridge Community Services NHS Trust,Mixed,Kenya,Dependent,AHP,Occupational Therapist,Surgery & Cancer,6,22.9,2022-12-25,2023-01-22,37.5,1.0,GMC,Fixed Term,Suspended,KK134783,2027-10-21,QL058759,2030-12-19,2026-11-05,2023-01-15
EMP0609-20260913_210636,Georgina,Woods,qbutler@example.net,1973-01-16,+44(0)116 4960096,"Flat 7
June Spurs
Fletcherbury
S63 8GA",Male,Eastfield Psychological Services NHS Trust,Black,South Africa,Dependent,Nursing,Staff Nurse,Corporate Services,5,20.89,2017-04-18,2017-05-23,37.5,1.0,None,Fixed Term,Suspended,LN946472,2029-06-07,TC391558,2027-02-07,2026-11-02,2017-05-09
EMP0610-20260913_210636,Ellie,Hall,robertsongeorge@example.org,1968-05-26,0292018337,"Studio 9
Terence Via
East Ellie
NW6V 5PF",Male,Midlands Central Hospitals NHS Trust,Asian,India,Dependent,AHP,Physiologist,Medicine & Acute Care,6,23.72,2022-09-10,2022-10-22,30.0,0.8,HCPC,Fixed Term,Active,SS582556,2030-10-18,XO664098,2030-02-22,2026-10-21,2022-10-01
EMP0611-20260913_210636,Hugh,Watson,ggreen@example.org,1980-07-15,+44(0)1144960595,"23 Reid Common
Damienbury
N8 2PT",Male,Southvale Hospitals NHS Trust,Asian,Japan,Dependent,Admin,Medical Secretary,Critical Care & Anaesthesia,4,15.49,2021-05-26,2021-06-23,18.75,0.5,GMC,Bank,Inactive,BG376967,2030-08-08,HK553615,2029-07-28,2027-03-03,2021-06-16
EMP0612-20260913_210636,Luke,Moore,qsmith@example.com,1985-12-12,+44116 496 0426,"Flat 0
Joan Expressway
Stewartview
E9A 8PG",Female,Midlands Central Hospitals NHS Trust,Mixed,Kenya,British Citizen,Medical,GP,Clinical Support Services,GP,55.26,2026-07-29,2026-09-02,20.0,0.53,GMC,Bank,Inactive,AF928282,2029-08-03,QW374104,2027-04-17,2026-12-08,2026-08-19
EMP0613-20260913_210636,Kim,Smith,rossnolan@example.org,2004-09-15,+4429 2018 0381,"640 Dawson Mission
West Simonburgh
OL88 6DR",Female,Riverside Integrated Care NHS Trust,Black,Trinidad and Tobago,Skilled Worker,Admin,Data Analyst,Clinical Support Services,8A,32.37,2021-10-27,2021-11-24,30.0,0.8,NMC,Bank,On Leave,OK538025,2029-09-17,MZ322440,2029-04-15,2027-01-10,2021-11-17
EMP0614-20260913_210636,Amber,Hussain,waltonjane@example.com,1999-04-08,028 9018 0525,"Studio 19
Denise Inlet
Lake Kathryn
B14 1JZ",Female,Northshire University Hospitals NHS Trust,White,New Zealand,British Citizen,AHP,Speech Therapist,Corporate Services,6,27.2,2023-06-02,2023-07-07,18.75,0.5,NMC,Bank,On Leave,WY716001,2029-02-15,RR031358,2029-03-13,2026-11-07,2023-06-23
EMP0615-20260913_210636,Dennis,Harrison,graemeberry@example.org,1985-08-24,(0118) 496 0747,"3 Donna Ville
Declanfort
E9 6PL",Female,Eastmoor Teaching Hospitals NHS Trust,White,Australia,ILR,AHP,Physiologist,Surgery & Cancer,6,23.8,2017-02-16,2017-03-16,20.0,0.53,NMC,Permanent,Inactive,UF346652,2028-07-27,JY112754,2030-12-20,2027-02-28,2017-03-09
EMP0616-20260913_210636,Antony,Evans,diana60@example.net,2001-04-19,(0141)4960602,"8 Nicholas Heights
West Seanview
CF88 7XS",Male,Horizon Integrated Health Partnership NHS Trust,Mixed,United States,British Citizen,AHP,Radiographer,Emergency & Urgent Care,6,23.61,2023-10-01,2023-11-05,37.5,1.0,NMC,Fixed Term,On Leave,ME127066,2031-05-26,QA481735,2029-02-08,2027-04-25,2023-10-22
EMP0617-20260913_210636,Graham,Elliott,leefrank@example.org,1996-06-22,(0131)4960030,"Flat 4
Sally Mission
Baldwinfort
IP9X 9RW",Male,Lakeside District Hospitals NHS Trust,Black,Barbados,Skilled Worker,Medical,SHO,Women & Children,SHO,25.03,2022-06-19,2022-07-24,30.0,0.8,HCPC,Fixed Term,Active,DD614395,2028-04-02,MC210228,2027-12-24,2027-01-06,2022-07-10
EMP0618-20260913_210636,Dorothy,Coates,eholt@example.org,1993-09-11,029 2018043,"363 Owen Well
Dawnborough
CB90 4UW",Male,Oakridge Community Services NHS Trust,Mixed,Ghana,British Citizen,AHP,Pharmacist,Clinical Support Services,5,22.09,2018-12-09,2019-01-06,30.0,0.8,None,Bank,On Leave,HK237312,2030-07-26,JF487700,2028-11-15,2026-10-13,2018-12-30
EMP0619-20260913_210636,Dean,King,batesalice@example.org,1965-12-19,0131 4960751,"Studio 94E
Robert Creek
New Conor
M96 0WL",Male,Valleyview Mental Wellness NHS Trust,White,Canada,ILR,Admin,Receptionist,Critical Care & Anaesthesia,3,15.71,2021-01-10,2021-02-07,20.0,0.53,None,Fixed Term,On Leave,JQ169178,2031-08-23,VM832669,2030-01-19,2027-01-03,2021-01-31
EMP0620-20260913_210636,Mark,Peacock,wyattolivia@example.net,1964-06-24,01314960318,"006 Stephanie Stravenue
New Leanneton
B6A 9GY",Female,Eastmoor Teaching Hospitals NHS Trust,White,Australia,Dependent,Nursing,Nursery Nurse,Emergency & Urgent Care,2,13.62,2020-05-16,2020-06-20,37.5,1.0,HCPC,Bank,Suspended,HO867465,2030-11-14,AY171575,2029-04-16,2026-11-17,2020-06-06
EMP0621-20260913_210636,Mohammed,Hudson,kirsty76@example.net,1981-01-23,+44114 4960660,"Studio 3
Read Garden
Turnerton
M6 6ZY",Female,Northshire University Hospitals NHS Trust,Mixed,Ghana,ILR,Nursing,Healthcare Assistant,Surgery & Cancer,2,13.17,2023-04-19,2023-05-31,15.0,0.4,None,Bank,Active,PK243646,2029-11-02,CD980981,2030-11-12,2027-05-26,2023-05-10
EMP0622-20260913_210636,Mohammad,Barker,glenross@example.org,1997-01-17,+44(0)141 496 0069,"Studio 44u
Fiona Views
Hayeshaven
LS20 6JT",Female,Eastfield Psychological Services NHS Trust,Mixed,Japan,British Citizen,Nursing,Charge Nurse,Medicine & Acute Care,7,31.49,2025-08-21,2025-09-18,15.0,0.4,None,Permanent,Inactive,RQ728707,2027-05-01,SW921681,2027-08-09,2027-02-12,2025-09-11
EMP0623-20260913_210636,Dennis,Haynes,amandascott@example.net,1981-11-23,+4420 74960487,"Flat 98m
Walker Branch
South Samantha
TR29 2GD",Male,Southgate Community & Mental Health NHS Trust,Asian,Japan,Dependent,AHP,Occupational Therapist,Critical Care & Anaesthesia,6,28.01,2024-10-06,2024-11-03,15.0,0.4,HCPC,Fixed Term,Inactive,BB537874,2029-07-15,YZ506275,2030-05-20,2027-01-29,2024-10-27
EMP0624-20260913_210636,Declan,Doherty,sharon73@example.org,1996-06-05,+44113 4960143,"84 Conor Mews
South Carolynberg
W64 0SE",Male,Lakeside District Hospitals NHS Trust,White,New Zealand,British Citizen,Medical,Registrar,Medicine & Acute Care,SPR,39.79,2024-04-03,2024-05-08,30.0,0.8,HCPC,Permanent,Suspended,CV623801,2030-07-04,RU734924,2030-08-14,2027-03-11,2024-04-24
EMP0625-20260913_210636,Jayne,Barnes,bakerbernard@example.com,1999-03-19,+44151 4960135,"Studio 8
Dale Walks
Howellsburgh
RM0R 7RF",Female,Meadowbrook Community Health NHS Trust,Mixed,India,ILR,Medical,FY1/FY2,Clinical Support Services,FY1,20.36,2017-11-30,2018-01-04,20.0,0.53,GMC,Permanent,Inactive,JD935126,2030-11-14,PG980403,2030-11-09,2027-07-01,2017-12-21
EMP0626-20260913_210636,Maurice,McLean,tparkes@example.net,1963-09-17,+44116 4960327,"Studio 14
Owen Ferry
Murphybury
L4K 1YR",Male,Midlands Central Hospitals NHS Trust,Black,South Africa,Skilled Worker,Nursing,Healthcare Assistant,Corporate Services,2,12.54,2020-12-17,2021-01-14,18.75,0.5,None,Fixed Term,Inactive,XL176396,2027-11-14,YV559718,2030-07-21,2027-02-18,2021-01-07
EMP0627-20260913_210636,Garry,Arnold,jamie66@example.com,1963-12-25,+44(0)116 496 0697,"76 Kathleen River
Annetteshire
M0 5DB",Female,Greenhaven Acute & Specialist Care NHS Trust,Asian,Japan,Skilled Worker,Admin,Receptionist,Emergency & Urgent Care,3,15.76,2019-01-28,2019-03-04,15.0,0.4,NMC,Permanent,Active,NS412272,2030-05-14,ZZ585970,2031-06-08,2026-11-10,2019-02-18
EMP0628-20260913_210636,Brenda,Freeman,katehussain@example.org,1988-05-02,0117 4960502,"6 Peter Viaduct
Port Cliffordburgh
TD4 5ZS",Female,Broadfield Clinical Services NHS Trust,Asian,China,Skilled Worker,Medical,Consultant,Emergency & Urgent Care,CONS,57.94,2020-04-28,2020-06-02,37.5,1.0,None,Fixed Term,Suspended,VA962514,2030-07-09,CG043735,2030-04-17,2027-06-01,2020-05-19
EMP0629-20260913_210636,John,Chandler,atkinsiain@example.net,1976-11-28,+449098790962,"6 Jones Valley
Bakerfort
W56 6NJ",Male,Westmere Community Health NHS Trust,Black,Kenya,British Citizen,AHP,Pharmacist,Critical Care & Anaesthesia,5,20.39,2026-05-02,2026-05-30,30.0,0.8,NMC,Bank,Active,SJ711629,2026-12-22,XM124349,2028-01-14,2027-09-01,2026-05-23
EMP0630-20260913_210636,Jasmine,Ellis,brucedavis@example.org,2001-09-11,+44(0)118 496 0586,"84 Jessica Mountain
Smithmouth
WV3V 5EE",Male,Westborough Acute Care NHS Trust,Black,Trinidad and Tobago,ILR,Admin,Administrator,Corporate Services,3,15.27,2023-09-12,2023-10-17,18.75,0.5,HCPC,Bank,Active,YI754890,2027-04-09,EL887977,2028-04-02,2026-10-26,2023-10-03
EMP0631-20260913_210636,Neil,Evans,anna90@example.org,2004-01-15,+44(0)116 4960751,"Flat 0
Duffy Courts
West Trevorton
S13 2WL",Male,Oakridge Community Services NHS Trust,White,United States,British Citizen,Admin,Medical Secretary,Critical Care & Anaesthesia,4,18.91,2021-09-01,2021-10-06,15.0,0.4,NMC,Fixed Term,Inactive,CH130106,2029-08-25,UY540377,2029-10-07,2027-08-02,2021-09-22
EMP0632-20260913_210636,Damian,Byrne,jonescharlene@example.net,1969-07-04,+44(0)151 4960899,"73 Gail Walks
Eleanorshire
S4D 2BD",Male,Westmere Community Health NHS Trust,Mixed,South Africa,Dependent,AHP,Occupational Therapist,Clinical Support Services,6,23.74,2025-07-27,2025-08-24,18.75,0.5,NMC,Fixed Term,Active,RU765802,2030-02-27,RI804979,2031-09-04,2027-07-16,2025-08-17
EMP0633-20260913_210636,Mitchell,Harrison,kennethparry@example.com,2001-04-01,+44(0)117 496 0303,"473 Raymond Club
Christineton
SY2 2TA",Male,Eastfield Psychological Services NHS Trust,White,Australia,ILR,Admin,Medical Secretary,Women & Children,4,18.76,2022-08-12,2022-09-23,20.0,0.53,GMC,Fixed Term,Active,KL745633,2027-06-06,DD022449,2028-10-31,2027-03-10,2022-09-02
EMP0634-20260913_210636,Ross,Wood,kbrown@example.net,1996-12-27,+44(0)808 1570146,"Studio 87a
Martin Via
West Leonard
LE47 2BY",Female,Northshire University Hospitals NHS Trust,White,United States,Dependent,AHP,Physiologist,Corporate Services,6,25.49,2019-12-16,2020-01-20,30.0,0.8,None,Bank,Active,WA692882,2028-11-17,GI763084,2030-09-13,2026-11-26,2020-01-06
EMP0635-20260913_210636,Karl,Henderson,ebegum@example.com,2004-04-12,+44(0)115 4960261,"Studio 2
Thomas Run
Middletonmouth
M7 7UH",Female,Broadfield Clinical Services NHS Trust,Mixed,Nigeria,British Citizen,AHP,Radiographer,Clinical Support Services,6,24.43,2018-12-02,2018-12-30,37.5,1.0,None,Permanent,Inactive,NU926542,2031-03-08,LC267923,2027-03-26,2027-01-28,2018-12-23
EMP0636-20260913_210636,Steven,Oliver,wrightshane@example.net,1968-06-14,(0151) 496 0625,"787 Elizabeth Glen
Amandaville
LN9 7EY",Female,Oakridge Community Services NHS Trust,White,Canada,British Citizen,Medical,Consultant,Clinical Support Services,CONS,51.81,2020-09-01,2020-09-29,37.5,1.0,NMC,Fixed Term,Inactive,OF532366,2029-05-28,AU421087,2029-06-23,2026-11-19,2020-09-22
EMP0637-20260913_210636,Jasmine,Newman,kevinhall@example.com,1973-01-19,+449098790905,"Studio 48e
Derek Court
Oliverhaven
FK84 3AE",Male,Midlands Central Hospitals NHS Trust,White,United Kingdom,ILR,Admin,Medical Secretary,Corporate Services,4,15.73,2022-07-08,2022-08-05,15.0,0.4,HCPC,Fixed Term,Active,ZA442563,2027-03-12,CP717804,2029-08-18,2027-06-28,2022-07-29
EMP0638-20260913_210636,Geoffrey,Jones,hugheslinda@example.org,2000-01-18,020 74960457,"Flat 2
Frost Cliffs
Hallburgh
N2T 2UP",Female,Meadowbrook Community Health NHS Trust,White,Australia,Dependent,Medical,GP,Critical Care & Anaesthesia,GP,48.06,2025-04-30,2025-06-11,37.5,1.0,NMC,Permanent,Active,SI334213,2031-09-05,VW076430,2027-09-24,2027-04-21,2025-05-21
EMP0639-20260913_210636,Rhys,Cross,stownsend@example.net,1971-02-15,0121 496 0074,"Flat 18
Sandra Pine
Port Ericshire
M72 9ZE",Female,Riverbank General Hospitals NHS Trust,Asian,Japan,Dependent,AHP,Physiotherapist,Women & Children,6,25.23,2018-07-25,2018-08-22,15.0,0.4,GMC,Bank,On Leave,AY042023,2028-10-30,UF430403,2026-12-11,2027-01-18,2018-08-15
EMP0640-20260913_210636,Jemma,Sanders,daleshaw@example.net,1994-05-26,0161 4960742,"8 Parker Mount
Mileston
M4J 5XG",Female,Hillcrest Medical Centres NHS Trust,Black,Trinidad and Tobago,Dependent,AHP,Physiologist,Medicine & Acute Care,6,24.56,2024-03-05,2024-04-16,30.0,0.8,GMC,Bank,Active,PD913240,2028-09-11,TW262439,2028-08-12,2027-09-08,2024-03-26
EMP0641-20260913_210636,Diana,Newton,dorothyhobbs@example.net,1982-10-13,+44115 496 0889,"Flat 86
Sheila Roads
North Bethanside
S6 1QT",Male,Eastmoor Teaching Hospitals NHS Trust,White,United Kingdom,British Citizen,Medical,GP,Medicine & Acute Care,GP,57.82,2022-06-28,2022-08-02,18.75,0.5,HCPC,Fixed Term,Inactive,UB575414,2027-06-15,MB834097,2028-10-12,2027-05-28,2022-07-19
EMP0642-20260913_210636,Alexandra,Booth,christian47@example.com,1967-08-24,(0114) 496 0396,"Flat 68u
Walker Parkways
Mooreberg
EN4 0BP",Female,Westmere Community Health NHS Trust,Mixed,United States,Skilled Worker,Medical,GP,Emergency & Urgent Care,GP,54.47,2023-12-09,2024-01-13,30.0,0.8,NMC,Permanent,Active,CM069303,2027-08-06,PU179977,2030-01-17,2027-05-22,2023-12-30
EMP0643-20260913_210636,Dawn,Ali,frederick72@example.com,1989-03-18,+44(0)131 496 0297,"525 Benson Courts
Joanfurt
S6 8ST",Female,Southvale Hospitals NHS Trust,Mixed,United Kingdom,Dependent,Admin,Data Analyst,Emergency & Urgent Care,8A,28.48,2023-12-09,2024-01-13,37.5,1.0,NMC,Bank,Suspended,ZP230835,2028-01-25,XR774975,2031-01-18,2027-05-29,2023-12-30
EMP0644-20260913_210636,Tracy,Payne,gailmills@example.net,1976-11-23,01632960525,"Studio 58
Sam Greens
East Franktown
L23 4HU",Female,Hillcrest Medical Centres NHS Trust,Asian,India,British Citizen,Admin,Data Analyst,Surgery & Cancer,8A,30.55,2017-11-23,2018-01-04,15.0,0.4,GMC,Fixed Term,Suspended,VR591103,2030-09-12,EE245628,2029-09-23,2026-10-07,2017-12-14
EMP0645-20260913_210636,Marcus,Lowe,ben61@example.org,1977-04-04,+44(0)1134960145,"Studio 24U
Henry Shoal
North Tracy
E1 5QJ",Male,Midlands Central Hospitals NHS Trust,Asian,Thailand,British Citizen,Nursing,Nursery Nurse,Surgery & Cancer,2,13.24,2020-10-31,2020-12-05,15.0,0.4,HCPC,Fixed Term,Inactive,AN957033,2031-08-03,IL050340,2026-11-21,2027-08-30,2020-11-21
EMP0646-20260913_210636,Denis,Jones,carolinescott@example.com,1994-03-19,+44113 496 0295,"420 Alexandra Isle
Hughesmouth
UB0 6GW",Female,Westmere Community Health NHS Trust,White,Canada,British Citizen,AHP,Speech Therapist,Emergency & Urgent Care,6,23.18,2017-10-31,2017-11-28,20.0,0.53,NMC,Fixed Term,On Leave,CL455770,2031-03-25,YW622385,2031-03-09,2027-06-13,2017-11-21
EMP0647-20260913_210636,Adam,Wallace,tony60@example.net,1995-02-15,+44(0)20 74960156,"7 Richardson Common
Port William
S1 9WZ",Female,Lakeside District Hospitals NHS Trust,Asian,Japan,Dependent,Nursing,Nursery Nurse,Surgery & Cancer,2,13.62,2024-12-28,2025-02-08,20.0,0.53,NMC,Permanent,Suspended,LP591386,2028-03-01,LT347949,2029-07-11,2026-12-10,2025-01-18
EMP0648-20260913_210636,Sian,Evans,marion02@example.com,1971-06-19,(0191) 496 0179,"75 Michelle Harbors
East Mollyfort
M1 5LB",Female,Riverbank General Hospitals NHS Trust,White,United States,ILR,Admin,Administrator,Medicine & Acute Care,3,15.3,2026-05-11,2026-06-22,30.0,0.8,None,Fixed Term,Suspended,CY040372,2030-02-03,GY437788,2030-03-05,2027-04-20,2026-06-01
EMP0649-20260913_210636,Norman,Mason,nicholas93@example.net,1998-03-18,029 2018 0362,"Studio 88Q
Hammond Ports
Blackbury
SP4X 9XP",Female,Oakridge Community Services NHS Trust,Mixed,Australia,Skilled Worker,Admin,Receptionist,Women & Children,3,13.67,2025-03-17,2025-04-28,37.5,1.0,HCPC,Fixed Term,Active,MA055077,2027-02-20,DZ623877,2029-06-24,2026-12-21,2025-04-07
EMP0650-20260913_210636,Carole,Matthews,maxbrooks@example.com,2000-05-17,+44(0)28 9018 0992,"Flat 74
Taylor Crossing
Lake Georgia
KA95 9SP",Female,Southgate Community & Mental Health NHS Trust,Black,Ghana,ILR,AHP,Occupational Therapist,Clinical Support Services,6,24.66,2019-01-04,2019-02-08,37.5,1.0,None,Fixed Term,Active,ST694955,2031-07-22,DZ776013,2028-09-29,2026-11-22,2019-01-25
EMP0651-20260913_210636,Gregory,Gordon,sarah89@example.com,1989-12-07,+44(0)161 4960768,"Studio 33
Cook Wells
Gregoryside
N93 7ZR",Female,Lakeside District Hospitals NHS Trust,White,Australia,ILR,Medical,Consultant,Medicine & Acute Care,CONS,71.24,2023-10-05,2023-11-09,18.75,0.5,HCPC,Fixed Term,On Leave,QS185941,2027-02-04,UG533921,2029-04-27,2027-06-19,2023-10-26
EMP0652-20260913_210636,Justin,Patel,gary64@example.com,2006-01-05,+442074960817,"Flat 4
Hayley Inlet
Brownside
RM5P 3FW",Male,Hillcrest Medical Centres NHS Trust,Mixed,Jamaica,British Citizen,Admin,Receptionist,Women & Children,3,15.18,2017-03-17,2017-04-28,15.0,0.4,GMC,Permanent,Suspended,QD000339,2030-03-05,XX733785,2029-03-23,2027-08-05,2017-04-07
EMP0653-20260913_210636,Sheila,Kelly,hardinggeorge@example.com,1991-04-09,+44(0)20 7496 0491,"Studio 47s
Smith Bypass
Randalltown
HD7 6GB",Female,Bluewater Community & Rehabilitation NHS Trust,White,New Zealand,Skilled Worker,AHP,Physiotherapist,Corporate Services,6,27.34,2024-11-22,2025-01-03,37.5,1.0,None,Permanent,Inactive,KL769217,2030-08-16,DQ437371,2027-03-10,2027-09-05,2024-12-13
EMP0654-20260913_210636,Sylvia,Jackson,malcolmparsons@example.org,2002-06-14,(0113) 496 0632,"Flat 7
White Summit
Elliottborough
E09 1NL",Female,Southvale Hospitals NHS Trust,Mixed,Barbados,ILR,AHP,Speech Therapist,Surgery & Cancer,6,24.88,2025-12-07,2026-01-11,20.0,0.53,NMC,Permanent,Inactive,NI424933,2028-12-10,FN063157,2031-07-12,2026-10-27,2025-12-28
EMP0655-20260913_210636,Jemma,Cole,laurapeacock@example.org,2001-09-13,(028)9018766,"Studio 59
Owen Walks
West Rachel
S79 8AY",Female,Bluewater Community & Rehabilitation NHS Trust,Asian,Japan,Dependent,Medical,GP,Medicine & Acute Care,GP,47.01,2023-01-08,2023-02-19,37.5,1.0,NMC,Fixed Term,Suspended,GW192746,2029-06-24,LK938222,2029-02-26,2026-10-21,2023-01-29
EMP0656-20260913_210636,Caroline,Thomas,geoffreycarter@example.net,1969-11-18,(0113) 496 0982,"Flat 9
Stephen Land
New Mandy
N82 7LL",Female,Lakeside District Hospitals NHS Trust,Black,Jamaica,ILR,AHP,Pharmacist,Women & Children,5,23.04,2025-09-14,2025-10-12,37.5,1.0,HCPC,Fixed Term,On Leave,IT254527,2027-01-04,OQ108860,2028-03-17,2026-11-07,2025-10-05
EMP0657-20260913_210636,Lindsey,Stevens,jenningskate@example.org,1969-07-22,+44121 496 0862,"64 Williams Forge
Port Bethany
BR11 3TL",Male,Hillcrest Medical Centres NHS Trust,White,Canada,British Citizen,Admin,Administrator,Women & Children,3,15.72,2022-03-05,2022-04-09,20.0,0.53,GMC,Bank,Suspended,PO013045,2028-02-18,YG619790,2029-03-05,2026-10-03,2022-03-26
EMP0658-20260913_210636,Carol,Fletcher,janeedwards@example.com,2002-11-21,(0909) 879 0437,"286 Robinson Burg
Dianastad
M1 6ED",Female,Meadowbrook Community Health NHS Trust,Black,Trinidad and Tobago,ILR,Medical,FY1/FY2,Emergency & Urgent Care,FY1,19.9,2025-09-16,2025-10-21,18.75,0.5,HCPC,Permanent,Active,LA118421,2027-08-28,JU219528,2029-12-17,2026-12-04,2025-10-07
EMP0659-20260913_210636,Sophie,Davis,evanswendy@example.net,2004-08-20,0141 496 0216,"89 Newman Well
New Elizabeth
PL5 4RA",Male,Southvale Hospitals NHS Trust,Asian,Thailand,ILR,Medical,FY1/FY2,Women & Children,FY1,20.15,2019-03-02,2019-03-30,37.5,1.0,GMC,Permanent,On Leave,NK967826,2031-05-17,LK705812,2029-09-01,2027-08-13,2019-03-23
EMP0660-20260913_210636,Dorothy,Walker,godfreyjanet@example.com,1999-05-22,0306 999 0514,"789 Lewis Ways
Johnsonside
HX3N 4WG",Male,Greenhaven Acute & Specialist Care NHS Trust,Black,Nigeria,Dependent,AHP,Physiotherapist,Surgery & Cancer,6,27.04,2023-02-21,2023-03-21,18.75,0.5,HCPC,Permanent,Active,TG412316,2027-06-09,RN993770,2027-06-12,2027-01-15,2023-03-14
EMP0661-20260913_210636,Tom,Davies,jbaldwin@example.com,1968-12-25,+44113 4960266,"4 Kelly Meadows
Jenkinsmouth
TF48 0XN",Female,Greenhaven Acute & Specialist Care NHS Trust,Black,Ghana,British Citizen,Medical,GP,Critical Care & Anaesthesia,GP,54.08,2020-03-29,2020-04-26,18.75,0.5,None,Fixed Term,Inactive,FW260824,2028-03-12,KU938915,2031-07-07,2027-07-09,2020-04-19
EMP0662-20260913_210636,Andrew,Lee,abutler@example.com,1961-12-27,01632960362,"623 Lynch Stream
Cooperfurt
S33 5QN",Female,Meadowbrook Community Health NHS Trust,Black,South Africa,Dependent,Admin,Medical Secretary,Medicine & Acute Care,4,18.89,2026-05-24,2026-06-28,30.0,0.8,None,Bank,Active,HJ300014,2030-06-21,ZX989417,2029-08-27,2027-06-08,2026-06-14
EMP0663-20260913_210636,Liam,Roberts,webbmitchell@example.org,1975-03-14,01914960159,"Flat 91m
Pugh Brook
Burgessmouth
IG8 7QF",Female,Meadowbrook Community Health NHS Trust,White,Australia,Skilled Worker,Medical,Registrar,Women & Children,SPR,43.14,2026-08-13,2026-09-17,20.0,0.53,HCPC,Bank,Active,XU119725,2030-06-09,FC663355,2031-05-17,2027-09-11,2026-09-03
EMP0664-20260913_210636,David,Allen,harrisgregory@example.com,1964-03-15,028 9018164,"379 Slater Pass
Taylorland
E6 9YJ",Female,Midlands Central Hospitals NHS Trust,Asian,China,Skilled Worker,Medical,GP,Surgery & Cancer,GP,53.15,2022-07-02,2022-08-06,30.0,0.8,NMC,Bank,Inactive,JF539449,2027-07-31,PZ545863,2031-03-05,2027-07-18,2022-07-23
EMP0665-20260913_210636,Megan,Clarke,sampalmer@example.org,1964-07-06,+44(0)113 496 0175,"Flat 49C
Damien Crossroad
Gibsonchester
NG90 7RB",Female,Broadfield Clinical Services NHS Trust,Asian,India,Dependent,Medical,GP,Critical Care & Anaesthesia,GP,46.37,2025-05-23,2025-06-20,18.75,0.5,NMC,Bank,Inactive,KS040000,2027-01-27,ID767867,2029-07-28,2026-09-16,2025-06-13
EMP0666-20260913_210636,Victor,Tyler,allan65@example.com,1993-05-19,+44117 4960965,"Studio 51W
Farmer Summit
West Hayley
BH5 4WR",Female,Southgate Community & Mental Health NHS Trust,Asian,India,Skilled Worker,Medical,Registrar,Surgery & Cancer,SPR,36.13,2019-01-04,2019-02-01,18.75,0.5,GMC,Bank,Inactive,JU927891,2030-09-06,XU001868,2029-04-26,2027-05-04,2019-01-25
EMP0667-20260913_210636,Nathan,Wilson,vwatson@example.org,1963-05-10,+44114 496 0770,"Flat 5
Rowley Lodge
Toddfurt
G34 8AP",Male,Bluewater Community & Rehabilitation NHS Trust,Asian,China,Skilled Worker,Nursing,Staff Nurse,Women & Children,5,19.89,2021-12-04,2022-01-15,18.75,0.5,None,Permanent,Active,UC693298,2030-09-13,SK310561,2030-01-30,2026-10-29,2021-12-25
EMP0668-20260913_210636,Clare,Robertson,joel20@example.com,1997-12-11,(020)74960475,"5 Rita Branch
Northview
GY26 1JF",Male,Broadfield Clinical Services NHS Trust,Black,Trinidad and Tobago,British Citizen,Medical,GP,Medicine & Acute Care,GP,59.73,2018-08-02,2018-08-30,15.0,0.4,GMC,Bank,On Leave,MG754189,2028-09-08,PY947396,2029-10-09,2026-10-22,2018-08-23
EMP0669-20260913_210636,Dylan,Hughes,ggill@example.com,1969-03-24,+44(0)909 8790821,"Studio 5
Gardner Via
Carrport
L9 3LZ",Female,Greenhaven Acute & Specialist Care NHS Trust,Asian,China,British Citizen,Medical,SHO,Clinical Support Services,SHO,29.67,2024-07-30,2024-08-27,15.0,0.4,HCPC,Fixed Term,Active,NN356788,2028-04-13,OW396443,2030-09-12,2027-05-06,2024-08-20
EMP0670-20260913_210636,Irene,Cox,istewart@example.org,1978-05-31,01184960213,"Studio 46x
Arthur Court
New Karen
N7 2HZ",Male,Westborough Acute Care NHS Trust,Mixed,Ghana,British Citizen,Medical,Consultant,Medicine & Acute Care,CONS,52.26,2022-06-09,2022-07-07,15.0,0.4,GMC,Permanent,Suspended,OT852128,2030-01-07,BI676734,2031-08-16,2027-04-13,2022-06-30
EMP0671-20260913_210636,Sheila,Marshall,hgreenwood@example.net,1965-08-24,+44(0)1184960277,"Studio 40r
Smith Prairie
New Brianland
BB60 4FJ",Female,Greenhaven Acute & Specialist Care NHS Trust,Asian,China,Skilled Worker,AHP,Physiotherapist,Clinical Support Services,6,23.43,2019-01-05,2019-02-16,15.0,0.4,HCPC,Permanent,On Leave,WV353283,2027-11-21,FL527296,2031-08-21,2027-03-19,2019-01-26
EMP0672-20260913_210636,Donna,Vaughan,slaterrachael@example.net,1995-09-23,+44(0)8081570330,"Studio 82N
Ward Station
Hendersonburgh
DD95 1GN",Male,Horizon Integrated Health Partnership NHS Trust,Mixed,Kenya,ILR,Nursing,Staff Nurse,Medicine & Acute Care,5,23.08,2020-08-27,2020-09-24,30.0,0.8,GMC,Fixed Term,Active,JH864578,2028-01-05,DQ090735,2027-06-27,2026-11-09,2020-09-17
EMP0673-20260913_210636,Vanessa,Pearson,arthur47@example.net,1974-03-02,+44115 4960933,"Studio 61
Rosemary Alley
Tinaton
ME01 0ZF",Male,Southgate Community & Mental Health NHS Trust,Mixed,Thailand,British Citizen,Admin,Receptionist,Emergency & Urgent Care,3,14.71,2020-12-05,2021-01-02,30.0,0.8,NMC,Permanent,Suspended,UZ818103,2031-05-02,LQ877126,2026-11-30,2026-11-26,2020-12-26
EMP0674-20260913_210636,Christian,Allen,butlermatthew@example.org,1965-04-10,0121 4960781,"5 Clarke Land
Parrymouth
N2U 8JU",Female,Oakridge Community Services NHS Trust,White,New Zealand,ILR,Medical,FY1/FY2,Emergency & Urgent Care,FY1,21.02,2025-05-31,2025-06-28,30.0,0.8,HCPC,Fixed Term,Inactive,KQ734893,2027-10-25,KN370105,2030-05-17,2026-12-11,2025-06-21
EMP0675-20260913_210636,Glenn,Ali,jcollins@example.org,2002-11-13,(0191) 4960629,"9 Sandra Throughway
New Victoriachester
HA4 0LP",Female,Midlands Central Hospitals NHS Trust,Black,South Africa,ILR,Medical,SHO,Medicine & Acute Care,SHO,25.61,2019-06-29,2019-07-27,20.0,0.53,HCPC,Permanent,Active,OP984045,2030-03-28,VV734440,2027-09-01,2027-02-25,2019-07-20
EMP0676-20260913_210636,Julie,Fisher,jbegum@example.net,1998-08-24,01632 960 780,"Studio 89T
Georgia Crossing
Hillhaven
M5 8RA",Male,Riverbank General Hospitals NHS Trust,White,Canada,Dependent,Nursing,Healthcare Assistant,Women & Children,2,12.51,2016-11-06,2016-12-04,30.0,0.8,NMC,Fixed Term,Inactive,TK957682,2027-05-08,QO001795,2031-07-05,2027-08-28,2016-11-27
EMP0677-20260913_210636,Colin,Roberts,carolelewis@example.com,1974-08-26,(0113)4960254,"Studio 1
Green Ferry
West Fionafurt
W9J 7FX",Female,Southvale Hospitals NHS Trust,Asian,Thailand,ILR,Medical,FY1/FY2,Critical Care & Anaesthesia,FY1,19.76,2026-02-25,2026-04-01,15.0,0.4,HCPC,Fixed Term,Suspended,OF130280,2030-03-19,LB593533,2026-09-17,2026-10-13,2026-03-18
EMP0678-20260913_210636,Jacqueline,Hodgson,antonymorgan@example.org,1979-05-17,+441632 960335,"Flat 49
Ruth Drive
New Emilyton
LL50 4NR",Female,Greenhaven Acute & Specialist Care NHS Trust,Mixed,Japan,Dependent,Medical,Consultant,Corporate Services,CONS,55.91,2019-04-19,2019-05-24,15.0,0.4,HCPC,Permanent,On Leave,YM605897,2028-12-06,BU038742,2030-10-24,2026-09-29,2019-05-10
EMP0679-20260913_210636,Connor,Lowe,kerry35@example.net,1987-11-11,0121 4960842,"Studio 50
Richards Glen
South Karl
PL0V 6LQ",Female,Westmere Community Health NHS Trust,Black,Kenya,ILR,Nursing,Senior Staff Nurse,Critical Care & Anaesthesia,6,23.61,2025-08-17,2025-09-21,15.0,0.4,HCPC,Bank,Suspended,BR124309,2031-07-24,SG311369,2031-05-19,2027-07-26,2025-09-07
EMP0680-20260913_210636,Gary,Booth,gerard12@example.net,1982-04-25,+44(0)8081570978,"Flat 11s
Jeffrey Walks
Mariaborough
EX7 3HR",Male,Northshire University Hospitals NHS Trust,Black,Kenya,ILR,AHP,Physiologist,Medicine & Acute Care,6,25.49,2022-06-09,2022-07-21,30.0,0.8,HCPC,Permanent,On Leave,HW952316,2027-04-17,SG188648,2029-04-01,2027-02-07,2022-06-30
EMP0681-20260913_210636,Leonard,Price,williamsdennis@example.net,1991-04-24,+44808 1570069,"277 Wilson Wells
Port Gerald
WC7 4BW",Male,Westmere Community Health NHS Trust,White,United States,British Citizen,AHP,Speech Therapist,Clinical Support Services,6,27.77,2024-05-04,2024-06-08,20.0,0.53,GMC,Bank,Inactive,NS603999,2029-09-18,BP136997,2027-11-30,2027-07-08,2024-05-25
EMP0682-20260913_210636,Douglas,Hewitt,heather91@example.net,1983-08-21,0115 496 0165,"4 Nathan Key
Kateview
N4T 8US",Female,Lakeside District Hospitals NHS Trust,Black,Jamaica,Skilled Worker,Nursing,Ward Manager,Women & Children,8A,35.25,2022-07-13,2022-08-17,18.75,0.5,None,Fixed Term,Suspended,XN754517,2027-12-28,QE808780,2031-06-23,2027-08-08,2022-08-03
EMP0683-20260913_210636,Samantha,Fletcher,joel53@example.net,1971-10-07,08081570880,"Studio 05
Taylor Ranch
Port Lynneview
G50 0FL",Female,Valleyview Mental Wellness NHS Trust,Mixed,Nigeria,Dependent,Nursing,Ward Manager,Clinical Support Services,8A,29.33,2022-03-02,2022-03-30,20.0,0.53,NMC,Fixed Term,Active,TG805751,2027-09-14,YI825806,2030-12-02,2027-03-18,2022-03-23
EMP0684-20260913_210636,Judith,Stephens,readjanice@example.com,1986-09-24,+44116 4960523,"Flat 37
Allan Springs
Alexandershire
W18 8ZT",Female,Lakeside District Hospitals NHS Trust,Asian,China,Skilled Worker,Admin,Receptionist,Clinical Support Services,3,15.6,2018-09-03,2018-10-01,18.75,0.5,None,Permanent,On Leave,AV927402,2027-06-29,NL984317,2030-05-10,2027-01-06,2018-09-24
EMP0685-20260913_210636,Sharon,Jones,qahmed@example.com,1961-08-10,+44(0)1174960641,"Flat 93
Miller Mill
North Rosie
W7 0QQ",Male,Eastmoor Teaching Hospitals NHS Trust,Black,Jamaica,Skilled Worker,AHP,Occupational Therapist,Surgery & Cancer,6,23.43,2017-04-11,2017-05-23,15.0,0.4,NMC,Fixed Term,Inactive,OE704953,2028-01-08,BZ563174,2030-12-27,2027-01-21,2017-05-02
EMP0686-20260913_210636,Duncan,Lowe,jdavies@example.org,1991-05-09,0289018143,"Flat 8
Shaw Track
Donaldtown
M3F 9PX",Male,Southgate Community & Mental Health NHS Trust,Asian,India,British Citizen,Medical,GP,Medicine & Acute Care,GP,46.32,2022-12-12,2023-01-16,20.0,0.53,HCPC,Permanent,Inactive,BQ622808,2028-10-15,JL941554,2029-05-11,2027-03-11,2023-01-02
EMP0687-20260913_210636,Elliott,Price,holmesteresa@example.net,1978-01-05,01614960919,"505 Nicholson Forge
North Bethany
DT83 7FS",Male,Hillcrest Medical Centres NHS Trust,Asian,China,Dependent,Medical,FY1/FY2,Critical Care & Anaesthesia,FY1,18.47,2021-09-13,2021-10-25,18.75,0.5,NMC,Bank,Inactive,XT854931,2031-04-22,SV438402,2029-09-04,2027-07-13,2021-10-04
EMP0688-20260913_210636,Alan,Hawkins,marianhunt@example.org,2000-05-28,+441914960335,"8 Foster Summit
North Sian
S4W 3QY",Male,Eastmoor Teaching Hospitals NHS Trust,Asian,Japan,ILR,AHP,Physiologist,Medicine & Acute Care,6,27.95,2017-09-14,2017-10-12,15.0,0.4,NMC,Fixed Term,Inactive,QM924709,2028-10-28,UA509308,2030-03-31,2027-06-06,2017-10-05
EMP0689-20260913_210636,Shirley,Reed,swilliams@example.org,2006-01-10,+44(0)292018866,"Flat 46W
Martin Springs
Dayport
RM63 7AS",Female,Eastfield Psychological Services NHS Trust,White,Canada,Dependent,Admin,Medical Secretary,Corporate Services,4,17.91,2022-02-05,2022-03-19,30.0,0.8,GMC,Bank,Suspended,UN190577,2029-10-29,KJ734530,2029-12-01,2027-02-26,2022-02-26
EMP0690-20260913_210636,Claire,Greenwood,abigail63@example.net,1971-12-06,+44(0)116 4960894,"Studio 9
Graham River
West Debraberg
TW1 8FY",Female,Bluewater Community & Rehabilitation NHS Trust,Black,Trinidad and Tobago,British Citizen,Medical,FY1/FY2,Corporate Services,FY1,19.31,2022-09-26,2022-11-07,18.75,0.5,NMC,Fixed Term,Inactive,VU224836,2031-01-01,RO838396,2029-09-28,2027-05-13,2022-10-17
EMP0691-20260913_210636,Stanley,Hughes,garethhughes@example.com,2003-11-02,(0151) 4960997,"615 Richards Spur
West Bethan
E2 4YA",Male,Horizon Integrated Health Partnership NHS Trust,White,United States,ILR,AHP,Physiotherapist,Women & Children,6,24.33,2024-08-26,2024-09-23,15.0,0.4,NMC,Fixed Term,Inactive,TC718468,2030-05-08,GL961210,2027-02-27,2027-05-05,2024-09-16
EMP0692-20260913_210636,Stephanie,Hayes,odonnellrachael@example.net,2007-12-06,(0113) 496 0370,"Studio 11g
Moore Meadow
East Francis
NN47 2UT",Male,Greenhaven Acute & Specialist Care NHS Trust,Mixed,New Zealand,British Citizen,Nursing,Senior Staff Nurse,Corporate Services,6,23.27,2026-08-28,2026-09-25,18.75,0.5,None,Bank,On Leave,YQ403064,2029-08-09,PP106656,2030-12-07,2027-07-01,2026-09-18
EMP0693-20260913_210636,Marcus,White,toby13@example.net,1976-09-06,029 2018 0771,"Studio 2
Lawrence Unions
New Amber
SY6 8YT",Female,Westborough Acute Care NHS Trust,White,Australia,Dependent,AHP,Physiotherapist,Clinical Support Services,6,23.18,2023-09-16,2023-10-14,37.5,1.0,NMC,Bank,Inactive,SY843486,2029-04-19,IS132020,2027-08-18,2027-05-16,2023-10-07
EMP0694-20260913_210636,Phillip,Brown,hiltonshirley@example.org,1985-12-28,(020)74960338,"0 Lewis Village
Port Gerard
S8 1QW",Male,Hillcrest Medical Centres NHS Trust,Black,Kenya,Dependent,Nursing,Ward Manager,Medicine & Acute Care,8A,30.95,2020-04-08,2020-05-13,20.0,0.53,None,Bank,Suspended,OI911662,2028-03-27,EN884695,2030-05-12,2026-11-15,2020-04-29
EMP0695-20260913_210636,Nicole,Green,dominic06@example.com,1966-07-17,0191 4960182,"Flat 71
Gordon Landing
New Naomibury
G6 9UF",Female,Eastfield Psychological Services NHS Trust,White,Australia,British Citizen,Nursing,Nursery Nurse,Women & Children,2,12.89,2023-05-11,2023-06-08,15.0,0.4,None,Bank,Active,AC606746,2028-09-13,YN460014,2029-08-22,2027-08-28,2023-06-01
EMP0696-20260913_210636,Pauline,Davies,chadwickdaniel@example.org,2008-09-01,(0117)4960876,"2 Marilyn Cliffs
Nolanberg
TF6 1PR",Female,Southgate Community & Mental Health NHS Trust,Asian,India,ILR,Nursing,Staff Nurse,Women & Children,5,23.04,2016-10-13,2016-11-10,37.5,1.0,GMC,Permanent,On Leave,ZI233550,2030-09-12,YH230545,2030-01-23,2027-09-12,2016-11-03
EMP0697-20260913_210636,Danny,Blake,wilsondanny@example.com,1984-06-06,0909 8790516,"Studio 9
Nixon Mill
New Lindabury
S9D 4EQ",Male,Hillcrest Medical Centres NHS Trust,Black,Ghana,Skilled Worker,Medical,SHO,Corporate Services,SHO,27.35,2022-11-02,2022-12-07,15.0,0.4,None,Bank,Active,ZJ390098,2031-05-17,VL122967,2028-03-07,2027-05-03,2022-11-23
EMP0698-20260913_210636,Jonathan,Smith,allenmarcus@example.org,1994-11-28,+44(0)8081570973,"229 Vanessa Via
Gibsonfurt
W51 3NA",Male,Westborough Acute Care NHS Trust,Black,South Africa,Skilled Worker,Nursing,Senior Staff Nurse,Medicine & Acute Care,6,28.06,2016-10-08,2016-11-05,15.0,0.4,GMC,Permanent,Suspended,EU023907,2029-06-19,YU011034,2031-02-06,2026-10-17,2016-10-29
EMP0699-20260913_210636,Brian,Cooper,cartermichael@example.org,1978-07-29,+449098790510,"Studio 89
Malcolm Grove
Gavinport
KY40 3GR",Male,Hillcrest Medical Centres NHS Trust,Asian,Thailand,Dependent,AHP,Speech Therapist,Surgery & Cancer,6,25.0,2016-12-22,2017-01-19,37.5,1.0,None,Bank,On Leave,KX310282,2031-02-13,HK491338,2030-03-07,2027-08-12,2017-01-12
EMP0700-20260913_210636,Mandy,Harrison,xmorris@example.org,2000-03-23,028 9018 0941,"Flat 69C
Craig Road
Port Barry
CW5 9RN",Male,Lakeside District Hospitals NHS Trust,Black,Trinidad and Tobago,British Citizen,AHP,Physiotherapist,Clinical Support Services,6,23.77,2020-01-30,2020-03-12,20.0,0.53,HCPC,Bank,On Leave,FR391001,2026-10-01,IA698955,2030-04-21,2027-04-23,2020-02-20
EMP0701-20260913_210636,Alex,Reynolds,maxmitchell@example.org,1967-09-24,(0909) 8790115,"Flat 27
Lucas Crossroad
East Mark
W4T 0NF",Female,Southgate Community & Mental Health NHS Trust,Black,Ghana,Dependent,Medical,Consultant,Critical Care & Anaesthesia,CONS,65.83,2023-09-15,2023-10-20,30.0,0.8,NMC,Permanent,Suspended,QX393846,2031-07-12,SP842836,2029-03-07,2027-01-02,2023-10-06
EMP0702-20260913_210636,Brett,Evans,damien03@example.com,1976-05-02,+4429 2018 0420,"Studio 87
Laura Plains
Turnerburgh
S6 3DD",Female,Bluewater Community & Rehabilitation NHS Trust,White,New Zealand,Dependent,Medical,Consultant,Corporate Services,CONS,70.48,2025-01-30,2025-02-27,20.0,0.53,GMC,Fixed Term,Active,WO218382,2030-10-04,JJ085268,2027-12-05,2027-07-04,2025-02-20
EMP0703-20260913_210636,Edward,McLean,karl42@example.org,2004-03-12,(029) 2018089,"Flat 4
Pearce Forest
Lake Jemma
N0U 5BJ",Male,Midlands Central Hospitals NHS Trust,White,Canada,Dependent,Medical,GP,Clinical Support Services,GP,55.85,2017-09-16,2017-10-21,20.0,0.53,HCPC,Permanent,On Leave,HA410796,2029-12-03,JJ324697,2026-11-23,2027-01-12,2017-10-07
EMP0704-20260913_210636,Mary,Singh,cameronfrancis@example.com,1991-04-21,+44(0)1414960636,"Flat 91
Guy Springs
Millsberg
BN54 5NL",Female,Eastfield Psychological Services NHS Trust,Asian,India,British Citizen,AHP,Radiographer,Medicine & Acute Care,6,28.04,2025-10-09,2025-11-06,15.0,0.4,HCPC,Bank,Active,TQ988085,2026-12-29,GB319016,2030-10-10,2026-12-02,2025-10-30
EMP0705-20260913_210636,Toby,Swift,wattsscott@example.com,1966-07-02,+44(0)8081570473,"Studio 69
Wells Crossroad
New Reeceport
L9T 5QG",Male,Greenhaven Acute & Specialist Care NHS Trust,Mixed,China,ILR,Admin,Medical Secretary,Women & Children,4,17.34,2018-08-29,2018-10-10,18.75,0.5,None,Bank,On Leave,YP070219,2030-06-15,RE108950,2026-12-03,2027-01-02,2018-09-19
EMP0706-20260913_210636,Mohammed,Osborne,wilkinsonanna@example.com,1968-03-01,01164960111,"609 Natasha Trace
Williamsport
KW3A 8LJ",Male,Westmere Community Health NHS Trust,Black,Barbados,ILR,AHP,Occupational Therapist,Emergency & Urgent Care,6,25.15,2018-07-09,2018-08-13,20.0,0.53,None,Permanent,Suspended,BW511570,2031-06-19,VT228209,2027-05-25,2027-01-31,2018-07-30
EMP0707-20260913_210636,Diane,Humphries,joanne60@example.net,1967-03-15,0808 157 0857,"Flat 3
White Radial
Port Albert
L36 8HX",Male,Riverside Integrated Care NHS Trust,Black,Nigeria,Dependent,AHP,Pharmacist,Women & Children,5,23.08,2021-04-13,2021-05-25,18.75,0.5,HCPC,Permanent,Active,FV402007,2028-07-10,QU754291,2030-05-08,2027-05-23,2021-05-04
EMP0708-20260913_210636,Amber,Rice,duncanshort@example.com,1984-08-15,+44(0)115 4960760,"Studio 63
Billy Ridge
North Leanneview
S0A 6BT",Male,Eastmoor Teaching Hospitals NHS Trust,Asian,China,Dependent,Nursing,Ward Manager,Clinical Support Services,8A,35.15,2022-09-16,2022-10-28,20.0,0.53,HCPC,Fixed Term,Suspended,TV920365,2029-04-22,FL353674,2028-05-26,2027-07-28,2022-10-07
EMP0709-20260913_210636,Stuart,Cooke,geraldine98@example.org,1973-11-15,(0151) 4960903,"Flat 3
Lynn Meadow
East Alan
L3 7PP",Female,Westborough Acute Care NHS Trust,Black,South Africa,British Citizen,AHP,Physiotherapist,Medicine & Acute Care,6,23.92,2026-09-10,2026-10-08,30.0,0.8,NMC,Permanent,On Leave,QW049027,2030-05-19,UO974814,2030-09-26,2026-11-27,2026-10-01
EMP0710-20260913_210636,Ian,Edwards,robertsgeraldine@example.com,2001-12-25,+44(0)306 999 0117,"0 Parkes Points
Lisaview
SY8E 5AE",Female,Oakridge Community Services NHS Trust,Asian,Japan,British Citizen,Nursing,Staff Nurse,Women & Children,5,19.59,2017-02-03,2017-03-03,37.5,1.0,NMC,Fixed Term,On Leave,WS964768,2029-06-12,DC648476,2029-05-04,2026-12-30,2017-02-24
EMP0711-20260913_210636,David,Griffiths,caroldouglas@example.net,1982-09-22,(0909) 879 0615,"850 Jodie Shoal
Port Tony
DG4N 0PS",Female,Valleyview Mental Wellness NHS Trust,White,Canada,ILR,Admin,Medical Secretary,Critical Care & Anaesthesia,4,16.21,2017-03-31,2017-04-28,20.0,0.53,NMC,Permanent,Active,IV954291,2030-12-16,EK744045,2028-03-08,2027-04-08,2017-04-21
EMP0712-20260913_210636,Peter,Wall,qfoster@example.org,2005-12-28,0289018649,"Flat 40n
Brookes Fork
North Jessicaville
B6F 1GS",Male,Southgate Community & Mental Health NHS Trust,White,United States,Dependent,Medical,Registrar,Women & Children,SPR,33.46,2020-12-25,2021-01-22,20.0,0.53,None,Bank,Suspended,NX748397,2028-02-12,YP742721,2028-12-26,2027-03-12,2021-01-15
EMP0713-20260913_210636,Danny,Ferguson,udavies@example.org,1971-03-13,0808 157 0928,"96 Brown Place
Jasonland
SW1 3PE",Female,Eastfield Psychological Services NHS Trust,Mixed,Jamaica,ILR,Admin,Administrator,Surgery & Cancer,3,16.13,2020-10-31,2020-12-05,37.5,1.0,NMC,Bank,Inactive,IL479855,2028-07-08,BV034426,2028-02-15,2027-08-06,2020-11-21
EMP0714-20260913_210636,Carl,Jones,marilyn71@example.org,2003-12-27,(0118)4960721,"Flat 4
Williamson Centers
New Abigail
W4 6WN",Male,Bluewater Community & Rehabilitation NHS Trust,Mixed,Japan,ILR,Nursing,Staff Nurse,Corporate Services,5,18.98,2018-07-30,2018-08-27,20.0,0.53,HCPC,Permanent,On Leave,AR061691,2028-09-24,QW721249,2026-11-21,2027-04-16,2018-08-20
EMP0715-20260913_210636,Rhys,Brown,peterscarly@example.net,1994-08-19,(0118) 4960427,"00 Ashleigh Throughway
South Nigel
DH43 0UD",Male,Bluewater Community & Rehabilitation NHS Trust,Black,Barbados,ILR,Medical,FY1/FY2,Emergency & Urgent Care,FY1,18.7,2025-06-27,2025-08-01,15.0,0.4,HCPC,Fixed Term,Suspended,KC661868,2029-01-29,QO448993,2030-02-02,2026-10-20,2025-07-18
EMP0716-20260913_210636,Joe,Flynn,icarter@example.net,1986-02-12,+44306 9990134,"3 Kim Court
Lake Francis
TS84 4GJ",Female,Southgate Community & Mental Health NHS Trust,Mixed,Barbados,Skilled Worker,Nursing,Healthcare Assistant,Clinical Support Services,2,13.2,2023-02-02,2023-03-16,37.5,1.0,NMC,Bank,Inactive,KF154956,2028-09-13,JK950488,2027-12-28,2027-04-10,2023-02-23
EMP0717-20260913_210636,Scott,Johnson,robertskathryn@example.com,1974-05-03,+44(0)117 496 0075,"Studio 2
Donna Row
Dayfort
S3U 3FR",Female,Westborough Acute Care NHS Trust,White,Australia,Dependent,Admin,Medical Secretary,Clinical Support Services,4,16.93,2025-09-19,2025-10-31,20.0,0.53,None,Fixed Term,Active,ZP732594,2031-02-06,PR070704,2027-05-06,2026-09-15,2025-10-10
EMP0718-20260913_210636,Trevor,Begum,swatson@example.net,1969-07-19,(0161)4960538,"3 Leslie Hollow
North Callumland
FY4 6WA",Male,Eastfield Psychological Services NHS Trust,White,Canada,British Citizen,AHP,Speech Therapist,Women & Children,6,23.91,2016-10-06,2016-11-17,37.5,1.0,HCPC,Bank,Active,EG500936,2029-11-29,NC941513,2029-01-14,2026-11-15,2016-10-27
EMP0719-20260913_210636,Victoria,Robinson,dickinsontony@example.net,1993-01-01,(0161) 496 0394,"607 Wells Course
East Adrianshire
KT56 0XD",Female,Eastmoor Teaching Hospitals NHS Trust,Black,Ghana,British Citizen,Admin,Data Analyst,Medicine & Acute Care,8A,30.78,2024-09-10,2024-10-08,30.0,0.8,GMC,Bank,Inactive,CJ959551,2029-10-24,VY953961,2027-08-11,2026-10-28,2024-10-01
EMP0720-20260913_210636,Dennis,Adams,debramarshall@example.com,1964-07-14,+44(0)20 74960837,"Flat 03V
Terry Crest
New Terry
BS69 8ER",Male,Southvale Hospitals NHS Trust,Asian,Thailand,Skilled Worker,Admin,Data Analyst,Clinical Support Services,8A,32.79,2025-01-09,2025-02-13,20.0,0.53,NMC,Fixed Term,On Leave,RG938809,2027-04-29,MC486063,2030-03-24,2027-08-10,2025-01-30
EMP0721-20260913_210636,Leah,Brown,pfreeman@example.net,1997-11-20,0118 4960100,"236 Greenwood View
Lake Thomas
PH9P 6RT",Male,Greenhaven Acute & Specialist Care NHS Trust,Asian,Thailand,Dependent,AHP,Pharmacist,Emergency & Urgent Care,5,21.94,2023-11-20,2023-12-18,37.5,1.0,HCPC,Fixed Term,Active,BD153781,2031-03-21,YW069170,2030-04-14,2027-02-07,2023-12-11
EMP0722-20260913_210636,Dominic,Thompson,alice88@example.com,1972-02-06,01632960761,"Flat 81
Allen Overpass
East Justin
N8W 6YN",Male,Eastmoor Teaching Hospitals NHS Trust,Asian,Japan,British Citizen,AHP,Radiographer,Surgery & Cancer,6,24.34,2023-02-15,2023-03-15,20.0,0.53,NMC,Permanent,On Leave,DO647673,2029-04-27,AK407175,2031-03-01,2027-03-17,2023-03-08
EMP0723-20260913_210636,Catherine,Chapman,gnicholson@example.com,2003-07-20,020 7946 0000,"Studio 54e
Geraldine Creek
East Ellie
TF0E 5QY",Male,Northwood Mental Health NHS Trust,White,United States,Skilled Worker,Admin,Receptionist,Women & Children,3,16.01,2026-07-26,2026-08-23,30.0,0.8,None,Bank,Active,UO698778,2031-04-05,HH477850,2030-10-12,2027-02-26,2026-08-16
EMP0724-20260913_210636,Elliott,James,briggsfrances@example.com,1993-08-18,+4428 9018601,"Studio 16p
Price Groves
Colemanport
L1F 0AU",Male,Westmere Community Health NHS Trust,Asian,Thailand,Skilled Worker,Medical,GP,Clinical Support Services,GP,59.24,2017-02-02,2017-03-09,20.0,0.53,HCPC,Permanent,Inactive,XT499420,2029-09-09,GJ197948,2030-10-06,2027-01-21,2017-02-23
EMP0725-20260913_210636,Julian,Doyle,lgray@example.org,1994-07-26,(0113)4960785,"279 Hayes Summit
Marionborough
WD8 5RS",Female,Horizon Integrated Health Partnership NHS Trust,White,Australia,Dependent,Admin,Receptionist,Critical Care & Anaesthesia,3,14.43,2020-04-02,2020-05-07,18.75,0.5,HCPC,Permanent,Suspended,IM842173,2028-08-24,LF162471,2030-05-17,2026-09-27,2020-04-23
EMP0726-20260913_210636,Shannon,Owen,matthew90@example.net,1979-07-31,+44161 4960066,"Studio 39F
Martin Throughway
Dylanchester
IV9 1XX",Male,Midlands Central Hospitals NHS Trust,Mixed,Barbados,British Citizen,Admin,Receptionist,Surgery & Cancer,3,15.52,2021-08-18,2021-09-15,37.5,1.0,GMC,Fixed Term,Inactive,YH116248,2031-05-21,LX588563,2029-10-13,2027-01-20,2021-09-08
EMP0727-20260913_210636,Beverley,Wilkins,katysanderson@example.com,2007-10-29,+44306 999 0329,"Studio 3
Stephens Lake
Gilbertview
M3 2HU",Male,Valleyview Mental Wellness NHS Trust,Black,Trinidad and Tobago,Dependent,Nursing,Healthcare Assistant,Surgery & Cancer,2,13.25,2017-04-28,2017-06-09,18.75,0.5,HCPC,Bank,Suspended,ZT397380,2030-04-27,DU415642,2026-12-25,2027-05-19,2017-05-19
EMP0728-20260913_210636,Natasha,Cunningham,thompsongary@example.net,1992-10-06,(0808) 157 0833,"Studio 38
Richard Mountains
Bishopburgh
LE0 6TL",Male,Bluewater Community & Rehabilitation NHS Trust,Mixed,Nigeria,British Citizen,Nursing,Healthcare Assistant,Critical Care & Anaesthesia,2,13.59,2024-06-17,2024-07-15,20.0,0.53,GMC,Fixed Term,On Leave,JF877134,2027-12-23,HO199297,2030-04-15,2026-10-20,2024-07-08
EMP0729-20260913_210636,Lindsey,Watson,carl08@example.com,1966-12-21,(01632) 960715,"Flat 76
Scott Plaza
West Lydia
CF1N 7YJ",Male,Westborough Acute Care NHS Trust,Black,Nigeria,Skilled Worker,Medical,GP,Clinical Support Services,GP,46.6,2023-06-08,2023-07-20,37.5,1.0,HCPC,Bank,Inactive,JL795877,2030-04-16,TL381059,2028-04-25,2027-05-26,2023-06-29
EMP0730-20260913_210636,Sean,Rice,charles95@example.org,1980-07-12,+44115 4960466,"Studio 7
Bibi Divide
West Julieborough
L1H 9QA",Male,Horizon Integrated Health Partnership NHS Trust,Black,Kenya,Skilled Worker,Medical,SHO,Corporate Services,SHO,24.49,2025-11-16,2025-12-21,20.0,0.53,GMC,Permanent,Inactive,SV846220,2029-01-31,TI787727,2027-07-17,2026-10-03,2025-12-07
EMP0731-20260913_210636,Andrea,Jones,mandy49@example.org,1998-06-29,0114 4960543,"Flat 9
Nixon Stravenue
Port Joannefurt
IV17 0QA",Male,Riverbank General Hospitals NHS Trust,Black,Trinidad and Tobago,ILR,AHP,Pharmacist,Medicine & Acute Care,5,23.01,2017-10-17,2017-11-21,20.0,0.53,GMC,Fixed Term,Active,ZY697875,2030-07-24,AI796923,2027-09-01,2027-01-30,2017-11-07
EMP0732-20260913_210636,Katherine,Gibbons,rosievincent@example.com,2002-12-14,+441214960845,"Flat 1
Cooper Knolls
Declanside
BR3Y 5BZ",Male,Southgate Community & Mental Health NHS Trust,Black,Ghana,British Citizen,Admin,Administrator,Emergency & Urgent Care,3,13.67,2019-01-06,2019-02-10,18.75,0.5,None,Permanent,Active,AX114460,2027-11-24,GM341294,2029-11-10,2026-10-24,2019-01-27
EMP0733-20260913_210636,Scott,Patel,brownkayleigh@example.net,1979-08-31,(0808) 1570407,"8 Justin Gateway
New Abbieburgh
BD0 1WJ",Female,Meadowbrook Community Health NHS Trust,Mixed,United States,Skilled Worker,Medical,SHO,Clinical Support Services,SHO,27.6,2018-10-01,2018-11-05,18.75,0.5,GMC,Permanent,Suspended,LB065753,2030-01-26,KO608688,2026-09-18,2027-06-24,2018-10-22
EMP0734-20260913_210636,Leslie,Nash,ytaylor@example.net,1961-03-22,+44306 999 0538,"Studio 6
Bentley Locks
West Jakebury
W1 6NZ",Male,Bluewater Community & Rehabilitation NHS Trust,White,United Kingdom,Skilled Worker,Nursing,Nursery Nurse,Corporate Services,2,12.48,2019-10-26,2019-12-07,20.0,0.53,None,Fixed Term,Suspended,UI230738,2030-09-28,SU591074,2029-01-31,2027-07-25,2019-11-16
EMP0735-20260913_210636,Tom,Taylor,kthorpe@example.org,1979-04-22,(0117) 496 0376,"Flat 45
Ann Dam
West Sharon
S3 4SE",Male,Eastfield Psychological Services NHS Trust,Asian,Thailand,British Citizen,Admin,Medical Secretary,Corporate Services,4,18.91,2021-10-12,2021-11-09,20.0,0.53,None,Fixed Term,Active,PL971980,2028-03-01,BX146826,2029-12-09,2027-05-20,2021-11-02
EMP0736-20260913_210636,Scott,King,harrybarnes@example.org,1983-02-07,+44(0)1214960286,"719 Smith Stream
Greenberg
L28 4FN",Female,Lakeside District Hospitals NHS Trust,Asian,Thailand,Dependent,Admin,Medical Secretary,Women & Children,4,15.85,2020-03-03,2020-03-31,20.0,0.53,None,Permanent,Active,WN967390,2028-07-22,TR349480,2027-12-03,2027-02-25,2020-03-24
EMP0737-20260913_210636,Liam,Moore,elliottmurray@example.com,1991-11-21,(0113) 496 0522,"38 Evans Run
Potterville
E30 7EW",Male,Greenhaven Acute & Specialist Care NHS Trust,Mixed,Ghana,Dependent,Admin,Administrator,Clinical Support Services,3,16.21,2017-06-05,2017-07-17,20.0,0.53,None,Fixed Term,Suspended,OI484622,2030-05-25,CI652843,2030-04-08,2026-11-22,2017-06-26
EMP0738-20260913_210636,Daniel,Edwards,marianwebster@example.org,1961-08-01,+44(0)117 4960903,"6 Rosie Manor
West Trevor
G03 5YP",Female,Greenhaven Acute & Specialist Care NHS Trust,Mixed,Kenya,Dependent,Nursing,Senior Staff Nurse,Clinical Support Services,6,24.25,2019-05-20,2019-06-24,20.0,0.53,None,Bank,Active,TD003743,2027-08-03,ZD654694,2027-12-16,2026-11-09,2019-06-10
EMP0739-20260913_210636,Martyn,Lee,hollyturner@example.com,1989-12-19,+44(0)1632 960 144,"07 Ryan Burg
Simmonschester
S45 8NL",Female,Eastmoor Teaching Hospitals NHS Trust,Asian,China,British Citizen,Admin,Receptionist,Surgery & Cancer,3,14.54,2019-05-04,2019-06-01,18.75,0.5,HCPC,Bank,Inactive,BC441445,2027-06-03,HK402740,2026-12-21,2027-07-15,2019-05-25
EMP0740-20260913_210636,Beverley,Patel,guyhowell@example.org,1996-10-24,+44191 496 0255,"206 Toby Viaduct
Lake Sallyhaven
LS39 4HG",Male,Meadowbrook Community Health NHS Trust,Mixed,Australia,ILR,AHP,Pharmacist,Corporate Services,5,22.99,2018-09-17,2018-10-15,15.0,0.4,HCPC,Bank,Active,NU560113,2030-01-17,PO129961,2029-06-01,2027-03-05,2018-10-08
EMP0741-20260913_210636,Barry,Simpson,rogerbird@example.org,2004-03-14,+44(0)115 4960588,"07 Morgan Route
Kayleighside
M0G 8NX",Female,Broadfield Clinical Services NHS Trust,Asian,Thailand,British Citizen,Nursing,Charge Nurse,Emergency & Urgent Care,7,26.95,2020-08-05,2020-09-16,15.0,0.4,HCPC,Fixed Term,On Leave,FE938102,2029-04-06,JE551429,2031-04-13,2027-01-17,2020-08-26
EMP0742-20260913_210636,Stephen,Gray,helliott@example.com,1972-01-27,0191 4960632,"782 Gerard Prairie
North Alice
W6A 9GB",Male,Valleyview Mental Wellness NHS Trust,Asian,Thailand,Skilled Worker,Medical,Registrar,Corporate Services,SPR,41.53,2021-06-29,2021-08-10,20.0,0.53,None,Bank,Active,CA530618,2027-02-22,WU103375,2027-03-29,2026-11-02,2021-07-20
EMP0743-20260913_210636,Peter,Carter,sam10@example.org,1968-08-28,+449098790194,"Flat 75
Nolan Inlet
Milesport
S9 0GS",Male,Oakridge Community Services NHS Trust,Black,Kenya,Dependent,Nursing,Healthcare Assistant,Emergency & Urgent Care,2,12.83,2017-10-27,2017-11-24,18.75,0.5,HCPC,Permanent,On Leave,WX634421,2027-12-12,RT196157,2027-06-09,2027-04-01,2017-11-17
EMP0744-20260913_210636,Sean,Dawson,ejohnson@example.net,2007-09-18,(020) 7496 0892,"Flat 66d
Louis Knolls
Woodhaven
LU1 9SW",Male,Oakridge Community Services NHS Trust,Black,Jamaica,ILR,Admin,Receptionist,Corporate Services,3,13.61,2018-07-21,2018-08-25,20.0,0.53,None,Fixed Term,Suspended,AY343742,2028-08-16,AM504619,2028-06-27,2026-10-31,2018-08-11
EMP0745-20260913_210636,Rosie,Williams,hday@example.org,1963-10-20,0151 496 0756,"Flat 7
Angela Neck
Port Sandraborough
SP59 5HD",Male,Northwood Mental Health NHS Trust,White,United States,British Citizen,AHP,Physiologist,Clinical Support Services,6,26.37,2023-05-12,2023-06-23,18.75,0.5,GMC,Bank,Active,JO717489,2030-03-29,KR831421,2031-04-02,2027-05-28,2023-06-02
EMP0746-20260913_210636,Philip,Kemp,abdulburton@example.com,1994-11-06,(0141) 496 0447,"7 Fletcher Stravenue
Lake Dennis
B27 7YL",Female,Eastmoor Teaching Hospitals NHS Trust,Black,Nigeria,ILR,AHP,Physiotherapist,Clinical Support Services,6,25.41,2020-06-28,2020-08-02,20.0,0.53,NMC,Bank,On Leave,YQ876201,2026-10-09,VG639718,2029-08-02,2027-02-02,2020-07-19
EMP0747-20260913_210636,Patrick,Williams,shamilton@example.net,2004-08-30,(0117) 4960502,"Flat 8
Alexandra Ports
Port Patrickton
SG3 0TW",Female,Southvale Hospitals NHS Trust,Asian,Thailand,ILR,AHP,Occupational Therapist,Clinical Support Services,6,27.8,2016-12-05,2017-01-16,18.75,0.5,NMC,Fixed Term,Inactive,MF807911,2031-08-08,LI441059,2030-11-18,2027-04-11,2016-12-26
EMP0748-20260913_210636,Ellie,Matthews,keith09@example.org,2000-09-22,(0306) 999 0765,"9 Kemp Mount
Port Edward
PR49 7QP",Male,Greenhaven Acute & Specialist Care NHS Trust,Black,Kenya,Dependent,Admin,Administrator,Clinical Support Services,3,14.91,2021-06-29,2021-08-03,20.0,0.53,None,Bank,Inactive,ME928660,2030-02-18,OZ165972,2028-02-24,2026-10-17,2021-07-20
EMP0749-20260913_210636,Kenneth,Holden,fjackson@example.net,1974-04-04,+44151 496 0396,"99 Sara Summit
Brandonland
IM7W 2RA",Male,Hillcrest Medical Centres NHS Trust,Asian,China,British Citizen,Nursing,Ward Manager,Critical Care & Anaesthesia,8A,28.58,2020-04-08,2020-05-06,30.0,0.8,NMC,Bank,On Leave,QQ902709,2031-01-14,MU716775,2031-08-11,2027-08-20,2020-04-29
EMP0750-20260913_210636,Shane,Holmes,sedwards@example.org,1964-08-03,0115 4960686,"28 Yvonne Stream
Grayburgh
N0W 9SD",Male,Hillcrest Medical Centres NHS Trust,Mixed,Kenya,Dependent,AHP,Physiotherapist,Clinical Support Services,6,22.82,2024-03-30,2024-05-11,20.0,0.53,HCPC,Permanent,Active,AX346637,2029-12-14,KL159206,2029-10-21,2026-10-03,2024-04-20
EMP0751-20260913_210636,Rebecca,Brown,nbarker@example.net,1992-06-10,+441144960021,"1 Nathan Underpass
West Rogerton
KW1E 9QN",Female,Lakeside District Hospitals NHS Trust,Mixed,New Zealand,British Citizen,AHP,Physiotherapist,Surgery & Cancer,6,26.17,2019-08-23,2019-09-27,30.0,0.8,NMC,Fixed Term,Active,MV380866,2027-10-31,QG957953,2029-06-01,2027-01-24,2019-09-13
EMP0752-20260913_210636,Gerard,Hopkins,stuartrobson@example.com,1963-12-27,(0115)4960791,"Studio 5
Andrew Valley
West Sylviaview
RH45 1DY",Female,Midlands Central Hospitals NHS Trust,Black,Jamaica,Dependent,Medical,GP,Emergency & Urgent Care,GP,56.83,2018-10-06,2018-11-10,18.75,0.5,NMC,Bank,Suspended,NJ350054,2031-05-08,WC385480,2027-04-18,2027-01-26,2018-10-27
EMP0753-20260913_210636,Hazel,Smith,gregory11@example.org,1982-06-30,+44121 4960374,"941 Marsh Turnpike
New Glenn
W97 3FQ",Female,Northwood Mental Health NHS Trust,Mixed,Barbados,Dependent,AHP,Occupational Therapist,Medicine & Acute Care,6,24.78,2017-02-27,2017-04-03,37.5,1.0,None,Bank,Inactive,ZE158010,2027-02-02,DR410869,2030-12-16,2027-01-16,2017-03-20
EMP0754-20260913_210636,Liam,Price,xtaylor@example.net,2001-11-11,0808 1570614,"0 Ali Corners
West Janice
E55 2ZP",Female,Southvale Hospitals NHS Trust,Black,Kenya,Dependent,Nursing,Senior Staff Nurse,Medicine & Acute Care,6,25.66,2019-11-14,2019-12-12,20.0,0.53,None,Permanent,Suspended,ZQ159529,2027-01-29,KD551350,2029-10-30,2026-09-22,2019-12-05
EMP0755-20260913_210636,Sara,Taylor,woodamelia@example.org,1973-06-20,(029) 2018 0287,"Studio 96
Read Rapids
Singhbury
NW1M 7PY",Female,Lakeside District Hospitals NHS Trust,Black,South Africa,Skilled Worker,Admin,Receptionist,Corporate Services,3,16.18,2020-03-11,2020-04-22,18.75,0.5,GMC,Fixed Term,Suspended,FF161568,2029-11-11,WN359554,2030-06-08,2026-12-19,2020-04-01
EMP0756-20260913_210636,Jane,Jordan,leanne04@example.com,1976-12-27,+44306 9990442,"73 Begum Pass
Smithtown
CA1 0NZ",Male,Lakeside District Hospitals NHS Trust,White,Australia,British Citizen,Medical,Consultant,Medicine & Acute Care,CONS,51.17,2021-09-18,2021-10-30,18.75,0.5,HCPC,Bank,On Leave,QU187048,2029-02-11,MR478399,2031-06-05,2027-07-18,2021-10-09
EMP0757-20260913_210636,Joanne,Stevenson,garethburgess@example.com,1994-09-23,+44(0)114 496 0467,"400 Anne Cape
Pattersonfort
E1 0LX",Male,Northshire University Hospitals NHS Trust,Black,Kenya,Dependent,Admin,Medical Secretary,Clinical Support Services,4,18.05,2026-01-31,2026-02-28,20.0,0.53,None,Bank,On Leave,SF308086,2028-03-29,PF035310,2028-09-07,2027-08-14,2026-02-21
EMP0758-20260913_210636,Katherine,Kelly,steven68@example.org,2003-05-30,(0115) 496 0224,"457 Rhys Squares
Arthurshire
LN7 4FF",Male,Horizon Integrated Health Partnership NHS Trust,Mixed,United Kingdom,ILR,Admin,Data Analyst,Critical Care & Anaesthesia,8A,35.64,2018-12-07,2019-01-11,15.0,0.4,None,Bank,Inactive,IF643377,2027-10-22,FS309610,2031-05-02,2027-04-17,2018-12-28
EMP0759-20260913_210636,Benjamin,Cook,dawnmiller@example.net,1997-03-26,(0191) 496 0254,"Flat 9
Davis Viaduct
Lake Nathanborough
B7 1SJ",Male,Eastmoor Teaching Hospitals NHS Trust,Black,Ghana,Skilled Worker,Nursing,Ward Manager,Emergency & Urgent Care,8A,30.42,2022-10-16,2022-11-27,15.0,0.4,NMC,Bank,Inactive,OM076249,2030-05-14,DT110097,2031-04-22,2027-08-31,2022-11-06
EMP0760-20260913_210636,Carole,Hall,ocurtis@example.org,1999-12-27,0306 999 0105,"060 Samantha Glen
Hussainshire
TD2 7DX",Male,Valleyview Mental Wellness NHS Trust,Asian,Japan,ILR,Nursing,Staff Nurse,Women & Children,5,19.74,2023-11-04,2023-12-02,37.5,1.0,None,Fixed Term,Active,RF159330,2026-12-11,HK681485,2028-11-11,2026-10-23,2023-11-25
EMP0761-20260913_210636,Jasmine,Whittaker,brandonmills@example.org,1966-06-12,+44141 4960027,"866 Lydia River
Smithstad
IM46 4DZ",Female,Greenhaven Acute & Specialist Care NHS Trust,Mixed,New Zealand,ILR,Admin,Administrator,Surgery & Cancer,3,16.38,2018-12-02,2018-12-30,15.0,0.4,NMC,Bank,Suspended,OR231810,2031-02-26,SI502083,2030-02-13,2026-10-23,2018-12-23
EMP0762-20260913_210636,Damien,West,lawrence09@example.com,2007-06-09,0151 496 0193,"04 Tomlinson Passage
New Eileenport
E5 3FQ",Female,Broadfield Clinical Services NHS Trust,Mixed,Jamaica,Dependent,Nursing,Nursery Nurse,Clinical Support Services,2,12.4,2020-07-02,2020-08-13,30.0,0.8,HCPC,Bank,Active,CV018570,2030-09-24,GW436560,2028-11-28,2026-09-24,2020-07-23
EMP0763-20260913_210636,Dennis,Green,louishopkins@example.com,1972-08-08,+44(0)114 496 0750,"7 Bruce Springs
North Ericburgh
LA39 5HR",Female,Northwood Mental Health NHS Trust,White,Canada,Skilled Worker,AHP,Occupational Therapist,Clinical Support Services,6,25.48,2024-10-19,2024-11-30,37.5,1.0,None,Bank,On Leave,IF723084,2029-05-14,ON169974,2031-06-06,2027-03-24,2024-11-09
EMP0764-20260913_210636,Karen,Curtis,simpsonamanda@example.net,1962-03-03,+44(0)114 4960983,"0 Abigail Drive
West Glennbury
SY78 1HL",Male,Southvale Hospitals NHS Trust,Asian,Thailand,British Citizen,Nursing,Staff Nurse,Women & Children,5,21.52,2019-11-07,2019-12-05,20.0,0.53,GMC,Bank,Suspended,PN380289,2027-01-17,VC883946,2030-04-17,2027-05-10,2019-11-28
EMP0765-20260913_210636,Karen,Cox,shanebarnes@example.org,2001-11-21,01164960939,"268 Nicholls Coves
Dickinsonbury
E3 3DF",Female,Lakeside District Hospitals NHS Trust,Asian,Japan,Dependent,Nursing,Ward Manager,Corporate Services,8A,28.24,2022-11-23,2022-12-21,37.5,1.0,NMC,Fixed Term,Suspended,NG655766,2031-02-16,BZ664118,2027-08-23,2026-12-07,2022-12-14
EMP0766-20260913_210636,Lynda,Davies,jennaking@example.org,2002-01-25,+44(0)114 496 0948,"Flat 88H
Jamie Orchard
Jonesbury
M3A 2BG",Male,Hillcrest Medical Centres NHS Trust,Mixed,India,ILR,Admin,Data Analyst,Clinical Support Services,8A,28.55,2023-05-27,2023-06-24,37.5,1.0,NMC,Permanent,On Leave,SU678607,2030-02-16,SW345399,2026-09-24,2027-02-10,2023-06-17
EMP0767-20260913_210636,Stuart,Williams,sarahwoods@example.org,1965-03-04,+44808 1570785,"Studio 36G
Max Camp
South Jessicaton
M71 3XD",Female,Riverbank General Hospitals NHS Trust,White,New Zealand,ILR,AHP,Occupational Therapist,Clinical Support Services,6,23.14,2023-02-25,2023-04-01,30.0,0.8,NMC,Permanent,Suspended,VL374320,2028-12-31,SQ238176,2031-09-02,2027-01-15,2023-03-18
EMP0768-20260913_210636,Angela,Wells,bmatthews@example.com,1995-06-24,+441632 960312,"724 Hill Port
North Elainebury
DL2 5SU",Female,Valleyview Mental Wellness NHS Trust,White,New Zealand,British Citizen,Nursing,Staff Nurse,Medicine & Acute Care,5,20.89,2018-08-31,2018-09-28,20.0,0.53,HCPC,Bank,Suspended,PE455332,2027-01-28,TY550039,2030-04-23,2027-04-14,2018-09-21
EMP0769-20260913_210636,Dawn,Fry,karenharris@example.org,1980-12-26,(0151)4960013,"217 Jasmine Mountain
Port Gary
EC5B 5PB",Female,Bluewater Community & Rehabilitation NHS Trust,Black,South Africa,ILR,Nursing,Senior Staff Nurse,Corporate Services,6,26.78,2018-11-28,2019-01-02,18.75,0.5,HCPC,Bank,Active,EX593874,2030-08-31,TG646353,2028-10-06,2027-09-02,2018-12-19
EMP0770-20260913_210636,Rachael,Williams,ipearson@example.org,1967-05-13,+44(0)116 496 0895,"573 Cameron Creek
North Jennifer
E28 0RW",Female,Oakridge Community Services NHS Trust,White,Canada,Dependent,Nursing,Healthcare Assistant,Emergency & Urgent Care,2,13.28,2020-10-29,2020-11-26,18.75,0.5,GMC,Fixed Term,Inactive,AI903719,2031-02-22,LQ819842,2027-11-22,2027-06-18,2020-11-19
EMP0771-20260913_210636,Carly,Lewis,robin33@example.net,1962-05-25,+44131 496 0572,"Studio 3
Clarke Mountains
Hannahland
S6F 9XS",Female,Valleyview Mental Wellness NHS Trust,White,New Zealand,Dependent,AHP,Speech Therapist,Emergency & Urgent Care,6,23.48,2017-05-26,2017-07-07,15.0,0.4,GMC,Fixed Term,On Leave,ID404162,2028-04-02,UE317545,2028-06-23,2027-04-23,2017-06-16
EMP0772-20260913_210636,Toby,Long,ssmith@example.net,2000-04-10,0116 4960896,"Studio 78
Brown River
East Bethanyland
CH0W 9TF",Male,Oakridge Community Services NHS Trust,White,United States,Dependent,Medical,SHO,Clinical Support Services,SHO,30.11,2019-01-17,2019-02-28,20.0,0.53,HCPC,Permanent,Inactive,UD290073,2027-03-23,MR353928,2028-05-11,2027-04-26,2019-02-07
EMP0773-20260913_210636,Aaron,Hewitt,nashcarol@example.com,1962-09-10,01614960387,"2 Charlie Walk
Annaland
EN0W 9TU",Female,Eastfield Psychological Services NHS Trust,Asian,Thailand,ILR,Nursing,Staff Nurse,Medicine & Acute Care,5,21.89,2017-07-10,2017-08-07,18.75,0.5,HCPC,Permanent,Suspended,YA992934,2028-11-01,RI165177,2027-06-23,2027-02-20,2017-07-31
EMP0774-20260913_210636,Glen,Simpson,ballstuart@example.com,1993-11-17,+44(0)20 7496 0373,"26 Wright Wall
Deborahborough
L3H 6QY",Female,Valleyview Mental Wellness NHS Trust,Mixed,Thailand,British Citizen,Nursing,Senior Staff Nurse,Clinical Support Services,6,26.58,2019-06-15,2019-07-27,18.75,0.5,NMC,Bank,On Leave,GG429544,2030-10-04,VF061881,2028-06-27,2027-08-06,2019-07-06
EMP0775-20260913_210636,Mitchell,Harrison,sjones@example.org,1975-12-17,+44(0)1632 960872,"Flat 50
Smith Estate
Robertsfort
KT71 3JZ",Male,Northwood Mental Health NHS Trust,Black,Jamaica,Skilled Worker,AHP,Speech Therapist,Surgery & Cancer,6,28.04,2019-10-18,2019-11-15,18.75,0.5,None,Permanent,On Leave,LA063939,2028-05-30,AQ856546,2031-01-06,2026-12-19,2019-11-08
EMP0776-20260913_210636,Ross,Young,gaildavies@example.com,1982-01-26,(0117) 496 0518,"Flat 6
Adams Knoll
New Normanberg
WF81 3TQ",Female,Meadowbrook Community Health NHS Trust,White,United States,Skilled Worker,Nursing,Charge Nurse,Emergency & Urgent Care,7,29.42,2018-04-21,2018-05-26,37.5,1.0,GMC,Permanent,On Leave,GN942813,2026-12-27,QX725046,2028-11-19,2027-04-12,2018-05-12
EMP0777-20260913_210636,Henry,Edwards,gbradshaw@example.net,2000-11-07,(0151) 4960526,"3 Toby Locks
Tonystad
BA7P 4AS",Female,Riverside Integrated Care NHS Trust,Asian,Thailand,Skilled Worker,Medical,Consultant,Critical Care & Anaesthesia,CONS,55.17,2020-06-28,2020-08-02,18.75,0.5,NMC,Fixed Term,On Leave,PT488374,2030-09-11,TA483734,2030-02-05,2027-09-07,2020-07-19
EMP0778-20260913_210636,Timothy,Bell,kirsty37@example.org,1980-08-09,(0161)4960058,"72 Edward Ferry
Johnfurt
G32 2WZ",Male,Bluewater Community & Rehabilitation NHS Trust,Asian,Japan,ILR,Nursing,Ward Manager,Surgery & Cancer,8A,29.87,2024-04-03,2024-05-08,30.0,0.8,GMC,Permanent,Suspended,YN376001,2029-04-27,XM098533,2027-12-10,2027-02-14,2024-04-24
EMP0779-20260913_210636,Henry,Davis,martin75@example.com,1968-12-16,+44(0)3069990579,"Studio 74
Anderson Cliffs
Emmabury
BT6 5RR",Female,Oakridge Community Services NHS Trust,White,Australia,Dependent,Nursing,Healthcare Assistant,Women & Children,2,12.75,2020-01-01,2020-02-05,18.75,0.5,GMC,Fixed Term,On Leave,GZ086378,2029-02-17,DN674976,2027-07-26,2027-08-23,2020-01-22
EMP0780-20260913_210636,Hannah,Wade,kevinmarshall@example.net,1983-10-15,+441154960991,"Flat 79
Nigel Courts
New Lindachester
L4 6ZX",Male,Southgate Community & Mental Health NHS Trust,Black,South Africa,ILR,Medical,GP,Critical Care & Anaesthesia,GP,59.25,2020-02-15,2020-03-28,18.75,0.5,HCPC,Bank,On Leave,PT874227,2029-04-24,FF918125,2030-05-28,2027-02-13,2020-03-07
EMP0781-20260913_210636,Christopher,Rose,hillshaun@example.org,1997-01-13,+44(0)28 9018 0318,"5 Robson Ramp
East Joannamouth
EN03 3UJ",Female,Northwood Mental Health NHS Trust,Mixed,Nigeria,British Citizen,AHP,Physiologist,Women & Children,6,25.42,2024-06-12,2024-07-10,20.0,0.53,NMC,Bank,Suspended,RS332724,2030-03-16,EW918737,2028-02-03,2026-11-05,2024-07-03
EMP0782-20260913_210636,Marian,Begum,cunninghameric@example.org,1995-02-08,01632960429,"7 Ben Summit
Julianville
BD90 1YD",Female,Hillcrest Medical Centres NHS Trust,Asian,Japan,ILR,AHP,Occupational Therapist,Clinical Support Services,6,24.58,2016-10-22,2016-11-19,20.0,0.53,GMC,Permanent,Suspended,XH820388,2027-09-03,HO219318,2027-12-19,2027-09-08,2016-11-12
EMP0783-20260913_210636,Michael,Hunt,nixonleah@example.org,2008-02-13,(0113) 4960181,"0 Patricia Isle
New Tony
IV8 6UD",Male,Eastmoor Teaching Hospitals NHS Trust,Black,South Africa,Skilled Worker,Admin,Medical Secretary,Women & Children,4,17.95,2020-05-24,2020-06-21,18.75,0.5,HCPC,Fixed Term,Active,KT313823,2028-03-02,PB187921,2030-04-08,2027-07-16,2020-06-14
EMP0784-20260913_210636,Marie,Campbell,wkhan@example.com,1974-12-24,+4420 7496 0653,"322 Joanne Mount
Ahmedhaven
N3C 2XL",Male,Eastmoor Teaching Hospitals NHS Trust,Black,Trinidad and Tobago,Skilled Worker,Admin,Administrator,Corporate Services,3,15.37,2017-06-23,2017-07-28,20.0,0.53,None,Permanent,Inactive,HU965014,2030-04-20,JZ761339,2026-09-28,2026-11-23,2017-07-14
EMP0785-20260913_210636,Megan,Lewis,damiancameron@example.net,1976-03-21,+44(0)29 2018138,"0 Stewart Course
Lake Alex
AL09 0NW",Male,Southgate Community & Mental Health NHS Trust,Black,Trinidad and Tobago,British Citizen,Admin,Medical Secretary,Clinical Support Services,4,16.3,2017-08-15,2017-09-12,15.0,0.4,NMC,Fixed Term,Inactive,TK904257,2027-11-12,DR714524,2030-03-15,2027-06-27,2017-09-05
EMP0786-20260913_210636,Russell,Benson,woodnaomi@example.org,1979-12-21,+44292018241,"50 Martin Spurs
Melanieton
N6 7ZS",Male,Southvale Hospitals NHS Trust,Mixed,Thailand,Skilled Worker,Nursing,Healthcare Assistant,Surgery & Cancer,2,12.72,2026-09-09,2026-10-21,30.0,0.8,None,Fixed Term,Active,AG460875,2030-06-15,LW762943,2031-06-12,2027-03-05,2026-09-30
EMP0787-20260913_210636,Luke,Patel,pearsonmichelle@example.org,1973-10-13,+44(0)121 4960150,"Flat 74u
Harvey Path
Mitchellton
IG2 8JE",Female,Northwood Mental Health NHS Trust,White,Australia,Skilled Worker,Nursing,Staff Nurse,Women & Children,5,19.77,2023-06-13,2023-07-11,15.0,0.4,None,Bank,Active,RG749079,2027-02-05,VB650240,2026-11-12,2027-04-03,2023-07-04
EMP0788-20260913_210636,Peter,Murphy,chloewilliams@example.com,1983-09-12,+44(0)28 9018237,"0 Watson Island
Malcolmport
IG5 6JT",Male,Oakridge Community Services NHS Trust,Mixed,Canada,Dependent,Medical,Consultant,Corporate Services,CONS,70.29,2021-07-12,2021-08-16,20.0,0.53,NMC,Bank,Suspended,SO613637,2028-04-29,CD246860,2031-05-29,2027-08-08,2021-08-02
EMP0789-20260913_210636,Leah,West,fionaturner@example.org,1991-02-02,+44(0)808 1570125,"Studio 48W
Guy Estates
Lake Hazelborough
M8S 0LY",Female,Eastfield Psychological Services NHS Trust,Mixed,New Zealand,ILR,AHP,Pharmacist,Clinical Support Services,5,23.01,2024-01-26,2024-02-23,15.0,0.4,HCPC,Fixed Term,On Leave,YP147855,2029-06-07,YN977844,2027-04-21,2027-08-26,2024-02-16
EMP0790-20260913_210636,Rebecca,Simpson,jbrown@example.org,1979-05-30,+44116 4960039,"Studio 9
Smith Run
Chambersland
B1U 4XG",Female,Greenhaven Acute & Specialist Care NHS Trust,Asian,China,Skilled Worker,Admin,Data Analyst,Medicine & Acute Care,8A,29.79,2026-01-02,2026-02-06,18.75,0.5,GMC,Fixed Term,Active,GN841606,2026-11-08,QE270582,2026-11-13,2027-08-22,2026-01-23
EMP0791-20260913_210636,Barbara,Rhodes,beverleybrowne@example.net,1980-12-06,0161 496 0008,"Flat 02
Willis Inlet
West Yvonne
SG0P 4LD",Male,Valleyview Mental Wellness NHS Trust,Asian,China,Dependent,AHP,Physiologist,Medicine & Acute Care,6,27.67,2019-02-15,2019-03-29,37.5,1.0,None,Permanent,Inactive,NA378141,2029-04-20,YK563776,2030-04-02,2027-06-03,2019-03-08
EMP0792-20260913_210636,Bernard,Barker,chansam@example.com,2006-06-13,+44121 496 0818,"Flat 24U
Julie Path
South Ronald
G13 6UD",Male,Riverbank General Hospitals NHS Trust,Black,South Africa,Dependent,Medical,GP,Women & Children,GP,55.58,2017-11-20,2017-12-25,30.0,0.8,GMC,Bank,Suspended,UK622313,2027-02-14,NC505297,2031-04-16,2027-05-17,2017-12-11
EMP0793-20260913_210636,Ronald,Hicks,charlottemoore@example.org,1963-05-03,(0121) 496 0310,"Flat 04e
Murphy Burg
Port Mathewton
W5J 8QX",Male,Southgate Community & Mental Health NHS Trust,White,New Zealand,ILR,Nursing,Charge Nurse,Emergency & Urgent Care,7,30.49,2023-02-06,2023-03-13,15.0,0.4,GMC,Permanent,Suspended,NY629917,2029-01-31,OS613503,2027-10-16,2027-02-03,2023-02-27
EMP0794-20260913_210636,Bethany,Wheeler,thomasmolly@example.net,1961-06-16,0114 4960229,"Flat 31o
Porter Stream
Jamieborough
CH7 7AR",Male,Southvale Hospitals NHS Trust,Mixed,Canada,Dependent,Medical,FY1/FY2,Women & Children,FY1,20.34,2025-02-12,2025-03-19,15.0,0.4,None,Fixed Term,Inactive,FV401111,2030-07-31,IK769871,2029-04-28,2027-08-27,2025-03-05
EMP0795-20260913_210636,Aimee,Gilbert,frederickconnolly@example.org,1981-07-13,01632960126,"Studio 27w
Leonard Parkways
North Dominicton
SM2M 3DX",Female,Lakeside District Hospitals NHS Trust,Asian,Thailand,ILR,Medical,GP,Women & Children,GP,53.82,2018-04-09,2018-05-14,30.0,0.8,NMC,Bank,Inactive,RK797940,2028-12-27,YK645540,2030-04-04,2026-10-16,2018-04-30
EMP0796-20260913_210636,Jacob,Short,naomi69@example.com,1965-10-19,+44(0)117 496 0892,"Flat 9
Harvey Neck
Stoneshire
ML78 3BP",Male,Hillcrest Medical Centres NHS Trust,Asian,India,Skilled Worker,Admin,Receptionist,Emergency & Urgent Care,3,13.5,2023-12-02,2023-12-30,20.0,0.53,GMC,Permanent,On Leave,CY983395,2027-09-02,TC558904,2029-10-18,2027-01-06,2023-12-23
EMP0797-20260913_210636,Abdul,Roberts,znoble@example.net,1974-08-07,0306 999 0392,"110 Mills Well
Kieranfurt
E82 9XZ",Female,Oakridge Community Services NHS Trust,White,Australia,Dependent,Admin,Administrator,Corporate Services,3,14.68,2024-12-05,2025-01-09,20.0,0.53,GMC,Bank,On Leave,ZE071322,2031-07-01,IG024510,2027-03-11,2027-03-06,2024-12-26
EMP0798-20260913_210636,Holly,Thomas,lindseythomas@example.net,1992-03-08,(0121)4960659,"Studio 00
Roy Corner
Thompsonport
EC6X 6LB",Male,Eastfield Psychological Services NHS Trust,Mixed,Ghana,ILR,AHP,Speech Therapist,Clinical Support Services,6,26.19,2024-02-25,2024-03-31,18.75,0.5,None,Fixed Term,On Leave,TK279085,2027-05-21,IV205520,2031-05-23,2027-04-09,2024-03-17
EMP0799-20260913_210636,Tracey,Hughes,juliacooper@example.net,1996-12-26,(0151) 496 0728,"Flat 02w
O'Neill Knoll
Griffithsview
ML3X 3DP",Female,Southgate Community & Mental Health NHS Trust,Mixed,Kenya,ILR,Admin,Administrator,Women & Children,3,13.47,2022-10-27,2022-11-24,15.0,0.4,NMC,Bank,Suspended,ZB446680,2030-08-10,BY567069,2027-08-07,2027-03-04,2022-11-17
EMP0800-20260913_210636,Christopher,Simpson,roger20@example.com,1974-05-29,(0131)4960369,"Flat 8
Simpson Cove
New Kerry
E4E 6AU",Male,Riverside Integrated Care NHS Trust,Black,Barbados,Skilled Worker,AHP,Occupational Therapist,Clinical Support Services,6,27.96,2020-03-08,2020-04-19,30.0,0.8,HCPC,Permanent,Suspended,AQ186547,2029-08-05,KJ507349,2030-09-05,2027-08-19,2020-03-29
EMP0801-20260913_210636,Diane,Armstrong,trevor70@example.net,1977-08-30,+44(0)1514960374,"90 Jessica Forges
East Jennatown
CW77 4BN",Female,Lakeside District Hospitals NHS Trust,Black,Kenya,Dependent,Medical,FY1/FY2,Emergency & Urgent Care,FY1,19.61,2016-10-28,2016-12-09,18.75,0.5,HCPC,Bank,Inactive,EC738225,2027-06-01,AM714336,2029-08-15,2027-03-11,2016-11-18
EMP0802-20260913_210636,Nigel,Lewis,freemansarah@example.com,1979-03-02,(028)9018075,"8 Brown Row
Jamesburgh
S41 9RP",Male,Valleyview Mental Wellness NHS Trust,White,New Zealand,ILR,Medical,FY1/FY2,Medicine & Acute Care,FY1,20.55,2017-03-10,2017-04-21,37.5,1.0,None,Permanent,Suspended,JH077852,2030-10-19,JN697897,2026-12-12,2027-07-01,2017-03-31
EMP0803-20260913_210636,Jayne,Davis,whittakersheila@example.org,1969-01-24,(0121) 496 0357,"49 Conway Vista
New Jamesland
N12 4GZ",Female,Greenhaven Acute & Specialist Care NHS Trust,Mixed,Trinidad and Tobago,British Citizen,Nursing,Ward Manager,Medicine & Acute Care,8A,29.68,2021-07-22,2021-08-19,30.0,0.8,HCPC,Fixed Term,Suspended,RB841879,2029-05-30,PL961790,2027-01-29,2027-05-08,2021-08-12
EMP0804-20260913_210636,Sheila,Murphy,dylan19@example.org,2002-05-01,+44121 4960969,"3 Gerald Springs
North Gerard
GU3 3AY",Male,Broadfield Clinical Services NHS Trust,Mixed,Ghana,British Citizen,Admin,Data Analyst,Emergency & Urgent Care,8A,30.18,2018-03-27,2018-04-24,15.0,0.4,GMC,Permanent,Suspended,SU529235,2029-06-15,LW886367,2027-02-20,2026-12-23,2018-04-17
EMP0805-20260913_210636,Jane,Brown,evansalexandra@example.com,1993-08-21,020 7946 0389,"489 Karl Mountain
West Daleton
SA1H 5YG",Male,Bluewater Community & Rehabilitation NHS Trust,White,Canada,ILR,Medical,GP,Corporate Services,GP,48.16,2024-07-29,2024-08-26,30.0,0.8,GMC,Bank,On Leave,FS022899,2028-03-06,CQ291153,2029-09-02,2027-05-21,2024-08-19
EMP0806-20260913_210636,Paul,King,tclarke@example.net,1989-02-25,028 9018895,"530 Ali Skyway
North Garryside
E8A 1ZL",Female,Broadfield Clinical Services NHS Trust,Black,Ghana,ILR,Admin,Medical Secretary,Medicine & Acute Care,4,17.9,2026-04-10,2026-05-15,37.5,1.0,GMC,Permanent,On Leave,AM877055,2030-09-09,GZ399645,2030-08-14,2027-04-24,2026-05-01
EMP0807-20260913_210636,Marcus,Wright,ibarnett@example.com,2006-12-14,+44(0)28 9018681,"Studio 3
Julie Rapids
Marshallchester
ZE1A 9HJ",Male,Westborough Acute Care NHS Trust,Mixed,United States,ILR,Medical,Registrar,Emergency & Urgent Care,SPR,42.32,2020-09-07,2020-10-05,37.5,1.0,GMC,Fixed Term,Suspended,PI168702,2031-05-13,IF048935,2027-03-03,2026-11-07,2020-09-28
EMP0808-20260913_210636,Ashley,Marshall,deantaylor@example.org,1967-11-18,0121 4960453,"24 Pauline Mountains
New Natalieville
E8H 0RW",Female,Meadowbrook Community Health NHS Trust,Black,Jamaica,British Citizen,Admin,Administrator,Emergency & Urgent Care,3,13.76,2026-01-07,2026-02-18,15.0,0.4,GMC,Fixed Term,Inactive,WH083002,2030-11-22,XC025718,2029-06-11,2026-11-29,2026-01-28
EMP0809-20260913_210636,Lorraine,Bailey,colescott@example.net,1992-12-16,+44(0)9098790558,"98 Kayleigh Way
Hazelville
HS05 5HP",Female,Horizon Integrated Health Partnership NHS Trust,Asian,China,ILR,Nursing,Staff Nurse,Surgery & Cancer,5,20.4,2021-08-08,2021-09-19,18.75,0.5,NMC,Permanent,Inactive,FE102538,2028-07-01,FZ111337,2027-12-03,2027-03-05,2021-08-29
EMP0810-20260913_210636,Darren,Hicks,conor00@example.com,1992-01-28,0113 496 0744,"Studio 8
Hicks Lock
East Dorothy
IP05 3FB",Female,Westborough Acute Care NHS Trust,Mixed,Kenya,Dependent,AHP,Speech Therapist,Critical Care & Anaesthesia,6,26.03,2019-04-30,2019-06-04,37.5,1.0,NMC,Fixed Term,Active,PG823356,2026-11-24,BU383901,2028-07-11,2027-06-21,2019-05-21
EMP0811-20260913_210636,Luke,Forster,bartlettolivia@example.com,1984-06-20,+44115 496 0406,"Studio 7
Grace Pass
Duncanbury
S6 3YR",Female,Horizon Integrated Health Partnership NHS Trust,Asian,Thailand,ILR,Nursing,Senior Staff Nurse,Corporate Services,6,28.07,2025-10-11,2025-11-22,37.5,1.0,NMC,Fixed Term,On Leave,AP637317,2029-03-13,RR188838,2028-07-05,2027-05-27,2025-11-01
EMP0812-20260913_210636,Jonathan,Kaur,bethanylambert@example.net,1994-01-02,+44808 157 0385,"Flat 46
Hayes Flats
Iainside
EH4N 3TH",Female,Meadowbrook Community Health NHS Trust,Black,Ghana,ILR,Admin,Data Analyst,Corporate Services,8A,32.94,2026-03-20,2026-04-17,37.5,1.0,GMC,Fixed Term,Suspended,TU934540,2026-10-19,NX883690,2030-11-19,2026-12-08,2026-04-10
EMP0813-20260913_210636,Julie,Ashton,carolegraham@example.net,2000-10-29,01164960287,"Flat 39
Cooper Spur
Lake Yvonne
E94 6RZ",Male,Eastmoor Teaching Hospitals NHS Trust,Mixed,Trinidad and Tobago,Skilled Worker,Nursing,Nursery Nurse,Medicine & Acute Care,2,12.55,2021-09-17,2021-10-15,15.0,0.4,HCPC,Fixed Term,Suspended,UV270603,2026-10-24,QZ522606,2028-08-14,2026-09-22,2021-10-08
EMP0814-20260913_210636,Grace,Moore,benjaminfox@example.com,1993-05-06,(0808)1570009,"Flat 33
Damian Islands
Hardingstad
M8U 1DX",Female,Meadowbrook Community Health NHS Trust,White,United Kingdom,British Citizen,Nursing,Ward Manager,Corporate Services,8A,29.12,2018-10-25,2018-11-29,18.75,0.5,GMC,Permanent,Suspended,MB829014,2029-01-31,NQ029070,2031-03-15,2027-01-07,2018-11-15
EMP0815-20260913_210636,Arthur,Norris,steelemohammed@example.net,1962-10-09,+44(0)306 9990532,"Studio 30
Newton Extension
Lake Stanleyborough
M8S 1FY",Female,Southgate Community & Mental Health NHS Trust,Asian,China,ILR,Admin,Administrator,Women & Children,3,14.19,2020-07-04,2020-08-01,18.75,0.5,HCPC,Permanent,On Leave,QM762934,2030-10-02,UA005630,2027-01-08,2027-01-20,2020-07-25
EMP0816-20260913_210636,Diane,Harrison,clive28@example.org,1973-07-14,+44(0)1314960590,"40 Jenna Shore
New Denis
KA3 6ZW",Male,Southvale Hospitals NHS Trust,Mixed,Thailand,Dependent,Nursing,Staff Nurse,Women & Children,5,19.35,2017-04-30,2017-05-28,37.5,1.0,HCPC,Bank,Active,SK145529,2027-08-24,HV508810,2030-05-01,2027-03-20,2017-05-21
EMP0817-20260913_210636,Scott,Burns,rachael88@example.com,1992-08-03,0114 496 0100,"Studio 56D
Page Branch
Port Terry
E7 9DZ",Female,Northshire University Hospitals NHS Trust,Black,South Africa,British Citizen,Nursing,Senior Staff Nurse,Emergency & Urgent Care,6,25.6,2020-03-07,2020-04-04,18.75,0.5,GMC,Fixed Term,Suspended,DE327012,2028-05-08,GT700067,2028-04-07,2026-12-19,2020-03-28
EMP0818-20260913_210636,Valerie,Holden,oneillangela@example.com,1972-02-14,+44(0)1632960259,"Studio 59
Lawrence Junctions
South Henry
N16 3RA",Male,Westborough Acute Care NHS Trust,Mixed,Thailand,ILR,Medical,Consultant,Corporate Services,CONS,52.07,2021-08-04,2021-09-08,30.0,0.8,NMC,Bank,Suspended,CR099340,2030-05-11,AL353948,2028-08-23,2026-12-14,2021-08-25
EMP0819-20260913_210636,Jason,Harris,ihewitt@example.net,1973-03-05,(0113) 496 0676,"Flat 17D
Danny Port
Lake Michael
EN86 6JT",Male,Eastfield Psychological Services NHS Trust,Mixed,Kenya,Dependent,Medical,Consultant,Women & Children,CONS,59.97,2017-06-28,2017-08-02,37.5,1.0,GMC,Bank,On Leave,JQ747296,2027-05-13,BK421360,2028-06-14,2027-07-14,2017-07-19
EMP0820-20260913_210636,Georgina,Rose,oneillmartyn@example.org,1966-09-01,+44(0)151 4960041,"3 Eric Forest
West Lawrence
L32 6FE",Male,Southvale Hospitals NHS Trust,White,Canada,ILR,Admin,Medical Secretary,Medicine & Acute Care,4,15.6,2024-03-05,2024-04-02,30.0,0.8,None,Bank,Suspended,PC896188,2029-10-19,VV712121,2028-11-24,2026-12-12,2024-03-26
EMP0821-20260913_210636,Duncan,Nash,dedwards@example.net,2003-11-24,(0808) 157 0545,"452 Gordon Ville
Shannonhaven
L49 6YA",Female,Bluewater Community & Rehabilitation NHS Trust,White,United States,ILR,Nursing,Nursery Nurse,Clinical Support Services,2,12.66,2018-01-27,2018-02-24,20.0,0.53,None,Fixed Term,On Leave,BK787508,2027-04-06,CH118019,2027-04-29,2027-04-07,2018-02-17
EMP0822-20260913_210636,Howard,Pritchard,mohamed07@example.org,1985-09-21,+44(0)114 496 0581,"Studio 98
Rosie Views
West Natalie
B4S 8AB",Male,Meadowbrook Community Health NHS Trust,Mixed,South Africa,Skilled Worker,Nursing,Staff Nurse,Clinical Support Services,5,21.66,2025-04-26,2025-05-31,18.75,0.5,None,Fixed Term,Active,VO056684,2030-12-02,NW168696,2027-10-28,2026-12-22,2025-05-17
EMP0823-20260913_210636,Kirsty,Walker,smithgerard@example.org,1983-10-21,+441144960238,"0 Hazel Lodge
Leighstad
MK86 1FU",Male,Westborough Acute Care NHS Trust,White,Australia,British Citizen,Admin,Data Analyst,Clinical Support Services,8A,28.75,2024-06-07,2024-07-12,30.0,0.8,HCPC,Permanent,Inactive,DR504593,2030-04-08,KC802818,2027-04-03,2026-09-15,2024-06-28
EMP0824-20260913_210636,Jean,Hilton,vanessabarry@example.com,2004-10-06,+44(0)1914960963,"Flat 89V
Jones Underpass
Duncanmouth
ME05 9QR",Female,Northwood Mental Health NHS Trust,Mixed,United States,Dependent,Admin,Medical Secretary,Corporate Services,4,18.78,2021-02-17,2021-03-31,30.0,0.8,None,Permanent,Active,CP351441,2029-04-20,YQ343549,2027-01-12,2027-05-23,2021-03-10
EMP0825-20260913_210636,Sally,Davies,davisondiane@example.org,1999-10-02,0113 496 0113,"7 Parker Park
Allenburgh
KT65 8FL",Male,Valleyview Mental Wellness NHS Trust,White,Australia,ILR,Medical,FY1/FY2,Medicine & Acute Care,FY1,20.98,2018-03-20,2018-04-24,37.5,1.0,None,Bank,Inactive,FE148306,2030-04-30,ON438863,2031-06-20,2027-03-15,2018-04-10
EMP0826-20260913_210636,Damian,Simpson,rnash@example.org,1968-08-20,(0118) 4960397,"Flat 73a
Thomas Lane
Jayneside
E3 5NL",Male,Lakeside District Hospitals NHS Trust,White,Australia,Skilled Worker,Nursing,Senior Staff Nurse,Surgery & Cancer,6,24.22,2020-03-05,2020-04-16,20.0,0.53,NMC,Permanent,Active,GZ090867,2029-07-18,KM347176,2028-07-13,2027-07-21,2020-03-26
EMP0827-20260913_210636,Annette,Osborne,mrichards@example.net,1962-03-20,(0191)4960751,"17 Duncan Course
Victoriamouth
TN2M 1GS",Male,Northshire University Hospitals NHS Trust,White,Australia,Skilled Worker,Admin,Data Analyst,Clinical Support Services,8A,34.39,2026-02-14,2026-03-14,37.5,1.0,HCPC,Fixed Term,Suspended,FS850052,2028-05-31,VG837399,2029-05-11,2027-04-11,2026-03-07
EMP0828-20260913_210636,Jake,Rowe,frances66@example.org,1962-01-04,0117 4960754,"Studio 18
Todd Parks
East Aimee
BH40 2UH",Female,Bluewater Community & Rehabilitation NHS Trust,Black,Kenya,Skilled Worker,AHP,Pharmacist,Critical Care & Anaesthesia,5,21.57,2023-05-03,2023-05-31,20.0,0.53,HCPC,Permanent,Inactive,BF338655,2028-06-20,PI274145,2031-08-11,2027-06-24,2023-05-24
EMP0829-20260913_210636,Francesca,Roberts,qrose@example.net,1991-10-31,+441914960035,"108 Derek Drives
Rosestad
M2 4HQ",Female,Broadfield Clinical Services NHS Trust,Mixed,Japan,Dependent,AHP,Physiologist,Emergency & Urgent Care,6,23.64,2024-07-20,2024-08-24,15.0,0.4,GMC,Bank,Active,QJ362751,2029-04-27,WB661874,2028-08-13,2027-08-11,2024-08-10
EMP0830-20260913_210636,Tom,West,savagevanessa@example.org,1989-10-06,+44(0)9098790385,"7 Mohammad Rapid
Grahamland
E94 4GB",Male,Broadfield Clinical Services NHS Trust,Asian,Japan,ILR,Nursing,Charge Nurse,Surgery & Cancer,7,29.01,2025-06-14,2025-07-12,18.75,0.5,GMC,Fixed Term,Inactive,TS798056,2031-02-09,RT111211,2028-04-10,2027-02-18,2025-07-05
EMP0831-20260913_210636,Douglas,Osborne,rachel99@example.org,1991-07-26,(01632)960448,"Flat 7
Rhodes Mews
Daleburgh
LL57 8GS",Female,Westmere Community Health NHS Trust,Mixed,South Africa,Dependent,AHP,Pharmacist,Women & Children,5,22.45,2018-09-24,2018-10-22,37.5,1.0,NMC,Fixed Term,Inactive,ZG374291,2028-04-04,SK366660,2031-09-10,2027-01-14,2018-10-15
EMP0832-20260913_210636,Francis,Williams,valeriecole@example.com,1963-08-31,(029) 2018 0468,"Flat 55
Charlotte Greens
Ahmedville
HR8B 4BR",Male,Northwood Mental Health NHS Trust,Asian,China,British Citizen,Nursing,Nursery Nurse,Medicine & Acute Care,2,13.88,2019-08-18,2019-09-29,18.75,0.5,HCPC,Fixed Term,Active,OH757194,2029-04-02,DI776114,2030-06-25,2027-09-08,2019-09-08
EMP0833-20260913_210636,Melissa,Robertson,williamsfrances@example.com,1964-01-20,+44115 496 0150,"050 Fletcher Coves
Fullerberg
L6A 8YN",Male,Southvale Hospitals NHS Trust,Asian,China,Dependent,Nursing,Charge Nurse,Emergency & Urgent Care,7,31.42,2021-08-22,2021-09-26,37.5,1.0,HCPC,Fixed Term,Suspended,VW541500,2030-03-14,DP202457,2031-04-17,2027-02-23,2021-09-12
EMP0834-20260913_210636,Aimee,Clarke,duncan48@example.net,2002-10-06,+4420 7496 0118,"8 Bradley Highway
New Louise
L46 9RT",Female,Southvale Hospitals NHS Trust,Asian,Thailand,ILR,Nursing,Staff Nurse,Clinical Support Services,5,19.83,2017-09-11,2017-10-16,20.0,0.53,GMC,Bank,Suspended,UF188804,2030-07-20,HI901666,2027-04-03,2027-03-15,2017-10-02
EMP0835-20260913_210636,Victor,Fleming,samantha30@example.org,2008-08-15,+441414960597,"Studio 0
Taylor Forest
Ianville
SY41 4YL",Male,Meadowbrook Community Health NHS Trust,White,Australia,Dependent,Nursing,Staff Nurse,Surgery & Cancer,5,21.25,2019-02-15,2019-03-29,37.5,1.0,GMC,Permanent,Active,OW826961,2026-09-23,BT655205,2029-03-24,2027-06-28,2019-03-08
EMP0836-20260913_210636,Aimee,Johnson,ltomlinson@example.com,2000-11-04,(0114) 4960919,"74 Clark Turnpike
Berryside
TR1P 3AY",Male,Hillcrest Medical Centres NHS Trust,White,New Zealand,ILR,Medical,Consultant,Corporate Services,CONS,69.32,2021-06-09,2021-07-21,15.0,0.4,HCPC,Fixed Term,On Leave,MR371854,2031-06-03,PF128597,2031-06-26,2026-12-23,2021-06-30
EMP0837-20260913_210636,Victor,Wilson,amber22@example.org,1961-08-18,+44(0)151 496 0552,"14 Davies Curve
New Claire
KW5M 4PW",Female,Oakridge Community Services NHS Trust,Black,Kenya,Skilled Worker,Nursing,Healthcare Assistant,Critical Care & Anaesthesia,2,13.39,2021-06-10,2021-07-08,18.75,0.5,NMC,Fixed Term,Inactive,DK254074,2030-04-04,NP549610,2029-03-14,2026-12-18,2021-07-01
EMP0838-20260913_210636,Kevin,Patel,dmartin@example.com,2006-01-16,(0113) 4960291,"237 Hill Well
Lake Mitchell
L5H 1ZU",Female,Riverbank General Hospitals NHS Trust,Black,Trinidad and Tobago,Skilled Worker,Admin,Medical Secretary,Clinical Support Services,4,18.05,2021-03-01,2021-04-12,15.0,0.4,None,Bank,On Leave,UM611144,2027-07-12,DO365366,2028-06-29,2027-04-09,2021-03-22
EMP0839-20260913_210636,Kelly,Robson,barbara65@example.net,1981-05-14,+44(0)151 496 0063,"Flat 00
Allan Lock
Atkinsshire
WF3 3PE",Female,Lakeside District Hospitals NHS Trust,Mixed,Japan,Dependent,Medical,SHO,Medicine & Acute Care,SHO,29.07,2025-10-03,2025-11-14,30.0,0.8,HCPC,Bank,Inactive,YR331544,2029-06-10,BS500656,2031-01-20,2026-12-01,2025-10-24
EMP0840-20260913_210636,Ellie,Evans,thomas94@example.net,1981-02-20,+441632 960 192,"Studio 99
Boyle Landing
New Georgia
SS97 9TE",Female,Lakeside District Hospitals NHS Trust,Black,Nigeria,Skilled Worker,Medical,FY1/FY2,Clinical Support Services,FY1,21.03,2017-10-02,2017-10-30,37.5,1.0,NMC,Bank,Suspended,YR859078,2030-11-15,AU770837,2030-10-17,2027-01-08,2017-10-23
EMP0841-20260913_210636,Margaret,Jackson,maxhall@example.org,1980-01-27,01154960752,"50 Alan Land
Benfurt
WA3P 6SJ",Female,Greenhaven Acute & Specialist Care NHS Trust,Mixed,Trinidad and Tobago,ILR,AHP,Pharmacist,Clinical Support Services,5,19.44,2016-12-17,2017-01-21,30.0,0.8,HCPC,Bank,Suspended,CY060786,2029-11-23,OW359511,2028-07-01,2027-01-10,2017-01-07
EMP0842-20260913_210636,Gordon,Thomas,iwilson@example.org,2005-08-28,+44(0)2074960707,"49 Dean Dam
Whitefort
M7B 1LB",Male,Midlands Central Hospitals NHS Trust,White,New Zealand,Dependent,Nursing,Senior Staff Nurse,Surgery & Cancer,6,27.96,2025-03-04,2025-04-01,18.75,0.5,None,Permanent,Suspended,HN990210,2030-03-20,FA570132,2028-04-11,2027-05-06,2025-03-25
EMP0843-20260913_210636,Hilary,Walker,chelsea99@example.com,1998-12-27,+441914960207,"6 Sally Coves
North Ruthton
WF6V 1UZ",Male,Lakeside District Hospitals NHS Trust,Asian,Thailand,British Citizen,AHP,Physiologist,Surgery & Cancer,6,27.26,2023-03-21,2023-04-18,37.5,1.0,None,Permanent,On Leave,XH698448,2028-02-27,GN791948,2031-01-31,2027-03-26,2023-04-11
EMP0844-20260913_210636,Tony,Gordon,ryoung@example.net,1966-02-13,(0114) 496 0718,"Studio 7
Walker Inlet
Richardsonshire
LN9M 6UB",Male,Southgate Community & Mental Health NHS Trust,Black,South Africa,Skilled Worker,Medical,SHO,Corporate Services,SHO,23.42,2019-12-23,2020-01-27,37.5,1.0,None,Bank,Suspended,HZ686083,2030-02-22,SU944204,2029-11-08,2026-12-08,2020-01-13
EMP0845-20260913_210636,Amanda,Parsons,sgreen@example.net,1967-07-19,+44(0)118 496 0601,"15 Jemma Views
New Beverleystad
SY3P 0GH",Female,Riverbank General Hospitals NHS Trust,Mixed,Nigeria,British Citizen,Nursing,Ward Manager,Clinical Support Services,8A,28.77,2022-02-25,2022-04-08,37.5,1.0,GMC,Fixed Term,On Leave,BK912939,2031-02-01,GD602942,2028-11-11,2027-07-16,2022-03-18
EMP0846-20260913_210636,Kimberley,Patel,neilsmith@example.com,1993-07-13,+44(0)191 4960123,"67 Hammond Flat
West Judith
L7 4EL",Male,Westmere Community Health NHS Trust,White,Australia,Skilled Worker,Nursing,Ward Manager,Surgery & Cancer,8A,32.6,2018-03-17,2018-04-28,30.0,0.8,GMC,Fixed Term,Active,KD661401,2031-04-05,IZ547636,2029-03-03,2027-06-07,2018-04-07
EMP0847-20260913_210636,Philip,Rose,kimdavies@example.org,1976-08-24,0115 4960640,"120 Pope Rest
East Raymondville
B34 7EU",Male,Broadfield Clinical Services NHS Trust,White,Canada,ILR,Nursing,Ward Manager,Critical Care & Anaesthesia,8A,32.26,2024-07-07,2024-08-04,37.5,1.0,HCPC,Bank,Suspended,QD282318,2029-01-06,QS005640,2031-01-06,2026-10-21,2024-07-28
EMP0848-20260913_210636,Mohammed,Woods,terrywright@example.net,1961-11-16,+44141 496 0868,"934 Nigel Wells
New Ricky
PR8 2SL",Male,Meadowbrook Community Health NHS Trust,White,United Kingdom,Dependent,Nursing,Ward Manager,Medicine & Acute Care,8A,31.15,2016-09-27,2016-11-08,30.0,0.8,HCPC,Bank,On Leave,DF815017,2029-12-31,HW423551,2026-10-10,2026-11-18,2016-10-18
EMP0849-20260913_210636,Nathan,Carter,andersonneil@example.net,2003-07-01,+44(0)1414960896,"0 Amelia Corners
South Samberg
N1H 4DN",Female,Southgate Community & Mental Health NHS Trust,Black,Jamaica,ILR,Medical,GP,Medicine & Acute Care,GP,51.23,2020-12-28,2021-01-25,20.0,0.53,HCPC,Bank,On Leave,NE158312,2030-02-06,OG758832,2028-02-06,2026-12-31,2021-01-18
EMP0850-20260913_210636,Chelsea,Hunt,palmerfrancesca@example.net,1969-03-06,(0117) 4960960,"50 Diane Groves
Lake Samuelland
L1 0UJ",Male,Valleyview Mental Wellness NHS Trust,Asian,Thailand,Skilled Worker,Medical,GP,Surgery & Cancer,GP,59.23,2020-08-18,2020-09-29,30.0,0.8,NMC,Permanent,On Leave,SS930672,2030-03-16,RO507281,2027-12-20,2027-07-28,2020-09-08
EMP0851-20260913_210636,Lisa,Fox,abigailfreeman@example.net,1961-06-27,029 2018 0306,"5 Kelly Neck
Neilchester
B92 6JR",Male,Meadowbrook Community Health NHS Trust,White,Australia,British Citizen,Admin,Receptionist,Medicine & Acute Care,3,14.75,2020-02-19,2020-03-18,20.0,0.53,None,Fixed Term,Inactive,FV186502,2028-02-08,LY193862,2026-11-27,2027-06-14,2020-03-11
EMP0852-20260913_210636,Leonard,Bell,harveykaty@example.com,2002-12-02,+44(0)1632 960 242,"Studio 4
Janice Parkways
New Phillip
HS6 5HQ",Female,Broadfield Clinical Services NHS Trust,Black,Ghana,Dependent,Nursing,Healthcare Assistant,Corporate Services,2,12.83,2018-04-19,2018-05-31,20.0,0.53,HCPC,Permanent,Inactive,JV645458,2029-06-12,KJ445581,2027-06-01,2027-05-12,2018-05-10
EMP0853-20260913_210636,Neil,Brookes,hjackson@example.org,1979-06-11,+44117 4960677,"50 Mohamed Locks
West Lorraine
SS72 2LH",Female,Midlands Central Hospitals NHS Trust,Mixed,South Africa,Skilled Worker,Admin,Medical Secretary,Clinical Support Services,4,19.33,2026-08-26,2026-09-23,20.0,0.53,NMC,Permanent,On Leave,TU681954,2027-03-22,SD830731,2029-11-01,2027-01-29,2026-09-16
EMP0854-20260913_210636,Terry,Freeman,robertsantony@example.com,1999-02-02,0141 496 0675,"Flat 48S
Morley Prairie
Valerieland
LA9E 5YX",Male,Valleyview Mental Wellness NHS Trust,Mixed,India,Skilled Worker,Admin,Medical Secretary,Clinical Support Services,4,18.92,2022-01-22,2022-03-05,37.5,1.0,NMC,Fixed Term,On Leave,EV983912,2028-10-13,WB289221,2031-07-17,2027-02-09,2022-02-12
EMP0855-20260913_210636,Abigail,Cole,gordon86@example.com,1975-07-20,01914960672,"76 Scott Center
Karenside
CH20 1WE",Male,Southvale Hospitals NHS Trust,Asian,India,Skilled Worker,Nursing,Nursery Nurse,Clinical Support Services,2,12.43,2022-08-11,2022-09-15,37.5,1.0,None,Bank,Inactive,KI112702,2027-10-08,UE852634,2028-09-23,2027-06-02,2022-09-01
EMP0856-20260913_210636,Jayne,Butcher,donnayates@example.com,1964-10-14,(0191) 496 0429,"31 Kathleen Passage
Lake Kathleen
B2 4NQ",Female,Greenhaven Acute & Specialist Care NHS Trust,Black,Nigeria,Dependent,Nursing,Nursery Nurse,Corporate Services,2,12.62,2026-02-09,2026-03-09,20.0,0.53,HCPC,Bank,Inactive,QF445751,2030-05-28,MS016922,2029-06-15,2027-01-08,2026-03-02
EMP0857-20260913_210636,Callum,Jones,shanephillips@example.org,1960-10-08,0191 498 0466,"Studio 3
Joshua Lights
North Rickyfurt
M8E 9ZB",Female,Bluewater Community & Rehabilitation NHS Trust,Mixed,Barbados,Skilled Worker,Admin,Administrator,Surgery & Cancer,3,15.77,2025-07-13,2025-08-17,30.0,0.8,NMC,Permanent,On Leave,MD150253,2031-05-13,XI365511,2030-02-12,2026-10-18,2025-08-03
EMP0858-20260913_210636,Richard,Berry,brenda49@example.net,1963-01-18,+44289018050,"Flat 92
Ross Vista
North Olivia
S0 6UR",Male,Greenhaven Acute & Specialist Care NHS Trust,Mixed,South Africa,ILR,AHP,Pharmacist,Emergency & Urgent Care,5,21.6,2025-09-13,2025-10-11,20.0,0.53,NMC,Permanent,Active,ZE213219,2028-03-07,FB363715,2027-04-14,2027-06-30,2025-10-04
EMP0859-20260913_210636,Clifford,Brown,bscott@example.net,1989-06-17,+44(0)1514960160,"Studio 0
Diane Green
Lake Rebecca
L22 8NY",Male,Horizon Integrated Health Partnership NHS Trust,White,New Zealand,British Citizen,Admin,Medical Secretary,Critical Care & Anaesthesia,4,16.44,2017-06-03,2017-07-01,18.75,0.5,NMC,Fixed Term,On Leave,LY703609,2031-07-08,EF642181,2028-10-05,2027-07-13,2017-06-24
EMP0860-20260913_210636,Christine,Hicks,johnsonolivia@example.net,2005-04-21,+441632 960953,"Flat 76
Melanie Mission
Bellchester
S0 5RB",Female,Westborough Acute Care NHS Trust,Asian,India,Skilled Worker,AHP,Speech Therapist,Medicine & Acute Care,6,23.54,2022-10-13,2022-11-17,15.0,0.4,NMC,Permanent,Inactive,RF501835,2030-04-21,RY152902,2028-05-10,2026-10-08,2022-11-03
EMP0861-20260913_210636,Kyle,Mitchell,martinjones@example.com,2000-09-11,+44116 4960365,"145 Price Neck
Port Elainefort
L1J 7GF",Female,Valleyview Mental Wellness NHS Trust,Asian,Thailand,ILR,Medical,Registrar,Critical Care & Anaesthesia,SPR,33.34,2019-10-15,2019-11-12,37.5,1.0,HCPC,Fixed Term,On Leave,DX509003,2026-10-26,ZC098287,2030-12-07,2026-12-12,2019-11-05
EMP0862-20260913_210636,Richard,Stewart,maria10@example.com,2005-02-15,0118 496 0647,"0 Steven Lakes
Marshallton
WF4Y 4JU",Female,Riverbank General Hospitals NHS Trust,Mixed,Jamaica,Skilled Worker,Nursing,Ward Manager,Clinical Support Services,8A,32.23,2024-09-30,2024-10-28,20.0,0.53,GMC,Bank,Inactive,YJ384616,2028-03-16,AY467348,2029-09-16,2027-07-28,2024-10-21
EMP0863-20260913_210636,Clifford,Marshall,alee@example.org,1998-04-04,+44(0)808 157 0088,"Flat 38G
Lewis Neck
Leslieberg
L14 5JJ",Female,Lakeside District Hospitals NHS Trust,Black,Nigeria,British Citizen,Medical,SHO,Surgery & Cancer,SHO,30.51,2024-10-05,2024-11-02,37.5,1.0,HCPC,Fixed Term,On Leave,NZ201747,2029-04-11,RJ179229,2028-05-17,2026-09-13,2024-10-26
EMP0864-20260913_210636,Gregory,Briggs,sarahlee@example.org,1981-08-04,(0116) 496 0041,"1 Griffiths Route
Ashleyport
N8 5PU",Female,Broadfield Clinical Services NHS Trust,Asian,China,ILR,Medical,Registrar,Corporate Services,SPR,38.19,2023-01-30,2023-03-06,20.0,0.53,GMC,Permanent,Suspended,BI930960,2030-10-09,ZY996931,2030-03-09,2027-06-16,2023-02-20
EMP0865-20260913_210636,Jeffrey,Gill,katkinson@example.net,1971-01-17,01914960184,"Flat 07Q
John Meadows
Charlesburgh
IP59 6WR",Male,Midlands Central Hospitals NHS Trust,Asian,China,British Citizen,AHP,Physiotherapist,Corporate Services,6,26.36,2017-01-08,2017-02-12,18.75,0.5,None,Permanent,On Leave,VY970399,2029-10-18,QV841602,2028-10-12,2026-10-20,2017-01-29
EMP0866-20260913_210636,Leigh,Chadwick,begumdamien@example.org,1991-10-02,01614960991,"64 Brooks Dam
New Harrietberg
SP61 1UG",Female,Midlands Central Hospitals NHS Trust,Mixed,India,Skilled Worker,Nursing,Charge Nurse,Clinical Support Services,7,26.94,2025-10-24,2025-12-05,30.0,0.8,GMC,Fixed Term,Inactive,HS102185,2031-05-03,LX091272,2029-12-04,2026-10-09,2025-11-14
EMP0867-20260913_210636,Callum,Williams,roybrown@example.org,1984-02-01,+44(0)151 496 0978,"Studio 3
Lee Key
Hallfurt
NP9N 5ZZ",Male,Bluewater Community & Rehabilitation NHS Trust,White,Canada,Dependent,AHP,Physiologist,Medicine & Acute Care,6,24.46,2026-06-23,2026-07-28,15.0,0.4,GMC,Bank,Suspended,CQ643129,2030-05-05,XN437048,2029-12-02,2027-06-19,2026-07-14
EMP0868-20260913_210636,Brian,Holt,richardsonstacey@example.com,1973-08-31,(01632) 960542,"Flat 98
Cox Branch
Andrewborough
SY23 8UQ",Female,Bluewater Community & Rehabilitation NHS Trust,Black,Kenya,Dependent,Medical,FY1/FY2,Emergency & Urgent Care,FY1,18.98,2017-05-26,2017-06-23,20.0,0.53,None,Bank,On Leave,ZJ379707,2031-08-02,WC585918,2030-04-24,2027-07-03,2017-06-16
EMP0869-20260913_210636,Carol,Cook,geoffreystone@example.org,1994-10-05,0909 8790627,"33 Hutchinson Freeway
North Seanborough
G9 8FN",Male,Northshire University Hospitals NHS Trust,Black,Jamaica,Dependent,Medical,Consultant,Clinical Support Services,CONS,55.76,2019-10-02,2019-10-30,20.0,0.53,NMC,Bank,On Leave,JI947174,2027-06-26,LW911658,2030-05-22,2027-04-08,2019-10-23
EMP0870-20260913_210636,Elliot,Taylor,ellisderek@example.net,1984-09-22,0161 496 0306,"Flat 4
Kemp Mills
Pamelashire
TD3 3AD",Female,Hillcrest Medical Centres NHS Trust,White,Canada,ILR,Medical,Registrar,Critical Care & Anaesthesia,SPR,35.24,2025-12-30,2026-02-10,20.0,0.53,GMC,Fixed Term,On Leave,KJ835774,2030-09-07,OJ337482,2028-05-21,2026-11-21,2026-01-20
EMP0871-20260913_210636,Philip,Allen,georgiasykes@example.net,1970-03-25,+44(0)909 879 0365,"Studio 67u
Andrew Alley
Jonesmouth
G4U 0ZF",Female,Northshire University Hospitals NHS Trust,Asian,Japan,Dependent,AHP,Occupational Therapist,Surgery & Cancer,6,23.92,2025-11-10,2025-12-22,18.75,0.5,NMC,Bank,Suspended,CN061211,2030-03-08,PC191312,2027-01-07,2026-11-15,2025-12-01
EMP0872-20260913_210636,Clifford,Bird,liamgough@example.org,1961-11-14,(0131) 496 0374,"Studio 9
Anderson Club
Mortonfurt
EC83 1ND",Female,Midlands Central Hospitals NHS Trust,White,Canada,Skilled Worker,Admin,Receptionist,Corporate Services,3,13.74,2019-04-17,2019-05-22,20.0,0.53,NMC,Bank,Inactive,QH003785,2031-02-28,LN606424,2030-09-07,2026-10-17,2019-05-08
EMP0873-20260913_210636,Lisa,Jenkins,foxdorothy@example.org,1972-09-21,+44(0)131 4960264,"3 Walker Hill
Stephenport
SL5W 2LS",Female,Riverbank General Hospitals NHS Trust,White,United Kingdom,ILR,Medical,SHO,Women & Children,SHO,23.11,2019-10-29,2019-11-26,30.0,0.8,NMC,Fixed Term,Suspended,ER836757,2030-01-11,CY982357,2031-08-17,2027-01-31,2019-11-19
EMP0874-20260913_210636,Sylvia,Black,nwhite@example.net,2005-12-05,(0114)4960816,"11 Benson Island
Vincentbury
E6 2PL",Female,Westborough Acute Care NHS Trust,Mixed,India,British Citizen,AHP,Physiologist,Surgery & Cancer,6,27.16,2019-11-20,2019-12-18,18.75,0.5,NMC,Bank,Active,JD870272,2028-05-29,DN085096,2028-12-09,2026-09-17,2019-12-11
EMP0875-20260913_210636,Josh,Yates,halllee@example.com,1977-07-15,+44(0)114 496 0938,"Flat 53
Palmer Burgs
Port Margaretport
BR73 2FR",Female,Eastfield Psychological Services NHS Trust,Black,Barbados,ILR,Medical,Registrar,Women & Children,SPR,37.4,2026-01-14,2026-02-18,15.0,0.4,NMC,Bank,Inactive,WI613045,2027-09-09,LY117633,2027-10-28,2027-06-17,2026-02-04
EMP0876-20260913_210636,Georgia,Hunter,ewatson@example.net,1989-06-21,+44151 4960231,"Studio 0
Mohamed Park
West Howard
SE02 6FD",Female,Broadfield Clinical Services NHS Trust,Black,South Africa,Skilled Worker,AHP,Physiologist,Critical Care & Anaesthesia,6,24.61,2022-06-06,2022-07-11,15.0,0.4,HCPC,Fixed Term,Active,VL385296,2030-08-13,AL278197,2028-03-03,2026-11-01,2022-06-27
EMP0877-20260913_210636,Mohammad,Read,hilarycooper@example.org,2003-12-10,(0909) 879 0642,"7 Howard Village
Clarkeside
G8 4RL",Female,Midlands Central Hospitals NHS Trust,Asian,Thailand,ILR,Nursing,Charge Nurse,Critical Care & Anaesthesia,7,27.63,2024-02-09,2024-03-15,18.75,0.5,NMC,Bank,On Leave,FU452951,2027-05-06,MS986799,2027-07-17,2027-06-26,2024-03-01
EMP0878-20260913_210636,Hazel,Miles,teresa70@example.com,1971-03-09,03069990773,"152 Jean Trail
Turnertown
WC0 5EB",Male,Greenhaven Acute & Specialist Care NHS Trust,White,United States,Skilled Worker,Nursing,Staff Nurse,Surgery & Cancer,5,21.05,2018-11-22,2019-01-03,20.0,0.53,None,Bank,Inactive,YF245642,2029-04-15,DW802327,2029-12-20,2027-02-17,2018-12-13
EMP0879-20260913_210636,Jeffrey,Barber,smithalison@example.org,2005-08-13,+44(0)20 7496 0428,"61 Bethany Divide
Raymondfort
S6K 7DQ",Female,Riverbank General Hospitals NHS Trust,Black,Kenya,British Citizen,AHP,Physiologist,Emergency & Urgent Care,6,24.4,2021-05-21,2021-07-02,30.0,0.8,NMC,Bank,Suspended,FA749839,2031-07-20,PG615335,2031-01-09,2027-08-09,2021-06-11
EMP0880-20260913_210636,Kirsty,Jordan,michelleallen@example.org,2005-07-18,(0116) 496 0852,"357 Allen Squares
Cameronmouth
S75 0HT",Male,Lakeside District Hospitals NHS Trust,Asian,Thailand,British Citizen,Nursing,Ward Manager,Corporate Services,8A,30.76,2018-01-21,2018-03-04,20.0,0.53,HCPC,Permanent,Inactive,GX495498,2027-08-19,QL060119,2028-09-12,2026-11-25,2018-02-11
EMP0881-20260913_210636,Patricia,Hill,brownjayne@example.com,1993-10-07,01414960009,"Studio 53a
Elliot Lakes
North Peterside
RG36 5TE",Female,Greenhaven Acute & Specialist Care NHS Trust,Mixed,India,Skilled Worker,Medical,Consultant,Clinical Support Services,CONS,54.34,2022-02-15,2022-03-29,20.0,0.53,HCPC,Bank,Inactive,VB479024,2030-04-12,YE073175,2028-10-10,2027-02-19,2022-03-08
EMP0882-20260913_210636,Alan,Wall,rjohnson@example.com,1999-02-03,(0118)4960740,"03 Karl Row
New Amymouth
L66 8AX",Female,Eastmoor Teaching Hospitals NHS Trust,Asian,Thailand,Skilled Worker,Nursing,Nursery Nurse,Women & Children,2,13.36,2018-06-02,2018-07-07,37.5,1.0,None,Permanent,On Leave,QJ736921,2030-06-11,LL949006,2028-07-28,2027-04-03,2018-06-23
EMP0883-20260913_210636,Justin,Roberts,batespatricia@example.org,1974-05-12,01314960164,"9 Smith Spring
West Dylan
S4 1SU",Male,Southgate Community & Mental Health NHS Trust,White,United Kingdom,British Citizen,Nursing,Senior Staff Nurse,Emergency & Urgent Care,6,23.38,2024-11-29,2025-01-03,30.0,0.8,GMC,Permanent,Suspended,NR640311,2027-08-27,MA219223,2031-05-07,2027-08-25,2024-12-20
EMP0884-20260913_210636,Caroline,Harris,ethompson@example.com,1997-09-14,(0191)4960773,"Studio 75X
Trevor Springs
Hawkinston
N4 5BE",Female,Lakeside District Hospitals NHS Trust,Black,Jamaica,ILR,Medical,Registrar,Critical Care & Anaesthesia,SPR,42.76,2022-08-09,2022-09-06,30.0,0.8,GMC,Permanent,Inactive,VG368155,2029-08-26,RL696322,2028-08-28,2026-09-22,2022-08-30
EMP0885-20260913_210636,Ronald,Green,qpowell@example.net,1965-01-03,0131 4960786,"Flat 36k
Sutton Dale
Hardingfurt
BL7A 3GB",Male,Greenhaven Acute & Specialist Care NHS Trust,Black,Trinidad and Tobago,Dependent,Admin,Data Analyst,Women & Children,8A,35.6,2018-09-01,2018-09-29,37.5,1.0,GMC,Fixed Term,On Leave,QR337191,2030-12-24,BX870072,2029-05-15,2027-08-04,2018-09-22
EMP0886-20260913_210636,Lydia,Bennett,paige67@example.com,2004-09-11,+44(0)1614960053,"Flat 42
Watson Ridge
Charliefurt
M11 6RE",Male,Greenhaven Acute & Specialist Care NHS Trust,Mixed,United Kingdom,ILR,Nursing,Nursery Nurse,Emergency & Urgent Care,2,13.51,2024-10-13,2024-11-24,18.75,0.5,GMC,Permanent,On Leave,RU385304,2026-11-21,MZ979887,2028-02-23,2027-07-12,2024-11-03
EMP0887-20260913_210636,Mohamed,Long,cgill@example.org,2007-02-03,(0151) 4960520,"Flat 70W
Bruce Fields
Abigailshire
TS8 9XA",Male,Oakridge Community Services NHS Trust,Asian,Thailand,Skilled Worker,Nursing,Nursery Nurse,Women & Children,2,12.98,2024-10-30,2024-12-11,37.5,1.0,GMC,Bank,On Leave,QI428424,2030-01-08,RJ350081,2027-07-05,2027-09-08,2024-11-20
EMP0888-20260913_210636,Patricia,White,joecox@example.net,2005-11-14,+44909 879 0919,"258 Katie Greens
Port Glenn
B9H 2NS",Female,Oakridge Community Services NHS Trust,Mixed,New Zealand,Dependent,Medical,Consultant,Emergency & Urgent Care,CONS,49.25,2022-10-30,2022-12-11,30.0,0.8,None,Bank,Suspended,AG170432,2028-06-10,IJ612960,2027-04-08,2027-08-07,2022-11-20
EMP0889-20260913_210636,Jake,Wood,bryanpickering@example.org,2008-02-07,(0118) 496 0727,"0 Fletcher Lake
North Phillip
W33 0BU",Male,Bluewater Community & Rehabilitation NHS Trust,Asian,China,Skilled Worker,AHP,Speech Therapist,Women & Children,6,25.39,2023-10-26,2023-11-30,18.75,0.5,None,Permanent,Inactive,AA284602,2030-07-22,HN063546,2031-04-26,2026-12-18,2023-11-16
EMP0890-20260913_210636,Liam,Clark,karennorman@example.org,1987-08-27,0116 4960883,"Flat 6
Clark Crest
East Aimee
W1 6ZE",Female,Lakeside District Hospitals NHS Trust,Black,South Africa,Dependent,Medical,SHO,Medicine & Acute Care,SHO,27.38,2017-04-28,2017-06-09,20.0,0.53,NMC,Fixed Term,Suspended,SM936931,2031-08-07,GL093844,2026-10-24,2026-11-08,2017-05-19
EMP0891-20260913_210636,Leanne,Brooks,tsmith@example.net,2004-05-16,0909 8790603,"58 Simon Wall
Khanshire
TS9H 5GX",Male,Broadfield Clinical Services NHS Trust,Mixed,Kenya,ILR,AHP,Physiologist,Medicine & Acute Care,6,26.11,2018-09-03,2018-10-08,20.0,0.53,NMC,Permanent,Suspended,WS319200,2027-11-05,QF080482,2029-08-15,2027-02-18,2018-09-24
EMP0892-20260913_210636,Vincent,Barlow,xchambers@example.org,1981-05-15,+44(0)1134960742,"974 Geoffrey Knoll
Farrellstad
M8E 6BE",Female,Westmere Community Health NHS Trust,White,New Zealand,Skilled Worker,Medical,FY1/FY2,Surgery & Cancer,FY1,19.07,2019-04-16,2019-05-14,15.0,0.4,GMC,Fixed Term,Suspended,RN662506,2027-04-26,CU824360,2031-03-25,2027-05-13,2019-05-07
EMP0893-20260913_210636,Guy,Hill,ballrobin@example.org,1986-07-03,(0808) 157 0999,"23 Gilbert Squares
Bensonmouth
B02 2ZP",Female,Westborough Acute Care NHS Trust,Asian,India,Dependent,Nursing,Charge Nurse,Clinical Support Services,7,26.88,2021-08-20,2021-09-17,37.5,1.0,GMC,Fixed Term,On Leave,NG679878,2029-04-30,PS345160,2027-08-11,2026-12-04,2021-09-10
EMP0894-20260913_210636,Victor,Brady,jemmawhite@example.com,1986-10-17,(0151) 4960203,"Studio 09W
Conor Crest
Talbotbury
GU3 3HQ",Female,Broadfield Clinical Services NHS Trust,Mixed,Australia,Skilled Worker,Medical,SHO,Surgery & Cancer,SHO,29.17,2021-01-17,2021-02-14,20.0,0.53,HCPC,Bank,On Leave,BO799679,2030-06-15,DB605233,2028-02-03,2027-01-02,2021-02-07
EMP0895-20260913_210636,Bethan,Smith,rileyjoan@example.org,1977-04-10,+449098790942,"Flat 15t
Edwards Path
Johnsonland
G8K 0SZ",Male,Eastfield Psychological Services NHS Trust,Asian,China,British Citizen,Medical,Registrar,Clinical Support Services,SPR,37.92,2021-02-16,2021-03-23,30.0,0.8,NMC,Fixed Term,Inactive,OC440792,2028-11-10,PS216840,2031-01-30,2027-08-21,2021-03-09
EMP0896-20260913_210636,Amber,Ward,shawjasmine@example.net,1973-07-27,(0191)4960080,"Studio 20k
Robinson Terrace
North Julie
KA06 9BJ",Female,Broadfield Clinical Services NHS Trust,Mixed,South Africa,British Citizen,Admin,Receptionist,Corporate Services,3,15.23,2022-12-17,2023-01-14,20.0,0.53,GMC,Permanent,Inactive,GY681927,2030-04-04,WJ635920,2029-11-01,2026-11-01,2023-01-07
EMP0897-20260913_210636,Kieran,Williams,sara03@example.org,1999-11-23,0114 4960481,"376 Amelia Mount
South Fiona
HD2X 1GD",Female,Broadfield Clinical Services NHS Trust,White,United States,Dependent,Admin,Administrator,Critical Care & Anaesthesia,3,14.44,2024-05-28,2024-06-25,37.5,1.0,None,Fixed Term,On Leave,TG601968,2031-05-13,KX344673,2030-03-26,2027-02-11,2024-06-18
EMP0898-20260913_210636,Phillip,Jones,smithdorothy@example.org,1965-04-08,+44(0)29 2018 0033,"Studio 46
Terence Harbor
South Claire
N5J 4ZQ",Female,Horizon Integrated Health Partnership NHS Trust,Black,Ghana,ILR,Medical,Registrar,Emergency & Urgent Care,SPR,40.67,2021-05-29,2021-07-10,37.5,1.0,HCPC,Bank,Active,JD627894,2030-08-24,XS841027,2027-03-05,2026-10-28,2021-06-19
EMP0899-20260913_210636,Arthur,McCarthy,hendersonraymond@example.com,1993-03-29,+44(0)1174960283,"402 Tina Stream
New Damienview
RH7E 4AT",Female,Westborough Acute Care NHS Trust,Black,Trinidad and Tobago,ILR,Admin,Administrator,Emergency & Urgent Care,3,14.93,2025-09-17,2025-10-22,15.0,0.4,GMC,Permanent,Active,GH145254,2027-07-03,MT251179,2026-11-30,2026-12-21,2025-10-08
EMP0900-20260913_210636,Dean,Thomas,kyle07@example.net,1990-02-16,+44306 9990140,"Studio 61X
Clare Curve
Watkinsmouth
G1 9XG",Male,Greenhaven Acute & Specialist Care NHS Trust,Black,Ghana,Skilled Worker,Admin,Receptionist,Emergency & Urgent Care,3,15.65,2020-12-18,2021-01-22,30.0,0.8,HCPC,Bank,On Leave,NG712958,2029-09-28,EE065963,2027-10-13,2027-06-01,2021-01-08
EMP0901-20260913_210636,Carol,Hayward,turnerjoseph@example.net,2001-08-11,+44(0)20 7496 0303,"770 Charlotte Village
Patelton
EN81 9LN",Female,Northwood Mental Health NHS Trust,Mixed,United Kingdom,British Citizen,Medical,Registrar,Medicine & Acute Care,SPR,34.63,2022-05-02,2022-06-06,30.0,0.8,None,Bank,On Leave,JH769120,2030-11-12,YZ713917,2031-03-06,2027-05-27,2022-05-23
EMP0902-20260913_210636,Duncan,Griffin,rebecca47@example.net,1967-10-17,+44(0)306 999 0498,"Studio 76
Christian Drive
Lake Charlotte
HA10 4ND",Female,Riverside Integrated Care NHS Trust,Black,Kenya,ILR,Nursing,Ward Manager,Emergency & Urgent Care,8A,29.29,2018-05-25,2018-07-06,30.0,0.8,NMC,Bank,Suspended,KN067234,2027-08-16,WK966430,2031-06-17,2027-02-28,2018-06-15
EMP0903-20260913_210636,Kate,Smith,ibrown@example.org,1982-01-11,+44(0)114 4960500,"182 Josh Estates
Port Darrenshire
CM0R 4FU",Male,Southgate Community & Mental Health NHS Trust,White,New Zealand,Dependent,Nursing,Ward Manager,Critical Care & Anaesthesia,8A,32.83,2021-11-15,2021-12-27,30.0,0.8,GMC,Fixed Term,Active,NV941087,2031-03-08,EV694052,2031-08-22,2027-05-16,2021-12-06
EMP0904-20260913_210636,Beth,Hammond,rowleykyle@example.net,2003-07-02,+441134960698,"19 Yates Coves
North Roberttown
S3D 0XY",Male,Westborough Acute Care NHS Trust,Black,Trinidad and Tobago,Skilled Worker,Admin,Data Analyst,Medicine & Acute Care,8A,29.14,2026-06-05,2026-07-03,30.0,0.8,NMC,Fixed Term,Suspended,TA318608,2031-04-12,JU238310,2029-08-11,2026-11-24,2026-06-26
EMP0905-20260913_210636,Simon,Herbert,jeffreythomas@example.net,1979-12-09,(029) 2018 0968,"5 Brown Islands
East Rachael
ZE0 1JZ",Female,Broadfield Clinical Services NHS Trust,Asian,China,ILR,Admin,Medical Secretary,Corporate Services,4,18.18,2023-01-19,2023-02-16,37.5,1.0,None,Fixed Term,Active,EJ040937,2031-07-18,WJ364292,2030-08-10,2026-10-05,2023-02-09
EMP0906-20260913_210636,Laura,Parry,brownchristian@example.net,1978-10-24,(01632)960982,"077 Jacob Creek
Brandonville
S6 0EJ",Male,Oakridge Community Services NHS Trust,Black,Kenya,Skilled Worker,AHP,Radiographer,Women & Children,6,25.24,2021-03-19,2021-04-23,20.0,0.53,None,Bank,Suspended,HX371388,2030-10-10,ZE543905,2028-09-29,2026-10-08,2021-04-09
EMP0907-20260913_210636,Paige,Hicks,george17@example.org,1990-07-03,+44(0)117 4960625,"8 Gill Rest
Whiteton
S1 1GJ",Male,Riverbank General Hospitals NHS Trust,Asian,India,British Citizen,Nursing,Senior Staff Nurse,Emergency & Urgent Care,6,25.99,2024-01-19,2024-02-23,18.75,0.5,None,Permanent,On Leave,QP379702,2029-12-07,VQ151744,2030-07-23,2027-01-01,2024-02-09
EMP0908-20260913_210636,Matthew,Jones,natalieahmed@example.net,1967-01-26,+448081570496,"Flat 71d
Danny Wells
Normanchester
L9J 8WU",Female,Southvale Hospitals NHS Trust,Mixed,China,ILR,Nursing,Charge Nurse,Emergency & Urgent Care,7,32.99,2020-11-30,2020-12-28,20.0,0.53,None,Permanent,Suspended,JX329681,2028-10-06,HP052238,2028-10-02,2027-01-05,2020-12-21
EMP0909-20260913_210636,Iain,Andrews,jspencer@example.org,1962-07-17,(0116) 4960076,"8 Gary Skyway
North Sarah
G06 0XZ",Female,Westborough Acute Care NHS Trust,Asian,Thailand,ILR,Medical,FY1/FY2,Clinical Support Services,FY1,20.23,2020-01-29,2020-03-04,30.0,0.8,GMC,Permanent,On Leave,WV693232,2030-11-29,LD783992,2027-12-06,2026-10-05,2020-02-19
EMP0910-20260913_210636,Christopher,Carter,albert29@example.org,1979-09-27,01632 960594,"Flat 72D
Andrew Divide
Kayborough
M8 2QD",Male,Eastfield Psychological Services NHS Trust,Black,Ghana,British Citizen,Admin,Medical Secretary,Corporate Services,4,15.48,2022-12-13,2023-01-24,15.0,0.4,GMC,Fixed Term,Suspended,OT844970,2028-05-25,LW157667,2028-10-18,2027-07-07,2023-01-03
EMP0911-20260913_210636,Marian,Smith,thompsonarthur@example.org,1969-01-12,(0118) 4960624,"Flat 2
Lynne Glen
Geoffreyborough
ML3 1WE",Male,Meadowbrook Community Health NHS Trust,Mixed,Barbados,ILR,Nursing,Senior Staff Nurse,Clinical Support Services,6,23.83,2020-06-09,2020-07-21,20.0,0.53,HCPC,Bank,Active,VW267333,2029-10-28,FW817903,2026-10-24,2027-05-27,2020-06-30
EMP0912-20260913_210636,Elizabeth,Jones,yjohnson@example.org,1969-07-20,0118 4960540,"630 Robert Bridge
South Carolinemouth
N1 0YG",Female,Valleyview Mental Wellness NHS Trust,Black,Ghana,ILR,Nursing,Nursery Nurse,Critical Care & Anaesthesia,2,12.95,2026-05-26,2026-06-30,18.75,0.5,GMC,Bank,Active,DI043396,2026-10-13,OX341484,2031-07-12,2027-06-23,2026-06-16
EMP0913-20260913_210636,Clive,Moore,darrenwoods@example.net,1961-12-28,01632 960636,"4 Morris Ford
Barbaramouth
N39 7JR",Female,Westborough Acute Care NHS Trust,Mixed,Barbados,British Citizen,Medical,Registrar,Surgery & Cancer,SPR,38.07,2022-04-11,2022-05-09,18.75,0.5,NMC,Bank,Suspended,AV232164,2030-04-07,VB187102,2027-12-29,2027-08-30,2022-05-02
EMP0914-20260913_210636,Paul,Cooke,marian58@example.org,1999-07-08,01164960872,"839 Hilary Shoal
East Paulineberg
W6J 3YL",Female,Meadowbrook Community Health NHS Trust,Black,Trinidad and Tobago,British Citizen,Medical,FY1/FY2,Emergency & Urgent Care,FY1,18.69,2022-03-03,2022-04-14,18.75,0.5,GMC,Permanent,Inactive,XM557170,2030-10-27,IU693547,2026-10-20,2027-06-11,2022-03-24
EMP0915-20260913_210636,Louise,Nelson,wgoddard@example.org,2001-10-31,(0151) 4960207,"Flat 82B
Cooper Pines
New Jeffreyport
ST77 6JU",Female,Greenhaven Acute & Specialist Care NHS Trust,Asian,China,Dependent,Nursing,Ward Manager,Women & Children,8A,30.81,2022-04-18,2022-05-16,15.0,0.4,NMC,Fixed Term,Suspended,SA523371,2028-03-27,BM643113,2027-08-08,2026-12-10,2022-05-09
EMP0916-20260913_210636,Gillian,Davies,michael99@example.com,1992-08-10,+44161 496 0799,"616 Denis Track
New Adammouth
CF02 1GB",Male,Meadowbrook Community Health NHS Trust,White,Canada,Skilled Worker,Medical,Registrar,Women & Children,SPR,39.16,2018-05-31,2018-07-12,20.0,0.53,HCPC,Fixed Term,Active,ZE734471,2029-05-12,ZB621906,2029-03-10,2027-04-30,2018-06-21
EMP0917-20260913_210636,Judith,Nelson,jperry@example.net,1964-09-19,(0808) 157 0652,"Studio 50
Brown Cliffs
Robertsburgh
M5S 9LR",Male,Hillcrest Medical Centres NHS Trust,Mixed,India,Dependent,Nursing,Ward Manager,Critical Care & Anaesthesia,8A,34.94,2025-11-14,2025-12-12,20.0,0.53,GMC,Fixed Term,Inactive,AA854292,2028-10-20,NK778098,2027-05-18,2027-02-16,2025-12-05
EMP0918-20260913_210636,Gemma,Stevenson,katie92@example.org,1987-03-27,(0306)9990383,"Studio 5
Francis Viaduct
Jamesburgh
B5 4XG",Female,Meadowbrook Community Health NHS Trust,Mixed,Trinidad and Tobago,ILR,AHP,Speech Therapist,Emergency & Urgent Care,6,23.8,2024-11-15,2024-12-13,18.75,0.5,NMC,Fixed Term,Inactive,SJ865579,2030-07-27,PU873209,2027-05-14,2027-01-30,2024-12-06
EMP0919-20260913_210636,Max,Noble,thomastom@example.org,1963-10-28,+441134960592,"Flat 2
Williams Locks
Frederickchester
S9 3TJ",Male,Bluewater Community & Rehabilitation NHS Trust,Black,Ghana,ILR,Admin,Medical Secretary,Women & Children,4,16.31,2020-01-08,2020-02-12,15.0,0.4,GMC,Bank,Suspended,EM746196,2026-12-11,JT974183,2029-05-06,2027-03-06,2020-01-29
EMP0920-20260913_210636,Sam,Smith,adam47@example.org,1982-11-18,01632 960 440,"255 Smith Rest
Port Stephen
E01 2DF",Female,Southvale Hospitals NHS Trust,Asian,Thailand,ILR,Medical,SHO,Surgery & Cancer,SHO,27.42,2026-08-10,2026-09-21,20.0,0.53,GMC,Permanent,Suspended,NC389314,2030-02-15,QQ938119,2030-04-28,2026-10-02,2026-08-31
EMP0921-20260913_210636,Kenneth,Fitzgerald,aherbert@example.net,1997-02-17,+44114 496 0472,"Flat 38A
Rachael Parkway
Lake Kevinborough
B6 0QN",Female,Valleyview Mental Wellness NHS Trust,Black,Trinidad and Tobago,ILR,Nursing,Charge Nurse,Critical Care & Anaesthesia,7,30.37,2017-01-31,2017-03-07,30.0,0.8,GMC,Fixed Term,On Leave,FM439869,2028-10-30,RM410080,2031-01-20,2027-02-19,2017-02-21
EMP0922-20260913_210636,Francis,Hunt,tperry@example.org,1975-03-30,(0909) 8790440,"12 Gail Terrace
Tracybury
S3 9TW",Female,Northwood Mental Health NHS Trust,Black,Jamaica,Skilled Worker,AHP,Pharmacist,Medicine & Acute Care,5,20.36,2018-09-15,2018-10-27,30.0,0.8,GMC,Fixed Term,Inactive,VL021566,2030-09-15,RR895391,2027-12-18,2027-09-10,2018-10-06
EMP0923-20260913_210636,Edward,Lowe,nclark@example.org,1992-07-20,+441134960665,"Flat 21H
Katie Falls
Woodchester
B00 5JW",Female,Eastfield Psychological Services NHS Trust,Asian,Japan,ILR,Admin,Administrator,Corporate Services,3,14.8,2020-08-18,2020-09-15,30.0,0.8,HCPC,Fixed Term,On Leave,PB411571,2031-01-01,SX978454,2029-07-11,2027-01-28,2020-09-08
EMP0924-20260913_210636,Caroline,Norris,amorton@example.org,1966-08-06,(0161) 4960178,"Studio 00
Macdonald Mountain
Taylorshire
M5D 1RF",Female,Southgate Community & Mental Health NHS Trust,Mixed,Ghana,Skilled Worker,Medical,FY1/FY2,Women & Children,FY1,20.62,2017-01-10,2017-02-21,30.0,0.8,NMC,Permanent,On Leave,MK316134,2029-03-13,LX183977,2030-10-26,2027-02-04,2017-01-31
EMP0925-20260913_210636,Linda,Blake,ewalker@example.org,2002-01-01,028 9018 0111,"1 Frances Rue
Lawsontown
ZE74 1HZ",Male,Hillcrest Medical Centres NHS Trust,Asian,India,British Citizen,AHP,Pharmacist,Medicine & Acute Care,5,22.78,2025-09-27,2025-11-08,20.0,0.53,NMC,Bank,Inactive,XM599544,2027-12-24,ZY300148,2029-07-30,2027-04-03,2025-10-18
EMP0926-20260913_210636,Louis,Finch,bradycarol@example.com,1965-04-19,0161 4960039,"481 Brown Common
North Denisefurt
B06 5GG",Female,Horizon Integrated Health Partnership NHS Trust,Asian,India,Skilled Worker,AHP,Physiotherapist,Critical Care & Anaesthesia,6,25.18,2016-12-12,2017-01-16,15.0,0.4,GMC,Fixed Term,Inactive,ON230527,2031-07-06,PQ794952,2029-03-04,2027-09-08,2017-01-02
EMP0927-20260913_210636,Christian,Ward,awoodward@example.org,1983-11-24,+44118 4960494,"752 Turner Summit
Bernardland
B92 9NH",Male,Bluewater Community & Rehabilitation NHS Trust,Black,Barbados,ILR,Medical,Registrar,Emergency & Urgent Care,SPR,39.14,2023-03-09,2023-04-13,15.0,0.4,NMC,Permanent,Suspended,QQ041130,2027-04-02,OC474843,2029-04-04,2027-08-30,2023-03-30
EMP0928-20260913_210636,Georgia,Ward,elliott55@example.org,1971-01-02,0114 496 0522,"8 Beverley Plaza
East Katy
KA4 1JW",Female,Westmere Community Health NHS Trust,White,Australia,Skilled Worker,AHP,Radiographer,Surgery & Cancer,6,28.21,2018-11-26,2018-12-24,15.0,0.4,GMC,Permanent,Inactive,OR559457,2030-09-19,WM965929,2030-08-26,2027-06-11,2018-12-17
EMP0929-20260913_210636,Owen,Hart,sharonwilson@example.net,1967-06-01,01614960278,"Studio 0
Hall Springs
Port Allan
N47 8NE",Female,Northwood Mental Health NHS Trust,Black,Nigeria,Dependent,Medical,Registrar,Women & Children,SPR,38.43,2017-06-13,2017-07-18,37.5,1.0,GMC,Fixed Term,Active,OQ300457,2026-12-12,NW323508,2027-05-03,2027-08-17,2017-07-04
EMP0930-20260913_210636,Aaron,Graham,pricekirsty@example.org,1997-06-24,028 9018 0609,"9 Timothy View
Youngport
DT93 6DQ",Female,Eastfield Psychological Services NHS Trust,White,Canada,Dependent,Medical,Registrar,Women & Children,SPR,40.48,2025-09-04,2025-10-02,15.0,0.4,None,Permanent,Active,GB722237,2028-12-11,VO037933,2027-03-01,2027-02-02,2025-09-25
EMP0931-20260913_210636,Derek,Blake,adrian52@example.com,1992-12-23,+44(0)289018790,"Studio 94S
Lynda Fall
Hendersonborough
TS2 2FL",Female,Southvale Hospitals NHS Trust,White,United States,Dependent,AHP,Speech Therapist,Emergency & Urgent Care,6,24.52,2020-09-07,2020-10-05,37.5,1.0,NMC,Permanent,On Leave,VL876686,2031-03-04,MV990714,2027-03-31,2027-07-16,2020-09-28
EMP0932-20260913_210636,Beverley,Smith,karlhughes@example.com,1964-07-12,+44141 4960816,"Flat 7
Pauline Squares
New Jacqueline
N1C 0DN",Female,Riverside Integrated Care NHS Trust,White,United Kingdom,ILR,Medical,Registrar,Clinical Support Services,SPR,36.32,2018-11-15,2018-12-20,20.0,0.53,HCPC,Fixed Term,Suspended,VB612529,2027-10-01,JH876449,2030-04-05,2027-03-15,2018-12-06
EMP0933-20260913_210636,Louis,Edwards,rachelholland@example.net,2003-08-11,+44(0)151 496 0863,"Flat 00M
Gary Dam
Annchester
S8K 1AQ",Male,Southvale Hospitals NHS Trust,Black,Trinidad and Tobago,Dependent,AHP,Physiologist,Corporate Services,6,26.74,2023-02-10,2023-03-10,30.0,0.8,HCPC,Bank,Suspended,JV535051,2029-05-10,YR805111,2031-09-02,2026-11-25,2023-03-03
EMP0934-20260913_210636,Alison,Matthews,carly54@example.org,1991-10-03,+44(0)289018873,"20 Ford Corners
Aimeefort
M8U 2TR",Female,Westborough Acute Care NHS Trust,White,Australia,Skilled Worker,Admin,Data Analyst,Medicine & Acute Care,8A,34.76,2024-03-14,2024-04-25,15.0,0.4,GMC,Permanent,Suspended,QS690063,2026-12-16,CH357970,2031-03-18,2027-02-04,2024-04-04
EMP0935-20260913_210636,Tom,Clark,connorarthur@example.com,1994-07-10,(0116) 4960400,"Studio 72
Charlotte Pine
Port Arthur
SK2 6QZ",Male,Southgate Community & Mental Health NHS Trust,Mixed,South Africa,British Citizen,Nursing,Senior Staff Nurse,Medicine & Acute Care,6,23.17,2020-05-11,2020-06-08,20.0,0.53,GMC,Bank,Inactive,LJ099485,2028-03-29,JW138876,2030-11-29,2027-01-22,2020-06-01
EMP0936-20260913_210636,Heather,Sykes,hillmohamed@example.org,2008-08-19,+44(0)289018037,"Studio 83h
O'Brien Row
Paulashire
BA9 0TF",Female,Westborough Acute Care NHS Trust,Asian,China,ILR,Medical,Consultant,Critical Care & Anaesthesia,CONS,53.89,2022-10-01,2022-10-29,30.0,0.8,NMC,Permanent,Suspended,TJ187522,2026-12-20,KG972764,2029-08-19,2027-09-07,2022-10-22
EMP0937-20260913_210636,Stephen,Davies,thomas66@example.org,1974-04-26,(020)74960107,"4 Tracey Radial
Jacquelineborough
IM8 0YD",Female,Northwood Mental Health NHS Trust,Black,Trinidad and Tobago,British Citizen,Nursing,Ward Manager,Emergency & Urgent Care,8A,32.89,2024-07-16,2024-08-27,18.75,0.5,NMC,Fixed Term,Inactive,DG846164,2031-02-18,DY990774,2030-06-15,2027-04-07,2024-08-06
EMP0938-20260913_210636,Nicole,Warner,pbennett@example.com,1979-11-10,+44(0)1632 960862,"31 Martin Shoals
New Albert
BB93 9SH",Male,Bluewater Community & Rehabilitation NHS Trust,Asian,India,British Citizen,AHP,Physiotherapist,Critical Care & Anaesthesia,6,23.76,2018-10-04,2018-11-15,15.0,0.4,GMC,Permanent,Inactive,ZS198474,2029-04-25,EC715482,2027-06-29,2027-02-26,2018-10-25
EMP0939-20260913_210636,Patricia,Simpson,gnicholls@example.com,1991-09-10,0909 8790160,"3 Stewart Fall
New Patriciaberg
W7 8LL",Male,Northwood Mental Health NHS Trust,Black,Nigeria,ILR,Medical,FY1/FY2,Clinical Support Services,FY1,18.49,2016-11-07,2016-12-05,18.75,0.5,NMC,Fixed Term,Inactive,LD353717,2028-12-16,FH288639,2028-10-02,2027-08-08,2016-11-28
EMP0940-20260913_210636,Conor,Riley,clarkeian@example.org,2007-01-12,09098790577,"Studio 5
Simon Square
West Annashire
N3H 0AS",Female,Eastmoor Teaching Hospitals NHS Trust,Black,Nigeria,British Citizen,Medical,Registrar,Critical Care & Anaesthesia,SPR,35.43,2018-09-27,2018-11-01,20.0,0.53,HCPC,Permanent,Inactive,CT920045,2027-12-30,VA632319,2027-05-26,2027-01-04,2018-10-18
EMP0941-20260913_210636,Barry,Osborne,nicholsondean@example.org,1992-01-23,01184960429,"Flat 80
Francesca Spring
Katherinetown
S6 4LB",Female,Northshire University Hospitals NHS Trust,White,United States,Dependent,Medical,Consultant,Women & Children,CONS,67.29,2023-10-07,2023-11-04,37.5,1.0,GMC,Bank,Inactive,OK612609,2030-01-19,IJ405568,2029-10-10,2026-12-22,2023-10-28
EMP0942-20260913_210636,Roy,Sheppard,carolyn51@example.org,1986-01-19,(020) 74960373,"941 Graeme Coves
East Tobyside
W9A 7RP",Female,Northshire University Hospitals NHS Trust,Black,Trinidad and Tobago,ILR,Admin,Medical Secretary,Emergency & Urgent Care,4,16.32,2017-06-09,2017-07-07,15.0,0.4,None,Permanent,Active,CQ973199,2026-09-13,IQ783997,2028-09-25,2027-06-09,2017-06-30
EMP0943-20260913_210636,Allan,Adams,matthewsmichelle@example.org,1966-06-02,+44113 4960949,"62 Green Ridge
Powellton
BD0A 9NB",Male,Meadowbrook Community Health NHS Trust,Mixed,United States,Skilled Worker,Medical,GP,Women & Children,GP,54.81,2017-03-26,2017-05-07,18.75,0.5,GMC,Fixed Term,Inactive,DM386372,2027-10-29,DL271371,2029-04-13,2027-05-22,2017-04-16
EMP0944-20260913_210636,Stephen,Parsons,jsimpson@example.org,1970-09-04,0114 4960456,"Flat 31
Barbara Fields
North Dawn
W5H 8GZ",Female,Meadowbrook Community Health NHS Trust,Black,Kenya,Skilled Worker,Nursing,Senior Staff Nurse,Emergency & Urgent Care,6,26.03,2021-10-26,2021-11-30,15.0,0.4,GMC,Permanent,Suspended,BV982413,2031-01-26,NI147994,2030-11-30,2027-02-20,2021-11-16
EMP0945-20260913_210636,Donna,Atkinson,award@example.com,1975-11-11,+44191 496 0721,"Studio 53
Joe Forges
Justinstad
LA24 5LL",Male,Broadfield Clinical Services NHS Trust,Mixed,South Africa,ILR,Medical,Consultant,Surgery & Cancer,CONS,62.6,2025-01-03,2025-01-31,30.0,0.8,None,Permanent,Inactive,PV679162,2027-07-17,QG076569,2027-05-05,2027-02-09,2025-01-24
EMP0946-20260913_210636,Joseph,Jones,acarter@example.com,1965-10-17,(0116) 496 0616,"Flat 8
Lloyd Hill
Lake Michelle
RM0V 6DB",Female,Meadowbrook Community Health NHS Trust,Mixed,Canada,British Citizen,AHP,Speech Therapist,Critical Care & Anaesthesia,6,27.28,2019-07-17,2019-08-21,15.0,0.4,GMC,Bank,On Leave,VU982450,2029-02-09,KV333109,2029-04-26,2027-03-23,2019-08-07
EMP0947-20260913_210636,Denis,Bell,emma02@example.org,2006-11-20,(0117) 4960736,"Studio 5
Garry Road
Chandlerview
ME0V 8XW",Female,Riverside Integrated Care NHS Trust,Black,Ghana,Skilled Worker,Medical,Consultant,Corporate Services,CONS,71.73,2020-07-21,2020-08-18,18.75,0.5,None,Bank,Inactive,LN987793,2028-08-25,JC425830,2031-08-03,2027-03-06,2020-08-11
EMP0948-20260913_210636,Barbara,Owen,stuart07@example.net,1988-05-02,028 9018694,"0 Carly Courts
West Philipborough
N6K 5TF",Male,Bluewater Community & Rehabilitation NHS Trust,White,Australia,British Citizen,Nursing,Charge Nurse,Medicine & Acute Care,7,30.46,2019-12-01,2020-01-05,37.5,1.0,HCPC,Fixed Term,On Leave,UA677766,2027-08-06,XW175783,2029-06-15,2026-11-05,2019-12-22
EMP0949-20260913_210636,Darren,Cole,jwhite@example.net,2006-07-05,(0151) 496 0136,"2 Wright Ridges
Evansport
N91 4SW",Female,Eastfield Psychological Services NHS Trust,White,United Kingdom,Skilled Worker,Nursing,Healthcare Assistant,Critical Care & Anaesthesia,2,14.0,2023-10-23,2023-11-27,20.0,0.53,GMC,Permanent,Active,NT834821,2028-10-11,GQ702028,2027-06-14,2027-06-11,2023-11-13
EMP0950-20260913_210636,Phillip,King,josephedwards@example.com,2008-05-18,0191 4960119,"713 Bell Shoal
Donnamouth
M99 0DW",Female,Greenhaven Acute & Specialist Care NHS Trust,Mixed,Nigeria,Skilled Worker,AHP,Radiographer,Corporate Services,6,27.52,2025-01-23,2025-02-27,15.0,0.4,HCPC,Bank,Suspended,GG299460,2027-06-16,XJ080607,2030-02-28,2026-12-11,2025-02-13
EMP0951-20260913_210636,James,Matthews,rosemary09@example.org,1978-10-08,(029)2018362,"Flat 4
Bennett Walk
West Lindsey
HX2 3BG",Male,Eastfield Psychological Services NHS Trust,Black,Ghana,Dependent,AHP,Pharmacist,Surgery & Cancer,5,20.77,2021-04-11,2021-05-23,37.5,1.0,GMC,Fixed Term,On Leave,OV105535,2027-05-09,NF213148,2029-05-28,2027-05-24,2021-05-02
EMP0952-20260913_210636,Sharon,Walsh,nwoods@example.com,2004-06-14,0909 879 0438,"56 Harry Mountains
Whitehouseshire
CR7W 1YA",Male,Valleyview Mental Wellness NHS Trust,Asian,India,British Citizen,AHP,Occupational Therapist,Women & Children,6,26.31,2017-05-04,2017-06-01,37.5,1.0,None,Fixed Term,On Leave,QU213256,2030-03-14,JO811478,2027-11-04,2027-05-12,2017-05-25
EMP0953-20260913_210636,Francesca,Lawrence,nmacdonald@example.com,1996-03-10,(0306) 9990820,"Studio 3
Julie Prairie
Sandersonfort
G1 9HH",Female,Northwood Mental Health NHS Trust,Black,Jamaica,Skilled Worker,Admin,Administrator,Women & Children,3,14.31,2024-10-17,2024-11-14,30.0,0.8,HCPC,Fixed Term,On Leave,EM202592,2029-01-08,NK297810,2028-12-15,2026-10-13,2024-11-07
EMP0954-20260913_210636,Joe,Daniels,pcox@example.net,1987-09-02,(0113) 4960729,"617 Mohammed Highway
Sharonhaven
W1B 9EG",Female,Midlands Central Hospitals NHS Trust,Mixed,Australia,British Citizen,Admin,Receptionist,Critical Care & Anaesthesia,3,14.01,2025-10-20,2025-11-24,20.0,0.53,None,Permanent,Suspended,MP654167,2028-08-05,AB508089,2030-08-02,2027-07-28,2025-11-10
EMP0955-20260913_210636,Henry,Norris,vchapman@example.com,1985-09-14,(0151)4960061,"7 Whitehead Shores
Robinshire
RG8M 5BD",Male,Northshire University Hospitals NHS Trust,Black,Ghana,Dependent,Nursing,Charge Nurse,Emergency & Urgent Care,7,32.89,2017-12-16,2018-01-13,20.0,0.53,GMC,Fixed Term,Active,FE699603,2028-05-12,JV508823,2028-02-06,2026-11-07,2018-01-06
EMP0956-20260913_210636,Gregory,Mann,lesley87@example.com,2002-08-23,+448081570205,"Studio 69y
O'Connor Brooks
New Fionachester
BT09 9WA",Male,Valleyview Mental Wellness NHS Trust,Asian,China,British Citizen,Admin,Administrator,Corporate Services,3,13.37,2020-01-25,2020-02-29,18.75,0.5,NMC,Permanent,Active,GS759044,2028-05-05,RE000450,2031-06-15,2026-09-26,2020-02-15
EMP0957-20260913_210636,Mohammad,Gray,abbiepatel@example.com,1963-12-16,+44306 9990494,"74 Aimee Squares
Kellyfort
W31 9RU",Male,Lakeside District Hospitals NHS Trust,Mixed,United Kingdom,Skilled Worker,Admin,Data Analyst,Emergency & Urgent Care,8A,31.61,2025-05-07,2025-06-18,18.75,0.5,NMC,Bank,Active,GA480480,2029-11-11,RW659986,2027-08-30,2027-05-06,2025-05-28
EMP0958-20260913_210636,Tracy,Patel,andersoncharlie@example.org,1964-07-03,(0808) 1570077,"57 Thomas Springs
North Katieshire
TA57 9WB",Female,Hillcrest Medical Centres NHS Trust,White,New Zealand,British Citizen,Nursing,Nursery Nurse,Medicine & Acute Care,2,14.22,2026-09-03,2026-10-15,15.0,0.4,None,Bank,On Leave,HX499956,2027-07-08,FH153089,2027-06-02,2027-08-06,2026-09-24
EMP0959-20260913_210636,Vanessa,Lee,poolegemma@example.org,1989-01-03,+44(0)1154960092,"Flat 22
Owen Circle
Alanburgh
N59 9DZ",Female,Northshire University Hospitals NHS Trust,Black,Kenya,British Citizen,Nursing,Nursery Nurse,Women & Children,2,13.7,2022-05-07,2022-06-04,30.0,0.8,None,Permanent,On Leave,XK981810,2029-12-22,FA188161,2029-09-04,2027-02-01,2022-05-28
EMP0960-20260913_210636,Mathew,Atkinson,chapmanclifford@example.net,1997-05-03,01214960104,"284 Dylan Squares
Bethanton
LE9R 3EQ",Female,Northwood Mental Health NHS Trust,White,United States,British Citizen,Admin,Data Analyst,Surgery & Cancer,8A,35.51,2018-05-20,2018-06-17,18.75,0.5,NMC,Fixed Term,On Leave,KD512123,2030-05-13,BM291884,2030-02-01,2027-04-16,2018-06-10
EMP0961-20260913_210636,Ruth,Owen,gloverbeth@example.net,1975-06-22,+44292018958,"Studio 1
Abdul Canyon
Lake Bradleyberg
E8 7DD",Male,Riverbank General Hospitals NHS Trust,Black,South Africa,ILR,Medical,Consultant,Emergency & Urgent Care,CONS,54.35,2021-05-25,2021-06-22,18.75,0.5,None,Permanent,Active,HV495114,2031-08-25,PI411336,2030-01-25,2027-05-19,2021-06-15
EMP0962-20260913_210636,Hilary,Chambers,gbarnes@example.com,1997-11-10,+441632960026,"Studio 4
Harrison Glens
Port Geraldburgh
IM23 0LH",Female,Southvale Hospitals NHS Trust,Asian,Japan,British Citizen,Nursing,Healthcare Assistant,Emergency & Urgent Care,2,12.53,2022-07-30,2022-09-10,20.0,0.53,HCPC,Bank,Active,JS224102,2027-10-25,BZ991307,2029-11-15,2027-08-12,2022-08-20
EMP0963-20260913_210636,Brenda,Jones,nathan66@example.net,2000-08-26,+44(0)1134960153,"Flat 27
Hewitt Plaza
Wendyview
GL1 3YU",Male,Broadfield Clinical Services NHS Trust,Black,Nigeria,British Citizen,Medical,Consultant,Emergency & Urgent Care,CONS,55.13,2020-11-28,2021-01-02,18.75,0.5,HCPC,Bank,Suspended,ED992498,2028-04-13,QH849859,2029-02-28,2027-05-09,2020-12-19
EMP0964-20260913_210636,Raymond,Chan,stanley10@example.org,1980-04-13,(0161)4960535,"Flat 9
Bennett Lodge
West Paige
RM8 5JL",Female,Oakridge Community Services NHS Trust,Black,Barbados,Dependent,AHP,Physiologist,Women & Children,6,23.45,2021-07-19,2021-08-23,15.0,0.4,NMC,Fixed Term,Active,TM309904,2028-07-11,JR295556,2027-02-19,2027-01-12,2021-08-09
EMP0965-20260913_210636,Reece,Jones,mariacollins@example.org,1964-03-29,+44116 496 0766,"1 Richard Crossroad
Hussainport
BR60 1DN",Female,Southvale Hospitals NHS Trust,Mixed,Barbados,British Citizen,Medical,SHO,Surgery & Cancer,SHO,26.06,2025-08-13,2025-09-10,15.0,0.4,None,Bank,Suspended,BX652077,2026-12-02,YZ817800,2026-12-21,2027-01-09,2025-09-03
EMP0966-20260913_210636,Robert,Grant,yashton@example.org,1984-07-17,01614960808,"91 Allan Avenue
East Kim
G29 1PH",Male,Westmere Community Health NHS Trust,Black,Ghana,ILR,Nursing,Senior Staff Nurse,Women & Children,6,27.63,2019-12-07,2020-01-11,18.75,0.5,GMC,Fixed Term,Inactive,IS921519,2027-02-22,ER086983,2030-05-02,2027-08-30,2019-12-28
EMP0967-20260913_210636,Geoffrey,Richardson,cheryl01@example.org,2000-07-26,+44(0)1632960866,"Studio 8
Johnson Estate
Armstrongfurt
S47 6HZ",Male,Eastfield Psychological Services NHS Trust,White,United Kingdom,British Citizen,Medical,Consultant,Medicine & Acute Care,CONS,58.09,2017-03-28,2017-04-25,30.0,0.8,None,Fixed Term,Active,NG013869,2029-09-01,VL525554,2029-12-30,2027-03-30,2017-04-18
EMP0968-20260913_210636,Lucy,Evans,dking@example.net,1966-07-04,0114 496 0123,"62 Oliver Drives
North Geoffrey
LS8V 3BE",Female,Eastmoor Teaching Hospitals NHS Trust,White,United Kingdom,Dependent,Admin,Medical Secretary,Emergency & Urgent Care,4,16.36,2019-04-12,2019-05-10,30.0,0.8,NMC,Bank,Inactive,OY592668,2028-02-22,SR780886,2028-08-31,2027-05-06,2019-05-03
EMP0969-20260913_210636,Ashleigh,Rogers,alice40@example.com,1960-09-25,+441154960384,"24 Dawson Circle
Jenningsmouth
HX2 8NA",Male,Broadfield Clinical Services NHS Trust,Black,South Africa,ILR,Nursing,Ward Manager,Medicine & Acute Care,8A,31.51,2023-01-11,2023-02-08,15.0,0.4,NMC,Bank,Suspended,QR555381,2027-05-10,JS466034,2029-05-14,2027-02-16,2023-02-01
EMP0970-20260913_210636,Paul,Vincent,robertsonbethany@example.com,1992-08-05,+44(0)909 879 0214,"380 Zoe Bridge
Michellemouth
NW8M 9WH",Male,Westborough Acute Care NHS Trust,White,United Kingdom,ILR,Admin,Medical Secretary,Clinical Support Services,4,16.68,2022-01-03,2022-02-14,30.0,0.8,None,Permanent,Inactive,VZ099706,2030-02-14,VD499214,2031-06-08,2026-11-24,2022-01-24
EMP0971-20260913_210636,Roy,Wells,kirbyhenry@example.net,1968-04-22,01632 960 198,"615 Jacob Unions
Garethburgh
S9B 8NE",Male,Northwood Mental Health NHS Trust,Black,Nigeria,ILR,Nursing,Nursery Nurse,Surgery & Cancer,2,12.53,2026-03-25,2026-04-22,15.0,0.4,GMC,Fixed Term,Suspended,OC504751,2030-07-14,YT161808,2028-03-16,2027-06-15,2026-04-15
EMP0972-20260913_210636,Ashley,Bond,charding@example.org,1998-02-23,+4420 74960099,"Studio 10I
Andrew Parkway
East Ericland
SG18 0BY",Male,Eastfield Psychological Services NHS Trust,Mixed,Canada,ILR,Medical,GP,Clinical Support Services,GP,50.18,2022-07-09,2022-08-13,15.0,0.4,HCPC,Bank,Inactive,VG864488,2031-05-23,EF592107,2031-01-16,2026-12-08,2022-07-30
EMP0973-20260913_210636,Glenn,O'Connor,vosullivan@example.net,1984-06-19,0115 4960922,"Flat 44j
Miles Point
New Rachelport
B81 3QR",Male,Westborough Acute Care NHS Trust,Black,Kenya,British Citizen,AHP,Occupational Therapist,Medicine & Acute Care,6,23.74,2019-12-13,2020-01-24,20.0,0.53,NMC,Fixed Term,Suspended,UW078018,2029-10-04,GM301416,2027-02-27,2026-09-26,2020-01-03
EMP0974-20260913_210636,Robin,Wyatt,sarah67@example.com,1996-10-15,+44(0)1154960984,"Studio 7
Simpson Circle
Garethburgh
CF69 2LT",Male,Valleyview Mental Wellness NHS Trust,Asian,China,British Citizen,AHP,Speech Therapist,Corporate Services,6,26.76,2023-06-27,2023-08-08,30.0,0.8,NMC,Fixed Term,On Leave,AP740975,2027-05-24,UP929106,2029-08-27,2026-12-12,2023-07-18
EMP0975-20260913_210636,Ashley,Brown,jahmed@example.org,1977-04-14,+44(0)1174960540,"Studio 7
Jodie Street
Lynnemouth
FY09 6DW",Female,Westborough Acute Care NHS Trust,Asian,Japan,British Citizen,AHP,Occupational Therapist,Surgery & Cancer,6,26.44,2026-07-13,2026-08-24,20.0,0.53,NMC,Bank,Active,XK895936,2030-11-08,ZM152041,2028-10-21,2027-04-02,2026-08-03
EMP0976-20260913_210636,Rachel,Taylor,candrews@example.com,2005-08-11,+44116 496 0518,"3 Lynda Dale
Port Lauratown
SP1 8TB",Female,Northwood Mental Health NHS Trust,White,New Zealand,Dependent,Nursing,Ward Manager,Surgery & Cancer,8A,29.25,2025-03-31,2025-05-12,20.0,0.53,HCPC,Permanent,On Leave,VP240376,2027-11-09,LG888278,2026-10-22,2027-05-15,2025-04-21
EMP0977-20260913_210636,Leigh,Moss,davislawrence@example.net,2007-03-29,+44909 879 0292,"07 Natasha Harbors
Lake Eleanor
E72 2SY",Female,Valleyview Mental Wellness NHS Trust,White,New Zealand,Skilled Worker,AHP,Physiologist,Women & Children,6,27.05,2022-04-17,2022-05-15,30.0,0.8,NMC,Fixed Term,Inactive,MX185063,2029-10-10,RM160933,2030-05-15,2027-03-27,2022-05-08
EMP0978-20260913_210636,Charles,Dobson,amelia24@example.com,1987-06-30,+44(0)113 4960648,"Flat 0
Simmons Springs
New Brett
N9C 4JJ",Male,Lakeside District Hospitals NHS Trust,Asian,Japan,Skilled Worker,Medical,GP,Medicine & Acute Care,GP,46.66,2025-05-25,2025-06-22,37.5,1.0,HCPC,Bank,Active,CS611772,2026-11-22,LX434619,2027-06-15,2027-03-12,2025-06-15
EMP0979-20260913_210636,Mandy,Robson,phillipbennett@example.org,1971-05-31,+44161 4960458,"92 Martin Locks
Adammouth
M78 5SR",Male,Meadowbrook Community Health NHS Trust,Asian,Thailand,ILR,Medical,SHO,Medicine & Acute Care,SHO,23.3,2018-09-25,2018-10-30,18.75,0.5,HCPC,Bank,Active,XN985696,2027-11-20,JI428464,2029-02-02,2027-01-04,2018-10-16
EMP0980-20260913_210636,Susan,Bates,thomasmarilyn@example.net,2005-06-22,+44115 4960594,"Studio 22
Howard Gateway
Lukeberg
BB6 7WB",Female,Westborough Acute Care NHS Trust,Black,Barbados,British Citizen,Nursing,Charge Nurse,Critical Care & Anaesthesia,7,32.92,2025-04-14,2025-05-26,20.0,0.53,GMC,Fixed Term,Suspended,CE735412,2028-05-21,WS151209,2030-04-08,2027-07-19,2025-05-05
EMP0981-20260913_210636,Elliot,Wilson,howelljill@example.com,1982-11-07,+44(0)116 4960583,"Studio 4
Pauline Crest
Summersmouth
S46 8DZ",Male,Valleyview Mental Wellness NHS Trust,Asian,India,Skilled Worker,Admin,Medical Secretary,Corporate Services,4,18.25,2016-12-31,2017-02-04,37.5,1.0,HCPC,Fixed Term,Active,KW635026,2027-10-12,FB334228,2028-05-19,2027-06-21,2017-01-21
EMP0982-20260913_210636,Carly,Briggs,alanatkins@example.com,1986-12-04,01184960453,"52 Ben Viaduct
North Margaretchester
M60 0BH",Female,Westborough Acute Care NHS Trust,Black,South Africa,Skilled Worker,AHP,Speech Therapist,Surgery & Cancer,6,25.25,2022-05-25,2022-06-22,37.5,1.0,NMC,Permanent,On Leave,LE447955,2030-07-24,LO094999,2030-10-12,2027-01-24,2022-06-15
EMP0983-20260913_210636,Carl,Watts,karen81@example.net,2002-08-03,0289018302,"Studio 9
Hodgson Branch
Lake Mandyberg
IP0 7DN",Female,Westmere Community Health NHS Trust,Mixed,South Africa,British Citizen,Nursing,Nursery Nurse,Critical Care & Anaesthesia,2,13.03,2017-12-30,2018-01-27,20.0,0.53,None,Bank,Inactive,QT282865,2029-06-08,WV082719,2027-04-23,2027-04-03,2018-01-20
EMP0984-20260913_210636,Robin,King,joseph27@example.net,1999-06-05,+44(0)121 496 0219,"Flat 3
Lewis Square
Butlerville
N6G 7AL",Male,Meadowbrook Community Health NHS Trust,Mixed,China,Dependent,AHP,Pharmacist,Medicine & Acute Care,5,20.51,2019-04-04,2019-05-09,15.0,0.4,GMC,Fixed Term,Inactive,IW615628,2031-02-15,YX687007,2027-01-01,2027-07-15,2019-04-25
EMP0985-20260913_210636,Luke,Thomas,melanie23@example.org,1962-09-30,+44(0)909 879 0969,"Studio 89
Sykes Oval
Leighfort
TF5B 1SS",Female,Hillcrest Medical Centres NHS Trust,Asian,India,ILR,AHP,Speech Therapist,Clinical Support Services,6,23.86,2021-09-28,2021-10-26,15.0,0.4,None,Permanent,Suspended,NE713360,2027-02-13,UX820049,2027-04-20,2027-01-25,2021-10-19
EMP0986-20260913_210636,Kevin,Joyce,andrew92@example.com,2006-12-04,(0131) 496 0167,"Flat 3
Kevin Harbors
Edwardsland
W4G 5YH",Male,Westmere Community Health NHS Trust,White,New Zealand,British Citizen,Nursing,Charge Nurse,Women & Children,7,28.08,2021-05-28,2021-06-25,18.75,0.5,None,Permanent,On Leave,OW063042,2028-05-11,RM493423,2026-10-15,2026-11-25,2021-06-18
EMP0987-20260913_210636,Sean,Riley,whicks@example.net,1978-11-20,(0161) 496 0111,"Flat 01m
Doyle Rue
Sophieland
G8 9FE",Female,Horizon Integrated Health Partnership NHS Trust,White,United States,Dependent,AHP,Speech Therapist,Medicine & Acute Care,6,26.0,2019-12-15,2020-01-26,30.0,0.8,HCPC,Bank,Active,JE178378,2029-11-14,HN182030,2031-01-26,2027-02-07,2020-01-05
EMP0988-20260913_210636,Gary,Robertson,joseph15@example.net,2005-10-03,+44(0)113 4960668,"73 Maria Throughway
South Saraburgh
BS6 4DA",Female,Midlands Central Hospitals NHS Trust,Asian,China,Skilled Worker,Nursing,Healthcare Assistant,Surgery & Cancer,2,12.48,2019-12-29,2020-01-26,20.0,0.53,HCPC,Permanent,Active,TZ685339,2030-02-03,WO180999,2027-05-09,2027-07-04,2020-01-19
EMP0989-20260913_210636,Harriet,Lowe,walkerellie@example.org,2005-09-19,(0118) 496 0057,"Flat 36
Sheila Center
South Rachaelstad
YO53 4PP",Female,Westborough Acute Care NHS Trust,Asian,Thailand,Skilled Worker,Nursing,Healthcare Assistant,Surgery & Cancer,2,13.83,2025-08-12,2025-09-23,18.75,0.5,None,Bank,Active,LC970688,2030-12-02,SU483579,2029-11-07,2026-12-29,2025-09-02
EMP0990-20260913_210636,Wayne,Allen,xclarke@example.com,1983-05-27,029 2018687,"72 Andrews Stream
Sharonland
L50 9YJ",Female,Eastmoor Teaching Hospitals NHS Trust,Mixed,South Africa,ILR,Medical,GP,Clinical Support Services,GP,50.75,2016-12-11,2017-01-08,15.0,0.4,HCPC,Fixed Term,Inactive,CZ484178,2027-08-17,XW146031,2027-07-19,2026-09-21,2017-01-01
EMP0991-20260913_210636,Ryan,Wood,natashataylor@example.net,2004-11-11,+44306 9990851,"Flat 91G
Robinson Walk
Georgemouth
M6A 3NG",Male,Meadowbrook Community Health NHS Trust,Mixed,Barbados,ILR,AHP,Pharmacist,Surgery & Cancer,5,22.48,2021-05-31,2021-07-05,20.0,0.53,None,Fixed Term,Suspended,OH679474,2027-02-25,CC254801,2029-01-30,2027-05-09,2021-06-21
EMP0992-20260913_210636,Kirsty,Clarke,gregory46@example.com,2008-03-23,(0151)4960354,"332 Gill Lakes
Hillhaven
G0 9AX",Female,Southgate Community & Mental Health NHS Trust,Black,South Africa,Dependent,Medical,SHO,Critical Care & Anaesthesia,SHO,27.93,2023-08-08,2023-09-19,18.75,0.5,NMC,Permanent,Inactive,SI752830,2031-01-30,HQ620852,2028-01-23,2027-06-14,2023-08-29
EMP0993-20260913_210636,Jason,Smith,francesca60@example.com,2003-01-23,(0118) 4960675,"Studio 52
Allan Isle
Gregoryport
EX4H 1NA",Male,Northshire University Hospitals NHS Trust,White,Australia,Dependent,Medical,FY1/FY2,Critical Care & Anaesthesia,FY1,19.47,2022-02-19,2022-03-19,15.0,0.4,NMC,Permanent,Suspended,NQ334879,2026-10-27,SR059976,2028-05-24,2026-10-04,2022-03-12
EMP0994-20260913_210636,Liam,Iqbal,mmorgan@example.com,1998-02-09,+441154960233,"8 Laura Springs
Bernardshire
CW4 6EZ",Female,Westmere Community Health NHS Trust,Mixed,Japan,Skilled Worker,AHP,Pharmacist,Medicine & Acute Care,5,19.97,2024-02-13,2024-03-26,18.75,0.5,GMC,Fixed Term,On Leave,LM858507,2029-07-01,UE787575,2030-01-05,2026-11-24,2024-03-05
EMP0995-20260913_210636,Brenda,Barnes,dmorris@example.net,1973-03-04,+4420 74960119,"5 Carole Street
Naomiland
YO72 4RL",Female,Lakeside District Hospitals NHS Trust,Black,South Africa,ILR,Medical,Registrar,Emergency & Urgent Care,SPR,39.19,2018-01-06,2018-02-17,18.75,0.5,NMC,Fixed Term,On Leave,XV864980,2027-11-22,ZH517118,2028-02-11,2027-01-19,2018-01-27
EMP0996-20260913_210636,Christine,Bennett,iherbert@example.net,1975-01-06,+44(0)1154960574,"Studio 14
Reynolds Dale
New Frankview
G82 4ZZ",Male,Northwood Mental Health NHS Trust,Black,South Africa,Skilled Worker,Admin,Receptionist,Women & Children,3,14.18,2020-01-08,2020-02-12,20.0,0.53,None,Bank,On Leave,YG924622,2029-10-04,KR481981,2031-05-10,2026-10-07,2020-01-29
EMP0997-20260913_210636,Charlotte,Dunn,alexandra96@example.org,1970-10-11,0114 4960704,"Studio 76y
Teresa Harbor
Elliottown
GL2A 0SE",Male,Northwood Mental Health NHS Trust,White,New Zealand,Skilled Worker,AHP,Physiologist,Clinical Support Services,6,26.71,2025-01-09,2025-02-13,20.0,0.53,HCPC,Bank,Suspended,QX823526,2029-09-16,EV074229,2027-09-19,2027-02-18,2025-01-30
EMP0998-20260913_210636,Malcolm,Winter,award@example.org,1997-02-25,(0113) 4960103,"Studio 3
Anne Port
East Marc
L2 6HE",Female,Eastfield Psychological Services NHS Trust,Mixed,Nigeria,Dependent,Admin,Administrator,Critical Care & Anaesthesia,3,15.51,2020-10-05,2020-11-02,37.5,1.0,HCPC,Permanent,Suspended,RH979917,2031-09-12,TM304547,2030-08-09,2026-11-13,2020-10-26
EMP0999-20260913_210636,Oliver,White,davidsonnicholas@example.com,1974-01-11,+44909 879 0836,"8 Richardson Trace
New Zoe
B2 4JF",Female,Southvale Hospitals NHS Trust,Asian,China,British Citizen,Medical,Consultant,Medicine & Acute Care,CONS,60.21,2021-02-12,2021-03-26,20.0,0.53,None,Fixed Term,Inactive,BE382107,2031-04-11,JR558177,2027-03-21,2026-12-26,2021-03-05
EMP1000-20260913_210636,Gillian,Gibbons,owenbradley@example.net,1989-09-27,(0306) 9990061,"Flat 4
Louise Run
West Beth
M4 6BB",Male,Hillcrest Medical Centres NHS Trust,Asian,Japan,British Citizen,Admin,Data Analyst,Medicine & Acute Care,8A,32.35,2021-11-23,2021-12-21,37.5,1.0,HCPC,Fixed Term,Inactive,KH335158,2028-08-16,HF671246,2031-03-20,2027-04-21,2021-12-14
EMP1001-20260913_210636,Daniel,Smith,cooperjasmine@example.net,1999-03-20,+441314960790,"Studio 84m
Fiona Dale
Carlton
DE95 0GB",Male,Westborough Acute Care NHS Trust,Black,Nigeria,Skilled Worker,Admin,Administrator,Surgery & Cancer,3,15.99,2017-09-03,2017-10-15,20.0,0.53,HCPC,Bank,On Leave,DK005201,2026-10-22,ST246045,2027-06-22,2027-04-05,2017-09-24
EMP1002-20260913_210636,Katherine,Wilkinson,wendyreed@example.net,2005-05-22,+44113 4960095,"2 Hammond Valley
East Brianborough
B9W 9AP",Female,Oakridge Community Services NHS Trust,Asian,Thailand,Dependent,Admin,Data Analyst,Clinical Support Services,8A,31.31,2025-03-24,2025-04-28,37.5,1.0,GMC,Bank,Suspended,XV194331,2029-02-06,BB163419,2028-02-23,2026-12-20,2025-04-14
EMP1003-20260913_210636,Joanne,Owen,swilliams@example.com,1967-12-12,0118 496 0727,"Studio 93
Jeffrey Shores
South Aliceport
HR6R 3GU",Female,Riverbank General Hospitals NHS Trust,White,United States,Skilled Worker,AHP,Occupational Therapist,Women & Children,6,22.72,2016-12-06,2017-01-17,37.5,1.0,NMC,Fixed Term,Active,QD851373,2026-09-27,OT464719,2026-11-21,2027-04-24,2016-12-27
EMP1004-20260913_210636,Hazel,James,kieran19@example.net,1980-09-05,0909 879 0373,"2 Davies Dale
Lake Joshua
G78 8HZ",Male,Westborough Acute Care NHS Trust,Mixed,Japan,British Citizen,AHP,Physiotherapist,Medicine & Acute Care,6,23.35,2021-08-29,2021-09-26,15.0,0.4,HCPC,Permanent,Active,SA535967,2027-10-07,DB232272,2030-09-27,2027-08-09,2021-09-19
EMP1005-20260913_210636,Martin,Wheeler,schofielddeclan@example.org,1991-06-17,+441414960646,"Studio 4
Joshua Springs
New Emmaberg
CO25 3JJ",Male,Oakridge Community Services NHS Trust,Asian,China,Dependent,AHP,Radiographer,Women & Children,6,27.03,2022-08-14,2022-09-11,20.0,0.53,HCPC,Bank,Inactive,QM919041,2030-08-05,BQ381613,2029-01-20,2027-03-24,2022-09-04
EMP1006-20260913_210636,Maria,Hart,kayleighgregory@example.com,1997-04-09,020 7946 0109,"Flat 90
O'Connor Junctions
New Leah
B9 3ND",Male,Eastfield Psychological Services NHS Trust,Mixed,Australia,Skilled Worker,Admin,Medical Secretary,Surgery & Cancer,4,18.58,2017-12-09,2018-01-13,15.0,0.4,GMC,Bank,Inactive,UU993533,2028-12-08,LI891265,2029-05-30,2026-11-20,2017-12-30
EMP1007-20260913_210636,Joan,Porter,joshua39@example.org,1976-09-16,+44(0)1214960377,"06 Hawkins Corner
Howellston
OX6W 7LU",Female,Riverside Integrated Care NHS Trust,Asian,Japan,British Citizen,AHP,Physiotherapist,Corporate Services,6,26.25,2025-04-16,2025-05-28,18.75,0.5,None,Permanent,Active,XY560070,2031-08-07,JH439945,2028-04-01,2026-10-19,2025-05-07
EMP1008-20260913_210636,Damian,Shaw,maria57@example.net,2006-06-24,(029)2018502,"Studio 16z
Terry Track
Jemmamouth
CT3 4SF",Male,Oakridge Community Services NHS Trust,White,United Kingdom,Skilled Worker,Medical,Registrar,Medicine & Acute Care,SPR,42.9,2024-03-22,2024-05-03,20.0,0.53,None,Bank,Active,CV330754,2030-12-05,TW035939,2027-03-07,2027-08-31,2024-04-12
EMP1009-20260913_210636,Hilary,Richardson,paularoberts@example.net,1962-07-07,+44(0)121 496 0628,"Studio 74S
Webster Port
Ryanchester
S1G 2RJ",Female,Oakridge Community Services NHS Trust,Black,Nigeria,Skilled Worker,Medical,GP,Clinical Support Services,GP,59.44,2018-03-13,2018-04-10,18.75,0.5,GMC,Permanent,Active,NH868361,2029-07-19,QI752543,2028-06-21,2027-08-29,2018-04-03
EMP1010-20260913_210636,Heather,Rowe,johnrhodes@example.com,1967-05-25,+44(0)28 9018053,"819 Eric Court
Fostermouth
WS0M 0DY",Female,Eastfield Psychological Services NHS Trust,White,Australia,ILR,AHP,Radiographer,Medicine & Acute Care,6,27.88,2022-12-06,2023-01-10,18.75,0.5,HCPC,Fixed Term,Inactive,AZ593720,2028-03-15,XT911155,2030-10-01,2027-01-08,2022-12-27
EMP1011-20260913_210636,John,Bevan,fharris@example.org,1974-11-09,(0121) 496 0354,"30 Kenneth Junctions
Cameronmouth
BB9Y 9FR",Female,Horizon Integrated Health Partnership NHS Trust,Black,Nigeria,Skilled Worker,Nursing,Ward Manager,Medicine & Acute Care,8A,34.33,2018-05-05,2018-06-16,30.0,0.8,HCPC,Fixed Term,Suspended,LC525979,2028-12-11,FT724358,2029-03-31,2027-04-17,2018-05-26
EMP1012-20260913_210636,Sally,Lewis,juliamorgan@example.net,1978-04-08,+44(0)121 4960210,"893 Lorraine Flat
Grahammouth
W7C 4NY",Female,Riverbank General Hospitals NHS Trust,Black,Ghana,ILR,Medical,FY1/FY2,Emergency & Urgent Care,FY1,18.91,2019-07-16,2019-08-20,30.0,0.8,None,Permanent,On Leave,HX137125,2028-11-03,DO900610,2028-06-27,2026-11-14,2019-08-06
EMP1013-20260913_210636,Jennifer,Lloyd,annahughes@example.net,1972-05-27,(0118) 496 0937,"190 Schofield Place
West Roy
TA11 4TH",Female,Riverside Integrated Care NHS Trust,Black,Barbados,British Citizen,Admin,Receptionist,Surgery & Cancer,3,13.88,2021-12-31,2022-02-04,37.5,1.0,None,Permanent,Suspended,WE611884,2031-01-12,WY689193,2030-10-10,2027-07-11,2022-01-21
EMP1014-20260913_210636,Eric,Saunders,carolynskinner@example.com,1984-01-18,+442074960548,"1 Chapman Field
East Ashley
WC16 6EB",Female,Eastfield Psychological Services NHS Trust,Black,Jamaica,Skilled Worker,Nursing,Staff Nurse,Emergency & Urgent Care,5,21.15,2020-06-23,2020-08-04,20.0,0.53,None,Permanent,Active,EQ511559,2031-03-07,QU345391,2026-10-02,2027-03-08,2020-07-14
EMP1015-20260913_210636,Ashleigh,Lewis,bradleyann@example.org,1966-04-20,+44113 4960394,"6 Wright Knoll
Jessicaland
SR85 2PD",Male,Broadfield Clinical Services NHS Trust,Asian,India,ILR,Admin,Medical Secretary,Corporate Services,4,17.99,2018-08-20,2018-10-01,30.0,0.8,HCPC,Fixed Term,On Leave,KW771167,2030-10-03,IX262902,2026-10-03,2026-11-18,2018-09-10
EMP1016-20260913_210636,Adrian,Williams,oliver95@example.net,1995-04-17,+4420 74960919,"Studio 0
Julian Forks
South Brandon
G52 6JH",Female,Eastmoor Teaching Hospitals NHS Trust,Mixed,China,ILR,Admin,Administrator,Surgery & Cancer,3,14.34,2018-05-07,2018-06-04,30.0,0.8,GMC,Bank,Suspended,AQ709964,2030-08-26,PO212261,2028-07-22,2027-01-25,2018-05-28
EMP1017-20260913_210636,Rosemary,Marsh,rharris@example.org,1984-01-01,+44161 4960043,"89 Smith Run
East Kevin
W1U 1LZ",Male,Hillcrest Medical Centres NHS Trust,Black,Jamaica,ILR,Nursing,Staff Nurse,Critical Care & Anaesthesia,5,20.13,2019-02-05,2019-03-12,15.0,0.4,None,Permanent,Suspended,BO128102,2027-01-05,EH173916,2028-05-11,2027-07-15,2019-02-26
EMP1018-20260913_210636,Donald,Williams,cameronroger@example.com,2004-08-03,0113 4960140,"Flat 78
Tony Harbors
Lake Amber
W9 0XJ",Male,Valleyview Mental Wellness NHS Trust,Asian,India,Skilled Worker,Medical,FY1/FY2,Women & Children,FY1,19.12,2022-09-13,2022-10-11,15.0,0.4,HCPC,Permanent,Active,OH631712,2027-08-04,ND691436,2029-08-19,2026-09-20,2022-10-04
EMP1019-20260913_210636,Mohammed,Ali,oliverking@example.net,1975-07-26,+44131 496 0099,"Flat 4
Sean Haven
East Sylviafurt
B9 6PQ",Male,Southvale Hospitals NHS Trust,Asian,India,Dependent,Medical,SHO,Medicine & Acute Care,SHO,30.26,2020-08-26,2020-10-07,20.0,0.53,GMC,Bank,Suspended,NX944696,2028-11-16,GT666801,2027-03-12,2027-05-24,2020-09-16
EMP1020-20260913_210636,Christine,Garner,barryevans@example.net,1961-07-16,(0808)1570288,"Flat 17Z
Williams Lake
North Kirstystad
TS8R 8WN",Male,Meadowbrook Community Health NHS Trust,Asian,India,Dependent,Nursing,Nursery Nurse,Critical Care & Anaesthesia,2,12.61,2017-07-13,2017-08-10,18.75,0.5,HCPC,Fixed Term,Inactive,ER611859,2031-07-28,WY606243,2030-10-12,2027-01-13,2017-08-03
EMP1021-20260913_210636,Hayley,Sanders,alisonatkinson@example.org,1965-02-25,+44(0)161 496 0656,"308 Jason Tunnel
Brucebury
E0G 3LJ",Female,Hillcrest Medical Centres NHS Trust,Mixed,China,Dependent,Admin,Medical Secretary,Corporate Services,4,19.0,2023-11-12,2023-12-10,37.5,1.0,GMC,Permanent,Active,RP661684,2028-10-30,LF023741,2027-06-21,2027-06-02,2023-12-03
EMP1022-20260913_210636,Lindsey,Baker,jarvismohammed@example.com,1975-06-26,+44(0)292018489,"Flat 74A
Lyons Fall
Bankshaven
W97 3JS",Female,Northshire University Hospitals NHS Trust,Mixed,Kenya,ILR,AHP,Physiologist,Medicine & Acute Care,6,22.71,2025-12-03,2025-12-31,20.0,0.53,None,Bank,Active,AH343983,2030-01-20,EO669407,2028-01-29,2027-03-28,2025-12-24
EMP1023-20260913_210636,Jodie,Shaw,james04@example.com,1996-12-07,+44(0)1632 960362,"928 Fraser Road
Shahport
E3 4TA",Female,Southvale Hospitals NHS Trust,Asian,Japan,British Citizen,Admin,Administrator,Women & Children,3,14.63,2018-04-03,2018-05-08,18.75,0.5,NMC,Bank,Active,UZ419423,2029-08-19,PG656816,2027-08-02,2027-07-11,2018-04-24
EMP1024-20260913_210636,Gareth,Hughes,jeffreysimpson@example.com,1989-01-16,+44(0)121 496 0676,"Flat 32
Anna Junctions
Lake Cliveborough
N62 1HG",Male,Northwood Mental Health NHS Trust,White,Canada,ILR,Admin,Data Analyst,Critical Care & Anaesthesia,8A,30.74,2020-02-15,2020-03-14,18.75,0.5,HCPC,Fixed Term,Active,KF593352,2027-04-12,HX890718,2031-08-30,2026-11-20,2020-03-07
EMP1025-20260913_210636,Ann,Patel,mwalton@example.net,1985-01-02,+44(0)20 7496 0076,"5 Aaron Stravenue
Peterberg
CV0 4GA",Female,Northshire University Hospitals NHS Trust,White,New Zealand,British Citizen,AHP,Physiotherapist,Clinical Support Services,6,25.69,2020-09-21,2020-10-19,37.5,1.0,GMC,Fixed Term,On Leave,SY650417,2031-05-26,OP578644,2029-11-28,2027-03-08,2020-10-12
EMP1026-20260913_210636,Garry,Mills,harrisonjenna@example.com,2003-12-08,0131 496 0394,"Flat 38
Roberts Ports
West Francescabury
BD1 7FR",Male,Southgate Community & Mental Health NHS Trust,Asian,Thailand,Skilled Worker,Nursing,Healthcare Assistant,Critical Care & Anaesthesia,2,13.57,2016-10-14,2016-11-18,20.0,0.53,None,Fixed Term,Inactive,PA528232,2030-06-01,VG149619,2027-01-09,2026-09-15,2016-11-04
EMP1027-20260913_210636,Deborah,Parker,kirsty50@example.org,1996-03-16,0117 496 0302,"504 Jackson Avenue
New Judith
S59 0FQ",Male,Westmere Community Health NHS Trust,Mixed,New Zealand,British Citizen,Medical,SHO,Clinical Support Services,SHO,26.14,2021-11-29,2022-01-10,18.75,0.5,NMC,Permanent,Inactive,TK454043,2031-04-07,YW712798,2028-05-27,2027-02-01,2021-12-20
EMP1028-20260913_210636,Georgia,Page,zball@example.com,1994-08-09,+441214960112,"36 Martyn Fords
Jodieborough
N60 8YQ",Male,Southgate Community & Mental Health NHS Trust,White,United Kingdom,Skilled Worker,Admin,Medical Secretary,Women & Children,4,15.62,2018-09-11,2018-10-16,37.5,1.0,NMC,Fixed Term,Inactive,PB367432,2031-04-13,LK834535,2028-08-01,2027-03-20,2018-10-02
EMP1029-20260913_210636,Leanne,Kemp,williamspaula@example.net,2002-10-02,(0113) 496 0794,"Studio 37s
Hollie Springs
Lake Diana
TW23 6SH",Female,Eastfield Psychological Services NHS Trust,Black,Barbados,Skilled Worker,Admin,Data Analyst,Surgery & Cancer,8A,30.49,2024-12-26,2025-02-06,30.0,0.8,GMC,Fixed Term,Suspended,OD628690,2029-07-15,DJ668511,2027-02-16,2027-04-03,2025-01-16
EMP1030-20260913_210636,Alison,Adams,walkerleanne@example.org,1978-12-05,+44909 8790257,"Studio 84P
Shane Alley
Dunnborough
TN1 6BW",Female,Bluewater Community & Rehabilitation NHS Trust,Asian,Thailand,ILR,Nursing,Nursery Nurse,Emergency & Urgent Care,2,14.03,2025-10-08,2025-11-05,37.5,1.0,HCPC,Permanent,Inactive,MR596949,2030-02-25,LL701481,2031-05-01,2027-09-09,2025-10-29
EMP1031-20260913_210636,Paul,Marshall,eryan@example.com,1968-08-21,01414960057,"Studio 34
Miah Points
Leighton
N3 3XD",Male,Lakeside District Hospitals NHS Trust,White,Australia,British Citizen,Admin,Receptionist,Emergency & Urgent Care,3,15.5,2019-12-13,2020-01-10,30.0,0.8,None,Permanent,Inactive,QB876558,2029-11-28,TF674496,2029-10-19,2026-10-27,2020-01-03
EMP1032-20260913_210636,Gemma,Young,hrogers@example.net,1987-01-28,+44131 496 0247,"23 Wright Neck
Elliottport
BA8 9QZ",Female,Broadfield Clinical Services NHS Trust,Black,Trinidad and Tobago,Skilled Worker,Admin,Administrator,Emergency & Urgent Care,3,13.73,2025-02-02,2025-03-02,15.0,0.4,None,Permanent,Inactive,XR469709,2030-11-26,RC670221,2026-10-09,2027-05-10,2025-02-23
EMP1033-20260913_210636,Danielle,Coleman,clarkthomas@example.org,1994-01-20,0131 4960589,"089 Frank Row
Slatermouth
W4 7WW",Female,Lakeside District Hospitals NHS Trust,Black,Kenya,Skilled Worker,Nursing,Senior Staff Nurse,Medicine & Acute Care,6,27.85,2018-05-03,2018-06-07,37.5,1.0,HCPC,Bank,Active,OT930380,2027-03-18,JD565922,2028-11-13,2027-05-07,2018-05-24
EMP1034-20260913_210636,Michelle,Vaughan,chloegreen@example.com,1990-01-27,+44(0)117 4960325,"96 Phillip Pass
Francisfort
PL8R 5QB",Female,Lakeside District Hospitals NHS Trust,Mixed,India,Skilled Worker,AHP,Speech Therapist,Medicine & Acute Care,6,23.36,2016-11-06,2016-12-11,30.0,0.8,NMC,Fixed Term,Active,CR561385,2028-02-03,KN224384,2031-08-02,2027-03-01,2016-11-27
EMP1035-20260913_210636,Gregory,Clark,kayleighcooper@example.org,2003-02-20,(028) 9018801,"2 Miles Parks
Port Eleanorchester
WC43 7UX",Female,Greenhaven Acute & Specialist Care NHS Trust,Asian,Thailand,ILR,Nursing,Healthcare Assistant,Medicine & Acute Care,2,14.11,2022-03-22,2022-04-19,37.5,1.0,NMC,Fixed Term,Active,CF448216,2030-08-31,GQ281428,2028-01-02,2026-11-15,2022-04-12
EMP1036-20260913_210636,Matthew,Williams,gryan@example.com,1997-09-06,+44(0)141 496 0424,"8 Kemp Fork
Hendersonmouth
B66 0RE",Female,Westmere Community Health NHS Trust,White,United States,British Citizen,Admin,Medical Secretary,Medicine & Acute Care,4,16.91,2016-10-07,2016-11-18,18.75,0.5,NMC,Bank,Inactive,MJ650989,2029-07-20,RV371827,2030-10-30,2026-11-13,2016-10-28
EMP1037-20260913_210636,Beverley,Brown,ngibson@example.com,1975-12-11,+44(0)20 7496 0069,"Studio 6
Robertson Roads
Jonesland
OX0E 6SH",Female,Oakridge Community Services NHS Trust,Black,Kenya,ILR,Admin,Medical Secretary,Emergency & Urgent Care,4,16.04,2023-06-18,2023-07-23,30.0,0.8,None,Bank,Inactive,PX720283,2027-05-10,NX871973,2030-05-15,2027-08-17,2023-07-09
EMP1038-20260913_210636,Dorothy,Roberts,carolparker@example.net,1994-06-01,+441632 960880,"Flat 62
Jeremy Inlet
Wilsonchester
HD4P 3GF",Female,Southgate Community & Mental Health NHS Trust,White,Canada,Dependent,Admin,Data Analyst,Women & Children,8A,31.03,2021-03-18,2021-04-29,30.0,0.8,NMC,Fixed Term,Suspended,TH860105,2030-06-07,OP219546,2030-10-18,2026-12-15,2021-04-08
EMP1039-20260913_210636,Tony,Carter,singhbilly@example.org,1989-12-10,(0808)1570358,"5 Gary Greens
Lake Lynnborough
M1H 6FB",Male,Bluewater Community & Rehabilitation NHS Trust,White,United Kingdom,Skilled Worker,Admin,Medical Secretary,Women & Children,4,18.98,2022-04-06,2022-05-18,37.5,1.0,None,Permanent,Suspended,CL441253,2031-06-06,SK061203,2029-02-25,2026-10-19,2022-04-27
EMP1040-20260913_210636,Hazel,Taylor,douglas49@example.net,1966-10-20,+44161 4960513,"776 Thompson Corners
North Adam
CV9M 3EY",Female,Westmere Community Health NHS Trust,Mixed,New Zealand,Dependent,Medical,SHO,Clinical Support Services,SHO,29.31,2019-05-13,2019-06-17,15.0,0.4,NMC,Permanent,Inactive,CL737404,2029-03-04,EC305731,2029-10-17,2026-10-05,2019-06-03
EMP1041-20260913_210636,Julia,Bryan,garnercarl@example.com,1966-02-22,+441632960678,"5 Morgan Branch
South Paigehaven
L74 7QT",Female,Broadfield Clinical Services NHS Trust,Mixed,Barbados,ILR,Nursing,Nursery Nurse,Surgery & Cancer,2,13.25,2026-05-23,2026-06-20,37.5,1.0,None,Bank,Active,SI457300,2027-05-29,KO554085,2028-07-04,2027-06-18,2026-06-13
EMP1042-20260913_210636,Yvonne,Morris,chelseawheeler@example.org,1997-02-25,+44(0)117 4960355,"Studio 58
Foster Plaza
New Ruthchester
G2 9XU",Female,Bluewater Community & Rehabilitation NHS Trust,White,Canada,ILR,AHP,Speech Therapist,Surgery & Cancer,6,25.56,2025-07-20,2025-08-31,15.0,0.4,GMC,Bank,On Leave,DH956141,2030-08-02,FR542539,2029-06-01,2027-04-27,2025-08-10
EMP1043-20260913_210636,Keith,Evans,walkerowen@example.com,2005-02-19,0141 496 0737,"Flat 83A
Brown Stravenue
Tracyhaven
PR1 5YL",Female,Southgate Community & Mental Health NHS Trust,White,Australia,Dependent,AHP,Physiotherapist,Surgery & Cancer,6,23.71,2017-03-05,2017-04-16,18.75,0.5,None,Bank,On Leave,CK025439,2029-04-17,AP206676,2029-10-06,2027-03-12,2017-03-26
EMP1044-20260913_210636,Lisa,Baker,jennifer02@example.org,1970-10-17,01174960832,"Flat 05
Reece Expressway
Glenmouth
FK37 2XU",Male,Riverside Integrated Care NHS Trust,Black,South Africa,Dependent,Admin,Medical Secretary,Critical Care & Anaesthesia,4,16.14,2018-09-29,2018-10-27,30.0,0.8,HCPC,Permanent,Inactive,MA923625,2028-05-17,UU182541,2031-01-26,2027-06-22,2018-10-20
EMP1045-20260913_210636,Connor,Newton,heather99@example.com,2006-01-31,0114 496 0528,"875 Janice Motorway
New Janeland
N73 3TN",Female,Meadowbrook Community Health NHS Trust,White,Canada,ILR,AHP,Speech Therapist,Surgery & Cancer,6,27.12,2022-12-13,2023-01-17,15.0,0.4,NMC,Permanent,Active,RS474643,2030-08-22,OC096838,2027-03-21,2027-09-03,2023-01-03
EMP1046-20260913_210636,Christine,May,dunnaaron@example.com,2006-05-05,(0306) 9990568,"77 Clarke Turnpike
South Paulafurt
GU5Y 8ZU",Male,Riverside Integrated Care NHS Trust,Asian,India,ILR,Medical,GP,Emergency & Urgent Care,GP,50.04,2019-12-19,2020-01-30,20.0,0.53,HCPC,Fixed Term,Suspended,QE979534,2028-10-29,WY840444,2030-11-13,2027-06-18,2020-01-09
EMP1047-20260913_210636,Rachael,Hope,annetteandrews@example.net,1972-06-24,020 7946 0593,"863 Callum Divide
Pearsonview
NW4 1UB",Male,Oakridge Community Services NHS Trust,Mixed,Barbados,ILR,Admin,Data Analyst,Medicine & Acute Care,8A,34.95,2019-04-02,2019-05-14,30.0,0.8,HCPC,Bank,Inactive,HF179665,2028-01-12,YP532776,2027-09-01,2026-10-07,2019-04-23
EMP1048-20260913_210636,Lewis,Hooper,jamesangela@example.org,2002-12-27,0117 4960780,"63 Roberts Turnpike
North Joan
W4 0LZ",Male,Eastfield Psychological Services NHS Trust,Asian,China,Dependent,Medical,Consultant,Surgery & Cancer,CONS,53.71,2020-11-22,2020-12-20,18.75,0.5,NMC,Bank,Inactive,SF321651,2031-09-11,WY591205,2029-07-14,2027-06-08,2020-12-13
EMP1049-20260913_210636,Mohammad,Coles,lyndahawkins@example.org,1983-11-25,+4428 9018732,"077 Brown Throughway
New Mathewhaven
LN5V 5HL",Female,Midlands Central Hospitals NHS Trust,Black,Ghana,Dependent,Nursing,Senior Staff Nurse,Women & Children,6,26.79,2025-03-01,2025-03-29,30.0,0.8,NMC,Bank,Active,GS129170,2030-09-29,NP063218,2026-12-02,2027-05-09,2025-03-22
EMP1050-20260913_210636,Frank,Edwards,olivermarie@example.net,1972-02-27,0289018370,"1 Francis Causeway
Vanessabury
G16 3RA",Male,Valleyview Mental Wellness NHS Trust,White,United States,British Citizen,Admin,Administrator,Corporate Services,3,14.73,2023-03-05,2023-04-09,15.0,0.4,HCPC,Permanent,On Leave,LD810294,2026-12-13,BK680417,2029-12-04,2026-11-25,2023-03-26
EMP1051-20260913_210636,Catherine,Chapman,baxtereileen@example.org,1976-06-02,0115 4960731,"97 Smith Fields
South Paulton
N2 4ES",Female,Midlands Central Hospitals NHS Trust,White,United Kingdom,Dependent,Admin,Administrator,Medicine & Acute Care,3,15.31,2023-03-23,2023-04-20,15.0,0.4,NMC,Fixed Term,On Leave,FV388264,2027-12-05,XM390391,2031-05-25,2027-05-14,2023-04-13
EMP1052-20260913_210636,Lesley,French,bellvanessa@example.org,1976-09-07,+44151 496 0384,"Studio 1
Valerie Ramp
Barberland
SW5V 3XN",Male,Broadfield Clinical Services NHS Trust,Mixed,Jamaica,Skilled Worker,Medical,SHO,Clinical Support Services,SHO,23.19,2025-08-26,2025-09-30,30.0,0.8,GMC,Permanent,Active,WY182914,2029-08-02,LI353951,2026-11-15,2027-01-21,2025-09-16
EMP1053-20260913_210636,Amber,Dickinson,kirkliam@example.org,1984-09-26,+44(0)1914960711,"503 Hamilton Motorway
Hughburgh
CM3B 8PX",Female,Eastmoor Teaching Hospitals NHS Trust,Black,Trinidad and Tobago,ILR,Admin,Medical Secretary,Corporate Services,4,18.11,2021-01-28,2021-02-25,30.0,0.8,HCPC,Fixed Term,Suspended,UE245723,2027-03-02,KI351847,2031-06-11,2027-07-14,2021-02-18
EMP1054-20260913_210636,Molly,Bull,albert43@example.net,1975-07-24,(0161)4960149,"96 Joyce Falls
South Rosie
L6K 2LB",Male,Oakridge Community Services NHS Trust,Black,Jamaica,British Citizen,Nursing,Staff Nurse,Critical Care & Anaesthesia,5,22.55,2022-03-08,2022-04-05,20.0,0.53,HCPC,Permanent,Suspended,LN844962,2030-09-02,HO434410,2027-10-20,2026-10-18,2022-03-29
EMP1055-20260913_210636,Zoe,Begum,leelinda@example.com,1991-07-13,+44909 8790416,"15 Harper Mount
Claireburgh
SM9E 0QB",Male,Northwood Mental Health NHS Trust,Asian,Thailand,Dependent,Admin,Receptionist,Critical Care & Anaesthesia,3,13.65,2020-01-25,2020-03-07,15.0,0.4,None,Bank,Suspended,OD137282,2029-11-11,TH152153,2027-05-26,2027-06-10,2020-02-15
EMP1056-20260913_210636,Chloe,Mistry,clairetaylor@example.com,1968-04-15,+441174960052,"Studio 92v
Owen Union
Fieldmouth
JE66 3GB",Female,Hillcrest Medical Centres NHS Trust,Mixed,Australia,ILR,Medical,FY1/FY2,Medicine & Acute Care,FY1,18.51,2020-02-21,2020-04-03,37.5,1.0,NMC,Bank,Inactive,SJ122403,2026-10-29,BY644019,2027-12-24,2027-03-01,2020-03-13
EMP1057-20260913_210636,Karen,Lewis,blackcolin@example.net,1987-04-13,+44(0)116 496 0710,"Flat 7
Terence Fields
West Garyfurt
N03 5AD",Female,Horizon Integrated Health Partnership NHS Trust,Mixed,Thailand,Dependent,Admin,Administrator,Clinical Support Services,3,13.79,2019-05-22,2019-06-26,37.5,1.0,GMC,Bank,Inactive,KD242405,2030-07-27,TG945820,2030-08-19,2027-03-24,2019-06-12
EMP1058-20260913_210636,Anna,Chapman,rossevans@example.net,2004-01-28,+44115 4960530,"Studio 4
Bentley Ways
East Irenechester
HD6 4YZ",Female,Riverbank General Hospitals NHS Trust,Black,Nigeria,Skilled Worker,AHP,Physiologist,Clinical Support Services,6,23.94,2024-04-03,2024-05-08,20.0,0.53,None,Permanent,On Leave,IT028827,2027-07-27,CI125900,2031-06-09,2027-04-23,2024-04-24
EMP1059-20260913_210636,Sandra,White,sylviachan@example.net,1980-01-24,0306 999 0150,"Flat 7
Lorraine Mission
Lawmouth
CM7R 2UW",Female,Southvale Hospitals NHS Trust,Asian,China,Dependent,Admin,Medical Secretary,Women & Children,4,15.68,2018-07-04,2018-08-01,37.5,1.0,GMC,Fixed Term,Inactive,OF103093,2029-10-03,WX135727,2027-01-30,2026-09-23,2018-07-25
EMP1060-20260913_210636,Barbara,Fisher,geraldineoconnor@example.net,1995-04-13,+4428 9018 0604,"Flat 74
Byrne Union
Lake Joshua
DT1H 1AS",Female,Southgate Community & Mental Health NHS Trust,Mixed,United Kingdom,Skilled Worker,Medical,FY1/FY2,Corporate Services,FY1,21.36,2017-02-26,2017-04-02,37.5,1.0,None,Fixed Term,Inactive,RD437392,2029-01-22,YJ600229,2029-06-13,2027-06-25,2017-03-19
EMP1061-20260913_210636,Mary,Lee,dennis31@example.net,1998-04-11,+441134960961,"Studio 3
Taylor Crest
West Naomi
KT5 8GY",Male,Eastmoor Teaching Hospitals NHS Trust,Black,Trinidad and Tobago,Skilled Worker,Nursing,Senior Staff Nurse,Emergency & Urgent Care,6,24.39,2023-07-07,2023-08-18,20.0,0.53,None,Permanent,Active,SJ906927,2028-11-19,VE236060,2028-04-21,2027-06-07,2023-07-28
EMP1062-20260913_210636,Janice,Evans,tomread@example.com,1975-07-24,+441514960468,"2 Hopkins Green
Vincentfort
IV5 6YS",Female,Horizon Integrated Health Partnership NHS Trust,Mixed,South Africa,British Citizen,AHP,Physiologist,Women & Children,6,26.81,2023-02-10,2023-03-17,30.0,0.8,None,Fixed Term,Active,LI373743,2028-01-25,CV720079,2029-05-19,2027-03-06,2023-03-03
EMP1063-20260913_210636,Leigh,Hardy,clarkantony@example.net,1996-01-23,(0909) 879 0793,"649 Palmer Ridge
Leemouth
LU2P 0XS",Male,Hillcrest Medical Centres NHS Trust,Mixed,India,Dependent,Nursing,Nursery Nurse,Surgery & Cancer,2,13.42,2019-04-23,2019-05-28,30.0,0.8,None,Fixed Term,Inactive,OQ104214,2030-11-02,RP148801,2026-12-15,2027-01-20,2019-05-14
EMP1064-20260913_210636,Charlie,Reid,danielle22@example.org,1996-08-20,+44113 4960151,"75 Jason Freeway
Clivefurt
E3K 0DB",Male,Westborough Acute Care NHS Trust,Mixed,Ghana,Skilled Worker,AHP,Physiologist,Clinical Support Services,6,26.1,2020-03-05,2020-04-16,15.0,0.4,HCPC,Bank,Active,CX362322,2031-05-06,JQ520891,2028-01-16,2027-08-18,2020-03-26
EMP1065-20260913_210636,Carolyn,Tucker,freemanmarian@example.net,1960-12-26,(028)9018312,"756 Geraldine Mission
Nathanburgh
OX85 0PB",Female,Southgate Community & Mental Health NHS Trust,Black,Jamaica,Dependent,Admin,Medical Secretary,Critical Care & Anaesthesia,4,18.91,2023-03-18,2023-04-29,15.0,0.4,None,Bank,Suspended,LA004742,2028-09-27,VH373361,2031-07-26,2027-01-16,2023-04-08
EMP1066-20260913_210636,Dennis,Shaw,kennethpalmer@example.com,2007-01-25,+44909 8790867,"06 Day Ports
East Jill
B7 5YJ",Male,Oakridge Community Services NHS Trust,Mixed,South Africa,ILR,Medical,GP,Women & Children,GP,54.55,2022-12-19,2023-01-23,15.0,0.4,GMC,Permanent,On Leave,FK129700,2028-03-05,IY213163,2027-06-05,2027-05-09,2023-01-09
EMP1067-20260913_210636,Alex,Roberts,egoodwin@example.com,1971-05-29,+442074960752,"361 Lane Cove
Port Benborough
E0A 9WF",Female,Eastmoor Teaching Hospitals NHS Trust,White,United States,ILR,Medical,SHO,Critical Care & Anaesthesia,SHO,23.52,2020-09-06,2020-10-04,30.0,0.8,HCPC,Fixed Term,Inactive,VU484607,2030-01-05,HL150919,2027-03-15,2026-12-02,2020-09-27
EMP1068-20260913_210636,Ben,Johnson,knorris@example.org,1977-04-18,01514960266,"71 Allen Crest
Nicolaborough
W48 7GT",Male,Northshire University Hospitals NHS Trust,White,Canada,British Citizen,Admin,Administrator,Corporate Services,3,13.39,2017-06-13,2017-07-25,20.0,0.53,GMC,Bank,On Leave,ZC614850,2029-06-10,CV437368,2030-04-09,2027-05-06,2017-07-04
EMP1069-20260913_210636,Sandra,Oliver,ogoddard@example.com,1991-12-18,01414960000,"71 Blake Squares
North Clareville
G18 0BU",Female,Broadfield Clinical Services NHS Trust,Asian,India,British Citizen,Nursing,Healthcare Assistant,Critical Care & Anaesthesia,2,13.97,2020-06-18,2020-07-23,20.0,0.53,GMC,Bank,Inactive,UN120649,2029-09-21,NS113699,2030-07-13,2026-10-16,2020-07-09
EMP1070-20260913_210636,Susan,Chan,antonyhall@example.com,1970-07-10,0118 4960475,"Studio 9
Sally Ramp
Leeshire
RG4 3QQ",Male,Northwood Mental Health NHS Trust,Mixed,Trinidad and Tobago,Skilled Worker,Nursing,Staff Nurse,Women & Children,5,19.48,2017-11-07,2017-12-12,18.75,0.5,None,Bank,Suspended,ES523941,2027-08-16,NX697289,2031-01-30,2026-11-24,2017-11-28
EMP1071-20260913_210636,Shaun,Quinn,obrienconor@example.net,1966-08-22,+443069990262,"4 Singh Corner
Morganmouth
W1 3JQ",Male,Midlands Central Hospitals NHS Trust,Asian,Japan,ILR,Nursing,Staff Nurse,Corporate Services,5,20.22,2025-12-13,2026-01-17,20.0,0.53,NMC,Fixed Term,Inactive,UP087620,2027-03-21,KM818088,2030-05-31,2026-11-20,2026-01-03
EMP1072-20260913_210636,Donald,Jones,clarkeconnor@example.com,1981-06-29,+44(0)28 9018468,"70 Gordon Drive
Nicolastad
B8 4UN",Female,Lakeside District Hospitals NHS Trust,White,Canada,Skilled Worker,Admin,Administrator,Clinical Support Services,3,13.98,2020-09-22,2020-10-27,20.0,0.53,HCPC,Fixed Term,Active,CJ143601,2030-12-29,MR103202,2028-04-11,2027-05-25,2020-10-13
EMP1073-20260913_210636,Samantha,Smith,mitchellmarilyn@example.net,2002-06-18,(029)2018373,"Flat 20J
Brown Mills
Paulville
G96 6FA",Female,Riverside Integrated Care NHS Trust,White,United States,British Citizen,AHP,Physiologist,Clinical Support Services,6,24.67,2017-07-18,2017-08-22,15.0,0.4,GMC,Fixed Term,On Leave,XW036496,2027-06-02,UE565121,2031-07-31,2027-01-07,2017-08-08
EMP1074-20260913_210636,Leon,Baker,collinsabbie@example.net,1964-09-28,+44(0)161 4960319,"51 Jones Fort
East Claireport
E5S 3FU",Male,Northshire University Hospitals NHS Trust,Asian,China,British Citizen,Medical,GP,Critical Care & Anaesthesia,GP,49.84,2026-08-05,2026-09-16,15.0,0.4,HCPC,Permanent,Suspended,OD917432,2028-03-12,HK659672,2027-10-31,2027-04-10,2026-08-26
EMP1075-20260913_210636,Carl,Nixon,sally79@example.org,1976-08-15,(0116) 496 0674,"Studio 50
Tony Mountain
Port Ashleigh
WS6 6SJ",Female,Eastmoor Teaching Hospitals NHS Trust,Black,Barbados,Dependent,Medical,Consultant,Clinical Support Services,CONS,71.31,2023-12-21,2024-01-25,37.5,1.0,GMC,Bank,Suspended,UW224638,2027-07-08,YJ895769,2028-05-13,2027-06-04,2024-01-11
EMP1076-20260913_210636,Margaret,Cook,kieran49@example.org,1998-05-12,+441914960902,"99 Wade Flat
Port Scott
E87 6QL",Male,Greenhaven Acute & Specialist Care NHS Trust,Black,South Africa,ILR,Medical,SHO,Surgery & Cancer,SHO,27.52,2025-03-29,2025-05-10,15.0,0.4,None,Permanent,Inactive,ZW086169,2030-08-16,HE531085,2029-09-10,2027-03-09,2025-04-19
EMP1077-20260913_210636,Alison,Pearson,porterstephanie@example.net,2006-07-02,0292018603,"38 Natasha Village
Milesstad
W3W 6YG",Female,Hillcrest Medical Centres NHS Trust,Asian,India,Dependent,Medical,GP,Surgery & Cancer,GP,57.92,2026-03-05,2026-04-16,37.5,1.0,HCPC,Fixed Term,Inactive,TB367929,2027-07-30,TB308363,2028-01-10,2027-06-06,2026-03-26
EMP1078-20260913_210636,Damian,Patel,nbarrett@example.com,1986-09-05,(0113) 496 0068,"Flat 88
White Meadow
Lake Henrymouth
HG43 3BU",Female,Southvale Hospitals NHS Trust,Black,Jamaica,Skilled Worker,AHP,Occupational Therapist,Surgery & Cancer,6,24.76,2018-11-10,2018-12-22,15.0,0.4,GMC,Bank,Inactive,LW375820,2029-08-25,MV063095,2030-03-04,2027-06-28,2018-12-01
EMP1079-20260913_210636,Patrick,Chambers,jacqueline54@example.com,1977-05-07,0115 4960017,"181 Sylvia Springs
South William
SA6 1ET",Female,Northshire University Hospitals NHS Trust,White,Canada,Skilled Worker,Admin,Medical Secretary,Medicine & Acute Care,4,16.02,2024-02-17,2024-03-23,30.0,0.8,None,Bank,Active,DJ266140,2027-06-17,QV031409,2030-04-23,2027-08-20,2024-03-09
EMP1080-20260913_210636,Andrea,Thompson,natalie60@example.org,1977-12-22,(01632)960653,"8 Angela Dale
Hargreavesburgh
HR1 4HR",Female,Bluewater Community & Rehabilitation NHS Trust,White,United Kingdom,Dependent,Admin,Medical Secretary,Women & Children,4,19.33,2021-05-28,2021-06-25,18.75,0.5,HCPC,Permanent,Active,RL115657,2026-09-25,BF936639,2029-06-19,2026-09-29,2021-06-18
EMP1081-20260913_210636,Pamela,Brown,rickyharding@example.org,1979-01-22,0306 9990494,"81 Burke Views
North Josh
B2J 2ZA",Male,Meadowbrook Community Health NHS Trust,Mixed,United Kingdom,Skilled Worker,Admin,Medical Secretary,Medicine & Acute Care,4,17.27,2021-02-13,2021-03-27,20.0,0.53,None,Bank,Suspended,RB184779,2030-08-05,JR550210,2029-09-19,2027-04-02,2021-03-06
EMP1082-20260913_210636,Phillip,Andrews,heatherstone@example.org,1982-05-02,+44(0)1134960419,"Studio 56C
Valerie Parks
Terencechester
UB1M 6EB",Male,Eastmoor Teaching Hospitals NHS Trust,White,United Kingdom,British Citizen,Medical,GP,Corporate Services,GP,54.82,2023-05-17,2023-06-14,30.0,0.8,GMC,Fixed Term,Suspended,LC384734,2029-08-07,PM128221,2027-08-11,2026-10-21,2023-06-07
EMP1083-20260913_210636,Connor,Wyatt,palmerrobert@example.net,1963-06-01,029 2018708,"84 Danny Corner
Declanfurt
N7E 5TW",Female,Southvale Hospitals NHS Trust,Mixed,China,Skilled Worker,Admin,Administrator,Medicine & Acute Care,3,15.16,2026-07-01,2026-08-05,37.5,1.0,None,Bank,On Leave,BS409711,2031-04-29,TV858620,2028-04-04,2027-04-07,2026-07-22
EMP1084-20260913_210636,Hollie,Johnson,jonesbrandon@example.net,2000-10-22,+441314960923,"Flat 2
Sarah View
Junemouth
B4 9GU",Male,Southvale Hospitals NHS Trust,White,United States,ILR,Medical,FY1/FY2,Critical Care & Anaesthesia,FY1,19.56,2016-11-07,2016-12-05,30.0,0.8,NMC,Fixed Term,Active,CG477229,2029-12-24,GC792602,2029-07-30,2027-05-13,2016-11-28
EMP1085-20260913_210636,Zoe,Jones,rosebarbara@example.net,2000-02-10,(0808)1570280,"Flat 97
White Mission
West Stuartburgh
G29 8PL",Female,Lakeside District Hospitals NHS Trust,Asian,India,British Citizen,AHP,Occupational Therapist,Clinical Support Services,6,23.73,2017-05-21,2017-07-02,30.0,0.8,NMC,Bank,Suspended,MX101557,2028-07-04,CX418293,2027-06-29,2027-01-02,2017-06-11
EMP1086-20260913_210636,Allan,Ward,hawkinsadrian@example.net,1998-11-30,0808 1570656,"9 Field Mills
North Natalieland
W2H 2BG",Female,Southvale Hospitals NHS Trust,Asian,Thailand,ILR,Medical,Consultant,Clinical Support Services,CONS,49.35,2024-11-19,2024-12-31,18.75,0.5,None,Bank,Suspended,BF621749,2027-11-25,ZE772475,2029-04-20,2027-07-19,2024-12-10
EMP1087-20260913_210636,Bryan,Dixon,gtaylor@example.org,2006-08-17,0306 9990015,"32 Lucy Plaza
Hughville
NR8E 0YP",Female,Riverbank General Hospitals NHS Trust,Mixed,Barbados,British Citizen,Medical,FY1/FY2,Emergency & Urgent Care,FY1,20.49,2025-01-07,2025-02-04,15.0,0.4,HCPC,Fixed Term,Inactive,WO817189,2027-05-07,LJ504727,2027-03-07,2027-08-17,2025-01-28
EMP1088-20260913_210636,Mohammad,King,gerald34@example.net,1990-12-21,+44(0)131 4960994,"Studio 85P
Patrick Forest
West Geoffreyville
SW19 2UR",Female,Riverside Integrated Care NHS Trust,Asian,Japan,Dependent,AHP,Radiographer,Corporate Services,6,25.37,2019-10-31,2019-11-28,15.0,0.4,None,Fixed Term,Active,ES305927,2027-04-30,WL193845,2029-09-28,2027-01-01,2019-11-21
EMP1089-20260913_210636,Catherine,Smith,colenicholas@example.com,1995-10-06,0808 157 0015,"Studio 85x
Russell Springs
Louisburgh
G7B 5RS",Male,Greenhaven Acute & Specialist Care NHS Trust,White,New Zealand,Skilled Worker,Medical,SHO,Medicine & Acute Care,SHO,23.41,2026-04-21,2026-06-02,30.0,0.8,None,Fixed Term,Active,JR472970,2028-09-28,UC858349,2027-11-30,2027-04-21,2026-05-12
EMP1090-20260913_210636,Russell,Walton,amberhill@example.com,1979-05-23,+44121 4960578,"Studio 28
Harding Bypass
Port Iaintown
ZE3X 0HR",Female,Meadowbrook Community Health NHS Trust,White,United Kingdom,Dependent,AHP,Radiographer,Women & Children,6,24.57,2018-10-12,2018-11-23,15.0,0.4,NMC,Permanent,On Leave,HK970247,2027-08-14,AY244284,2026-12-28,2026-09-14,2018-11-02
EMP1091-20260913_210636,Leslie,Hayes,wburns@example.org,2007-04-22,(0117)4960673,"57 Sutton Gardens
Murrayshire
HD6 8QJ",Male,Broadfield Clinical Services NHS Trust,Mixed,Nigeria,Dependent,Nursing,Staff Nurse,Clinical Support Services,5,22.69,2022-12-15,2023-01-26,30.0,0.8,NMC,Fixed Term,On Leave,IA375486,2029-05-17,IJ145188,2029-06-17,2027-08-03,2023-01-05
EMP1092-20260913_210636,Cheryl,Hooper,jonessamantha@example.com,1963-04-05,+44(0)28 9018870,"8 George Course
Smithburgh
GY9W 3YB",Female,Westmere Community Health NHS Trust,Asian,Japan,Skilled Worker,Nursing,Ward Manager,Critical Care & Anaesthesia,8A,35.41,2026-02-04,2026-03-04,37.5,1.0,NMC,Bank,Active,JV036702,2031-03-17,DK898104,2026-10-15,2026-12-24,2026-02-25
EMP1093-20260913_210636,Callum,Ward,lawsonanne@example.com,1965-12-01,+44191 4960189,"Studio 65Y
Dean Road
South Arthur
CB20 9LE",Male,Oakridge Community Services NHS Trust,Mixed,Australia,British Citizen,Admin,Receptionist,Emergency & Urgent Care,3,15.49,2019-03-13,2019-04-17,30.0,0.8,HCPC,Bank,On Leave,FC143332,2027-05-20,DO568379,2027-10-07,2026-10-07,2019-04-03
EMP1094-20260913_210636,Tom,Curtis,hazel97@example.net,1983-12-16,09098790057,"Studio 7
June Mews
New Adam
CH8 3WL",Male,Southvale Hospitals NHS Trust,Mixed,Barbados,Dependent,AHP,Radiographer,Emergency & Urgent Care,6,24.57,2019-02-09,2019-03-16,15.0,0.4,HCPC,Bank,Suspended,PX707106,2030-11-16,NZ682242,2029-11-10,2026-10-05,2019-03-02
EMP1095-20260913_210636,Roger,Hall,helenhill@example.org,1991-01-28,(0115) 496 0566,"92 Morgan Ramp
Woodside
S0 1ZD",Male,Southvale Hospitals NHS Trust,Black,Nigeria,British Citizen,Admin,Medical Secretary,Medicine & Acute Care,4,16.19,2021-04-14,2021-05-12,15.0,0.4,GMC,Permanent,Suspended,LE780655,2029-08-31,SA482707,2029-07-11,2027-04-02,2021-05-05
EMP1096-20260913_210636,Oliver,Joyce,thunt@example.net,2003-09-20,01144960110,"Flat 36
Atkins Summit
West Lynnville
IV94 3EJ",Male,Eastmoor Teaching Hospitals NHS Trust,White,Australia,Skilled Worker,Nursing,Ward Manager,Emergency & Urgent Care,8A,28.94,2025-02-28,2025-03-28,30.0,0.8,NMC,Bank,Suspended,SZ294370,2029-01-28,ID733392,2028-06-01,2026-10-27,2025-03-21
EMP1097-20260913_210636,Luke,Byrne,lwilson@example.com,1977-06-20,0808 1570347,"Studio 25
Hayley Brook
Stanleyview
W99 7JN",Female,Greenhaven Acute & Specialist Care NHS Trust,Black,Kenya,British Citizen,AHP,Radiographer,Clinical Support Services,6,23.75,2023-01-30,2023-02-27,37.5,1.0,NMC,Permanent,Inactive,DV234306,2026-12-20,SM941248,2027-08-31,2027-04-04,2023-02-20
EMP1098-20260913_210636,Joel,John,nicolebaldwin@example.org,1979-10-01,+44(0)131 496 0241,"Studio 36
Max Inlet
Jamesmouth
N82 3LL",Male,Valleyview Mental Wellness NHS Trust,White,New Zealand,Dependent,Admin,Data Analyst,Critical Care & Anaesthesia,8A,33.62,2022-01-11,2022-02-15,15.0,0.4,None,Permanent,Active,WJ638967,2029-02-17,OM256217,2030-02-08,2027-07-28,2022-02-01
EMP1099-20260913_210636,Jemma,Lewis,sjenkins@example.org,1963-05-11,0115 4960766,"4 Charlene Oval
New Ianfurt
CM22 4EH",Female,Southvale Hospitals NHS Trust,Black,Nigeria,Dependent,Nursing,Healthcare Assistant,Medicine & Acute Care,2,13.27,2020-03-10,2020-04-07,18.75,0.5,HCPC,Fixed Term,On Leave,QN506190,2027-01-27,AQ167273,2029-09-08,2026-12-19,2020-03-31
EMP1100-20260913_210636,Lisa,Dunn,victoriarandall@example.org,1987-01-10,+44151 4960503,"Flat 4
Richardson Brook
South Rosieport
WS1H 9RR",Female,Hillcrest Medical Centres NHS Trust,Mixed,Jamaica,British Citizen,Admin,Receptionist,Critical Care & Anaesthesia,3,13.99,2021-07-31,2021-08-28,18.75,0.5,NMC,Fixed Term,On Leave,CJ930565,2028-03-25,HY273018,2028-12-18,2026-12-12,2021-08-21
EMP1101-20260913_210636,Roger,Davidson,proberts@example.com,2002-02-10,+44116 496 0974,"Flat 6
White Summit
Port Josephine
M2G 4HY",Female,Lakeside District Hospitals NHS Trust,Mixed,Japan,Skilled Worker,AHP,Occupational Therapist,Medicine & Acute Care,6,26.36,2021-04-10,2021-05-22,15.0,0.4,GMC,Fixed Term,Inactive,NK785818,2030-01-24,AC738224,2027-04-08,2027-08-27,2021-05-01
EMP1102-20260913_210636,Callum,Hobbs,john27@example.com,1969-10-11,01134960056,"Flat 45
Lee Groves
New Stuart
WD9A 8SU",Male,Northshire University Hospitals NHS Trust,Asian,China,Skilled Worker,AHP,Radiographer,Corporate Services,6,24.31,2017-08-20,2017-09-24,18.75,0.5,HCPC,Fixed Term,On Leave,EG326094,2027-06-15,NE972116,2030-03-28,2026-11-23,2017-09-10
EMP1103-20260913_210636,Harry,Jones,dannycook@example.com,2002-10-15,+44(0)151 4960060,"Flat 8
Watts Village
East Tonyburgh
DH3 1TW",Male,Westborough Acute Care NHS Trust,White,Canada,Skilled Worker,Admin,Data Analyst,Corporate Services,8A,32.68,2022-03-23,2022-04-20,15.0,0.4,NMC,Bank,Inactive,DH602730,2030-03-20,KH252385,2031-07-04,2027-08-30,2022-04-13
EMP1104-20260913_210636,Shane,Richardson,perrylynne@example.net,1968-05-13,(0116)4960385,"Studio 08J
Bradshaw Valley
East Joshborough
M90 9ZF",Male,Eastfield Psychological Services NHS Trust,Asian,Thailand,Skilled Worker,Admin,Medical Secretary,Clinical Support Services,4,18.44,2025-03-15,2025-04-26,20.0,0.53,GMC,Fixed Term,Active,ZZ351530,2028-07-19,GZ545807,2028-01-02,2026-10-18,2025-04-05
EMP1105-20260913_210636,Liam,Edwards,gavindaniels@example.com,1997-02-19,+443069990151,"Studio 58d
Geoffrey Expressway
Annabury
L9G 4FF",Female,Valleyview Mental Wellness NHS Trust,White,United States,British Citizen,AHP,Radiographer,Corporate Services,6,25.06,2024-08-16,2024-09-13,18.75,0.5,NMC,Fixed Term,Inactive,PC022478,2027-06-02,JL864645,2029-10-24,2026-09-23,2024-09-06
EMP1106-20260913_210636,Rebecca,Wilson,jhill@example.net,1977-04-27,01614960577,"Flat 34
May Springs
Ireneville
DE13 6ZD",Male,Broadfield Clinical Services NHS Trust,Asian,China,Dependent,Admin,Medical Secretary,Surgery & Cancer,4,17.98,2017-12-21,2018-01-25,30.0,0.8,GMC,Fixed Term,Suspended,XR628454,2029-03-04,ND884832,2030-01-20,2027-07-26,2018-01-11
EMP1107-20260913_210636,Albert,Stewart,graydenise@example.net,1983-01-30,+441134960072,"Studio 8
Edwards Common
Oliverfort
G4 2FP",Female,Riverside Integrated Care NHS Trust,Mixed,Kenya,Skilled Worker,Medical,Consultant,Clinical Support Services,CONS,51.71,2024-03-14,2024-04-25,37.5,1.0,HCPC,Fixed Term,On Leave,IT744896,2031-09-02,OY512054,2029-04-24,2027-04-14,2024-04-04
EMP1108-20260913_210636,Valerie,Butler,lewisevans@example.com,2004-09-05,(0121)4960844,"Studio 0
Jones Common
Port Julianfurt
AL2 0RX",Female,Westmere Community Health NHS Trust,White,Canada,ILR,Medical,Registrar,Clinical Support Services,SPR,43.5,2023-09-14,2023-10-12,15.0,0.4,None,Permanent,On Leave,HJ922211,2030-09-18,UW930857,2029-12-15,2027-04-10,2023-10-05
EMP1109-20260913_210636,Kyle,Hall,peter03@example.com,1986-09-02,0808 1570877,"Studio 3
Karen Mills
South Neilborough
SY80 6DX",Male,Broadfield Clinical Services NHS Trust,Mixed,Barbados,British Citizen,Medical,SHO,Women & Children,SHO,25.55,2024-04-20,2024-05-18,20.0,0.53,HCPC,Fixed Term,On Leave,JG589982,2028-09-07,JO422612,2027-07-02,2027-03-02,2024-05-11
EMP1110-20260913_210636,James,Gregory,foxsimon@example.net,1989-07-17,+44(0)2074960972,"Flat 44M
Shaw Rapids
New Shane
B3E 8PP",Female,Westborough Acute Care NHS Trust,Black,Trinidad and Tobago,Dependent,Medical,Consultant,Surgery & Cancer,CONS,58.44,2026-02-16,2026-03-16,30.0,0.8,NMC,Bank,On Leave,KO481590,2028-08-28,MH595051,2026-11-09,2027-06-05,2026-03-09
EMP1111-20260913_210636,Marion,Hughes,bethgraham@example.com,1985-10-01,+441632960520,"96 Anderson Stravenue
North Trevor
N5H 3XE",Male,Eastmoor Teaching Hospitals NHS Trust,Asian,Japan,Dependent,Nursing,Nursery Nurse,Surgery & Cancer,2,12.37,2021-06-30,2021-07-28,20.0,0.53,None,Fixed Term,Active,TI495784,2030-03-10,OM577397,2028-10-09,2026-10-08,2021-07-21
EMP1112-20260913_210636,Marc,Carter,sophie58@example.org,2006-01-20,+44(0)1414960860,"0 Saunders Meadow
West Leonborough
ZE82 6XG",Female,Southgate Community & Mental Health NHS Trust,Black,Barbados,Dependent,AHP,Physiotherapist,Critical Care & Anaesthesia,6,25.33,2026-07-25,2026-08-29,30.0,0.8,GMC,Fixed Term,On Leave,KG354756,2028-09-14,KE933965,2029-08-17,2027-05-11,2026-08-15
EMP1113-20260913_210636,Jade,Smith,williammitchell@example.com,1972-05-15,0151 4960422,"42 Lindsey Spur
Kathrynshire
SN8B 0DE",Female,Hillcrest Medical Centres NHS Trust,Mixed,New Zealand,British Citizen,Nursing,Healthcare Assistant,Corporate Services,2,12.89,2024-02-09,2024-03-22,37.5,1.0,GMC,Permanent,On Leave,KG596486,2028-02-27,NI241745,2029-12-15,2026-12-22,2024-03-01
EMP1114-20260913_210636,Guy,Jones,butlerclare@example.org,1989-10-14,+44(0)28 9018795,"804 Judith Causeway
East Kevin
S77 2HY",Female,Westmere Community Health NHS Trust,Asian,Japan,British Citizen,Nursing,Senior Staff Nurse,Corporate Services,6,23.39,2023-11-24,2023-12-22,18.75,0.5,GMC,Bank,Suspended,TF155946,2031-02-12,UE592205,2027-12-28,2027-03-19,2023-12-15
EMP1115-20260913_210636,Danielle,Parsons,katie20@example.com,2000-06-06,+44(0)191 4960246,"Studio 7
Antony Throughway
Greenmouth
NR05 7AN",Female,Lakeside District Hospitals NHS Trust,Mixed,Japan,ILR,AHP,Radiographer,Corporate Services,6,27.1,2019-08-12,2019-09-16,15.0,0.4,GMC,Permanent,Suspended,ML792604,2028-03-08,UL457637,2028-07-27,2027-07-18,2019-09-02
EMP1116-20260913_210636,Gareth,Patel,janet34@example.org,1977-09-02,+441174960949,"2 Fisher Square
North Keith
L4U 8QJ",Female,Valleyview Mental Wellness NHS Trust,Black,Barbados,British Citizen,Medical,GP,Women & Children,GP,50.6,2020-07-08,2020-08-12,15.0,0.4,NMC,Permanent,Active,UN095981,2027-02-12,FU813693,2027-02-04,2027-08-19,2020-07-29
EMP1117-20260913_210636,Shaun,Rogers,cooperanne@example.org,1996-11-29,+44(0)289018741,"Studio 95R
Emma Highway
Lukeborough
B4E 4ES",Female,Hillcrest Medical Centres NHS Trust,Mixed,Thailand,British Citizen,Admin,Data Analyst,Corporate Services,8A,31.25,2021-08-09,2021-09-20,30.0,0.8,None,Permanent,Active,JV971358,2027-02-15,FX042783,2031-01-07,2026-10-23,2021-08-30
EMP1118-20260913_210636,Victoria,Barnett,elliot29@example.com,1979-12-16,+44(0)1184960639,"280 Edward Tunnel
New Hilarymouth
LN2 4EU",Male,Riverside Integrated Care NHS Trust,White,United Kingdom,British Citizen,Admin,Administrator,Emergency & Urgent Care,3,15.35,2022-02-09,2022-03-23,30.0,0.8,None,Permanent,Suspended,VZ602063,2026-10-22,LS688537,2027-07-13,2027-09-06,2022-03-02
EMP1119-20260913_210636,Shannon,Sutton,smithjennifer@example.com,1989-10-28,+44808 157 0739,"Studio 21J
Wright Freeway
South Glen
L3 5BD",Female,Valleyview Mental Wellness NHS Trust,Black,Jamaica,ILR,Nursing,Ward Manager,Emergency & Urgent Care,8A,31.64,2025-09-23,2025-10-21,30.0,0.8,HCPC,Bank,On Leave,MJ595690,2029-06-14,YT639088,2027-06-13,2027-01-13,2025-10-14
EMP1120-20260913_210636,Nicola,Bennett,simpsonhazel@example.net,1965-04-26,(0114) 496 0892,"Flat 6
Foster Plains
Lewisfurt
N52 0XL",Male,Valleyview Mental Wellness NHS Trust,Black,Jamaica,British Citizen,AHP,Occupational Therapist,Corporate Services,6,27.53,2017-10-14,2017-11-18,20.0,0.53,None,Permanent,Suspended,QR171658,2028-07-16,DJ375005,2031-06-11,2027-06-17,2017-11-04
EMP1121-20260913_210636,Megan,Perry,robsonmaria@example.net,2006-04-26,+44(0)118 496 0295,"05 Max Shores
East Patriciafort
HS5 2NB",Male,Northwood Mental Health NHS Trust,Black,Barbados,British Citizen,Nursing,Healthcare Assistant,Emergency & Urgent Care,2,13.85,2020-02-10,2020-03-16,37.5,1.0,NMC,Bank,Active,LS378929,2030-06-25,TO668278,2029-05-11,2027-06-14,2020-03-02
EMP1122-20260913_210636,Margaret,Taylor,jenkinsgillian@example.net,1971-07-08,0191 498 0301,"Studio 67V
Stewart Light
Cooketon
GL1 6UA",Male,Northshire University Hospitals NHS Trust,Black,Nigeria,Skilled Worker,Medical,Registrar,Clinical Support Services,SPR,34.33,2018-07-31,2018-08-28,20.0,0.53,NMC,Permanent,On Leave,DW430841,2028-01-26,AZ508770,2029-09-02,2027-02-04,2018-08-21
EMP1123-20260913_210636,Abigail,Hunt,mmorris@example.com,2002-07-14,(0115) 4960086,"85 Kayleigh Lakes
Traceyfort
N8W 6EL",Female,Oakridge Community Services NHS Trust,Black,Ghana,Skilled Worker,Admin,Receptionist,Medicine & Acute Care,3,16.18,2021-01-24,2021-02-21,18.75,0.5,None,Fixed Term,Active,ML361841,2031-01-29,ZM146362,2030-11-03,2027-06-10,2021-02-14
EMP1124-20260913_210636,Kayleigh,Williams,portergary@example.net,2006-12-18,0118 496 0772,"Flat 4
Tina Junction
South Stuartbury
SR00 9LY",Male,Greenhaven Acute & Specialist Care NHS Trust,Mixed,New Zealand,Dependent,Medical,FY1/FY2,Critical Care & Anaesthesia,FY1,19.91,2020-11-24,2020-12-29,18.75,0.5,None,Permanent,Active,AF903395,2028-11-01,NZ155613,2028-10-27,2027-01-12,2020-12-15
EMP1125-20260913_210636,Hugh,Russell,debra86@example.net,1984-08-20,+4428 9018 0536,"172 Elliot Isle
Ballport
L6 7ZP",Female,Riverside Integrated Care NHS Trust,White,Australia,Dependent,Medical,GP,Surgery & Cancer,GP,54.02,2025-04-12,2025-05-24,15.0,0.4,None,Fixed Term,On Leave,WL795961,2030-07-21,LJ337323,2031-08-14,2026-12-15,2025-05-03
EMP1126-20260913_210636,Jake,Johnson,thomaschristine@example.org,2003-09-09,029 2018332,"088 Reid Parkway
Perrytown
M2F 3NW",Male,Lakeside District Hospitals NHS Trust,Asian,Thailand,ILR,Nursing,Healthcare Assistant,Clinical Support Services,2,12.59,2018-07-10,2018-08-07,18.75,0.5,HCPC,Fixed Term,Suspended,UN488274,2029-02-10,NH056185,2031-09-02,2027-02-28,2018-07-31
EMP1127-20260913_210636,Melanie,Wilson,wendybrown@example.org,1990-07-08,(0909) 8790974,"579 Osborne Mill
Wrightside
PL6H 5TW",Male,Horizon Integrated Health Partnership NHS Trust,Asian,Japan,ILR,AHP,Physiotherapist,Women & Children,6,24.21,2016-10-12,2016-11-23,37.5,1.0,NMC,Fixed Term,Inactive,JU550301,2028-06-21,QM918165,2027-05-22,2026-11-05,2016-11-02
EMP1128-20260913_210636,Matthew,Hawkins,amarshall@example.org,1984-07-17,(0131)4960452,"Studio 78
Thompson Parkway
South Lynda
WS7 0HG",Male,Greenhaven Acute & Specialist Care NHS Trust,Asian,India,ILR,Admin,Medical Secretary,Women & Children,4,18.49,2025-02-28,2025-03-28,15.0,0.4,None,Bank,On Leave,HZ815656,2030-04-03,DG409565,2029-07-14,2027-05-11,2025-03-21
EMP1129-20260913_210636,Jonathan,Carpenter,william31@example.com,1961-10-27,0114 4960778,"Flat 66l
Patricia Drive
West Teresaborough
AL2 9UD",Female,Riverbank General Hospitals NHS Trust,Black,Trinidad and Tobago,ILR,Admin,Receptionist,Surgery & Cancer,3,13.87,2017-03-18,2017-04-29,15.0,0.4,NMC,Fixed Term,On Leave,VR356981,2027-12-07,JY749567,2027-07-16,2027-07-25,2017-04-08
EMP1130-20260913_210636,Josephine,Clarke,ian50@example.com,1989-07-16,+44(0)8081570888,"Studio 3
Cheryl Alley
North Ross
TN19 1RD",Male,Valleyview Mental Wellness NHS Trust,Black,Kenya,ILR,AHP,Occupational Therapist,Women & Children,6,23.45,2021-11-03,2021-12-08,30.0,0.8,HCPC,Bank,On Leave,AL764011,2026-12-22,KZ560427,2028-01-11,2026-12-09,2021-11-24
EMP1131-20260913_210636,Max,Frost,adammason@example.org,1995-03-29,+44(0)3069990301,"798 Knight Lights
Henrybury
N8D 8EZ",Male,Westmere Community Health NHS Trust,White,Canada,Skilled Worker,Admin,Medical Secretary,Critical Care & Anaesthesia,4,17.75,2020-05-27,2020-07-01,30.0,0.8,NMC,Permanent,On Leave,TZ771159,2027-09-17,XA333112,2027-08-02,2027-02-21,2020-06-17
EMP1132-20260913_210636,Michelle,Bond,charlie67@example.com,1978-07-02,+44(0)28 9018 0328,"0 Wilkins Drive
Port Wendyside
E84 0LU",Female,Greenhaven Acute & Specialist Care NHS Trust,Asian,India,ILR,Nursing,Ward Manager,Emergency & Urgent Care,8A,30.1,2021-09-13,2021-10-25,37.5,1.0,GMC,Bank,On Leave,IX620460,2029-02-10,WS849423,2029-09-22,2027-05-01,2021-10-04
EMP1133-20260913_210636,Brenda,Francis,ronald62@example.org,2003-09-10,+44(0)20 74960626,"9 Carl Via
Guyview
S09 8YX",Female,Eastmoor Teaching Hospitals NHS Trust,Asian,India,Dependent,AHP,Radiographer,Emergency & Urgent Care,6,27.88,2026-06-29,2026-08-10,20.0,0.53,None,Bank,On Leave,TI559533,2031-07-26,KB248740,2029-08-15,2027-06-18,2026-07-20
EMP1134-20260913_210636,June,Carr,abryan@example.org,1996-12-23,+44(0)113 496 0180,"5 Giles Haven
South Leslie
E2K 2BB",Male,Riverside Integrated Care NHS Trust,Mixed,China,Dependent,Nursing,Nursery Nurse,Surgery & Cancer,2,12.75,2026-07-28,2026-09-08,30.0,0.8,NMC,Bank,On Leave,SB980447,2030-08-05,WB828747,2030-09-23,2027-03-30,2026-08-18
EMP1135-20260913_210636,Kimberley,Thompson,max67@example.org,2005-06-30,0114 4960994,"69 Susan Knoll
Daviesville
N9F 9YS",Male,Northwood Mental Health NHS Trust,White,New Zealand,Skilled Worker,Medical,Consultant,Women & Children,CONS,61.42,2016-10-12,2016-11-16,15.0,0.4,None,Permanent,Inactive,AP205603,2028-11-14,GX643218,2028-01-25,2026-09-19,2016-11-02
EMP1136-20260913_210636,Lesley,Anderson,paulinejohnson@example.com,2004-08-16,+44(0)3069990679,"Flat 7
Hughes Stream
New Jordan
HS3 6QS",Female,Riverbank General Hospitals NHS Trust,Mixed,Kenya,British Citizen,Admin,Data Analyst,Surgery & Cancer,8A,28.44,2019-05-26,2019-07-07,15.0,0.4,NMC,Bank,Suspended,YK489981,2030-10-27,WM738744,2028-07-15,2026-09-26,2019-06-16
EMP1137-20260913_210636,Sean,Singh,vmurray@example.org,1975-02-19,(0116)4960988,"Studio 9
Barry Skyway
North Martynport
SO59 7TG",Female,Oakridge Community Services NHS Trust,Black,Jamaica,ILR,Admin,Receptionist,Surgery & Cancer,3,15.25,2018-01-26,2018-03-02,37.5,1.0,NMC,Bank,Suspended,IL366524,2028-12-04,ET797655,2030-08-01,2027-01-02,2018-02-16
EMP1138-20260913_210636,Alexander,Ahmed,terrygraham@example.com,1981-04-17,+441632960965,"Studio 23x
West Isle
Lake Kathryn
L7 3DP",Male,Northshire University Hospitals NHS Trust,White,United Kingdom,British Citizen,Medical,GP,Critical Care & Anaesthesia,GP,61.51,2018-10-16,2018-11-20,15.0,0.4,NMC,Permanent,On Leave,EE776702,2028-02-24,IK097466,2028-09-07,2027-02-11,2018-11-06
EMP1139-20260913_210636,Georgina,Walker,frances40@example.com,1963-02-12,(0117)4960065,"Studio 89
Tomlinson Ramp
Daniellefurt
BR8 2YF",Female,Eastfield Psychological Services NHS Trust,White,Canada,Dependent,Nursing,Ward Manager,Critical Care & Anaesthesia,8A,28.95,2017-08-21,2017-09-25,15.0,0.4,NMC,Bank,Inactive,SZ455257,2026-12-21,SJ538791,2028-10-15,2027-04-04,2017-09-11
EMP1140-20260913_210636,Mary,Griffin,martyn12@example.com,1975-09-07,0151 4960701,"Studio 33n
Rhodes Viaduct
Bateschester
TF76 1EW",Male,Bluewater Community & Rehabilitation NHS Trust,White,Australia,Dependent,Admin,Medical Secretary,Surgery & Cancer,4,15.66,2023-08-07,2023-09-11,20.0,0.53,HCPC,Permanent,Active,ES320656,2029-09-01,AW845720,2030-08-31,2027-01-30,2023-08-28
EMP1141-20260913_210636,Vanessa,Grant,gowen@example.net,1983-06-20,029 2018279,"3 Wright Mews
Mathewfort
KT0R 6YA",Male,Northshire University Hospitals NHS Trust,Black,Nigeria,Dependent,Admin,Data Analyst,Medicine & Acute Care,8A,33.32,2016-10-11,2016-11-22,18.75,0.5,None,Bank,On Leave,SR827988,2028-04-14,WI157488,2029-04-11,2027-05-13,2016-11-01
EMP1142-20260913_210636,Malcolm,Carter,stewartbarrett@example.org,1989-06-27,(0191) 4960929,"82 Clare Plains
North Lorraine
G60 6SQ",Female,Broadfield Clinical Services NHS Trust,Mixed,India,Dependent,Nursing,Nursery Nurse,Medicine & Acute Care,2,13.75,2021-10-17,2021-11-28,18.75,0.5,HCPC,Fixed Term,Active,EX485542,2028-04-12,QC415385,2030-01-31,2027-01-28,2021-11-07
EMP1143-20260913_210636,Heather,Harvey,vhilton@example.net,2003-03-06,+44113 496 0120,"Flat 85
Norman Pines
Port Graeme
TQ04 7AE",Female,Meadowbrook Community Health NHS Trust,White,United States,ILR,Admin,Receptionist,Clinical Support Services,3,13.42,2023-07-15,2023-08-12,30.0,0.8,GMC,Permanent,Active,VW361186,2031-05-16,OT746033,2027-02-04,2026-11-16,2023-08-05
EMP1144-20260913_210636,Shane,Shah,heathkaty@example.org,2003-01-04,0116 496 0750,"Flat 36u
Hilary Heights
Debrastad
L9 0QX",Male,Eastfield Psychological Services NHS Trust,Black,Barbados,Skilled Worker,Admin,Medical Secretary,Critical Care & Anaesthesia,4,19.41,2022-08-01,2022-09-05,15.0,0.4,NMC,Fixed Term,Active,TW766862,2030-03-19,CE874849,2028-01-23,2026-11-22,2022-08-22
EMP1145-20260913_210636,Fiona,Griffiths,edwardsantony@example.org,1970-03-27,0115 4960352,"9 Charlotte Point
North Dean
S0J 1AE",Male,Eastfield Psychological Services NHS Trust,Asian,India,ILR,Admin,Data Analyst,Critical Care & Anaesthesia,8A,35.14,2019-12-14,2020-01-18,20.0,0.53,HCPC,Bank,On Leave,TS271419,2031-04-20,NO260659,2029-04-17,2027-02-02,2020-01-04
EMP1146-20260913_210636,Katherine,McLean,tina97@example.net,2002-01-12,+441632 960569,"Studio 18
Beverley Alley
Adrianchester
TS87 0EP",Male,Lakeside District Hospitals NHS Trust,Asian,China,British Citizen,Admin,Data Analyst,Surgery & Cancer,8A,29.35,2025-06-08,2025-07-13,20.0,0.53,NMC,Bank,Inactive,MV051927,2030-09-25,DF132387,2027-11-21,2026-09-20,2025-06-29
EMP1147-20260913_210636,Diane,Saunders,hillrebecca@example.net,2004-10-13,(0113) 496 0356,"Flat 7
Allan Oval
New Karenborough
N1 2QY",Male,Northwood Mental Health NHS Trust,Asian,China,British Citizen,Admin,Receptionist,Corporate Services,3,14.24,2022-12-03,2022-12-31,15.0,0.4,NMC,Bank,Inactive,NP973991,2029-01-04,YI256081,2029-07-08,2026-10-25,2022-12-24
EMP1148-20260913_210636,Rosemary,James,geraldsmith@example.net,1974-04-30,(0306) 999 0524,"Flat 05
Shepherd River
West Jeffreyfort
DL0A 7RD",Male,Oakridge Community Services NHS Trust,Black,Jamaica,ILR,Admin,Administrator,Women & Children,3,13.36,2020-01-03,2020-01-31,20.0,0.53,HCPC,Permanent,On Leave,AF284497,2031-09-10,ID956554,2030-01-03,2027-04-10,2020-01-24
EMP1149-20260913_210636,Benjamin,Patterson,ballhazel@example.com,1964-03-25,+44(0)1174960792,"2 Graham Mountains
Port Dominic
TF30 4TE",Male,Eastmoor Teaching Hospitals NHS Trust,Mixed,China,Skilled Worker,Admin,Medical Secretary,Critical Care & Anaesthesia,4,18.56,2017-04-03,2017-05-01,37.5,1.0,GMC,Permanent,Inactive,PG613254,2028-04-01,JO469304,2027-07-03,2026-11-01,2017-04-24
EMP1150-20260913_210636,Jake,Watts,gareth03@example.org,1998-12-28,+443069990687,"Flat 06t
Ricky Rest
South Jayne
E1G 7DG",Female,Northwood Mental Health NHS Trust,Mixed,South Africa,British Citizen,AHP,Pharmacist,Surgery & Cancer,5,19.06,2021-03-20,2021-05-01,20.0,0.53,None,Permanent,Inactive,CD434756,2029-12-13,WO603882,2027-07-27,2026-09-17,2021-04-10
EMP1151-20260913_210636,Ashleigh,Wilson,hollie77@example.net,1996-12-24,(0113)4960500,"Studio 78G
Williams Trafficway
East Martyn
BN1 4LQ",Female,Lakeside District Hospitals NHS Trust,Asian,China,ILR,AHP,Occupational Therapist,Clinical Support Services,6,25.17,2018-05-16,2018-06-20,30.0,0.8,NMC,Bank,Suspended,XU877574,2031-03-03,GU318031,2029-10-08,2027-03-19,2018-06-06
EMP1152-20260913_210636,Jenna,Holmes,rebeccaroberts@example.net,1983-03-15,(0113)4960621,"Flat 65P
Foster Spurs
Carterview
RH24 4AF",Female,Oakridge Community Services NHS Trust,Asian,Japan,Skilled Worker,AHP,Pharmacist,Emergency & Urgent Care,5,19.26,2022-06-29,2022-07-27,30.0,0.8,HCPC,Permanent,Suspended,HV925254,2028-04-21,SY350639,2029-02-15,2027-07-15,2022-07-20
EMP1153-20260913_210636,Tina,Edwards,rdixon@example.org,1971-12-03,+44(0)289018506,"Flat 16h
Barnes Mission
Oliviahaven
M4 2DN",Male,Riverside Integrated Care NHS Trust,Asian,Japan,ILR,Nursing,Nursery Nurse,Corporate Services,2,13.35,2020-02-27,2020-03-26,18.75,0.5,HCPC,Bank,Active,SW262380,2029-06-13,RX707138,2028-10-11,2027-02-12,2020-03-19
EMP1154-20260913_210636,Janet,Bailey,staceychambers@example.net,1996-04-19,+44(0)2074960814,"124 Cooper Court
Jodieberg
B77 4HU",Male,Bluewater Community & Rehabilitation NHS Trust,Asian,India,British Citizen,AHP,Physiologist,Clinical Support Services,6,22.83,2019-12-02,2020-01-13,37.5,1.0,GMC,Permanent,Active,QO720387,2031-05-22,WN432843,2030-06-17,2027-04-30,2019-12-23
EMP1155-20260913_210636,Claire,Lloyd,itaylor@example.net,1968-03-27,(0161) 4960586,"773 Shaw Vista
Morganborough
B4H 2DF",Male,Eastmoor Teaching Hospitals NHS Trust,Asian,Japan,Dependent,Medical,GP,Critical Care & Anaesthesia,GP,51.01,2019-08-17,2019-09-14,30.0,0.8,GMC,Fixed Term,Active,GI888048,2030-08-07,MD360491,2030-10-29,2027-08-15,2019-09-07
EMP1156-20260913_210636,Amber,Clayton,tonyroberts@example.com,2000-01-29,+441184960964,"5 Lucy Plains
North Leefort
EC6 7RW",Female,Northshire University Hospitals NHS Trust,Mixed,China,Skilled Worker,Medical,GP,Clinical Support Services,GP,48.59,2025-10-18,2025-11-22,37.5,1.0,NMC,Fixed Term,On Leave,EV606232,2029-05-31,IL795896,2031-09-01,2027-05-03,2025-11-08
EMP1157-20260913_210636,Margaret,Smith,ahodgson@example.net,1988-10-05,+44306 9990153,"285 Chadwick Green
Campbellborough
M6E 0DA",Male,Northshire University Hospitals NHS Trust,Mixed,Japan,Skilled Worker,Medical,FY1/FY2,Clinical Support Services,FY1,20.34,2021-07-17,2021-08-28,18.75,0.5,None,Fixed Term,Inactive,GL965247,2027-11-16,KS349449,2027-10-25,2027-03-22,2021-08-07
EMP1158-20260913_210636,Jodie,Williams,danielletodd@example.org,1973-05-22,+44191 496 0012,"Flat 0
Wilson Light
West Marcusland
GU0 6UQ",Female,Oakridge Community Services NHS Trust,Mixed,United Kingdom,Skilled Worker,Medical,Consultant,Surgery & Cancer,CONS,50.47,2021-02-21,2021-03-28,30.0,0.8,HCPC,Permanent,Active,FG157006,2028-09-13,XG782738,2027-05-26,2026-12-02,2021-03-14
EMP1159-20260913_210636,Anthony,Collins,deborah20@example.org,1966-12-07,(0909) 8790856,"Flat 0
Patel Prairie
South Nicoleside
S8 9XG",Male,Eastmoor Teaching Hospitals NHS Trust,White,Australia,British Citizen,Medical,Registrar,Clinical Support Services,SPR,36.59,2016-10-02,2016-10-30,30.0,0.8,None,Bank,On Leave,US308554,2031-06-21,JA303675,2027-07-16,2027-08-02,2016-10-23
EMP1160-20260913_210636,Josh,Kaur,qbradley@example.com,1962-06-08,+44(0)28 9018 0666,"2 Francis Wells
Port Jessica
L9C 9LR",Female,Northshire University Hospitals NHS Trust,White,New Zealand,Skilled Worker,Admin,Receptionist,Medicine & Acute Care,3,14.25,2025-07-23,2025-08-20,30.0,0.8,NMC,Permanent,Active,DR990673,2030-04-16,JB266664,2031-01-23,2026-11-16,2025-08-13
EMP1161-20260913_210636,Lynn,Davies,bellrachel@example.org,2008-05-20,(0151)4960127,"23 Johnson Valley
Howemouth
N5E 5ZF",Female,Oakridge Community Services NHS Trust,White,New Zealand,Dependent,Medical,FY1/FY2,Critical Care & Anaesthesia,FY1,20.86,2017-05-13,2017-06-17,18.75,0.5,GMC,Fixed Term,Active,QK721246,2027-04-15,JV914137,2030-03-20,2026-10-15,2017-06-03
EMP1162-20260913_210636,Gerard,Wilson,juliebrown@example.net,2001-07-04,(0115) 4960146,"8 Cunningham Cove
Judithstad
GL7E 1QU",Male,Riverside Integrated Care NHS Trust,Asian,Thailand,ILR,AHP,Speech Therapist,Surgery & Cancer,6,27.5,2025-03-17,2025-04-28,30.0,0.8,None,Bank,Suspended,LR120743,2029-12-04,VS783544,2028-05-14,2026-12-25,2025-04-07
EMP1163-20260913_210636,Terry,Tucker,walkerkate@example.com,1991-10-02,(0306) 999 0717,"8 Stuart Spur
South Timothyburgh
TA37 1SZ",Female,Westmere Community Health NHS Trust,Mixed,Australia,Skilled Worker,Nursing,Senior Staff Nurse,Emergency & Urgent Care,6,25.65,2018-07-14,2018-08-25,30.0,0.8,NMC,Fixed Term,On Leave,YX287269,2029-03-26,XX646199,2031-04-13,2027-04-06,2018-08-04
EMP1164-20260913_210636,Emma,Connor,powellhilary@example.com,1999-02-01,+44(0)3069990496,"Flat 06n
Jonathan Route
Louisbury
N6B 3XS",Female,Meadowbrook Community Health NHS Trust,Asian,India,British Citizen,Admin,Administrator,Emergency & Urgent Care,3,14.41,2017-07-01,2017-07-29,18.75,0.5,HCPC,Permanent,Inactive,NN522400,2027-09-17,MN516949,2030-10-19,2027-08-07,2017-07-22
EMP1165-20260913_210636,Chloe,Smart,radams@example.net,1991-01-31,0808 157 0804,"2 Ricky Haven
North Staceyfurt
B7G 6WP",Female,Oakridge Community Services NHS Trust,Asian,India,Dependent,Admin,Receptionist,Clinical Support Services,3,14.24,2021-12-02,2021-12-30,20.0,0.53,GMC,Bank,Active,OJ252460,2029-07-06,BW195226,2027-04-07,2026-09-16,2021-12-23
EMP1166-20260913_210636,Angela,Allen,justinarmstrong@example.org,2003-03-01,+44141 496 0709,"392 Taylor Cliff
Paulineton
DN9 7QJ",Female,Southvale Hospitals NHS Trust,Mixed,United States,Dependent,Admin,Receptionist,Emergency & Urgent Care,3,13.34,2017-03-30,2017-04-27,37.5,1.0,NMC,Bank,On Leave,PQ445141,2026-12-15,CB001346,2031-05-03,2027-01-14,2017-04-20
EMP1167-20260913_210636,Glen,Khan,qrowley@example.com,1969-04-21,+441214960200,"Studio 49m
Jamie Parks
Port Jackfurt
N4U 2HY",Female,Broadfield Clinical Services NHS Trust,White,Canada,British Citizen,Nursing,Ward Manager,Surgery & Cancer,8A,30.8,2019-02-14,2019-03-21,18.75,0.5,HCPC,Bank,Active,ON200889,2029-09-28,KS905181,2028-09-11,2027-07-08,2019-03-07
EMP1168-20260913_210636,Colin,Howe,zdawson@example.com,1991-03-21,(0151)4960989,"4 Eric Landing
New Josephine
M4 4UF",Male,Riverbank General Hospitals NHS Trust,Asian,Japan,ILR,Admin,Administrator,Corporate Services,3,15.84,2025-01-15,2025-02-26,18.75,0.5,GMC,Fixed Term,Suspended,RB815356,2028-09-03,PJ566294,2029-03-23,2027-05-20,2025-02-05
EMP1169-20260913_210636,Jenna,Turner,birchantony@example.org,2008-05-16,+44117 496 0950,"21 Charlotte Valleys
East Leefort
EN3X 0TP",Female,Northshire University Hospitals NHS Trust,Mixed,United States,ILR,Admin,Data Analyst,Emergency & Urgent Care,8A,34.54,2017-01-05,2017-02-02,30.0,0.8,GMC,Fixed Term,Suspended,MY382381,2031-06-20,ST368153,2027-06-20,2027-09-11,2017-01-26
EMP1170-20260913_210636,Eleanor,Jones,frostdean@example.org,1998-12-09,(0808) 157 0652,"Studio 16a
Lee Mountain
New Charlie
L45 6BY",Male,Bluewater Community & Rehabilitation NHS Trust,Asian,India,Skilled Worker,Medical,SHO,Critical Care & Anaesthesia,SHO,26.52,2021-10-30,2021-11-27,18.75,0.5,GMC,Bank,Inactive,MX357421,2026-11-07,QL052386,2029-07-23,2027-04-03,2021-11-20
EMP1171-20260913_210636,Rosie,Johnson,mathewwilliams@example.org,1962-08-28,+441134960793,"8 Matthews Ridges
Owensfurt
G90 7GE",Female,Southvale Hospitals NHS Trust,Asian,China,ILR,AHP,Physiologist,Corporate Services,6,25.15,2022-09-25,2022-10-30,15.0,0.4,GMC,Fixed Term,Active,WW257709,2030-11-07,IY482701,2027-04-14,2027-04-02,2022-10-16
EMP1172-20260913_210636,Joel,Bell,benroberts@example.net,1981-11-20,(0116) 496 0246,"Studio 52H
Maria Stream
South Charlotteport
EN7V 7TU",Male,Horizon Integrated Health Partnership NHS Trust,Black,Nigeria,Dependent,Admin,Data Analyst,Corporate Services,8A,34.53,2022-04-13,2022-05-25,37.5,1.0,HCPC,Fixed Term,Inactive,TE078150,2029-07-03,JD578858,2027-05-21,2026-11-07,2022-05-04
EMP1173-20260913_210636,Terry,Fisher,garybrown@example.com,1990-12-12,(0115) 4960798,"33 Patel Summit
Lake Jilltown
JE87 2RB",Female,Southgate Community & Mental Health NHS Trust,Asian,Japan,Skilled Worker,Nursing,Charge Nurse,Clinical Support Services,7,32.1,2016-12-20,2017-01-17,18.75,0.5,GMC,Permanent,Active,XO090278,2031-04-27,BB988055,2029-03-30,2027-09-03,2017-01-10
EMP1174-20260913_210636,Natasha,Hussain,ricky46@example.org,1994-12-15,01414960488,"Flat 9
Kevin Run
Kingburgh
LU2N 5BD",Female,Hillcrest Medical Centres NHS Trust,Asian,China,Dependent,Admin,Administrator,Surgery & Cancer,3,14.23,2016-11-28,2017-01-02,20.0,0.53,NMC,Fixed Term,Suspended,LU840733,2029-07-26,PZ749727,2030-07-03,2026-12-04,2016-12-19
EMP1175-20260913_210636,Marie,Hall,pricelynda@example.org,2001-02-26,+44306 999 0876,"21 Naomi Islands
North Mohamedfurt
PR2 6AS",Female,Eastmoor Teaching Hospitals NHS Trust,Black,Ghana,British Citizen,AHP,Physiologist,Emergency & Urgent Care,6,23.9,2026-06-21,2026-07-19,37.5,1.0,None,Bank,On Leave,YF577238,2026-11-15,UL900489,2029-09-15,2027-01-17,2026-07-12
EMP1176-20260913_210636,Stacey,Allen,tina82@example.org,1997-08-14,+44(0)113 496 0083,"Studio 47b
Hill Dam
Emilystad
DN8B 4NB",Female,Greenhaven Acute & Specialist Care NHS Trust,Asian,Thailand,Dependent,AHP,Physiotherapist,Corporate Services,6,25.64,2025-10-11,2025-11-15,30.0,0.8,None,Bank,Inactive,RI883643,2030-05-28,YQ114688,2026-12-11,2027-07-14,2025-11-01
EMP1177-20260913_210636,Bethan,Richards,nolannicholas@example.net,1966-11-28,01154960964,"Studio 52i
Jones Rue
Bakerport
L4F 4YL",Male,Bluewater Community & Rehabilitation NHS Trust,White,Canada,Skilled Worker,Nursing,Ward Manager,Corporate Services,8A,34.51,2019-05-10,2019-06-21,37.5,1.0,GMC,Bank,Suspended,XO829838,2031-04-30,NE502256,2027-03-22,2027-03-24,2019-05-31
EMP1178-20260913_210636,Joyce,Phillips,rknowles@example.net,1993-01-17,+44114 4960370,"362 Clive Mall
Natashamouth
BN1 6NJ",Male,Broadfield Clinical Services NHS Trust,Black,Ghana,Dependent,Nursing,Healthcare Assistant,Women & Children,2,14.06,2024-04-25,2024-06-06,37.5,1.0,None,Permanent,Suspended,TM626847,2026-09-17,FZ842046,2029-03-08,2027-06-13,2024-05-16
EMP1179-20260913_210636,Joel,Hudson,josephholmes@example.net,1970-01-02,+44306 9990970,"Studio 04r
Richards Union
Lake Sean
KW05 9HH",Male,Lakeside District Hospitals NHS Trust,Mixed,New Zealand,ILR,Medical,Registrar,Critical Care & Anaesthesia,SPR,37.16,2017-03-17,2017-04-28,15.0,0.4,None,Bank,On Leave,RP866104,2028-08-28,QN757032,2029-07-05,2026-11-01,2017-04-07
EMP1180-20260913_210636,Tina,Hunt,megan25@example.org,1974-01-30,+44909 879 0940,"Flat 06
Paul Meadow
North Tom
W9G 1RG",Male,Horizon Integrated Health Partnership NHS Trust,White,New Zealand,Skilled Worker,Medical,Registrar,Women & Children,SPR,34.23,2021-11-10,2021-12-22,37.5,1.0,GMC,Permanent,Inactive,NH949645,2030-04-13,PP961542,2031-06-15,2027-01-02,2021-12-01
EMP1181-20260913_210636,Joseph,Hughes,miqbal@example.net,1982-09-17,+44808 1570891,"Flat 8
Leon Ramp
East Sheila
N7 0HE",Female,Northshire University Hospitals NHS Trust,Asian,China,Dependent,Nursing,Charge Nurse,Women & Children,7,32.44,2026-05-01,2026-06-12,37.5,1.0,None,Permanent,On Leave,GR171234,2029-02-02,WD369562,2028-06-18,2027-08-19,2026-05-22
EMP1182-20260913_210636,Leslie,Wood,denistaylor@example.net,1964-11-12,0115 496 0017,"Flat 17
Mohammad Rue
Dixonbury
W63 8XB",Male,Eastmoor Teaching Hospitals NHS Trust,White,United Kingdom,Skilled Worker,Nursing,Senior Staff Nurse,Critical Care & Anaesthesia,6,26.88,2017-01-09,2017-02-06,18.75,0.5,NMC,Fixed Term,On Leave,PS099070,2030-01-27,FF897306,2027-07-26,2027-02-20,2017-01-30
EMP1183-20260913_210636,Abigail,Davis,whitedebra@example.net,1963-11-15,+44(0)1632 960531,"Flat 52
Sam Port
South Edward
S2 6LZ",Female,Greenhaven Acute & Specialist Care NHS Trust,Mixed,Nigeria,Dependent,Nursing,Ward Manager,Women & Children,8A,30.07,2017-09-30,2017-10-28,15.0,0.4,HCPC,Fixed Term,Inactive,VL117243,2031-05-25,OQ505974,2028-08-07,2027-08-21,2017-10-21
EMP1184-20260913_210636,Christine,Thomson,lorraine88@example.net,1993-11-26,(0808)1570902,"Studio 6
Jenna Parkways
North Michael
YO3 6RX",Female,Horizon Integrated Health Partnership NHS Trust,Asian,Japan,Skilled Worker,AHP,Radiographer,Medicine & Acute Care,6,23.49,2020-10-16,2020-11-20,37.5,1.0,NMC,Fixed Term,Active,HG494627,2031-07-01,YQ300688,2029-05-28,2027-02-24,2020-11-06
EMP1185-20260913_210636,Bethan,Dixon,damianedwards@example.com,1988-08-03,+44141 4960219,"1 Hanson Loop
Lake Connorland
CB4 7RJ",Male,Bluewater Community & Rehabilitation NHS Trust,Asian,Japan,Skilled Worker,AHP,Physiologist,Women & Children,6,27.12,2019-01-28,2019-02-25,37.5,1.0,HCPC,Fixed Term,On Leave,UU300385,2030-05-31,HO210398,2030-10-07,2026-09-21,2019-02-18
EMP1186-20260913_210636,Gillian,Evans,brendamartin@example.com,1998-12-07,0118 496 0673,"Studio 06
Roberts Parks
Whiteburgh
BH1 5ER",Male,Riverbank General Hospitals NHS Trust,White,New Zealand,Dependent,AHP,Pharmacist,Emergency & Urgent Care,5,22.98,2021-03-07,2021-04-18,30.0,0.8,None,Fixed Term,Active,WV544212,2029-07-11,GP393706,2027-10-05,2027-04-26,2021-03-28
EMP1187-20260913_210636,Stanley,Williams,wcooper@example.com,2002-02-03,(0113)4960656,"Studio 95
Jasmine Ports
New Sylviaborough
L5B 7HU",Male,Southgate Community & Mental Health NHS Trust,Asian,India,ILR,Admin,Administrator,Emergency & Urgent Care,3,14.3,2021-04-01,2021-05-13,37.5,1.0,GMC,Bank,Suspended,PV150791,2029-07-27,TJ270661,2028-11-11,2027-05-16,2021-04-22
EMP1188-20260913_210636,Billy,Thompson,ygreen@example.com,1966-01-03,01164960636,"Flat 89
Murphy Mission
New Alice
M4 7SZ",Female,Broadfield Clinical Services NHS Trust,Mixed,Nigeria,Skilled Worker,Admin,Receptionist,Medicine & Acute Care,3,14.93,2023-03-12,2023-04-23,18.75,0.5,HCPC,Fixed Term,Suspended,TI705070,2031-02-19,VK322666,2026-10-14,2027-07-03,2023-04-02
EMP1189-20260913_210636,Melissa,Miller,wendy52@example.net,1983-02-11,+44(0)115 496 0564,"3 Brown Alley
Danielmouth
M3T 5XH",Female,Hillcrest Medical Centres NHS Trust,Black,Ghana,Dependent,Medical,Registrar,Corporate Services,SPR,37.55,2022-02-08,2022-03-08,37.5,1.0,HCPC,Bank,On Leave,WC151450,2028-12-07,YN101028,2027-07-02,2027-01-27,2022-03-01
EMP1190-20260913_210636,Jonathan,Grant,lesliewilliams@example.org,1983-07-05,+44(0)114 4960993,"Studio 42
Hooper Springs
South Paul
M4C 1AE",Male,Southgate Community & Mental Health NHS Trust,Asian,China,Dependent,Admin,Medical Secretary,Medicine & Acute Care,4,16.11,2018-10-12,2018-11-23,30.0,0.8,None,Fixed Term,Inactive,VS881851,2028-08-02,NM148604,2031-01-06,2027-01-01,2018-11-02
EMP1191-20260913_210636,Trevor,Smith,james94@example.org,1971-02-28,+44(0)113 496 0208,"990 Bishop Route
Adrianbury
E2 3WP",Female,Riverside Integrated Care NHS Trust,Black,Nigeria,Dependent,Admin,Receptionist,Women & Children,3,15.94,2021-03-13,2021-04-10,18.75,0.5,GMC,Fixed Term,Inactive,CZ112836,2029-05-18,EP997210,2031-08-17,2027-07-09,2021-04-03
EMP1192-20260913_210636,Kathryn,Hewitt,charliehoward@example.com,1979-11-03,0191 4960742,"Flat 57D
Georgia Field
Williamsfort
E07 1YZ",Female,Northwood Mental Health NHS Trust,Asian,Japan,ILR,AHP,Speech Therapist,Medicine & Acute Care,6,23.98,2022-01-01,2022-02-12,30.0,0.8,GMC,Bank,On Leave,NQ214808,2028-01-26,NC308210,2027-12-26,2027-05-02,2022-01-22
EMP1193-20260913_210636,Hayley,Johnston,watsonshannon@example.com,1984-05-09,(0161) 4960222,"Flat 14
Joyce Skyway
Claireshire
RH4B 7RS",Male,Riverbank General Hospitals NHS Trust,Mixed,Thailand,British Citizen,Nursing,Senior Staff Nurse,Women & Children,6,22.94,2022-05-24,2022-06-28,30.0,0.8,NMC,Permanent,Active,RY408019,2030-05-17,BA541609,2031-08-29,2027-06-22,2022-06-14
EMP1194-20260913_210636,Cameron,Macdonald,trevor45@example.com,1982-04-25,+44151 496 0185,"Flat 09n
Beth Divide
Jonathanhaven
BN3X 7NQ",Female,Riverside Integrated Care NHS Trust,Asian,Japan,Skilled Worker,Admin,Receptionist,Medicine & Acute Care,3,15.94,2024-12-20,2025-01-24,30.0,0.8,GMC,Fixed Term,On Leave,EJ136904,2027-11-12,RD659545,2027-04-23,2026-11-16,2025-01-10
EMP1195-20260913_210636,Chelsea,Dale,phenderson@example.org,2008-01-12,01632960424,"Studio 28b
Ford Ford
East Bethany
GU8 8FZ",Female,Midlands Central Hospitals NHS Trust,Mixed,Thailand,British Citizen,AHP,Physiologist,Critical Care & Anaesthesia,6,24.93,2025-02-21,2025-03-28,20.0,0.53,NMC,Fixed Term,On Leave,CC745364,2030-10-29,TU831184,2027-02-12,2026-10-06,2025-03-14
EMP1196-20260913_210636,Sophie,Holland,craig81@example.com,1991-04-03,+44909 879 0715,"794 Michael Haven
Andrewsville
S48 1WE",Female,Meadowbrook Community Health NHS Trust,Asian,India,ILR,Medical,Registrar,Corporate Services,SPR,35.38,2022-10-24,2022-12-05,15.0,0.4,None,Bank,Inactive,QY778660,2030-05-08,BU791436,2028-06-23,2026-11-25,2022-11-14
EMP1197-20260913_210636,Carly,Burrows,cherylmorrison@example.com,1974-12-01,(0116)4960723,"Flat 10
Amber Ports
West Bethany
G52 1JR",Female,Broadfield Clinical Services NHS Trust,White,United States,ILR,Nursing,Staff Nurse,Critical Care & Anaesthesia,5,20.3,2024-10-03,2024-11-07,37.5,1.0,None,Permanent,On Leave,HH760388,2027-09-30,EH829912,2027-04-17,2027-01-01,2024-10-24
EMP1198-20260913_210636,Gail,Townsend,ujohnson@example.org,1963-09-10,+44113 496 0665,"413 Pope Causeway
New Jodie
CM7 2GJ",Female,Riverbank General Hospitals NHS Trust,Black,Ghana,British Citizen,Admin,Receptionist,Women & Children,3,15.06,2026-05-02,2026-06-06,37.5,1.0,None,Permanent,Suspended,YU441109,2028-05-05,AA790656,2030-02-21,2026-09-14,2026-05-23
EMP1199-20260913_210636,Mohamed,Green,nicolafaulkner@example.org,1966-11-12,+44909 879 0039,"Flat 34j
Noble Drives
Scottborough
KY8A 0BY",Male,Eastfield Psychological Services NHS Trust,Black,Ghana,British Citizen,AHP,Physiotherapist,Women & Children,6,24.41,2020-01-25,2020-02-22,15.0,0.4,None,Fixed Term,Active,TE903738,2030-04-27,GM086872,2030-09-11,2027-06-08,2020-02-15
EMP1200-20260913_210636,Caroline,Smith,aking@example.org,1969-03-11,+44(0)292018286,"538 Connor Island
Lake Russellshire
PO71 7FF",Male,Greenhaven Acute & Specialist Care NHS Trust,Asian,Japan,Skilled Worker,Medical,Consultant,Corporate Services,CONS,67.24,2021-11-01,2021-11-29,18.75,0.5,NMC,Fixed Term,On Leave,JI856624,2028-10-26,WJ385043,2028-02-22,2027-03-21,2021-11-22
