emp_id,first_name,last_name,email,dob,telephone,address,gender,trust,ethnicity,nationality,visa_status,staff_group,role,division,grade,hourly_rate,hire_date,contract_start,weekly_hours,fte,registration_type,contract_type,employment_status,registration_no,registration_expiry_date,ni,dbs_expiry_date,mandatory_training_expiry_date,profile_creation_date
EMP0001-20260913_210742,James,Clark,farmstrong@example.org,1964-10-03,+44(0)29 2018 0511,"Flat 95
Williams Land
West Samuel
B2 8DD",Female,Lakeside District Hospitals NHS Trust,White,Canada,ILR,AHP,Speech Therapist,Medicine & Acute Care,6,28.06,2019-05-21,2019-06-18,15.0,0.4,GMC,Bank,Suspended,BF367038,2028-01-19,HK917470,2027-09-15,2027-08-21,2019-06-11
EMP0002-20260913_210742,Martyn,Coles,tevans@example.com,1980-07-29,(0151) 496 0235,"Studio 16b
Wilson Extensions
East Ritafort
SY5 6ZJ",Female,Bluewater Community & Rehabilitation NHS Trust,Black,Jamaica,ILR,Nursing,Nursery Nurse,Critical Care & Anaesthesia,2,12.66,2021-12-03,2022-01-07,18.75,0.5,HCPC,Bank,On Leave,GE116929,2030-03-27,QQ574531,2028-04-27,2026-10-03,2021-12-24
EMP0003-20260913_210742,Mary,Hamilton,geraldineweston@example.net,1999-05-01,+44(0)117 496 0010,"018 Mitchell Mews
Lynnburgh
N2T 2EJ",Male,Valleyview Mental Wellness NHS Trust,White,United Kingdom,Skilled Worker,Admin,Receptionist,Emergency & Urgent Care,3,15.45,2018-06-17,2018-07-15,15.0,0.4,None,Fixed Term,Suspended,AW512239,2027-10-24,II225780,2031-07-16,2027-01-24,2018-07-08
EMP0004-20260913_210742,Sean,Scott,mauricesmith@example.com,1964-02-25,+44(0)161 4960655,"Studio 01
Cartwright Inlet
North Annette
RH91 7PW",Male,Oakridge Community Services NHS Trust,White,New Zealand,British Citizen,AHP,Pharmacist,Critical Care & Anaesthesia,5,21.13,2021-05-31,2021-06-28,20.0,0.53,GMC,Permanent,Inactive,AD387044,2031-02-24,BM243711,2030-08-12,2027-05-21,2021-06-21
EMP0005-20260913_210742,Reece,Lawson,williamlowe@example.net,1981-01-19,+44161 4960272,"5 Declan Mission
Kirstyshire
DG8 2BF",Female,Southgate Community & Mental Health NHS Trust,Asian,China,Skilled Worker,Medical,SHO,Medicine & Acute Care,SHO,27.4,2019-12-22,2020-01-26,37.5,1.0,NMC,Bank,Inactive,NQ690853,2026-10-18,XW188260,2029-05-25,2027-03-15,2020-01-12
EMP0006-20260913_210742,Claire,King,dawnrobinson@example.net,1990-12-10,+441632960365,"5 Alison Forest
Hillburgh
E2S 3NE",Male,Northwood Mental Health NHS Trust,White,New Zealand,Skilled Worker,Nursing,Staff Nurse,Critical Care & Anaesthesia,5,22.67,2017-06-15,2017-07-27,30.0,0.8,NMC,Permanent,Suspended,GV916599,2031-01-07,YT481729,2027-07-03,2027-01-16,2017-07-06
EMP0007-20260913_210742,Ronald,Parker,william81@example.org,1986-03-06,+44115 496 0027,"1 Francis Mountains
Collinsshire
WF64 1GQ",Male,Valleyview Mental Wellness NHS Trust,Mixed,Ghana,British Citizen,Nursing,Staff Nurse,Corporate Services,5,20.77,2021-02-04,2021-03-11,30.0,0.8,GMC,Bank,Inactive,CY687401,2027-03-08,UB333859,2027-02-04,2027-04-09,2021-02-25
EMP0008-20260913_210742,Sara,Warren,traceybarlow@example.com,1967-01-07,01514960243,"Flat 8
Iqbal Fields
New Brandonview
NE15 7ZP",Male,Riverside Integrated Care NHS Trust,Black,Trinidad and Tobago,British Citizen,Nursing,Nursery Nurse,Corporate Services,2,13.5,2021-06-27,2021-08-01,30.0,0.8,GMC,Bank,Active,FQ884561,2030-10-17,QK701885,2030-07-06,2027-04-21,2021-07-18
EMP0009-20260913_210742,Timothy,Burton,pconway@example.com,1974-03-21,+441184960598,"648 Bishop Turnpike
Tomberg
M2 2JA",Male,Eastfield Psychological Services NHS Trust,White,United Kingdom,British Citizen,Nursing,Senior Staff Nurse,Critical Care & Anaesthesia,6,25.11,2021-03-07,2021-04-11,20.0,0.53,NMC,Fixed Term,Inactive,AW328146,2031-03-03,VX731890,2029-06-12,2026-12-31,2021-03-28
EMP0010-20260913_210742,Ryan,Smith,sian24@example.org,1979-10-08,+441164960448,"92 Webb Tunnel
South Barry
DY3 9FS",Male,Westborough Acute Care NHS Trust,Asian,Thailand,Dependent,AHP,Radiographer,Corporate Services,6,28.04,2023-03-04,2023-04-08,20.0,0.53,HCPC,Bank,Suspended,JE237851,2031-04-19,YX283254,2030-04-16,2027-08-06,2023-03-25
EMP0011-20260913_210742,Mohamed,Bruce,shannonhill@example.org,1966-10-18,+44141 4960108,"544 Karen Forge
South Leah
M93 2LB",Female,Southvale Hospitals NHS Trust,Mixed,Trinidad and Tobago,Skilled Worker,Nursing,Charge Nurse,Medicine & Acute Care,7,33.3,2022-09-08,2022-10-06,15.0,0.4,NMC,Permanent,Active,MI401572,2030-09-06,AM854609,2027-10-13,2026-09-27,2022-09-29
EMP0012-20260913_210742,Rosie,Scott,samuel83@example.org,1995-11-13,+44(0)289018408,"Flat 27w
Sanders Trafficway
Port Nathanstad
HA0N 2JP",Male,Horizon Integrated Health Partnership NHS Trust,Mixed,Ghana,British Citizen,AHP,Radiographer,Women & Children,6,28.19,2017-04-18,2017-05-23,37.5,1.0,NMC,Bank,Suspended,RB428274,2027-11-24,TW763043,2030-09-21,2027-06-29,2017-05-09
EMP0013-20260913_210742,Sandra,Smith,geoffreyhayes@example.org,1988-09-23,+44306 9990711,"90 Dodd Station
South Adam
BS7B 2JQ",Male,Meadowbrook Community Health NHS Trust,White,Canada,ILR,Medical,Registrar,Corporate Services,SPR,40.05,2025-09-27,2025-11-01,20.0,0.53,GMC,Bank,Active,ER974922,2030-05-21,WO269336,2031-03-03,2027-06-18,2025-10-18
EMP0014-20260913_210742,Neil,North,estone@example.net,1988-03-29,(0115) 4960310,"Flat 77
Olivia Plain
Stevensstad
S31 7BR",Female,Hillcrest Medical Centres NHS Trust,Black,Barbados,Dependent,Admin,Data Analyst,Emergency & Urgent Care,8A,31.5,2024-05-06,2024-06-17,30.0,0.8,HCPC,Fixed Term,Suspended,VG688600,2029-03-20,XH778105,2027-08-19,2027-07-03,2024-05-27
EMP0015-20260913_210742,Chelsea,Wood,henry78@example.org,1993-08-14,(0909) 8790272,"7 Gibson Station
West Max
L6 4AP",Male,Southvale Hospitals NHS Trust,Black,Kenya,Dependent,Admin,Medical Secretary,Women & Children,4,17.6,2023-05-03,2023-06-07,18.75,0.5,HCPC,Permanent,Active,MO246097,2029-01-16,BG926756,2027-01-30,2027-01-18,2023-05-24
EMP0016-20260913_210742,Martin,Chambers,harteric@example.com,1986-12-29,+441632960715,"75 Abigail Station
Matthewburgh
TD2 3ZH",Male,Eastfield Psychological Services NHS Trust,Asian,Japan,Skilled Worker,Nursing,Nursery Nurse,Corporate Services,2,12.88,2023-04-22,2023-05-20,37.5,1.0,GMC,Permanent,Inactive,LR512579,2029-04-07,RH443254,2028-09-23,2026-10-18,2023-05-13
EMP0017-20260913_210742,Gerard,Oliver,robinsonscott@example.com,2000-08-10,+44114 496 0848,"Flat 05s
Reed Grove
New Jessicatown
CT3 5FU",Male,Broadfield Clinical Services NHS Trust,Asian,India,British Citizen,Nursing,Nursery Nurse,Critical Care & Anaesthesia,2,14.04,2026-01-14,2026-02-11,20.0,0.53,GMC,Fixed Term,On Leave,XE262649,2031-05-16,FT469763,2031-07-03,2027-09-07,2026-02-04
EMP0018-20260913_210742,Leah,Akhtar,andreaward@example.net,2001-08-12,+441174960955,"632 Mohammad Mission
Port Wayne
W7S 3LR",Male,Northwood Mental Health NHS Trust,Mixed,Thailand,ILR,Admin,Medical Secretary,Women & Children,4,16.24,2026-05-24,2026-06-28,37.5,1.0,HCPC,Permanent,Active,ED756553,2031-05-06,KX318042,2030-04-12,2027-07-15,2026-06-14
EMP0019-20260913_210742,Henry,Davies,bruceburke@example.net,1998-12-11,+44(0)1184960855,"28 Edwards Lodge
Melissastad
TD6 9TA",Male,Southgate Community & Mental Health NHS Trust,White,New Zealand,British Citizen,Admin,Medical Secretary,Emergency & Urgent Care,4,19.39,2020-10-26,2020-11-23,20.0,0.53,NMC,Bank,Inactive,QW943890,2030-05-01,HA034516,2029-06-14,2027-08-15,2020-11-16
EMP0020-20260913_210742,Kelly,Booth,paulahayward@example.org,1986-12-13,+44(0)909 8790392,"57 Jamie Square
East Terence
L5 6RY",Female,Lakeside District Hospitals NHS Trust,Asian,China,British Citizen,Nursing,Nursery Nurse,Surgery & Cancer,2,13.81,2017-03-15,2017-04-19,20.0,0.53,None,Fixed Term,Inactive,ZM095369,2031-05-02,MZ175436,2028-10-11,2027-06-10,2017-04-05
EMP0021-20260913_210742,Tony,Harris,nicholasscott@example.net,2000-05-26,+44(0)141 4960320,"Studio 68h
Booth Road
Conorhaven
M7 2HH",Male,Midlands Central Hospitals NHS Trust,Asian,Japan,British Citizen,Admin,Receptionist,Emergency & Urgent Care,3,16.21,2022-12-27,2023-01-31,15.0,0.4,HCPC,Bank,On Leave,TZ316081,2029-01-28,IX373742,2027-01-11,2027-06-07,2023-01-17
EMP0022-20260913_210742,Bethan,Walton,thomas45@example.com,1992-03-12,+44113 4960835,"7 Deborah Turnpike
South Kimhaven
BA29 7PZ",Female,Midlands Central Hospitals NHS Trust,Mixed,Ghana,Dependent,Admin,Medical Secretary,Medicine & Acute Care,4,18.46,2017-04-15,2017-05-20,15.0,0.4,HCPC,Bank,Suspended,IG904029,2028-04-03,ZU271227,2028-08-23,2027-09-02,2017-05-06
EMP0023-20260913_210742,Gerard,Smith,frankfrost@example.com,1965-04-25,028 9018 0124,"0 Lauren Grove
Karenchester
TQ6 3LT",Female,Bluewater Community & Rehabilitation NHS Trust,Mixed,Barbados,Skilled Worker,Nursing,Healthcare Assistant,Critical Care & Anaesthesia,2,13.73,2017-09-21,2017-10-19,30.0,0.8,None,Permanent,Suspended,VZ560208,2027-03-17,PG361879,2030-02-28,2027-01-25,2017-10-12
EMP0024-20260913_210742,Suzanne,Thomas,pauline25@example.org,1968-06-30,+44(0)151 4960023,"Flat 94C
Hudson Drives
Davidborough
B58 8BB",Female,Riverbank General Hospitals NHS Trust,Black,Nigeria,British Citizen,AHP,Radiographer,Emergency & Urgent Care,6,23.16,2021-05-17,2021-06-21,37.5,1.0,NMC,Bank,Suspended,IW425662,2030-06-26,RZ622389,2026-11-23,2027-08-26,2021-06-07
EMP0025-20260913_210742,Roy,Simmons,pickeringmohamed@example.com,1984-10-17,0113 496 0623,"Flat 95W
Evans Tunnel
Alexandrabury
ZE9 6JL",Female,Greenhaven Acute & Specialist Care NHS Trust,Mixed,Australia,ILR,Medical,FY1/FY2,Medicine & Acute Care,FY1,18.68,2021-10-08,2021-11-12,18.75,0.5,NMC,Fixed Term,Suspended,VN879577,2028-09-13,XJ709766,2029-01-23,2027-06-18,2021-10-29
EMP0026-20260913_210742,Kate,Wheeler,ypatterson@example.com,1990-02-18,0141 496 0088,"Flat 62d
Gillian Motorway
Alexandraberg
HG2 9RJ",Male,Riverbank General Hospitals NHS Trust,White,Canada,British Citizen,Admin,Receptionist,Women & Children,3,13.42,2018-02-04,2018-03-18,15.0,0.4,None,Permanent,On Leave,BT467839,2028-09-29,MP561046,2030-01-20,2026-11-14,2018-02-25
EMP0027-20260913_210742,Francesca,Green,gerardfield@example.com,1983-08-24,+44141 4960531,"48 Slater Tunnel
Wilsonville
E63 2YN",Female,Midlands Central Hospitals NHS Trust,Black,Trinidad and Tobago,ILR,Nursing,Ward Manager,Medicine & Acute Care,8A,32.22,2025-12-14,2026-01-18,30.0,0.8,NMC,Bank,On Leave,YW125479,2029-09-29,VZ115544,2030-04-23,2027-01-21,2026-01-04
EMP0028-20260913_210742,Dawn,Davies,gilesjoyce@example.org,1999-08-11,0808 157 0403,"712 Chan Falls
Smithhaven
CB3 1YP",Female,Oakridge Community Services NHS Trust,Black,Nigeria,British Citizen,Admin,Data Analyst,Clinical Support Services,8A,29.82,2017-11-23,2017-12-21,15.0,0.4,HCPC,Permanent,Suspended,ZR309398,2028-04-27,XK761023,2028-06-26,2026-12-23,2017-12-14
EMP0029-20260913_210742,Denise,Hartley,toby68@example.com,2006-08-19,+44(0)9098790907,"Flat 8
Burton Station
Lake Julian
M28 0ZN",Female,Riverside Integrated Care NHS Trust,Black,Barbados,Dependent,Medical,SHO,Clinical Support Services,SHO,27.96,2017-08-22,2017-09-19,15.0,0.4,HCPC,Bank,On Leave,OO472595,2031-06-28,FB481254,2031-05-01,2026-10-31,2017-09-12
EMP0030-20260913_210742,Leanne,Smith,vhart@example.net,1972-07-15,(01632)960068,"Flat 86r
Dawson Lodge
Carlchester
FK7 3RA",Female,Hillcrest Medical Centres NHS Trust,White,Australia,British Citizen,Admin,Receptionist,Emergency & Urgent Care,3,15.29,2026-06-26,2026-07-24,18.75,0.5,None,Bank,Active,EF078359,2029-07-19,BU871716,2030-07-24,2026-12-13,2026-07-17
EMP0031-20260913_210742,Charlie,Moss,jacqueline04@example.net,1995-04-16,+44(0)28 9018 0536,"450 Wright Vista
West Henrystad
N2E 8PU",Female,Greenhaven Acute & Specialist Care NHS Trust,Black,Barbados,ILR,AHP,Pharmacist,Critical Care & Anaesthesia,5,22.04,2020-09-20,2020-11-01,37.5,1.0,GMC,Fixed Term,Active,SE061095,2031-05-29,SL476702,2031-06-24,2027-04-28,2020-10-11
EMP0032-20260913_210742,Antony,Hawkins,philipshort@example.net,1965-06-21,+44909 879 0985,"820 Payne Grove
North Traceybury
W4E 9XY",Female,Bluewater Community & Rehabilitation NHS Trust,Mixed,Barbados,ILR,AHP,Radiographer,Clinical Support Services,6,23.38,2023-06-01,2023-06-29,18.75,0.5,None,Permanent,Suspended,VL150730,2028-12-13,TS327000,2030-04-02,2027-05-25,2023-06-22
EMP0033-20260913_210742,Elliot,Saunders,lparker@example.com,1975-02-02,(0114) 496 0899,"6 Kenneth Manors
New Rachael
SY91 2GL",Male,Eastmoor Teaching Hospitals NHS Trust,Asian,Japan,Dependent,Admin,Receptionist,Medicine & Acute Care,3,16.01,2022-05-07,2022-06-04,30.0,0.8,NMC,Bank,Active,HP518645,2028-10-22,OF465464,2029-03-12,2026-09-28,2022-05-28
EMP0034-20260913_210742,Danny,Mills,karlwilliams@example.com,1984-09-01,0161 496 0220,"24 Natasha Courts
Port Georgeburgh
G67 9FW",Male,Hillcrest Medical Centres NHS Trust,Mixed,Barbados,Dependent,AHP,Physiologist,Emergency & Urgent Care,6,22.95,2024-02-26,2024-04-01,30.0,0.8,GMC,Bank,Active,WC938404,2027-10-25,SB286396,2028-04-23,2026-10-31,2024-03-18
EMP0035-20260913_210742,Joe,Griffiths,nfrancis@example.com,1960-12-13,+44(0)1164960610,"3 Charles Mills
Matthewview
M5 6YW",Female,Eastfield Psychological Services NHS Trust,Asian,China,ILR,Admin,Data Analyst,Emergency & Urgent Care,8A,35.8,2019-12-29,2020-02-02,18.75,0.5,None,Permanent,Active,OV522696,2028-12-27,TI108449,2031-07-08,2027-07-28,2020-01-19
EMP0036-20260913_210742,Angela,Davidson,dannypugh@example.net,1967-06-20,01314960220,"72 Burgess Tunnel
East Bruceside
EH8N 3HH",Female,Eastmoor Teaching Hospitals NHS Trust,White,United Kingdom,ILR,Admin,Medical Secretary,Corporate Services,4,19.46,2020-11-11,2020-12-09,20.0,0.53,GMC,Fixed Term,On Leave,DG030776,2027-09-11,EJ092449,2028-06-24,2027-06-01,2020-12-02
EMP0037-20260913_210742,Louise,Yates,xsmith@example.com,2007-04-01,+44(0)121 4960416,"92 Clark Heights
West Owentown
B5S 4YJ",Female,Horizon Integrated Health Partnership NHS Trust,Asian,Thailand,ILR,AHP,Physiotherapist,Corporate Services,6,23.48,2022-02-07,2022-03-14,15.0,0.4,None,Bank,Active,ZG996219,2026-10-23,OG268721,2028-10-25,2026-10-13,2022-02-28
EMP0038-20260913_210742,Ricky,Holden,abailey@example.com,1965-03-28,01414960266,"Flat 24
Robert Mountain
Lake Oliverchester
E81 7NQ",Female,Bluewater Community & Rehabilitation NHS Trust,Mixed,Kenya,ILR,Admin,Receptionist,Women & Children,3,15.78,2023-04-04,2023-05-09,37.5,1.0,NMC,Bank,On Leave,AR215976,2029-10-18,WH325562,2031-09-03,2027-03-25,2023-04-25
EMP0039-20260913_210742,Harriet,Akhtar,dawsonteresa@example.com,1972-01-11,+4429 2018206,"6 Aimee Flat
Lake Jademouth
SA31 6QR",Male,Northwood Mental Health NHS Trust,Asian,China,ILR,Nursing,Senior Staff Nurse,Medicine & Acute Care,6,27.22,2026-07-12,2026-08-16,37.5,1.0,HCPC,Permanent,Inactive,RM924404,2031-02-26,WH886354,2031-04-21,2026-10-12,2026-08-02
EMP0040-20260913_210742,Ben,Davies,charleswilson@example.org,1994-05-12,(0306) 999 0642,"55 Robert Tunnel
Kimfort
B1 1TS",Female,Riverbank General Hospitals NHS Trust,Mixed,United States,Dependent,Medical,Consultant,Women & Children,CONS,58.81,2023-08-27,2023-09-24,18.75,0.5,GMC,Bank,Suspended,LP083730,2027-01-26,QN158558,2028-06-01,2027-03-01,2023-09-17
EMP0041-20260913_210742,Jeffrey,Thomas,emily01@example.org,2004-04-15,+44(0)115 4960390,"Flat 82
Danny Knolls
Dixonburgh
S6F 6FS",Female,Northshire University Hospitals NHS Trust,Black,Nigeria,ILR,Medical,GP,Women & Children,GP,60.46,2023-07-17,2023-08-21,18.75,0.5,HCPC,Permanent,Suspended,TU380387,2028-03-31,HY211535,2028-12-11,2027-04-13,2023-08-07
EMP0042-20260913_210742,Georgia,Holland,beth24@example.net,1975-12-16,09098790503,"Flat 58
Mason Roads
West Justin
SN1 6XU",Male,Southvale Hospitals NHS Trust,Mixed,United States,ILR,AHP,Pharmacist,Medicine & Acute Care,5,22.46,2018-08-05,2018-09-09,18.75,0.5,None,Fixed Term,Active,UM081187,2027-04-15,FP763156,2031-05-22,2027-09-09,2018-08-26
EMP0043-20260913_210742,Douglas,Thornton,judithjones@example.net,1968-04-26,+44116 496 0243,"Studio 93p
Thompson Mill
North Joanne
SS20 5XD",Female,Westborough Acute Care NHS Trust,Black,Barbados,ILR,Nursing,Healthcare Assistant,Critical Care & Anaesthesia,2,14.33,2020-03-26,2020-04-30,37.5,1.0,None,Bank,Suspended,WC444135,2031-09-10,GD013451,2031-01-04,2026-12-23,2020-04-16
EMP0044-20260913_210742,Rebecca,Griffiths,ywilkins@example.org,1985-07-31,(0115) 4960096,"Flat 00V
Pickering Plaza
Smithhaven
B9F 3RN",Male,Westborough Acute Care NHS Trust,Black,South Africa,British Citizen,Nursing,Nursery Nurse,Critical Care & Anaesthesia,2,13.49,2021-06-04,2021-07-09,15.0,0.4,None,Permanent,Inactive,YZ261803,2030-01-21,VQ414293,2027-12-28,2026-09-23,2021-06-25
EMP0045-20260913_210742,Derek,Cox,morganabigail@example.com,1965-08-24,(0141)4960221,"3 Ross Greens
North Molly
TD9P 9AQ",Male,Hillcrest Medical Centres NHS Trust,Mixed,Japan,ILR,Medical,FY1/FY2,Medicine & Acute Care,FY1,20.96,2021-07-15,2021-08-26,18.75,0.5,HCPC,Permanent,On Leave,GB009402,2029-09-12,RI707773,2031-01-18,2027-04-30,2021-08-05
EMP0046-20260913_210742,Gemma,Campbell,eileen20@example.net,2008-04-24,(020) 74960557,"383 Julia Throughway
New Rachael
S0 1JX",Female,Riverbank General Hospitals NHS Trust,Mixed,Barbados,ILR,AHP,Radiographer,Medicine & Acute Care,6,23.08,2025-06-24,2025-07-22,20.0,0.53,NMC,Permanent,Inactive,KO268033,2029-07-28,NX411853,2030-01-03,2027-08-01,2025-07-15
EMP0047-20260913_210742,Glen,Henry,drichards@example.net,1964-04-01,01164960585,"9 Hobbs Park
West Victor
W7 8NZ",Female,Meadowbrook Community Health NHS Trust,Mixed,South Africa,Skilled Worker,Nursing,Senior Staff Nurse,Clinical Support Services,6,27.16,2024-10-10,2024-11-14,30.0,0.8,None,Fixed Term,Suspended,VN064809,2028-05-23,TQ914356,2031-03-10,2027-05-03,2024-10-31
EMP0048-20260913_210742,Georgia,Potter,dorothylloyd@example.org,1986-03-02,(0121) 4960814,"6 Adam Mall
Port Nathan
G4D 7ZH",Female,Eastmoor Teaching Hospitals NHS Trust,Black,Barbados,Skilled Worker,Admin,Receptionist,Medicine & Acute Care,3,14.56,2021-08-22,2021-09-26,30.0,0.8,HCPC,Fixed Term,Suspended,OQ525967,2026-11-17,MA954071,2030-08-03,2027-07-08,2021-09-12
EMP0049-20260913_210742,Geraldine,Kirby,nicholas27@example.net,1963-07-28,+44191 4960630,"00 Davies Groves
New Lesliemouth
L4K 4WB",Male,Riverbank General Hospitals NHS Trust,Black,Ghana,British Citizen,Admin,Data Analyst,Surgery & Cancer,8A,33.4,2025-07-09,2025-08-20,30.0,0.8,NMC,Bank,Active,VN674880,2030-11-27,JD550017,2029-12-01,2027-05-01,2025-07-30
EMP0050-20260913_210742,Charlene,Pearce,vanessa23@example.org,1966-06-13,(0118)4960414,"7 Griffin Points
Port Kevin
G85 8YU",Female,Westmere Community Health NHS Trust,Black,Nigeria,British Citizen,AHP,Physiologist,Corporate Services,6,26.84,2025-08-29,2025-10-03,30.0,0.8,HCPC,Permanent,Suspended,WX337817,2030-06-26,RE888089,2027-02-22,2027-06-26,2025-09-19
EMP0051-20260913_210742,Edward,Turner,leahrichards@example.com,2007-11-07,020 7946 0367,"Flat 04d
King Village
Lake Hannahborough
SL0 2JT",Female,Horizon Integrated Health Partnership NHS Trust,Mixed,Nigeria,Dependent,AHP,Radiographer,Critical Care & Anaesthesia,6,27.54,2026-07-29,2026-09-02,20.0,0.53,NMC,Fixed Term,Active,PV684720,2030-07-06,WL113754,2029-12-27,2027-03-23,2026-08-19
EMP0052-20260913_210742,Jodie,Nash,westtoby@example.org,1970-02-21,+44117 4960185,"43 Natalie Mill
Hiltonbury
E95 6UZ",Female,Riverside Integrated Care NHS Trust,Mixed,Trinidad and Tobago,Dependent,Admin,Medical Secretary,Clinical Support Services,4,15.46,2021-10-16,2021-11-20,18.75,0.5,None,Permanent,Inactive,VM247498,2028-01-20,QL735228,2030-04-29,2027-05-30,2021-11-06
EMP0053-20260913_210742,Elliott,Parry,rtaylor@example.org,1963-09-29,+44(0)151 4960425,"Flat 32
Emma Falls
South Leslie
N7F 1JF",Female,Southgate Community & Mental Health NHS Trust,Black,Barbados,Dependent,Nursing,Healthcare Assistant,Critical Care & Anaesthesia,2,13.36,2022-04-10,2022-05-22,15.0,0.4,NMC,Permanent,Suspended,KH262851,2029-10-07,XU981996,2029-07-09,2027-08-02,2022-05-01
EMP0054-20260913_210742,Danielle,Lees,pearcepaula@example.net,2003-10-03,+44114 496 0460,"82 Stacey Cape
Gloverland
B33 7PR",Female,Eastmoor Teaching Hospitals NHS Trust,Black,Trinidad and Tobago,ILR,AHP,Pharmacist,Clinical Support Services,5,23.03,2025-06-04,2025-07-09,18.75,0.5,GMC,Bank,Suspended,BP505584,2027-05-19,GK293379,2031-04-26,2027-07-02,2025-06-25
EMP0055-20260913_210742,David,Rice,ydavison@example.org,1987-09-23,(0121)4960762,"Flat 32c
Thornton Plains
Hayesmouth
M1H 1JZ",Female,Riverside Integrated Care NHS Trust,Black,Trinidad and Tobago,British Citizen,AHP,Pharmacist,Clinical Support Services,5,21.98,2018-05-30,2018-07-04,18.75,0.5,NMC,Bank,Inactive,ZK600815,2027-08-10,AD001212,2027-06-22,2027-06-15,2018-06-20
EMP0056-20260913_210742,Leonard,Wilson,rhodeskaty@example.com,1993-02-08,+442074960899,"Flat 0
Paul Union
New Hazeltown
BH7 2SN",Female,Lakeside District Hospitals NHS Trust,Asian,Japan,Dependent,Medical,Consultant,Medicine & Acute Care,CONS,65.64,2020-09-23,2020-11-04,18.75,0.5,GMC,Permanent,Active,FI627519,2031-03-29,WY894616,2030-05-04,2027-01-30,2020-10-14
EMP0057-20260913_210742,Olivia,Manning,smartfrances@example.net,1964-11-01,+441914960712,"Studio 7
Gibson Place
South Shirleybury
L5 0DW",Male,Horizon Integrated Health Partnership NHS Trust,Black,Kenya,Skilled Worker,Nursing,Ward Manager,Women & Children,8A,30.07,2024-10-12,2024-11-16,15.0,0.4,None,Permanent,Suspended,GL404193,2028-08-13,IW191662,2030-07-27,2027-02-04,2024-11-02
EMP0058-20260913_210742,Pamela,Sullivan,teresajones@example.com,1964-11-28,+441514960254,"587 Hanson Fords
West William
RH3P 0FS",Female,Midlands Central Hospitals NHS Trust,Mixed,Kenya,ILR,Nursing,Nursery Nurse,Critical Care & Anaesthesia,2,13.32,2023-12-15,2024-01-26,18.75,0.5,HCPC,Bank,Active,TJ846252,2027-04-08,SC745184,2026-10-24,2027-01-23,2024-01-05
EMP0059-20260913_210742,Deborah,Russell,shaun05@example.com,1991-07-30,+44(0)1914960178,"2 Fisher Tunnel
Leeville
KW8 8UR",Female,Eastfield Psychological Services NHS Trust,White,United States,ILR,AHP,Pharmacist,Corporate Services,5,21.27,2018-03-16,2018-04-27,20.0,0.53,None,Bank,On Leave,MI716814,2029-05-23,GS048453,2030-04-26,2026-10-20,2018-04-06
EMP0060-20260913_210742,Conor,Cooper,robinhill@example.org,1996-08-24,(0117) 4960005,"6 Helen Mountains
New Nicolefort
B9H 9GL",Male,Riverside Integrated Care NHS Trust,White,New Zealand,Dependent,Medical,GP,Medicine & Acute Care,GP,50.86,2017-02-22,2017-03-29,37.5,1.0,HCPC,Permanent,Inactive,JO565265,2027-12-22,DV671758,2030-02-24,2026-11-11,2017-03-15
EMP0061-20260913_210742,Samuel,Turner,ybaker@example.org,1997-03-06,(0191)4960079,"6 Patrick Road
Vincentchester
FY30 5DD",Female,Riverbank General Hospitals NHS Trust,Mixed,Japan,Skilled Worker,Medical,Registrar,Corporate Services,SPR,36.48,2018-12-26,2019-02-06,18.75,0.5,None,Permanent,Suspended,PN255660,2030-07-11,FC717671,2028-06-15,2027-08-03,2019-01-16
EMP0062-20260913_210742,Conor,Franklin,joyce04@example.net,1984-12-04,0289018753,"919 Williams Extensions
Farrellburgh
OL78 4RY",Female,Greenhaven Acute & Specialist Care NHS Trust,Mixed,Jamaica,Skilled Worker,Medical,Registrar,Critical Care & Anaesthesia,SPR,39.3,2024-08-20,2024-10-01,37.5,1.0,None,Bank,Inactive,WJ086275,2028-03-21,AS466367,2031-08-15,2027-05-22,2024-09-10
EMP0063-20260913_210742,Debra,Davison,qmorrison@example.org,1999-06-03,+44(0)116 4960857,"Studio 54U
Gail Tunnel
Port Terrystad
N16 5BQ",Male,Northshire University Hospitals NHS Trust,Black,Barbados,ILR,AHP,Radiographer,Medicine & Acute Care,6,23.87,2018-05-22,2018-06-26,18.75,0.5,HCPC,Permanent,Suspended,SG139721,2027-04-09,NF884751,2030-08-26,2027-03-05,2018-06-12
EMP0064-20260913_210742,Ross,Kay,melissa37@example.net,1979-10-07,+441514960086,"53 Brett Inlet
Graytown
KT1 5UU",Female,Valleyview Mental Wellness NHS Trust,White,Australia,Dependent,AHP,Physiotherapist,Clinical Support Services,6,27.58,2020-02-21,2020-03-27,30.0,0.8,None,Bank,Inactive,VM984523,2027-06-12,SY080644,2027-08-11,2026-11-06,2020-03-13
EMP0065-20260913_210742,Adrian,Cooper,vjackson@example.org,1996-07-20,+44(0)306 999 0846,"6 Glenn Rue
South Jennifershire
ME9M 1SR",Female,Riverside Integrated Care NHS Trust,Black,Nigeria,ILR,AHP,Pharmacist,Medicine & Acute Care,5,21.88,2024-08-02,2024-08-30,15.0,0.4,NMC,Bank,Inactive,LL470414,2028-09-23,WW425409,2029-07-14,2026-12-08,2024-08-23
EMP0066-20260913_210742,Leonard,Walsh,ethomas@example.org,1979-05-07,0909 8790782,"6 Hunt Manors
South Alexandramouth
S8A 7UA",Female,Westborough Acute Care NHS Trust,Asian,India,British Citizen,Admin,Administrator,Corporate Services,3,13.44,2023-01-17,2023-02-14,18.75,0.5,None,Bank,On Leave,ES804409,2028-06-12,GT031346,2028-01-12,2027-08-11,2023-02-07
EMP0067-20260913_210742,Megan,Cook,leachryan@example.com,1971-07-02,+4420 74960729,"Flat 2
Taylor Canyon
Port Kerry
RH30 1EQ",Female,Lakeside District Hospitals NHS Trust,Asian,Japan,Skilled Worker,Admin,Data Analyst,Critical Care & Anaesthesia,8A,30.52,2022-07-31,2022-09-11,37.5,1.0,GMC,Bank,On Leave,IP627572,2027-03-13,QZ513910,2028-03-18,2026-09-26,2022-08-21
EMP0068-20260913_210742,Louise,Allen,teresagreen@example.net,1968-07-27,03069990863,"45 Murphy Burg
Cooperchester
L7J 4TN",Male,Eastfield Psychological Services NHS Trust,Black,Nigeria,ILR,Medical,Consultant,Surgery & Cancer,CONS,52.46,2020-12-23,2021-01-27,18.75,0.5,GMC,Fixed Term,Active,UA889915,2031-02-06,SX305799,2026-11-11,2026-12-16,2021-01-13
EMP0069-20260913_210742,Emily,Dixon,cpayne@example.org,1996-01-31,(0114) 496 0770,"63 Mark Walk
East Gailshire
SA4 7FD",Female,Southvale Hospitals NHS Trust,Asian,China,Dependent,Admin,Data Analyst,Medicine & Acute Care,8A,34.76,2017-09-13,2017-10-11,18.75,0.5,NMC,Bank,Suspended,RT120147,2031-07-31,JK153004,2031-03-14,2026-12-01,2017-10-04
EMP0070-20260913_210742,Shannon,Holt,abigaillaw@example.org,1964-04-01,(0117)4960837,"97 James Valleys
Ashtonland
HA1 5NB",Male,Southgate Community & Mental Health NHS Trust,White,United States,Dependent,Admin,Data Analyst,Emergency & Urgent Care,8A,32.04,2019-07-26,2019-08-23,18.75,0.5,NMC,Fixed Term,Suspended,OP043218,2030-08-31,BZ790257,2029-10-27,2027-04-05,2019-08-16
EMP0071-20260913_210742,Lynn,Ali,hayleyowen@example.org,1989-10-31,+44(0)29 2018 0907,"2 Hayes Skyway
West Kerryton
E3U 1FG",Male,Broadfield Clinical Services NHS Trust,Black,Kenya,Skilled Worker,Admin,Receptionist,Medicine & Acute Care,3,13.89,2025-06-09,2025-07-14,15.0,0.4,NMC,Fixed Term,Active,FH840159,2029-10-01,SQ406030,2027-07-28,2026-09-19,2025-06-30
EMP0072-20260913_210742,Sam,Powell,steven57@example.com,1994-06-20,+44289018155,"Flat 68
Leigh Grove
Owenbury
SR6H 0JL",Female,Northshire University Hospitals NHS Trust,White,Canada,Dependent,AHP,Radiographer,Emergency & Urgent Care,6,23.19,2024-08-17,2024-09-21,30.0,0.8,HCPC,Fixed Term,Inactive,GC074150,2030-04-07,ZA910441,2031-03-13,2027-05-05,2024-09-07
EMP0073-20260913_210742,Henry,Osborne,alicedean@example.org,1968-01-11,01632 960 066,"Flat 9
Neil Plain
North Raymond
SY5E 5HR",Male,Broadfield Clinical Services NHS Trust,Black,Kenya,Dependent,Medical,FY1/FY2,Medicine & Acute Care,FY1,20.72,2022-11-27,2022-12-25,15.0,0.4,HCPC,Fixed Term,Active,XR594144,2027-10-14,YF747174,2029-03-03,2027-03-10,2022-12-18
EMP0074-20260913_210742,Wendy,Bennett,gaillee@example.org,2001-09-27,0292018987,"Flat 99
Alexander Shores
West Catherine
M96 5GW",Female,Westmere Community Health NHS Trust,Black,Nigeria,British Citizen,AHP,Pharmacist,Surgery & Cancer,5,19.2,2026-09-11,2026-10-09,15.0,0.4,GMC,Fixed Term,Inactive,VW860879,2030-06-02,NJ380101,2030-05-19,2027-01-30,2026-10-02
EMP0075-20260913_210742,Joanne,Foster,jacksonedward@example.org,1975-04-02,020 7946 0063,"2 Pratt Dale
East Guy
B51 4PJ",Female,Valleyview Mental Wellness NHS Trust,White,United Kingdom,ILR,Nursing,Charge Nurse,Women & Children,7,33.08,2024-05-02,2024-05-30,18.75,0.5,NMC,Fixed Term,Suspended,ZQ774404,2029-12-25,WX687480,2030-05-09,2026-12-21,2024-05-23
EMP0076-20260913_210742,Leigh,McKenzie,elliejohnston@example.org,1992-05-13,+441514960393,"Flat 39E
Rhys Flat
South Lynneport
WR1W 2WA",Female,Bluewater Community & Rehabilitation NHS Trust,Mixed,Nigeria,Dependent,Nursing,Ward Manager,Emergency & Urgent Care,8A,30.51,2025-10-20,2025-12-01,20.0,0.53,None,Permanent,Suspended,FT976582,2029-10-24,FD940900,2030-10-30,2027-02-12,2025-11-10
EMP0077-20260913_210742,Hannah,Rice,melanie15@example.org,2001-06-19,+441632960741,"Studio 5
Burgess Field
Lake Jillmouth
L1 5ZR",Male,Eastmoor Teaching Hospitals NHS Trust,White,New Zealand,Dependent,Admin,Receptionist,Medicine & Acute Care,3,14.31,2020-11-03,2020-12-15,15.0,0.4,None,Fixed Term,On Leave,BL605201,2028-12-20,BH039942,2030-12-11,2027-06-11,2020-11-24
EMP0078-20260913_210742,Adam,Smith,tholland@example.org,1974-10-13,+44(0)1914960730,"Studio 12
Pollard Stravenue
Frederickshire
N2 9BH",Female,Hillcrest Medical Centres NHS Trust,Mixed,Kenya,Skilled Worker,Admin,Data Analyst,Emergency & Urgent Care,8A,31.59,2016-09-23,2016-10-28,18.75,0.5,None,Bank,Inactive,OA139090,2027-12-25,EL305924,2029-04-13,2026-12-27,2016-10-14
EMP0079-20260913_210742,Lynne,White,leigh00@example.com,1971-02-25,+44113 496 0828,"90 Hunt Views
New Dylanmouth
NN0E 7LH",Female,Riverside Integrated Care NHS Trust,Black,Kenya,Skilled Worker,Medical,GP,Clinical Support Services,GP,57.96,2023-11-13,2023-12-11,18.75,0.5,HCPC,Bank,Suspended,MZ544723,2027-02-25,DU578025,2030-12-31,2027-02-01,2023-12-04
EMP0080-20260913_210742,Lee,Norris,walkermary@example.org,1986-05-04,0191 4960701,"7 Lewis Flat
Alisonmouth
DT3W 1SN",Female,Broadfield Clinical Services NHS Trust,Asian,Thailand,Dependent,AHP,Speech Therapist,Corporate Services,6,27.88,2017-10-11,2017-11-15,15.0,0.4,HCPC,Fixed Term,On Leave,DC052244,2029-08-15,SL332348,2029-04-29,2027-06-05,2017-11-01
EMP0081-20260913_210742,Marion,Burton,epalmer@example.org,1997-07-29,0909 879 0346,"4 Little Street
New Lee
M91 6HR",Female,Riverside Integrated Care NHS Trust,Black,Nigeria,ILR,Medical,SHO,Surgery & Cancer,SHO,28.49,2020-11-25,2020-12-23,18.75,0.5,None,Permanent,Suspended,QD012732,2027-01-22,MF890215,2029-12-09,2027-02-06,2020-12-16
EMP0082-20260913_210742,Rita,Lynch,jonessamuel@example.com,2003-03-22,+4429 2018 0965,"3 Liam Expressway
Rahmanland
CT7X 5JU",Male,Hillcrest Medical Centres NHS Trust,Black,Trinidad and Tobago,ILR,Nursing,Staff Nurse,Critical Care & Anaesthesia,5,20.13,2026-06-11,2026-07-16,37.5,1.0,None,Permanent,Suspended,LZ696278,2029-04-04,CM901544,2029-05-11,2027-05-25,2026-07-02
EMP0083-20260913_210742,Marc,Murphy,wilsonmartin@example.org,1980-02-21,+44(0)9098790551,"772 Jeremy Field
East Rita
DG0M 8AU",Female,Horizon Integrated Health Partnership NHS Trust,White,United States,ILR,Admin,Administrator,Corporate Services,3,14.21,2017-03-26,2017-04-30,37.5,1.0,None,Permanent,Inactive,OW117823,2028-08-24,HD063945,2028-06-07,2027-06-08,2017-04-16
EMP0084-20260913_210742,Philip,Butcher,saundersjean@example.org,2006-05-04,02074960668,"67 Turner Station
North Hazel
L0 1SL",Female,Bluewater Community & Rehabilitation NHS Trust,Asian,Thailand,Skilled Worker,Admin,Receptionist,Clinical Support Services,3,14.69,2022-04-12,2022-05-10,15.0,0.4,NMC,Permanent,Suspended,YU003254,2029-11-01,KP540396,2030-10-02,2027-02-21,2022-05-03
EMP0085-20260913_210742,Marie,Akhtar,olivia29@example.net,1966-05-27,03069990106,"5 Bryan Cove
Stewartborough
RG9 2DE",Female,Bluewater Community & Rehabilitation NHS Trust,Asian,Japan,ILR,Medical,Consultant,Critical Care & Anaesthesia,CONS,68.92,2018-04-26,2018-05-24,30.0,0.8,GMC,Bank,Inactive,MX301023,2027-02-09,VQ973453,2031-04-16,2027-05-07,2018-05-17
EMP0086-20260913_210742,Deborah,White,griffithsmax@example.org,1984-09-07,02074960914,"Flat 99
White Hollow
Philipmouth
L7J 1DS",Male,Greenhaven Acute & Specialist Care NHS Trust,Asian,India,Dependent,Nursing,Staff Nurse,Emergency & Urgent Care,5,19.54,2021-11-10,2021-12-22,20.0,0.53,NMC,Bank,Inactive,TC290976,2027-02-16,VM737797,2030-03-10,2026-10-15,2021-12-01
EMP0087-20260913_210742,Alice,Walker,pearsondiane@example.net,2002-10-20,(0113) 496 0185,"25 Sian Burgs
Adamsside
G27 4FY",Male,Eastfield Psychological Services NHS Trust,Black,South Africa,British Citizen,Medical,Registrar,Corporate Services,SPR,41.58,2026-07-10,2026-08-21,15.0,0.4,GMC,Fixed Term,Inactive,OR965670,2029-05-28,LE765309,2031-05-02,2027-05-27,2026-07-31
EMP0088-20260913_210742,Damien,Taylor,hallsally@example.net,1985-01-16,+44(0)113 496 0349,"342 Cooper Track
Hancockhaven
HR2V 2EB",Male,Northwood Mental Health NHS Trust,Mixed,Japan,ILR,Nursing,Charge Nurse,Surgery & Cancer,7,31.22,2018-09-01,2018-09-29,15.0,0.4,NMC,Fixed Term,Inactive,CT496984,2029-10-19,AY852427,2031-08-26,2026-10-01,2018-09-22
EMP0089-20260913_210742,Ian,White,sgraham@example.net,2001-07-09,+44(0)191 4960719,"Studio 63s
Henry Inlet
New Harry
S05 2WQ",Female,Eastfield Psychological Services NHS Trust,Asian,Thailand,Dependent,AHP,Speech Therapist,Women & Children,6,24.73,2017-05-18,2017-06-15,15.0,0.4,HCPC,Fixed Term,Inactive,KK618807,2030-09-28,WV201026,2030-11-03,2027-02-06,2017-06-08
EMP0090-20260913_210742,Valerie,Marsden,julia42@example.org,2008-02-23,+44(0)1184960966,"9 Watts Valley
New Brendafort
B4H 1SD",Male,Westmere Community Health NHS Trust,White,Canada,Skilled Worker,AHP,Speech Therapist,Critical Care & Anaesthesia,6,23.49,2022-06-14,2022-07-19,37.5,1.0,None,Fixed Term,Suspended,IK828932,2029-11-17,LJ279840,2026-10-09,2027-02-22,2022-07-05
EMP0091-20260913_210742,Adrian,Barrett,shortrichard@example.org,1977-04-03,0909 8790676,"Studio 7
Blackburn Land
Georgiamouth
NW4 9WH",Female,Southgate Community & Mental Health NHS Trust,Asian,Thailand,British Citizen,Nursing,Charge Nurse,Critical Care & Anaesthesia,7,30.39,2024-06-02,2024-07-07,15.0,0.4,GMC,Fixed Term,Active,ZM821681,2030-01-05,YJ460801,2030-09-20,2026-10-05,2024-06-23
EMP0092-20260913_210742,Graeme,Singh,deborah81@example.net,1971-10-29,0131 496 0818,"41 Baker Prairie
Daviesbury
N04 0AR",Female,Midlands Central Hospitals NHS Trust,Black,Ghana,British Citizen,Nursing,Ward Manager,Emergency & Urgent Care,8A,33.8,2017-02-18,2017-04-01,37.5,1.0,GMC,Permanent,Active,UJ461178,2028-09-20,FQ958983,2029-12-04,2027-02-28,2017-03-11
EMP0093-20260913_210742,Robin,Spencer,ashleighwright@example.com,1989-12-01,(0114)4960396,"Flat 90
Charles Drives
South Nigelton
E0K 8SN",Female,Northshire University Hospitals NHS Trust,White,New Zealand,Skilled Worker,AHP,Pharmacist,Emergency & Urgent Care,5,22.28,2023-09-01,2023-10-06,15.0,0.4,NMC,Fixed Term,Suspended,NQ159681,2027-08-15,MJ027951,2029-04-13,2027-03-12,2023-09-22
EMP0094-20260913_210742,Natasha,Mason,jonathan96@example.org,1970-09-02,01314960562,"Flat 2
Morris Alley
South Elainestad
AB8 0JP",Female,Valleyview Mental Wellness NHS Trust,Mixed,Canada,Dependent,Medical,GP,Emergency & Urgent Care,GP,46.85,2022-01-05,2022-02-16,30.0,0.8,NMC,Permanent,Active,LZ669359,2031-05-25,HE925577,2027-09-13,2026-10-22,2022-01-26
EMP0095-20260913_210742,Duncan,Leach,justin11@example.net,1994-04-17,01214960034,"5 Sutton Ramp
Port Rebeccaton
TN73 9UW",Male,Northshire University Hospitals NHS Trust,Mixed,Japan,ILR,AHP,Speech Therapist,Surgery & Cancer,6,27.14,2026-01-15,2026-02-26,15.0,0.4,NMC,Fixed Term,Inactive,VM684028,2026-12-31,DW464240,2027-01-23,2027-01-09,2026-02-05
EMP0096-20260913_210742,Rachael,Hammond,kathryngould@example.net,1984-10-05,(0117) 496 0832,"Flat 3
Pamela Viaduct
West Eleanor
L53 7RX",Male,Riverside Integrated Care NHS Trust,Black,Trinidad and Tobago,Dependent,AHP,Physiologist,Corporate Services,6,27.96,2026-05-27,2026-07-01,20.0,0.53,HCPC,Fixed Term,Inactive,DW356480,2026-10-10,ZP309984,2031-07-01,2027-05-14,2026-06-17
EMP0097-20260913_210742,Tracy,Harris,smithben@example.net,2003-01-11,+44(0)1614960439,"Flat 98
Mohammed Meadow
Port Rosemary
N01 0LY",Male,Meadowbrook Community Health NHS Trust,White,United States,Dependent,Medical,FY1/FY2,Clinical Support Services,FY1,18.94,2025-11-05,2025-12-10,15.0,0.4,GMC,Permanent,Inactive,RX444992,2027-07-05,QL474187,2027-09-24,2027-08-13,2025-11-26
EMP0098-20260913_210742,Frederick,Khan,kemplynda@example.com,1977-05-31,0151 4960217,"Studio 20B
David Islands
New Hugh
E5 4NS",Female,Meadowbrook Community Health NHS Trust,White,Canada,British Citizen,Nursing,Senior Staff Nurse,Corporate Services,6,23.88,2021-11-18,2021-12-30,15.0,0.4,None,Fixed Term,Suspended,PO776051,2027-08-22,UL680158,2027-08-07,2027-07-30,2021-12-09
EMP0099-20260913_210742,Shirley,Edwards,pauline86@example.net,1986-07-09,+44114 496 0057,"97 Luke Underpass
Boltonberg
BT18 1QF",Female,Riverbank General Hospitals NHS Trust,White,Canada,ILR,AHP,Radiographer,Clinical Support Services,6,27.51,2018-03-18,2018-04-15,20.0,0.53,GMC,Bank,Inactive,XL450234,2029-05-05,LE809032,2029-02-14,2027-07-02,2018-04-08
EMP0100-20260913_210742,Bruce,Gibson,trevordoherty@example.org,1999-07-30,+441134960546,"724 Denis Centers
Turnerburgh
G26 3NE",Male,Eastmoor Teaching Hospitals NHS Trust,White,Canada,ILR,Admin,Administrator,Medicine & Acute Care,3,15.41,2023-06-04,2023-07-09,30.0,0.8,None,Permanent,Inactive,KZ986284,2029-01-29,NH678203,2030-04-26,2027-03-12,2023-06-25
EMP0101-20260913_210742,June,Goodwin,clare59@example.org,1967-08-20,0151 4960077,"Flat 11
Dean Cove
Heatherstad
M8K 7PB",Male,Oakridge Community Services NHS Trust,Black,South Africa,ILR,Medical,Consultant,Critical Care & Anaesthesia,CONS,68.64,2024-07-14,2024-08-18,15.0,0.4,GMC,Bank,Inactive,IF377774,2029-05-12,ET207188,2027-06-22,2026-12-15,2024-08-04
EMP0102-20260913_210742,Geraldine,Hall,saundersryan@example.net,1996-07-24,+441174960223,"Flat 9
Tyler Lodge
North Gavinville
HA8M 6PG",Female,Southvale Hospitals NHS Trust,Black,Kenya,ILR,Medical,FY1/FY2,Medicine & Acute Care,FY1,19.7,2023-03-29,2023-05-03,15.0,0.4,HCPC,Permanent,On Leave,CD397921,2030-07-23,UL228511,2027-12-12,2027-07-10,2023-04-19
EMP0103-20260913_210742,Michael,Green,lisahicks@example.com,1977-08-17,+441184960766,"Studio 25
Smith Loop
Griffithsstad
HG8 9QX",Male,Horizon Integrated Health Partnership NHS Trust,Mixed,Japan,Skilled Worker,Medical,Consultant,Critical Care & Anaesthesia,CONS,60.47,2019-09-18,2019-10-16,30.0,0.8,None,Permanent,On Leave,AS453558,2027-11-13,ME323377,2031-03-23,2027-08-25,2019-10-09
EMP0104-20260913_210742,Grace,Williams,kevin70@example.com,1986-02-02,+44118 496 0685,"61 Morris Wall
West Dalehaven
WN3W 0QJ",Male,Oakridge Community Services NHS Trust,White,New Zealand,Skilled Worker,Admin,Administrator,Corporate Services,3,15.81,2022-11-15,2022-12-20,20.0,0.53,NMC,Bank,Inactive,UJ116899,2031-05-15,WU976128,2026-09-29,2027-05-09,2022-12-06
EMP0105-20260913_210742,Paul,Sullivan,joanwatts@example.com,1965-10-24,+44(0)292018101,"3 Roberts Common
Markburgh
TA11 6HU",Male,Bluewater Community & Rehabilitation NHS Trust,Asian,Thailand,ILR,Nursing,Senior Staff Nurse,Critical Care & Anaesthesia,6,23.33,2025-12-07,2026-01-11,15.0,0.4,NMC,Permanent,On Leave,RD594872,2028-08-17,XG467795,2029-06-10,2026-09-29,2025-12-28
EMP0106-20260913_210742,Denis,Parker,rebecca71@example.org,1976-08-12,028 9018 0843,"42 Ian Mews
Owenshire
N5 3TR",Male,Riverside Integrated Care NHS Trust,Mixed,Ghana,Dependent,AHP,Physiologist,Critical Care & Anaesthesia,6,27.58,2019-04-26,2019-05-24,37.5,1.0,GMC,Fixed Term,Suspended,VQ325532,2027-12-16,KO137148,2029-10-07,2027-08-18,2019-05-17
EMP0107-20260913_210742,Kieran,Sykes,pwhite@example.net,1974-11-30,01164960892,"742 Benson Village
Kerryhaven
BS30 5ZX",Female,Eastfield Psychological Services NHS Trust,Mixed,Canada,ILR,Admin,Data Analyst,Corporate Services,8A,28.39,2018-08-04,2018-09-08,20.0,0.53,GMC,Permanent,Active,II392703,2031-08-22,FD462886,2030-04-30,2027-05-19,2018-08-25
EMP0108-20260913_210742,Diane,Johnson,stevensmarian@example.com,2008-06-22,+44114 496 0989,"Studio 44
Taylor Via
New Karlhaven
L0C 6BF",Male,Southgate Community & Mental Health NHS Trust,White,United States,British Citizen,Admin,Administrator,Surgery & Cancer,3,15.08,2024-01-07,2024-02-18,20.0,0.53,GMC,Permanent,On Leave,YM546004,2029-09-18,NR492541,2027-11-25,2026-12-23,2024-01-28
EMP0109-20260913_210742,Albert,Dixon,osborneelaine@example.net,1981-06-14,0292018708,"Flat 05F
Cook Valleys
Lake Josephfurt
S61 6AP",Male,Southvale Hospitals NHS Trust,Black,Ghana,Dependent,Medical,FY1/FY2,Critical Care & Anaesthesia,FY1,21.04,2025-05-29,2025-07-10,18.75,0.5,None,Bank,Suspended,QT352563,2028-11-30,YF478666,2030-02-18,2027-04-14,2025-06-19
EMP0110-20260913_210742,Jack,Taylor,abigail70@example.net,1970-09-30,01174960934,"350 Hughes Port
Joshuachester
PA0 6WG",Male,Lakeside District Hospitals NHS Trust,Mixed,United States,Dependent,Medical,FY1/FY2,Women & Children,FY1,20.21,2023-05-25,2023-06-22,37.5,1.0,NMC,Fixed Term,Suspended,MK491291,2029-06-22,EL649842,2027-08-18,2027-04-04,2023-06-15
EMP0111-20260913_210742,Kerry,Clarke,ysaunders@example.net,1994-05-10,+44(0)909 879 0660,"7 Trevor Fall
Dayport
G23 5YD",Male,Southvale Hospitals NHS Trust,Black,Ghana,Dependent,AHP,Physiologist,Surgery & Cancer,6,25.57,2020-06-02,2020-07-07,30.0,0.8,HCPC,Permanent,Inactive,BG553285,2028-05-23,WD668502,2031-06-29,2026-10-27,2020-06-23
EMP0112-20260913_210742,Ross,Clark,kyleevans@example.org,1963-12-12,03069990845,"0 Hughes Mountain
Dawsonton
L60 9UU",Female,Northwood Mental Health NHS Trust,Asian,China,Dependent,Nursing,Senior Staff Nurse,Corporate Services,6,25.0,2020-09-16,2020-10-14,37.5,1.0,GMC,Bank,On Leave,OQ044832,2027-09-18,ZS602858,2031-03-24,2027-05-03,2020-10-07
EMP0113-20260913_210742,Naomi,Stokes,cfield@example.net,2005-01-25,(020) 74960743,"7 Paula Path
West Ruthstad
EH6 2BB",Female,Westmere Community Health NHS Trust,White,United States,ILR,Medical,FY1/FY2,Corporate Services,FY1,19.28,2020-02-14,2020-03-13,18.75,0.5,GMC,Fixed Term,On Leave,QG476018,2031-06-29,EQ147081,2027-06-04,2026-12-10,2020-03-06
EMP0114-20260913_210742,Nicola,Singh,lesleydavies@example.com,1991-04-03,+44(0)2074960654,"288 Cole Mission
Sophiestad
G71 7YD",Male,Hillcrest Medical Centres NHS Trust,White,United States,ILR,AHP,Physiotherapist,Women & Children,6,26.68,2024-11-02,2024-12-07,20.0,0.53,HCPC,Permanent,Active,YS137146,2027-09-13,RM638008,2027-12-28,2027-01-05,2024-11-23
EMP0115-20260913_210742,Jennifer,Atkinson,amymorris@example.com,1986-08-15,(0116) 496 0919,"0 Williamson Estates
New Seanport
G3 7GR",Male,Oakridge Community Services NHS Trust,Black,Ghana,ILR,AHP,Occupational Therapist,Clinical Support Services,6,27.29,2019-08-06,2019-09-17,20.0,0.53,None,Permanent,Active,ZR419382,2029-04-27,DG800930,2027-04-26,2027-09-12,2019-08-27
EMP0116-20260913_210742,Janice,Ward,donna32@example.net,1989-10-21,08081570078,"Flat 48q
Aimee Vista
North Derekside
TS60 1WU",Male,Broadfield Clinical Services NHS Trust,White,United Kingdom,Dependent,Medical,SHO,Surgery & Cancer,SHO,27.85,2017-11-15,2017-12-13,20.0,0.53,HCPC,Permanent,Active,FU596335,2030-03-19,DO564187,2031-04-19,2027-09-11,2017-12-06
EMP0117-20260913_210742,Antony,Leach,gillpauline@example.org,1961-12-31,(0114) 4960199,"36 Terry Court
Rogerston
N9 8BG",Male,Broadfield Clinical Services NHS Trust,White,United States,ILR,Admin,Data Analyst,Surgery & Cancer,8A,30.3,2022-03-02,2022-04-06,18.75,0.5,None,Bank,Inactive,AD572163,2030-09-24,ZQ875880,2026-10-03,2027-06-04,2022-03-23
EMP0118-20260913_210742,Terence,Allan,francisrandall@example.net,1985-02-20,+44161 496 0003,"Flat 96X
Beverley Ports
Harrisonmouth
N8 5TF",Female,Eastfield Psychological Services NHS Trust,Mixed,Trinidad and Tobago,British Citizen,Admin,Medical Secretary,Surgery & Cancer,4,15.82,2023-06-03,2023-07-15,37.5,1.0,None,Bank,Suspended,SX958661,2028-11-12,BF661836,2031-05-16,2027-02-23,2023-06-24
EMP0119-20260913_210742,Donna,Harrison,jordancarpenter@example.org,1981-11-01,(020)74960535,"Studio 29
Gray Meadow
Skinnermouth
TS2B 4TD",Male,Midlands Central Hospitals NHS Trust,Asian,Thailand,ILR,Admin,Receptionist,Corporate Services,3,15.15,2022-04-18,2022-05-16,37.5,1.0,None,Permanent,Active,KZ262487,2028-04-03,GV934672,2028-08-18,2026-12-11,2022-05-09
EMP0120-20260913_210742,Tracey,Davies,johnsontrevor@example.com,2007-10-14,+44808 1570772,"38 Wilson Villages
New Gailside
HU9 1NH",Male,Greenhaven Acute & Specialist Care NHS Trust,White,United States,Skilled Worker,Medical,SHO,Critical Care & Anaesthesia,SHO,28.9,2021-03-22,2021-05-03,30.0,0.8,GMC,Permanent,Suspended,AP311234,2030-02-23,EF659649,2027-10-02,2027-03-18,2021-04-12
EMP0121-20260913_210742,Roger,Roberts,arthuredwards@example.net,1996-10-21,+44(0)117 496 0236,"Flat 0
Clayton Crest
Atkinsonland
E2 3BG",Female,Eastmoor Teaching Hospitals NHS Trust,Black,Trinidad and Tobago,Skilled Worker,Medical,Registrar,Critical Care & Anaesthesia,SPR,40.15,2021-03-20,2021-04-17,37.5,1.0,NMC,Permanent,Active,VO582943,2029-01-07,OB235529,2027-06-22,2026-12-13,2021-04-10
EMP0122-20260913_210742,Emma,Williams,williamslynn@example.net,2002-10-27,+44(0)131 496 0954,"Flat 2
Ellie Summit
New Nigel
ZE0 7EB",Female,Eastfield Psychological Services NHS Trust,White,New Zealand,British Citizen,AHP,Occupational Therapist,Critical Care & Anaesthesia,6,22.93,2019-07-26,2019-09-06,37.5,1.0,HCPC,Fixed Term,Active,QY457842,2028-07-30,BD162948,2027-10-04,2027-04-08,2019-08-16
EMP0123-20260913_210742,Cameron,Hall,hollie77@example.com,1971-03-09,+44(0)121 4960867,"Flat 77D
Holmes Field
Terryside
FK5M 7BW",Female,Westmere Community Health NHS Trust,Asian,Thailand,British Citizen,Admin,Administrator,Medicine & Acute Care,3,13.41,2019-06-26,2019-07-31,30.0,0.8,NMC,Fixed Term,Active,BT587185,2030-06-17,YE939782,2027-12-03,2026-12-26,2019-07-17
EMP0124-20260913_210742,Natalie,Collins,qperry@example.net,1990-10-06,+44(0)114 496 0252,"Flat 30V
Gardner Road
New Melanie
E5 2DD",Male,Northwood Mental Health NHS Trust,Mixed,Thailand,Skilled Worker,AHP,Physiologist,Emergency & Urgent Care,6,26.42,2020-07-13,2020-08-24,37.5,1.0,GMC,Fixed Term,Active,EN313314,2027-12-02,HV694421,2027-01-15,2026-10-10,2020-08-03
EMP0125-20260913_210742,Josephine,King,louiscoles@example.org,1987-01-25,(020) 7496 0408,"8 Gordon Plain
Johnburgh
W74 6SW",Female,Valleyview Mental Wellness NHS Trust,Black,Ghana,Skilled Worker,Admin,Medical Secretary,Clinical Support Services,4,19.37,2024-08-10,2024-09-21,15.0,0.4,None,Bank,Active,QK998022,2026-12-29,RY992619,2030-11-30,2027-06-01,2024-08-31
EMP0126-20260913_210742,Gillian,Roberts,ubryan@example.net,1982-05-17,+4420 7496 0521,"33 David Lock
East Amber
LN88 9NL",Male,Hillcrest Medical Centres NHS Trust,Mixed,India,Skilled Worker,Nursing,Charge Nurse,Women & Children,7,28.24,2019-06-19,2019-07-24,20.0,0.53,NMC,Fixed Term,Inactive,NO980158,2026-11-22,DQ698586,2030-09-10,2026-09-13,2019-07-10
EMP0127-20260913_210742,Benjamin,Jones,zoesmith@example.net,1985-05-26,+44(0)1214960644,"Studio 10f
Louis Route
Rosemaryborough
L3K 8EX",Female,Southgate Community & Mental Health NHS Trust,White,United Kingdom,ILR,Admin,Receptionist,Medicine & Acute Care,3,14.7,2022-06-16,2022-07-28,15.0,0.4,NMC,Bank,Active,MB293590,2027-03-22,NA571473,2027-08-26,2027-06-28,2022-07-07
EMP0128-20260913_210742,Bryan,Tyler,jonesmaria@example.net,1967-09-20,(020) 74960982,"5 Gordon Forge
West Sandraborough
GL5 4ED",Female,Greenhaven Acute & Specialist Care NHS Trust,Asian,China,ILR,AHP,Speech Therapist,Medicine & Acute Care,6,26.01,2022-04-18,2022-05-23,18.75,0.5,HCPC,Permanent,Inactive,UW156080,2030-05-25,GW003545,2026-12-06,2027-03-02,2022-05-09
EMP0129-20260913_210742,Tony,Hicks,whiteheadmitchell@example.org,1977-09-03,(0151) 496 0654,"8 Suzanne Prairie
Jeremymouth
N3U 1XZ",Female,Riverbank General Hospitals NHS Trust,Asian,India,ILR,Admin,Administrator,Emergency & Urgent Care,3,16.2,2026-04-26,2026-05-24,20.0,0.53,HCPC,Permanent,Active,QV594927,2029-07-10,DU216715,2026-12-25,2026-12-05,2026-05-17
EMP0130-20260913_210742,Ryan,Byrne,catherinebutler@example.com,1988-06-26,+441632960462,"Flat 4
Lee Glens
New Abdul
CV56 1NG",Male,Midlands Central Hospitals NHS Trust,Asian,Thailand,Skilled Worker,AHP,Physiologist,Corporate Services,6,23.38,2025-05-22,2025-06-26,18.75,0.5,None,Bank,Inactive,CD571273,2029-07-04,AY110020,2027-08-19,2027-02-16,2025-06-12
EMP0131-20260913_210742,Jeffrey,White,george97@example.net,1993-04-15,(0808) 1570839,"Flat 8
Cox Dam
Johnsonland
L19 8DB",Female,Broadfield Clinical Services NHS Trust,Black,Trinidad and Tobago,British Citizen,AHP,Speech Therapist,Women & Children,6,23.16,2018-05-31,2018-06-28,18.75,0.5,HCPC,Bank,Inactive,WJ574830,2030-01-13,AB531986,2027-05-08,2027-02-26,2018-06-21
EMP0132-20260913_210742,Emma,Taylor,wongsean@example.org,2003-05-08,+44131 4960910,"Flat 94
Akhtar Crest
Grahamville
S8A 2XN",Female,Riverside Integrated Care NHS Trust,Mixed,Ghana,British Citizen,AHP,Speech Therapist,Surgery & Cancer,6,24.45,2019-11-04,2019-12-09,18.75,0.5,NMC,Fixed Term,Active,IH892391,2029-07-07,PV707616,2029-11-16,2026-10-28,2019-11-25
EMP0133-20260913_210742,Craig,Collins,bryanlouis@example.org,1989-04-01,0161 4960419,"5 Morrison Squares
Adamsmouth
TW9 4FQ",Male,Northwood Mental Health NHS Trust,Mixed,Kenya,Dependent,Nursing,Senior Staff Nurse,Critical Care & Anaesthesia,6,23.03,2020-08-11,2020-09-22,20.0,0.53,NMC,Bank,Suspended,DX222722,2031-07-04,QF019951,2028-06-09,2027-05-25,2020-09-01
EMP0134-20260913_210742,Nathan,Burrows,zmarshall@example.org,1979-02-27,+44808 1570684,"Studio 18w
Reece Glens
Karlview
M9G 0UX",Male,Horizon Integrated Health Partnership NHS Trust,White,United Kingdom,Skilled Worker,AHP,Speech Therapist,Emergency & Urgent Care,6,25.09,2023-06-02,2023-07-07,30.0,0.8,GMC,Fixed Term,On Leave,UA942258,2026-12-06,ZR676874,2030-03-02,2027-08-18,2023-06-23
EMP0135-20260913_210742,Lynda,Sinclair,patriciamellor@example.org,1999-01-21,01632 960888,"90 Brenda Wall
Kellystad
WS8M 2WZ",Male,Lakeside District Hospitals NHS Trust,Black,Barbados,ILR,AHP,Pharmacist,Surgery & Cancer,5,20.36,2017-05-28,2017-06-25,37.5,1.0,None,Fixed Term,On Leave,IT257501,2027-02-13,EI754116,2031-03-03,2026-11-09,2017-06-18
EMP0136-20260913_210742,Michelle,Simpson,eleanor51@example.net,1971-07-09,0909 879 0596,"Flat 89
Kimberley View
New John
CO77 4WD",Male,Westmere Community Health NHS Trust,White,United States,Skilled Worker,Medical,Consultant,Medicine & Acute Care,CONS,54.75,2025-11-19,2025-12-17,30.0,0.8,NMC,Bank,Inactive,ZV267553,2029-01-19,OI412464,2029-01-01,2027-06-16,2025-12-10
EMP0137-20260913_210742,Ryan,Arnold,holly99@example.com,1991-11-07,(0191)4960565,"Studio 2
Anthony Port
Joyceside
CA50 4HQ",Female,Broadfield Clinical Services NHS Trust,Asian,China,British Citizen,Nursing,Charge Nurse,Women & Children,7,31.01,2022-04-14,2022-05-12,20.0,0.53,GMC,Bank,On Leave,JN298025,2031-02-01,CO851791,2030-09-27,2026-12-11,2022-05-05
EMP0138-20260913_210742,Frederick,Shah,doconnor@example.org,1962-04-14,+44(0)115 4960760,"7 Darren Viaduct
Nolanport
CH76 3UD",Female,Lakeside District Hospitals NHS Trust,Black,Nigeria,British Citizen,Nursing,Senior Staff Nurse,Corporate Services,6,25.08,2022-07-23,2022-08-20,30.0,0.8,GMC,Fixed Term,On Leave,QR938829,2029-02-13,IX451881,2027-12-16,2026-10-30,2022-08-13
EMP0139-20260913_210742,Irene,Lambert,vstephenson@example.net,1965-03-14,0114 496 0143,"Studio 82
Bradshaw Road
Port Alex
M0 0WT",Male,Eastmoor Teaching Hospitals NHS Trust,White,New Zealand,ILR,Nursing,Charge Nurse,Surgery & Cancer,7,31.6,2021-12-15,2022-01-19,15.0,0.4,GMC,Bank,Suspended,GU191228,2029-03-27,LY174173,2031-03-30,2027-04-29,2022-01-05
EMP0140-20260913_210742,Graham,Dean,jadehall@example.com,1970-09-18,0121 496 0915,"9 Jemma Rapid
South Anne
OL94 6JD",Male,Valleyview Mental Wellness NHS Trust,White,Canada,ILR,Nursing,Charge Nurse,Critical Care & Anaesthesia,7,31.44,2023-05-24,2023-07-05,18.75,0.5,None,Permanent,Suspended,IM964503,2027-02-28,YR779841,2027-12-28,2027-08-14,2023-06-14
EMP0141-20260913_210742,Sharon,Lambert,andrew55@example.org,2005-10-11,01914960401,"8 Emma Lakes
Lake Daleside
FK3W 3WN",Female,Eastfield Psychological Services NHS Trust,White,New Zealand,Skilled Worker,Nursing,Nursery Nurse,Emergency & Urgent Care,2,14.21,2023-01-08,2023-02-12,18.75,0.5,GMC,Bank,On Leave,SS451751,2027-01-01,JA055054,2031-07-02,2027-06-25,2023-01-29
EMP0142-20260913_210742,Karl,Hunter,djones@example.org,1977-05-12,+441184960557,"4 Dale Forest
Jonesmouth
B2S 6DT",Male,Northshire University Hospitals NHS Trust,Black,Barbados,British Citizen,Nursing,Ward Manager,Clinical Support Services,8A,35.62,2026-08-25,2026-09-29,15.0,0.4,NMC,Bank,Active,YS945145,2027-05-16,FT516770,2029-03-03,2027-02-02,2026-09-15
EMP0143-20260913_210742,Max,Rose,mathewpritchard@example.org,1977-12-30,+441154960216,"Flat 76
Bradley Inlet
Lindseyborough
W7E 2ZQ",Female,Midlands Central Hospitals NHS Trust,White,New Zealand,Skilled Worker,Nursing,Senior Staff Nurse,Emergency & Urgent Care,6,23.61,2022-11-01,2022-12-13,18.75,0.5,HCPC,Fixed Term,Inactive,BD406307,2028-10-06,OQ514470,2029-09-12,2027-06-13,2022-11-22
EMP0144-20260913_210742,Martyn,Hewitt,angela68@example.org,1962-04-01,+44114 496 0097,"Studio 85
Elliot Knoll
East Glenn
L6T 5TH",Male,Bluewater Community & Rehabilitation NHS Trust,Asian,Japan,Dependent,Admin,Administrator,Medicine & Acute Care,3,15.8,2022-05-27,2022-06-24,15.0,0.4,None,Bank,On Leave,OB961144,2026-10-29,KI144529,2028-06-09,2027-07-14,2022-06-17
EMP0145-20260913_210742,Beverley,Fisher,simonpearson@example.com,1972-10-29,(028) 9018862,"289 Barbara Loop
Dianaland
N3T 9TZ",Male,Midlands Central Hospitals NHS Trust,Black,Barbados,ILR,AHP,Pharmacist,Women & Children,5,20.37,2018-10-26,2018-11-30,37.5,1.0,NMC,Permanent,Suspended,MN396303,2030-10-17,PZ310359,2029-03-18,2027-07-03,2018-11-16
EMP0146-20260913_210742,Amber,Baker,adamseleanor@example.org,1983-02-25,+44(0)121 496 0296,"77 Gail Expressway
Loweland
M38 9BG",Male,Riverbank General Hospitals NHS Trust,Black,Ghana,Skilled Worker,AHP,Pharmacist,Women & Children,5,23.03,2021-09-18,2021-10-16,20.0,0.53,GMC,Permanent,Active,VB845442,2026-10-05,LH189759,2028-02-12,2027-06-27,2021-10-09
EMP0147-20260913_210742,Georgina,Swift,howellsdenis@example.org,1978-11-21,+44(0)141 4960904,"245 Teresa Branch
East Leonmouth
E4 1GD",Female,Hillcrest Medical Centres NHS Trust,Mixed,Canada,British Citizen,Medical,GP,Women & Children,GP,52.56,2021-03-28,2021-05-02,20.0,0.53,HCPC,Bank,Suspended,GV731907,2028-01-30,YS930806,2028-01-09,2026-12-24,2021-04-18
EMP0148-20260913_210742,Brian,Mahmood,louis97@example.org,1994-12-22,(0141)4960779,"910 Ward Harbors
New Deniseburgh
LN9N 3JQ",Male,Oakridge Community Services NHS Trust,Black,Ghana,Dependent,AHP,Speech Therapist,Corporate Services,6,23.46,2024-06-11,2024-07-09,20.0,0.53,None,Permanent,Suspended,ES808790,2031-04-12,JQ882481,2026-09-18,2027-01-13,2024-07-02
EMP0149-20260913_210742,Karen,Phillips,teresaberry@example.com,1976-09-21,+44(0)117 496 0819,"Studio 99
Jenkins Way
Lake Mariaberg
HU9P 5BE",Male,Southvale Hospitals NHS Trust,Black,Nigeria,ILR,Medical,Consultant,Emergency & Urgent Care,CONS,58.2,2019-10-06,2019-11-10,20.0,0.53,None,Fixed Term,Suspended,KE165236,2028-01-31,QZ894817,2031-05-02,2026-11-28,2019-10-27
EMP0150-20260913_210742,Kerry,Robinson,carterross@example.org,2005-04-11,+44306 9990573,"08 Kennedy Terrace
Morganshire
CO4V 3XD",Male,Southvale Hospitals NHS Trust,Mixed,Trinidad and Tobago,British Citizen,Medical,SHO,Critical Care & Anaesthesia,SHO,25.43,2022-07-18,2022-08-29,30.0,0.8,HCPC,Fixed Term,On Leave,BD967235,2030-06-15,HV579707,2026-09-24,2027-04-09,2022-08-08
EMP0151-20260913_210742,Ben,Allen,jane56@example.org,1981-10-11,0909 8790818,"Studio 95T
Caroline Springs
Marshallside
E7C 3AN",Female,Greenhaven Acute & Specialist Care NHS Trust,Black,Barbados,British Citizen,Admin,Data Analyst,Emergency & Urgent Care,8A,33.28,2023-07-14,2023-08-11,30.0,0.8,None,Permanent,On Leave,CV445846,2027-12-31,XC376202,2031-03-14,2027-04-21,2023-08-04
EMP0152-20260913_210742,Marc,Hart,aaron96@example.org,1989-12-18,+4428 9018 0847,"2 Brown Run
Gallagherchester
SS3 0XF",Male,Northshire University Hospitals NHS Trust,Mixed,Jamaica,ILR,Medical,GP,Surgery & Cancer,GP,55.16,2018-08-28,2018-09-25,18.75,0.5,NMC,Permanent,Suspended,GU298301,2029-06-14,BW513194,2027-12-06,2026-10-19,2018-09-18
EMP0153-20260913_210742,Zoe,Reed,sylviamorgan@example.org,1989-06-11,+44(0)1632 960 080,"Studio 8
Annette Viaduct
West Dawnbury
E9 6BU",Female,Oakridge Community Services NHS Trust,Asian,Thailand,Skilled Worker,AHP,Pharmacist,Corporate Services,5,22.16,2024-06-18,2024-07-16,37.5,1.0,HCPC,Bank,On Leave,PP522114,2030-04-24,TD396971,2029-07-21,2027-08-09,2024-07-09
EMP0154-20260913_210742,Jennifer,McDonald,dlewis@example.net,1996-10-08,0909 879 0430,"635 Cook Groves
Bellborough
GY04 9BS",Male,Northshire University Hospitals NHS Trust,Black,South Africa,ILR,Admin,Medical Secretary,Emergency & Urgent Care,4,17.03,2020-11-06,2020-12-18,30.0,0.8,None,Fixed Term,Suspended,MK349238,2029-03-31,YW481681,2031-06-09,2027-06-27,2020-11-27
EMP0155-20260913_210742,Damien,Bishop,wbell@example.net,1974-06-20,+442074960093,"Studio 61
Gordon Loop
West Guy
W3J 9HL",Male,Southvale Hospitals NHS Trust,Black,Ghana,ILR,AHP,Physiotherapist,Critical Care & Anaesthesia,6,25.78,2017-08-22,2017-09-26,18.75,0.5,HCPC,Fixed Term,Active,OA540681,2029-03-20,TB667539,2029-07-19,2027-04-29,2017-09-12
EMP0156-20260913_210742,Joanna,Scott,nataliebrowne@example.net,1978-04-16,(0131)4960184,"Flat 31
Nixon Burg
Smithside
PA6W 9WY",Female,Bluewater Community & Rehabilitation NHS Trust,Asian,China,ILR,Medical,Registrar,Corporate Services,SPR,40.32,2019-06-22,2019-07-27,30.0,0.8,GMC,Permanent,Inactive,VN723451,2030-12-01,RE800355,2031-08-08,2027-07-16,2019-07-13
EMP0157-20260913_210742,Simon,Turnbull,ojohnson@example.org,1991-07-09,+44(0)3069990098,"Flat 6
Natasha Burgs
Port Brandon
S3 9GA",Female,Northshire University Hospitals NHS Trust,Mixed,Nigeria,Dependent,Admin,Administrator,Women & Children,3,15.55,2026-03-09,2026-04-13,15.0,0.4,HCPC,Permanent,Suspended,XW496984,2029-11-05,TU616383,2030-11-16,2026-09-23,2026-03-30
EMP0158-20260913_210742,Louise,Robinson,christopher54@example.org,1987-10-27,+44131 496 0379,"Studio 2
Benson Well
Ericland
G6 4PP",Female,Riverbank General Hospitals NHS Trust,Asian,Japan,Dependent,Medical,SHO,Critical Care & Anaesthesia,SHO,24.19,2022-10-07,2022-11-11,18.75,0.5,NMC,Permanent,Inactive,AL036003,2030-07-01,CO992153,2030-08-09,2027-04-18,2022-10-28
EMP0159-20260913_210742,Francesca,Booth,eric35@example.net,1978-03-22,0131 496 0236,"3 Hughes Mountain
Kempshire
M7 1PN",Female,Broadfield Clinical Services NHS Trust,Black,Barbados,ILR,Nursing,Nursery Nurse,Medicine & Acute Care,2,13.98,2021-11-20,2022-01-01,37.5,1.0,NMC,Permanent,Inactive,AW955521,2028-01-19,BJ610048,2031-08-13,2027-04-26,2021-12-11
EMP0160-20260913_210742,Elaine,Long,watsongeorge@example.org,1973-02-28,0151 4960774,"Studio 6
Marshall Stream
Kellybury
M97 9EW",Female,Riverbank General Hospitals NHS Trust,Black,Barbados,ILR,Nursing,Healthcare Assistant,Clinical Support Services,2,13.03,2020-08-10,2020-09-14,15.0,0.4,HCPC,Permanent,Active,RQ440169,2029-02-23,CX014350,2028-05-26,2026-12-14,2020-08-31
EMP0161-20260913_210742,Michael,Warner,ajarvis@example.net,1991-10-03,0161 4960395,"8 Julie Plains
East Kimberley
DY7Y 9BN",Female,Eastmoor Teaching Hospitals NHS Trust,Black,Barbados,British Citizen,Admin,Receptionist,Medicine & Acute Care,3,14.17,2016-10-21,2016-12-02,20.0,0.53,HCPC,Fixed Term,Inactive,MV404267,2029-02-01,IN279146,2031-01-19,2027-02-26,2016-11-11
EMP0162-20260913_210742,Jeffrey,Joyce,houghtonjulia@example.net,1993-09-16,(0161) 496 0197,"Flat 0
Wilson Roads
Port Sian
HS9P 3WF",Female,Valleyview Mental Wellness NHS Trust,White,New Zealand,British Citizen,Medical,GP,Corporate Services,GP,60.27,2024-02-17,2024-03-23,37.5,1.0,GMC,Fixed Term,Suspended,HI864969,2028-02-20,EC184967,2027-01-06,2026-11-14,2024-03-09
EMP0163-20260913_210742,Lindsey,White,wrightsarah@example.net,1996-01-10,+44(0)808 1570278,"6 Webb Greens
Daviesborough
W5 9JA",Male,Westborough Acute Care NHS Trust,White,Canada,Skilled Worker,AHP,Pharmacist,Women & Children,5,21.5,2018-02-24,2018-04-07,15.0,0.4,HCPC,Fixed Term,Inactive,TO806236,2027-06-26,KZ467788,2031-08-30,2027-07-28,2018-03-17
EMP0164-20260913_210742,Abigail,Thomas,hazel12@example.org,1980-12-03,0114 4960012,"Flat 9
Katherine Walk
Port Bethany
BS05 4FZ",Female,Eastmoor Teaching Hospitals NHS Trust,Mixed,New Zealand,ILR,Medical,GP,Clinical Support Services,GP,54.22,2025-09-27,2025-11-01,30.0,0.8,NMC,Permanent,Active,BS673124,2029-03-04,SN448397,2029-11-11,2026-12-14,2025-10-18
EMP0165-20260913_210742,Dorothy,Parsons,wilsonbilly@example.net,1989-08-19,01514960280,"Studio 83
Matthews Stravenue
South Lee
S9G 6HX",Female,Midlands Central Hospitals NHS Trust,Black,Ghana,Dependent,Admin,Medical Secretary,Critical Care & Anaesthesia,4,18.26,2025-04-07,2025-05-05,30.0,0.8,GMC,Bank,Suspended,VN710323,2029-12-11,FT520036,2030-06-21,2026-10-11,2025-04-28
EMP0166-20260913_210742,Gerald,Yates,kenneth49@example.net,1970-03-23,(028)9018014,"101 Phillips Centers
New Charlene
CT7 9SS",Male,Northwood Mental Health NHS Trust,Asian,Japan,British Citizen,Admin,Receptionist,Clinical Support Services,3,13.36,2021-04-26,2021-05-24,20.0,0.53,GMC,Permanent,On Leave,PI703282,2030-10-02,FP618154,2030-03-23,2027-08-06,2021-05-17
EMP0167-20260913_210742,Graham,Young,leighbailey@example.com,1980-08-11,+443069990283,"Flat 29
Holmes Vista
Williamston
DL3 4SR",Female,Northwood Mental Health NHS Trust,Asian,India,ILR,Nursing,Nursery Nurse,Medicine & Acute Care,2,12.9,2018-07-09,2018-08-20,18.75,0.5,GMC,Fixed Term,On Leave,NN356236,2030-02-13,NE081177,2029-02-25,2027-02-27,2018-07-30
EMP0168-20260913_210742,Megan,Foster,dorothy34@example.net,1977-10-04,(0161) 4960193,"Flat 61O
Jordan Station
North Adrianstad
CH2N 5QN",Male,Broadfield Clinical Services NHS Trust,Asian,Japan,Skilled Worker,Nursing,Senior Staff Nurse,Surgery & Cancer,6,23.29,2019-06-13,2019-07-11,15.0,0.4,HCPC,Fixed Term,Active,GG795424,2029-11-24,KI444343,2028-06-04,2027-01-19,2019-07-04
EMP0169-20260913_210742,Rita,White,jamie69@example.com,1985-06-27,+44(0)1164960785,"Studio 00o
Chambers Skyway
Teresastad
SM1V 9LR",Female,Meadowbrook Community Health NHS Trust,White,Canada,Dependent,Admin,Data Analyst,Clinical Support Services,8A,31.15,2026-04-23,2026-06-04,20.0,0.53,NMC,Fixed Term,On Leave,LK362396,2028-06-24,YQ440004,2030-12-07,2027-05-04,2026-05-14
EMP0170-20260913_210742,Danny,Jones,vbrady@example.com,2005-10-28,02074960069,"993 Roberts Views
Malcolmmouth
B9 4LD",Female,Westmere Community Health NHS Trust,White,United Kingdom,ILR,AHP,Occupational Therapist,Medicine & Acute Care,6,25.93,2020-11-07,2020-12-05,37.5,1.0,None,Permanent,On Leave,ZJ595681,2027-05-12,US702919,2028-04-05,2027-03-31,2020-11-28
EMP0171-20260913_210742,Donald,Dean,victoria31@example.org,1981-06-16,+44114 4960954,"Studio 41
Christopher Hollow
North Bradley
EC53 2SJ",Female,Eastmoor Teaching Hospitals NHS Trust,Black,Trinidad and Tobago,ILR,Nursing,Senior Staff Nurse,Emergency & Urgent Care,6,23.44,2019-08-20,2019-10-01,15.0,0.4,None,Bank,On Leave,QD461470,2030-04-07,FG987183,2031-02-18,2027-03-06,2019-09-10
EMP0172-20260913_210742,Charles,Farmer,gary27@example.com,1976-03-09,+44(0)191 4960079,"9 Jones Station
Jonesville
B7 3BA",Male,Greenhaven Acute & Specialist Care NHS Trust,Mixed,Trinidad and Tobago,Skilled Worker,Nursing,Charge Nurse,Medicine & Acute Care,7,27.54,2026-06-19,2026-07-17,37.5,1.0,GMC,Permanent,On Leave,IU434762,2028-03-31,HQ831860,2027-10-06,2027-01-07,2026-07-10
EMP0173-20260913_210742,Marc,Edwards,anne51@example.net,2008-04-04,(0116) 4960522,"763 Burgess Freeway
West Rachaelville
SA46 6NJ",Female,Lakeside District Hospitals NHS Trust,Black,Barbados,Skilled Worker,AHP,Occupational Therapist,Emergency & Urgent Care,6,23.51,2019-04-27,2019-06-08,20.0,0.53,GMC,Bank,Active,FM551763,2031-03-15,QQ190845,2028-07-17,2027-08-08,2019-05-18
EMP0174-20260913_210742,Norman,Mason,fhill@example.org,1983-04-01,+44(0)1174960739,"832 Donald Loop
Elliottmouth
W59 8UQ",Female,Oakridge Community Services NHS Trust,Mixed,Japan,British Citizen,AHP,Physiotherapist,Emergency & Urgent Care,6,25.93,2025-07-01,2025-08-05,37.5,1.0,NMC,Fixed Term,Active,AA129565,2029-03-22,LA036425,2031-07-19,2027-05-08,2025-07-22
EMP0175-20260913_210742,Raymond,Long,shaunmorgan@example.com,1997-02-13,(0191) 4960834,"Flat 32
Weston Centers
East Annettechester
SR7V 1GB",Male,Broadfield Clinical Services NHS Trust,Asian,India,British Citizen,AHP,Occupational Therapist,Medicine & Acute Care,6,27.84,2017-06-13,2017-07-25,15.0,0.4,HCPC,Bank,Inactive,JF756088,2031-02-06,DL904976,2030-07-21,2026-10-30,2017-07-04
EMP0176-20260913_210742,Hayley,Goddard,jhayes@example.com,1982-01-07,+4429 2018636,"042 Jackson Trace
Port Brandonburgh
M75 7JL",Female,Southvale Hospitals NHS Trust,Mixed,India,ILR,AHP,Speech Therapist,Corporate Services,6,25.38,2016-11-04,2016-12-02,37.5,1.0,None,Permanent,Active,FL710030,2027-09-06,EK525698,2031-01-14,2027-08-20,2016-11-25
EMP0177-20260913_210742,Anthony,Williams,lewis76@example.net,2005-05-21,+44(0)131 496 0094,"015 Gill Rapid
Lake Paulaberg
G03 8BL",Female,Eastmoor Teaching Hospitals NHS Trust,Mixed,New Zealand,Skilled Worker,Admin,Medical Secretary,Corporate Services,4,19.22,2021-09-15,2021-10-27,15.0,0.4,None,Fixed Term,Inactive,QO008796,2028-12-19,AH933560,2028-05-28,2027-01-08,2021-10-06
EMP0178-20260913_210742,Peter,Gray,shanewoods@example.org,1966-03-19,(029) 2018747,"Flat 86s
Nixon Drive
Robertport
LU21 2FY",Female,Northwood Mental Health NHS Trust,Black,Ghana,British Citizen,Medical,SHO,Clinical Support Services,SHO,27.17,2019-08-08,2019-09-19,37.5,1.0,HCPC,Bank,Inactive,QT707100,2029-03-30,NS487787,2030-01-30,2027-07-13,2019-08-29
EMP0179-20260913_210742,Amelia,Hunter,elliottmaureen@example.com,2007-07-27,+44(0)1914960496,"Flat 4
Goodwin Streets
Smithborough
ML2 6QA",Female,Westmere Community Health NHS Trust,Asian,Thailand,ILR,Admin,Data Analyst,Surgery & Cancer,8A,30.42,2022-09-17,2022-10-15,15.0,0.4,None,Bank,On Leave,HN582510,2031-07-05,UT505458,2028-07-31,2026-12-06,2022-10-08
EMP0180-20260913_210742,Georgia,Collier,acook@example.org,1966-10-19,(0808)1570636,"56 Jay Manors
Port Mary
HU73 6EW",Female,Eastmoor Teaching Hospitals NHS Trust,Asian,India,ILR,AHP,Speech Therapist,Corporate Services,6,23.19,2023-02-16,2023-03-16,20.0,0.53,HCPC,Bank,Suspended,QP668914,2028-01-16,SN906395,2027-03-28,2027-02-14,2023-03-09
EMP0181-20260913_210742,Leanne,Hayes,btodd@example.org,1961-03-22,(0121) 4960726,"Studio 6
Bevan Villages
Baldwinton
G5D 5GX",Male,Greenhaven Acute & Specialist Care NHS Trust,Asian,Thailand,British Citizen,AHP,Occupational Therapist,Corporate Services,6,27.31,2024-08-08,2024-09-19,18.75,0.5,None,Permanent,Inactive,QH961939,2029-09-11,ML455508,2029-10-15,2026-10-12,2024-08-29
EMP0182-20260913_210742,Anthony,Leach,marshallkelly@example.org,1977-12-25,0191 498 0960,"313 Lee Tunnel
New Darren
E5D 5LN",Male,Westmere Community Health NHS Trust,White,United Kingdom,ILR,Medical,GP,Surgery & Cancer,GP,51.14,2022-04-27,2022-06-08,18.75,0.5,None,Bank,Active,PO932117,2030-11-27,KY638286,2029-07-15,2027-05-10,2022-05-18
EMP0183-20260913_210742,Bruce,Spencer,phillipsamber@example.net,1978-03-01,+44(0)113 4960087,"7 Hodgson Court
Clairehaven
KY1 1LZ",Female,Oakridge Community Services NHS Trust,Black,Nigeria,ILR,Admin,Administrator,Women & Children,3,15.13,2024-12-01,2025-01-12,30.0,0.8,GMC,Fixed Term,Inactive,IR743849,2031-08-11,DQ773849,2029-10-05,2026-10-13,2024-12-22
EMP0184-20260913_210742,Darren,Reed,holmesjulia@example.net,1989-10-01,+4429 2018 0586,"Studio 68N
Mohammad Cliffs
North Kyle
IP2 5EY",Male,Greenhaven Acute & Specialist Care NHS Trust,White,United States,Skilled Worker,Nursing,Charge Nurse,Medicine & Acute Care,7,28.14,2025-08-29,2025-10-10,20.0,0.53,HCPC,Permanent,On Leave,QE382407,2031-01-28,PZ509366,2030-03-31,2027-01-15,2025-09-19
EMP0185-20260913_210742,Philip,Clarke,kerrclaire@example.org,1970-12-25,0306 9990091,"Flat 81
Smith Haven
West Natasha
W09 6ZN",Male,Oakridge Community Services NHS Trust,White,Australia,ILR,AHP,Pharmacist,Emergency & Urgent Care,5,19.8,2019-03-02,2019-04-13,18.75,0.5,GMC,Permanent,Active,VH745097,2028-10-11,WE112433,2027-09-08,2026-12-10,2019-03-23
EMP0186-20260913_210742,Phillip,Turner,jodie86@example.com,1986-11-01,+44289018608,"Studio 16
Amber Row
Chelseaborough
HA1P 0FE",Female,Greenhaven Acute & Specialist Care NHS Trust,Black,Trinidad and Tobago,Skilled Worker,Nursing,Ward Manager,Medicine & Acute Care,8A,29.62,2019-12-25,2020-01-22,30.0,0.8,NMC,Fixed Term,Inactive,AW053130,2028-03-18,EY417707,2029-04-29,2026-12-01,2020-01-15
EMP0187-20260913_210742,Jemma,Ellis,lisa87@example.net,1985-11-26,(029) 2018 0409,"Flat 58p
Bethany Mountain
Rhysland
S9W 2BF",Female,Riverside Integrated Care NHS Trust,Black,South Africa,British Citizen,Medical,SHO,Emergency & Urgent Care,SHO,27.41,2017-10-18,2017-11-29,18.75,0.5,NMC,Bank,On Leave,HL303025,2028-05-23,LC729595,2031-05-18,2027-04-03,2017-11-08
EMP0188-20260913_210742,Elliot,Murray,qpalmer@example.com,1995-03-23,0131 4960975,"546 Saunders Stravenue
Hancockmouth
DT4 1QY",Male,Meadowbrook Community Health NHS Trust,Mixed,United States,ILR,Admin,Data Analyst,Emergency & Urgent Care,8A,34.54,2025-04-02,2025-05-07,15.0,0.4,NMC,Permanent,Suspended,VI567444,2027-02-18,JI346149,2030-03-26,2026-11-26,2025-04-23
EMP0189-20260913_210742,Melanie,Taylor,hansonkimberley@example.net,1990-03-09,0141 496 0658,"5 Gerald Bridge
Port Lesley
M5G 6NF",Female,Westborough Acute Care NHS Trust,Mixed,New Zealand,British Citizen,AHP,Occupational Therapist,Critical Care & Anaesthesia,6,25.58,2026-04-02,2026-05-07,15.0,0.4,None,Permanent,Active,JQ308988,2030-04-17,FG355078,2028-06-20,2026-09-16,2026-04-23
EMP0190-20260913_210742,Scott,West,chelseawebster@example.com,2006-12-10,01164960673,"Flat 11
Begum Common
Kirkbury
AB4M 7ZG",Male,Riverside Integrated Care NHS Trust,Black,Barbados,Skilled Worker,AHP,Radiographer,Surgery & Cancer,6,25.32,2022-03-28,2022-05-09,20.0,0.53,GMC,Bank,On Leave,EW680872,2029-05-04,UG494385,2028-09-22,2027-06-22,2022-04-18
EMP0191-20260913_210742,Marian,Mann,taylorelliot@example.com,2003-06-08,(0118) 496 0381,"Flat 60
Davies Mews
North Michellehaven
FY06 6PG",Female,Northshire University Hospitals NHS Trust,Mixed,Nigeria,British Citizen,Nursing,Healthcare Assistant,Emergency & Urgent Care,2,13.38,2018-10-23,2018-12-04,15.0,0.4,NMC,Fixed Term,On Leave,XD584084,2029-07-24,YU431477,2031-08-11,2026-11-11,2018-11-13
EMP0192-20260913_210742,Lewis,Chan,ashley71@example.com,1997-07-14,+44118 496 0877,"Flat 3
Terry Knolls
North Aimeeborough
S1 4QG",Male,Lakeside District Hospitals NHS Trust,Asian,Thailand,Dependent,AHP,Speech Therapist,Emergency & Urgent Care,6,28.03,2026-03-27,2026-04-24,37.5,1.0,None,Fixed Term,Active,IH253223,2029-05-27,WY759923,2027-06-07,2027-05-03,2026-04-17
EMP0193-20260913_210742,Gary,Yates,parsonsphilip@example.com,1997-01-25,+44(0)808 1570701,"0 Charles Route
Grantland
W0 3RL",Female,Eastfield Psychological Services NHS Trust,Black,Jamaica,ILR,AHP,Physiotherapist,Critical Care & Anaesthesia,6,24.12,2025-11-25,2025-12-23,30.0,0.8,None,Fixed Term,Inactive,YE221134,2029-04-03,RU255371,2029-04-30,2027-07-20,2025-12-16
EMP0194-20260913_210742,Lindsey,Jones,rosiebailey@example.com,1970-04-24,0114 4960652,"718 Molly Mountains
Port Elliotmouth
CH7 6TP",Male,Horizon Integrated Health Partnership NHS Trust,Black,Nigeria,Dependent,AHP,Occupational Therapist,Clinical Support Services,6,23.26,2026-02-06,2026-03-06,18.75,0.5,GMC,Fixed Term,Active,BQ299872,2028-12-26,HI519138,2026-12-04,2026-10-30,2026-02-27
EMP0195-20260913_210742,Gareth,Carpenter,duncan63@example.org,1993-08-15,(01632)960914,"3 Nicholson River
New Tina
G74 2BY",Female,Northshire University Hospitals NHS Trust,Mixed,Australia,ILR,AHP,Physiotherapist,Clinical Support Services,6,25.43,2020-11-28,2021-01-09,30.0,0.8,GMC,Permanent,On Leave,LP186355,2027-07-17,KU327014,2028-06-02,2026-10-21,2020-12-19
EMP0196-20260913_210742,Rhys,Gill,cfox@example.org,1998-04-02,01514960314,"Studio 39
Hayes Knolls
Margaretport
BB4 7YE",Female,Westmere Community Health NHS Trust,Asian,India,British Citizen,Admin,Administrator,Clinical Support Services,3,15.49,2023-07-19,2023-08-23,37.5,1.0,NMC,Bank,Inactive,EO398989,2027-08-08,UE648621,2030-09-27,2027-08-02,2023-08-09
EMP0197-20260913_210742,Roger,Allen,mohammadjackson@example.com,1994-10-18,0191 4960639,"Studio 7
Murphy Prairie
Lake Alexander
M4 3GA",Female,Greenhaven Acute & Specialist Care NHS Trust,Mixed,China,Skilled Worker,Medical,SHO,Clinical Support Services,SHO,27.88,2022-01-14,2022-02-25,18.75,0.5,HCPC,Bank,On Leave,YQ556328,2031-02-14,CK187203,2030-03-24,2027-03-04,2022-02-04
EMP0198-20260913_210742,Gail,Chapman,barbara07@example.com,1962-08-24,(0115) 496 0481,"4 Gareth Islands
Williamsville
M5 2SN",Female,Northwood Mental Health NHS Trust,Black,Barbados,British Citizen,Medical,SHO,Medicine & Acute Care,SHO,24.24,2023-12-25,2024-01-22,18.75,0.5,NMC,Permanent,Inactive,KB445267,2027-07-12,DX069239,2027-05-27,2027-03-18,2024-01-15
EMP0199-20260913_210742,Aimee,Davis,lawrencenathan@example.org,2004-08-17,(020) 7496 0902,"Flat 2
Linda Streets
Hudsonbury
IP2 0EL",Male,Eastfield Psychological Services NHS Trust,Mixed,Ghana,Skilled Worker,Admin,Medical Secretary,Critical Care & Anaesthesia,4,15.39,2022-09-22,2022-11-03,37.5,1.0,NMC,Fixed Term,Suspended,LL419019,2027-09-22,KF291922,2029-12-20,2027-06-08,2022-10-13
EMP0200-20260913_210742,Wendy,Lawrence,tjones@example.net,1984-08-12,0808 157 0530,"Flat 18p
Neil Rue
South Annettebury
M50 1AD",Male,Bluewater Community & Rehabilitation NHS Trust,Asian,India,Skilled Worker,AHP,Pharmacist,Medicine & Acute Care,5,20.67,2016-11-17,2016-12-15,18.75,0.5,NMC,Permanent,On Leave,DW014020,2031-02-08,UO610303,2031-03-29,2027-02-03,2016-12-08
EMP0201-20260913_210742,Gareth,Lynch,natashaturnbull@example.org,1979-12-21,+44(0)191 4960463,"Studio 11
Butler Tunnel
South Jamie
ML2A 8EJ",Female,Northwood Mental Health NHS Trust,Mixed,India,Dependent,Medical,FY1/FY2,Medicine & Acute Care,FY1,19.52,2024-02-28,2024-03-27,37.5,1.0,NMC,Fixed Term,On Leave,UL165544,2027-12-18,CN287503,2031-02-09,2027-03-19,2024-03-20
EMP0202-20260913_210742,Nicola,Harris,williamnaylor@example.net,1988-08-04,0141 496 0047,"721 Osborne Meadows
Port Maureen
SL9E 9RU",Male,Westmere Community Health NHS Trust,Black,Kenya,Dependent,AHP,Physiotherapist,Critical Care & Anaesthesia,6,23.73,2019-02-18,2019-03-18,20.0,0.53,NMC,Permanent,On Leave,TT711848,2029-10-13,DV683781,2031-08-11,2026-10-10,2019-03-11
EMP0203-20260913_210742,Toby,Jones,bernard41@example.org,1971-10-22,01632 960544,"Studio 45
Shirley Underpass
Lake Judith
CV5P 3YG",Female,Northshire University Hospitals NHS Trust,Black,South Africa,Dependent,Admin,Medical Secretary,Medicine & Acute Care,4,17.25,2018-08-13,2018-09-24,20.0,0.53,GMC,Fixed Term,Active,CE277817,2029-07-28,AR512738,2031-02-11,2027-01-09,2018-09-03
EMP0204-20260913_210742,Linda,Wood,brettwebster@example.org,1992-06-14,020 74960925,"Studio 0
Tracy Vista
Natalieburgh
CT1 0DH",Male,Midlands Central Hospitals NHS Trust,White,New Zealand,ILR,Medical,FY1/FY2,Clinical Support Services,FY1,19.44,2021-09-04,2021-10-16,18.75,0.5,None,Bank,Inactive,SN725344,2031-05-19,IB977939,2031-07-10,2027-09-01,2021-09-25
EMP0205-20260913_210742,Graham,Jones,cbarnett@example.net,1973-08-21,(020) 7496 0888,"Studio 13
Ellie Plain
North Kieran
L35 0ZR",Male,Northshire University Hospitals NHS Trust,Black,Kenya,Dependent,Admin,Administrator,Corporate Services,3,15.94,2019-02-19,2019-03-19,30.0,0.8,GMC,Fixed Term,Inactive,UM834322,2029-08-27,GW888191,2027-02-09,2027-04-19,2019-03-12
EMP0206-20260913_210742,Sheila,Simpson,jacquelinewalker@example.net,1983-09-25,(029) 2018279,"3 Burns Orchard
New Jillchester
B3W 5FJ",Male,Bluewater Community & Rehabilitation NHS Trust,Asian,Japan,Dependent,Nursing,Ward Manager,Clinical Support Services,8A,32.29,2018-10-18,2018-11-22,20.0,0.53,None,Bank,Inactive,XR252060,2027-02-20,YS446511,2027-06-20,2027-08-11,2018-11-08
EMP0207-20260913_210742,Simon,Lewis,jamesvanessa@example.org,1977-04-21,(0114) 4960818,"720 Marian Way
Jemmashire
B4W 0SJ",Female,Riverside Integrated Care NHS Trust,Asian,India,ILR,Admin,Medical Secretary,Surgery & Cancer,4,18.95,2020-05-20,2020-06-17,30.0,0.8,HCPC,Fixed Term,Active,AJ086181,2026-12-22,NM395507,2029-02-05,2027-05-08,2020-06-10
EMP0208-20260913_210742,Jake,Daly,rwilliams@example.net,1988-11-08,+44(0)29 2018386,"Flat 57N
Edwards Crossing
Hughberg
W10 6TU",Male,Bluewater Community & Rehabilitation NHS Trust,Black,Nigeria,ILR,Medical,GP,Medicine & Acute Care,GP,58.15,2022-08-05,2022-09-09,37.5,1.0,NMC,Fixed Term,On Leave,FQ636880,2027-10-03,GN650226,2028-10-29,2026-12-19,2022-08-26
EMP0209-20260913_210742,Bradley,Browne,marilynsimpson@example.net,1985-03-10,0117 4960720,"54 Eileen Path
Simpsonburgh
B0 9WB",Male,Northshire University Hospitals NHS Trust,White,Canada,Skilled Worker,AHP,Pharmacist,Critical Care & Anaesthesia,5,22.14,2019-02-16,2019-03-30,18.75,0.5,GMC,Fixed Term,On Leave,PV351132,2030-12-11,PR304027,2029-06-10,2026-09-22,2019-03-09
EMP0210-20260913_210742,Marion,Pearce,oliviasmith@example.net,1971-10-15,01632 960016,"Studio 9
Simmons Road
Lake Stevenview
L9H 0ZD",Female,Westmere Community Health NHS Trust,Asian,Thailand,ILR,Nursing,Senior Staff Nurse,Medicine & Acute Care,6,23.38,2024-04-04,2024-05-16,18.75,0.5,NMC,Permanent,Inactive,WQ038648,2026-12-30,CZ772538,2029-03-27,2027-02-09,2024-04-25
EMP0211-20260913_210742,Howard,Hill,dfleming@example.com,1971-10-09,(0116) 4960981,"63 Claire Branch
New Marilynside
L1 4DX",Female,Riverside Integrated Care NHS Trust,Asian,Japan,ILR,Medical,Consultant,Medicine & Acute Care,CONS,59.53,2018-06-10,2018-07-08,20.0,0.53,GMC,Bank,Suspended,EL849869,2029-06-04,MR880277,2026-09-21,2027-03-14,2018-07-01
EMP0212-20260913_210742,Bradley,Stewart,bernardbuckley@example.com,2008-04-14,+44(0)131 496 0153,"Studio 5
Karl Road
South Oliver
B2J 6ER",Female,Oakridge Community Services NHS Trust,White,United States,ILR,Admin,Receptionist,Surgery & Cancer,3,14.58,2020-05-19,2020-06-23,30.0,0.8,None,Permanent,Inactive,TF373854,2029-07-27,RS642127,2027-06-20,2027-03-28,2020-06-09
EMP0213-20260913_210742,Brenda,Evans,samueljohnson@example.net,1976-10-17,+44115 496 0734,"Studio 95i
Williams Cove
West Kieran
L86 1PQ",Female,Westborough Acute Care NHS Trust,White,New Zealand,Skilled Worker,Nursing,Charge Nurse,Critical Care & Anaesthesia,7,31.37,2021-04-01,2021-05-13,37.5,1.0,GMC,Bank,Inactive,HT795620,2030-03-27,LU025555,2029-04-11,2026-09-28,2021-04-22
EMP0214-20260913_210742,Tina,Stephens,juliaedwards@example.net,2005-10-16,+44(0)151 4960585,"64 Weston Mountains
West Thomasstad
B7 8SP",Male,Broadfield Clinical Services NHS Trust,White,Canada,Skilled Worker,AHP,Radiographer,Clinical Support Services,6,22.84,2023-11-05,2023-12-17,15.0,0.4,None,Fixed Term,Suspended,BO939548,2028-04-25,TE906175,2028-11-18,2027-08-14,2023-11-26
EMP0215-20260913_210742,Hazel,Murphy,adam05@example.com,2000-01-28,+44(0)8081570373,"415 Ben Hollow
Smithstad
LU54 9XG",Female,Riverbank General Hospitals NHS Trust,White,United Kingdom,Dependent,Admin,Data Analyst,Surgery & Cancer,8A,31.13,2021-12-18,2022-01-29,18.75,0.5,NMC,Permanent,Inactive,LE231319,2030-03-10,AF493319,2030-10-30,2026-10-14,2022-01-08
EMP0216-20260913_210742,Holly,Summers,quinnlaura@example.net,1980-10-10,(0909) 879 0383,"Studio 7
Denise Extension
New Rickyborough
W49 4AZ",Male,Westborough Acute Care NHS Trust,Asian,China,British Citizen,AHP,Pharmacist,Clinical Support Services,5,22.81,2018-11-30,2019-01-04,30.0,0.8,HCPC,Bank,Active,SP205225,2029-02-09,EM846742,2028-04-08,2027-08-06,2018-12-21
EMP0217-20260913_210742,Stewart,Lowe,newtonstanley@example.org,1994-09-12,+44(0)1914960193,"62 Paige Island
North Carolynland
B6 7LA",Female,Horizon Integrated Health Partnership NHS Trust,Mixed,India,Skilled Worker,AHP,Physiotherapist,Women & Children,6,24.9,2018-03-28,2018-05-09,37.5,1.0,NMC,Bank,Inactive,YV424903,2029-02-27,EJ200458,2028-05-09,2026-10-02,2018-04-18
EMP0218-20260913_210742,Kimberley,Smith,katie26@example.org,1961-09-13,+44306 9990892,"Studio 86
McLean Fields
North Barryport
ML8 3XW",Male,Oakridge Community Services NHS Trust,Asian,China,Dependent,Admin,Data Analyst,Corporate Services,8A,31.29,2023-05-25,2023-07-06,20.0,0.53,GMC,Permanent,Active,NW773163,2027-12-19,SV055527,2027-01-30,2026-12-18,2023-06-15
EMP0219-20260913_210742,Damian,Taylor,mary31@example.com,1995-04-02,020 7946 0361,"981 Natasha Circles
South Joyceville
DH3X 0TL",Male,Southvale Hospitals NHS Trust,White,Canada,ILR,AHP,Speech Therapist,Medicine & Acute Care,6,28.19,2020-11-02,2020-12-14,30.0,0.8,NMC,Fixed Term,Active,GQ202479,2030-12-22,RB014064,2031-08-13,2026-09-14,2020-11-23
EMP0220-20260913_210742,Maria,Mellor,pthompson@example.com,1976-12-24,01632 960 543,"712 Simpson Trail
Gordonmouth
G4 0EY",Female,Westborough Acute Care NHS Trust,Asian,Thailand,British Citizen,Admin,Medical Secretary,Emergency & Urgent Care,4,19.16,2018-08-16,2018-09-20,15.0,0.4,NMC,Fixed Term,Suspended,TC576018,2027-11-23,UA563089,2030-09-03,2027-04-23,2018-09-06
EMP0221-20260913_210742,Kim,Barnes,darrensmith@example.com,1978-06-10,(028)9018360,"815 Sarah Wall
Port Zoeport
N4B 5AE",Male,Southvale Hospitals NHS Trust,Black,Jamaica,ILR,Medical,GP,Medicine & Acute Care,GP,46.69,2019-09-21,2019-11-02,37.5,1.0,None,Fixed Term,Active,GR811901,2028-08-05,AM303823,2031-04-12,2027-04-14,2019-10-12
EMP0222-20260913_210742,Lawrence,Rees,mahmoodduncan@example.net,2002-11-05,01632 960 691,"Flat 47w
David Lodge
South Nigelmouth
M4U 2HB",Male,Hillcrest Medical Centres NHS Trust,Mixed,Ghana,Skilled Worker,AHP,Physiotherapist,Critical Care & Anaesthesia,6,25.71,2024-02-23,2024-03-29,15.0,0.4,HCPC,Fixed Term,On Leave,NM756177,2028-11-07,KM903926,2026-11-10,2027-03-08,2024-03-15
EMP0223-20260913_210742,Billy,Sykes,abbottstephanie@example.com,2004-12-17,+4429 2018 0110,"7 Denise Well
Lake Julia
LU0Y 0YB",Male,Horizon Integrated Health Partnership NHS Trust,White,Canada,Skilled Worker,Admin,Receptionist,Clinical Support Services,3,15.64,2019-07-22,2019-08-19,18.75,0.5,None,Fixed Term,Inactive,YH264292,2031-03-13,CR745969,2030-02-19,2026-10-15,2019-08-12
EMP0224-20260913_210742,Neil,Jones,ben58@example.net,1991-03-14,01154960776,"53 Daniel Junctions
Port Lorraineland
W7 2WP",Male,Riverside Integrated Care NHS Trust,White,New Zealand,ILR,Medical,Consultant,Women & Children,CONS,66.65,2026-01-16,2026-02-27,18.75,0.5,GMC,Bank,On Leave,FH901689,2027-11-26,SN140998,2031-02-21,2027-08-25,2026-02-06
EMP0225-20260913_210742,Leon,Hancock,juliewells@example.org,1962-12-06,(0151) 496 0650,"64 Peters Divide
Robertsonville
DA3 4XW",Female,Broadfield Clinical Services NHS Trust,Asian,Thailand,ILR,AHP,Physiologist,Critical Care & Anaesthesia,6,23.36,2023-05-19,2023-06-23,18.75,0.5,NMC,Fixed Term,On Leave,YJ848413,2027-03-27,RS937348,2029-01-22,2027-07-12,2023-06-09
EMP0226-20260913_210742,Nicole,Metcalfe,jackaustin@example.org,1985-06-24,(0161) 4960379,"Flat 07x
Robin Turnpike
Dobsonmouth
M8D 7NS",Female,Northwood Mental Health NHS Trust,Mixed,Trinidad and Tobago,ILR,Medical,Registrar,Critical Care & Anaesthesia,SPR,41.84,2020-03-04,2020-04-15,37.5,1.0,HCPC,Fixed Term,On Leave,VI498511,2027-05-11,VK077201,2029-07-27,2027-08-14,2020-03-25
EMP0227-20260913_210742,Brett,White,lynne65@example.com,1991-03-25,+441614960679,"359 Harriet Meadow
Abdulmouth
BR3 1NF",Male,Westmere Community Health NHS Trust,White,Canada,ILR,Nursing,Charge Nurse,Clinical Support Services,7,31.88,2021-01-13,2021-02-17,37.5,1.0,None,Permanent,Inactive,ZZ628933,2027-01-15,RE074730,2028-05-26,2027-04-21,2021-02-03
EMP0228-20260913_210742,Donald,Johnson,ysmith@example.net,1982-08-13,0118 4960517,"1 Murray Valleys
South Brettview
NN64 6YY",Male,Riverbank General Hospitals NHS Trust,Mixed,United States,British Citizen,AHP,Physiotherapist,Corporate Services,6,25.94,2026-08-31,2026-10-12,30.0,0.8,GMC,Bank,Active,MW322554,2027-06-24,CE873297,2026-11-07,2027-08-09,2026-09-21
EMP0229-20260913_210742,Marie,Hall,justinjones@example.com,1980-04-30,0121 4960329,"Studio 2
Danny Hill
Mollyfurt
LL3E 1NG",Male,Westmere Community Health NHS Trust,Black,Barbados,Skilled Worker,AHP,Physiotherapist,Surgery & Cancer,6,26.08,2020-07-03,2020-07-31,20.0,0.53,GMC,Fixed Term,Inactive,FM128624,2027-11-30,GW002370,2028-09-07,2027-03-04,2020-07-24
EMP0230-20260913_210742,Maria,Parker,ycooke@example.org,1993-12-11,+44116 496 0613,"2 Short Cliff
Thorntonmouth
W84 0DL",Male,Horizon Integrated Health Partnership NHS Trust,White,Canada,British Citizen,Nursing,Healthcare Assistant,Clinical Support Services,2,13.86,2020-06-17,2020-07-22,30.0,0.8,HCPC,Fixed Term,Inactive,YQ477693,2027-10-11,ZC819202,2029-06-27,2027-07-08,2020-07-08
EMP0231-20260913_210742,Christine,Brown,emorton@example.net,1961-02-25,+44808 1570531,"619 Eric Point
West Jodie
G51 4FA",Female,Westmere Community Health NHS Trust,Black,Jamaica,Dependent,Admin,Receptionist,Emergency & Urgent Care,3,16.38,2021-08-24,2021-09-28,18.75,0.5,GMC,Fixed Term,Suspended,KV086315,2029-10-28,VE094318,2028-07-27,2027-01-28,2021-09-14
EMP0232-20260913_210742,Eric,Carey,francesmatthews@example.net,1968-12-07,0306 999 0311,"3 Wells Via
Evanschester
SK7 5PW",Male,Westmere Community Health NHS Trust,White,United States,British Citizen,AHP,Pharmacist,Medicine & Acute Care,5,20.22,2020-11-08,2020-12-20,20.0,0.53,HCPC,Permanent,On Leave,LA745836,2030-02-07,ZZ152722,2026-12-09,2027-04-20,2020-11-29
EMP0233-20260913_210742,Victoria,Carter,ilee@example.org,1980-06-04,0909 8790992,"Flat 7
Caroline Bridge
South Johnchester
EN7 0SD",Male,Midlands Central Hospitals NHS Trust,Mixed,China,British Citizen,Medical,Consultant,Surgery & Cancer,CONS,63.27,2020-10-08,2020-11-19,30.0,0.8,HCPC,Bank,On Leave,PC516904,2027-06-09,EE302568,2031-01-07,2027-02-03,2020-10-29
EMP0234-20260913_210742,Ellie,King,davisholly@example.net,1982-12-24,+44909 8790700,"Studio 9
Amanda Hills
Port Vincent
M1 5ZD",Male,Oakridge Community Services NHS Trust,White,United States,ILR,AHP,Physiologist,Surgery & Cancer,6,27.71,2026-01-18,2026-03-01,30.0,0.8,NMC,Bank,On Leave,ZT209917,2027-07-21,FQ318883,2031-03-02,2027-08-14,2026-02-08
EMP0235-20260913_210742,Dylan,Bond,joan21@example.org,1964-12-29,+44(0)121 4960339,"Flat 56F
Williams Trace
South Holly
L2 1WP",Male,Hillcrest Medical Centres NHS Trust,Asian,India,Dependent,Medical,FY1/FY2,Medicine & Acute Care,FY1,21.49,2019-07-31,2019-09-11,18.75,0.5,HCPC,Fixed Term,Active,JH521337,2030-11-07,SO061748,2028-09-16,2027-04-23,2019-08-21
EMP0236-20260913_210742,Elaine,Frost,stanley32@example.net,1995-12-06,+44141 4960551,"Studio 93u
Clark Pass
Malcolmmouth
B3D 1JD",Female,Meadowbrook Community Health NHS Trust,White,United Kingdom,ILR,Admin,Administrator,Corporate Services,3,16.15,2018-11-11,2018-12-16,30.0,0.8,HCPC,Bank,On Leave,XY645337,2030-07-06,YY087805,2026-11-08,2027-01-20,2018-12-02
EMP0237-20260913_210742,Gerald,Marshall,woodcallum@example.org,1970-04-18,08081570618,"Studio 7
Lewis Garden
Scottmouth
LN29 0DZ",Female,Bluewater Community & Rehabilitation NHS Trust,Black,Ghana,Skilled Worker,Medical,Registrar,Surgery & Cancer,SPR,40.05,2021-07-22,2021-08-19,37.5,1.0,GMC,Fixed Term,On Leave,FM018686,2030-03-24,YC147482,2029-03-22,2027-04-11,2021-08-12
EMP0238-20260913_210742,Nicole,Webb,mitchellrobinson@example.com,2001-03-06,+44(0)1154960110,"Flat 00
Singh Row
Lake Howardview
ML9Y 4AD",Male,Greenhaven Acute & Specialist Care NHS Trust,Asian,India,ILR,AHP,Pharmacist,Emergency & Urgent Care,5,19.12,2024-11-16,2024-12-14,15.0,0.4,None,Permanent,Inactive,JT575319,2028-05-29,HX990367,2027-05-14,2027-04-25,2024-12-07
EMP0239-20260913_210742,Adrian,Glover,shortbruce@example.org,1981-12-18,(028) 9018673,"Flat 8
Vincent Trace
Holmesmouth
S21 9JD",Female,Oakridge Community Services NHS Trust,Asian,China,Skilled Worker,Nursing,Healthcare Assistant,Critical Care & Anaesthesia,2,12.99,2021-01-03,2021-02-07,37.5,1.0,GMC,Fixed Term,Inactive,XC173124,2030-10-07,CK315984,2031-07-16,2027-05-08,2021-01-24
EMP0240-20260913_210742,Neil,Cross,joan13@example.org,2003-02-26,0113 496 0559,"Flat 71J
Crawford Greens
Barnettfurt
M91 4XH",Female,Oakridge Community Services NHS Trust,Black,Jamaica,British Citizen,Medical,SHO,Surgery & Cancer,SHO,29.61,2018-11-16,2018-12-28,37.5,1.0,HCPC,Permanent,Inactive,CC253889,2028-10-05,HV987555,2027-04-08,2027-06-13,2018-12-07
EMP0241-20260913_210742,Eric,Burgess,erichardson@example.org,1992-05-09,+44(0)191 4960291,"2 Browne Lock
West Molly
LS8A 4LB",Male,Bluewater Community & Rehabilitation NHS Trust,Asian,India,Dependent,Admin,Receptionist,Clinical Support Services,3,13.88,2024-03-28,2024-04-25,30.0,0.8,GMC,Permanent,On Leave,OY244625,2030-10-30,PY091372,2028-06-16,2026-11-28,2024-04-18
EMP0242-20260913_210742,Kathryn,Hill,marshguy@example.com,1963-06-03,01214960444,"55 Julia Estates
Smithfort
TA6 3NP",Female,Bluewater Community & Rehabilitation NHS Trust,Mixed,Thailand,Skilled Worker,Medical,SHO,Corporate Services,SHO,29.88,2021-08-17,2021-09-28,30.0,0.8,NMC,Fixed Term,Inactive,TY043782,2031-05-29,MW343359,2031-01-31,2027-07-21,2021-09-07
EMP0243-20260913_210742,Grace,Morris,xbentley@example.net,2005-07-03,+4428 9018 0762,"Flat 2
Holland Rest
Austinmouth
BB97 4ZX",Male,Northshire University Hospitals NHS Trust,White,United Kingdom,ILR,AHP,Physiotherapist,Emergency & Urgent Care,6,25.61,2021-02-21,2021-03-21,18.75,0.5,HCPC,Bank,On Leave,TA274356,2030-11-01,DO719866,2028-09-23,2027-04-21,2021-03-14
EMP0244-20260913_210742,Marion,Jones,marcusrobinson@example.com,2008-03-24,0151 4960425,"2 Thomson Ferry
Lake Jodie
B8E 8SW",Male,Riverside Integrated Care NHS Trust,White,New Zealand,Dependent,Medical,Registrar,Medicine & Acute Care,SPR,33.79,2024-10-18,2024-11-15,15.0,0.4,HCPC,Bank,Inactive,XV373815,2028-03-15,YQ256279,2029-12-25,2027-01-07,2024-11-08
EMP0245-20260913_210742,Lisa,Jones,hussainrichard@example.org,1976-09-09,09098790936,"9 Duncan Plaza
Lake Alanfort
G4A 9GT",Male,Riverside Integrated Care NHS Trust,Mixed,Trinidad and Tobago,Dependent,Nursing,Nursery Nurse,Emergency & Urgent Care,2,13.32,2024-01-01,2024-01-29,15.0,0.4,None,Bank,Inactive,KV002631,2026-10-19,WX000024,2027-01-17,2027-06-12,2024-01-22
EMP0246-20260913_210742,Beth,Burrows,jamie40@example.com,1968-08-02,+44(0)29 2018303,"Studio 75
Kathryn Land
Watsonfurt
LD1 3LE",Male,Northshire University Hospitals NHS Trust,Asian,Japan,Dependent,Admin,Receptionist,Corporate Services,3,14.98,2026-07-31,2026-08-28,15.0,0.4,None,Fixed Term,Active,LM886853,2030-10-02,VR147704,2029-05-31,2027-06-29,2026-08-21
EMP0247-20260913_210742,Trevor,Sykes,ohart@example.net,1997-08-03,(0115)4960541,"8 Dominic Harbor
New Jade
M8G 8ZL",Male,Lakeside District Hospitals NHS Trust,Black,Nigeria,Skilled Worker,Nursing,Healthcare Assistant,Women & Children,2,14.0,2024-11-11,2024-12-09,30.0,0.8,HCPC,Fixed Term,Active,WH923522,2029-11-20,QW498771,2028-04-19,2026-10-13,2024-12-02
EMP0248-20260913_210742,Rosie,Taylor,rileyjennifer@example.com,2006-05-30,(0151) 4960017,"Studio 6
Jones Stravenue
Martinchester
CV2B 8NE",Female,Lakeside District Hospitals NHS Trust,Mixed,Barbados,British Citizen,AHP,Occupational Therapist,Women & Children,6,23.0,2019-02-19,2019-03-19,18.75,0.5,None,Bank,Active,MK174403,2027-05-12,QL261758,2030-05-27,2027-02-22,2019-03-12
EMP0249-20260913_210742,Lynn,Jackson,ronald89@example.com,1971-02-02,(0117)4960889,"4 Shah Court
West Stacey
E3B 2LY",Female,Riverbank General Hospitals NHS Trust,Black,Barbados,Skilled Worker,AHP,Pharmacist,Medicine & Acute Care,5,21.21,2018-02-20,2018-03-27,20.0,0.53,GMC,Permanent,Inactive,RB023176,2029-08-17,PL623017,2029-05-25,2027-04-01,2018-03-13
EMP0250-20260913_210742,Joyce,Lloyd,barkerkenneth@example.org,1969-01-23,+44(0)9098790671,"09 Tracy Locks
Helenshire
M1G 6HR",Male,Meadowbrook Community Health NHS Trust,Asian,Japan,Dependent,Medical,GP,Women & Children,GP,55.64,2019-06-26,2019-07-24,30.0,0.8,GMC,Fixed Term,On Leave,OL125901,2028-01-05,MI487960,2028-10-27,2027-03-19,2019-07-17
EMP0251-20260913_210742,George,Browne,millercarl@example.com,1986-02-11,+44(0)306 999 0200,"363 Max Mountains
Georginaview
BT2W 4EW",Male,Riverbank General Hospitals NHS Trust,Mixed,Japan,Dependent,Nursing,Senior Staff Nurse,Clinical Support Services,6,26.11,2022-05-24,2022-06-21,20.0,0.53,GMC,Fixed Term,Active,IP442162,2027-07-21,RD374472,2027-03-25,2027-05-08,2022-06-14
EMP0252-20260913_210742,Keith,Holt,laurenarnold@example.net,1998-10-25,+44(0)1632 960 815,"Flat 31S
Conor Meadows
Webbside
S92 9PG",Male,Meadowbrook Community Health NHS Trust,Asian,Japan,Dependent,Admin,Administrator,Clinical Support Services,3,14.54,2023-07-21,2023-08-25,18.75,0.5,HCPC,Bank,Active,KG430570,2027-03-09,ZX011902,2028-12-28,2027-08-04,2023-08-11
EMP0253-20260913_210742,Lynne,Smith,wayne29@example.com,1963-06-10,+44113 4960614,"25 Sheila Neck
Lewiston
W98 4WE",Male,Northshire University Hospitals NHS Trust,Mixed,South Africa,Skilled Worker,Admin,Receptionist,Emergency & Urgent Care,3,14.23,2016-09-20,2016-11-01,15.0,0.4,GMC,Bank,On Leave,ET107389,2030-06-18,IF544468,2026-11-11,2026-11-12,2016-10-11
EMP0254-20260913_210742,Leslie,Pearson,parkeralex@example.net,1991-05-12,(0118) 496 0063,"Studio 32n
Davis Falls
North Robinhaven
M48 1XX",Male,Northshire University Hospitals NHS Trust,Mixed,Trinidad and Tobago,Dependent,AHP,Pharmacist,Emergency & Urgent Care,5,20.56,2018-05-12,2018-06-23,37.5,1.0,HCPC,Permanent,Suspended,YE433237,2029-02-22,JW555555,2028-08-07,2026-11-22,2018-06-02
EMP0255-20260913_210742,Arthur,Spencer,hstevenson@example.org,1977-11-27,+44(0)808 157 0779,"7 Taylor Bridge
Bradleyhaven
IG6 0HJ",Male,Southgate Community & Mental Health NHS Trust,Mixed,Barbados,Skilled Worker,Admin,Receptionist,Emergency & Urgent Care,3,13.6,2025-09-30,2025-11-11,30.0,0.8,HCPC,Fixed Term,Active,BB205776,2027-12-01,AQ665806,2029-07-16,2027-03-01,2025-10-21
EMP0256-20260913_210742,Chloe,Baker,agraham@example.org,1988-01-19,0115 4960943,"Flat 93S
Sophie Grove
Callumchester
BH88 2AR",Female,Northshire University Hospitals NHS Trust,Mixed,Trinidad and Tobago,Dependent,Medical,Consultant,Women & Children,CONS,54.95,2024-04-21,2024-05-19,18.75,0.5,NMC,Fixed Term,Suspended,JV601180,2027-03-24,CI622556,2031-01-27,2026-10-07,2024-05-12
EMP0257-20260913_210742,Melissa,Turner,johnsonterry@example.net,1979-04-20,08081570004,"Studio 47v
Khan Row
North Julian
EH6B 5TG",Female,Northshire University Hospitals NHS Trust,Black,Barbados,Skilled Worker,AHP,Radiographer,Surgery & Cancer,6,22.82,2020-02-23,2020-03-29,20.0,0.53,GMC,Permanent,On Leave,XU026696,2027-11-16,WS279452,2030-08-12,2027-06-14,2020-03-15
EMP0258-20260913_210742,Elliott,Barlow,mariethompson@example.org,1986-05-11,0151 4960060,"9 Hannah Bridge
North Natasha
N3C 3PT",Female,Bluewater Community & Rehabilitation NHS Trust,Black,Kenya,Dependent,Nursing,Staff Nurse,Emergency & Urgent Care,5,19.56,2021-02-25,2021-04-01,30.0,0.8,GMC,Bank,Suspended,UN532553,2026-11-04,SD222490,2027-08-31,2026-10-21,2021-03-18
EMP0259-20260913_210742,Jemma,McKenzie,paulinemorris@example.org,1971-05-30,01632960026,"Flat 55
Connor Terrace
West Helen
NN3 4PZ",Female,Southgate Community & Mental Health NHS Trust,Black,South Africa,British Citizen,Admin,Medical Secretary,Corporate Services,4,18.1,2024-05-27,2024-06-24,37.5,1.0,GMC,Permanent,On Leave,NN270843,2029-01-27,AO641801,2026-10-22,2027-03-04,2024-06-17
EMP0260-20260913_210742,Adrian,Cooper,nwatts@example.net,1970-02-10,(0909)8790458,"09 Williamson Glens
West Albertport
SG12 6NJ",Male,Westmere Community Health NHS Trust,Mixed,Canada,ILR,Medical,FY1/FY2,Medicine & Acute Care,FY1,20.74,2020-05-11,2020-06-15,30.0,0.8,None,Permanent,On Leave,BC386788,2029-06-16,UD934394,2028-01-18,2026-10-02,2020-06-01
EMP0261-20260913_210742,Carolyn,Wade,michael11@example.net,1992-11-06,+442074960147,"Flat 9
Howard Vista
Port Leon
NE14 8PN",Female,Horizon Integrated Health Partnership NHS Trust,Asian,Japan,Skilled Worker,AHP,Physiotherapist,Emergency & Urgent Care,6,24.8,2018-05-23,2018-06-27,20.0,0.53,GMC,Bank,Suspended,WQ751424,2028-10-09,PO743668,2027-08-08,2026-09-13,2018-06-13
EMP0262-20260913_210742,Tracy,Cooper,moorejoseph@example.org,1989-02-25,(0121) 496 0980,"Flat 2
Simon Summit
Port Christopher
S2 5PL",Female,Riverside Integrated Care NHS Trust,Black,Ghana,British Citizen,Medical,FY1/FY2,Surgery & Cancer,FY1,18.92,2021-03-14,2021-04-11,15.0,0.4,NMC,Fixed Term,Inactive,JG455491,2028-05-18,BL114223,2030-04-21,2027-08-31,2021-04-04
EMP0263-20260913_210742,Patrick,Jones,markhudson@example.net,2004-08-21,+4429 2018124,"Studio 46
Cooper Common
Trevormouth
G0B 8YP",Female,Greenhaven Acute & Specialist Care NHS Trust,White,Canada,Skilled Worker,Nursing,Nursery Nurse,Critical Care & Anaesthesia,2,13.18,2019-06-13,2019-07-18,20.0,0.53,NMC,Permanent,Inactive,XC440829,2027-04-04,LT389340,2031-06-03,2027-08-28,2019-07-04
EMP0264-20260913_210742,Jay,Wallis,hughesaimee@example.org,2006-10-11,(0191)4960225,"3 Taylor Trafficway
New Mark
WD4Y 6LB",Male,Westborough Acute Care NHS Trust,White,Canada,Skilled Worker,Medical,GP,Medicine & Acute Care,GP,59.89,2019-08-03,2019-09-14,30.0,0.8,HCPC,Fixed Term,Suspended,CE362914,2028-03-18,ZF049885,2028-04-27,2026-09-29,2019-08-24
EMP0265-20260913_210742,Leslie,Payne,wwilkinson@example.org,1984-05-04,0115 496 0963,"Flat 19
Wilkinson Common
Bennettmouth
SE4 2JT",Male,Westmere Community Health NHS Trust,Asian,Japan,British Citizen,Nursing,Healthcare Assistant,Corporate Services,2,12.8,2021-12-19,2022-01-30,30.0,0.8,HCPC,Permanent,Inactive,IZ478034,2028-07-27,AE869019,2030-08-26,2027-04-25,2022-01-09
EMP0266-20260913_210742,Conor,Manning,pwalsh@example.net,1971-11-11,028 9018312,"Studio 2
Edwards Skyway
Norrishaven
WS6 5NX",Female,Oakridge Community Services NHS Trust,White,Canada,British Citizen,Nursing,Ward Manager,Critical Care & Anaesthesia,8A,30.22,2020-01-10,2020-02-07,30.0,0.8,None,Permanent,Inactive,TK296939,2027-05-20,LE629007,2031-08-06,2027-08-11,2020-01-31
EMP0267-20260913_210742,June,Davies,mevans@example.com,1966-03-27,+441614960320,"74 Holland Union
Ameliamouth
CH2 9GG",Male,Eastfield Psychological Services NHS Trust,Asian,Japan,ILR,Medical,FY1/FY2,Emergency & Urgent Care,FY1,19.96,2019-10-24,2019-11-21,37.5,1.0,NMC,Bank,Inactive,MR565169,2027-05-11,MK247992,2028-07-08,2027-04-21,2019-11-14
EMP0268-20260913_210742,Victor,Green,callumbegum@example.com,1986-07-08,01154960995,"06 Ali Loop
Dianaton
S5 8QR",Male,Midlands Central Hospitals NHS Trust,Mixed,Nigeria,Skilled Worker,Medical,GP,Women & Children,GP,47.88,2020-08-28,2020-10-02,18.75,0.5,None,Bank,Active,ZX786907,2031-06-29,TN466940,2027-05-10,2027-04-12,2020-09-18
EMP0269-20260913_210742,Adam,Hooper,flloyd@example.org,1963-01-08,(0191)4960101,"49 Powell Well
West Mathewside
LL1X 6HR",Female,Meadowbrook Community Health NHS Trust,Mixed,United Kingdom,Skilled Worker,Medical,Registrar,Clinical Support Services,SPR,42.35,2023-04-14,2023-05-19,18.75,0.5,GMC,Permanent,Active,NN702228,2026-12-25,YY279480,2029-02-07,2027-04-09,2023-05-05
EMP0270-20260913_210742,Natasha,Brown,lsmith@example.org,1970-06-27,+44118 4960313,"Studio 92L
Kevin Hollow
New Irene
BD3H 5TG",Male,Eastmoor Teaching Hospitals NHS Trust,White,Canada,British Citizen,Admin,Data Analyst,Corporate Services,8A,31.49,2023-08-01,2023-09-05,15.0,0.4,NMC,Bank,Suspended,PV718144,2030-10-13,RD683373,2030-12-26,2027-03-10,2023-08-22
EMP0271-20260913_210742,Paige,Griffiths,hughesmaria@example.com,1962-05-21,+4429 2018 0375,"Flat 7
Jade Plains
New Connorstad
S47 7BN",Male,Bluewater Community & Rehabilitation NHS Trust,White,New Zealand,ILR,Admin,Medical Secretary,Corporate Services,4,18.62,2021-12-18,2022-01-29,30.0,0.8,GMC,Bank,Suspended,LY306417,2028-04-03,SW351309,2027-03-31,2027-06-29,2022-01-08
EMP0272-20260913_210742,Deborah,Kirk,stephensonamber@example.com,2001-10-06,+44(0)113 4960749,"942 Little Skyway
Howemouth
TD5 4NZ",Male,Northshire University Hospitals NHS Trust,Mixed,United States,British Citizen,Nursing,Nursery Nurse,Critical Care & Anaesthesia,2,14.31,2017-02-06,2017-03-20,37.5,1.0,HCPC,Fixed Term,Inactive,IU198971,2027-09-28,JP005083,2028-01-20,2027-06-18,2017-02-27
EMP0273-20260913_210742,Mohamed,Robinson,ellie95@example.org,1993-08-31,+44909 879 0799,"682 Kerr Bridge
South Garryside
HU2A 3LA",Female,Horizon Integrated Health Partnership NHS Trust,Black,Jamaica,Dependent,Nursing,Staff Nurse,Clinical Support Services,5,20.41,2025-07-13,2025-08-24,20.0,0.53,NMC,Fixed Term,Inactive,MG431717,2027-08-22,HE791632,2028-05-28,2026-12-26,2025-08-03
EMP0274-20260913_210742,Ross,Morgan,ruth06@example.com,1974-02-01,(0131)4960378,"120 Howells River
North Lisafurt
HS2E 4PJ",Female,Midlands Central Hospitals NHS Trust,White,United Kingdom,British Citizen,Medical,FY1/FY2,Clinical Support Services,FY1,20.96,2020-08-30,2020-10-11,30.0,0.8,GMC,Fixed Term,Inactive,NK481097,2027-10-01,GN607068,2026-10-02,2027-06-18,2020-09-20
EMP0275-20260913_210742,Kayleigh,Anderson,begumelaine@example.com,2002-05-15,(0131) 496 0086,"692 Cameron Road
Lake Roy
G40 6LB",Female,Midlands Central Hospitals NHS Trust,Black,Ghana,ILR,Nursing,Staff Nurse,Critical Care & Anaesthesia,5,20.74,2025-03-08,2025-04-05,30.0,0.8,GMC,Fixed Term,On Leave,TO669037,2031-03-10,KL951456,2030-11-14,2027-07-13,2025-03-29
EMP0276-20260913_210742,Debra,Franklin,kirstyross@example.net,1993-01-30,+44(0)1144960401,"Flat 98X
Frank Park
West Gareth
B7 6AP",Male,Horizon Integrated Health Partnership NHS Trust,Mixed,United Kingdom,Skilled Worker,Admin,Data Analyst,Critical Care & Anaesthesia,8A,29.13,2018-12-28,2019-02-08,30.0,0.8,NMC,Bank,On Leave,YS000929,2027-01-18,RO750196,2029-10-20,2027-01-20,2019-01-18
EMP0277-20260913_210742,George,Ellis,janet03@example.com,2005-10-05,(029) 2018 0558,"6 Rebecca Freeway
North Callum
MK0 5JQ",Male,Riverbank General Hospitals NHS Trust,Black,Nigeria,Dependent,Nursing,Staff Nurse,Medicine & Acute Care,5,20.72,2023-12-20,2024-01-17,15.0,0.4,None,Permanent,Inactive,IQ584243,2027-09-25,HL283863,2027-06-15,2027-02-07,2024-01-10
EMP0278-20260913_210742,Elliott,Gibson,leanne03@example.org,1979-03-05,01314960265,"1 Ross Station
Port Jamie
DA2 7PE",Female,Midlands Central Hospitals NHS Trust,Asian,India,Dependent,Nursing,Ward Manager,Women & Children,8A,31.9,2019-08-11,2019-09-08,30.0,0.8,HCPC,Permanent,Inactive,HB392645,2028-08-06,GO142816,2029-01-02,2027-05-19,2019-09-01
EMP0279-20260913_210742,Jay,Bryant,vfaulkner@example.net,1981-04-21,(0909)8790446,"2 Bryan Parkways
Jacobburgh
BL0 2DU",Male,Midlands Central Hospitals NHS Trust,White,United Kingdom,Skilled Worker,Admin,Data Analyst,Emergency & Urgent Care,8A,30.39,2018-08-11,2018-09-22,18.75,0.5,NMC,Bank,Inactive,MQ928698,2030-01-20,AJ901747,2030-01-11,2026-09-19,2018-09-01
EMP0280-20260913_210742,Jill,Naylor,daleward@example.net,1962-03-09,+44(0)909 8790189,"Studio 76S
Owen Ford
Port Joebury
B21 1GH",Male,Bluewater Community & Rehabilitation NHS Trust,Asian,India,ILR,Medical,FY1/FY2,Women & Children,FY1,21.51,2018-04-19,2018-05-24,30.0,0.8,None,Fixed Term,Suspended,IY803565,2031-06-16,YF387379,2029-07-15,2027-08-04,2018-05-10
EMP0281-20260913_210742,Laura,Saunders,louisroberts@example.net,1997-05-13,+44113 4960834,"Flat 58B
Charlene Ridge
Lake Sean
AB09 9QS",Male,Meadowbrook Community Health NHS Trust,Black,Trinidad and Tobago,Dependent,AHP,Physiologist,Medicine & Acute Care,6,23.23,2020-05-09,2020-06-13,15.0,0.4,None,Permanent,Active,AJ494338,2029-02-10,UO850900,2029-08-06,2026-10-09,2020-05-30
EMP0282-20260913_210742,Thomas,Reid,mark89@example.net,1984-10-25,(0161) 496 0210,"Studio 78F
Brenda Summit
Leonardmouth
KW3 5HB",Female,Oakridge Community Services NHS Trust,Black,Jamaica,British Citizen,AHP,Physiologist,Surgery & Cancer,6,26.6,2025-08-31,2025-10-12,30.0,0.8,NMC,Permanent,On Leave,DU048730,2030-08-05,RM787627,2030-10-27,2026-11-15,2025-09-21
EMP0283-20260913_210742,Rosie,Dickinson,martinbryan@example.org,1964-08-28,020 7946 0212,"Studio 7
Paige Isle
Leighburgh
N6E 6UQ",Female,Northwood Mental Health NHS Trust,White,New Zealand,Dependent,Medical,GP,Emergency & Urgent Care,GP,50.19,2020-11-10,2020-12-22,37.5,1.0,NMC,Bank,Active,RE526246,2029-03-05,JG219376,2029-11-14,2027-05-11,2020-12-01
EMP0284-20260913_210742,Alice,Roberts,john79@example.org,1976-10-05,(028) 9018189,"5 Carl Loop
Port Tina
S2 5XJ",Female,Southvale Hospitals NHS Trust,White,Canada,British Citizen,AHP,Radiographer,Critical Care & Anaesthesia,6,24.89,2020-04-03,2020-05-08,15.0,0.4,NMC,Fixed Term,Suspended,CK827824,2031-06-13,EX119473,2030-06-22,2026-09-21,2020-04-24
EMP0285-20260913_210742,Judith,Cook,rebecca41@example.net,2004-12-10,(0808) 1570329,"7 Laura Cliff
Joshuabury
LA9A 0WW",Male,Riverbank General Hospitals NHS Trust,Mixed,China,Dependent,Medical,Consultant,Emergency & Urgent Care,CONS,70.81,2021-03-23,2021-05-04,18.75,0.5,GMC,Permanent,Inactive,OP607444,2027-11-23,JQ683651,2027-08-07,2027-08-07,2021-04-13
EMP0286-20260913_210742,Joanna,Ali,kennethhiggins@example.org,1976-12-05,+44808 157 0251,"Studio 6
Fry Island
Middletonshire
G7D 3WB",Male,Southgate Community & Mental Health NHS Trust,Black,South Africa,ILR,Medical,SHO,Corporate Services,SHO,24.01,2016-12-04,2017-01-15,15.0,0.4,NMC,Bank,Suspended,MI677768,2027-09-10,VH660309,2027-11-03,2026-11-10,2016-12-25
EMP0287-20260913_210742,Russell,Wilson,amanda84@example.com,2002-03-11,020 7946 0934,"Flat 27
Edwards Mall
Powerside
CR78 6YX",Male,Hillcrest Medical Centres NHS Trust,White,Australia,ILR,Medical,Consultant,Medicine & Acute Care,CONS,50.47,2023-12-09,2024-01-20,30.0,0.8,GMC,Bank,On Leave,CQ239262,2028-04-27,EE736383,2030-01-11,2027-08-15,2023-12-30
EMP0288-20260913_210742,Dorothy,Hughes,fgill@example.com,1976-11-14,(01632) 960079,"069 Collier Gardens
South Marcmouth
B88 8DH",Male,Southgate Community & Mental Health NHS Trust,White,United States,Skilled Worker,Medical,GP,Clinical Support Services,GP,60.8,2018-03-20,2018-05-01,15.0,0.4,None,Permanent,On Leave,GF341854,2031-08-20,EV487532,2029-11-22,2026-12-06,2018-04-10
EMP0289-20260913_210742,Katherine,Kay,jenningsmitchell@example.org,1995-11-17,01632 960762,"Studio 89i
Benjamin Drive
Vanessabury
TF2B 5LB",Female,Eastfield Psychological Services NHS Trust,White,United States,British Citizen,Medical,Registrar,Medicine & Acute Care,SPR,42.01,2019-06-09,2019-07-14,15.0,0.4,GMC,Permanent,Active,KW370233,2027-09-02,NG455662,2028-04-11,2026-11-24,2019-06-30
EMP0290-20260913_210742,Louis,Knight,john03@example.org,1981-07-02,+44(0)1184960539,"Studio 13n
Dawson Inlet
Laurenmouth
NR4 3YL",Female,Meadowbrook Community Health NHS Trust,White,Canada,Skilled Worker,Nursing,Staff Nurse,Clinical Support Services,5,19.15,2022-04-17,2022-05-15,15.0,0.4,HCPC,Permanent,Active,KR066939,2030-05-01,CC087417,2027-12-21,2027-07-15,2022-05-08
EMP0291-20260913_210742,Sarah,Morgan,ross66@example.net,1985-08-23,+44(0)1164960243,"Flat 88b
Sykes Isle
Perkinsport
TN82 3FY",Female,Eastfield Psychological Services NHS Trust,Mixed,Japan,ILR,Admin,Medical Secretary,Women & Children,4,17.35,2018-05-21,2018-06-18,15.0,0.4,HCPC,Fixed Term,On Leave,SC973501,2030-08-29,HD769730,2029-05-14,2027-03-12,2018-06-11
EMP0292-20260913_210742,Molly,Norman,batesrachael@example.net,1970-12-30,+44115 496 0356,"Flat 60O
Smith Valley
Port Lauren
GU10 1JJ",Male,Valleyview Mental Wellness NHS Trust,Asian,India,Dependent,Nursing,Senior Staff Nurse,Clinical Support Services,6,27.11,2024-07-18,2024-08-22,20.0,0.53,None,Bank,Suspended,ZP441764,2030-06-29,PN730570,2026-10-28,2026-10-24,2024-08-08
EMP0293-20260913_210742,Maureen,Taylor,hollie75@example.com,1984-05-27,029 2018343,"Studio 3
Brown Circle
New Staceyland
EN9N 0DQ",Female,Lakeside District Hospitals NHS Trust,Black,Nigeria,Dependent,AHP,Physiologist,Emergency & Urgent Care,6,26.59,2020-03-12,2020-04-09,20.0,0.53,None,Permanent,On Leave,RY506381,2030-06-09,OG304688,2028-11-01,2027-09-04,2020-04-02
EMP0294-20260913_210742,Darren,Wilson,ryanwright@example.org,2007-03-21,(028)9018710,"859 Vincent Vista
West Lydia
LD3Y 6RF",Male,Westborough Acute Care NHS Trust,Mixed,South Africa,ILR,Medical,FY1/FY2,Medicine & Acute Care,FY1,21.15,2025-10-23,2025-11-20,20.0,0.53,GMC,Fixed Term,On Leave,WD549576,2029-03-13,TH200674,2030-06-03,2027-03-08,2025-11-13
EMP0295-20260913_210742,Kim,Weston,pageeric@example.net,1964-04-21,+44306 9990750,"Flat 59
Newman Plain
North Annborough
N1 4QE",Male,Northwood Mental Health NHS Trust,White,United States,Dependent,Admin,Administrator,Corporate Services,3,13.63,2026-01-01,2026-02-12,15.0,0.4,GMC,Permanent,On Leave,IK139681,2029-09-07,WZ600988,2031-04-25,2027-06-10,2026-01-22
EMP0296-20260913_210742,Yvonne,O'Sullivan,trevor99@example.org,1968-12-05,01174960109,"Flat 1
Rhodes Locks
Lake Clareside
NE5 5HU",Male,Riverside Integrated Care NHS Trust,Mixed,China,Dependent,Admin,Administrator,Emergency & Urgent Care,3,15.92,2025-08-23,2025-09-20,30.0,0.8,GMC,Permanent,Active,QA074711,2030-01-16,TC533797,2029-07-22,2027-06-24,2025-09-13
EMP0297-20260913_210742,Julie,O'Neill,diana07@example.com,1962-12-14,+44(0)191 496 0827,"Studio 97J
Nigel Haven
New Sheilaberg
N2B 5DF",Female,Midlands Central Hospitals NHS Trust,White,United Kingdom,Skilled Worker,AHP,Speech Therapist,Emergency & Urgent Care,6,27.98,2018-08-10,2018-09-14,37.5,1.0,NMC,Bank,Inactive,MO691271,2028-12-12,HL246879,2031-03-17,2026-12-06,2018-08-31
EMP0298-20260913_210742,Wayne,Chandler,nwilliams@example.net,2005-02-25,0118 4960396,"848 Frank Fields
North Glen
ST6 0ES",Female,Eastmoor Teaching Hospitals NHS Trust,Mixed,Trinidad and Tobago,Skilled Worker,Admin,Medical Secretary,Medicine & Acute Care,4,15.44,2025-07-02,2025-08-13,37.5,1.0,None,Permanent,Inactive,AY962078,2031-06-16,PD707862,2029-07-08,2027-08-18,2025-07-23
EMP0299-20260913_210742,Sylvia,O'Neill,kmorgan@example.com,1974-09-07,+44116 496 0902,"998 Bray Union
Mistrytown
CM8P 3RA",Male,Hillcrest Medical Centres NHS Trust,White,United Kingdom,ILR,Medical,Consultant,Emergency & Urgent Care,CONS,67.87,2026-01-31,2026-03-07,18.75,0.5,GMC,Permanent,On Leave,YJ182196,2027-04-11,XI607308,2028-02-03,2026-11-18,2026-02-21
EMP0300-20260913_210742,Terence,Fisher,clarkedamien@example.com,1978-04-28,+44(0)28 9018718,"30 Parsons Street
North Ronald
W6C 3XG",Female,Lakeside District Hospitals NHS Trust,White,United Kingdom,ILR,Nursing,Ward Manager,Women & Children,8A,34.49,2018-01-27,2018-02-24,18.75,0.5,HCPC,Bank,On Leave,OO662090,2030-04-24,HB725532,2026-10-17,2026-11-09,2018-02-17
EMP0301-20260913_210742,Samantha,Jones,leighhall@example.org,2002-03-12,(0808) 1570719,"513 Rachael Lock
Hughesberg
DA40 5ZF",Female,Hillcrest Medical Centres NHS Trust,Black,South Africa,British Citizen,Admin,Receptionist,Clinical Support Services,3,15.0,2019-08-28,2019-09-25,37.5,1.0,GMC,Permanent,Suspended,ZQ341918,2027-09-19,CG726296,2028-08-19,2026-12-14,2019-09-18
EMP0302-20260913_210742,Melanie,Williams,jonesdawn@example.net,1974-04-16,+44(0)131 4960449,"2 Griffiths Coves
Brookeston
LD19 7NX",Female,Broadfield Clinical Services NHS Trust,Black,South Africa,ILR,Medical,GP,Emergency & Urgent Care,GP,56.72,2023-10-11,2023-11-15,37.5,1.0,None,Permanent,On Leave,BB864141,2028-02-06,HG131412,2029-12-04,2027-09-12,2023-11-01
EMP0303-20260913_210742,Dylan,Bowen,jenna95@example.org,1961-12-28,+448081570641,"29 Robinson Falls
Wrightstad
GY7 6HE",Male,Horizon Integrated Health Partnership NHS Trust,Mixed,New Zealand,ILR,Admin,Medical Secretary,Emergency & Urgent Care,4,17.01,2019-06-18,2019-07-16,18.75,0.5,HCPC,Fixed Term,Suspended,QN348783,2030-10-06,WC120824,2027-02-18,2027-04-07,2019-07-09
EMP0304-20260913_210742,Alison,Hayes,dclarke@example.net,1972-02-29,+44(0)1134960106,"Studio 86s
Mason Underpass
Andrewschester
SG3 5ZE",Male,Oakridge Community Services NHS Trust,Black,Barbados,Skilled Worker,Nursing,Healthcare Assistant,Clinical Support Services,2,12.51,2021-03-29,2021-05-10,20.0,0.53,NMC,Permanent,Active,RJ234908,2026-11-28,LG176137,2027-02-26,2027-06-25,2021-04-19
EMP0305-20260913_210742,Carole,Williams,hayesrita@example.com,1994-11-22,(0116) 496 0599,"997 Maria Prairie
Lake Tonymouth
M3 6AN",Male,Riverbank General Hospitals NHS Trust,Asian,China,ILR,AHP,Occupational Therapist,Emergency & Urgent Care,6,28.07,2026-07-16,2026-08-20,37.5,1.0,NMC,Bank,Inactive,XO544646,2026-11-17,WP927655,2029-10-05,2027-04-19,2026-08-06
EMP0306-20260913_210742,Damian,Barker,lindseybaker@example.net,1969-04-09,+44306 9990707,"342 Ashton Ports
North Leonberg
B4 6HA",Male,Lakeside District Hospitals NHS Trust,Asian,India,ILR,Admin,Medical Secretary,Women & Children,4,17.49,2020-02-19,2020-04-01,30.0,0.8,GMC,Permanent,Inactive,YV695304,2030-08-31,LS985710,2027-05-15,2027-09-06,2020-03-11
EMP0307-20260913_210742,Caroline,Harrison,klewis@example.net,1977-07-06,+44114 496 0866,"74 Anne Crossroad
West Peterport
YO47 8YT",Female,Eastmoor Teaching Hospitals NHS Trust,Asian,Japan,ILR,AHP,Physiotherapist,Critical Care & Anaesthesia,6,24.04,2025-02-23,2025-03-23,18.75,0.5,HCPC,Fixed Term,Suspended,OE156017,2030-04-14,IE262870,2027-06-26,2026-12-20,2025-03-16
EMP0308-20260913_210742,Joanne,Bruce,shane20@example.net,1995-08-12,0151 4960902,"Studio 4
Natasha Ramp
Lake Stanleyshire
L3C 3WZ",Male,Bluewater Community & Rehabilitation NHS Trust,Asian,India,Dependent,AHP,Physiotherapist,Surgery & Cancer,6,26.1,2022-02-15,2022-03-15,20.0,0.53,None,Bank,Inactive,KD923224,2029-04-23,KJ252527,2031-04-29,2027-02-06,2022-03-08
EMP0309-20260913_210742,Tina,Johnson,wwalker@example.org,1977-08-14,+44(0)29 2018 0792,"59 Saunders Alley
Jackhaven
M81 0RT",Female,Southgate Community & Mental Health NHS Trust,Black,Kenya,Dependent,AHP,Occupational Therapist,Surgery & Cancer,6,23.21,2018-11-11,2018-12-09,20.0,0.53,GMC,Fixed Term,Suspended,KK858758,2027-11-07,HS916948,2030-05-09,2027-05-26,2018-12-02
EMP0310-20260913_210742,Frank,Jones,rpollard@example.org,1987-09-30,(0191) 4960064,"Flat 4
Rees Ways
New Jonathan
L1 7PN",Female,Riverbank General Hospitals NHS Trust,Black,Ghana,Skilled Worker,Medical,GP,Emergency & Urgent Care,GP,57.5,2026-02-28,2026-04-04,20.0,0.53,None,Fixed Term,Suspended,MV890662,2031-08-12,LV691997,2029-12-25,2026-09-13,2026-03-21
EMP0311-20260913_210742,Jane,Hawkins,oburton@example.com,1961-09-30,01134960416,"138 Francis Village
Shaunland
CA7 2EG",Female,Valleyview Mental Wellness NHS Trust,Mixed,Kenya,Dependent,Medical,Registrar,Women & Children,SPR,36.34,2018-03-05,2018-04-09,30.0,0.8,HCPC,Bank,Suspended,OD959365,2028-04-05,VU898262,2029-04-02,2026-09-20,2018-03-26
EMP0312-20260913_210742,Danielle,Wood,cliffordburgess@example.net,1996-03-15,+443069990129,"3 Jones Streets
Port Hayleybury
G1D 2BA",Female,Hillcrest Medical Centres NHS Trust,White,United Kingdom,Skilled Worker,Medical,GP,Clinical Support Services,GP,49.73,2025-01-22,2025-02-19,15.0,0.4,None,Permanent,Active,XY488836,2028-03-27,MK755516,2029-09-03,2026-11-01,2025-02-12
EMP0313-20260913_210742,Joyce,Jones,charlessmith@example.net,2003-08-01,(0808) 157 0888,"594 Rosemary Mall
Lydiahaven
GY78 0FH",Male,Southvale Hospitals NHS Trust,Asian,Japan,ILR,AHP,Speech Therapist,Clinical Support Services,6,26.71,2017-10-26,2017-11-23,18.75,0.5,None,Permanent,On Leave,JO183472,2028-04-02,CR401542,2027-02-16,2027-08-12,2017-11-16
EMP0314-20260913_210742,Gail,Brown,dylanmatthews@example.org,1968-01-27,(0141)4960554,"Flat 42
Anne Garden
Lorraineland
L2 1SH",Female,Northwood Mental Health NHS Trust,White,United Kingdom,ILR,AHP,Occupational Therapist,Clinical Support Services,6,23.71,2024-03-03,2024-04-07,20.0,0.53,GMC,Bank,Suspended,LP451186,2026-12-22,LP082039,2027-11-22,2026-11-03,2024-03-24
EMP0315-20260913_210742,Rachel,Gibbons,robin75@example.org,1961-01-18,(0114)4960529,"Studio 7
Walker Dale
East Daniel
L4S 7NL",Male,Southvale Hospitals NHS Trust,Black,Kenya,British Citizen,Admin,Administrator,Surgery & Cancer,3,14.83,2023-04-19,2023-05-24,18.75,0.5,HCPC,Bank,Active,HT388449,2030-04-30,XN046968,2029-06-09,2027-01-22,2023-05-10
EMP0316-20260913_210742,Jasmine,Riley,derekarcher@example.org,1992-05-21,+44(0)115 4960475,"Flat 9
Fiona Locks
Lake Amber
TF32 8HU",Female,Valleyview Mental Wellness NHS Trust,Asian,India,ILR,AHP,Physiologist,Women & Children,6,22.63,2020-01-12,2020-02-16,37.5,1.0,None,Bank,Suspended,CD279659,2031-03-11,LD908231,2030-06-23,2027-09-09,2020-02-02
EMP0317-20260913_210742,Joel,Simpson,clifford71@example.com,1984-03-03,(0191) 4960116,"477 Albert Rest
North Ashleymouth
CV2 1YL",Female,Riverbank General Hospitals NHS Trust,White,United States,Dependent,Medical,SHO,Emergency & Urgent Care,SHO,29.52,2019-06-07,2019-07-12,18.75,0.5,NMC,Bank,On Leave,FS652183,2029-12-24,LT434261,2027-05-20,2026-10-14,2019-06-28
EMP0318-20260913_210742,Amy,Fisher,dunnjohn@example.net,1987-07-30,028 9018 0630,"Studio 57
Nicole Point
Port Sallyhaven
E4 8RA",Male,Bluewater Community & Rehabilitation NHS Trust,White,Canada,Skilled Worker,Medical,SHO,Women & Children,SHO,29.73,2026-01-06,2026-02-17,18.75,0.5,NMC,Bank,Active,XR452878,2030-03-26,IW273120,2028-05-26,2027-07-04,2026-01-27
EMP0319-20260913_210742,Bernard,Ward,williamscarol@example.org,1998-01-05,+441632 960461,"8 Harrison Ville
Douglasmouth
TQ5M 6RF",Male,Eastmoor Teaching Hospitals NHS Trust,Asian,China,British Citizen,Admin,Receptionist,Clinical Support Services,3,15.78,2022-11-09,2022-12-14,20.0,0.53,GMC,Fixed Term,Active,ZG844651,2029-11-24,RW602467,2027-09-14,2027-07-15,2022-11-30
EMP0320-20260913_210742,Russell,Clark,kerrfrederick@example.com,2000-07-24,01144960306,"906 Russell Crossing
West Anna
EX6 1PT",Female,Southvale Hospitals NHS Trust,Mixed,India,Skilled Worker,Medical,GP,Critical Care & Anaesthesia,GP,47.62,2023-12-17,2024-01-21,20.0,0.53,None,Permanent,Inactive,WG469717,2031-04-16,WC457484,2028-04-26,2027-07-31,2024-01-07
EMP0321-20260913_210742,Marie,Jones,kirstyhayward@example.net,1978-03-11,(0121)4960253,"Studio 81s
Holly Run
Macdonaldfort
EN49 4ZR",Female,Meadowbrook Community Health NHS Trust,Mixed,South Africa,ILR,Admin,Receptionist,Women & Children,3,14.79,2019-05-18,2019-06-22,18.75,0.5,NMC,Permanent,Inactive,SN659055,2030-12-18,ZE502377,2027-11-30,2026-12-01,2019-06-08
EMP0322-20260913_210742,Marcus,Davies,gbanks@example.com,1997-04-27,+44(0)289018263,"Studio 40q
Marc Ranch
Lake Brendahaven
TD2 1RX",Male,Hillcrest Medical Centres NHS Trust,White,New Zealand,British Citizen,Medical,Consultant,Critical Care & Anaesthesia,CONS,56.04,2018-09-12,2018-10-10,37.5,1.0,HCPC,Fixed Term,Suspended,EI376180,2028-11-12,UA855224,2029-03-16,2027-06-26,2018-10-03
EMP0323-20260913_210742,Bernard,Scott,karl42@example.net,1988-04-20,+44(0)118 4960692,"788 Janet Heights
New Beverley
S8 6NX",Male,Eastmoor Teaching Hospitals NHS Trust,White,Canada,ILR,Medical,FY1/FY2,Surgery & Cancer,FY1,21.28,2020-07-12,2020-08-16,20.0,0.53,None,Fixed Term,Inactive,FZ131668,2030-07-31,DS258276,2031-02-14,2026-10-23,2020-08-02
EMP0324-20260913_210742,Grace,Patel,nicholashayes@example.net,1977-12-02,0191 4960109,"659 Griffiths Place
Gordonview
RM6H 7XD",Male,Northshire University Hospitals NHS Trust,Mixed,India,ILR,AHP,Occupational Therapist,Emergency & Urgent Care,6,22.92,2021-03-11,2021-04-15,15.0,0.4,GMC,Permanent,Inactive,YB658539,2029-12-24,DO243459,2029-11-27,2027-04-29,2021-04-01
EMP0325-20260913_210742,Daniel,Allan,christine55@example.net,1973-05-14,+44(0)115 4960435,"987 Ann Harbors
Anneberg
G51 9FB",Male,Oakridge Community Services NHS Trust,Mixed,Canada,Dependent,Nursing,Nursery Nurse,Emergency & Urgent Care,2,12.87,2026-04-07,2026-05-12,15.0,0.4,None,Bank,Active,LB783215,2030-09-02,FU101018,2028-10-24,2027-07-20,2026-04-28
EMP0326-20260913_210742,Roger,Hardy,dannylaw@example.net,1984-08-23,+44(0)115 4960479,"2 Jackson Cliff
Brownview
CO7E 8FQ",Female,Meadowbrook Community Health NHS Trust,Mixed,India,Skilled Worker,Medical,Consultant,Medicine & Acute Care,CONS,65.35,2025-03-11,2025-04-22,15.0,0.4,GMC,Bank,Active,WH832535,2029-07-14,DO825509,2027-11-02,2027-02-03,2025-04-01
EMP0327-20260913_210742,Mohamed,Davies,staceyfreeman@example.com,1982-10-26,(028) 9018 0248,"262 Georgina Avenue
Port Gillian
E7 1WD",Male,Bluewater Community & Rehabilitation NHS Trust,White,United Kingdom,ILR,Nursing,Nursery Nurse,Critical Care & Anaesthesia,2,12.73,2025-12-30,2026-02-03,18.75,0.5,None,Fixed Term,Active,SD468689,2029-05-08,KX730974,2027-04-14,2027-04-13,2026-01-20
EMP0328-20260913_210742,Georgia,Nicholson,darrenfarrell@example.org,1993-08-18,(0151) 496 0449,"267 Dobson Islands
South Stacey
BH1 4HE",Female,Valleyview Mental Wellness NHS Trust,Mixed,Thailand,Dependent,Nursing,Senior Staff Nurse,Critical Care & Anaesthesia,6,27.12,2024-02-19,2024-03-25,20.0,0.53,HCPC,Fixed Term,On Leave,EK557855,2031-06-02,KG087987,2030-10-09,2027-08-23,2024-03-11
EMP0329-20260913_210742,Marilyn,Whitehouse,pkennedy@example.com,1979-01-20,+442074960008,"096 Roger Grove
West Graeme
CW8W 7EJ",Male,Horizon Integrated Health Partnership NHS Trust,Black,South Africa,British Citizen,Nursing,Charge Nurse,Medicine & Acute Care,7,26.95,2021-01-10,2021-02-21,20.0,0.53,NMC,Fixed Term,Inactive,CI635829,2029-03-05,RZ895635,2031-01-08,2027-07-15,2021-01-31
EMP0330-20260913_210742,Sarah,Reid,tracey61@example.net,2004-04-16,(0121) 4960177,"Studio 28
James Field
Port Patriciaview
HU3 7PE",Female,Riverside Integrated Care NHS Trust,Mixed,Trinidad and Tobago,Dependent,Nursing,Senior Staff Nurse,Emergency & Urgent Care,6,22.88,2024-02-27,2024-04-02,18.75,0.5,NMC,Permanent,On Leave,OT936232,2028-07-20,SR006352,2031-06-17,2027-01-16,2024-03-19
EMP0331-20260913_210742,Amelia,Wade,francismarian@example.org,1991-08-29,(01632)960124,"76 Mitchell Skyway
Russellberg
E7 6TH",Male,Southvale Hospitals NHS Trust,White,United States,ILR,Admin,Administrator,Medicine & Acute Care,3,14.88,2023-01-24,2023-02-21,18.75,0.5,None,Fixed Term,Inactive,LC366451,2031-07-22,KS774704,2029-06-25,2026-10-04,2023-02-14
EMP0332-20260913_210742,Victoria,Owen,pdavies@example.org,1966-09-01,+44(0)116 4960149,"Flat 70
Josh Ports
West Adrian
SK2V 0GU",Male,Hillcrest Medical Centres NHS Trust,Black,Trinidad and Tobago,Dependent,Nursing,Ward Manager,Surgery & Cancer,8A,33.22,2018-07-06,2018-08-10,20.0,0.53,GMC,Bank,Active,WU885234,2029-04-23,EW161782,2027-03-03,2027-01-10,2018-07-27
EMP0333-20260913_210742,Glen,Hussain,grantconnor@example.org,1963-03-22,0808 157 0953,"Studio 38d
Hopkins Bridge
Clarkeberg
E61 4XX",Male,Greenhaven Acute & Specialist Care NHS Trust,Asian,Japan,British Citizen,Nursing,Healthcare Assistant,Corporate Services,2,12.46,2025-07-16,2025-08-20,37.5,1.0,None,Bank,Active,EL231230,2029-06-06,OO247562,2029-12-29,2027-02-02,2025-08-06
EMP0334-20260913_210742,Hazel,Taylor,sandra86@example.net,1964-04-29,029 2018038,"132 Webster Islands
Marionfurt
B30 7UF",Male,Northwood Mental Health NHS Trust,White,United States,ILR,Nursing,Nursery Nurse,Surgery & Cancer,2,13.98,2019-07-19,2019-08-23,15.0,0.4,GMC,Bank,Inactive,LO446734,2026-10-01,BN777198,2029-11-18,2027-05-20,2019-08-09
EMP0335-20260913_210742,Anne,Williams,qtownsend@example.org,1991-03-02,0306 9990954,"Flat 7
Long Gardens
Port Mohammedview
SR0N 1JT",Female,Northshire University Hospitals NHS Trust,Black,South Africa,ILR,Medical,FY1/FY2,Emergency & Urgent Care,FY1,20.35,2026-05-14,2026-06-18,37.5,1.0,GMC,Permanent,Suspended,UB700183,2031-03-20,BU321880,2029-05-31,2027-06-03,2026-06-04
EMP0336-20260913_210742,Nicole,Parry,nblack@example.com,1989-12-27,+44289018642,"4 Stanley Dam
Rosieburgh
SW1 1AT",Female,Horizon Integrated Health Partnership NHS Trust,Mixed,China,Skilled Worker,Medical,SHO,Clinical Support Services,SHO,23.85,2018-07-27,2018-09-07,37.5,1.0,None,Bank,Active,AX648035,2031-02-22,GB074931,2030-03-02,2027-05-04,2018-08-17
EMP0337-20260913_210742,Glenn,Hall,rosemary52@example.net,2005-08-25,(0808)1570199,"39 Diana Dale
Lake Laura
BL0N 0PW",Male,Valleyview Mental Wellness NHS Trust,White,Canada,Dependent,AHP,Occupational Therapist,Emergency & Urgent Care,6,24.57,2023-09-30,2023-11-11,37.5,1.0,GMC,Permanent,Inactive,TA307130,2029-01-16,TZ175179,2031-02-14,2027-02-03,2023-10-21
EMP0338-20260913_210742,Jeffrey,Knight,stephaniehopkins@example.com,2008-09-11,0151 4960973,"Studio 7
Brown Course
South Mary
SW38 4HS",Female,Meadowbrook Community Health NHS Trust,White,New Zealand,British Citizen,Admin,Receptionist,Clinical Support Services,3,14.96,2018-04-21,2018-06-02,20.0,0.53,NMC,Permanent,On Leave,VX912992,2030-01-12,YE782330,2030-08-13,2027-06-09,2018-05-12
EMP0339-20260913_210742,Cameron,O'Neill,ikennedy@example.com,1999-06-08,(01632)960441,"4 Ball Cliffs
Port Sara
YO0P 5XU",Male,Greenhaven Acute & Specialist Care NHS Trust,White,United States,Dependent,Medical,SHO,Surgery & Cancer,SHO,24.57,2024-02-19,2024-04-01,37.5,1.0,HCPC,Bank,Inactive,QN634432,2030-07-15,SS048234,2029-08-23,2027-07-31,2024-03-11
EMP0340-20260913_210742,Duncan,Davis,damien13@example.com,1989-01-20,+449098790385,"Flat 98U
Bethany Orchard
East Ellie
HU9V 8SU",Male,Northshire University Hospitals NHS Trust,Black,Jamaica,British Citizen,Medical,GP,Critical Care & Anaesthesia,GP,54.2,2016-10-21,2016-11-25,30.0,0.8,HCPC,Fixed Term,Inactive,HP400142,2028-04-21,KL122888,2030-05-06,2027-09-01,2016-11-11
EMP0341-20260913_210742,Diane,Baxter,oliver82@example.org,1974-12-18,0117 4960337,"Studio 15v
Thomas Valleys
Port Allanside
BS7 1EU",Male,Southvale Hospitals NHS Trust,White,United States,Skilled Worker,Medical,Consultant,Surgery & Cancer,CONS,49.85,2023-04-12,2023-05-17,15.0,0.4,HCPC,Bank,Active,TC748496,2028-12-30,YY643041,2027-12-11,2026-10-20,2023-05-03
EMP0342-20260913_210742,Tracey,Evans,jonesmark@example.net,2003-01-08,0141 4960592,"Studio 4
Mandy Turnpike
Bradshawberg
BS9M 3FE",Female,Northwood Mental Health NHS Trust,Asian,India,Dependent,AHP,Physiotherapist,Women & Children,6,25.61,2024-12-18,2025-01-22,30.0,0.8,GMC,Fixed Term,On Leave,RI685629,2027-08-04,GN323474,2029-12-21,2027-04-25,2025-01-08
EMP0343-20260913_210742,Jasmine,Cox,evanslouis@example.com,1974-12-25,(0116)4960468,"3 Bradley Viaduct
North Pamela
TW2Y 0RR",Male,Horizon Integrated Health Partnership NHS Trust,Black,Barbados,Skilled Worker,Admin,Administrator,Medicine & Acute Care,3,14.53,2019-09-24,2019-10-22,15.0,0.4,None,Permanent,Inactive,QX010390,2027-11-22,EY014707,2029-06-14,2027-04-21,2019-10-15
EMP0344-20260913_210742,Nicola,Fuller,joycegill@example.net,1963-12-02,0191 498 0587,"Studio 63
Kayleigh Inlet
Lake Paulaton
N7W 8SJ",Male,Meadowbrook Community Health NHS Trust,White,United States,British Citizen,Nursing,Nursery Nurse,Medicine & Acute Care,2,13.52,2025-11-01,2025-12-06,18.75,0.5,GMC,Permanent,Suspended,AC087710,2027-09-16,OW075014,2030-06-08,2027-06-18,2025-11-22
EMP0345-20260913_210742,June,Jones,natashajames@example.com,1986-10-15,(0131)4960396,"42 Carter Crossing
Mohamedview
E71 9QH",Female,Lakeside District Hospitals NHS Trust,Mixed,Trinidad and Tobago,Skilled Worker,Admin,Medical Secretary,Surgery & Cancer,4,16.84,2026-03-23,2026-04-27,37.5,1.0,None,Fixed Term,Active,FX380888,2027-03-16,DI727492,2031-04-20,2027-02-11,2026-04-13
EMP0346-20260913_210742,Barry,Briggs,louis49@example.com,1989-05-10,+44(0)114 4960358,"9 Taylor Street
Andreamouth
S3K 8SJ",Female,Oakridge Community Services NHS Trust,Black,Nigeria,Skilled Worker,Admin,Receptionist,Emergency & Urgent Care,3,14.23,2019-06-24,2019-07-29,15.0,0.4,None,Bank,Suspended,XD143294,2027-02-01,DN019308,2030-03-25,2027-05-21,2019-07-15
EMP0347-20260913_210742,Lydia,Hunt,lowesuzanne@example.com,1995-06-05,+44(0)909 879 0704,"671 Cox Walk
Andrewberg
TQ08 4JR",Female,Eastfield Psychological Services NHS Trust,Black,Nigeria,Skilled Worker,AHP,Physiologist,Corporate Services,6,27.77,2021-10-30,2021-12-11,15.0,0.4,None,Permanent,Active,OY434174,2030-05-13,VE924772,2028-07-27,2027-07-20,2021-11-20
EMP0348-20260913_210742,Janice,Collins,gholloway@example.com,1998-10-05,(0115)4960723,"Flat 11j
Griffiths Plains
North Teresatown
B32 1PZ",Male,Greenhaven Acute & Specialist Care NHS Trust,Asian,Japan,Dependent,AHP,Physiotherapist,Surgery & Cancer,6,25.72,2019-04-16,2019-05-21,18.75,0.5,HCPC,Fixed Term,Active,FB215809,2027-12-10,TV130536,2028-09-01,2027-07-02,2019-05-07
EMP0349-20260913_210742,Nicholas,Dunn,wellsdouglas@example.net,1972-08-20,(0808)1570006,"9 Jordan Viaduct
Port Davidborough
GY0E 4TZ",Male,Riverside Integrated Care NHS Trust,Mixed,Canada,ILR,Admin,Data Analyst,Women & Children,8A,31.33,2021-06-15,2021-07-20,15.0,0.4,None,Bank,On Leave,FZ637807,2028-07-30,LN731238,2030-08-21,2027-01-23,2021-07-06
EMP0350-20260913_210742,Leonard,Graham,dianedoyle@example.com,1973-01-30,(0909) 8790179,"35 Joseph Plaza
Lake Edward
L2A 7JG",Female,Hillcrest Medical Centres NHS Trust,Asian,Thailand,Dependent,Medical,Registrar,Critical Care & Anaesthesia,SPR,37.83,2026-04-21,2026-05-19,15.0,0.4,None,Bank,Suspended,WI927498,2028-08-22,NZ389307,2028-12-29,2027-04-27,2026-05-12
EMP0351-20260913_210742,Damien,Russell,amylewis@example.com,2001-11-11,+44191 4960399,"21 Alexander Flat
Mohammedstad
M09 2WU",Male,Westborough Acute Care NHS Trust,White,United Kingdom,British Citizen,AHP,Radiographer,Emergency & Urgent Care,6,25.41,2026-09-07,2026-10-12,20.0,0.53,GMC,Bank,Inactive,BZ672758,2028-07-23,WG142475,2030-12-06,2027-04-27,2026-09-28
EMP0352-20260913_210742,Pamela,Clark,hallclive@example.net,1964-08-03,0131 4960882,"Studio 73
Lewis Crossroad
Spencerburgh
M3 0PJ",Female,Greenhaven Acute & Specialist Care NHS Trust,Mixed,Ghana,ILR,Admin,Receptionist,Clinical Support Services,3,15.51,2026-04-21,2026-05-19,18.75,0.5,HCPC,Fixed Term,Inactive,TE047161,2031-04-19,JF307581,2026-10-08,2026-12-05,2026-05-12
EMP0353-20260913_210742,Bruce,Smith,yhunt@example.com,1992-03-31,0118 496 0652,"Studio 0
Bennett Springs
South Jamietown
N0T 0TR",Male,Oakridge Community Services NHS Trust,Black,Barbados,British Citizen,Nursing,Ward Manager,Emergency & Urgent Care,8A,29.45,2018-03-18,2018-04-22,37.5,1.0,None,Fixed Term,Suspended,SR532461,2028-09-23,ZP683923,2027-07-12,2027-05-03,2018-04-08
EMP0354-20260913_210742,Alexander,Cook,lorrainebrown@example.com,1976-05-11,+44(0)1174960258,"97 Fleming Brook
Lake Raymond
DG23 1UL",Male,Riverbank General Hospitals NHS Trust,Asian,India,Dependent,Medical,FY1/FY2,Emergency & Urgent Care,FY1,20.12,2018-04-13,2018-05-25,30.0,0.8,GMC,Fixed Term,On Leave,DV006769,2026-11-22,SG086013,2027-10-17,2027-08-28,2018-05-04
EMP0355-20260913_210742,Diane,Clark,philip50@example.net,1991-01-26,+44(0)191 4960124,"Studio 7
Billy Stravenue
Smithchester
G12 6LX",Male,Northshire University Hospitals NHS Trust,Black,Trinidad and Tobago,Dependent,Nursing,Ward Manager,Corporate Services,8A,33.7,2022-01-22,2022-02-19,30.0,0.8,NMC,Permanent,Suspended,PD133280,2028-01-09,KT426690,2030-07-22,2026-11-10,2022-02-12
EMP0356-20260913_210742,Sharon,Thorpe,fgreen@example.net,1983-07-12,(028) 9018 0904,"Flat 55
Smith Square
Port Mathewfort
E00 2GT",Male,Westborough Acute Care NHS Trust,Black,Kenya,ILR,AHP,Physiologist,Clinical Support Services,6,27.38,2017-03-20,2017-04-17,20.0,0.53,GMC,Permanent,On Leave,UI338468,2028-02-05,KT273909,2027-03-04,2027-02-28,2017-04-10
EMP0357-20260913_210742,Dale,Wallace,eric93@example.org,1960-10-11,+44(0)141 496 0252,"97 King Fork
North Hilary
CB2 4ZG",Female,Westmere Community Health NHS Trust,White,United Kingdom,Skilled Worker,Medical,GP,Clinical Support Services,GP,61.29,2026-05-20,2026-07-01,18.75,0.5,NMC,Bank,Suspended,JI453852,2026-10-13,DA263789,2027-01-07,2027-07-21,2026-06-10
EMP0358-20260913_210742,Melissa,Baker,carolinehoughton@example.org,1961-05-22,0909 879 0973,"Studio 40i
Clare Park
Harrisonborough
G1 8QR",Male,Bluewater Community & Rehabilitation NHS Trust,Asian,India,Skilled Worker,Nursing,Nursery Nurse,Surgery & Cancer,2,12.95,2023-08-03,2023-09-07,30.0,0.8,None,Permanent,On Leave,GO954249,2030-03-29,DQ188150,2029-06-02,2027-03-01,2023-08-24
EMP0359-20260913_210742,Damien,Clements,bakercatherine@example.net,2006-07-06,+44(0)1144960584,"5 Hammond Mountain
Sophiestad
TN99 7YG",Male,Eastmoor Teaching Hospitals NHS Trust,Asian,Japan,ILR,Medical,Registrar,Clinical Support Services,SPR,41.04,2023-11-30,2024-01-04,30.0,0.8,GMC,Permanent,Inactive,ED644681,2028-08-08,YA430970,2027-05-25,2027-07-10,2023-12-21
EMP0360-20260913_210742,Jay,Hayes,bthornton@example.net,2002-02-26,+44(0)20 74960948,"Flat 86f
Willis Locks
East Zoe
ST13 3PF",Male,Horizon Integrated Health Partnership NHS Trust,Asian,India,Skilled Worker,Medical,GP,Emergency & Urgent Care,GP,53.27,2023-07-14,2023-08-18,37.5,1.0,GMC,Bank,On Leave,JZ546373,2030-12-20,YZ104290,2031-03-10,2027-03-16,2023-08-04
EMP0361-20260913_210742,Jason,Quinn,pbyrne@example.com,2001-09-17,0151 4960205,"2 Austin Causeway
Phillipsview
S99 4YZ",Male,Northshire University Hospitals NHS Trust,Asian,Thailand,ILR,Medical,FY1/FY2,Surgery & Cancer,FY1,19.28,2020-04-03,2020-05-01,37.5,1.0,None,Permanent,Inactive,BL010456,2028-06-26,ZJ043973,2027-01-27,2026-11-10,2020-04-24
EMP0362-20260913_210742,Alexander,Williams,jacksoncarole@example.com,1964-04-12,+44161 4960173,"Studio 19C
Vincent Mews
West Rossshire
TA14 9RF",Male,Southgate Community & Mental Health NHS Trust,Asian,China,Dependent,Admin,Receptionist,Critical Care & Anaesthesia,3,14.11,2025-02-28,2025-04-04,30.0,0.8,GMC,Fixed Term,On Leave,YN214393,2029-02-25,CQ117594,2027-08-07,2027-06-07,2025-03-21
EMP0363-20260913_210742,Keith,Thomas,jbutler@example.org,1990-11-29,0141 496 0695,"999 Leanne Wall
Port Normantown
S1W 3NX",Female,Riverbank General Hospitals NHS Trust,White,Canada,ILR,Nursing,Charge Nurse,Critical Care & Anaesthesia,7,28.77,2024-01-10,2024-02-14,20.0,0.53,GMC,Fixed Term,Inactive,YC941450,2030-12-25,BR805914,2031-01-05,2027-04-18,2024-01-31
EMP0364-20260913_210742,Kathryn,Campbell,johnsonnatasha@example.com,1993-07-06,+44(0)9098790542,"9 Jones Pike
Wallaceview
S0 5FS",Male,Valleyview Mental Wellness NHS Trust,Mixed,Barbados,British Citizen,Nursing,Senior Staff Nurse,Clinical Support Services,6,22.66,2025-12-04,2026-01-08,37.5,1.0,NMC,Fixed Term,Suspended,HS665238,2029-02-09,RY646471,2031-09-01,2027-03-03,2025-12-25
EMP0365-20260913_210742,Alice,Walker,joyceburke@example.org,1970-11-22,+44(0)1164960918,"2 Bailey Unions
New Rebeccaview
YO78 3RH",Male,Valleyview Mental Wellness NHS Trust,White,United States,ILR,AHP,Pharmacist,Critical Care & Anaesthesia,5,19.16,2026-08-20,2026-10-01,15.0,0.4,HCPC,Permanent,Active,UJ505296,2030-09-05,NJ955703,2030-01-06,2026-11-03,2026-09-10
EMP0366-20260913_210742,Peter,Taylor,stephenscharles@example.org,2001-04-22,+44909 8790113,"Studio 68
Jemma Loop
Leonardberg
SG12 3PN",Male,Horizon Integrated Health Partnership NHS Trust,Asian,Thailand,ILR,Nursing,Nursery Nurse,Critical Care & Anaesthesia,2,13.0,2019-07-12,2019-08-16,20.0,0.53,HCPC,Bank,On Leave,ZI971260,2031-07-22,SP860691,2030-11-08,2026-11-01,2019-08-02
EMP0367-20260913_210742,Georgia,Warner,clairewoods@example.org,1967-11-23,(0118)4960677,"6 Benjamin Ridge
Lake Jacquelinechester
PO9V 5YX",Male,Lakeside District Hospitals NHS Trust,Mixed,Canada,ILR,Medical,GP,Clinical Support Services,GP,46.79,2020-06-30,2020-08-04,37.5,1.0,NMC,Permanent,Suspended,CU777413,2031-07-01,SQ387387,2029-10-18,2027-09-05,2020-07-21
EMP0368-20260913_210742,Francesca,Barton,jonathanwebster@example.net,1990-04-22,(0151)4960039,"Flat 96
Knight Drive
Hallmouth
JE2R 7HW",Female,Northshire University Hospitals NHS Trust,Mixed,Japan,ILR,Medical,FY1/FY2,Emergency & Urgent Care,FY1,21.14,2018-08-30,2018-09-27,20.0,0.53,NMC,Bank,Active,MI133493,2028-11-27,TC271269,2027-02-10,2027-05-08,2018-09-20
EMP0369-20260913_210742,Carly,Campbell,tbrown@example.org,2005-10-05,+44(0)161 4960999,"Flat 2
Bernard Mount
Hazelbury
G2C 3QG",Male,Southgate Community & Mental Health NHS Trust,White,New Zealand,ILR,Nursing,Nursery Nurse,Women & Children,2,12.49,2020-08-28,2020-09-25,18.75,0.5,HCPC,Fixed Term,Inactive,AI492707,2030-03-19,PF761448,2031-01-31,2027-04-28,2020-09-18
EMP0370-20260913_210742,Gavin,Hurst,liam65@example.com,1990-07-20,(0114) 496 0334,"853 Damian Inlet
Port Nathan
HP8M 5BJ",Male,Oakridge Community Services NHS Trust,Asian,Japan,ILR,Medical,SHO,Critical Care & Anaesthesia,SHO,29.34,2019-08-12,2019-09-16,20.0,0.53,NMC,Bank,On Leave,AH269150,2028-07-04,RS118039,2030-10-03,2027-04-19,2019-09-02
EMP0371-20260913_210742,Lee,Cooper,chamberlainandrea@example.org,2007-05-17,(020) 7496 0033,"Flat 1
West Viaduct
Bartonville
L0B 9XS",Male,Greenhaven Acute & Specialist Care NHS Trust,Asian,India,Skilled Worker,Admin,Medical Secretary,Medicine & Acute Care,4,18.01,2017-07-20,2017-08-17,15.0,0.4,HCPC,Fixed Term,On Leave,TE374592,2029-05-27,RW672069,2027-01-13,2026-09-15,2017-08-10
EMP0372-20260913_210742,Dawn,Adams,jonesvanessa@example.org,1965-11-22,(0808) 1570656,"17 Fox Expressway
Brownbury
LA1M 3YW",Male,Broadfield Clinical Services NHS Trust,White,Canada,British Citizen,Admin,Medical Secretary,Women & Children,4,17.29,2021-08-27,2021-10-08,30.0,0.8,HCPC,Bank,Active,NR151801,2027-04-05,JK320746,2027-05-03,2026-09-27,2021-09-17
EMP0373-20260913_210742,Wayne,White,lewiskaty@example.com,1977-09-08,0909 879 0249,"Flat 41
Cook Village
Shannonchester
ST6 9WX",Female,Lakeside District Hospitals NHS Trust,Mixed,New Zealand,British Citizen,Admin,Receptionist,Medicine & Acute Care,3,15.23,2022-06-24,2022-07-29,15.0,0.4,None,Permanent,Inactive,BK973428,2028-01-27,VE265742,2028-03-27,2027-08-27,2022-07-15
EMP0374-20260913_210742,Edward,Day,gardnerfrank@example.net,1980-12-02,+44114 4960832,"4 Alex Ports
Hallview
PR1 5PQ",Female,Northwood Mental Health NHS Trust,Black,Barbados,British Citizen,Admin,Medical Secretary,Medicine & Acute Care,4,18.29,2023-10-04,2023-11-08,18.75,0.5,GMC,Bank,Suspended,HO867435,2028-10-22,LX303105,2029-09-30,2027-01-29,2023-10-25
EMP0375-20260913_210742,William,Baker,aimeecole@example.net,1999-12-15,(0115) 496 0963,"Flat 05
Thomas Isle
Pattersonshire
LA54 7JX",Female,Valleyview Mental Wellness NHS Trust,Asian,Japan,British Citizen,Medical,FY1/FY2,Critical Care & Anaesthesia,FY1,21.35,2017-02-09,2017-03-16,30.0,0.8,GMC,Fixed Term,Suspended,OA161569,2030-06-15,SL372706,2027-06-23,2027-02-26,2017-03-02
EMP0376-20260913_210742,Annette,Humphreys,liamjohnson@example.org,1985-02-28,(0808) 1570258,"836 McDonald Mills
Kieranbury
G7 7RX",Male,Oakridge Community Services NHS Trust,White,United States,Skilled Worker,Nursing,Charge Nurse,Women & Children,7,28.75,2017-08-16,2017-09-13,18.75,0.5,GMC,Permanent,Active,FP539347,2029-06-08,XU246716,2028-09-02,2027-08-25,2017-09-06
EMP0377-20260913_210742,Laura,Fisher,brownstuart@example.com,1994-01-12,(0808)1570260,"Studio 72A
Gillian Fort
Shawchester
B2K 0GW",Female,Meadowbrook Community Health NHS Trust,White,Australia,Dependent,AHP,Pharmacist,Clinical Support Services,5,19.16,2021-06-19,2021-07-24,18.75,0.5,NMC,Permanent,Active,EF952517,2027-06-03,UG509362,2029-03-19,2027-08-30,2021-07-10
EMP0378-20260913_210742,Tracy,Evans,samuel20@example.org,1963-12-03,0114 496 0747,"05 Martin Gardens
Justinstad
M7T 7DZ",Male,Bluewater Community & Rehabilitation NHS Trust,Asian,Japan,Dependent,Nursing,Healthcare Assistant,Surgery & Cancer,2,12.52,2025-12-07,2026-01-04,18.75,0.5,NMC,Bank,On Leave,ZO287474,2031-01-02,TB668130,2030-12-06,2027-07-06,2025-12-28
EMP0379-20260913_210742,Kathryn,Ryan,wwalsh@example.org,1989-03-21,0116 496 0512,"69 Howard Points
Lake Annette
TW11 2SJ",Male,Northshire University Hospitals NHS Trust,Asian,Thailand,ILR,AHP,Radiographer,Surgery & Cancer,6,26.3,2022-05-01,2022-06-12,20.0,0.53,GMC,Permanent,Inactive,IC066770,2030-05-18,SE434168,2027-12-04,2027-09-10,2022-05-22
EMP0380-20260913_210742,Antony,Harper,howard74@example.com,1978-02-17,0141 496 0545,"4 Harry Ferry
New Markville
LN2N 0ZZ",Female,Northwood Mental Health NHS Trust,Asian,Thailand,Dependent,AHP,Occupational Therapist,Clinical Support Services,6,27.36,2026-01-17,2026-02-21,20.0,0.53,None,Permanent,On Leave,BG269157,2029-10-23,PR332453,2028-06-07,2026-11-08,2026-02-07
EMP0381-20260913_210742,Leon,Dodd,jjohnson@example.com,1971-03-26,(0141) 496 0098,"8 Barnes Streets
Port Katherine
E1 4QR",Male,Horizon Integrated Health Partnership NHS Trust,Black,Nigeria,ILR,Medical,FY1/FY2,Critical Care & Anaesthesia,FY1,19.02,2018-08-30,2018-09-27,37.5,1.0,GMC,Fixed Term,Suspended,TP800309,2028-07-15,PL065677,2027-05-05,2027-01-07,2018-09-20
EMP0382-20260913_210742,Tom,Shepherd,harry48@example.net,1975-01-01,+44131 4960340,"Flat 39D
Lynne Shore
Richardshire
WV2R 6TY",Female,Northshire University Hospitals NHS Trust,Mixed,Japan,British Citizen,AHP,Pharmacist,Medicine & Acute Care,5,21.91,2020-11-13,2020-12-25,30.0,0.8,NMC,Bank,Active,BU286546,2029-06-15,KQ978585,2027-01-02,2027-05-26,2020-12-04
EMP0383-20260913_210742,Brandon,Davies,denissmith@example.net,1989-01-29,0118 496 0151,"902 Gary Walks
Lake Roger
N6 6SX",Male,Westmere Community Health NHS Trust,White,United States,Dependent,AHP,Occupational Therapist,Emergency & Urgent Care,6,25.13,2017-05-19,2017-06-30,30.0,0.8,None,Bank,Inactive,MV849076,2028-02-19,YG807811,2029-09-24,2027-04-25,2017-06-09
EMP0384-20260913_210742,Matthew,Smith,clarkeeric@example.com,1964-05-27,(0306) 9990064,"717 Parker Branch
New Lindseyborough
M06 7SF",Female,Meadowbrook Community Health NHS Trust,Mixed,Kenya,Dependent,AHP,Pharmacist,Emergency & Urgent Care,5,20.9,2016-11-20,2017-01-01,18.75,0.5,None,Permanent,Suspended,ZV793535,2029-04-21,AU503507,2029-12-25,2026-12-08,2016-12-11
EMP0385-20260913_210742,Martin,Oliver,victoria33@example.net,2007-09-18,+44(0)1914960659,"042 Alexander Corner
Harrisville
L20 4GZ",Female,Northwood Mental Health NHS Trust,White,New Zealand,Skilled Worker,AHP,Pharmacist,Clinical Support Services,5,20.09,2017-12-02,2017-12-30,15.0,0.4,GMC,Bank,Suspended,UB346343,2030-09-05,GW377165,2028-06-09,2026-09-24,2017-12-23
EMP0386-20260913_210742,Caroline,Hamilton,greenwoodgail@example.net,1977-03-19,+44115 496 0786,"Flat 45n
Sarah Loaf
Garyfurt
ME37 0ES",Female,Riverside Integrated Care NHS Trust,Asian,India,Dependent,Medical,SHO,Clinical Support Services,SHO,26.44,2018-07-04,2018-08-15,20.0,0.53,HCPC,Fixed Term,On Leave,GK304584,2029-06-11,JF566437,2027-09-07,2027-05-20,2018-07-25
EMP0387-20260913_210742,William,Andrews,stephanie44@example.org,1961-07-13,(0151)4960794,"Studio 27
Bethan Station
Lake Stevenbury
WA9R 7RT",Female,Riverbank General Hospitals NHS Trust,Mixed,Ghana,Dependent,Medical,Consultant,Corporate Services,CONS,49.62,2022-10-03,2022-11-14,15.0,0.4,None,Fixed Term,On Leave,YG136420,2029-06-07,JJ433678,2029-01-09,2027-07-09,2022-10-24
EMP0388-20260913_210742,Reece,West,mitchelljulie@example.org,2008-08-05,01164960553,"Flat 68e
Hilary Causeway
Sophiehaven
CO1E 8WD",Female,Broadfield Clinical Services NHS Trust,Black,Nigeria,ILR,AHP,Speech Therapist,Surgery & Cancer,6,27.8,2025-05-22,2025-07-03,37.5,1.0,NMC,Permanent,Suspended,NA197484,2027-08-14,BI818753,2030-01-02,2027-03-09,2025-06-12
EMP0389-20260913_210742,Katy,Clarke,thowell@example.com,1961-08-13,+44151 4960439,"Studio 4
Webster Islands
West Shannonfort
M3 3EY",Male,Westborough Acute Care NHS Trust,Asian,Thailand,Skilled Worker,Nursing,Charge Nurse,Corporate Services,7,31.05,2019-12-30,2020-02-10,15.0,0.4,None,Fixed Term,Suspended,MK663363,2029-05-27,MZ142341,2028-01-14,2027-01-17,2020-01-20
EMP0390-20260913_210742,Natalie,Miles,lauren29@example.org,1967-04-27,+44(0)8081570421,"Flat 96
Martin Drive
Cooperbury
M9 2DE",Male,Oakridge Community Services NHS Trust,Black,Trinidad and Tobago,Skilled Worker,Admin,Medical Secretary,Emergency & Urgent Care,4,15.62,2017-08-12,2017-09-23,15.0,0.4,None,Permanent,Inactive,RP828677,2030-08-06,OV952641,2030-04-01,2026-12-06,2017-09-02
EMP0391-20260913_210742,Lawrence,Davison,birchmaurice@example.net,1962-09-21,+4420 74960299,"Studio 27G
Mason Roads
Lake Gregory
W7 2TY",Female,Eastmoor Teaching Hospitals NHS Trust,Mixed,New Zealand,Skilled Worker,AHP,Physiologist,Clinical Support Services,6,27.16,2020-05-02,2020-06-06,15.0,0.4,GMC,Permanent,Inactive,WC884384,2026-11-30,JV862840,2028-04-17,2026-11-25,2020-05-23
EMP0392-20260913_210742,Jade,Pope,natalieross@example.com,2002-09-08,+443069990847,"Studio 21
Rogers Valley
West Rickystad
N6 6ES",Female,Northwood Mental Health NHS Trust,Mixed,South Africa,British Citizen,Medical,GP,Corporate Services,GP,51.35,2019-07-18,2019-08-29,30.0,0.8,GMC,Bank,Suspended,DP474938,2030-07-16,NC299570,2030-04-03,2027-08-11,2019-08-08
EMP0393-20260913_210742,Karl,Williams,zgray@example.net,2006-01-13,+441144960734,"547 Hayward Common
Port Edwardburgh
W90 9UT",Male,Eastfield Psychological Services NHS Trust,Black,Nigeria,Skilled Worker,Nursing,Nursery Nurse,Women & Children,2,12.97,2024-06-29,2024-08-10,30.0,0.8,GMC,Fixed Term,Inactive,EH315301,2026-11-11,LO709827,2030-10-05,2027-04-10,2024-07-20
EMP0394-20260913_210742,Jeffrey,Mitchell,qwoods@example.com,1994-11-26,01164960718,"Flat 80g
Green Roads
Lake Dorothy
L2 7JS",Female,Lakeside District Hospitals NHS Trust,Asian,Thailand,British Citizen,AHP,Occupational Therapist,Surgery & Cancer,6,27.17,2016-12-29,2017-01-26,18.75,0.5,NMC,Fixed Term,Active,DY875457,2028-04-29,RY957208,2030-07-17,2027-03-14,2017-01-19
EMP0395-20260913_210742,Patricia,Weston,brenda45@example.com,2006-09-23,+44113 496 0127,"Flat 37
Smith Islands
West Arthurberg
L5 7PZ",Male,Horizon Integrated Health Partnership NHS Trust,White,Australia,Dependent,Nursing,Nursery Nurse,Clinical Support Services,2,14.29,2023-10-28,2023-12-09,37.5,1.0,None,Bank,Active,TL433769,2030-07-18,XL080011,2027-04-05,2027-05-01,2023-11-18
EMP0396-20260913_210742,Melissa,Allen,bcooper@example.com,1974-02-21,+441174960122,"Flat 5
James Stravenue
East Frances
NN9R 9BF",Female,Southvale Hospitals NHS Trust,Asian,Thailand,Dependent,Nursing,Staff Nurse,Women & Children,5,19.51,2025-07-22,2025-08-26,18.75,0.5,NMC,Bank,Inactive,RD924331,2029-02-06,JY782979,2028-04-15,2027-02-10,2025-08-12
EMP0397-20260913_210742,Keith,Gibson,xwilliams@example.org,1980-11-24,+44(0)116 4960026,"Flat 6
Jamie Streets
Lake Abdul
SO68 9LS",Male,Riverbank General Hospitals NHS Trust,Black,Kenya,Dependent,Medical,Consultant,Women & Children,CONS,62.8,2020-03-08,2020-04-19,20.0,0.53,NMC,Fixed Term,Suspended,EE436552,2030-10-14,OI506235,2030-01-31,2027-04-27,2020-03-29
EMP0398-20260913_210742,Joshua,Chan,ellislouise@example.com,1990-08-14,(0116) 4960905,"6 Peter Rue
New Hayleybury
DL80 9YN",Female,Broadfield Clinical Services NHS Trust,Asian,Japan,British Citizen,Medical,FY1/FY2,Clinical Support Services,FY1,18.68,2017-10-15,2017-11-19,15.0,0.4,HCPC,Permanent,Suspended,KG031448,2030-11-08,NE751899,2031-09-09,2027-04-13,2017-11-05
EMP0399-20260913_210742,Robin,Fraser,marshalldale@example.org,1987-10-14,01414960605,"95 Claire Gardens
South Samuel
RG5M 1RZ",Female,Lakeside District Hospitals NHS Trust,White,United States,ILR,Admin,Medical Secretary,Emergency & Urgent Care,4,17.33,2022-08-12,2022-09-23,30.0,0.8,NMC,Fixed Term,Inactive,SP027426,2031-08-21,EQ714109,2031-06-28,2027-01-28,2022-09-02
EMP0400-20260913_210742,Susan,Williamson,lydia59@example.net,1976-09-26,(0306) 999 0074,"9 Gregory Club
Barrettmouth
M0 8LY",Male,Northwood Mental Health NHS Trust,Asian,Thailand,Dependent,AHP,Radiographer,Clinical Support Services,6,23.85,2022-12-05,2023-01-02,30.0,0.8,NMC,Permanent,On Leave,KD386912,2027-02-28,SX266922,2027-05-10,2027-08-04,2022-12-26
EMP0401-20260913_210742,Richard,Jones,ogray@example.net,1984-03-24,01632 960 302,"Studio 26O
Green Pine
Clarkeview
S0B 7UQ",Male,Lakeside District Hospitals NHS Trust,Mixed,Australia,Skilled Worker,Medical,GP,Clinical Support Services,GP,55.87,2019-12-09,2020-01-20,20.0,0.53,GMC,Permanent,Active,RD027392,2028-06-10,PC516063,2028-04-11,2026-12-22,2019-12-30
EMP0402-20260913_210742,Kieran,Farrell,charlotte19@example.com,1970-07-02,01914960646,"0 Keith Cliffs
East Aaronstad
BL1 4JQ",Female,Southgate Community & Mental Health NHS Trust,Mixed,Thailand,Skilled Worker,Admin,Administrator,Clinical Support Services,3,14.79,2020-03-15,2020-04-12,20.0,0.53,HCPC,Bank,Suspended,XX586818,2030-01-07,TR349584,2026-11-04,2027-02-11,2020-04-05
EMP0403-20260913_210742,Mohammed,Ellis,lambertbarry@example.com,1972-06-27,0121 4960208,"394 Aaron Trace
Carterburgh
WN74 6DH",Male,Riverside Integrated Care NHS Trust,Mixed,Thailand,Skilled Worker,Nursing,Senior Staff Nurse,Emergency & Urgent Care,6,24.2,2024-12-14,2025-01-25,30.0,0.8,HCPC,Fixed Term,Suspended,YB372838,2028-09-29,TE024588,2027-02-12,2027-04-08,2025-01-04
EMP0404-20260913_210742,Kieran,Carr,oaustin@example.net,1986-10-11,(0161) 4960041,"571 Richardson Isle
Neilbury
S0S 1BZ",Female,Lakeside District Hospitals NHS Trust,Asian,India,British Citizen,Nursing,Healthcare Assistant,Clinical Support Services,2,13.33,2024-08-28,2024-09-25,15.0,0.4,NMC,Permanent,Active,IA292507,2029-04-26,LW055043,2030-03-25,2027-09-07,2024-09-18
EMP0405-20260913_210742,Leanne,Brookes,raymondwilson@example.org,1978-09-15,0161 4960382,"Studio 26
Beverley Fields
Francishaven
BD0M 1JB",Male,Eastmoor Teaching Hospitals NHS Trust,Black,Jamaica,Skilled Worker,AHP,Physiotherapist,Corporate Services,6,26.16,2023-09-26,2023-10-31,15.0,0.4,HCPC,Permanent,Active,NC449483,2027-09-19,WK147351,2030-09-01,2027-02-20,2023-10-17
EMP0406-20260913_210742,Justin,Green,jknight@example.com,1978-09-18,+44115 496 0114,"Studio 19r
Stewart Place
Lake Lynne
HD1 9HH",Male,Broadfield Clinical Services NHS Trust,Asian,India,Skilled Worker,Nursing,Nursery Nurse,Emergency & Urgent Care,2,13.89,2025-01-09,2025-02-13,15.0,0.4,HCPC,Fixed Term,Active,DN878558,2030-10-18,XN240719,2027-11-09,2027-09-02,2025-01-30
EMP0407-20260913_210742,Amy,Howe,joycethomas@example.com,1986-02-03,(0191) 496 0099,"Studio 6
Smith River
North Tracy
TS2 5YL",Male,Riverbank General Hospitals NHS Trust,White,United States,British Citizen,Medical,GP,Clinical Support Services,GP,57.12,2025-12-05,2026-01-16,20.0,0.53,None,Permanent,Inactive,KP457210,2028-06-28,IQ757446,2028-08-25,2026-09-24,2025-12-26
EMP0408-20260913_210742,Jasmine,Jones,alison27@example.com,1974-01-06,(0113) 496 0704,"079 Alison River
Christineport
WD2H 8UZ",Female,Broadfield Clinical Services NHS Trust,Asian,India,British Citizen,Admin,Administrator,Clinical Support Services,3,13.41,2023-06-17,2023-07-29,30.0,0.8,NMC,Fixed Term,Suspended,LH058592,2029-10-12,IU812816,2029-05-18,2027-05-21,2023-07-08
EMP0409-20260913_210742,Marilyn,Hayes,fwalsh@example.com,1992-03-21,+44808 157 0207,"878 Clements Terrace
West Jeremy
E7 9YF",Female,Riverside Integrated Care NHS Trust,Black,Jamaica,ILR,Admin,Receptionist,Emergency & Urgent Care,3,14.55,2017-05-26,2017-06-30,20.0,0.53,HCPC,Fixed Term,On Leave,RO181224,2031-02-28,DD349194,2029-03-17,2026-11-22,2017-06-16
EMP0410-20260913_210742,Dylan,Walker,powen@example.com,1975-01-30,+44(0)141 4960690,"Flat 07Z
David Crescent
South Owenfurt
SA33 4RD",Male,Northwood Mental Health NHS Trust,White,Australia,British Citizen,Medical,Consultant,Women & Children,CONS,52.16,2024-10-02,2024-10-30,30.0,0.8,NMC,Bank,On Leave,QW526366,2028-09-27,II390298,2027-09-28,2027-04-12,2024-10-23
EMP0411-20260913_210742,Victoria,Sharp,ashleybenson@example.com,2005-07-06,(0121) 496 0492,"Studio 5
Nathan Dam
New Lindachester
KY9N 8TR",Male,Northshire University Hospitals NHS Trust,Asian,India,British Citizen,AHP,Physiotherapist,Women & Children,6,22.58,2021-07-28,2021-09-08,30.0,0.8,GMC,Bank,Suspended,GZ955129,2026-09-15,KA533852,2027-05-12,2027-05-13,2021-08-18
EMP0412-20260913_210742,Peter,Fox,evansjosh@example.com,1996-10-18,029 2018830,"290 Josh Points
New Martin
FY7 3XL",Female,Valleyview Mental Wellness NHS Trust,White,United Kingdom,Skilled Worker,Admin,Administrator,Corporate Services,3,15.3,2020-02-16,2020-03-15,30.0,0.8,GMC,Permanent,Active,LY024794,2031-05-26,KN011821,2029-09-04,2026-11-02,2020-03-08
EMP0413-20260913_210742,Caroline,Clark,charlotte25@example.com,2006-10-10,01514960303,"Flat 5
Howe Estate
Lake Ianton
M3 0HD",Female,Southvale Hospitals NHS Trust,Asian,India,ILR,Medical,SHO,Emergency & Urgent Care,SHO,28.4,2017-10-27,2017-12-01,15.0,0.4,NMC,Permanent,Active,NN777472,2026-10-09,XM955796,2029-10-13,2026-11-10,2017-11-17
EMP0414-20260913_210742,Ronald,Miah,melanienorton@example.net,1983-07-20,+4428 9018 0002,"4 Manning Hollow
Lake Susan
B3W 4LT",Male,Riverbank General Hospitals NHS Trust,Black,Nigeria,Dependent,Nursing,Staff Nurse,Clinical Support Services,5,20.44,2021-09-01,2021-10-06,18.75,0.5,HCPC,Bank,Inactive,TK870921,2029-04-02,YM374045,2030-02-05,2026-12-31,2021-09-22
EMP0415-20260913_210742,Julie,Cole,janetwalsh@example.com,1992-08-21,028 9018 0208,"Studio 55x
Shaun Village
Juliefort
E80 6EG",Female,Eastmoor Teaching Hospitals NHS Trust,Black,Jamaica,Skilled Worker,Nursing,Healthcare Assistant,Corporate Services,2,13.7,2018-10-10,2018-11-21,15.0,0.4,NMC,Bank,On Leave,EG557486,2028-12-22,JU722195,2029-11-18,2027-01-07,2018-10-31
EMP0416-20260913_210742,Guy,Richardson,wdawson@example.com,1971-07-29,+44(0)20 74960352,"Studio 93
Brown Junctions
South Barry
HG77 5HX",Female,Westmere Community Health NHS Trust,Asian,Thailand,Skilled Worker,Medical,Registrar,Women & Children,SPR,39.0,2019-04-29,2019-05-27,20.0,0.53,HCPC,Bank,Suspended,NL114738,2028-05-06,DB687298,2028-06-28,2027-04-05,2019-05-20
EMP0417-20260913_210742,Jasmine,Richardson,brian31@example.com,1990-12-15,+44(0)1614960019,"Flat 2
Andrew Drives
Kathleenshire
B04 6WT",Female,Oakridge Community Services NHS Trust,White,United States,Dependent,Admin,Administrator,Medicine & Acute Care,3,16.34,2025-09-25,2025-10-30,30.0,0.8,NMC,Fixed Term,Active,PX244090,2030-04-05,XW736849,2027-04-08,2026-11-20,2025-10-16
EMP0418-20260913_210742,Wendy,Smith,harry38@example.net,1986-01-29,(0121) 496 0334,"Studio 07
Mason Mews
East Cliveville
G4T 6BG",Male,Greenhaven Acute & Specialist Care NHS Trust,Mixed,Trinidad and Tobago,Dependent,AHP,Physiologist,Critical Care & Anaesthesia,6,23.04,2023-01-26,2023-03-09,18.75,0.5,GMC,Fixed Term,On Leave,GO231112,2030-10-19,BW039455,2030-08-19,2027-03-27,2023-02-16
EMP0419-20260913_210742,Molly,Dennis,fosterpaul@example.org,1995-08-14,(028)9018805,"Flat 9
Archer Square
Mariahaven
TN45 0RR",Female,Riverbank General Hospitals NHS Trust,Black,Ghana,British Citizen,Medical,GP,Clinical Support Services,GP,49.18,2025-05-19,2025-06-16,30.0,0.8,None,Fixed Term,Inactive,JI812328,2031-06-14,XM176927,2028-11-25,2027-06-04,2025-06-09
EMP0420-20260913_210742,Frank,Cooke,waltersashleigh@example.org,1997-08-24,+44(0)1614960718,"Flat 3
Natasha Square
Lake Phillip
B4U 2YR",Female,Southvale Hospitals NHS Trust,Asian,China,Skilled Worker,AHP,Pharmacist,Critical Care & Anaesthesia,5,20.54,2021-01-29,2021-03-05,15.0,0.4,HCPC,Bank,Active,BR987469,2028-05-11,AL378884,2030-11-13,2027-08-25,2021-02-19
EMP0421-20260913_210742,Charlene,Pugh,nicola65@example.com,1980-04-15,020 7946 0670,"12 Nathan Plain
Lake Garry
G0 4SZ",Male,Midlands Central Hospitals NHS Trust,Asian,Japan,Dependent,Admin,Medical Secretary,Emergency & Urgent Care,4,18.05,2018-01-11,2018-02-08,37.5,1.0,NMC,Fixed Term,On Leave,QQ676502,2031-03-26,PN449531,2029-07-08,2027-04-21,2018-02-01
EMP0422-20260913_210742,Jean,Taylor,stephensrobert@example.com,1960-10-19,08081570478,"Flat 31W
Evans Gateway
Lake Eleanorland
M68 6RZ",Male,Lakeside District Hospitals NHS Trust,White,United Kingdom,Dependent,Nursing,Healthcare Assistant,Women & Children,2,12.48,2026-08-19,2026-09-23,20.0,0.53,GMC,Permanent,On Leave,II610156,2029-10-29,GD286220,2027-09-27,2027-06-08,2026-09-09
EMP0423-20260913_210742,Marian,Gray,chamberlaineleanor@example.net,1970-11-05,+44151 496 0223,"06 Kennedy Stravenue
Sheilachester
SS93 2NY",Male,Oakridge Community Services NHS Trust,Asian,Thailand,ILR,Admin,Administrator,Medicine & Acute Care,3,14.84,2021-06-23,2021-08-04,20.0,0.53,None,Fixed Term,On Leave,MQ502524,2030-03-12,SL240593,2030-04-14,2027-04-16,2021-07-14
EMP0424-20260913_210742,Damian,Hart,jshepherd@example.com,1975-05-04,+44289018886,"Studio 32
Ricky Village
Jonesside
B5G 1HR",Male,Westborough Acute Care NHS Trust,Black,Barbados,ILR,AHP,Radiographer,Medicine & Acute Care,6,25.2,2023-08-04,2023-09-01,37.5,1.0,GMC,Permanent,Inactive,YB754059,2029-02-10,YS000232,2030-01-29,2026-11-21,2023-08-25
EMP0425-20260913_210742,Joel,McDonald,davisonkim@example.org,1977-02-25,+441214960848,"Flat 66b
Lindsey Park
East Ericfort
G3F 9ZG",Female,Northshire University Hospitals NHS Trust,White,Australia,British Citizen,AHP,Physiotherapist,Women & Children,6,26.58,2025-10-27,2025-11-24,30.0,0.8,HCPC,Fixed Term,On Leave,YU504598,2030-08-15,UJ824711,2026-11-13,2026-12-02,2025-11-17
EMP0426-20260913_210742,Lucy,Jones,ann88@example.com,1981-02-15,+44306 9990934,"Studio 42
Emma Run
Lake Rossfort
TQ93 5FX",Male,Broadfield Clinical Services NHS Trust,Asian,India,British Citizen,Nursing,Staff Nurse,Emergency & Urgent Care,5,20.17,2025-01-26,2025-03-02,20.0,0.53,GMC,Permanent,Active,ZG887898,2030-10-03,BK599235,2031-04-14,2027-09-09,2025-02-16
EMP0427-20260913_210742,Samuel,Ross,jonesnatasha@example.net,1974-08-28,+44(0)131 4960159,"44 Moore Alley
New Pamela
NW8 5FF",Male,Westmere Community Health NHS Trust,White,Australia,Dependent,Nursing,Senior Staff Nurse,Surgery & Cancer,6,24.86,2023-05-25,2023-06-29,18.75,0.5,GMC,Fixed Term,Suspended,JN246522,2029-06-01,JN939411,2028-08-07,2027-06-28,2023-06-15
EMP0428-20260913_210742,Linda,James,craig49@example.net,1998-05-15,+44(0)115 496 0967,"6 Carl Trail
New Christianport
N9D 6BG",Female,Oakridge Community Services NHS Trust,White,Canada,British Citizen,AHP,Occupational Therapist,Surgery & Cancer,6,23.71,2023-07-29,2023-09-09,15.0,0.4,NMC,Bank,Inactive,ZU092707,2027-04-03,QG682591,2028-11-06,2026-12-04,2023-08-19
EMP0429-20260913_210742,Hayley,Hart,carrollmargaret@example.com,1968-03-12,+44131 4960433,"Flat 3
Benjamin Gateway
East Megan
M3F 6NZ",Male,Lakeside District Hospitals NHS Trust,Black,Kenya,British Citizen,Nursing,Ward Manager,Surgery & Cancer,8A,29.08,2023-02-24,2023-04-07,37.5,1.0,None,Bank,Suspended,YX553283,2027-01-10,GD839253,2030-06-06,2026-12-23,2023-03-17
EMP0430-20260913_210742,Jasmine,Ross,harpermarion@example.org,1967-03-12,020 74960906,"Studio 75Z
Gray Square
Lake Helenhaven
PL0 6BW",Male,Southgate Community & Mental Health NHS Trust,White,New Zealand,Skilled Worker,Admin,Data Analyst,Clinical Support Services,8A,28.45,2020-08-04,2020-09-15,15.0,0.4,NMC,Permanent,On Leave,AW229436,2027-02-28,PB270015,2028-03-03,2027-03-12,2020-08-25
EMP0431-20260913_210742,Russell,Woodward,tbartlett@example.com,1972-08-27,+44141 4960021,"Studio 21
Jones Ville
West Rebecca
B9 0FF",Male,Northshire University Hospitals NHS Trust,White,United States,Skilled Worker,Nursing,Staff Nurse,Medicine & Acute Care,5,22.73,2024-11-13,2024-12-25,18.75,0.5,HCPC,Fixed Term,Inactive,UE169964,2027-01-17,KS578819,2028-05-16,2027-02-07,2024-12-04
EMP0432-20260913_210742,Michael,Howe,rita55@example.org,1975-01-23,(0909) 879 0189,"Flat 06a
Davies Course
South Sharonmouth
S88 7RR",Female,Eastfield Psychological Services NHS Trust,Black,Jamaica,ILR,Nursing,Ward Manager,Clinical Support Services,8A,32.05,2022-06-10,2022-07-15,15.0,0.4,HCPC,Permanent,Suspended,UF576027,2030-10-24,EB614818,2028-08-12,2027-07-31,2022-07-01
EMP0433-20260913_210742,Lorraine,Glover,hclarke@example.com,1980-06-09,+4428 9018 0193,"Flat 7
Pamela Lane
Mitchellport
NE6X 7QX",Female,Southvale Hospitals NHS Trust,Mixed,Canada,ILR,Medical,Registrar,Emergency & Urgent Care,SPR,41.97,2020-09-25,2020-10-23,37.5,1.0,None,Permanent,On Leave,NE826776,2028-05-30,HX205208,2031-07-04,2027-05-14,2020-10-16
EMP0434-20260913_210742,Lydia,Powell,tonysmith@example.net,1967-01-16,01184960143,"854 Thompson Loop
Pritchardport
N04 8AZ",Male,Lakeside District Hospitals NHS Trust,Mixed,Barbados,Skilled Worker,Medical,Consultant,Surgery & Cancer,CONS,57.57,2023-08-10,2023-09-14,30.0,0.8,None,Bank,Active,LT735101,2031-03-25,CT972384,2029-04-17,2026-12-07,2023-08-31
EMP0435-20260913_210742,Tony,Cooper,lwalton@example.com,2005-03-31,(0191)4960871,"2 Tina Union
Hammondmouth
WV67 4FU",Male,Greenhaven Acute & Specialist Care NHS Trust,Mixed,China,British Citizen,Medical,FY1/FY2,Surgery & Cancer,FY1,21.53,2024-01-31,2024-03-06,37.5,1.0,None,Fixed Term,Suspended,PC717981,2028-12-25,PD587084,2029-02-15,2027-04-07,2024-02-21
EMP0436-20260913_210742,Margaret,Lane,eleanorbanks@example.com,1983-11-20,0121 4960307,"Flat 72
Josh Shore
South Rickymouth
L1 0JE",Male,Northwood Mental Health NHS Trust,Asian,India,Dependent,Medical,GP,Women & Children,GP,52.96,2019-06-16,2019-07-21,18.75,0.5,NMC,Permanent,Inactive,OC141817,2031-01-15,WE160181,2031-08-18,2026-10-24,2019-07-07
EMP0437-20260913_210742,Alison,Taylor,ymckenzie@example.com,1992-01-10,+44121 4960751,"Flat 95m
Iain Station
Lake Gregoryshire
L9 0YF",Female,Eastfield Psychological Services NHS Trust,Asian,Thailand,ILR,AHP,Physiologist,Emergency & Urgent Care,6,26.04,2022-10-17,2022-11-28,18.75,0.5,HCPC,Fixed Term,Suspended,XX952873,2028-05-06,BJ328238,2030-08-17,2026-11-23,2022-11-07
EMP0438-20260913_210742,Pauline,Martin,pageanthony@example.net,1975-03-12,028 9018 0275,"8 Curtis Walks
East Dean
HG50 3JX",Female,Riverbank General Hospitals NHS Trust,White,United Kingdom,ILR,AHP,Occupational Therapist,Emergency & Urgent Care,6,23.13,2021-04-22,2021-05-27,18.75,0.5,NMC,Bank,On Leave,UU045309,2027-09-01,ZB415036,2029-10-14,2027-05-06,2021-05-13
EMP0439-20260913_210742,Jamie,Taylor,tharris@example.net,2004-07-12,+44(0)28 9018070,"Studio 68t
Gerald Ferry
Banksport
HR08 8NR",Female,Midlands Central Hospitals NHS Trust,Black,Barbados,Dependent,Admin,Receptionist,Women & Children,3,16.17,2019-09-15,2019-10-27,20.0,0.53,GMC,Permanent,On Leave,UX388922,2030-05-07,NH574529,2030-08-25,2026-09-23,2019-10-06
EMP0440-20260913_210742,Beth,Lawrence,kathleenabbott@example.org,1985-05-31,01144960391,"Studio 7
Anderson Point
New Frank
N4 6US",Female,Broadfield Clinical Services NHS Trust,Mixed,South Africa,Skilled Worker,Admin,Medical Secretary,Emergency & Urgent Care,4,19.09,2023-09-05,2023-10-17,30.0,0.8,HCPC,Fixed Term,Suspended,MH524742,2028-01-18,ZT550128,2027-09-02,2027-08-17,2023-09-26
EMP0441-20260913_210742,Hazel,Ward,leanne54@example.org,2000-02-29,+44(0)131 496 0181,"Studio 44b
Walsh Dam
Hendersonstad
L0 4AR",Female,Riverside Integrated Care NHS Trust,Black,Trinidad and Tobago,Dependent,Nursing,Charge Nurse,Women & Children,7,31.67,2025-02-13,2025-03-13,18.75,0.5,GMC,Fixed Term,On Leave,CO105916,2026-09-30,AV491687,2028-10-03,2027-08-06,2025-03-06
EMP0442-20260913_210742,Dylan,Walker,pauline89@example.com,1981-12-07,(0113)4960108,"46 Gordon Fords
Lake Ryan
M21 6FA",Female,Westmere Community Health NHS Trust,Asian,Japan,British Citizen,Medical,Consultant,Corporate Services,CONS,57.72,2020-05-08,2020-06-05,37.5,1.0,None,Fixed Term,On Leave,CY436845,2027-11-09,QD035193,2026-12-06,2026-11-18,2020-05-29
EMP0443-20260913_210742,Molly,Hill,howen@example.org,1987-10-15,+44(0)121 496 0388,"Flat 3
Norman Pike
Craigmouth
N4 9YN",Male,Valleyview Mental Wellness NHS Trust,White,United States,ILR,AHP,Pharmacist,Critical Care & Anaesthesia,5,22.57,2020-11-02,2020-12-07,18.75,0.5,None,Permanent,Inactive,WB306807,2031-04-18,QK908111,2028-12-08,2026-11-19,2020-11-23
EMP0444-20260913_210742,Amelia,Gibson,shannonwest@example.org,1997-04-23,+441144960468,"7 Cameron Mills
Jemmaville
W32 3BQ",Female,Lakeside District Hospitals NHS Trust,Asian,China,Dependent,Admin,Administrator,Women & Children,3,15.07,2023-05-31,2023-06-28,18.75,0.5,None,Bank,Active,WG248839,2027-07-23,BO479072,2030-09-29,2027-05-07,2023-06-21
EMP0445-20260913_210742,Joseph,Martin,vclark@example.com,1977-06-20,+44113 4960552,"48 Kayleigh Overpass
North Jeffreyshire
HR29 8GS",Male,Northwood Mental Health NHS Trust,White,United States,Skilled Worker,Admin,Data Analyst,Surgery & Cancer,8A,29.12,2024-04-24,2024-06-05,37.5,1.0,GMC,Bank,Suspended,MK770953,2026-12-23,ZN338412,2027-08-23,2026-11-27,2024-05-15
EMP0446-20260913_210742,Leigh,Richards,wlyons@example.net,1985-09-28,+44(0)808 157 0703,"943 Mohamed Light
Annview
MK1Y 1YD",Female,Southvale Hospitals NHS Trust,White,United States,ILR,Medical,FY1/FY2,Emergency & Urgent Care,FY1,21.5,2020-03-08,2020-04-12,15.0,0.4,NMC,Permanent,Active,FC732445,2030-10-25,UG328250,2030-10-09,2026-10-23,2020-03-29
EMP0447-20260913_210742,Leon,Kaur,ubarker@example.net,1963-06-28,+44(0)141 4960894,"293 Dawn Bridge
Aliceton
DT59 1GP",Female,Greenhaven Acute & Specialist Care NHS Trust,Asian,Japan,British Citizen,Medical,Registrar,Emergency & Urgent Care,SPR,42.46,2020-02-27,2020-03-26,18.75,0.5,NMC,Fixed Term,Inactive,MF853518,2029-08-05,MG981622,2030-10-29,2027-08-17,2020-03-19
EMP0448-20260913_210742,Paula,Jones,jacksonjames@example.net,1973-05-25,(0115)4960529,"Flat 05
Pearson Stream
Wrightport
EC3P 5LL",Female,Oakridge Community Services NHS Trust,Mixed,Jamaica,British Citizen,Nursing,Senior Staff Nurse,Critical Care & Anaesthesia,6,23.78,2025-03-08,2025-04-12,20.0,0.53,GMC,Fixed Term,Active,KP012411,2031-01-19,YK899678,2026-11-03,2026-10-31,2025-03-29
EMP0449-20260913_210742,Grace,Miah,qstevenson@example.org,1968-12-26,0118 496 0630,"Studio 6
Anne Flats
East Eleanorshire
BS08 3DX",Male,Horizon Integrated Health Partnership NHS Trust,Mixed,United Kingdom,British Citizen,Medical,Consultant,Clinical Support Services,CONS,70.6,2022-06-19,2022-07-24,20.0,0.53,None,Fixed Term,Suspended,GA530911,2026-12-29,II619666,2031-02-04,2027-04-14,2022-07-10
EMP0450-20260913_210742,Sheila,Dawson,sandra45@example.org,2000-06-17,+44(0)116 496 0267,"7 Damien Fork
Joannaton
OL69 3UB",Male,Westborough Acute Care NHS Trust,White,United Kingdom,ILR,Medical,FY1/FY2,Critical Care & Anaesthesia,FY1,20.22,2022-07-21,2022-09-01,20.0,0.53,GMC,Bank,On Leave,GO768101,2026-09-15,HX191851,2031-01-22,2027-08-13,2022-08-11
EMP0451-20260913_210742,Jasmine,Wright,jross@example.net,1968-04-17,+442074960238,"Studio 5
Teresa Tunnel
Lake Callumhaven
M3E 9US",Female,Bluewater Community & Rehabilitation NHS Trust,Mixed,India,ILR,Nursing,Senior Staff Nurse,Clinical Support Services,6,23.95,2017-02-21,2017-04-04,20.0,0.53,None,Fixed Term,Suspended,LU908802,2030-04-02,XJ062342,2027-07-20,2027-07-02,2017-03-14
EMP0452-20260913_210742,Nigel,Newman,robinsonsam@example.org,1961-11-02,(0191) 496 0012,"Flat 87t
Graham Lake
Brandonborough
N3 4RN",Male,Broadfield Clinical Services NHS Trust,Asian,Thailand,ILR,AHP,Physiologist,Critical Care & Anaesthesia,6,24.45,2021-07-04,2021-08-01,30.0,0.8,HCPC,Fixed Term,Suspended,PR208708,2027-03-17,AH269793,2031-01-22,2026-09-17,2021-07-25
EMP0453-20260913_210742,Martyn,Kelly,rhysward@example.org,2002-05-26,0141 4960663,"3 Stephenson Villages
Smithchester
N3A 5SL",Female,Midlands Central Hospitals NHS Trust,White,Canada,ILR,Medical,SHO,Corporate Services,SHO,25.71,2017-07-23,2017-08-27,20.0,0.53,NMC,Permanent,On Leave,UQ349101,2031-08-09,DB484195,2030-04-27,2026-12-16,2017-08-13
EMP0454-20260913_210742,Sian,Anderson,qwest@example.org,2002-05-08,+44116 4960845,"779 Valerie Pass
Jonesborough
DT5X 9EW",Female,Westborough Acute Care NHS Trust,Asian,India,British Citizen,Admin,Data Analyst,Surgery & Cancer,8A,29.15,2021-01-07,2021-02-11,20.0,0.53,HCPC,Fixed Term,On Leave,JM346079,2030-01-23,TP856908,2030-03-09,2027-05-10,2021-01-28
EMP0455-20260913_210742,Arthur,Fletcher,vdixon@example.org,1964-05-12,0161 4960307,"Studio 0
Andrew Walks
Port Damien
CA3 0BE",Male,Hillcrest Medical Centres NHS Trust,Mixed,Thailand,Dependent,Nursing,Senior Staff Nurse,Clinical Support Services,6,22.71,2022-06-05,2022-07-03,20.0,0.53,NMC,Permanent,Inactive,SA601599,2029-11-23,HC397663,2029-01-16,2026-12-31,2022-06-26
EMP0456-20260913_210742,Sam,Burrows,amanda81@example.org,1996-01-11,0909 879 0655,"12 Hobbs Mission
Christianland
KW1V 4YL",Female,Southvale Hospitals NHS Trust,Asian,China,ILR,Nursing,Nursery Nurse,Critical Care & Anaesthesia,2,13.62,2024-09-06,2024-10-18,20.0,0.53,HCPC,Bank,Active,GB915454,2027-08-05,AN017906,2031-04-16,2027-05-07,2024-09-27
EMP0457-20260913_210742,Rosemary,Baker,josh85@example.com,1977-10-28,+44117 496 0420,"Studio 7
Leonard Springs
West Harriet
LL06 0AE",Male,Greenhaven Acute & Specialist Care NHS Trust,White,Canada,British Citizen,AHP,Pharmacist,Surgery & Cancer,5,19.56,2019-06-13,2019-07-11,37.5,1.0,None,Fixed Term,Inactive,FG143014,2030-12-13,FH769757,2030-03-22,2026-10-27,2019-07-04
EMP0458-20260913_210742,Christine,Gilbert,odean@example.net,1980-12-15,+4429 2018 0179,"Studio 7
Jones Keys
East Albert
DY11 5DR",Male,Midlands Central Hospitals NHS Trust,White,United Kingdom,Dependent,Medical,Registrar,Corporate Services,SPR,39.01,2022-01-11,2022-02-22,20.0,0.53,NMC,Permanent,Inactive,SD823036,2031-02-02,UO100425,2030-04-27,2026-11-18,2022-02-01
EMP0459-20260913_210742,Teresa,Patel,johnchamberlain@example.com,1981-07-16,(0808) 157 0480,"Studio 2
Nicholas Mission
Leslieside
PR6V 2BH",Female,Oakridge Community Services NHS Trust,White,Australia,British Citizen,Medical,Registrar,Critical Care & Anaesthesia,SPR,41.66,2022-06-12,2022-07-24,37.5,1.0,NMC,Permanent,Active,MG472194,2026-11-20,KE321233,2028-03-04,2026-12-12,2022-07-03
EMP0460-20260913_210742,Guy,Smith,kate97@example.org,2003-01-27,+44(0)1632960297,"Studio 61
Mandy Crescent
North Joanne
SW0R 1XZ",Female,Meadowbrook Community Health NHS Trust,Mixed,United Kingdom,ILR,AHP,Occupational Therapist,Surgery & Cancer,6,26.63,2023-09-25,2023-11-06,37.5,1.0,NMC,Permanent,Suspended,JQ707335,2029-11-05,GB905196,2029-04-21,2027-05-12,2023-10-16
EMP0461-20260913_210742,Kerry,Franklin,escott@example.org,1992-02-01,+44(0)117 4960019,"Flat 71
Butler Pines
McDonaldmouth
SN4A 1WN",Female,Lakeside District Hospitals NHS Trust,Black,South Africa,Skilled Worker,AHP,Physiotherapist,Emergency & Urgent Care,6,23.54,2019-08-22,2019-09-26,20.0,0.53,HCPC,Fixed Term,Active,WO371348,2028-10-05,LI011414,2027-07-22,2026-12-20,2019-09-12
EMP0462-20260913_210742,Stephen,Oliver,phillipstoby@example.org,1976-11-03,09098790468,"455 Elliot Burgs
West Jakeshire
PH1 2SX",Female,Riverbank General Hospitals NHS Trust,White,United Kingdom,Dependent,Nursing,Healthcare Assistant,Medicine & Acute Care,2,13.14,2022-03-02,2022-03-30,20.0,0.53,GMC,Bank,Inactive,CH687770,2027-08-19,NK813016,2027-10-27,2026-11-07,2022-03-23
EMP0463-20260913_210742,Barbara,Young,ymorgan@example.org,1978-10-06,+44(0)1632960005,"27 Banks Ranch
Lake Charles
SW9 7JX",Female,Northwood Mental Health NHS Trust,Asian,Thailand,British Citizen,Admin,Administrator,Surgery & Cancer,3,14.48,2023-06-20,2023-08-01,30.0,0.8,GMC,Permanent,On Leave,ZQ953704,2031-08-12,LG227980,2026-11-02,2027-04-04,2023-07-11
EMP0464-20260913_210742,Denis,Brown,clarejones@example.org,1978-09-29,01514960660,"5 Ben Haven
Marshallstad
S6E 4BY",Male,Meadowbrook Community Health NHS Trust,Black,Kenya,ILR,Medical,Consultant,Medicine & Acute Care,CONS,68.88,2017-05-05,2017-06-02,37.5,1.0,GMC,Bank,On Leave,GP252954,2028-02-17,UC462405,2029-01-20,2027-05-11,2017-05-26
EMP0465-20260913_210742,Christine,Cox,leemaurice@example.com,1985-04-17,+441164960850,"Flat 6
Carly Path
North Jordan
L94 6RH",Female,Westmere Community Health NHS Trust,Black,Ghana,ILR,Admin,Administrator,Corporate Services,3,14.41,2018-01-02,2018-02-13,20.0,0.53,None,Permanent,Suspended,XT265704,2027-05-18,RC963660,2028-07-15,2026-10-20,2018-01-23
EMP0466-20260913_210742,Nicholas,Dixon,robertsnathan@example.com,2000-06-28,+44909 8790360,"Studio 28
Robinson Spurs
Port Raymondbury
L4D 7NR",Female,Broadfield Clinical Services NHS Trust,Black,South Africa,ILR,Medical,Consultant,Surgery & Cancer,CONS,58.57,2025-05-15,2025-06-19,37.5,1.0,None,Fixed Term,Active,FZ086806,2029-04-22,JZ935852,2028-07-26,2027-05-28,2025-06-05
EMP0467-20260913_210742,Hilary,Price,parrydeclan@example.net,1983-11-24,01914960002,"309 Leonard Ford
New Tomhaven
WA33 3YF",Female,Eastfield Psychological Services NHS Trust,Black,Trinidad and Tobago,Skilled Worker,Admin,Receptionist,Women & Children,3,13.43,2022-03-24,2022-05-05,18.75,0.5,None,Bank,Suspended,ML450541,2029-07-04,RU717660,2029-12-21,2026-11-12,2022-04-14
EMP0468-20260913_210742,Albert,Richardson,vanessadavies@example.com,1965-12-29,01174960676,"Flat 26
Antony Dam
Kellyland
PA0W 7GA",Female,Westmere Community Health NHS Trust,Black,Ghana,Dependent,Admin,Data Analyst,Corporate Services,8A,29.53,2021-08-19,2021-09-16,15.0,0.4,HCPC,Fixed Term,Inactive,EX193664,2029-07-16,QJ033908,2028-07-13,2026-12-23,2021-09-09
EMP0469-20260913_210742,Christian,Lambert,henry29@example.org,1974-05-06,+44808 157 0644,"Flat 1
Martin Mountains
Mitchellchester
AB8 5AW",Female,Northshire University Hospitals NHS Trust,Asian,Thailand,Skilled Worker,Nursing,Nursery Nurse,Surgery & Cancer,2,12.59,2023-01-30,2023-02-27,30.0,0.8,HCPC,Bank,On Leave,VZ360248,2028-04-26,XG208648,2027-08-01,2027-06-25,2023-02-20
EMP0470-20260913_210742,Sarah,Banks,alanryan@example.org,2000-02-20,01144960207,"Flat 61
William Circle
West Junechester
L8 5EG",Female,Bluewater Community & Rehabilitation NHS Trust,White,United Kingdom,British Citizen,AHP,Radiographer,Emergency & Urgent Care,6,27.2,2017-01-19,2017-02-23,15.0,0.4,HCPC,Fixed Term,Active,UL859870,2030-11-29,MO665947,2028-02-09,2027-06-25,2017-02-09
EMP0471-20260913_210742,Kieran,Roberts,juliageorge@example.com,1984-07-17,(0808) 157 0267,"Flat 43m
Gemma Lakes
East Stanley
CH5 7GZ",Female,Southvale Hospitals NHS Trust,Mixed,Jamaica,Dependent,Medical,FY1/FY2,Women & Children,FY1,18.49,2017-06-16,2017-07-14,15.0,0.4,GMC,Bank,Suspended,TT445182,2028-09-15,AV289900,2027-07-12,2026-12-28,2017-07-07
EMP0472-20260913_210742,Hollie,Wood,jonesdominic@example.com,1972-09-19,+44116 4960201,"Studio 47E
Pope Trail
Port Rachel
DN5A 7FF",Male,Eastmoor Teaching Hospitals NHS Trust,Mixed,New Zealand,British Citizen,Admin,Administrator,Women & Children,3,14.11,2025-06-24,2025-07-29,37.5,1.0,None,Fixed Term,On Leave,MN772502,2030-09-06,FU031747,2030-06-01,2026-09-18,2025-07-15
EMP0473-20260913_210742,Victor,Austin,lbailey@example.org,1991-09-13,(0161) 496 0327,"3 Stevens Roads
Smithland
L0T 9LX",Female,Riverbank General Hospitals NHS Trust,White,United Kingdom,Skilled Worker,AHP,Occupational Therapist,Critical Care & Anaesthesia,6,23.07,2025-07-22,2025-08-19,15.0,0.4,None,Fixed Term,Suspended,OV120855,2030-05-31,XE638024,2030-11-09,2027-02-07,2025-08-12
EMP0474-20260913_210742,Janice,Whitehead,stevensjemma@example.org,1964-10-19,(0141) 4960232,"Studio 0
Margaret Freeway
Taylorside
S5F 7AH",Male,Hillcrest Medical Centres NHS Trust,White,New Zealand,Dependent,Nursing,Ward Manager,Critical Care & Anaesthesia,8A,33.48,2020-08-16,2020-09-27,20.0,0.53,GMC,Bank,Inactive,MI182387,2027-11-10,EL509844,2027-01-01,2026-10-10,2020-09-06
EMP0475-20260913_210742,Brett,Clements,mariehammond@example.net,2008-05-27,01514960564,"Studio 38a
Shannon Field
North Michelle
EN53 4DU",Male,Westborough Acute Care NHS Trust,Asian,India,Skilled Worker,Medical,FY1/FY2,Critical Care & Anaesthesia,FY1,19.45,2023-02-17,2023-03-24,20.0,0.53,NMC,Permanent,Active,ZI777825,2029-07-30,ND573749,2027-07-15,2027-02-08,2023-03-10
EMP0476-20260913_210742,Reece,Smith,bondmohamed@example.com,2007-12-24,(0116)4960714,"4 Willis Plain
North Lynnemouth
CA8V 0RS",Male,Eastmoor Teaching Hospitals NHS Trust,Asian,Japan,Skilled Worker,Admin,Medical Secretary,Women & Children,4,19.14,2018-04-01,2018-04-29,18.75,0.5,GMC,Permanent,Inactive,HA982434,2028-12-03,QA488980,2027-03-02,2027-08-30,2018-04-22
EMP0477-20260913_210742,Jessica,Robinson,bethanyhughes@example.net,1966-07-03,0161 4960871,"Studio 75C
John Shores
Sylviatown
W0 8ZJ",Male,Eastfield Psychological Services NHS Trust,Asian,India,Skilled Worker,Medical,FY1/FY2,Medicine & Acute Care,FY1,19.48,2022-01-13,2022-02-24,18.75,0.5,HCPC,Bank,Suspended,ZB894663,2029-08-12,PS744541,2027-08-04,2027-05-15,2022-02-03
EMP0478-20260913_210742,Joan,Butler,obarnett@example.net,1990-06-05,+4429 2018050,"57 Dale Route
Jasonport
GL6V 5SJ",Male,Northshire University Hospitals NHS Trust,Black,Nigeria,Skilled Worker,Admin,Medical Secretary,Women & Children,4,17.06,2025-12-01,2025-12-29,20.0,0.53,GMC,Permanent,Suspended,BH293927,2028-04-11,HW530182,2028-09-09,2026-09-16,2025-12-22
EMP0479-20260913_210742,Sian,James,meganward@example.net,1968-08-14,+44116 4960381,"Studio 4
Joanne Lock
South Alexchester
S3 3PP",Male,Oakridge Community Services NHS Trust,Mixed,China,Dependent,AHP,Physiotherapist,Surgery & Cancer,6,28.09,2024-05-31,2024-07-12,18.75,0.5,HCPC,Fixed Term,Suspended,LG868270,2030-02-25,UA305953,2031-02-24,2027-04-14,2024-06-21
EMP0480-20260913_210742,Elliot,Cooke,bhayes@example.com,1981-07-02,+44(0)161 4960833,"Studio 48
Stacey Course
West Aliceshire
NN9W 3US",Male,Northwood Mental Health NHS Trust,White,New Zealand,British Citizen,Nursing,Senior Staff Nurse,Women & Children,6,24.49,2026-07-19,2026-08-23,20.0,0.53,None,Bank,On Leave,GZ959961,2028-04-21,AN192147,2031-01-02,2027-04-23,2026-08-09
EMP0481-20260913_210742,Glen,Thomas,abennett@example.org,1981-02-24,+44(0)1154960932,"01 Savage Cove
New Graemestad
WC59 0HS",Male,Northshire University Hospitals NHS Trust,Mixed,Barbados,Skilled Worker,Admin,Receptionist,Surgery & Cancer,3,14.01,2019-08-22,2019-09-19,37.5,1.0,GMC,Fixed Term,Active,YF393872,2027-08-07,HH379704,2030-01-03,2027-08-29,2019-09-12
EMP0482-20260913_210742,Frank,Cooke,christine29@example.org,1981-09-10,(0151) 4960063,"Studio 37
Bethany Freeway
Port Garethstad
SM7N 1GQ",Female,Horizon Integrated Health Partnership NHS Trust,Asian,India,Dependent,AHP,Occupational Therapist,Medicine & Acute Care,6,26.03,2017-02-07,2017-03-21,20.0,0.53,HCPC,Bank,Suspended,FM224960,2029-02-13,GR473225,2026-12-09,2027-07-02,2017-02-28
EMP0483-20260913_210742,Eric,Vaughan,dunnlucy@example.net,1969-08-08,+44113 496 0773,"746 Page Vista
New Alanbury
BR8R 1DL",Female,Southgate Community & Mental Health NHS Trust,Black,Barbados,British Citizen,AHP,Occupational Therapist,Critical Care & Anaesthesia,6,27.17,2017-12-25,2018-01-29,15.0,0.4,None,Bank,Active,DK864418,2027-03-13,BP528980,2027-12-25,2026-09-28,2018-01-15
EMP0484-20260913_210742,Vanessa,Anderson,irogers@example.com,1978-06-04,01134960637,"Studio 16E
Colin Views
Joshstad
PH56 1YE",Female,Lakeside District Hospitals NHS Trust,Asian,Japan,Dependent,AHP,Occupational Therapist,Critical Care & Anaesthesia,6,23.01,2025-08-30,2025-10-04,20.0,0.53,None,Permanent,Inactive,YF246664,2027-07-16,PJ622364,2029-11-13,2027-04-06,2025-09-20
EMP0485-20260913_210742,Alice,Todd,brownmathew@example.net,1980-09-02,(0118) 4960688,"Studio 50i
Mitchell Brook
Bradshawton
L0K 8DU",Male,Eastfield Psychological Services NHS Trust,Black,Jamaica,Dependent,Admin,Medical Secretary,Medicine & Acute Care,4,19.1,2019-04-18,2019-05-23,20.0,0.53,GMC,Fixed Term,Suspended,OD218573,2030-07-27,MM357025,2028-07-22,2027-01-13,2019-05-09
EMP0486-20260913_210742,Debra,Marshall,nroberts@example.com,1975-05-09,+44(0)151 4960266,"Flat 8
Brown Turnpike
East Hollieberg
S8 4BS",Male,Southgate Community & Mental Health NHS Trust,White,United Kingdom,British Citizen,AHP,Occupational Therapist,Emergency & Urgent Care,6,25.81,2017-04-19,2017-05-24,18.75,0.5,NMC,Bank,Suspended,GW584187,2026-12-22,AF478545,2031-01-27,2027-02-10,2017-05-10
EMP0487-20260913_210742,James,Miller,zsmith@example.net,2004-04-19,+44114 4960477,"Studio 2
Horton Cape
Robertsstad
SY7 0QW",Male,Riverbank General Hospitals NHS Trust,Black,Kenya,Dependent,Medical,FY1/FY2,Critical Care & Anaesthesia,FY1,19.28,2026-03-18,2026-04-29,15.0,0.4,NMC,Fixed Term,Inactive,EW888669,2028-07-27,UN779635,2030-01-20,2026-12-13,2026-04-08
EMP0488-20260913_210742,Iain,Winter,bharvey@example.org,1971-03-04,0191 4960307,"470 Molly Shores
Kyleside
M2T 2YT",Female,Eastmoor Teaching Hospitals NHS Trust,Black,South Africa,Dependent,Admin,Receptionist,Clinical Support Services,3,16.27,2021-04-01,2021-05-13,15.0,0.4,GMC,Bank,Suspended,NE656175,2028-07-06,VD711709,2030-03-12,2026-11-04,2021-04-22
EMP0489-20260913_210742,Claire,Chambers,teresa46@example.com,1969-04-09,(028) 9018522,"Flat 28u
Gail Mission
North Natashaland
B2 4EL",Male,Midlands Central Hospitals NHS Trust,White,Canada,Dependent,Nursing,Ward Manager,Critical Care & Anaesthesia,8A,28.89,2025-05-31,2025-06-28,18.75,0.5,GMC,Permanent,On Leave,OA034457,2026-12-06,EV660001,2030-05-15,2027-03-29,2025-06-21
EMP0490-20260913_210742,Marian,Goddard,georgemurray@example.com,1978-11-28,+443069990555,"8 Terry Loop
Grahamstad
BD4 8NZ",Male,Midlands Central Hospitals NHS Trust,Asian,China,Dependent,Medical,SHO,Clinical Support Services,SHO,30.06,2017-02-13,2017-03-27,30.0,0.8,None,Permanent,Suspended,VX859601,2028-10-29,XR480900,2028-04-13,2027-01-29,2017-03-06
EMP0491-20260913_210742,Stephanie,Bell,randallstacey@example.net,1997-12-23,+44(0)1632 960342,"Flat 6
Rachael Square
Port Lee
HP6B 8WJ",Female,Northwood Mental Health NHS Trust,Black,Ghana,Dependent,AHP,Physiologist,Medicine & Acute Care,6,23.44,2017-05-22,2017-07-03,18.75,0.5,None,Fixed Term,Inactive,EI107027,2031-05-05,GD049442,2030-08-11,2027-07-26,2017-06-12
EMP0492-20260913_210742,Kevin,Robinson,fwilliams@example.com,1962-04-01,+44114 4960905,"Flat 3
Harrison Highway
Raymondview
SP3 9PZ",Male,Meadowbrook Community Health NHS Trust,Black,South Africa,Dependent,Nursing,Senior Staff Nurse,Critical Care & Anaesthesia,6,26.89,2018-10-04,2018-11-01,15.0,0.4,HCPC,Bank,Active,GZ836997,2027-05-07,JA375216,2027-04-10,2026-11-19,2018-10-25
EMP0493-20260913_210742,Craig,Hudson,iaindunn@example.org,1976-09-10,(0114) 4960157,"Studio 5
Jordan Locks
New Hannah
EX5 6UZ",Male,Northwood Mental Health NHS Trust,Asian,India,Dependent,AHP,Radiographer,Corporate Services,6,26.72,2017-02-04,2017-03-11,15.0,0.4,HCPC,Permanent,Active,EP796851,2031-01-17,KJ366639,2031-05-14,2026-12-23,2017-02-25
EMP0494-20260913_210742,Chloe,Baker,louisefrancis@example.com,1995-10-14,0306 999 0557,"49 Alex Square
Simpsonmouth
HU60 3UY",Female,Valleyview Mental Wellness NHS Trust,White,Canada,Dependent,Admin,Medical Secretary,Corporate Services,4,16.1,2023-07-15,2023-08-26,15.0,0.4,HCPC,Bank,On Leave,VO809413,2027-05-28,VT533431,2026-11-06,2027-03-10,2023-08-05
EMP0495-20260913_210742,Kelly,Carr,iyoung@example.net,1998-03-22,0115 496 0593,"Flat 92
Mitchell Crest
Griffithsmouth
E53 4WY",Male,Southvale Hospitals NHS Trust,Asian,Japan,British Citizen,AHP,Speech Therapist,Women & Children,6,24.45,2018-02-14,2018-03-14,15.0,0.4,GMC,Permanent,Active,WK897333,2028-10-28,RD976840,2030-09-16,2027-05-21,2018-03-07
EMP0496-20260913_210742,Justin,Sims,martyndaniels@example.com,1961-03-31,+441144960198,"845 Jayne Villages
Port Mathew
PL8V 1UX",Male,Southgate Community & Mental Health NHS Trust,Black,Ghana,Skilled Worker,Medical,FY1/FY2,Corporate Services,FY1,20.47,2017-09-05,2017-10-03,15.0,0.4,HCPC,Permanent,Active,SE434316,2031-05-04,PV448030,2027-07-27,2027-03-07,2017-09-26
EMP0497-20260913_210742,Abdul,Lee,douglas20@example.net,1984-04-08,+44(0)1632960661,"43 Robin Mission
Lyndaville
TR4 3JP",Male,Meadowbrook Community Health NHS Trust,Mixed,Canada,British Citizen,Admin,Receptionist,Women & Children,3,15.98,2017-02-14,2017-03-14,15.0,0.4,HCPC,Fixed Term,Suspended,EP853370,2030-08-31,YE455101,2031-08-23,2027-08-04,2017-03-07
EMP0498-20260913_210742,Paul,Harris,markroberts@example.net,1988-03-04,+44(0)20 74960687,"177 Dennis Road
Hudsonton
N6 2HJ",Female,Southgate Community & Mental Health NHS Trust,Asian,Japan,Skilled Worker,Admin,Data Analyst,Emergency & Urgent Care,8A,30.82,2022-09-01,2022-09-29,37.5,1.0,None,Fixed Term,Active,NR514643,2030-06-14,BT387559,2028-05-18,2026-10-06,2022-09-22
EMP0499-20260913_210742,Tina,Arnold,denisebutler@example.org,1992-11-24,(029) 2018 0139,"Studio 39R
Reynolds Walks
Port Wendy
S5U 7PP",Male,Midlands Central Hospitals NHS Trust,Asian,China,Dependent,Admin,Medical Secretary,Critical Care & Anaesthesia,4,15.88,2026-05-02,2026-05-30,18.75,0.5,HCPC,Bank,Active,LB351377,2027-08-19,GV472517,2031-03-20,2027-06-16,2026-05-23
EMP0500-20260913_210742,Jayne,Andrews,danielthompson@example.org,1975-05-14,+449098790760,"635 Steele Wall
West Suzanneborough
IG78 2XF",Male,Riverside Integrated Care NHS Trust,Asian,Thailand,Dependent,Medical,Consultant,Emergency & Urgent Care,CONS,65.73,2018-11-29,2019-01-10,20.0,0.53,NMC,Permanent,Active,KR969874,2028-02-03,AP724665,2030-03-01,2027-07-11,2018-12-20
EMP0501-20260913_210742,Roy,Cunningham,allenabdul@example.org,1985-08-09,+44114 496 0192,"67 Palmer Island
Tinaside
BL2 3FE",Female,Southvale Hospitals NHS Trust,Black,Nigeria,British Citizen,Admin,Administrator,Surgery & Cancer,3,16.11,2020-06-21,2020-08-02,20.0,0.53,HCPC,Permanent,Inactive,JN318833,2031-05-14,GN721003,2027-07-20,2027-01-22,2020-07-12
EMP0502-20260913_210742,Joseph,Atkins,danielle68@example.net,1982-07-14,+441174960477,"Flat 13
Justin Mission
Heathland
HD0Y 3WX",Male,Lakeside District Hospitals NHS Trust,White,United States,ILR,Nursing,Senior Staff Nurse,Surgery & Cancer,6,26.67,2023-11-21,2023-12-19,18.75,0.5,None,Fixed Term,Suspended,MB277406,2028-10-03,GN945072,2030-02-25,2027-07-18,2023-12-12
EMP0503-20260913_210742,Tina,Davis,fordhayley@example.net,1988-09-16,+441614960533,"4 Jeffrey Drive
Kieranside
TN66 5UN",Female,Meadowbrook Community Health NHS Trust,Black,Barbados,British Citizen,AHP,Pharmacist,Corporate Services,5,22.28,2021-05-31,2021-06-28,15.0,0.4,GMC,Fixed Term,Inactive,YZ232083,2027-10-20,YI550950,2031-07-20,2027-06-07,2021-06-21
EMP0504-20260913_210742,Jennifer,O'Brien,michellewilliams@example.org,2006-04-20,+44(0)114 4960152,"Flat 27z
Ann Union
Rhodesshire
G04 4SH",Male,Lakeside District Hospitals NHS Trust,Black,Trinidad and Tobago,Skilled Worker,Nursing,Charge Nurse,Surgery & Cancer,7,26.99,2020-12-07,2021-01-11,30.0,0.8,GMC,Fixed Term,On Leave,HL658714,2026-09-25,OV909877,2031-08-05,2026-11-10,2020-12-28
EMP0505-20260913_210742,Alexandra,Parkes,rebecca32@example.com,2008-03-18,+44292018678,"401 Julia Hollow
Brownview
L8F 9QJ",Male,Westborough Acute Care NHS Trust,Asian,China,ILR,Medical,SHO,Women & Children,SHO,25.93,2023-01-21,2023-03-04,18.75,0.5,None,Permanent,Suspended,TS502682,2028-11-03,OZ939920,2030-09-05,2027-08-10,2023-02-11
EMP0506-20260913_210742,Jennifer,Lowe,tashton@example.com,1998-08-16,+44(0)306 9990620,"Flat 83M
Robin Loaf
Woodland
KW9 1PS",Female,Northwood Mental Health NHS Trust,Asian,China,Dependent,Admin,Data Analyst,Women & Children,8A,30.04,2022-01-27,2022-03-10,18.75,0.5,NMC,Fixed Term,Inactive,MM954802,2029-11-16,HG145912,2029-03-01,2027-03-27,2022-02-17
EMP0507-20260913_210742,Karen,Anderson,lewis54@example.com,1976-08-04,(0115)4960380,"201 Glover Vista
South Lorraine
TF5 5HY",Male,Hillcrest Medical Centres NHS Trust,White,Canada,ILR,AHP,Physiologist,Critical Care & Anaesthesia,6,25.73,2019-01-30,2019-03-06,18.75,0.5,None,Permanent,Inactive,TH778162,2026-12-14,OU017084,2027-12-01,2027-02-12,2019-02-20
EMP0508-20260913_210742,Jenna,Cooper,james34@example.com,1978-09-30,+44(0)114 496 0608,"Flat 31I
Jason Mill
Evansside
WC2R 3ED",Male,Riverbank General Hospitals NHS Trust,Asian,Japan,British Citizen,Nursing,Staff Nurse,Surgery & Cancer,5,22.88,2018-01-30,2018-03-13,15.0,0.4,NMC,Fixed Term,On Leave,YA197897,2028-09-26,JX194025,2026-12-28,2027-05-18,2018-02-20
EMP0509-20260913_210742,Carole,Morgan,cjohnson@example.org,2000-01-28,+44(0)808 157 0427,"96 Dickinson Brook
Benmouth
ML6E 5WA",Female,Hillcrest Medical Centres NHS Trust,Asian,Thailand,British Citizen,Nursing,Charge Nurse,Critical Care & Anaesthesia,7,32.99,2017-05-14,2017-06-25,20.0,0.53,NMC,Permanent,Inactive,NU212269,2027-05-30,IL030947,2027-07-22,2026-10-17,2017-06-04
EMP0510-20260913_210742,Elliot,Rees,tina91@example.net,2004-04-01,+441154960101,"Flat 79a
Marian Isle
East Gailton
DH3 0WU",Female,Westborough Acute Care NHS Trust,Black,Nigeria,ILR,Medical,Consultant,Emergency & Urgent Care,CONS,63.35,2022-04-02,2022-04-30,18.75,0.5,HCPC,Permanent,Suspended,MD449139,2030-10-31,FM505337,2029-05-30,2027-08-12,2022-04-23
EMP0511-20260913_210742,Carol,Barrett,lynncarter@example.com,1961-05-08,(0808)1570709,"4 Hopkins Trail
Jamieborough
S1 4TZ",Female,Eastmoor Teaching Hospitals NHS Trust,Mixed,Ghana,Skilled Worker,Medical,SHO,Corporate Services,SHO,25.7,2019-10-28,2019-12-09,30.0,0.8,GMC,Fixed Term,Inactive,JB024484,2027-08-18,AE915046,2028-07-07,2027-05-12,2019-11-18
EMP0512-20260913_210742,Kelly,Simpson,davieschristine@example.org,1964-09-18,020 74960814,"Studio 45P
Carole Stravenue
North Dale
EN55 6FX",Male,Westmere Community Health NHS Trust,Mixed,United States,ILR,Nursing,Staff Nurse,Emergency & Urgent Care,5,21.11,2019-02-17,2019-03-17,15.0,0.4,None,Bank,On Leave,TY965608,2031-05-02,NZ913488,2029-01-13,2027-02-16,2019-03-10
EMP0513-20260913_210742,Douglas,Baldwin,wheelermarilyn@example.org,1994-05-27,+44(0)118 496 0356,"236 Townsend Inlet
South Clairechester
N7U 9PP",Male,Bluewater Community & Rehabilitation NHS Trust,Mixed,Australia,ILR,Medical,Consultant,Corporate Services,CONS,64.36,2024-09-09,2024-10-14,37.5,1.0,NMC,Bank,On Leave,JT584485,2027-04-20,VD766987,2029-09-21,2026-12-02,2024-09-30
EMP0514-20260913_210742,Jake,Reed,huntglenn@example.org,1997-10-16,0161 4960942,"4 Smith Groves
Kellyview
DY0 5WA",Male,Westmere Community Health NHS Trust,Asian,Japan,British Citizen,AHP,Speech Therapist,Women & Children,6,26.44,2025-01-07,2025-02-04,20.0,0.53,None,Bank,Active,BT235081,2030-07-19,HU844563,2028-02-02,2027-03-26,2025-01-28
EMP0515-20260913_210742,Sylvia,Murphy,pjones@example.org,2000-05-26,+44(0)191 4960446,"Flat 8
Harvey Trafficway
Jonesburgh
CA7 6BE",Male,Southvale Hospitals NHS Trust,Mixed,Jamaica,Dependent,Medical,FY1/FY2,Emergency & Urgent Care,FY1,19.04,2019-01-26,2019-03-09,30.0,0.8,None,Fixed Term,Active,IU769811,2028-03-01,QJ824491,2029-10-23,2027-03-24,2019-02-16
EMP0516-20260913_210742,Alice,Bell,kathryngriffin@example.org,2000-02-01,0116 496 0188,"Studio 93m
Sharon Loaf
Port Matthew
S7W 2ER",Male,Eastmoor Teaching Hospitals NHS Trust,White,United States,British Citizen,Nursing,Nursery Nurse,Critical Care & Anaesthesia,2,13.07,2018-10-04,2018-11-15,18.75,0.5,NMC,Bank,On Leave,PU476158,2026-12-25,IN756598,2030-12-07,2027-01-28,2018-10-25
EMP0517-20260913_210742,Toby,Hussain,diana83@example.org,2006-10-03,+441514960079,"Studio 3
Moore Forge
Mitchellberg
DY7 3AD",Male,Bluewater Community & Rehabilitation NHS Trust,Mixed,United States,Skilled Worker,Medical,GP,Emergency & Urgent Care,GP,55.56,2020-03-06,2020-04-03,15.0,0.4,None,Fixed Term,Suspended,AD012506,2027-11-24,XY979480,2028-02-18,2026-12-23,2020-03-27
EMP0518-20260913_210742,Russell,Thompson,waynemoore@example.com,1978-09-22,0808 157 0887,"Flat 39
Mitchell Summit
Alanborough
SK7B 0NB",Female,Riverside Integrated Care NHS Trust,Asian,China,British Citizen,Medical,Registrar,Critical Care & Anaesthesia,SPR,39.03,2024-03-28,2024-05-02,20.0,0.53,NMC,Permanent,Inactive,SM550052,2027-04-26,CL922872,2029-09-03,2027-04-29,2024-04-18
EMP0519-20260913_210742,Beth,Thompson,mbarker@example.com,1969-01-06,+44141 496 0054,"2 Sutton Rapids
Samuelland
KY78 1TL",Female,Broadfield Clinical Services NHS Trust,Mixed,Japan,Dependent,Admin,Medical Secretary,Clinical Support Services,4,17.25,2020-09-02,2020-10-07,37.5,1.0,NMC,Fixed Term,Suspended,UM926735,2027-11-28,PW032350,2027-10-09,2026-11-07,2020-09-23
EMP0520-20260913_210742,Mandy,Martin,hpearson@example.net,1968-03-16,+44(0)9098790973,"Studio 0
Bailey Harbor
West Sophie
B21 4YF",Male,Horizon Integrated Health Partnership NHS Trust,Mixed,Japan,ILR,Nursing,Nursery Nurse,Clinical Support Services,2,12.95,2018-02-07,2018-03-07,37.5,1.0,HCPC,Bank,Inactive,XR334661,2028-09-01,TA144216,2030-03-07,2026-11-15,2018-02-28
EMP0521-20260913_210742,Leslie,Hudson,keith66@example.com,1974-06-30,01174960294,"Flat 23j
Harvey Radial
West Georgina
L26 1QE",Male,Westborough Acute Care NHS Trust,Asian,China,ILR,Medical,Registrar,Surgery & Cancer,SPR,34.6,2018-05-10,2018-06-14,15.0,0.4,GMC,Bank,Inactive,DX220141,2030-01-11,CT084901,2026-12-31,2027-02-26,2018-05-31
EMP0522-20260913_210742,Aaron,Burgess,lynnmistry@example.net,1983-09-26,+44117 4960342,"13 Clark Trafficway
Shannonton
W3W 1XR",Female,Midlands Central Hospitals NHS Trust,Mixed,Nigeria,Skilled Worker,AHP,Physiologist,Clinical Support Services,6,24.46,2017-05-10,2017-06-21,18.75,0.5,None,Fixed Term,Suspended,OB574298,2028-07-24,FO086679,2030-11-02,2026-11-02,2017-05-31
EMP0523-20260913_210742,Molly,Shepherd,bradshawdylan@example.com,1985-03-22,+441174960267,"Studio 0
Newman Island
Hillmouth
BB17 5PU",Male,Riverside Integrated Care NHS Trust,White,Australia,ILR,Nursing,Healthcare Assistant,Critical Care & Anaesthesia,2,13.61,2024-02-24,2024-04-06,15.0,0.4,HCPC,Permanent,Active,MX225053,2027-06-18,OK681526,2027-08-21,2026-10-27,2024-03-16
EMP0524-20260913_210742,Glen,Hammond,fcooper@example.net,2003-06-02,+44115 4960360,"Flat 59
Dale Land
Lake Jake
TQ3P 2HS",Female,Hillcrest Medical Centres NHS Trust,Black,Kenya,Dependent,Admin,Data Analyst,Medicine & Acute Care,8A,32.93,2020-11-15,2020-12-13,30.0,0.8,NMC,Fixed Term,Active,UR262087,2027-10-14,RA404875,2029-11-10,2027-07-28,2020-12-06
EMP0525-20260913_210742,Emma,Smith,bethany93@example.org,1991-06-30,+44(0)118 496 0276,"Flat 08
Stuart Grove
Brookestown
S37 7YR",Male,Westmere Community Health NHS Trust,Mixed,New Zealand,ILR,AHP,Physiotherapist,Women & Children,6,26.35,2022-06-18,2022-07-16,18.75,0.5,GMC,Fixed Term,Inactive,GF613779,2026-10-22,HA824462,2027-10-14,2027-01-01,2022-07-09
EMP0526-20260913_210742,Gerard,Walsh,dblackburn@example.org,1970-01-31,+441632 960 528,"Flat 28
Andrew Summit
Port Derek
FK6Y 2EP",Male,Meadowbrook Community Health NHS Trust,Black,Barbados,Skilled Worker,AHP,Occupational Therapist,Medicine & Acute Care,6,27.93,2022-05-09,2022-06-06,30.0,0.8,NMC,Fixed Term,Suspended,SH939319,2029-03-23,IR688896,2030-07-08,2026-09-26,2022-05-30
EMP0527-20260913_210742,Jasmine,Fry,boothdenis@example.net,2001-08-05,(0116) 4960790,"536 Doyle Lock
Port Iain
G8D 5JP",Female,Eastmoor Teaching Hospitals NHS Trust,Asian,India,Dependent,AHP,Physiologist,Corporate Services,6,23.22,2020-07-19,2020-08-30,37.5,1.0,None,Permanent,Inactive,FD641069,2029-11-18,SQ977278,2029-06-27,2026-10-11,2020-08-09
EMP0528-20260913_210742,Nathan,Reynolds,chill@example.org,1983-08-01,0151 496 0083,"Flat 8
Lesley Fort
North Rosiechester
KT20 1WX",Female,Lakeside District Hospitals NHS Trust,Mixed,Kenya,Skilled Worker,AHP,Occupational Therapist,Emergency & Urgent Care,6,23.37,2022-04-22,2022-06-03,18.75,0.5,None,Fixed Term,Active,UR562708,2028-08-07,EK538236,2031-06-02,2027-02-24,2022-05-13
EMP0529-20260913_210742,Leslie,Gibson,fellis@example.org,1983-03-22,+44(0)151 4960869,"516 Kim Vista
North Scott
N40 0HF",Male,Eastmoor Teaching Hospitals NHS Trust,White,New Zealand,ILR,Nursing,Healthcare Assistant,Medicine & Acute Care,2,12.57,2024-01-27,2024-02-24,30.0,0.8,GMC,Bank,Active,EL482071,2031-01-09,DT082514,2028-05-17,2026-11-27,2024-02-17
EMP0530-20260913_210742,Jane,Hudson,manntina@example.org,1984-03-09,0114 496 0434,"Studio 19l
Leigh Haven
Port Georgeview
N5 7PZ",Male,Meadowbrook Community Health NHS Trust,Black,Ghana,Dependent,AHP,Occupational Therapist,Corporate Services,6,27.9,2023-12-18,2024-01-29,30.0,0.8,None,Fixed Term,Inactive,ZR478659,2028-02-03,XC763289,2028-12-10,2027-02-16,2024-01-08
EMP0531-20260913_210742,Bethan,Ross,bbarnes@example.com,1999-09-22,+44161 4960214,"708 Reeves Ridge
Lake Robertview
B5S 4YW",Male,Southgate Community & Mental Health NHS Trust,White,United States,Skilled Worker,Nursing,Ward Manager,Women & Children,8A,28.68,2020-08-17,2020-09-28,37.5,1.0,HCPC,Permanent,Active,AT281344,2026-11-23,HE385903,2031-01-01,2027-07-20,2020-09-07
EMP0532-20260913_210742,Gavin,Johnson,rosieholden@example.net,1967-08-24,(0116) 496 0518,"4 Katherine Ways
Robinsonmouth
CA92 9QQ",Male,Greenhaven Acute & Specialist Care NHS Trust,White,Australia,Skilled Worker,Admin,Administrator,Critical Care & Anaesthesia,3,15.52,2018-04-20,2018-06-01,30.0,0.8,NMC,Bank,Inactive,KM932093,2030-05-29,PX574908,2028-04-28,2026-11-09,2018-05-11
EMP0533-20260913_210742,Rhys,Horton,suzanne88@example.net,1982-01-02,+44115 4960712,"08 Watkins Bypass
East Dominictown
L6S 2SW",Female,Eastfield Psychological Services NHS Trust,White,United States,ILR,AHP,Physiotherapist,Surgery & Cancer,6,27.52,2017-01-22,2017-03-05,18.75,0.5,NMC,Fixed Term,Active,PA799365,2029-06-16,JF284533,2030-11-06,2027-06-22,2017-02-12
EMP0534-20260913_210742,Elizabeth,Lloyd,losborne@example.org,1997-06-06,0292018611,"14 Townsend Extensions
New Maureen
DD0W 8DL",Male,Westmere Community Health NHS Trust,Black,Kenya,Skilled Worker,Nursing,Nursery Nurse,Medicine & Acute Care,2,13.36,2021-03-18,2021-04-22,20.0,0.53,NMC,Fixed Term,Suspended,LL091699,2030-11-28,AD355047,2026-12-18,2027-07-29,2021-04-08
EMP0535-20260913_210742,Angela,Carter,patriciaedwards@example.com,1982-08-16,+44115 496 0599,"Studio 3
Leslie Mountains
Mitchellshire
DD3E 6HW",Male,Westmere Community Health NHS Trust,Asian,Japan,ILR,AHP,Physiotherapist,Corporate Services,6,25.72,2018-06-26,2018-07-24,20.0,0.53,NMC,Bank,Suspended,ZH187294,2028-03-09,MY280708,2027-05-19,2027-05-19,2018-07-17
EMP0536-20260913_210742,Victoria,Doherty,bethanfield@example.com,1992-07-13,0292018614,"27 Emily Club
Shirleyton
S4 5GS",Female,Lakeside District Hospitals NHS Trust,Black,Nigeria,British Citizen,Medical,GP,Emergency & Urgent Care,GP,46.94,2026-06-12,2026-07-10,18.75,0.5,GMC,Permanent,On Leave,BI960860,2029-11-28,IE193024,2028-04-27,2027-02-13,2026-07-03
EMP0537-20260913_210742,Ben,Freeman,zkhan@example.com,1991-11-09,+44(0)289018497,"Studio 73
Bowen Points
Hussainfort
S3 7UU",Male,Midlands Central Hospitals NHS Trust,Mixed,China,Skilled Worker,Admin,Administrator,Clinical Support Services,3,15.87,2024-04-20,2024-06-01,37.5,1.0,None,Permanent,On Leave,PY239567,2026-12-15,VW877217,2029-01-15,2027-01-02,2024-05-11
EMP0538-20260913_210742,Ian,Richardson,linda32@example.net,1991-02-27,+44(0)1914960356,"496 Godfrey Drive
Katyfort
B5K 1JR",Female,Meadowbrook Community Health NHS Trust,Mixed,Trinidad and Tobago,Skilled Worker,Medical,SHO,Emergency & Urgent Care,SHO,25.6,2020-04-14,2020-05-19,37.5,1.0,GMC,Bank,Active,RX676381,2027-09-04,AP573799,2028-05-14,2027-07-29,2020-05-05
EMP0539-20260913_210742,June,Atkins,ystephenson@example.net,2003-06-26,+44116 496 0530,"Flat 0
Naylor Lakes
Stewartville
TN53 6TN",Female,Broadfield Clinical Services NHS Trust,White,New Zealand,Skilled Worker,Medical,FY1/FY2,Clinical Support Services,FY1,18.72,2019-05-21,2019-07-02,15.0,0.4,None,Permanent,Suspended,NX390455,2029-09-19,ZF862083,2027-09-08,2027-03-25,2019-06-11
EMP0540-20260913_210742,Carolyn,Gibbs,janice28@example.net,1966-12-30,(0151) 496 0188,"Flat 51
King Vista
Hillfurt
BD6V 7AF",Male,Bluewater Community & Rehabilitation NHS Trust,Asian,Thailand,ILR,AHP,Physiotherapist,Medicine & Acute Care,6,24.39,2026-05-31,2026-06-28,15.0,0.4,GMC,Permanent,Inactive,JY115667,2027-03-23,JD933167,2029-03-24,2026-09-20,2026-06-21
EMP0541-20260913_210742,Josh,Khan,hwheeler@example.net,1992-07-17,(0808) 157 0189,"Studio 46
Crawford Court
North Kim
W37 9WG",Male,Eastmoor Teaching Hospitals NHS Trust,Mixed,Ghana,Dependent,Medical,Registrar,Corporate Services,SPR,36.57,2026-06-24,2026-07-22,30.0,0.8,NMC,Bank,Suspended,DG124726,2031-04-03,IV518235,2030-04-04,2026-12-15,2026-07-15
EMP0542-20260913_210742,Samuel,Barton,alexanderdavies@example.org,1981-07-03,+4429 2018 0763,"7 Carol Flat
Katyfurt
CO7 5LN",Male,Valleyview Mental Wellness NHS Trust,Black,Trinidad and Tobago,Skilled Worker,Medical,FY1/FY2,Emergency & Urgent Care,FY1,20.23,2026-01-10,2026-02-14,30.0,0.8,GMC,Fixed Term,Inactive,KS086133,2031-07-28,CR941388,2029-05-29,2027-01-12,2026-01-31
EMP0543-20260913_210742,Valerie,Smith,tracycollins@example.com,1999-03-14,0151 496 0121,"80 Harvey Pass
South Cliveburgh
E6 7ZL",Female,Meadowbrook Community Health NHS Trust,Black,Nigeria,Dependent,Medical,Consultant,Surgery & Cancer,CONS,65.15,2025-08-04,2025-09-08,20.0,0.53,HCPC,Permanent,Suspended,JE214237,2031-01-30,DU299789,2031-01-18,2027-08-24,2025-08-25
EMP0544-20260913_210742,Shaun,Ahmed,pagematthew@example.org,1981-01-28,0121 496 0714,"Flat 62F
Wright Mountain
Port Natasha
SL3H 4WW",Female,Southgate Community & Mental Health NHS Trust,Mixed,South Africa,Dependent,Admin,Medical Secretary,Emergency & Urgent Care,4,17.88,2025-05-09,2025-06-06,18.75,0.5,HCPC,Permanent,Suspended,UO516127,2028-07-07,HQ774787,2029-06-29,2027-04-21,2025-05-30
EMP0545-20260913_210742,Leanne,West,hodgsonannette@example.com,1976-08-18,(0116) 496 0047,"686 Donna Run
South Joanneside
CF9R 5SU",Male,Valleyview Mental Wellness NHS Trust,Asian,Japan,ILR,AHP,Radiographer,Surgery & Cancer,6,26.15,2024-05-05,2024-06-09,15.0,0.4,NMC,Bank,On Leave,EP791891,2030-04-30,NS910260,2029-02-18,2027-03-12,2024-05-26
EMP0546-20260913_210742,Samuel,Flynn,lprice@example.org,2008-08-18,+44(0)1632 960244,"Studio 00x
Duncan Village
East Nataliefurt
CB0H 3AH",Male,Northwood Mental Health NHS Trust,Black,Jamaica,British Citizen,AHP,Radiographer,Medicine & Acute Care,6,25.71,2021-02-22,2021-04-05,18.75,0.5,GMC,Permanent,Inactive,UA117820,2030-08-23,PS506735,2031-02-27,2027-04-23,2021-03-15
EMP0547-20260913_210742,Amber,Gardner,dwilliamson@example.com,1974-10-11,+44131 496 0733,"Flat 65
Jasmine Alley
South Eric
WN7A 8AY",Male,Greenhaven Acute & Specialist Care NHS Trust,Mixed,New Zealand,British Citizen,Admin,Administrator,Clinical Support Services,3,15.29,2016-11-05,2016-12-10,20.0,0.53,None,Bank,Suspended,NQ523252,2028-07-03,IW816246,2031-08-23,2027-08-17,2016-11-26
EMP0548-20260913_210742,Susan,Johnson,whitedaniel@example.com,1995-08-29,(0151) 496 0472,"40 Walsh Courts
New Andreatown
M3T 4YH",Male,Midlands Central Hospitals NHS Trust,Black,Barbados,Skilled Worker,Nursing,Charge Nurse,Women & Children,7,27.54,2018-12-07,2019-01-18,20.0,0.53,None,Bank,On Leave,KH087668,2028-10-07,TA464124,2028-05-12,2027-08-20,2018-12-28
EMP0549-20260913_210742,Clare,Edwards,john80@example.net,1975-12-20,+44(0)116 496 0474,"9 Karl Summit
West Leahborough
N91 2ZU",Male,Midlands Central Hospitals NHS Trust,Black,Kenya,ILR,Admin,Administrator,Women & Children,3,14.31,2017-11-15,2017-12-27,30.0,0.8,None,Bank,Active,AH061652,2031-05-02,HZ435307,2028-03-30,2027-07-29,2017-12-06
EMP0550-20260913_210742,Emily,Robinson,lewisglen@example.net,2001-09-27,+4420 74960704,"Studio 42
Morgan Lane
Barkermouth
G7 8HN",Female,Riverside Integrated Care NHS Trust,Black,Barbados,ILR,Nursing,Ward Manager,Critical Care & Anaesthesia,8A,28.47,2018-03-23,2018-04-27,15.0,0.4,HCPC,Fixed Term,On Leave,TR477403,2028-06-03,FE495319,2031-08-12,2026-10-26,2018-04-13
EMP0551-20260913_210742,Frederick,Barber,luke61@example.com,2002-10-03,+44(0)1144960748,"032 Kayleigh Plain
South Paulside
W4K 4QB",Male,Oakridge Community Services NHS Trust,Asian,Thailand,British Citizen,Medical,GP,Corporate Services,GP,46.39,2024-06-12,2024-07-17,20.0,0.53,GMC,Permanent,Suspended,MC585436,2028-12-07,ZA809555,2029-09-10,2026-11-17,2024-07-03
EMP0552-20260913_210742,Derek,Phillips,ngilbert@example.org,1963-07-23,+449098790370,"533 Brown Groves
Joetown
DL9 6WJ",Female,Eastfield Psychological Services NHS Trust,Black,Nigeria,British Citizen,Admin,Administrator,Corporate Services,3,14.77,2018-08-09,2018-09-20,37.5,1.0,None,Bank,Active,IM871115,2026-12-04,IP305581,2027-04-19,2027-05-26,2018-08-30
EMP0553-20260913_210742,Paige,Barnett,markgoodwin@example.net,1999-06-03,(020) 74960154,"70 Alexandra Place
Kylefort
G8 0FT",Male,Meadowbrook Community Health NHS Trust,Black,Barbados,Dependent,AHP,Occupational Therapist,Women & Children,6,27.89,2022-09-07,2022-10-19,20.0,0.53,HCPC,Bank,Inactive,JX414252,2031-07-18,ZQ185677,2029-04-28,2026-11-17,2022-09-28
EMP0554-20260913_210742,Gerard,Lewis,hobbsgrace@example.org,1991-04-24,+441632960110,"9 Kelly Cliff
North Brianport
CV7 3BX",Female,Lakeside District Hospitals NHS Trust,Mixed,Kenya,Skilled Worker,Medical,SHO,Corporate Services,SHO,25.56,2023-11-20,2024-01-01,20.0,0.53,GMC,Fixed Term,Active,IF169614,2027-02-04,RB753671,2031-06-10,2027-03-08,2023-12-11
EMP0555-20260913_210742,Clare,Morgan,jake10@example.org,1982-06-15,0141 4960999,"19 Paula Rue
Port Jasmineberg
S7E 7BS",Female,Riverside Integrated Care NHS Trust,Black,Trinidad and Tobago,Skilled Worker,Nursing,Ward Manager,Surgery & Cancer,8A,32.93,2017-09-04,2017-10-09,37.5,1.0,GMC,Bank,Inactive,ZN576975,2029-10-06,NY177889,2027-02-14,2027-07-03,2017-09-25
EMP0556-20260913_210742,Teresa,Hussain,gerard88@example.org,1980-08-27,0116 4960921,"254 Berry Station
Gemmaburgh
B6B 8HX",Female,Riverbank General Hospitals NHS Trust,Black,South Africa,British Citizen,Nursing,Nursery Nurse,Women & Children,2,12.75,2016-12-27,2017-02-07,37.5,1.0,NMC,Permanent,Inactive,DG128087,2027-04-09,YF235190,2029-02-04,2027-04-05,2017-01-17
EMP0557-20260913_210742,Caroline,Jones,brian47@example.com,1976-06-18,(0114)4960164,"35 Jasmine Via
South Petermouth
EN46 1UW",Female,Oakridge Community Services NHS Trust,White,United Kingdom,British Citizen,AHP,Physiologist,Corporate Services,6,26.13,2020-04-18,2020-05-16,18.75,0.5,GMC,Bank,Inactive,DT515266,2027-10-29,QH351485,2031-01-28,2027-06-22,2020-05-09
EMP0558-20260913_210742,Albert,Phillips,rita15@example.com,1987-08-10,+44(0)289018433,"Studio 03z
Josh Coves
Port Naomiport
EC1W 0SE",Male,Broadfield Clinical Services NHS Trust,White,New Zealand,Dependent,Nursing,Healthcare Assistant,Emergency & Urgent Care,2,12.76,2025-02-12,2025-03-26,37.5,1.0,NMC,Permanent,Suspended,RY436613,2029-08-02,IE075138,2029-11-19,2026-12-30,2025-03-05
EMP0559-20260913_210742,Sian,Barker,reiddamian@example.net,1983-06-16,+44(0)151 4960663,"16 Smith Pike
East Christianview
M53 6PE",Male,Southgate Community & Mental Health NHS Trust,Black,Nigeria,ILR,Medical,SHO,Clinical Support Services,SHO,27.24,2023-03-07,2023-04-04,37.5,1.0,NMC,Permanent,Active,GP158980,2029-06-13,LX189982,2027-08-05,2027-01-17,2023-03-28
EMP0560-20260913_210742,Callum,Robson,douglassmith@example.org,1961-08-12,0141 4960555,"045 Robert Motorway
Smithborough
SL56 3EP",Male,Westmere Community Health NHS Trust,Black,South Africa,ILR,Nursing,Ward Manager,Surgery & Cancer,8A,30.96,2019-03-06,2019-04-10,37.5,1.0,HCPC,Permanent,Suspended,GM785937,2028-05-13,PH218107,2026-09-15,2027-05-27,2019-03-27
EMP0561-20260913_210742,Scott,Dean,lawrencepaige@example.com,2004-08-28,0306 999 0902,"59 Hamilton Gateway
Lake Rosemary
TQ46 6RB",Female,Westborough Acute Care NHS Trust,Black,Jamaica,ILR,Medical,FY1/FY2,Medicine & Acute Care,FY1,19.08,2019-11-13,2019-12-11,20.0,0.53,NMC,Fixed Term,Active,MX509691,2028-12-19,WF626798,2029-04-25,2027-02-09,2019-12-04
EMP0562-20260913_210742,Sally,Griffiths,paulayates@example.com,2006-11-06,+44(0)306 999 0494,"0 Leslie Dale
Port Jakehaven
G3F 7NY",Male,Riverside Integrated Care NHS Trust,Black,Kenya,Skilled Worker,Admin,Medical Secretary,Surgery & Cancer,4,18.39,2022-03-23,2022-04-27,18.75,0.5,NMC,Bank,Suspended,XN045427,2028-05-21,PW907525,2028-12-30,2027-05-17,2022-04-13
EMP0563-20260913_210742,Leanne,Kaur,valerierobertson@example.com,1980-07-30,+44(0)113 4960178,"5 Evans Overpass
Ritaborough
W8 8YY",Male,Hillcrest Medical Centres NHS Trust,White,United States,Skilled Worker,Admin,Data Analyst,Emergency & Urgent Care,8A,29.12,2023-01-09,2023-02-20,20.0,0.53,NMC,Bank,On Leave,WX025654,2028-08-20,DO555253,2031-06-23,2026-11-16,2023-01-30
EMP0564-20260913_210742,Stuart,Houghton,yperkins@example.org,1996-05-04,(020)74960954,"Flat 4
Hayes Key
West Keithchester
N6U 8PQ",Male,Valleyview Mental Wellness NHS Trust,White,United Kingdom,British Citizen,AHP,Physiologist,Clinical Support Services,6,23.36,2024-07-14,2024-08-18,37.5,1.0,GMC,Fixed Term,Inactive,KY743090,2028-05-20,XA190542,2027-01-28,2026-10-18,2024-08-04
EMP0565-20260913_210742,Shane,Thomas,hillbradley@example.com,1998-01-05,(0115)4960999,"74 Leslie Center
West Callum
W9 7SE",Male,Midlands Central Hospitals NHS Trust,Black,Barbados,ILR,Nursing,Charge Nurse,Critical Care & Anaesthesia,7,28.08,2024-03-11,2024-04-08,15.0,0.4,None,Bank,Inactive,IC452754,2029-04-07,SQ118011,2026-12-09,2027-05-23,2024-04-01
EMP0566-20260913_210742,Dylan,Chambers,uharvey@example.com,1968-07-01,+44141 496 0165,"2 Smith Camp
Wattsland
FY49 6XT",Male,Meadowbrook Community Health NHS Trust,White,Canada,British Citizen,Nursing,Ward Manager,Corporate Services,8A,28.96,2020-03-22,2020-04-26,30.0,0.8,GMC,Permanent,Inactive,EQ432557,2027-12-09,TG568329,2031-02-21,2027-04-13,2020-04-12
EMP0567-20260913_210742,Phillip,Williams,lawrencemiller@example.net,1962-02-12,0115 4960649,"364 Hugh Knolls
Marianhaven
M5D 3GF",Female,Bluewater Community & Rehabilitation NHS Trust,Mixed,South Africa,British Citizen,AHP,Occupational Therapist,Women & Children,6,24.06,2018-05-15,2018-06-26,15.0,0.4,HCPC,Bank,Suspended,XE181998,2027-04-18,LJ701688,2030-10-13,2026-11-13,2018-06-05
EMP0568-20260913_210742,Joan,Campbell,lcooke@example.net,2000-12-16,+44(0)28 9018 0556,"7 Coles Walks
Edwardstown
B2T 1LZ",Female,Meadowbrook Community Health NHS Trust,Asian,India,British Citizen,AHP,Pharmacist,Emergency & Urgent Care,5,21.75,2023-07-30,2023-09-03,20.0,0.53,GMC,Bank,On Leave,EX930408,2029-10-06,TR131355,2028-07-09,2027-07-16,2023-08-20
EMP0569-20260913_210742,Jason,Ford,ireneburke@example.net,1989-03-11,+441174960293,"Studio 3
Nathan Fork
Lake Samstad
G1 4EN",Female,Westmere Community Health NHS Trust,Asian,China,Dependent,Nursing,Nursery Nurse,Critical Care & Anaesthesia,2,12.77,2026-09-07,2026-10-12,30.0,0.8,HCPC,Bank,On Leave,IQ548709,2028-04-24,YC904897,2030-12-06,2026-11-15,2026-09-28
EMP0570-20260913_210742,Jemma,Ward,dean42@example.net,1968-03-13,+4420 7496 0613,"120 Jason Dale
New Kimtown
WC3 4QS",Female,Greenhaven Acute & Specialist Care NHS Trust,Black,Ghana,ILR,Admin,Medical Secretary,Medicine & Acute Care,4,19.17,2020-12-02,2021-01-06,37.5,1.0,HCPC,Fixed Term,Suspended,PL934076,2030-02-10,NI473083,2031-05-18,2027-04-12,2020-12-23
EMP0571-20260913_210742,Bernard,Fletcher,uthompson@example.com,1977-11-04,0115 4960923,"Studio 98T
Parkes Cliffs
North Jasmineborough
WN52 9XX",Female,Meadowbrook Community Health NHS Trust,White,Australia,Skilled Worker,AHP,Physiotherapist,Critical Care & Anaesthesia,6,26.31,2018-04-30,2018-06-11,30.0,0.8,HCPC,Fixed Term,Suspended,NW246002,2027-01-04,RD584939,2029-04-12,2027-06-12,2018-05-21
EMP0572-20260913_210742,Gerald,Alexander,uwilliamson@example.org,2006-08-04,+441632 960016,"8 Brown Mountain
Geraldfurt
HA04 2PQ",Female,Westborough Acute Care NHS Trust,Asian,Thailand,Dependent,AHP,Physiologist,Medicine & Acute Care,6,23.23,2017-10-13,2017-11-10,37.5,1.0,HCPC,Permanent,Active,GI590535,2028-06-17,KP658459,2028-12-20,2027-03-05,2017-11-03
EMP0573-20260913_210742,Abbie,Coles,linda13@example.com,2000-11-22,+44131 4960702,"8 Andrea Gardens
Lake Douglas
B5 9PE",Male,Westmere Community Health NHS Trust,Mixed,Nigeria,Dependent,AHP,Pharmacist,Critical Care & Anaesthesia,5,20.63,2019-02-19,2019-03-19,15.0,0.4,HCPC,Fixed Term,Active,AN730222,2028-11-22,QW118974,2026-12-10,2027-08-25,2019-03-12
EMP0574-20260913_210742,Diane,Harris,graeme14@example.com,2004-06-25,+441314960079,"07 Leon Ports
Port Shannon
N7 5WE",Female,Eastfield Psychological Services NHS Trust,White,New Zealand,ILR,AHP,Physiotherapist,Medicine & Acute Care,6,25.13,2017-04-24,2017-06-05,15.0,0.4,GMC,Fixed Term,On Leave,LH333953,2031-07-31,RX963998,2030-05-24,2026-11-19,2017-05-15
EMP0575-20260913_210742,Julian,Burgess,karcher@example.org,1992-02-06,01632 960 757,"Flat 8
Harding Orchard
Derekborough
CV97 3DE",Male,Eastmoor Teaching Hospitals NHS Trust,White,Canada,ILR,Nursing,Ward Manager,Women & Children,8A,33.79,2018-06-19,2018-07-24,15.0,0.4,GMC,Fixed Term,Active,IF647485,2027-07-01,UM037825,2029-03-25,2027-04-23,2018-07-10
EMP0576-20260913_210742,Maurice,Wright,terrywilliams@example.com,1982-09-30,+44121 496 0055,"Flat 87
Joyce Stream
South Terry
E0 7JP",Male,Oakridge Community Services NHS Trust,Asian,Japan,British Citizen,AHP,Physiotherapist,Clinical Support Services,6,26.93,2017-11-04,2017-12-09,18.75,0.5,HCPC,Bank,On Leave,IZ155445,2028-01-15,VM317975,2029-02-16,2027-09-03,2017-11-25
EMP0577-20260913_210742,Sheila,Ali,wmason@example.net,1981-01-24,(0131)4960651,"40 Wilson Shores
Sheilamouth
OL2 8BD",Male,Horizon Integrated Health Partnership NHS Trust,Mixed,Thailand,Skilled Worker,Medical,GP,Women & Children,GP,53.92,2025-08-10,2025-09-14,37.5,1.0,GMC,Fixed Term,Suspended,ES945222,2027-12-10,SZ577997,2029-06-07,2026-11-05,2025-08-31
EMP0578-20260913_210742,Carol,Mitchell,umorris@example.net,1970-01-17,+44(0)191 496 0026,"039 Greenwood Field
North Holly
TR7 2QA",Female,Broadfield Clinical Services NHS Trust,Asian,Japan,Dependent,Medical,Registrar,Surgery & Cancer,SPR,36.63,2024-07-13,2024-08-24,30.0,0.8,NMC,Permanent,Active,NK469805,2030-03-27,YG091824,2029-10-28,2026-12-28,2024-08-03
EMP0579-20260913_210742,Irene,Fleming,tthomas@example.org,1970-07-14,+44(0)28 9018307,"Flat 80u
Josh Port
Hollowayberg
CO8 0HY",Female,Westmere Community Health NHS Trust,Mixed,Japan,British Citizen,Admin,Data Analyst,Women & Children,8A,29.91,2024-06-30,2024-08-11,20.0,0.53,GMC,Bank,On Leave,ET854185,2029-07-31,DW541725,2029-06-12,2026-11-12,2024-07-21
EMP0580-20260913_210742,Phillip,Baker,lynchchristopher@example.com,1998-07-27,0909 8790898,"Flat 8
Wilson Spring
Port Jayneside
E89 8JN",Male,Bluewater Community & Rehabilitation NHS Trust,White,New Zealand,Skilled Worker,Medical,Registrar,Critical Care & Anaesthesia,SPR,34.07,2022-09-28,2022-10-26,20.0,0.53,GMC,Bank,Inactive,HB538849,2028-07-24,ZV396331,2030-12-31,2027-07-31,2022-10-19
EMP0581-20260913_210742,Nicole,Fletcher,danielstrevor@example.org,1962-07-12,+44(0)116 4960274,"9 Victor Mount
Rhodestown
KT3M 5FT",Female,Meadowbrook Community Health NHS Trust,Mixed,United Kingdom,ILR,Medical,Consultant,Clinical Support Services,CONS,68.21,2018-09-22,2018-11-03,18.75,0.5,HCPC,Fixed Term,Active,PT003723,2028-09-07,BF292627,2029-07-02,2027-06-08,2018-10-13
EMP0582-20260913_210742,Jeffrey,Dunn,lindseyjones@example.com,2000-05-20,+44(0)161 496 0343,"75 Clifford Well
Wilsonborough
L8W 9TR",Female,Broadfield Clinical Services NHS Trust,White,Canada,British Citizen,AHP,Physiotherapist,Medicine & Acute Care,6,24.19,2024-12-09,2025-01-13,15.0,0.4,NMC,Bank,On Leave,DY957283,2027-10-06,IW667628,2029-07-13,2027-03-06,2024-12-30
EMP0583-20260913_210742,Graeme,Lewis,collinsnorman@example.net,1991-10-02,(029) 2018027,"Flat 51B
Naomi Forest
West Gillian
E8 5UA",Female,Southgate Community & Mental Health NHS Trust,White,Australia,Dependent,AHP,Physiotherapist,Surgery & Cancer,6,23.36,2019-06-27,2019-07-25,15.0,0.4,NMC,Fixed Term,Inactive,FL538005,2029-02-07,SE168332,2029-04-04,2026-10-30,2019-07-18
EMP0584-20260913_210742,Tracy,Smith,qbarber@example.com,2000-01-10,020 74960081,"Studio 7
Williams Brooks
Adrianbury
L81 3LY",Female,Westborough Acute Care NHS Trust,Asian,China,British Citizen,Admin,Administrator,Clinical Support Services,3,14.78,2018-03-28,2018-05-02,18.75,0.5,GMC,Bank,Suspended,AT369758,2029-01-04,XC644641,2030-01-17,2027-09-12,2018-04-18
EMP0585-20260913_210742,Martyn,Powell,prestondanny@example.com,1968-05-24,+44(0)151 4960904,"Studio 84
Jessica Viaduct
Sarahmouth
OL1B 4HQ",Male,Midlands Central Hospitals NHS Trust,Black,Nigeria,ILR,Nursing,Nursery Nurse,Emergency & Urgent Care,2,12.52,2021-06-06,2021-07-18,15.0,0.4,HCPC,Permanent,Suspended,GM748990,2027-02-03,NO179733,2028-08-09,2027-01-16,2021-06-27
EMP0586-20260913_210742,Jake,Porter,btucker@example.org,1962-11-17,+44(0)161 496 0832,"Studio 67j
Hilary Village
New Kylestad
L5H 9TA",Female,Lakeside District Hospitals NHS Trust,Asian,China,ILR,Admin,Administrator,Clinical Support Services,3,13.68,2024-06-18,2024-07-30,37.5,1.0,GMC,Fixed Term,On Leave,YJ053751,2028-12-25,AZ862471,2028-07-15,2027-01-17,2024-07-09
EMP0587-20260913_210742,Norman,Hughes,jane82@example.com,1993-05-27,(029)2018812,"Studio 6
Ryan Skyway
Guyland
RG3M 5FS",Male,Oakridge Community Services NHS Trust,Asian,Japan,Dependent,Nursing,Healthcare Assistant,Surgery & Cancer,2,12.74,2022-03-01,2022-03-29,37.5,1.0,GMC,Bank,On Leave,YX433940,2028-11-30,PZ484185,2031-05-07,2027-02-25,2022-03-22
EMP0588-20260913_210742,Pamela,Stephens,hazel40@example.org,1995-02-07,+44115 496 0983,"158 Naomi Lodge
Gemmafort
PR7 5DH",Male,Northshire University Hospitals NHS Trust,Mixed,United Kingdom,Skilled Worker,Admin,Receptionist,Women & Children,3,14.5,2022-02-27,2022-04-03,15.0,0.4,None,Fixed Term,Active,XS100441,2028-04-27,CE609488,2028-06-24,2027-02-22,2022-03-20
EMP0589-20260913_210742,Philip,Bell,abishop@example.com,1991-07-16,+44(0)1914960029,"Studio 0
Brown Station
New Kimberley
S11 2GT",Male,Westborough Acute Care NHS Trust,Asian,Thailand,Dependent,Medical,SHO,Surgery & Cancer,SHO,26.05,2018-12-11,2019-01-15,37.5,1.0,GMC,Permanent,On Leave,AP718356,2030-07-22,VO225499,2028-01-31,2027-01-06,2019-01-01
EMP0590-20260913_210742,Jane,Jones,oliverrebecca@example.net,2004-09-18,+44117 496 0750,"44 Cameron Mount
Port Jessica
L0 7WZ",Female,Greenhaven Acute & Specialist Care NHS Trust,White,Australia,ILR,AHP,Occupational Therapist,Surgery & Cancer,6,24.62,2025-05-21,2025-06-18,20.0,0.53,GMC,Permanent,Inactive,CX544459,2028-02-10,XH762733,2030-09-06,2027-08-17,2025-06-11
EMP0591-20260913_210742,Jodie,Smith,xwood@example.net,1975-09-23,+4428 9018 0447,"Flat 97
Robson Springs
Lake Markville
BH40 7RA",Female,Hillcrest Medical Centres NHS Trust,White,United States,British Citizen,AHP,Physiologist,Medicine & Acute Care,6,24.16,2022-07-17,2022-08-21,18.75,0.5,HCPC,Fixed Term,Suspended,UA052193,2027-12-14,OT625981,2029-11-18,2027-03-24,2022-08-07
EMP0592-20260913_210742,Lesley,Campbell,martinbilly@example.com,1980-01-21,+44(0)1514960531,"Studio 94
Hayley Station
Stanleyton
N3 0SJ",Female,Broadfield Clinical Services NHS Trust,Mixed,Australia,ILR,Medical,FY1/FY2,Clinical Support Services,FY1,18.97,2025-05-18,2025-06-15,15.0,0.4,HCPC,Bank,Active,EC865752,2030-08-27,IA209925,2030-04-24,2026-10-22,2025-06-08
EMP0593-20260913_210742,Joe,Dickinson,rscott@example.com,1975-06-16,(0306) 9990680,"Studio 8
Boyle Trafficway
South Amyborough
G73 3BX",Female,Valleyview Mental Wellness NHS Trust,Mixed,Australia,Dependent,AHP,Speech Therapist,Emergency & Urgent Care,6,24.54,2018-03-28,2018-05-09,18.75,0.5,NMC,Bank,Inactive,VV874293,2030-01-03,JC643391,2031-03-28,2026-12-14,2018-04-18
EMP0594-20260913_210742,Louis,Roberts,hartleydarren@example.com,1991-05-16,(028)9018220,"5 Pearson Loop
Lake Gregorymouth
FY0W 2HS",Male,Hillcrest Medical Centres NHS Trust,Black,Trinidad and Tobago,ILR,Admin,Administrator,Surgery & Cancer,3,14.92,2025-09-20,2025-10-25,15.0,0.4,None,Fixed Term,On Leave,MO090196,2031-07-03,TX785365,2030-06-12,2027-02-18,2025-10-11
EMP0595-20260913_210742,Hayley,Cook,carolehumphries@example.org,1972-12-14,+44117 4960652,"489 Melanie Lakes
Lake Dominic
S1W 8UF",Female,Valleyview Mental Wellness NHS Trust,White,New Zealand,British Citizen,Admin,Medical Secretary,Corporate Services,4,17.51,2020-07-09,2020-08-13,30.0,0.8,None,Bank,Suspended,RW931700,2028-12-10,YS656822,2028-02-20,2027-08-01,2020-07-30
EMP0596-20260913_210742,Wayne,Noble,reidellie@example.net,1960-10-02,+44(0)1632 960942,"86 Johnson Rue
Port Irene
N91 5YG",Female,Northwood Mental Health NHS Trust,Asian,China,British Citizen,Admin,Administrator,Medicine & Acute Care,3,15.06,2024-07-22,2024-09-02,20.0,0.53,HCPC,Bank,Suspended,BG379593,2027-05-20,FA829171,2031-04-10,2027-09-03,2024-08-12
EMP0597-20260913_210742,Raymond,Green,xpatel@example.com,1980-10-31,(0909)8790848,"506 Mohammad Lake
Aliceview
W2 4FE",Female,Eastfield Psychological Services NHS Trust,Mixed,India,ILR,Admin,Data Analyst,Emergency & Urgent Care,8A,32.94,2018-11-25,2018-12-30,20.0,0.53,NMC,Fixed Term,Suspended,ND354057,2029-12-19,LD775902,2028-10-03,2026-10-06,2018-12-16
EMP0598-20260913_210742,Lauren,Jones,xhoward@example.org,2000-07-12,0116 4960937,"29 Johnston Loop
South Michelleton
G4B 2YQ",Male,Midlands Central Hospitals NHS Trust,Asian,Japan,British Citizen,Admin,Medical Secretary,Critical Care & Anaesthesia,4,18.55,2026-04-30,2026-05-28,20.0,0.53,GMC,Fixed Term,On Leave,GQ271241,2027-09-18,PP678432,2027-10-25,2027-04-02,2026-05-21
EMP0599-20260913_210742,Simon,Richardson,igriffiths@example.org,1971-06-17,+44(0)3069990095,"Flat 7
Howard Light
New Charlene
L6S 6AL",Female,Northshire University Hospitals NHS Trust,Asian,Thailand,Dependent,Admin,Data Analyst,Women & Children,8A,30.57,2019-09-17,2019-10-29,20.0,0.53,NMC,Fixed Term,Inactive,SV917266,2029-02-22,JF622762,2028-05-30,2027-06-03,2019-10-08
EMP0600-20260913_210742,Mary,Porter,owen82@example.net,1977-06-20,(020) 7496 0807,"3 Smith Coves
Robertsonhaven
M59 2HU",Male,Northshire University Hospitals NHS Trust,Mixed,Barbados,Skilled Worker,Nursing,Ward Manager,Critical Care & Anaesthesia,8A,28.46,2024-06-06,2024-07-11,20.0,0.53,NMC,Bank,Inactive,XH759844,2031-06-21,HV915551,2028-05-23,2027-09-05,2024-06-27
EMP0601-20260913_210742,Jeremy,Morley,stephensmohamed@example.net,1978-06-25,0113 496 0736,"Flat 58
Evans Road
East Henry
W73 7EW",Male,Bluewater Community & Rehabilitation NHS Trust,Black,Kenya,British Citizen,AHP,Pharmacist,Emergency & Urgent Care,5,22.12,2023-09-02,2023-10-14,20.0,0.53,None,Fixed Term,On Leave,ZS125988,2029-11-03,ZJ441715,2028-06-29,2027-04-19,2023-09-23
EMP0602-20260913_210742,Josephine,Evans,owest@example.org,1996-01-27,(029) 2018 0672,"Flat 09
Cox Lodge
Port Judithview
EX0V 0UP",Male,Eastmoor Teaching Hospitals NHS Trust,Asian,China,ILR,Admin,Medical Secretary,Emergency & Urgent Care,4,15.46,2019-12-29,2020-02-09,18.75,0.5,None,Bank,Active,JD816558,2027-06-21,XG675116,2031-06-17,2026-11-09,2020-01-19
EMP0603-20260913_210742,Suzanne,Cox,lewisjeffrey@example.com,1988-04-22,+44(0)113 4960776,"Studio 6
Colin Center
Robinsonshire
PH20 5DR",Male,Hillcrest Medical Centres NHS Trust,Mixed,New Zealand,ILR,Medical,FY1/FY2,Emergency & Urgent Care,FY1,19.65,2022-12-02,2023-01-13,30.0,0.8,NMC,Bank,Active,GO564819,2031-07-15,NT964933,2031-05-26,2027-03-30,2022-12-23
EMP0604-20260913_210742,Conor,Jones,kirstyelliott@example.com,2003-05-13,(0118) 496 0057,"97 Suzanne Walks
O'Sullivanfurt
TA4X 2QD",Female,Midlands Central Hospitals NHS Trust,Mixed,Ghana,Dependent,Admin,Administrator,Corporate Services,3,13.82,2018-06-11,2018-07-09,20.0,0.53,None,Fixed Term,On Leave,RY894654,2029-05-27,HD258738,2028-01-27,2027-06-22,2018-07-02
EMP0605-20260913_210742,Naomi,Archer,kennedygareth@example.net,2000-01-07,+44292018483,"Studio 1
Darren Harbors
East Jakestad
B1E 1LD",Female,Valleyview Mental Wellness NHS Trust,Asian,Thailand,Skilled Worker,Admin,Receptionist,Critical Care & Anaesthesia,3,13.6,2026-05-12,2026-06-16,37.5,1.0,GMC,Bank,Suspended,VE423486,2031-07-06,SR169899,2030-03-29,2027-06-24,2026-06-02
EMP0606-20260913_210742,Julie,Hope,katie78@example.net,1995-04-04,0161 4960288,"Studio 93Y
Khan Orchard
Port Natasha
E6 6EJ",Female,Riverside Integrated Care NHS Trust,White,Canada,ILR,Medical,SHO,Clinical Support Services,SHO,28.54,2024-02-05,2024-03-04,37.5,1.0,None,Permanent,Active,CS121316,2030-03-23,GQ703429,2029-02-07,2027-06-13,2024-02-26
EMP0607-20260913_210742,Melanie,Shaw,kyle31@example.com,1972-05-31,0116 496 0233,"610 Webb Common
East Hazelville
CV4A 6TR",Female,Meadowbrook Community Health NHS Trust,Asian,China,British Citizen,Admin,Data Analyst,Surgery & Cancer,8A,35.54,2025-09-14,2025-10-26,30.0,0.8,GMC,Fixed Term,Suspended,OU108957,2029-06-11,MA739165,2026-10-30,2027-02-26,2025-10-05
EMP0608-20260913_210742,Declan,Williams,stokesjordan@example.com,1981-03-16,+441632 960 473,"Flat 6
Sanderson Shoals
Perryville
CW26 6UY",Female,Northwood Mental Health NHS Trust,Black,South Africa,British Citizen,AHP,Speech Therapist,Critical Care & Anaesthesia,6,25.43,2025-07-01,2025-08-12,15.0,0.4,None,Fixed Term,Suspended,KA274242,2027-08-24,LB801252,2029-05-28,2026-12-27,2025-07-22
EMP0609-20260913_210742,Victoria,George,elliottannette@example.org,2007-08-29,+44(0)3069990836,"1 Wilson Forks
Ameliashire
SS2W 9BD",Male,Midlands Central Hospitals NHS Trust,Asian,India,Dependent,Medical,FY1/FY2,Women & Children,FY1,19.19,2024-12-04,2025-01-08,37.5,1.0,NMC,Bank,Active,OF678523,2030-01-24,QH044694,2030-06-05,2027-08-26,2024-12-25
EMP0610-20260913_210742,Naomi,Anderson,kmistry@example.com,1998-08-15,+44(0)131 4960350,"Flat 2
Mohammad Meadows
South Stephaniefurt
TN26 3WD",Female,Oakridge Community Services NHS Trust,Asian,China,British Citizen,Admin,Receptionist,Critical Care & Anaesthesia,3,13.89,2024-03-09,2024-04-20,18.75,0.5,HCPC,Bank,Inactive,MZ208972,2028-02-12,HT383164,2030-01-08,2027-01-06,2024-03-30
EMP0611-20260913_210742,Geraldine,Walker,garethhall@example.net,2003-08-07,0113 4960157,"Studio 54S
Owen Greens
Susanton
E2 6YY",Male,Midlands Central Hospitals NHS Trust,Mixed,Australia,Dependent,Admin,Data Analyst,Emergency & Urgent Care,8A,29.55,2017-11-28,2017-12-26,37.5,1.0,None,Permanent,Suspended,WI675350,2031-02-01,FB257127,2029-09-27,2026-09-15,2017-12-19
EMP0612-20260913_210742,Jeremy,Richards,clare45@example.net,2001-09-09,(0161) 4960831,"Studio 4
Bennett Village
Alisonport
ME70 3HJ",Male,Hillcrest Medical Centres NHS Trust,Black,Barbados,Dependent,Medical,GP,Clinical Support Services,GP,52.29,2020-10-29,2020-11-26,15.0,0.4,GMC,Permanent,Active,UG497978,2031-06-09,CJ333819,2030-07-11,2027-06-26,2020-11-19
EMP0613-20260913_210742,Clive,Ball,saundersamelia@example.net,1989-05-19,+44(0)289018849,"91 Mitchell Village
Port Deniseview
LS9R 6JT",Male,Riverbank General Hospitals NHS Trust,Mixed,India,British Citizen,AHP,Pharmacist,Clinical Support Services,5,22.82,2017-05-29,2017-07-10,15.0,0.4,HCPC,Bank,On Leave,BF013673,2031-04-18,AE886710,2027-11-01,2027-02-12,2017-06-19
EMP0614-20260913_210742,Kathryn,Parkin,frydanielle@example.net,1981-06-16,0118 496 0065,"Flat 42
Carroll Key
Ryanhaven
L2 8QP",Male,Oakridge Community Services NHS Trust,Black,Nigeria,British Citizen,AHP,Speech Therapist,Women & Children,6,23.34,2018-02-21,2018-03-28,30.0,0.8,HCPC,Fixed Term,Inactive,LX510192,2027-03-26,JT450058,2027-01-18,2027-04-14,2018-03-14
EMP0615-20260913_210742,Nigel,Robinson,lorraine07@example.net,1990-02-12,(0118)4960584,"087 Abdul Lodge
Stokesland
M9 3SH",Female,Hillcrest Medical Centres NHS Trust,Asian,India,British Citizen,Admin,Data Analyst,Clinical Support Services,8A,29.67,2016-12-28,2017-02-08,37.5,1.0,NMC,Fixed Term,On Leave,ZQ921188,2026-09-23,TL142567,2029-10-01,2027-01-29,2017-01-18
EMP0616-20260913_210742,Victoria,Pearce,qmarshall@example.com,1962-02-09,(0118) 496 0222,"Studio 86
Annette Club
Rachelstad
OL66 5RQ",Female,Oakridge Community Services NHS Trust,Black,Nigeria,Skilled Worker,AHP,Radiographer,Surgery & Cancer,6,25.23,2022-05-21,2022-07-02,37.5,1.0,None,Bank,On Leave,IJ947770,2028-11-29,AV606953,2027-10-03,2027-02-01,2022-06-11
EMP0617-20260913_210742,Jasmine,Welch,mitchellrhys@example.org,2005-10-06,0113 4960476,"Flat 1
Williams Land
East Frankport
M28 8YP",Male,Eastfield Psychological Services NHS Trust,Black,Trinidad and Tobago,British Citizen,Nursing,Healthcare Assistant,Critical Care & Anaesthesia,2,13.04,2024-02-03,2024-03-02,15.0,0.4,None,Fixed Term,Active,LF988583,2030-10-11,AI163495,2027-11-28,2027-09-02,2024-02-24
EMP0618-20260913_210742,Lewis,Knight,ushepherd@example.com,1996-04-05,+44(0)1144960853,"Studio 30i
Paige Common
North Juliantown
HA83 1PT",Male,Lakeside District Hospitals NHS Trust,Asian,China,Dependent,Nursing,Senior Staff Nurse,Corporate Services,6,23.73,2018-03-11,2018-04-22,18.75,0.5,NMC,Fixed Term,On Leave,KH297729,2029-04-16,NG199411,2028-07-19,2026-11-16,2018-04-01
EMP0619-20260913_210742,Aimee,Richards,klee@example.com,1971-02-09,+441632 960 276,"298 Bernard Meadows
Paulineland
W3 9BX",Female,Riverbank General Hospitals NHS Trust,White,Australia,British Citizen,Nursing,Senior Staff Nurse,Clinical Support Services,6,23.13,2023-04-01,2023-05-06,15.0,0.4,NMC,Bank,On Leave,SH829183,2029-08-27,WJ603475,2030-12-05,2027-04-22,2023-04-22
EMP0620-20260913_210742,Denis,Harris,begumedward@example.org,2008-01-22,(0161) 496 0166,"9 Connor Ville
Rileyview
L4 7SL",Female,Westmere Community Health NHS Trust,White,Australia,British Citizen,Medical,FY1/FY2,Women & Children,FY1,19.88,2018-10-08,2018-11-05,30.0,0.8,HCPC,Bank,Active,MI578054,2030-01-31,XF226799,2027-08-05,2027-06-23,2018-10-29
EMP0621-20260913_210742,Jean,Hayes,mathewwilliams@example.org,1973-05-21,(0118) 496 0881,"Studio 54n
Tina Rue
Holmesshire
TF6 9DL",Male,Westmere Community Health NHS Trust,Mixed,Canada,Skilled Worker,Medical,SHO,Critical Care & Anaesthesia,SHO,29.45,2018-10-26,2018-12-07,15.0,0.4,None,Permanent,Active,KU323888,2028-06-06,AU863323,2030-01-22,2027-05-27,2018-11-16
EMP0622-20260913_210742,Emma,Shaw,ysmith@example.com,1977-10-21,0289018208,"95 Henry Lodge
West Kimmouth
B6 4SP",Male,Lakeside District Hospitals NHS Trust,Black,Trinidad and Tobago,ILR,Medical,FY1/FY2,Women & Children,FY1,20.99,2023-09-10,2023-10-22,18.75,0.5,GMC,Bank,Inactive,DC114159,2029-09-04,HO999434,2028-05-11,2026-10-19,2023-10-01
EMP0623-20260913_210742,Ann,Davies,gouldkevin@example.net,1991-03-13,0114 4960469,"Studio 86
Leanne Flat
Kimmouth
NG8 3JQ",Male,Eastmoor Teaching Hospitals NHS Trust,Asian,China,Skilled Worker,AHP,Pharmacist,Emergency & Urgent Care,5,21.34,2021-10-22,2021-12-03,30.0,0.8,GMC,Bank,On Leave,XV931583,2031-03-24,DF117862,2028-11-22,2026-12-16,2021-11-12
EMP0624-20260913_210742,Stephanie,Mitchell,stewarthoward@example.com,1974-08-08,(0117)4960234,"228 Julian Parkways
North Shaunfort
SW58 0BN",Male,Oakridge Community Services NHS Trust,White,United Kingdom,Dependent,Admin,Administrator,Emergency & Urgent Care,3,14.74,2022-03-14,2022-04-18,30.0,0.8,None,Permanent,On Leave,GX041052,2028-02-17,FF797781,2030-02-09,2027-06-20,2022-04-04
EMP0625-20260913_210742,Damien,May,pateljamie@example.org,2002-03-27,+44141 496 0335,"Flat 55
Carl Circles
Stokeschester
FY4V 7BZ",Male,Southvale Hospitals NHS Trust,White,Australia,ILR,Nursing,Nursery Nurse,Women & Children,2,12.67,2021-10-10,2021-11-07,18.75,0.5,NMC,Bank,On Leave,LL425779,2028-04-07,TJ761880,2027-03-01,2026-11-15,2021-10-31
EMP0626-20260913_210742,Ryan,Fisher,peterdale@example.com,1994-09-24,+44(0)116 4960182,"Studio 20
Jones Court
Lake Dannyberg
SL2 2AP",Female,Bluewater Community & Rehabilitation NHS Trust,Asian,Japan,Dependent,Admin,Receptionist,Medicine & Acute Care,3,14.05,2017-07-02,2017-07-30,30.0,0.8,None,Fixed Term,Suspended,YR451157,2031-02-01,AG960669,2031-04-22,2027-04-28,2017-07-23
EMP0627-20260913_210742,Joanna,Ellis,matthewsdennis@example.net,1980-02-07,+44(0)28 9018296,"231 Lewis Parkway
Nicholsonland
RM30 4XD",Male,Bluewater Community & Rehabilitation NHS Trust,Asian,Thailand,Skilled Worker,Medical,GP,Women & Children,GP,55.92,2017-12-19,2018-01-30,30.0,0.8,NMC,Fixed Term,Inactive,YQ532878,2030-07-26,PT077146,2030-11-15,2027-01-19,2018-01-09
EMP0628-20260913_210742,Judith,Atkinson,hayley73@example.com,1984-12-26,0141 4960619,"121 Elliot Corners
Gordonmouth
M9 2YT",Female,Midlands Central Hospitals NHS Trust,Black,Nigeria,Dependent,Medical,Consultant,Emergency & Urgent Care,CONS,69.35,2023-04-06,2023-05-18,37.5,1.0,HCPC,Bank,Suspended,YG905319,2029-05-13,YC929377,2026-12-21,2027-03-05,2023-04-27
EMP0629-20260913_210742,Scott,Williams,aimeecarr@example.org,1968-01-20,0131 4960522,"Flat 79
Wright Island
Barnesburgh
W2 3DW",Male,Meadowbrook Community Health NHS Trust,Black,South Africa,Skilled Worker,Medical,FY1/FY2,Women & Children,FY1,19.97,2024-05-07,2024-06-18,20.0,0.53,None,Fixed Term,Active,MS176652,2031-09-05,XR696589,2027-09-04,2026-12-09,2024-05-28
EMP0630-20260913_210742,Stuart,Knight,charles47@example.net,1990-11-17,(0909) 8790727,"Flat 55
Young Cape
Benside
M9 9YJ",Female,Valleyview Mental Wellness NHS Trust,Black,Ghana,ILR,Medical,SHO,Surgery & Cancer,SHO,25.59,2022-02-24,2022-04-07,18.75,0.5,None,Permanent,Suspended,ZT599468,2028-02-15,ZJ226834,2028-06-27,2027-04-03,2022-03-17
EMP0631-20260913_210742,Valerie,John,annemartin@example.org,1994-11-19,0131 4960852,"Studio 51
Nixon Grove
Andrewsshire
BS5 3QB",Female,Northwood Mental Health NHS Trust,Black,Trinidad and Tobago,British Citizen,Admin,Receptionist,Emergency & Urgent Care,3,16.04,2017-06-01,2017-07-13,37.5,1.0,GMC,Permanent,Inactive,SP198361,2028-03-27,IC326957,2028-05-28,2027-04-22,2017-06-22
EMP0632-20260913_210742,Annette,Graham,donna83@example.net,1987-03-27,+44(0)161 496 0310,"Flat 14k
Clark Village
Robinsonbury
M2 5QQ",Male,Riverside Integrated Care NHS Trust,Mixed,Ghana,Skilled Worker,Admin,Medical Secretary,Women & Children,4,17.18,2021-12-17,2022-01-28,37.5,1.0,HCPC,Permanent,Suspended,IA787689,2028-03-11,SA280882,2031-09-12,2027-01-19,2022-01-07
EMP0633-20260913_210742,Patrick,Davies,tom67@example.com,1990-08-13,0115 496 0299,"5 Daniel Ridges
Ashleyton
LD6 0RA",Male,Westmere Community Health NHS Trust,Mixed,China,Skilled Worker,Medical,FY1/FY2,Corporate Services,FY1,21.49,2019-12-09,2020-01-13,15.0,0.4,GMC,Fixed Term,Active,KX712531,2030-09-01,NI840180,2029-08-20,2027-04-07,2019-12-30
EMP0634-20260913_210742,Ronald,Humphries,clivelee@example.com,1962-07-28,+449098790057,"Flat 45Q
Sam Dale
South Kayleighburgh
E1U 1BQ",Female,Westmere Community Health NHS Trust,Mixed,Kenya,British Citizen,Nursing,Nursery Nurse,Clinical Support Services,2,12.47,2026-04-25,2026-05-23,37.5,1.0,GMC,Bank,Inactive,YL247940,2026-12-28,KT290008,2030-03-04,2027-02-27,2026-05-16
EMP0635-20260913_210742,Scott,Green,robin90@example.org,1989-03-11,+44(0)1614960824,"Studio 2
Josh Park
Lewishaven
SG04 1FG",Male,Valleyview Mental Wellness NHS Trust,Black,Barbados,ILR,AHP,Radiographer,Women & Children,6,23.92,2026-08-22,2026-09-19,37.5,1.0,NMC,Permanent,On Leave,PZ326141,2031-09-11,OO172808,2031-04-29,2027-01-08,2026-09-12
EMP0636-20260913_210742,Jessica,Thomas,avincent@example.com,1975-04-19,+44115 496 0357,"6 Timothy Rest
South Paul
M57 5UR",Male,Westborough Acute Care NHS Trust,White,United States,Dependent,Nursing,Staff Nurse,Emergency & Urgent Care,5,20.5,2019-11-21,2019-12-19,20.0,0.53,GMC,Fixed Term,On Leave,UC925332,2028-03-28,UZ577807,2030-08-18,2026-09-19,2019-12-12
EMP0637-20260913_210742,Amanda,Spencer,reecedaly@example.org,1973-04-12,(0115) 496 0621,"4 Harrison Dam
Chloeville
LN8 4UP",Male,Westborough Acute Care NHS Trust,White,Canada,Dependent,Nursing,Healthcare Assistant,Clinical Support Services,2,12.64,2023-08-24,2023-09-28,37.5,1.0,None,Fixed Term,On Leave,BK868753,2031-05-13,RI484272,2031-08-20,2027-05-08,2023-09-14
EMP0638-20260913_210742,Grace,Taylor,woodsandra@example.org,1977-01-30,(0118) 496 0694,"Studio 2
Finch Flats
West Shirley
HA4A 5RA",Female,Northwood Mental Health NHS Trust,Asian,Japan,Dependent,Nursing,Nursery Nurse,Surgery & Cancer,2,13.66,2021-02-28,2021-04-11,15.0,0.4,GMC,Bank,Active,QY076721,2031-06-23,HI604235,2027-08-10,2027-06-21,2021-03-21
EMP0639-20260913_210742,Marilyn,Singh,ycarey@example.com,1989-09-13,+44(0)1214960106,"222 Amanda Streets
Declanville
SG5V 5RQ",Male,Riverside Integrated Care NHS Trust,Asian,Japan,ILR,Medical,Consultant,Medicine & Acute Care,CONS,51.62,2025-05-26,2025-07-07,37.5,1.0,HCPC,Fixed Term,Inactive,WP074237,2026-10-30,ZL519392,2030-08-31,2027-04-26,2025-06-16
EMP0640-20260913_210742,David,Kaur,taylorharry@example.net,1984-09-25,0808 1570676,"621 Francesca Loop
North Jade
B8 7WD",Female,Valleyview Mental Wellness NHS Trust,Black,Ghana,Dependent,Medical,GP,Medicine & Acute Care,GP,56.0,2018-03-12,2018-04-16,20.0,0.53,GMC,Bank,Inactive,QM408025,2027-03-24,FL556535,2026-09-13,2026-12-30,2018-04-02
EMP0641-20260913_210742,Harriet,Davison,gforster@example.org,1985-08-16,01214960209,"61 Ronald Grove
East Josephine
S87 3FW",Male,Northwood Mental Health NHS Trust,White,Canada,ILR,AHP,Occupational Therapist,Emergency & Urgent Care,6,24.56,2017-06-28,2017-07-26,37.5,1.0,None,Permanent,Suspended,TD029657,2029-08-29,PO519080,2031-06-24,2026-11-03,2017-07-19
EMP0642-20260913_210742,Joshua,Freeman,vblackburn@example.org,1973-08-03,+44(0)131 496 0360,"33 Lamb Motorway
Lake Lindseymouth
LL9 1AW",Female,Eastfield Psychological Services NHS Trust,Black,Ghana,Dependent,Nursing,Ward Manager,Surgery & Cancer,8A,34.89,2019-09-05,2019-10-03,37.5,1.0,HCPC,Fixed Term,On Leave,GS674954,2031-01-19,DL299644,2027-01-03,2026-12-15,2019-09-26
EMP0643-20260913_210742,Samuel,Russell,fcole@example.net,1972-06-12,+44(0)20 74960341,"45 Robert Shoals
Port Jessicaport
E3 6JJ",Female,Southgate Community & Mental Health NHS Trust,Mixed,Australia,Dependent,Admin,Data Analyst,Medicine & Acute Care,8A,35.6,2021-06-16,2021-07-28,20.0,0.53,None,Permanent,Active,CD189112,2027-06-04,IM061137,2028-11-11,2027-02-01,2021-07-07
EMP0644-20260913_210742,Thomas,Clarke,stonegeorgina@example.net,1994-12-05,+44115 4960204,"Studio 69
Hall Islands
O'Donnellfort
BD4 1FT",Female,Eastfield Psychological Services NHS Trust,Mixed,China,Skilled Worker,Admin,Data Analyst,Critical Care & Anaesthesia,8A,35.29,2019-12-22,2020-01-26,30.0,0.8,NMC,Permanent,On Leave,QC653345,2029-05-29,VD025022,2031-03-28,2027-03-18,2020-01-12
EMP0645-20260913_210742,Terence,Thornton,shaunsmith@example.org,2002-08-31,+449098790340,"548 Davies Circle
Billybury
B6 1GS",Male,Riverbank General Hospitals NHS Trust,Black,South Africa,British Citizen,Nursing,Nursery Nurse,Critical Care & Anaesthesia,2,13.91,2019-08-09,2019-09-20,15.0,0.4,GMC,Bank,Suspended,JZ372906,2029-08-31,FO113414,2028-07-27,2027-06-21,2019-08-30
EMP0646-20260913_210742,Derek,Lee,xbradley@example.org,1979-03-03,(020)74960211,"Flat 02
Gill Mews
South Benport
HX0 5WQ",Female,Meadowbrook Community Health NHS Trust,Black,Trinidad and Tobago,ILR,Nursing,Nursery Nurse,Women & Children,2,13.87,2022-08-30,2022-09-27,37.5,1.0,None,Bank,On Leave,WZ386910,2026-12-20,HA180762,2029-04-08,2026-11-13,2022-09-20
EMP0647-20260913_210742,Dorothy,Reed,rparker@example.org,1997-02-10,09098790351,"Flat 7
Rachel Drives
North Geoffrey
WS51 8UR",Male,Hillcrest Medical Centres NHS Trust,Black,Ghana,ILR,Admin,Administrator,Clinical Support Services,3,15.81,2021-04-01,2021-05-13,15.0,0.4,GMC,Fixed Term,Inactive,WD236048,2028-04-08,BA519110,2029-04-01,2027-02-21,2021-04-22
EMP0648-20260913_210742,Clifford,Mann,peter36@example.com,1986-04-09,0117 4960154,"Flat 0
Morris Prairie
New Lawrence
L57 6SU",Male,Lakeside District Hospitals NHS Trust,Black,Ghana,British Citizen,AHP,Occupational Therapist,Clinical Support Services,6,23.77,2020-05-14,2020-06-18,20.0,0.53,HCPC,Permanent,Inactive,UR576168,2028-03-22,EF060288,2030-04-07,2027-03-06,2020-06-04
EMP0649-20260913_210742,Philip,Woods,hannahdavis@example.org,1993-04-23,(0121) 4960643,"61 Nicola Hills
Scottland
WF26 0LE",Male,Eastfield Psychological Services NHS Trust,Black,Trinidad and Tobago,British Citizen,Nursing,Ward Manager,Critical Care & Anaesthesia,8A,29.68,2017-03-03,2017-04-14,20.0,0.53,NMC,Fixed Term,Suspended,RA332657,2028-05-31,HI336902,2029-02-27,2027-03-30,2017-03-24
EMP0650-20260913_210742,Megan,Carter,ellisjason@example.net,1971-12-15,+44(0)1184960025,"Flat 74n
Morgan Parkway
New Amelia
L63 4FE",Male,Riverbank General Hospitals NHS Trust,Mixed,Nigeria,Skilled Worker,AHP,Occupational Therapist,Women & Children,6,25.07,2022-07-12,2022-08-23,18.75,0.5,GMC,Bank,Active,FN973326,2031-06-04,JG632970,2029-09-30,2027-02-20,2022-08-02
EMP0651-20260913_210742,Karl,Chapman,kwilson@example.com,1996-04-01,(0117)4960230,"Flat 34l
Emily Flats
South Maria
ZE0 9JH",Female,Southvale Hospitals NHS Trust,Asian,Japan,ILR,Nursing,Nursery Nurse,Women & Children,2,14.01,2019-10-14,2019-11-11,30.0,0.8,None,Fixed Term,Suspended,YY841187,2026-12-08,FM644229,2031-07-02,2026-12-03,2019-11-04
EMP0652-20260913_210742,Lindsey,Pearson,xparsons@example.com,2006-12-04,(0306)9990727,"Flat 78
Phillip Expressway
East Dawnview
EC9M 2PA",Female,Westborough Acute Care NHS Trust,Black,Barbados,Dependent,Nursing,Nursery Nurse,Clinical Support Services,2,14.13,2020-04-26,2020-06-07,30.0,0.8,GMC,Permanent,Inactive,HM262810,2031-03-20,NY977708,2029-03-07,2027-08-22,2020-05-17
EMP0653-20260913_210742,Aimee,Holden,jadehayes@example.net,1980-07-13,(0118) 4960849,"Flat 39
Neil Square
Port Sara
L80 3GD",Female,Southvale Hospitals NHS Trust,Black,South Africa,Skilled Worker,Nursing,Nursery Nurse,Emergency & Urgent Care,2,12.55,2024-07-17,2024-08-28,20.0,0.53,HCPC,Permanent,Inactive,CO262514,2028-02-25,DX793524,2027-01-13,2026-11-29,2024-08-07
EMP0654-20260913_210742,Mark,Harper,elliottbutler@example.org,1968-01-31,+441632 960207,"04 Stewart Harbors
New Kathleen
CW8 6ZL",Male,Northshire University Hospitals NHS Trust,Asian,China,ILR,Medical,Registrar,Corporate Services,SPR,36.75,2026-08-17,2026-09-28,30.0,0.8,None,Fixed Term,Suspended,LN966427,2030-12-06,IK020244,2030-05-28,2027-02-14,2026-09-07
EMP0655-20260913_210742,Emily,Howard,yhicks@example.net,2001-11-18,+44808 157 0632,"412 Aaron Parkway
Lisaside
BN6 8BW",Female,Midlands Central Hospitals NHS Trust,Black,Ghana,ILR,Medical,Consultant,Emergency & Urgent Care,CONS,65.37,2021-08-14,2021-09-25,15.0,0.4,GMC,Permanent,Suspended,PQ074036,2029-05-02,OW292320,2031-08-25,2027-06-19,2021-09-04
EMP0656-20260913_210742,Leanne,Jones,jakelee@example.org,1990-05-21,0116 496 0783,"Studio 32
O'Neill Cliff
Port Ryanview
BD3 7ZQ",Male,Greenhaven Acute & Specialist Care NHS Trust,Black,Trinidad and Tobago,British Citizen,Medical,Registrar,Clinical Support Services,SPR,40.43,2017-11-10,2017-12-22,18.75,0.5,HCPC,Bank,Suspended,ET896798,2027-12-11,SI673581,2027-10-18,2026-11-10,2017-12-01
EMP0657-20260913_210742,Jane,Williams,karl11@example.com,1977-11-08,0191 4960773,"Studio 56
Patrick Viaduct
New Irene
BN81 6SR",Male,Eastfield Psychological Services NHS Trust,White,United States,British Citizen,Admin,Data Analyst,Clinical Support Services,8A,30.37,2021-10-25,2021-11-22,18.75,0.5,None,Permanent,Inactive,YN977053,2031-05-21,IK444268,2029-01-19,2027-08-14,2021-11-15
EMP0658-20260913_210742,Kyle,Taylor,xturner@example.org,1966-01-15,0115 496 0451,"Studio 8
Potter Isle
Lorraineburgh
B9A 3QQ",Male,Eastfield Psychological Services NHS Trust,Black,Trinidad and Tobago,British Citizen,Medical,GP,Critical Care & Anaesthesia,GP,53.98,2019-11-16,2019-12-14,15.0,0.4,HCPC,Bank,Active,LO019615,2030-12-20,NJ772485,2028-09-28,2026-11-04,2019-12-07
EMP0659-20260913_210742,Sarah,Hill,qpotter@example.net,1987-08-11,+44306 9990808,"679 Hall Parkway
Port Georgiahaven
MK35 7BY",Male,Northwood Mental Health NHS Trust,White,New Zealand,Skilled Worker,Medical,Consultant,Clinical Support Services,CONS,67.57,2018-03-27,2018-05-08,37.5,1.0,None,Bank,Inactive,LL109070,2029-05-25,IB129164,2029-02-27,2026-11-29,2018-04-17
EMP0660-20260913_210742,Heather,Owen,williamsimpson@example.com,1981-11-15,+4420 7496 0712,"57 Ricky Street
Quinnfort
N02 0NY",Female,Horizon Integrated Health Partnership NHS Trust,Asian,Japan,Dependent,Admin,Medical Secretary,Women & Children,4,18.15,2019-03-08,2019-04-05,37.5,1.0,HCPC,Permanent,Inactive,SN412071,2027-01-13,PO257388,2031-03-08,2027-05-06,2019-03-29
EMP0661-20260913_210742,Oliver,Robinson,joseph03@example.com,1980-12-16,01174960555,"Studio 0
Gerald Islands
Teresafurt
EH3Y 7BP",Female,Midlands Central Hospitals NHS Trust,Asian,China,ILR,Nursing,Nursery Nurse,Corporate Services,2,12.98,2025-02-24,2025-03-31,15.0,0.4,GMC,Bank,Suspended,XF671172,2030-07-18,EZ906580,2029-01-27,2027-04-16,2025-03-17
EMP0662-20260913_210742,Ruth,Allen,powellnicole@example.com,1987-04-08,+44(0)909 879 0829,"385 Denise Pines
Colintown
W8H 2BL",Female,Westmere Community Health NHS Trust,Asian,Japan,British Citizen,AHP,Speech Therapist,Emergency & Urgent Care,6,24.58,2023-03-13,2023-04-10,20.0,0.53,GMC,Fixed Term,Inactive,UV259521,2031-04-18,ZC905944,2031-03-26,2027-02-20,2023-04-03
EMP0663-20260913_210742,Alexandra,Lawson,jameswendy@example.com,1989-11-18,(0113) 496 0308,"Flat 0
Taylor Isle
Daniellefort
N39 7GD",Female,Northwood Mental Health NHS Trust,Black,Nigeria,British Citizen,Admin,Receptionist,Women & Children,3,16.08,2025-06-05,2025-07-10,30.0,0.8,GMC,Bank,Active,GU292498,2030-11-26,ZM519202,2028-05-11,2026-12-25,2025-06-26
EMP0664-20260913_210742,Declan,Atkinson,gfreeman@example.com,1961-05-29,(0113)4960867,"Flat 5
Middleton Points
Christianton
BN87 7UT",Female,Meadowbrook Community Health NHS Trust,Black,South Africa,ILR,Admin,Data Analyst,Women & Children,8A,33.57,2025-11-17,2025-12-15,15.0,0.4,HCPC,Permanent,Inactive,QT646090,2030-02-11,CW174612,2029-09-11,2027-01-31,2025-12-08
EMP0665-20260913_210742,James,Watkins,warrenemma@example.com,1988-06-09,+44131 496 0275,"10 Elliott Causeway
Smithtown
M64 6AE",Male,Lakeside District Hospitals NHS Trust,Asian,India,British Citizen,Medical,GP,Critical Care & Anaesthesia,GP,56.94,2022-12-01,2022-12-29,15.0,0.4,None,Fixed Term,Active,TI772602,2028-04-24,DB645623,2028-11-23,2027-08-15,2022-12-22
EMP0666-20260913_210742,Leah,Clements,stevensgillian@example.net,1991-01-17,+441214960631,"15 Stuart Ports
Khanshire
B44 0XX",Male,Meadowbrook Community Health NHS Trust,Asian,India,Dependent,Nursing,Senior Staff Nurse,Corporate Services,6,23.53,2022-06-16,2022-07-28,20.0,0.53,None,Permanent,Suspended,AC022324,2031-05-05,HQ173600,2030-10-31,2027-07-18,2022-07-07
EMP0667-20260913_210742,Marion,Lewis,pwright@example.net,1993-04-02,+44(0)161 496 0642,"5 Jones Cliff
Louiseland
UB38 1BT",Male,Westborough Acute Care NHS Trust,White,New Zealand,ILR,Medical,SHO,Emergency & Urgent Care,SHO,30.63,2025-11-02,2025-11-30,20.0,0.53,NMC,Permanent,Inactive,TP929989,2027-04-25,IG791624,2029-02-01,2026-10-09,2025-11-23
EMP0668-20260913_210742,Debra,Wheeler,ngraham@example.org,2006-10-22,02074960342,"533 Dominic Gateway
Port Joel
WS1M 7RE",Female,Eastmoor Teaching Hospitals NHS Trust,Mixed,Australia,Skilled Worker,Medical,Registrar,Women & Children,SPR,37.63,2020-01-02,2020-02-06,37.5,1.0,NMC,Bank,Inactive,KS197179,2027-06-24,EI332123,2028-08-02,2026-11-08,2020-01-23
EMP0669-20260913_210742,Alexander,Fletcher,sandramorris@example.net,1981-03-16,+441144960664,"Flat 42K
Taylor Knoll
Lyndaton
IG1B 7WY",Male,Broadfield Clinical Services NHS Trust,Mixed,Jamaica,British Citizen,AHP,Occupational Therapist,Emergency & Urgent Care,6,26.75,2020-04-12,2020-05-24,20.0,0.53,GMC,Permanent,On Leave,VJ576005,2028-09-29,UR468007,2027-07-21,2027-08-13,2020-05-03
EMP0670-20260913_210742,Francesca,Smith,ygodfrey@example.com,1968-01-19,(0191)4960732,"99 Bradley Bypass
Lake Sam
GY26 4WG",Male,Northshire University Hospitals NHS Trust,Mixed,Australia,Dependent,Admin,Medical Secretary,Critical Care & Anaesthesia,4,17.31,2025-12-06,2026-01-10,15.0,0.4,NMC,Permanent,Inactive,HY217660,2027-12-09,VF832438,2029-06-08,2027-04-29,2025-12-27
EMP0671-20260913_210742,Leigh,Roberts,vfletcher@example.com,1973-09-19,+44121 496 0037,"51 Kyle Bypass
South Staceyshire
M3D 0PX",Female,Eastfield Psychological Services NHS Trust,Mixed,India,Skilled Worker,AHP,Speech Therapist,Surgery & Cancer,6,24.57,2019-01-07,2019-02-11,20.0,0.53,NMC,Fixed Term,Active,SD197834,2029-03-31,JE702179,2030-09-25,2027-05-20,2019-01-28
EMP0672-20260913_210742,Francis,Carter,barryallen@example.com,2002-12-29,+44117 496 0005,"84 Williamson Dale
Carlborough
W67 4QQ",Male,Southvale Hospitals NHS Trust,Asian,Thailand,Dependent,Admin,Receptionist,Medicine & Acute Care,3,16.15,2026-03-04,2026-04-01,15.0,0.4,GMC,Fixed Term,Suspended,BL891016,2027-10-04,BG315746,2030-11-28,2027-07-28,2026-03-25
EMP0673-20260913_210742,Margaret,Murphy,jenkinsshirley@example.org,1979-02-24,+44117 4960403,"136 Wood Knolls
Victormouth
GL03 5RJ",Male,Riverside Integrated Care NHS Trust,White,Canada,Skilled Worker,Medical,FY1/FY2,Critical Care & Anaesthesia,FY1,18.71,2025-05-05,2025-06-16,15.0,0.4,None,Fixed Term,Active,AQ862692,2031-08-29,TX873350,2030-07-02,2026-12-08,2025-05-26
EMP0674-20260913_210742,Raymond,Singh,georgia09@example.org,1965-09-27,+44306 999 0938,"3 Mandy Tunnel
East Cherylland
CM36 7WG",Male,Bluewater Community & Rehabilitation NHS Trust,Asian,Thailand,Dependent,Admin,Receptionist,Women & Children,3,15.78,2017-09-21,2017-11-02,20.0,0.53,None,Permanent,Suspended,XU816973,2028-06-10,AN742654,2027-10-19,2027-01-07,2017-10-12
EMP0675-20260913_210742,Garry,Cooke,david23@example.net,1982-07-28,0191 4960306,"75 Joanne Row
Lake Julian
M3 2SX",Male,Greenhaven Acute & Specialist Care NHS Trust,Asian,Thailand,Skilled Worker,Nursing,Senior Staff Nurse,Clinical Support Services,6,26.68,2025-11-27,2025-12-25,18.75,0.5,HCPC,Bank,Suspended,FE421979,2030-01-24,QL734338,2029-10-25,2027-03-24,2025-12-18
EMP0676-20260913_210742,Damien,Richardson,declanreeves@example.net,1986-11-21,+44(0)20 7496 0116,"Flat 0
Dean Extensions
South Phillipfurt
SO9X 9NE",Female,Midlands Central Hospitals NHS Trust,Asian,Thailand,British Citizen,AHP,Pharmacist,Corporate Services,5,19.22,2023-03-27,2023-04-24,20.0,0.53,HCPC,Permanent,Active,EX500343,2029-06-22,AP862838,2026-10-14,2027-02-06,2023-04-17
EMP0677-20260913_210742,Clifford,Schofield,jeanhilton@example.net,1983-04-18,+44(0)306 999 0327,"Flat 3
Cooke Locks
Alisonview
HP94 1AA",Female,Meadowbrook Community Health NHS Trust,Asian,China,ILR,Medical,Registrar,Women & Children,SPR,41.57,2024-01-13,2024-02-24,18.75,0.5,GMC,Fixed Term,On Leave,UZ879713,2029-04-21,LX732051,2028-11-29,2026-10-02,2024-02-03
EMP0678-20260913_210742,Mohammed,Barton,moorephilip@example.net,1997-08-26,+441144960778,"Studio 10
Harriet Orchard
New Simon
M2W 2HW",Male,Oakridge Community Services NHS Trust,White,Australia,Dependent,Admin,Receptionist,Women & Children,3,13.41,2017-03-01,2017-04-12,37.5,1.0,HCPC,Fixed Term,Suspended,LW870818,2031-08-30,BR662144,2028-01-23,2027-03-17,2017-03-22
EMP0679-20260913_210742,Teresa,Richardson,pollardjoe@example.org,1967-02-25,+44292018069,"74 Gillian Meadow
Lake Kathryn
N1 7SU",Male,Greenhaven Acute & Specialist Care NHS Trust,Mixed,Japan,Skilled Worker,Admin,Administrator,Medicine & Acute Care,3,14.79,2023-03-28,2023-05-09,15.0,0.4,None,Fixed Term,Inactive,YN692404,2029-04-05,HR013333,2028-07-01,2027-09-11,2023-04-18
EMP0680-20260913_210742,Ross,Chandler,gsmith@example.org,1986-02-03,+44131 4960863,"4 Susan Plaza
Damianstad
B6K 4SR",Female,Riverside Integrated Care NHS Trust,Asian,China,British Citizen,Nursing,Nursery Nurse,Emergency & Urgent Care,2,14.27,2019-02-19,2019-03-26,37.5,1.0,None,Permanent,Active,QU588587,2029-11-17,XC171114,2031-08-18,2027-06-21,2019-03-12
EMP0681-20260913_210742,Joel,Swift,pjohnson@example.net,1991-06-27,01414960967,"48 Jake Junction
Wendyhaven
HG9V 0RE",Male,Greenhaven Acute & Specialist Care NHS Trust,White,United States,ILR,Nursing,Charge Nurse,Surgery & Cancer,7,30.4,2020-02-02,2020-03-01,20.0,0.53,HCPC,Bank,On Leave,YR082981,2029-01-12,UL455880,2030-01-03,2027-03-09,2020-02-23
EMP0682-20260913_210742,Clive,Pickering,ccarr@example.net,1986-09-13,+44151 496 0967,"714 Patel Springs
North Elaineland
HA17 0SW",Female,Eastfield Psychological Services NHS Trust,Mixed,India,Skilled Worker,Medical,FY1/FY2,Emergency & Urgent Care,FY1,21.23,2018-03-29,2018-05-10,30.0,0.8,NMC,Bank,Suspended,CD814932,2026-10-02,VE028525,2027-02-09,2027-08-19,2018-04-19
EMP0683-20260913_210742,Sylvia,Parker,cosborne@example.org,1986-08-29,+44116 4960390,"Studio 8
Lesley Way
Lake Keithton
M32 7FN",Male,Southgate Community & Mental Health NHS Trust,Mixed,Kenya,ILR,Nursing,Ward Manager,Corporate Services,8A,33.7,2023-10-22,2023-11-26,37.5,1.0,NMC,Permanent,Inactive,JN677872,2028-04-26,VO764230,2029-07-01,2026-10-13,2023-11-12
EMP0684-20260913_210742,Ryan,Norton,devans@example.net,1973-01-25,+441632960893,"Flat 00v
Charlie Field
Antonyview
TD3 7PP",Female,Southvale Hospitals NHS Trust,Mixed,Canada,Dependent,Medical,FY1/FY2,Clinical Support Services,FY1,19.14,2021-07-21,2021-08-18,18.75,0.5,None,Bank,Suspended,UV659941,2029-01-06,CG887734,2030-12-08,2027-05-21,2021-08-11
EMP0685-20260913_210742,Declan,Lord,elliottmatthews@example.net,1964-01-25,+44131 4960478,"70 Cooper Lodge
Morrisbury
DA2 5XZ",Male,Northshire University Hospitals NHS Trust,Black,Ghana,Skilled Worker,Nursing,Healthcare Assistant,Women & Children,2,14.13,2018-07-24,2018-08-28,20.0,0.53,None,Permanent,Active,WG523267,2028-01-19,GX507135,2028-04-28,2026-11-02,2018-08-14
EMP0686-20260913_210742,Luke,Andrews,carltaylor@example.com,1990-11-15,0115 4960124,"Flat 90
Graham Ramp
New Lindsey
L1E 8DT",Male,Northwood Mental Health NHS Trust,Asian,India,Dependent,Medical,GP,Women & Children,GP,48.17,2017-08-30,2017-10-04,30.0,0.8,None,Fixed Term,Inactive,CM654126,2031-07-04,GU036023,2029-12-27,2027-03-28,2017-09-20
EMP0687-20260913_210742,Frances,Abbott,marie90@example.net,1981-02-06,+441514960020,"29 Jay Neck
Ellietown
B1 8FB",Female,Bluewater Community & Rehabilitation NHS Trust,Black,Kenya,ILR,Admin,Receptionist,Critical Care & Anaesthesia,3,14.84,2025-06-25,2025-08-06,15.0,0.4,GMC,Permanent,Active,KY411311,2030-04-24,TQ648109,2030-07-11,2027-08-14,2025-07-16
EMP0688-20260913_210742,Nicola,Jones,graemesmith@example.org,1974-04-08,(0191) 496 0713,"Studio 23L
Ronald Court
Joanneburgh
M68 9TQ",Female,Midlands Central Hospitals NHS Trust,Mixed,Japan,British Citizen,Nursing,Senior Staff Nurse,Critical Care & Anaesthesia,6,27.33,2026-02-04,2026-03-04,30.0,0.8,HCPC,Bank,On Leave,GP666818,2028-03-29,ZI623054,2027-06-12,2027-07-28,2026-02-25
EMP0689-20260913_210742,William,Nicholls,patrick14@example.net,1967-04-03,(0141) 496 0811,"5 Frederick Stream
Dayport
PL60 4GU",Female,Eastfield Psychological Services NHS Trust,Mixed,China,British Citizen,AHP,Speech Therapist,Clinical Support Services,6,26.58,2018-10-06,2018-11-03,37.5,1.0,GMC,Bank,Inactive,JS982597,2028-01-31,NF462752,2029-05-11,2027-04-08,2018-10-27
EMP0690-20260913_210742,Kathleen,Simpson,craigeric@example.net,1997-02-17,0808 1570213,"Studio 55K
Hicks Crest
Lake Kieran
N3 3NF",Male,Southgate Community & Mental Health NHS Trust,Mixed,Barbados,British Citizen,AHP,Speech Therapist,Corporate Services,6,25.77,2021-11-22,2021-12-20,37.5,1.0,None,Fixed Term,Suspended,XA595296,2030-01-14,DT160515,2030-11-18,2027-01-22,2021-12-13
EMP0691-20260913_210742,Chloe,Sims,louisgraham@example.com,1973-10-02,(029) 2018 0295,"823 Hazel Loaf
Hawkinsport
E3 5GX",Male,Valleyview Mental Wellness NHS Trust,Black,Nigeria,British Citizen,Medical,SHO,Women & Children,SHO,23.54,2018-05-31,2018-07-05,30.0,0.8,None,Fixed Term,Inactive,QS815129,2031-04-20,HP274506,2030-02-28,2027-02-08,2018-06-21
EMP0692-20260913_210742,Ann,Kelly,hollieallan@example.org,1965-06-29,+44117 4960773,"Studio 9
Gail Centers
Port Anneburgh
B7 8SW",Male,Meadowbrook Community Health NHS Trust,Mixed,China,ILR,Nursing,Healthcare Assistant,Clinical Support Services,2,13.87,2017-04-11,2017-05-16,30.0,0.8,HCPC,Permanent,On Leave,QD382947,2030-04-11,EL639318,2029-10-04,2027-09-12,2017-05-02
EMP0693-20260913_210742,Mitchell,Anderson,kennethdavies@example.net,1961-09-06,+44117 4960998,"Flat 8
Lawrence Parkways
Stokesshire
OL7M 1QD",Female,Eastfield Psychological Services NHS Trust,Black,Kenya,ILR,Nursing,Charge Nurse,Clinical Support Services,7,30.02,2020-02-26,2020-03-25,15.0,0.4,None,Bank,On Leave,CU039725,2029-09-17,EI924967,2027-10-31,2027-06-17,2020-03-18
EMP0694-20260913_210742,Charlie,Franklin,ciqbal@example.org,1986-06-01,(0113) 4960620,"Flat 2
Adrian Roads
North Colin
IM12 7BH",Male,Westmere Community Health NHS Trust,White,New Zealand,ILR,Nursing,Healthcare Assistant,Emergency & Urgent Care,2,12.95,2026-03-06,2026-04-10,30.0,0.8,GMC,Permanent,Suspended,TC780875,2027-06-01,WO725669,2030-02-13,2027-07-27,2026-03-27
EMP0695-20260913_210742,Rachel,Ross,hendersonjill@example.org,1980-12-16,028 9018 0502,"Flat 34
Brown Prairie
South Ashleigh
S75 4WT",Female,Midlands Central Hospitals NHS Trust,White,Canada,British Citizen,AHP,Physiologist,Critical Care & Anaesthesia,6,25.33,2021-08-16,2021-09-13,30.0,0.8,HCPC,Fixed Term,On Leave,AU056458,2028-02-02,HO341911,2030-06-24,2027-05-29,2021-09-06
EMP0696-20260913_210742,Rosie,Sanders,martinkate@example.net,1993-12-22,+44(0)115 4960978,"Studio 5
Jane Landing
West Nicole
WD5M 1HF",Male,Northshire University Hospitals NHS Trust,Asian,India,Dependent,Admin,Data Analyst,Clinical Support Services,8A,28.83,2021-09-22,2021-11-03,20.0,0.53,None,Fixed Term,Active,BI723911,2030-06-28,NQ985142,2029-04-14,2026-12-30,2021-10-13
EMP0697-20260913_210742,Guy,Morgan,hilary22@example.com,1969-03-02,02074960998,"Flat 7
Benjamin Pike
New Francescabury
HU9B 3BF",Male,Riverbank General Hospitals NHS Trust,Asian,India,Skilled Worker,AHP,Occupational Therapist,Clinical Support Services,6,26.76,2023-10-01,2023-10-29,37.5,1.0,NMC,Bank,Inactive,FL459941,2031-09-06,OA600907,2031-04-12,2027-04-08,2023-10-22
EMP0698-20260913_210742,Gregory,Glover,annettemoore@example.net,2008-06-30,0151 496 0995,"38 Zoe Skyway
Morganberg
B48 0SU",Female,Lakeside District Hospitals NHS Trust,Asian,India,Skilled Worker,AHP,Radiographer,Critical Care & Anaesthesia,6,24.96,2020-01-06,2020-02-03,30.0,0.8,NMC,Bank,On Leave,YD501210,2031-02-04,RA314655,2027-12-03,2026-11-26,2020-01-27
EMP0699-20260913_210742,Catherine,Taylor,joanpearce@example.com,1990-02-16,+44131 496 0014,"795 Lewis Landing
New Justinborough
G6A 2LE",Male,Lakeside District Hospitals NHS Trust,Mixed,Jamaica,ILR,AHP,Physiotherapist,Women & Children,6,27.2,2018-05-17,2018-06-14,15.0,0.4,GMC,Permanent,On Leave,LT991195,2027-11-18,FO713869,2028-05-01,2026-12-20,2018-06-07
EMP0700-20260913_210742,Gary,Webb,watsonelizabeth@example.org,1988-04-04,01414960488,"Studio 3
Kieran Loop
New Jamietown
FY5E 1DE",Female,Hillcrest Medical Centres NHS Trust,Mixed,India,British Citizen,Nursing,Charge Nurse,Corporate Services,7,31.7,2018-10-26,2018-11-23,30.0,0.8,HCPC,Permanent,Suspended,RB617361,2030-03-06,GO491784,2027-02-11,2027-07-06,2018-11-16
EMP0701-20260913_210742,Alan,Bennett,garyriley@example.com,1976-09-06,(0151)4960551,"656 Colin Points
North Matthewbury
M1 2NW",Male,Bluewater Community & Rehabilitation NHS Trust,Mixed,Nigeria,British Citizen,Admin,Receptionist,Critical Care & Anaesthesia,3,13.39,2021-04-13,2021-05-18,30.0,0.8,NMC,Bank,Inactive,FJ874490,2027-11-06,VP461009,2031-05-28,2027-08-25,2021-05-04
EMP0702-20260913_210742,Charlie,Murray,russelltom@example.net,2001-03-03,(01632) 960261,"Flat 6
Morgan Inlet
Gordonfurt
B40 9GN",Female,Westmere Community Health NHS Trust,Black,Kenya,British Citizen,Admin,Administrator,Women & Children,3,15.13,2019-01-03,2019-02-07,20.0,0.53,NMC,Permanent,Suspended,TY740150,2031-04-28,XN098467,2030-03-25,2027-07-05,2019-01-24
EMP0703-20260913_210742,Brian,Davies,cherylbrown@example.org,1989-12-15,+44117 4960627,"82 Simmons Squares
New Andrew
S6 4JD",Male,Oakridge Community Services NHS Trust,Asian,India,Skilled Worker,Medical,GP,Critical Care & Anaesthesia,GP,51.52,2024-10-04,2024-11-15,30.0,0.8,None,Fixed Term,Inactive,XS583802,2026-11-09,GN838807,2027-01-13,2027-01-05,2024-10-25
EMP0704-20260913_210742,Denis,Marsh,kingannette@example.com,1970-12-28,(01632) 960 481,"Studio 15
Debra Roads
East Traceychester
E6H 8YS",Male,Southvale Hospitals NHS Trust,White,United States,ILR,Admin,Receptionist,Women & Children,3,16.0,2021-05-16,2021-06-20,20.0,0.53,None,Permanent,Active,FF979098,2030-05-17,OX009579,2031-08-21,2026-11-26,2021-06-06
EMP0705-20260913_210742,Cheryl,Ford,john25@example.org,1968-04-22,0118 496 0466,"Studio 55
Jade Camp
Port Leah
B7 9BU",Male,Bluewater Community & Rehabilitation NHS Trust,Mixed,Trinidad and Tobago,Dependent,Nursing,Nursery Nurse,Women & Children,2,13.88,2026-06-07,2026-07-19,18.75,0.5,GMC,Permanent,Suspended,EU923754,2031-01-19,QC397987,2030-02-06,2027-02-17,2026-06-28
EMP0706-20260913_210742,Shirley,Saunders,elliottbaker@example.net,1968-07-08,(0141) 496 0612,"Flat 33
Matthew Burgs
Coxview
N8 0BX",Female,Greenhaven Acute & Specialist Care NHS Trust,Asian,Thailand,Dependent,AHP,Physiologist,Corporate Services,6,23.73,2022-06-01,2022-06-29,20.0,0.53,None,Bank,Active,VF588456,2030-12-29,YK996833,2027-06-28,2027-04-03,2022-06-22
EMP0707-20260913_210742,Kenneth,Griffiths,hayesneil@example.org,1976-07-03,+44(0)28 9018024,"Studio 41
Lloyd Manor
Charlesfort
NE1E 3DJ",Female,Riverbank General Hospitals NHS Trust,White,United States,Skilled Worker,Admin,Receptionist,Medicine & Acute Care,3,16.12,2026-06-18,2026-07-16,15.0,0.4,None,Permanent,On Leave,JU339421,2028-12-20,RK043943,2030-04-21,2027-01-09,2026-07-09
EMP0708-20260913_210742,Karen,Myers,robert24@example.org,1970-06-20,+44(0)117 496 0121,"87 Hughes Lodge
Taylormouth
LL5 6LA",Male,Riverbank General Hospitals NHS Trust,White,New Zealand,British Citizen,Nursing,Staff Nurse,Surgery & Cancer,5,21.47,2018-07-21,2018-08-18,18.75,0.5,NMC,Fixed Term,On Leave,MG206959,2026-12-25,ZX986232,2030-08-25,2026-09-24,2018-08-11
EMP0709-20260913_210742,Jean,Marshall,cameron90@example.net,1989-12-25,01154960146,"0 Clarke Drive
West Glen
N2T 8SU",Male,Bluewater Community & Rehabilitation NHS Trust,Asian,China,ILR,Admin,Receptionist,Clinical Support Services,3,15.71,2017-01-05,2017-02-09,18.75,0.5,NMC,Bank,On Leave,WU779420,2031-01-12,JG435287,2030-01-17,2026-12-07,2017-01-26
EMP0710-20260913_210742,Harriet,Brown,nichollsvanessa@example.com,1987-07-19,01414960250,"40 Smith Fort
Burkestad
B4E 6JZ",Male,Hillcrest Medical Centres NHS Trust,Mixed,Thailand,British Citizen,Admin,Medical Secretary,Women & Children,4,19.21,2018-09-07,2018-10-12,15.0,0.4,HCPC,Permanent,Inactive,DN876123,2029-03-29,SQ246362,2030-05-15,2027-05-15,2018-09-28
EMP0711-20260913_210742,Denise,O'Connor,fhughes@example.net,1989-03-11,+44(0)151 4960575,"206 Bryan Greens
Justinland
RH49 0YN",Female,Horizon Integrated Health Partnership NHS Trust,White,United Kingdom,Dependent,Medical,SHO,Women & Children,SHO,27.01,2024-07-26,2024-08-30,18.75,0.5,NMC,Fixed Term,On Leave,OE697039,2028-11-04,SW495813,2030-04-03,2027-03-08,2024-08-16
EMP0712-20260913_210742,Malcolm,White,tinablake@example.org,2007-02-22,+44(0)29 2018 0335,"Studio 19y
Clive Wells
Lake Jonathanfort
NP5 6TD",Male,Northshire University Hospitals NHS Trust,Mixed,Australia,British Citizen,AHP,Physiologist,Critical Care & Anaesthesia,6,27.46,2020-01-12,2020-02-16,15.0,0.4,None,Bank,On Leave,FX892908,2030-05-15,DJ810012,2031-03-24,2027-09-03,2020-02-02
EMP0713-20260913_210742,Teresa,Phillips,harrysingh@example.com,1972-02-07,(0118) 4960702,"0 Anderson Locks
North Clive
DN9E 4UX",Female,Southgate Community & Mental Health NHS Trust,White,New Zealand,British Citizen,Medical,FY1/FY2,Surgery & Cancer,FY1,21.35,2022-09-05,2022-10-17,30.0,0.8,NMC,Permanent,On Leave,XQ593119,2027-03-13,PO133586,2030-07-01,2027-08-27,2022-09-26
EMP0714-20260913_210742,Lynne,Oliver,lynda41@example.org,1981-05-08,0141 4960546,"Flat 76K
Jones Pike
Hancocktown
W7 7BZ",Male,Horizon Integrated Health Partnership NHS Trust,Black,Jamaica,ILR,AHP,Physiotherapist,Clinical Support Services,6,23.72,2024-11-24,2024-12-29,18.75,0.5,HCPC,Bank,On Leave,PQ821419,2028-11-30,HF752810,2030-01-25,2027-03-06,2024-12-15
EMP0715-20260913_210742,Katherine,Mahmood,judithwalker@example.com,1964-03-18,+441214960185,"5 Hughes Mountains
Hardychester
E12 1UL",Female,Broadfield Clinical Services NHS Trust,Mixed,South Africa,Dependent,AHP,Speech Therapist,Medicine & Acute Care,6,26.06,2022-12-12,2023-01-23,15.0,0.4,None,Fixed Term,Active,OG412256,2031-02-01,WF300983,2027-08-09,2026-09-28,2023-01-02
EMP0716-20260913_210742,Hollie,Smith,thompsonstewart@example.com,2002-11-08,+44(0)909 879 0333,"9 Elizabeth Coves
Longmouth
CH5P 4WB",Male,Hillcrest Medical Centres NHS Trust,Black,Nigeria,Dependent,Nursing,Healthcare Assistant,Clinical Support Services,2,13.63,2022-06-30,2022-08-11,37.5,1.0,GMC,Permanent,Suspended,XB336689,2029-08-03,GQ737442,2030-11-22,2027-04-11,2022-07-21
EMP0717-20260913_210742,Dominic,Henderson,ooliver@example.net,1964-05-17,+441314960167,"274 Joe Mountains
Barbarafort
YO5V 0ZF",Female,Greenhaven Acute & Specialist Care NHS Trust,Asian,China,Skilled Worker,AHP,Radiographer,Clinical Support Services,6,23.96,2019-12-22,2020-02-02,30.0,0.8,GMC,Bank,Suspended,ES953662,2031-07-13,QB725126,2029-12-08,2027-04-01,2020-01-12
EMP0718-20260913_210742,Adrian,Douglas,vincentreeves@example.com,1964-10-07,(0118)4960689,"725 Reed Route
South Annehaven
CF6H 3HE",Female,Midlands Central Hospitals NHS Trust,White,United States,ILR,Nursing,Senior Staff Nurse,Emergency & Urgent Care,6,26.62,2022-04-30,2022-06-04,18.75,0.5,NMC,Bank,On Leave,XT605060,2027-02-18,AH471201,2029-03-11,2027-01-08,2022-05-21
EMP0719-20260913_210742,Glen,Humphreys,pstewart@example.org,2001-08-21,0114 4960672,"530 Roy Orchard
Lake Marilyn
G5J 9ZB",Female,Eastfield Psychological Services NHS Trust,Asian,Thailand,ILR,Medical,SHO,Clinical Support Services,SHO,26.09,2019-07-04,2019-08-15,20.0,0.53,None,Bank,Inactive,QY214028,2030-04-06,AC685732,2027-04-18,2026-12-05,2019-07-25
EMP0720-20260913_210742,Beverley,Norris,ygibson@example.com,1996-06-16,+4428 9018 0661,"Studio 0
Gerald Parkway
Anneton
L4 5WD",Male,Lakeside District Hospitals NHS Trust,Black,Trinidad and Tobago,Dependent,Nursing,Charge Nurse,Medicine & Acute Care,7,28.18,2019-11-16,2019-12-14,15.0,0.4,None,Bank,Inactive,WW893446,2027-02-28,NJ592753,2029-02-27,2027-01-06,2019-12-07
EMP0721-20260913_210742,Ross,Bishop,boylebrenda@example.org,1994-11-05,028 9018766,"Flat 2
Pearson Road
Port Simon
WR3 8HE",Female,Valleyview Mental Wellness NHS Trust,Asian,China,British Citizen,Admin,Administrator,Medicine & Acute Care,3,13.52,2022-03-01,2022-03-29,18.75,0.5,NMC,Fixed Term,Suspended,VR260020,2031-02-03,FQ616318,2030-07-07,2027-09-05,2022-03-22
EMP0722-20260913_210742,Mohamed,Houghton,pattersonjayne@example.net,1979-01-11,(0113) 4960807,"Flat 1
Elaine Mountains
Frederickville
SM81 6YF",Female,Westmere Community Health NHS Trust,Asian,Japan,ILR,AHP,Physiotherapist,Surgery & Cancer,6,24.32,2025-11-25,2026-01-06,30.0,0.8,NMC,Permanent,Active,ID643045,2031-05-06,HT753916,2031-01-19,2027-01-18,2025-12-16
EMP0723-20260913_210742,Deborah,Bates,igregory@example.com,1996-09-17,+44(0)9098790241,"9 Birch Glens
Port Geoffrey
DA44 9EQ",Male,Lakeside District Hospitals NHS Trust,Mixed,Jamaica,ILR,Nursing,Nursery Nurse,Surgery & Cancer,2,13.34,2019-08-09,2019-09-13,30.0,0.8,HCPC,Bank,Active,HO283675,2027-03-01,LO920882,2030-08-18,2027-05-11,2019-08-30
EMP0724-20260913_210742,Francis,Mann,shannonstevenson@example.com,1968-02-13,0114 496 0565,"Flat 44
Taylor Common
South Donna
G6G 9TA",Male,Midlands Central Hospitals NHS Trust,Black,Kenya,Dependent,Medical,GP,Critical Care & Anaesthesia,GP,49.07,2021-06-29,2021-08-10,15.0,0.4,HCPC,Fixed Term,On Leave,XQ058508,2026-10-30,AA379980,2028-09-02,2027-03-13,2021-07-20
EMP0725-20260913_210742,Robert,Giles,blakeclare@example.net,2004-03-15,+44(0)28 9018 0555,"Studio 34
Catherine Corners
West Barrymouth
E47 1UQ",Female,Northwood Mental Health NHS Trust,Black,Kenya,Dependent,Nursing,Healthcare Assistant,Emergency & Urgent Care,2,12.97,2025-07-01,2025-07-29,20.0,0.53,None,Permanent,Inactive,WL995330,2027-02-11,PH795698,2029-02-14,2027-07-12,2025-07-22
EMP0726-20260913_210742,Elliot,Watts,kayleigh31@example.org,1961-02-09,01144960130,"Studio 95
Denise Dale
West Joseph
B59 2DP",Male,Eastfield Psychological Services NHS Trust,White,United States,Skilled Worker,Medical,Consultant,Surgery & Cancer,CONS,64.49,2026-08-13,2026-09-24,18.75,0.5,NMC,Permanent,Active,ZK184291,2029-02-13,YJ261422,2030-02-23,2027-01-11,2026-09-03
EMP0727-20260913_210742,Glenn,Harris,debrarobinson@example.net,2007-02-04,+44(0)808 1570896,"Studio 37
Marian Hill
Wilkinsonton
E7E 4QN",Female,Oakridge Community Services NHS Trust,Asian,Japan,Skilled Worker,Nursing,Nursery Nurse,Critical Care & Anaesthesia,2,13.4,2021-08-22,2021-09-26,30.0,0.8,HCPC,Fixed Term,Active,YT209020,2028-11-30,BY519634,2031-01-26,2026-10-25,2021-09-12
EMP0728-20260913_210742,Ellie,Richardson,pjones@example.org,1982-02-18,0121 4960738,"2 Williams Vista
Port Carly
W2E 6SW",Female,Oakridge Community Services NHS Trust,White,United Kingdom,Dependent,AHP,Occupational Therapist,Emergency & Urgent Care,6,27.79,2018-08-16,2018-09-20,37.5,1.0,NMC,Bank,On Leave,NB560702,2029-10-01,UW983789,2028-09-07,2026-11-02,2018-09-06
EMP0729-20260913_210742,Chloe,Bailey,danielward@example.net,2005-01-02,+44131 4960504,"Flat 04H
Khan Forges
Bradleyton
OX33 2BQ",Female,Bluewater Community & Rehabilitation NHS Trust,Mixed,Japan,Skilled Worker,AHP,Physiologist,Emergency & Urgent Care,6,23.41,2021-09-07,2021-10-19,15.0,0.4,NMC,Bank,Suspended,YC708701,2027-02-13,DY521667,2030-12-31,2026-11-07,2021-09-28
EMP0730-20260913_210742,Ross,Gray,ericholland@example.net,1974-09-29,+44(0)151 496 0060,"Studio 73
Robin Ranch
Lake Sarah
G46 1SA",Female,Bluewater Community & Rehabilitation NHS Trust,Black,South Africa,Dependent,Medical,SHO,Women & Children,SHO,28.98,2018-06-09,2018-07-07,15.0,0.4,GMC,Bank,Suspended,GE818948,2028-04-15,RM726226,2031-01-13,2027-05-29,2018-06-30
EMP0731-20260913_210742,Robin,Jones,scrawford@example.com,1998-10-06,01514960581,"Studio 22k
Danny Centers
Port Reece
E1J 9AF",Female,Horizon Integrated Health Partnership NHS Trust,White,United States,British Citizen,Nursing,Healthcare Assistant,Surgery & Cancer,2,12.87,2021-06-01,2021-06-29,15.0,0.4,NMC,Bank,Active,NE460691,2027-08-01,ZK846670,2028-05-13,2027-06-07,2021-06-22
EMP0732-20260913_210742,Joan,Buckley,brownvincent@example.com,2002-06-11,+44(0)114 496 0916,"7 Terence Skyway
North Beth
WR2E 3FT",Male,Riverbank General Hospitals NHS Trust,Asian,Thailand,ILR,Nursing,Staff Nurse,Emergency & Urgent Care,5,19.95,2024-06-02,2024-07-07,37.5,1.0,GMC,Bank,Active,PF720032,2030-02-03,MA752600,2027-01-12,2027-06-28,2024-06-23
EMP0733-20260913_210742,Leon,Day,sarah49@example.com,2001-05-03,(020)74960327,"Studio 8
Williams Spur
Naomiton
BN3 5AH",Male,Northshire University Hospitals NHS Trust,Asian,Thailand,Skilled Worker,Admin,Data Analyst,Medicine & Acute Care,8A,29.28,2021-11-30,2022-01-11,20.0,0.53,GMC,Permanent,Active,QK421791,2027-04-12,UO503286,2031-07-16,2027-05-19,2021-12-21
EMP0734-20260913_210742,Dennis,Mitchell,shane00@example.com,1977-01-10,+44(0)1632 960 675,"Flat 95
Green Hill
Finchstad
S8A 7EB",Male,Westborough Acute Care NHS Trust,Mixed,United States,Skilled Worker,Nursing,Senior Staff Nurse,Emergency & Urgent Care,6,23.26,2020-03-29,2020-05-03,18.75,0.5,HCPC,Bank,Suspended,OA408367,2028-02-17,VF253413,2029-07-02,2027-02-18,2020-04-19
EMP0735-20260913_210742,Francesca,Page,gtaylor@example.org,2001-11-22,+44(0)191 496 0895,"Flat 99
Jessica Rue
Petersmouth
N9S 7GN",Male,Hillcrest Medical Centres NHS Trust,Black,South Africa,ILR,Admin,Medical Secretary,Clinical Support Services,4,15.89,2022-05-07,2022-06-18,18.75,0.5,NMC,Bank,Active,QC515402,2026-10-31,UP080540,2029-08-18,2027-05-18,2022-05-28
EMP0736-20260913_210742,Frederick,Walker,slaterwilliam@example.com,1964-02-09,0115 4960136,"4 Vincent Trace
North Sarahport
BT2W 2NH",Male,Lakeside District Hospitals NHS Trust,Black,Trinidad and Tobago,Skilled Worker,Admin,Administrator,Medicine & Acute Care,3,13.46,2019-04-06,2019-05-04,37.5,1.0,HCPC,Bank,Active,OZ332064,2030-08-01,FB218172,2030-10-07,2026-09-19,2019-04-27
EMP0737-20260913_210742,Gordon,Clarke,clarkeelaine@example.net,1996-11-10,+44(0)121 496 0644,"9 Darren Vista
East Marcberg
BL5 2FX",Male,Hillcrest Medical Centres NHS Trust,White,United Kingdom,British Citizen,Medical,Consultant,Surgery & Cancer,CONS,51.92,2024-03-09,2024-04-13,30.0,0.8,GMC,Bank,On Leave,UB179432,2028-03-03,JA098709,2031-02-15,2027-04-20,2024-03-30
EMP0738-20260913_210742,Heather,Hall,craig66@example.net,1977-12-10,+441414960859,"3 Clive Park
East Wayneville
CF3P 5ET",Male,Westmere Community Health NHS Trust,Black,Barbados,ILR,Medical,GP,Women & Children,GP,57.86,2022-03-02,2022-04-06,18.75,0.5,HCPC,Fixed Term,Inactive,YF549671,2031-07-12,XM809655,2027-01-17,2026-10-05,2022-03-23
EMP0739-20260913_210742,Chelsea,Jackson,grahamanderson@example.com,1960-12-20,0161 496 0792,"Studio 2
Alexander Light
Fletchermouth
L9K 4DX",Male,Southvale Hospitals NHS Trust,Mixed,Canada,Dependent,Nursing,Healthcare Assistant,Clinical Support Services,2,13.05,2020-03-18,2020-04-15,20.0,0.53,GMC,Bank,Inactive,JQ590199,2027-09-17,XU152271,2030-04-07,2027-01-02,2020-04-08
EMP0740-20260913_210742,Brenda,Burke,hunteralexander@example.com,1971-07-03,+44(0)909 8790877,"Studio 9
Hardy Trace
East John
YO2 2YT",Male,Northwood Mental Health NHS Trust,Black,Nigeria,ILR,Medical,Registrar,Clinical Support Services,SPR,41.59,2021-10-27,2021-12-08,18.75,0.5,None,Fixed Term,Active,EA974933,2031-07-07,VI279159,2028-10-24,2027-03-11,2021-11-17
EMP0741-20260913_210742,Luke,Iqbal,parkinsonlindsey@example.net,1999-12-20,+44(0)114 496 0257,"Flat 9
Jackson Fork
East Raymond
OX2 3PR",Male,Greenhaven Acute & Specialist Care NHS Trust,White,Australia,British Citizen,Admin,Data Analyst,Emergency & Urgent Care,8A,29.2,2023-03-27,2023-05-01,37.5,1.0,GMC,Fixed Term,Inactive,EL039312,2030-10-15,PT798908,2026-12-29,2027-08-25,2023-04-17
EMP0742-20260913_210742,Connor,Jones,michael49@example.net,1988-04-19,(020) 74960338,"677 Young Dam
New Joyce
BT8 1ES",Male,Riverbank General Hospitals NHS Trust,Asian,Thailand,Skilled Worker,Admin,Medical Secretary,Surgery & Cancer,4,16.07,2019-05-01,2019-05-29,15.0,0.4,HCPC,Permanent,On Leave,DH003027,2028-02-01,YE117569,2031-01-14,2027-04-08,2019-05-22
EMP0743-20260913_210742,Thomas,Kelly,greenchloe@example.org,2003-11-30,(0117) 496 0702,"Flat 1
Rice Islands
Smithport
IM78 1GT",Male,Northshire University Hospitals NHS Trust,Black,Trinidad and Tobago,Dependent,Admin,Administrator,Corporate Services,3,15.86,2021-12-02,2022-01-13,37.5,1.0,NMC,Fixed Term,Inactive,KC736055,2028-08-30,FD579801,2029-12-20,2027-01-17,2021-12-23
EMP0744-20260913_210742,Lauren,Kirk,pmorris@example.com,1983-03-29,0141 4960050,"436 Richards Parks
Daniellechester
B24 8QY",Female,Southvale Hospitals NHS Trust,White,United Kingdom,British Citizen,Nursing,Healthcare Assistant,Medicine & Acute Care,2,12.64,2018-06-23,2018-08-04,18.75,0.5,GMC,Bank,On Leave,BM058524,2029-11-21,YB676072,2029-02-01,2027-07-12,2018-07-14
EMP0745-20260913_210742,Nicholas,Frost,uking@example.net,1995-06-13,01632 960 229,"Studio 4
Cooper Light
Connorside
E17 4RY",Female,Hillcrest Medical Centres NHS Trust,Black,Ghana,Dependent,Medical,Consultant,Critical Care & Anaesthesia,CONS,52.41,2020-01-18,2020-02-29,15.0,0.4,GMC,Bank,Active,YP167401,2030-06-30,PI545147,2029-05-02,2027-07-16,2020-02-08
EMP0746-20260913_210742,Kerry,Cook,leonard07@example.org,1982-02-26,+4428 9018302,"Studio 3
Kenneth Crest
East Lewisport
W61 0GB",Female,Northwood Mental Health NHS Trust,White,New Zealand,Dependent,Nursing,Healthcare Assistant,Critical Care & Anaesthesia,2,12.68,2024-03-22,2024-05-03,18.75,0.5,HCPC,Bank,Inactive,NF339930,2030-12-16,TA841014,2030-12-09,2026-11-05,2024-04-12
EMP0747-20260913_210742,Jayne,Taylor,pkhan@example.net,1974-07-19,+44121 496 0547,"Studio 0
Barlow Plaza
Whitemouth
M3 6GL",Male,Westborough Acute Care NHS Trust,Black,Jamaica,British Citizen,AHP,Occupational Therapist,Clinical Support Services,6,23.49,2022-04-27,2022-06-08,37.5,1.0,None,Bank,Active,GE574241,2029-01-25,DN539121,2030-05-09,2027-03-21,2022-05-18
EMP0748-20260913_210742,Kate,Reid,hjoyce@example.org,1993-01-15,+441134960052,"Flat 0
Smith Wells
East Brianborough
BL6W 4RB",Male,Greenhaven Acute & Specialist Care NHS Trust,Asian,India,Dependent,Medical,Registrar,Surgery & Cancer,SPR,42.69,2021-06-15,2021-07-20,15.0,0.4,NMC,Bank,Inactive,GK882381,2029-06-03,QI031299,2028-01-21,2027-01-24,2021-07-06
EMP0749-20260913_210742,Lee,Dawson,tonythomas@example.org,1969-02-13,+441632 960311,"Flat 30i
Taylor View
Lake Nicoleburgh
HU3Y 5YL",Male,Westmere Community Health NHS Trust,Asian,India,ILR,Medical,SHO,Emergency & Urgent Care,SHO,24.6,2019-03-08,2019-04-05,18.75,0.5,None,Bank,Inactive,PD902828,2030-10-24,AV779749,2029-09-13,2026-11-10,2019-03-29
EMP0750-20260913_210742,Nicholas,Hunter,bellfrancesca@example.net,2002-10-02,(020)74960449,"7 Turner Ridges
Millsberg
NP5 8PZ",Male,Lakeside District Hospitals NHS Trust,Asian,Thailand,British Citizen,Medical,FY1/FY2,Critical Care & Anaesthesia,FY1,20.11,2017-02-17,2017-03-24,18.75,0.5,NMC,Fixed Term,Active,WH922205,2030-05-07,WP816772,2027-05-06,2027-01-15,2017-03-10
EMP0751-20260913_210742,Sophie,Ingram,owilkinson@example.org,2006-04-29,(0141)4960552,"3 Riley Stream
Rosemaryborough
S2 0FW",Female,Southgate Community & Mental Health NHS Trust,Black,South Africa,British Citizen,Medical,Consultant,Clinical Support Services,CONS,56.99,2018-12-20,2019-01-17,20.0,0.53,GMC,Fixed Term,Active,NG506278,2027-10-26,PZ012211,2028-02-06,2027-08-12,2019-01-10
EMP0752-20260913_210742,Christopher,Robertson,kyle11@example.net,1990-02-08,+44(0)28 9018 0347,"285 Michael Ways
Lake Rhys
W32 1TB",Male,Westborough Acute Care NHS Trust,Asian,China,British Citizen,Nursing,Senior Staff Nurse,Women & Children,6,26.89,2022-03-31,2022-04-28,20.0,0.53,HCPC,Bank,Suspended,NU104855,2030-05-17,DN497357,2031-06-28,2026-11-10,2022-04-21
EMP0753-20260913_210742,Stewart,Mills,sgill@example.org,1969-08-27,+44(0)121 496 0751,"7 Natalie Knoll
Tonychester
L8 9AP",Male,Eastfield Psychological Services NHS Trust,Black,South Africa,Skilled Worker,Medical,GP,Women & Children,GP,48.41,2022-04-15,2022-05-20,15.0,0.4,None,Fixed Term,On Leave,KR403346,2026-11-12,BE370805,2030-02-26,2027-03-25,2022-05-06
EMP0754-20260913_210742,Scott,Holland,moranpaige@example.net,2005-09-30,(029)2018290,"29 Hussain Lake
Wilsonland
L8S 8GB",Female,Northshire University Hospitals NHS Trust,White,New Zealand,Dependent,Nursing,Senior Staff Nurse,Clinical Support Services,6,26.08,2022-02-23,2022-03-30,18.75,0.5,NMC,Permanent,Suspended,TY242489,2028-06-12,WE000212,2029-10-24,2026-12-10,2022-03-16
EMP0755-20260913_210742,Shane,Davies,hannahjones@example.net,1978-04-13,028 9018087,"Studio 99
Roberts Union
West Kevinview
BR7A 1NU",Male,Bluewater Community & Rehabilitation NHS Trust,White,Canada,ILR,AHP,Occupational Therapist,Surgery & Cancer,6,23.28,2019-12-07,2020-01-04,18.75,0.5,NMC,Bank,Inactive,KM868361,2029-01-13,XX837452,2026-12-28,2027-03-02,2019-12-28
EMP0756-20260913_210742,Amelia,Bradshaw,jonesoliver@example.net,1973-11-27,(028) 9018 0034,"Flat 59h
Hart Motorway
Lynnton
CW9N 0UR",Male,Hillcrest Medical Centres NHS Trust,White,United Kingdom,ILR,AHP,Radiographer,Clinical Support Services,6,22.64,2025-09-20,2025-10-18,20.0,0.53,GMC,Fixed Term,Inactive,WI315589,2031-02-06,DZ045816,2028-10-27,2026-12-09,2025-10-11
EMP0757-20260913_210742,Claire,Clark,heathhannah@example.org,1981-02-06,+441414960768,"498 Preston Turnpike
Karenfort
G1C 9BQ",Male,Oakridge Community Services NHS Trust,Black,Kenya,Skilled Worker,AHP,Occupational Therapist,Medicine & Acute Care,6,23.79,2023-01-31,2023-03-14,30.0,0.8,GMC,Fixed Term,On Leave,JX190456,2031-01-21,UT627737,2027-10-17,2026-12-02,2023-02-21
EMP0758-20260913_210742,Graeme,Morgan,michaelgibbons@example.com,1992-08-02,+44(0)121 496 0497,"2 Frederick Locks
Rhyston
E47 7ZN",Male,Meadowbrook Community Health NHS Trust,White,New Zealand,Dependent,Admin,Data Analyst,Women & Children,8A,30.93,2024-10-05,2024-11-16,18.75,0.5,NMC,Fixed Term,Suspended,ZK350378,2030-06-24,JG259471,2029-09-25,2027-08-13,2024-10-26
EMP0759-20260913_210742,Paige,Jones,fmartin@example.net,2005-08-23,+44(0)29 2018612,"Studio 99
Christian Gateway
Williamsmouth
W8H 0RQ",Male,Midlands Central Hospitals NHS Trust,Mixed,New Zealand,Skilled Worker,Admin,Data Analyst,Medicine & Acute Care,8A,33.21,2022-06-20,2022-07-25,20.0,0.53,HCPC,Permanent,Suspended,EX361249,2031-09-05,KE011053,2030-06-15,2027-05-12,2022-07-11
EMP0760-20260913_210742,Hollie,Williams,jeffrey16@example.net,1975-06-13,+44(0)161 4960552,"Studio 37
Megan Estate
Leeton
E8U 8EL",Male,Eastmoor Teaching Hospitals NHS Trust,Black,Barbados,Skilled Worker,Admin,Administrator,Critical Care & Anaesthesia,3,14.7,2022-06-19,2022-07-17,15.0,0.4,HCPC,Bank,Inactive,AT033599,2029-03-07,IC998401,2027-03-20,2027-06-10,2022-07-10
EMP0761-20260913_210742,Tony,Davis,josephinenorton@example.com,1995-07-31,+44(0)289018025,"Flat 85
Simmons Track
West Samuel
BD38 0BP",Female,Midlands Central Hospitals NHS Trust,Black,Barbados,British Citizen,Nursing,Senior Staff Nurse,Clinical Support Services,6,23.09,2023-06-01,2023-07-13,30.0,0.8,HCPC,Permanent,On Leave,WQ442074,2030-05-31,LZ312240,2030-07-31,2026-10-03,2023-06-22
EMP0762-20260913_210742,Katie,Anderson,stevensjade@example.net,1969-03-17,(0115)4960040,"Studio 90Z
Middleton Circles
Elliottville
RM8B 6HN",Female,Riverbank General Hospitals NHS Trust,White,United Kingdom,ILR,AHP,Pharmacist,Corporate Services,5,20.28,2023-12-23,2024-01-27,18.75,0.5,None,Fixed Term,Suspended,TB638497,2027-10-05,EC577072,2027-07-10,2027-03-18,2024-01-13
EMP0763-20260913_210742,Arthur,Simpson,joseph26@example.com,1989-03-21,+44(0)28 9018616,"Flat 0
Oliver Meadow
Paigeland
IV5 0QE",Female,Horizon Integrated Health Partnership NHS Trust,Mixed,Australia,Dependent,Medical,Registrar,Corporate Services,SPR,33.48,2017-12-02,2017-12-30,37.5,1.0,NMC,Permanent,Suspended,FV048876,2027-08-15,FV432573,2029-11-08,2026-11-23,2017-12-23
EMP0764-20260913_210742,Sian,Miller,christian54@example.org,1994-03-12,029 2018114,"47 Pearson Parks
Fowlerburgh
W11 4LH",Female,Oakridge Community Services NHS Trust,Black,Jamaica,ILR,AHP,Speech Therapist,Corporate Services,6,22.98,2017-04-28,2017-06-09,37.5,1.0,GMC,Permanent,Suspended,DD475729,2028-04-27,TZ196348,2031-08-27,2027-02-10,2017-05-19
EMP0765-20260913_210742,Lisa,Mann,abbie06@example.org,1973-12-11,+44(0)1214960998,"Studio 77
Walters Well
North Stevenland
RM2 0RJ",Male,Westmere Community Health NHS Trust,Black,Nigeria,ILR,AHP,Pharmacist,Surgery & Cancer,5,19.6,2023-11-03,2023-12-01,37.5,1.0,HCPC,Bank,Suspended,SY302035,2031-04-11,HG100106,2031-08-14,2026-12-20,2023-11-24
EMP0766-20260913_210742,Susan,Weston,charlie62@example.com,1971-08-15,0306 999 0057,"3 Osborne Hills
Hartleychester
N68 0GW",Male,Eastmoor Teaching Hospitals NHS Trust,Black,Jamaica,Skilled Worker,Nursing,Senior Staff Nurse,Corporate Services,6,26.91,2020-01-11,2020-02-22,18.75,0.5,GMC,Fixed Term,On Leave,LM476245,2031-06-02,KF122634,2029-07-31,2027-02-03,2020-02-01
EMP0767-20260913_210742,Nicole,Lambert,vjames@example.org,1996-11-22,+44(0)28 9018 0247,"64 Sinclair Shoal
Elliottville
S4T 6WH",Male,Greenhaven Acute & Specialist Care NHS Trust,Mixed,South Africa,ILR,AHP,Occupational Therapist,Medicine & Acute Care,6,22.86,2024-07-08,2024-08-05,20.0,0.53,HCPC,Bank,On Leave,SO487257,2028-03-22,OC558472,2028-10-03,2026-11-03,2024-07-29
EMP0768-20260913_210742,Simon,Collins,evansstuart@example.net,1988-09-07,+44(0)1632 960856,"Studio 84d
Brandon Way
South Kate
E84 6GA",Female,Westmere Community Health NHS Trust,Mixed,United States,Skilled Worker,Nursing,Healthcare Assistant,Critical Care & Anaesthesia,2,13.53,2023-02-16,2023-03-23,15.0,0.4,GMC,Fixed Term,Suspended,BQ229295,2030-02-07,BN249668,2027-12-02,2027-09-09,2023-03-09
EMP0769-20260913_210742,Jack,Burton,hudsonbarry@example.org,1963-08-16,+44(0)141 496 0147,"Flat 62
Cook Groves
Lake Stanley
E0T 2RQ",Male,Hillcrest Medical Centres NHS Trust,Black,Ghana,Dependent,Medical,Registrar,Women & Children,SPR,36.58,2021-07-23,2021-08-20,30.0,0.8,NMC,Bank,Active,QO874800,2026-12-06,DO379821,2028-04-22,2027-08-28,2021-08-13
EMP0770-20260913_210742,Danny,Ellis,ruth76@example.net,1968-05-21,01134960772,"3 Frank Spur
West Janice
S9B 8ZJ",Female,Northwood Mental Health NHS Trust,White,United Kingdom,British Citizen,Admin,Receptionist,Corporate Services,3,13.35,2023-09-10,2023-10-22,18.75,0.5,GMC,Permanent,Inactive,CI194717,2029-11-06,BP562913,2031-07-07,2027-01-10,2023-10-01
EMP0771-20260913_210742,Shaun,Walker,katherinebarrett@example.org,1987-08-10,+4420 74960824,"9 Bishop Union
North Lawrence
B31 4BP",Male,Southgate Community & Mental Health NHS Trust,Asian,Thailand,Skilled Worker,AHP,Occupational Therapist,Emergency & Urgent Care,6,27.29,2025-07-06,2025-08-10,15.0,0.4,HCPC,Permanent,Suspended,WC592091,2029-06-14,FK701983,2026-10-23,2027-03-15,2025-07-27
EMP0772-20260913_210742,Kate,Hussain,jsims@example.com,1985-04-21,0289018786,"8 Hazel Valleys
Graymouth
W9B 3BS",Male,Greenhaven Acute & Specialist Care NHS Trust,Black,Jamaica,British Citizen,Nursing,Staff Nurse,Surgery & Cancer,5,21.73,2025-08-05,2025-09-02,20.0,0.53,HCPC,Permanent,Inactive,LH794333,2028-04-24,VO414247,2030-12-09,2027-05-07,2025-08-26
EMP0773-20260913_210742,Georgia,Miller,brooksrachel@example.org,2000-02-28,(0113) 496 0602,"Flat 03
Bryan Turnpike
New Malcolmshire
E2 3NR",Female,Meadowbrook Community Health NHS Trust,Black,Nigeria,ILR,Medical,FY1/FY2,Critical Care & Anaesthesia,FY1,19.44,2024-11-10,2024-12-15,20.0,0.53,HCPC,Fixed Term,Active,FK473307,2029-12-20,PU223801,2028-11-17,2027-06-25,2024-12-01
EMP0774-20260913_210742,Glenn,Smart,claire51@example.com,1982-05-16,+44(0)115 496 0352,"Studio 29l
Marsh Plain
Blackburnberg
B01 9PD",Female,Eastmoor Teaching Hospitals NHS Trust,Black,Nigeria,Dependent,Admin,Medical Secretary,Emergency & Urgent Care,4,19.27,2017-11-19,2017-12-31,37.5,1.0,HCPC,Permanent,On Leave,BI761631,2030-01-12,RH345952,2031-08-20,2027-06-27,2017-12-10
EMP0775-20260913_210742,Kate,Burke,lewisfrederick@example.com,2004-06-24,+44(0)141 496 0899,"Studio 94G
Black River
Aliceview
BR7 8FB",Male,Northwood Mental Health NHS Trust,Asian,China,ILR,AHP,Physiologist,Surgery & Cancer,6,24.47,2025-08-18,2025-09-22,20.0,0.53,GMC,Permanent,On Leave,DF980133,2030-02-25,EV438235,2028-04-01,2027-09-05,2025-09-08
EMP0776-20260913_210742,Daniel,Cook,anthony56@example.com,1991-12-29,+44(0)1134960223,"162 James Common
Tracyside
RG25 7FL",Male,Hillcrest Medical Centres NHS Trust,Mixed,India,ILR,Medical,GP,Clinical Support Services,GP,61.43,2020-07-03,2020-08-07,37.5,1.0,None,Fixed Term,Inactive,CA714153,2029-05-08,MO027106,2027-10-20,2027-06-04,2020-07-24
EMP0777-20260913_210742,Andrew,Robinson,kwatson@example.com,1962-07-17,+44(0)1414960773,"509 Smith Flat
South Roger
PL5 4UR",Female,Oakridge Community Services NHS Trust,Black,Barbados,British Citizen,Medical,GP,Women & Children,GP,54.71,2025-05-01,2025-06-12,30.0,0.8,None,Bank,Suspended,LT711630,2030-02-12,LM962795,2026-10-08,2027-02-20,2025-05-22
EMP0778-20260913_210742,Leonard,Poole,jonesjoel@example.net,1972-12-31,(0113) 496 0082,"Flat 26T
Gavin Street
Frenchland
E44 0ZU",Female,Northshire University Hospitals NHS Trust,White,United States,Skilled Worker,Medical,SHO,Clinical Support Services,SHO,29.88,2024-02-26,2024-04-01,18.75,0.5,None,Permanent,Active,WH975006,2030-08-17,QS120944,2031-06-23,2027-01-22,2024-03-18
EMP0779-20260913_210742,Vincent,Palmer,kellyjennifer@example.net,2002-06-15,+44113 4960112,"465 Christian Avenue
Jaybury
TD7 1TY",Male,Horizon Integrated Health Partnership NHS Trust,Mixed,Ghana,British Citizen,AHP,Occupational Therapist,Surgery & Cancer,6,26.12,2023-10-30,2023-11-27,15.0,0.4,None,Bank,Suspended,JL501917,2029-12-11,IY705241,2031-09-03,2027-08-22,2023-11-20
EMP0780-20260913_210742,Stephanie,Hayes,martin71@example.org,1999-07-07,(0121) 4960573,"Studio 1
Pritchard Trace
Wallmouth
E4 6FX",Male,Horizon Integrated Health Partnership NHS Trust,White,New Zealand,Dependent,AHP,Physiotherapist,Corporate Services,6,27.85,2023-08-23,2023-09-20,37.5,1.0,GMC,Fixed Term,Active,TF975709,2031-05-27,UQ795971,2029-07-04,2027-01-17,2023-09-13
EMP0781-20260913_210742,Rita,Collins,martintracey@example.org,1967-02-16,+4428 9018394,"90 Margaret Ferry
West Jadeberg
SL4 3TU",Female,Southvale Hospitals NHS Trust,Mixed,New Zealand,ILR,Admin,Receptionist,Clinical Support Services,3,14.3,2025-09-15,2025-10-20,30.0,0.8,NMC,Bank,On Leave,PH316316,2031-09-05,HU029094,2027-07-07,2027-06-07,2025-10-06
EMP0782-20260913_210742,Lynn,Brown,gerardshaw@example.com,1962-09-28,+44(0)118 4960281,"Flat 7
Fry Haven
Victoriamouth
LE04 0RY",Male,Eastmoor Teaching Hospitals NHS Trust,White,Australia,British Citizen,Medical,Registrar,Clinical Support Services,SPR,41.02,2026-03-29,2026-05-03,20.0,0.53,GMC,Fixed Term,On Leave,IE940506,2031-03-07,EO356011,2026-11-12,2026-10-04,2026-04-19
EMP0783-20260913_210742,Kate,Henderson,twilliams@example.org,1971-06-14,+44131 4960326,"213 Julia Bypass
Robinmouth
SG5 4UQ",Male,Southvale Hospitals NHS Trust,Asian,Thailand,Skilled Worker,AHP,Pharmacist,Clinical Support Services,5,21.42,2021-08-05,2021-09-16,30.0,0.8,NMC,Permanent,On Leave,CE900235,2028-02-27,WL989882,2029-04-29,2027-02-04,2021-08-26
EMP0784-20260913_210742,Brenda,Reid,ellisbryan@example.com,1970-02-16,0117 4960122,"Flat 0
Jennings Key
South Joanne
E9 6NT",Male,Hillcrest Medical Centres NHS Trust,Mixed,Australia,Skilled Worker,Medical,SHO,Critical Care & Anaesthesia,SHO,25.37,2021-10-25,2021-11-22,37.5,1.0,NMC,Bank,Active,YV807121,2030-04-20,XI245173,2028-03-10,2026-12-28,2021-11-15
EMP0785-20260913_210742,Natalie,Palmer,jean90@example.net,1988-12-06,0115 4960601,"Flat 0
Holly Viaduct
Glenmouth
WR7 9UF",Male,Bluewater Community & Rehabilitation NHS Trust,Asian,Thailand,British Citizen,Medical,Registrar,Clinical Support Services,SPR,41.75,2024-12-05,2025-01-09,18.75,0.5,GMC,Bank,On Leave,VX518859,2031-01-17,FP352370,2029-04-08,2026-10-11,2024-12-26
EMP0786-20260913_210742,Beverley,Fox,linda00@example.org,1961-04-13,0114 496 0091,"Flat 32
Preston Passage
Daviesville
B50 0UY",Female,Riverside Integrated Care NHS Trust,Mixed,Canada,Skilled Worker,Admin,Data Analyst,Emergency & Urgent Care,8A,34.14,2018-07-19,2018-08-30,20.0,0.53,HCPC,Fixed Term,On Leave,HE253032,2030-05-28,MN914592,2030-02-25,2026-10-12,2018-08-09
EMP0787-20260913_210742,Susan,Watkins,joanfreeman@example.com,1985-08-08,+44113 4960795,"2 Byrne Run
Port Samanthahaven
M8U 8GN",Male,Greenhaven Acute & Specialist Care NHS Trust,White,United States,ILR,Medical,Registrar,Women & Children,SPR,36.23,2021-10-30,2021-11-27,18.75,0.5,HCPC,Permanent,Suspended,QY305524,2027-03-29,BE717590,2030-07-01,2027-07-18,2021-11-20
EMP0788-20260913_210742,Conor,Storey,stacey47@example.org,1964-03-21,+44808 1570786,"Studio 39
Iqbal Corner
East James
L9 8SN",Female,Meadowbrook Community Health NHS Trust,Mixed,Jamaica,Dependent,Nursing,Charge Nurse,Women & Children,7,30.77,2021-08-11,2021-09-22,20.0,0.53,NMC,Fixed Term,On Leave,UK554066,2028-05-05,PI503922,2027-10-17,2027-02-03,2021-09-01
EMP0789-20260913_210742,Lesley,Bennett,thomasmorgan@example.com,2000-10-12,+441164960167,"Studio 9
Dorothy Oval
North Charlenebury
S6U 0PY",Male,Bluewater Community & Rehabilitation NHS Trust,Mixed,Kenya,Dependent,Medical,SHO,Clinical Support Services,SHO,27.74,2022-02-01,2022-03-08,15.0,0.4,NMC,Permanent,On Leave,VT441048,2031-02-04,JW661659,2027-12-22,2026-11-22,2022-02-22
EMP0790-20260913_210742,Marion,Moss,ilewis@example.org,1993-06-27,(0115) 496 0780,"8 Stacey Plains
Port Jakefurt
W6H 5EG",Female,Westmere Community Health NHS Trust,Asian,Japan,Skilled Worker,AHP,Radiographer,Surgery & Cancer,6,27.86,2019-04-18,2019-05-23,20.0,0.53,GMC,Permanent,On Leave,KC805037,2028-01-01,VX491873,2029-04-09,2026-10-22,2019-05-09
EMP0791-20260913_210742,Victoria,Palmer,youngalex@example.net,1982-08-17,(0191) 4960136,"Flat 33
Shaw Overpass
West Nicholasborough
PA16 2PN",Female,Broadfield Clinical Services NHS Trust,White,United Kingdom,Skilled Worker,AHP,Radiographer,Corporate Services,6,22.92,2021-03-03,2021-04-07,18.75,0.5,HCPC,Fixed Term,Active,YM053636,2031-05-17,XO442588,2029-04-21,2026-09-19,2021-03-24
EMP0792-20260913_210742,Wendy,Price,arthur27@example.net,1977-01-13,01914960950,"Studio 82e
Nathan Port
North Simon
WN9 7EB",Male,Lakeside District Hospitals NHS Trust,Asian,India,British Citizen,AHP,Speech Therapist,Emergency & Urgent Care,6,27.95,2024-09-04,2024-10-16,37.5,1.0,None,Fixed Term,Inactive,CP271596,2029-09-15,NZ001596,2030-04-04,2026-10-17,2024-09-25
EMP0793-20260913_210742,Brian,Wright,juliandavies@example.com,1997-04-06,+44131 4960266,"Flat 7
Richard Cliffs
Oliviaville
PE99 6FT",Female,Bluewater Community & Rehabilitation NHS Trust,Mixed,Nigeria,Skilled Worker,AHP,Pharmacist,Women & Children,5,22.27,2026-08-27,2026-09-24,15.0,0.4,None,Bank,Suspended,VS081961,2029-07-12,SY356257,2030-06-19,2027-08-04,2026-09-17
EMP0794-20260913_210742,Jayne,Harvey,barry36@example.net,2001-09-25,01914960423,"49 Amy Plains
Harrisside
HU9 3HW",Female,Westmere Community Health NHS Trust,Mixed,South Africa,British Citizen,AHP,Radiographer,Medicine & Acute Care,6,27.66,2025-04-12,2025-05-10,37.5,1.0,None,Bank,Suspended,VA077586,2030-06-25,FR348598,2029-07-19,2027-03-06,2025-05-03
EMP0795-20260913_210742,Gerald,Gardiner,duncansmith@example.net,1978-02-01,+44115 4960186,"Studio 1
Richard Branch
Dannystad
KA3 9ES",Female,Hillcrest Medical Centres NHS Trust,White,United States,British Citizen,Nursing,Ward Manager,Medicine & Acute Care,8A,32.26,2017-12-06,2018-01-03,37.5,1.0,None,Permanent,Suspended,XQ326472,2031-08-05,VK046256,2027-08-31,2027-01-17,2017-12-27
EMP0796-20260913_210742,Stacey,Baldwin,pwhite@example.com,1993-08-23,+44141 4960336,"Studio 6
Murphy Terrace
Stephanieport
DY90 9DE",Female,Midlands Central Hospitals NHS Trust,Black,South Africa,Dependent,AHP,Radiographer,Medicine & Acute Care,6,26.99,2020-10-03,2020-10-31,37.5,1.0,HCPC,Permanent,Inactive,VT317041,2031-05-08,XY435971,2029-06-10,2026-12-24,2020-10-24
EMP0797-20260913_210742,Bethan,Poole,gsmith@example.org,1968-11-13,0141 4960436,"Flat 95H
Charles Trafficway
Lake Gemmaland
W4 0AT",Female,Northwood Mental Health NHS Trust,Black,Trinidad and Tobago,British Citizen,AHP,Physiotherapist,Surgery & Cancer,6,25.03,2017-03-01,2017-03-29,15.0,0.4,None,Fixed Term,Active,NQ997682,2029-06-05,PW567444,2026-12-29,2027-06-13,2017-03-22
EMP0798-20260913_210742,Colin,Hughes,aliaimee@example.com,1981-01-02,(0151) 496 0059,"620 Smith Route
North Jill
M86 2EZ",Male,Riverside Integrated Care NHS Trust,White,Canada,ILR,Medical,GP,Medicine & Acute Care,GP,57.2,2025-03-15,2025-04-19,30.0,0.8,HCPC,Permanent,Inactive,VE677819,2030-03-04,QL731246,2029-03-09,2026-09-13,2025-04-05
EMP0799-20260913_210742,Julia,Ward,whiteraymond@example.net,1984-01-12,+441214960610,"4 Page Pines
Lake Georgia
L00 3NL",Female,Riverside Integrated Care NHS Trust,Mixed,India,Dependent,Admin,Receptionist,Medicine & Acute Care,3,15.21,2026-05-05,2026-06-09,18.75,0.5,None,Fixed Term,Suspended,SU620420,2026-11-02,LN103183,2029-11-20,2027-03-22,2026-05-26
EMP0800-20260913_210742,Brett,Scott,ojackson@example.org,2003-11-22,+441914960606,"10 McCarthy Motorway
Matthewsland
E3 2QU",Female,Bluewater Community & Rehabilitation NHS Trust,Mixed,United States,Dependent,Medical,GP,Emergency & Urgent Care,GP,56.46,2023-01-28,2023-02-25,37.5,1.0,GMC,Permanent,Active,SF054097,2029-10-05,LI145223,2027-02-16,2026-09-24,2023-02-18
EMP0801-20260913_210742,Patricia,Coates,joanne82@example.com,1978-07-15,01214960481,"Studio 28
Hughes Meadows
Port Jordan
TA4 9PJ",Female,Northwood Mental Health NHS Trust,Mixed,New Zealand,Skilled Worker,AHP,Radiographer,Women & Children,6,23.14,2022-09-21,2022-10-26,20.0,0.53,HCPC,Permanent,Suspended,BI631216,2027-07-23,FP512347,2030-04-15,2027-08-22,2022-10-12
EMP0802-20260913_210742,Leigh,Thompson,joneswilliam@example.com,1975-04-14,01914960129,"3 Bibi Creek
Foxtown
W22 0UN",Male,Valleyview Mental Wellness NHS Trust,White,Canada,Skilled Worker,AHP,Physiotherapist,Critical Care & Anaesthesia,6,24.6,2017-03-07,2017-04-18,20.0,0.53,GMC,Fixed Term,Active,HG767704,2028-11-03,YZ253281,2031-02-14,2027-08-04,2017-03-28
EMP0803-20260913_210742,Charles,Faulkner,georgia46@example.net,1977-05-07,029 2018783,"8 Scott Courts
West Garethview
M43 2BU",Female,Eastmoor Teaching Hospitals NHS Trust,Black,Jamaica,Skilled Worker,Admin,Data Analyst,Corporate Services,8A,32.37,2026-06-15,2026-07-20,37.5,1.0,GMC,Bank,On Leave,MU664901,2031-04-26,PH183513,2027-07-29,2027-03-23,2026-07-06
EMP0804-20260913_210742,Diana,Ahmed,catherine65@example.org,1975-10-10,+44114 4960589,"Flat 6
Butler Junctions
New Hugh
BH8M 1GG",Male,Northshire University Hospitals NHS Trust,White,Canada,Skilled Worker,Nursing,Ward Manager,Medicine & Acute Care,8A,35.78,2017-08-11,2017-09-08,20.0,0.53,None,Bank,Active,LJ992946,2029-12-20,RM772629,2030-03-10,2026-10-06,2017-09-01
EMP0805-20260913_210742,Adam,Evans,lhorton@example.com,1974-05-06,01164960144,"Studio 93C
Stokes Stream
Hancockside
S1 1YW",Female,Bluewater Community & Rehabilitation NHS Trust,Mixed,Ghana,Skilled Worker,Nursing,Healthcare Assistant,Women & Children,2,12.92,2025-08-10,2025-09-07,30.0,0.8,None,Permanent,Suspended,DA020660,2027-03-13,GM359580,2027-01-27,2027-02-10,2025-08-31
EMP0806-20260913_210742,Ian,Harrison,damian86@example.net,1992-07-21,020 74960847,"42 Nathan Bridge
Holliefurt
DA9V 0FR",Male,Lakeside District Hospitals NHS Trust,Asian,Thailand,Dependent,Medical,SHO,Medicine & Acute Care,SHO,23.56,2022-01-02,2022-01-30,37.5,1.0,NMC,Permanent,Suspended,FR223098,2027-01-10,MA390602,2029-03-02,2027-05-27,2022-01-23
EMP0807-20260913_210742,Jason,James,huntfrank@example.org,1985-05-15,0114 4960773,"Studio 8
Thomas Orchard
Reecebury
S8 0TN",Female,Northshire University Hospitals NHS Trust,Asian,China,Dependent,Admin,Administrator,Emergency & Urgent Care,3,16.09,2017-04-21,2017-05-26,18.75,0.5,NMC,Bank,Inactive,JL081992,2031-08-16,ZB767844,2030-02-15,2027-06-12,2017-05-12
EMP0808-20260913_210742,Samantha,Phillips,adam52@example.net,1973-03-21,+4429 2018 0443,"09 Leanne Bypass
South Josephineshire
ST35 9BP",Female,Eastmoor Teaching Hospitals NHS Trust,Asian,Thailand,ILR,Nursing,Nursery Nurse,Medicine & Acute Care,2,13.99,2016-12-03,2016-12-31,30.0,0.8,None,Bank,Active,GH175891,2028-10-03,EX786711,2027-06-22,2026-10-27,2016-12-24
EMP0809-20260913_210742,Kirsty,Riley,jaynemartin@example.com,1973-12-28,(0118) 4960931,"41 Georgia Court
South Elizabethfurt
S1E 3DY",Female,Northwood Mental Health NHS Trust,Mixed,Trinidad and Tobago,ILR,Medical,Consultant,Medicine & Acute Care,CONS,67.79,2019-05-21,2019-06-25,15.0,0.4,NMC,Bank,On Leave,TK155342,2028-12-01,HI297921,2028-05-16,2027-07-04,2019-06-11
EMP0810-20260913_210742,Carly,Burke,june14@example.com,1969-04-02,+44(0)161 496 0293,"Studio 8
Griffin Green
Chelseaport
E1B 0PZ",Male,Oakridge Community Services NHS Trust,Asian,India,Skilled Worker,Medical,FY1/FY2,Clinical Support Services,FY1,19.37,2022-05-09,2022-06-13,20.0,0.53,NMC,Permanent,Inactive,OJ825001,2029-12-28,OJ116337,2029-05-25,2027-03-20,2022-05-30
EMP0811-20260913_210742,Donald,Harrison,williamsonjennifer@example.net,1964-07-08,+448081570585,"997 Conor Wall
New Reece
FY21 2NX",Female,Westborough Acute Care NHS Trust,Black,Barbados,Dependent,Medical,Consultant,Medicine & Acute Care,CONS,66.49,2022-10-16,2022-11-27,18.75,0.5,None,Permanent,On Leave,QK306540,2028-01-30,LJ242147,2031-08-15,2026-12-30,2022-11-06
EMP0812-20260913_210742,Vanessa,Martin,xpowell@example.net,1995-10-23,0121 496 0541,"Studio 95r
Nigel Underpass
North Lynne
RH0Y 4QB",Male,Southvale Hospitals NHS Trust,White,United States,British Citizen,AHP,Radiographer,Medicine & Acute Care,6,25.99,2017-05-09,2017-06-06,37.5,1.0,NMC,Fixed Term,Suspended,IG080163,2027-08-13,RO376993,2030-08-25,2026-10-25,2017-05-30
EMP0813-20260913_210742,Hayley,Powell,terrythomas@example.org,2001-10-21,+44(0)29 2018 0246,"18 Abdul Green
North Gordon
UB8M 3FQ",Female,Westmere Community Health NHS Trust,Mixed,Ghana,ILR,Admin,Data Analyst,Women & Children,8A,34.51,2022-08-24,2022-10-05,37.5,1.0,HCPC,Permanent,Suspended,SW274617,2030-04-17,RN775858,2029-09-19,2026-09-14,2022-09-14
EMP0814-20260913_210742,Antony,Jones,gclark@example.org,1989-04-26,0131 4960984,"33 Beth Inlet
Meganview
BB2W 0HF",Male,Eastmoor Teaching Hospitals NHS Trust,Mixed,United Kingdom,Skilled Worker,AHP,Speech Therapist,Women & Children,6,23.66,2024-02-04,2024-03-10,18.75,0.5,GMC,Bank,On Leave,MD770393,2030-07-27,RX825462,2030-08-09,2027-03-05,2024-02-25
EMP0815-20260913_210742,Brett,Johnson,glennmitchell@example.net,1981-05-04,(0909) 879 0744,"Flat 08
Brennan Dam
Watsonville
E3 0ED",Male,Valleyview Mental Wellness NHS Trust,Black,Trinidad and Tobago,ILR,Admin,Data Analyst,Clinical Support Services,8A,33.97,2019-10-22,2019-12-03,30.0,0.8,HCPC,Fixed Term,Active,PJ700185,2029-04-28,AE563912,2027-02-18,2026-12-14,2019-11-12
EMP0816-20260913_210742,Patrick,Stokes,aaronwhite@example.org,1975-03-21,+441164960795,"7 Bryan Spring
Bethanyfort
G74 3QG",Female,Riverside Integrated Care NHS Trust,White,Canada,ILR,Medical,Registrar,Medicine & Acute Care,SPR,39.24,2022-12-16,2023-01-27,37.5,1.0,NMC,Fixed Term,Suspended,TS003171,2026-09-26,DX011828,2027-01-23,2026-10-11,2023-01-06
EMP0817-20260913_210742,Hollie,Singh,mcleanjames@example.org,2007-02-24,+44161 4960827,"Studio 55R
Robinson Coves
Newmanshire
IV4A 3UW",Male,Broadfield Clinical Services NHS Trust,White,United States,ILR,Medical,FY1/FY2,Medicine & Acute Care,FY1,19.68,2021-12-08,2022-01-19,18.75,0.5,GMC,Bank,On Leave,FJ148920,2027-02-23,RA841214,2031-04-08,2026-12-21,2021-12-29
EMP0818-20260913_210742,Gareth,Osborne,lewis23@example.org,2004-06-29,0151 496 0423,"Studio 8
Diane Rapids
East Jeffreystad
G3 5LP",Female,Oakridge Community Services NHS Trust,Black,South Africa,British Citizen,Admin,Medical Secretary,Emergency & Urgent Care,4,16.82,2017-03-13,2017-04-24,37.5,1.0,NMC,Permanent,On Leave,WD562014,2029-03-22,NH133449,2027-04-01,2027-07-29,2017-04-03
EMP0819-20260913_210742,Frank,Lewis,smithantony@example.com,1983-11-18,(0808) 157 0498,"Studio 28C
Barnes Spring
Atkinsonburgh
L8C 1GN",Female,Lakeside District Hospitals NHS Trust,White,Australia,ILR,AHP,Speech Therapist,Surgery & Cancer,6,25.44,2016-11-29,2017-01-03,15.0,0.4,None,Fixed Term,Active,QB064080,2027-12-16,TS762125,2029-11-19,2027-01-23,2016-12-20
EMP0820-20260913_210742,Marc,Payne,ffrancis@example.org,1975-12-05,(0121)4960620,"Flat 60m
Leonard Light
South Stephanie
N92 6WQ",Female,Horizon Integrated Health Partnership NHS Trust,Black,Barbados,Skilled Worker,Admin,Data Analyst,Women & Children,8A,32.9,2017-05-12,2017-06-16,15.0,0.4,GMC,Bank,Inactive,ZC290367,2027-04-10,GB740170,2031-06-12,2027-01-28,2017-06-02
EMP0821-20260913_210742,Marc,Cross,spowell@example.com,1993-07-16,(0117) 496 0727,"Flat 00N
Hunt Island
Lake Glen
N4 6HR",Female,Valleyview Mental Wellness NHS Trust,Black,Nigeria,ILR,Nursing,Nursery Nurse,Clinical Support Services,2,14.06,2018-04-10,2018-05-08,20.0,0.53,None,Fixed Term,On Leave,LN246050,2028-04-09,TX884695,2027-11-05,2026-10-25,2018-05-01
EMP0822-20260913_210742,Pauline,Brookes,rhyscampbell@example.net,1981-10-05,0114 496 0820,"Studio 1
Smith Spurs
New Kellyburgh
N4C 8FN",Male,Bluewater Community & Rehabilitation NHS Trust,White,United Kingdom,ILR,Nursing,Staff Nurse,Women & Children,5,20.86,2020-04-05,2020-05-17,37.5,1.0,NMC,Fixed Term,Active,RS880379,2028-02-23,JN738045,2030-03-27,2027-07-04,2020-04-26
EMP0823-20260913_210742,Natalie,Andrews,woodanthony@example.org,1979-04-17,01632 960 744,"984 Sandra Centers
Tonyview
E9K 5AG",Female,Riverbank General Hospitals NHS Trust,Asian,China,Skilled Worker,Admin,Administrator,Medicine & Acute Care,3,14.44,2023-06-05,2023-07-17,30.0,0.8,HCPC,Fixed Term,On Leave,NG737653,2030-04-26,LI435210,2029-03-21,2026-12-24,2023-06-26
EMP0824-20260913_210742,Sandra,Jones,pkaur@example.com,1993-12-23,+441314960833,"4 Atkinson Lights
Dawnmouth
M91 8QU",Male,Bluewater Community & Rehabilitation NHS Trust,Black,Nigeria,ILR,AHP,Physiologist,Emergency & Urgent Care,6,27.72,2018-04-03,2018-05-08,18.75,0.5,NMC,Bank,Suspended,YS356271,2031-09-02,PF383837,2030-10-22,2026-10-01,2018-04-24
EMP0825-20260913_210742,Lorraine,Thornton,gillian17@example.org,1972-12-12,(0909) 8790785,"Studio 56w
Lane Forks
Antonystad
L3 0RT",Male,Eastmoor Teaching Hospitals NHS Trust,Black,South Africa,Dependent,Nursing,Charge Nurse,Surgery & Cancer,7,30.9,2016-12-12,2017-01-23,18.75,0.5,GMC,Permanent,Active,OI920602,2031-05-14,DZ637680,2028-10-19,2027-02-09,2017-01-02
EMP0826-20260913_210742,Simon,Jones,claytonantony@example.com,1991-07-22,+44(0)191 4960674,"Flat 18U
Coles Extension
Aliton
RH1 6FX",Male,Horizon Integrated Health Partnership NHS Trust,Asian,India,British Citizen,AHP,Occupational Therapist,Women & Children,6,27.35,2025-12-20,2026-01-17,15.0,0.4,None,Permanent,Active,MG366198,2028-12-09,PB061092,2029-05-22,2027-01-07,2026-01-10
EMP0827-20260913_210742,Susan,Wilkinson,jordanpoole@example.net,1974-10-22,(0909)8790323,"Studio 2
Newton Springs
Hutchinsonborough
G8 0QG",Male,Northwood Mental Health NHS Trust,Black,Trinidad and Tobago,Skilled Worker,Nursing,Healthcare Assistant,Clinical Support Services,2,13.73,2020-07-05,2020-08-16,37.5,1.0,None,Fixed Term,Active,CX269810,2028-04-19,WL770193,2029-04-16,2027-05-13,2020-07-26
EMP0828-20260913_210742,Neil,Ali,ryan00@example.com,1974-02-06,+4429 2018199,"7 Holly Loaf
New Christine
N2F 0HN",Male,Riverbank General Hospitals NHS Trust,Black,Kenya,Skilled Worker,Nursing,Nursery Nurse,Surgery & Cancer,2,14.16,2018-04-13,2018-05-18,30.0,0.8,HCPC,Fixed Term,Inactive,IM379627,2028-11-25,FX734330,2030-01-11,2027-02-23,2018-05-04
EMP0829-20260913_210742,Russell,Rees,dennisedwards@example.com,1984-06-15,(0131) 496 0415,"10 Marilyn Creek
Thomsonfort
SR9X 3PL",Female,Southvale Hospitals NHS Trust,Black,Nigeria,British Citizen,Nursing,Charge Nurse,Clinical Support Services,7,33.24,2019-07-17,2019-08-28,37.5,1.0,None,Bank,Active,QK815111,2027-05-28,MO326883,2029-02-16,2026-09-16,2019-08-07
EMP0830-20260913_210742,Jessica,Williams,ashley76@example.com,1997-09-06,028 9018 0119,"4 Benjamin Springs
Butlerburgh
W9 4UF",Female,Eastmoor Teaching Hospitals NHS Trust,Mixed,New Zealand,ILR,Nursing,Healthcare Assistant,Medicine & Acute Care,2,13.92,2024-11-20,2025-01-01,37.5,1.0,GMC,Fixed Term,Suspended,BF834669,2031-02-21,BJ143531,2029-02-04,2027-06-24,2024-12-11
EMP0831-20260913_210742,Sian,Hunt,jwalker@example.net,2005-02-15,(0306)9990967,"67 Green Cape
Kieranfort
S0U 2FR",Male,Oakridge Community Services NHS Trust,Mixed,Nigeria,ILR,Admin,Data Analyst,Medicine & Acute Care,8A,32.73,2019-07-08,2019-08-12,15.0,0.4,None,Bank,Active,UM175033,2026-12-06,FZ371099,2030-10-30,2027-04-20,2019-07-29
EMP0832-20260913_210742,Amber,Buckley,fwilson@example.net,1965-06-22,+44118 496 0040,"95 Kaur Square
North Elliottborough
N4U 8AD",Male,Riverbank General Hospitals NHS Trust,Black,Nigeria,ILR,AHP,Occupational Therapist,Corporate Services,6,26.47,2019-05-12,2019-06-23,37.5,1.0,GMC,Bank,Active,GW696169,2027-05-31,EC241762,2031-05-12,2026-10-17,2019-06-02
EMP0833-20260913_210742,Alexander,Harper,beverleyevans@example.com,2002-09-09,+44(0)118 4960589,"Flat 58
Hilary Rapids
Brownhaven
HU75 4RN",Male,Oakridge Community Services NHS Trust,Black,Barbados,ILR,Admin,Medical Secretary,Medicine & Acute Care,4,18.18,2017-03-05,2017-04-02,20.0,0.53,GMC,Bank,Inactive,TN321092,2030-08-12,IQ042759,2026-09-25,2026-09-22,2017-03-26
EMP0834-20260913_210742,Jacob,Harper,collinssharon@example.org,1964-04-21,(0121) 496 0619,"22 Baxter Stream
Evansland
G75 9JU",Female,Southvale Hospitals NHS Trust,White,Canada,British Citizen,Admin,Administrator,Surgery & Cancer,3,16.12,2019-03-29,2019-05-10,30.0,0.8,NMC,Permanent,Inactive,WD640475,2030-06-05,QT054152,2028-05-14,2027-08-08,2019-04-19
EMP0835-20260913_210742,Nicola,Spencer,terence62@example.com,1961-01-06,+44(0)8081570265,"Flat 05n
Taylor Field
New Jean
L36 2JH",Female,Westborough Acute Care NHS Trust,Mixed,United States,Dependent,Nursing,Staff Nurse,Corporate Services,5,20.08,2023-10-06,2023-11-03,37.5,1.0,None,Bank,Inactive,EK132549,2028-07-01,KO119022,2028-07-20,2026-10-26,2023-10-27
EMP0836-20260913_210742,Alexander,Harrison,mathew42@example.org,1977-09-05,+44808 157 0412,"Flat 21m
Helen Courts
New Davidfort
PE9V 9UQ",Male,Northshire University Hospitals NHS Trust,Mixed,Barbados,British Citizen,AHP,Pharmacist,Clinical Support Services,5,21.06,2016-10-26,2016-12-07,18.75,0.5,NMC,Permanent,Inactive,CT212790,2028-12-19,GI058984,2030-02-16,2026-11-17,2016-11-16
EMP0837-20260913_210742,Clare,Shaw,iyates@example.com,1964-08-12,(0808) 1570189,"401 Sutton Parkways
East Gavin
G0 9GN",Male,Horizon Integrated Health Partnership NHS Trust,Black,Kenya,Dependent,Medical,GP,Surgery & Cancer,GP,58.9,2023-04-08,2023-05-13,18.75,0.5,GMC,Bank,Inactive,NZ588190,2029-09-29,GC557443,2027-02-18,2026-10-31,2023-04-29
EMP0838-20260913_210742,Deborah,Preston,bstokes@example.net,1997-01-04,(0113)4960058,"Studio 55
Caroline Neck
Port Leslie
NE64 0UT",Female,Eastfield Psychological Services NHS Trust,White,New Zealand,Skilled Worker,AHP,Pharmacist,Critical Care & Anaesthesia,5,22.79,2021-02-21,2021-03-28,37.5,1.0,GMC,Fixed Term,Suspended,PG288631,2031-05-26,QE913546,2029-01-07,2026-09-30,2021-03-14
EMP0839-20260913_210742,Frank,Hancock,ahumphreys@example.com,1995-09-27,01214960832,"Flat 37
Jamie Club
Griffithsside
L6 5GE",Male,Riverbank General Hospitals NHS Trust,Asian,China,British Citizen,AHP,Occupational Therapist,Women & Children,6,24.19,2020-09-26,2020-10-24,30.0,0.8,None,Fixed Term,Suspended,GG227442,2031-04-20,UF298000,2027-02-23,2026-10-19,2020-10-17
EMP0840-20260913_210742,Graeme,Lyons,knightcharles@example.org,1974-01-06,+44(0)141 4960585,"Studio 34h
Harris Inlet
West Rachelview
BB76 7WW",Female,Valleyview Mental Wellness NHS Trust,Black,Kenya,Dependent,Admin,Data Analyst,Emergency & Urgent Care,8A,29.02,2021-01-31,2021-02-28,15.0,0.4,HCPC,Bank,Inactive,KT715800,2026-11-09,YM441045,2030-10-18,2027-07-28,2021-02-21
EMP0841-20260913_210742,Cheryl,King,rosebernard@example.net,1979-12-04,(0306) 999 0393,"Studio 63w
Dorothy Knoll
Lake Iain
N2D 8GE",Female,Horizon Integrated Health Partnership NHS Trust,Black,South Africa,ILR,AHP,Pharmacist,Critical Care & Anaesthesia,5,23.01,2021-12-06,2022-01-17,30.0,0.8,GMC,Permanent,Active,PP583925,2027-06-15,EJ479907,2029-12-31,2027-01-04,2021-12-27
EMP0842-20260913_210742,Georgina,Butler,doyledanny@example.net,1996-12-02,+44(0)1214960702,"Flat 2
Sean Road
West Sandra
G7 8NE",Male,Midlands Central Hospitals NHS Trust,Mixed,Australia,British Citizen,AHP,Speech Therapist,Women & Children,6,26.4,2022-09-06,2022-10-11,30.0,0.8,HCPC,Bank,Inactive,UG199647,2028-08-29,QB370302,2030-03-25,2027-06-20,2022-09-27
EMP0843-20260913_210742,Deborah,Cooper,iturnbull@example.net,1976-11-22,+449098790329,"1 Steven Stream
Alantown
B7D 8LJ",Female,Southvale Hospitals NHS Trust,Black,Ghana,Skilled Worker,Medical,Consultant,Critical Care & Anaesthesia,CONS,67.87,2023-06-19,2023-07-31,30.0,0.8,HCPC,Bank,On Leave,VS884067,2030-04-05,GA417312,2028-10-21,2027-06-06,2023-07-10
EMP0844-20260913_210742,Geraldine,Duffy,rnorris@example.com,1990-03-05,+44808 1570523,"2 Scott Passage
South Jamesberg
M93 0YX",Male,Broadfield Clinical Services NHS Trust,White,New Zealand,Dependent,Admin,Administrator,Medicine & Acute Care,3,13.71,2021-09-11,2021-10-09,37.5,1.0,GMC,Fixed Term,Suspended,IR215544,2027-06-01,IH184506,2031-02-18,2026-11-23,2021-10-02
EMP0845-20260913_210742,Lorraine,Saunders,brownian@example.org,1994-11-14,+441154960814,"Flat 12
Joyce Stravenue
Harrisshire
G7 8PX",Female,Bluewater Community & Rehabilitation NHS Trust,White,United States,Dependent,Nursing,Senior Staff Nurse,Critical Care & Anaesthesia,6,24.2,2023-10-07,2023-11-11,37.5,1.0,GMC,Bank,Inactive,KO683781,2030-09-14,DF624950,2030-07-10,2027-04-01,2023-10-28
EMP0846-20260913_210742,Rosemary,Jackson,hudsonlouise@example.org,2007-12-18,+4429 2018217,"Flat 4
Philip Islands
South Georgina
ML3P 0EG",Male,Midlands Central Hospitals NHS Trust,Mixed,India,British Citizen,AHP,Speech Therapist,Medicine & Acute Care,6,27.89,2018-09-27,2018-11-08,30.0,0.8,NMC,Fixed Term,Suspended,KC538257,2028-11-02,QT790844,2031-01-19,2027-07-19,2018-10-18
EMP0847-20260913_210742,Lindsey,Davies,rbaker@example.net,1981-07-01,+44(0)1164960026,"96 Poole Camp
Woodsside
BD71 7HZ",Female,Westmere Community Health NHS Trust,Black,Trinidad and Tobago,Skilled Worker,Medical,GP,Women & Children,GP,54.62,2016-11-07,2016-12-12,15.0,0.4,GMC,Bank,On Leave,IF458742,2029-03-19,ZR038028,2030-11-29,2027-08-12,2016-11-28
EMP0848-20260913_210742,Bethany,Kay,scott91@example.org,1989-05-16,+44(0)3069990510,"Flat 70f
Lawrence Tunnel
Heatherborough
N5T 4XW",Male,Northshire University Hospitals NHS Trust,Asian,Thailand,Skilled Worker,Medical,SHO,Critical Care & Anaesthesia,SHO,27.05,2024-10-15,2024-11-19,37.5,1.0,GMC,Permanent,Active,AP427613,2031-07-13,VZ414446,2031-02-24,2027-06-10,2024-11-05
EMP0849-20260913_210742,Malcolm,Archer,smithpamela@example.net,1968-07-15,+44292018591,"Flat 4
Martyn Burg
East Petertown
L0D 1BS",Male,Greenhaven Acute & Specialist Care NHS Trust,Black,Kenya,Dependent,Medical,Registrar,Clinical Support Services,SPR,39.9,2020-05-11,2020-06-15,18.75,0.5,GMC,Fixed Term,On Leave,IL774933,2030-05-22,VU906298,2026-11-03,2027-07-31,2020-06-01
EMP0850-20260913_210742,Stuart,Thomas,pthorpe@example.org,1967-04-21,+44161 496 0310,"228 Angela Harbors
Lake Jacob
TD13 1NA",Male,Hillcrest Medical Centres NHS Trust,Black,Barbados,Skilled Worker,Nursing,Healthcare Assistant,Clinical Support Services,2,14.04,2020-08-19,2020-09-23,37.5,1.0,GMC,Permanent,Inactive,JU259425,2028-01-01,VT151286,2028-02-09,2026-10-30,2020-09-09
EMP0851-20260913_210742,Maureen,Fraser,denis67@example.org,2007-04-16,+44(0)1414960488,"718 Norton Pass
Warrenmouth
TQ4A 6AU",Male,Eastmoor Teaching Hospitals NHS Trust,White,New Zealand,Dependent,Admin,Receptionist,Women & Children,3,13.8,2023-04-24,2023-05-29,20.0,0.53,HCPC,Bank,Active,ZF183493,2029-09-21,UO323495,2029-08-30,2027-01-20,2023-05-15
EMP0852-20260913_210742,Dorothy,Taylor,zyates@example.com,1991-07-12,+441414960681,"546 Lewis Vista
Port Mariaport
CV9 5TD",Female,Westmere Community Health NHS Trust,Black,Barbados,Dependent,AHP,Speech Therapist,Medicine & Acute Care,6,23.5,2024-02-09,2024-03-08,20.0,0.53,GMC,Permanent,Suspended,MM727797,2027-04-18,IR853050,2031-01-30,2026-11-23,2024-03-01
EMP0853-20260913_210742,Oliver,Carroll,jade26@example.net,1972-01-14,+44117 496 0105,"30 Richards Curve
Coxfurt
L1K 3BS",Male,Meadowbrook Community Health NHS Trust,Asian,China,Skilled Worker,Medical,SHO,Surgery & Cancer,SHO,27.7,2018-11-28,2018-12-26,37.5,1.0,GMC,Permanent,Suspended,IR818772,2031-05-11,LH669165,2029-06-16,2027-01-16,2018-12-19
EMP0854-20260913_210742,Abigail,Smart,fcooper@example.net,1964-10-27,0292018352,"1 Harris Causeway
Justinville
W9 8BS",Male,Oakridge Community Services NHS Trust,Black,Jamaica,Dependent,Admin,Receptionist,Critical Care & Anaesthesia,3,14.05,2017-03-11,2017-04-08,30.0,0.8,HCPC,Fixed Term,Inactive,UY641837,2026-11-12,OX788820,2026-09-25,2027-03-07,2017-04-01
EMP0855-20260913_210742,Glen,James,dean78@example.com,1967-05-26,0116 4960045,"Studio 19E
Cooper Cape
North Nicolechester
M6B 8SW",Female,Riverside Integrated Care NHS Trust,White,New Zealand,Skilled Worker,AHP,Occupational Therapist,Women & Children,6,27.58,2018-05-21,2018-07-02,18.75,0.5,NMC,Fixed Term,Suspended,VG240889,2028-01-14,WY188573,2028-11-12,2026-12-24,2018-06-11
EMP0856-20260913_210742,Shannon,Powell,etaylor@example.net,2008-03-06,+44(0)29 2018 0420,"Flat 36B
Bradley Burgs
Ryanmouth
WD7M 2NJ",Male,Hillcrest Medical Centres NHS Trust,Black,Kenya,Skilled Worker,AHP,Physiologist,Corporate Services,6,25.96,2018-02-05,2018-03-05,37.5,1.0,None,Bank,Active,LL077433,2029-03-19,RJ810206,2028-10-16,2027-03-14,2018-02-26
EMP0857-20260913_210742,Melanie,Harris,uwood@example.org,1963-03-09,01154960257,"Flat 74x
Lambert Wells
Ahmedville
DT5 5ZP",Male,Oakridge Community Services NHS Trust,Asian,Thailand,Skilled Worker,Nursing,Nursery Nurse,Surgery & Cancer,2,12.97,2026-03-21,2026-04-25,37.5,1.0,NMC,Permanent,Suspended,SU920472,2028-12-27,VW211797,2030-04-19,2027-01-01,2026-04-11
EMP0858-20260913_210742,Molly,Day,cookeelizabeth@example.org,1969-09-18,01414960415,"5 Justin Mountains
Woodmouth
W6 1XS",Male,Meadowbrook Community Health NHS Trust,Asian,India,Dependent,AHP,Physiotherapist,Surgery & Cancer,6,24.82,2023-05-27,2023-07-08,20.0,0.53,None,Permanent,Suspended,GX154886,2028-05-21,QM051959,2029-05-29,2026-09-28,2023-06-17
EMP0859-20260913_210742,Gemma,Cole,daviesrachel@example.com,2007-09-21,(0909) 8790949,"Studio 47M
Pope Creek
East Benjaminton
HX2 7JS",Male,Midlands Central Hospitals NHS Trust,White,United Kingdom,Dependent,Medical,SHO,Emergency & Urgent Care,SHO,23.31,2023-04-24,2023-05-22,30.0,0.8,HCPC,Permanent,Suspended,MP122437,2029-11-14,LP431992,2028-09-03,2026-12-19,2023-05-15
EMP0860-20260913_210742,Robin,Bell,ikhan@example.com,1974-07-19,+44(0)191 496 0889,"Studio 98
Brown Stream
North Joannastad
BT3E 9ZJ",Female,Lakeside District Hospitals NHS Trust,Asian,Thailand,British Citizen,AHP,Physiotherapist,Critical Care & Anaesthesia,6,24.61,2017-12-30,2018-02-03,37.5,1.0,HCPC,Permanent,Suspended,RQ859306,2031-06-10,YK231339,2029-04-04,2027-08-14,2018-01-20
EMP0861-20260913_210742,Iain,Jones,gtodd@example.net,1977-12-24,+44115 4960497,"Flat 22
Gibson Burg
Garychester
S3 0TQ",Male,Horizon Integrated Health Partnership NHS Trust,Asian,China,Dependent,Nursing,Nursery Nurse,Critical Care & Anaesthesia,2,13.57,2020-06-03,2020-07-15,18.75,0.5,NMC,Bank,Suspended,NE860054,2028-07-11,JE885355,2027-02-10,2026-11-29,2020-06-24
EMP0862-20260913_210742,Natasha,Perkins,murraysylvia@example.org,1960-11-21,01514960705,"Flat 20q
Mohammed Wells
Port Marilynbury
E94 8HS",Female,Midlands Central Hospitals NHS Trust,White,Canada,Dependent,Nursing,Charge Nurse,Clinical Support Services,7,33.14,2026-08-17,2026-09-28,15.0,0.4,HCPC,Permanent,Active,HS702017,2030-06-21,LG389548,2027-04-04,2027-04-09,2026-09-07
EMP0863-20260913_210742,Stewart,Hill,charlottemann@example.org,1980-12-27,+441184960635,"Studio 3
Bray Unions
Port Glenbury
W9J 6PG",Female,Broadfield Clinical Services NHS Trust,Mixed,United States,Dependent,Admin,Medical Secretary,Critical Care & Anaesthesia,4,19.18,2020-01-25,2020-02-22,30.0,0.8,HCPC,Permanent,Suspended,ZM326336,2031-06-10,BM717154,2030-07-23,2026-10-21,2020-02-15
EMP0864-20260913_210742,Kimberley,Wallace,owendonna@example.net,1961-05-05,01154960971,"Flat 99
Natasha Gardens
West Lynda
KW9 3PA",Female,Oakridge Community Services NHS Trust,Mixed,Nigeria,British Citizen,Admin,Data Analyst,Medicine & Acute Care,8A,28.33,2024-08-06,2024-09-17,18.75,0.5,NMC,Permanent,Active,KZ233762,2026-12-12,JH674914,2031-01-10,2027-04-07,2024-08-27
EMP0865-20260913_210742,Gareth,Evans,coxhenry@example.net,1965-06-01,02074960578,"8 Bishop Neck
Port Brian
OX0X 2QA",Female,Valleyview Mental Wellness NHS Trust,White,United Kingdom,British Citizen,Medical,GP,Surgery & Cancer,GP,54.33,2018-08-04,2018-09-08,30.0,0.8,HCPC,Fixed Term,On Leave,BE471751,2029-01-26,JT250159,2028-11-14,2026-11-18,2018-08-25
EMP0866-20260913_210742,Stephen,Carey,mitchellmelissa@example.net,1994-09-24,(0115) 496 0807,"Studio 46
Natalie Land
Lyndaborough
N1K 9YS",Male,Riverbank General Hospitals NHS Trust,Black,Jamaica,British Citizen,Nursing,Nursery Nurse,Medicine & Acute Care,2,12.91,2019-05-15,2019-06-19,18.75,0.5,NMC,Permanent,Inactive,NB069523,2028-03-14,HB689131,2028-08-20,2027-06-05,2019-06-05
EMP0867-20260913_210742,Marc,Dixon,ibrown@example.com,1966-10-24,+44292018701,"59 Harvey Station
Lake Clare
WS41 3XR",Female,Westmere Community Health NHS Trust,Asian,China,Skilled Worker,Admin,Administrator,Medicine & Acute Care,3,14.16,2019-01-14,2019-02-11,20.0,0.53,None,Permanent,Suspended,AR922250,2026-10-11,GP845458,2027-01-14,2027-05-16,2019-02-04
EMP0868-20260913_210742,Sylvia,Ingram,williamsonstuart@example.org,1990-12-05,0909 8790987,"425 Daniel Fall
New Graememouth
S61 9BF",Male,Westborough Acute Care NHS Trust,Mixed,New Zealand,British Citizen,AHP,Physiologist,Women & Children,6,25.07,2016-11-16,2016-12-14,30.0,0.8,HCPC,Bank,Active,VG643481,2028-11-26,QW668010,2027-09-01,2027-08-06,2016-12-07
EMP0869-20260913_210742,Debra,Green,pchapman@example.org,1962-04-10,(0118) 496 0478,"855 Wendy Mall
Stephensfort
NG3 9AR",Male,Oakridge Community Services NHS Trust,Asian,Thailand,Dependent,AHP,Speech Therapist,Emergency & Urgent Care,6,22.8,2026-08-05,2026-09-16,37.5,1.0,HCPC,Bank,Active,TJ208861,2027-05-14,VO031985,2026-10-26,2027-04-07,2026-08-26
EMP0870-20260913_210742,Callum,Robertson,jennamartin@example.net,1985-01-26,+44(0)289018339,"Flat 40w
Jones Groves
Murphystad
L6S 8LG",Male,Bluewater Community & Rehabilitation NHS Trust,White,Canada,ILR,Admin,Administrator,Emergency & Urgent Care,3,13.4,2017-06-18,2017-07-30,20.0,0.53,HCPC,Fixed Term,Inactive,MT057334,2026-11-17,GE234843,2027-02-12,2027-07-05,2017-07-09
EMP0871-20260913_210742,Bruce,Walker,browndamien@example.org,1996-12-13,(0113)4960835,"6 Davies Trail
Evanschester
IP9 2AQ",Male,Northwood Mental Health NHS Trust,Mixed,South Africa,British Citizen,Medical,FY1/FY2,Critical Care & Anaesthesia,FY1,20.61,2020-02-12,2020-03-18,18.75,0.5,HCPC,Bank,Active,VU732520,2027-03-16,OE206286,2029-09-22,2026-12-10,2020-03-04
EMP0872-20260913_210742,Clifford,Woods,simon91@example.org,2007-12-29,+44141 496 0813,"Studio 80
Wood Way
Edwardsfort
SR5H 9DZ",Female,Southvale Hospitals NHS Trust,White,New Zealand,Skilled Worker,Medical,FY1/FY2,Clinical Support Services,FY1,19.67,2017-11-24,2018-01-05,18.75,0.5,GMC,Fixed Term,Active,RL181817,2030-12-01,RR597845,2029-11-07,2026-09-30,2017-12-15
EMP0873-20260913_210742,Georgina,Brown,mccarthymarian@example.org,2008-01-06,+44(0)1632 960528,"Studio 55
Conor Haven
Gregoryfort
W92 0QP",Male,Eastfield Psychological Services NHS Trust,Mixed,Jamaica,Skilled Worker,Medical,FY1/FY2,Surgery & Cancer,FY1,19.62,2017-05-09,2017-06-13,37.5,1.0,HCPC,Bank,Inactive,UD259998,2027-02-12,AC635954,2030-08-13,2027-08-02,2017-05-30
EMP0874-20260913_210742,Suzanne,Chapman,jay49@example.net,1968-04-02,0909 8790694,"4 Janet Brooks
South Josh
N52 8PE",Female,Meadowbrook Community Health NHS Trust,Asian,India,Skilled Worker,Admin,Receptionist,Corporate Services,3,14.66,2017-10-03,2017-11-14,18.75,0.5,None,Fixed Term,Suspended,FL752988,2028-08-27,DH882785,2027-12-25,2026-11-22,2017-10-24
EMP0875-20260913_210742,Christian,Wilkinson,xmistry@example.com,1973-10-30,(0306)9990114,"129 Raymond Locks
East Leonard
NP9 6SP",Male,Riverside Integrated Care NHS Trust,Mixed,United Kingdom,British Citizen,Medical,FY1/FY2,Women & Children,FY1,21.23,2018-12-10,2019-01-07,15.0,0.4,HCPC,Bank,Suspended,TE568387,2028-09-29,HP065859,2029-05-15,2026-12-31,2018-12-31
EMP0876-20260913_210742,Shaun,Dixon,philipchamberlain@example.com,1965-01-12,+44(0)1614960788,"Studio 36
Wright Roads
O'Neillfort
CT6 2HW",Female,Lakeside District Hospitals NHS Trust,Asian,China,Dependent,Nursing,Staff Nurse,Emergency & Urgent Care,5,22.79,2021-01-05,2021-02-09,30.0,0.8,NMC,Bank,Inactive,OG402774,2028-02-22,PB205540,2027-05-20,2027-01-26,2021-01-26
EMP0877-20260913_210742,Abbie,Coates,clarkmohamed@example.net,2001-11-11,+44(0)131 4960878,"646 Barbara Forges
Samville
SR0A 9TE",Male,Riverside Integrated Care NHS Trust,Asian,China,British Citizen,Admin,Data Analyst,Critical Care & Anaesthesia,8A,30.8,2024-04-30,2024-06-04,30.0,0.8,None,Permanent,Active,QV583060,2028-08-18,QB947349,2027-08-10,2026-09-20,2024-05-21
EMP0878-20260913_210742,Jill,Lee,joanne42@example.com,1968-07-25,+44131 4960197,"6 Wilkinson Well
South Joe
RG6R 7WB",Female,Midlands Central Hospitals NHS Trust,Asian,China,ILR,Nursing,Charge Nurse,Medicine & Acute Care,7,32.21,2022-09-18,2022-10-30,20.0,0.53,None,Bank,Inactive,PU127652,2030-07-13,ZX173781,2030-09-05,2026-10-16,2022-10-09
EMP0879-20260913_210742,Dylan,Barton,clarkallan@example.org,2000-04-30,(01632) 960 325,"Studio 16i
Beth Plains
Walkerside
M42 7HA",Male,Riverbank General Hospitals NHS Trust,White,Canada,ILR,Admin,Receptionist,Medicine & Acute Care,3,15.85,2026-03-31,2026-04-28,15.0,0.4,NMC,Fixed Term,Active,XV947548,2030-12-13,JZ541085,2028-03-13,2027-06-19,2026-04-21
EMP0880-20260913_210742,James,Murray,geoffrey83@example.org,1987-08-03,01154960900,"1 Fleming Meadows
Port Lorraine
DN62 3SH",Female,Hillcrest Medical Centres NHS Trust,Mixed,Jamaica,Dependent,Nursing,Ward Manager,Women & Children,8A,35.24,2026-06-01,2026-07-06,20.0,0.53,NMC,Permanent,Inactive,SO360212,2030-03-03,OM523187,2026-11-19,2026-09-20,2026-06-22
EMP0881-20260913_210742,Ashleigh,Simpson,williamsjake@example.net,1991-12-31,(029) 2018438,"Studio 62
King Cove
Port Georgiaberg
RG0 6YE",Female,Northwood Mental Health NHS Trust,White,United States,Dependent,Nursing,Charge Nurse,Women & Children,7,27.65,2018-05-07,2018-06-11,18.75,0.5,NMC,Bank,Inactive,JC804479,2028-10-08,LS509334,2029-02-27,2027-07-10,2018-05-28
EMP0882-20260913_210742,Alice,Lyons,jasmine12@example.com,1997-08-21,028 9018391,"Flat 56F
George Forge
East Janice
G9G 2HS",Male,Southvale Hospitals NHS Trust,Asian,China,ILR,Admin,Receptionist,Women & Children,3,13.59,2020-06-21,2020-08-02,18.75,0.5,HCPC,Fixed Term,Inactive,NV595571,2030-10-18,KU931518,2027-12-14,2027-07-09,2020-07-12
EMP0883-20260913_210742,Emily,Clark,vanessahunt@example.net,1983-04-09,+44(0)115 496 0300,"535 Gareth Drive
Williamshaven
N28 9UL",Male,Riverside Integrated Care NHS Trust,Asian,Japan,Skilled Worker,AHP,Occupational Therapist,Clinical Support Services,6,23.3,2024-06-14,2024-07-26,18.75,0.5,GMC,Fixed Term,Inactive,FP909967,2029-05-28,DN811117,2026-09-18,2027-09-03,2024-07-05
EMP0884-20260913_210742,Hazel,Pearson,hbarnes@example.net,1989-10-27,+44116 496 0345,"094 Stevens Shore
Allanburgh
DT2 4DX",Female,Westmere Community Health NHS Trust,Asian,China,Skilled Worker,Admin,Data Analyst,Surgery & Cancer,8A,31.51,2026-01-20,2026-02-17,37.5,1.0,None,Permanent,Suspended,BT735700,2031-02-18,NG404350,2028-10-13,2027-06-11,2026-02-10
EMP0885-20260913_210742,Joyce,Taylor,katie67@example.com,1972-03-03,+44(0)2074960968,"Studio 5
Oliver Shores
Lake Jean
TN76 4JE",Male,Hillcrest Medical Centres NHS Trust,Black,Kenya,Skilled Worker,Medical,SHO,Medicine & Acute Care,SHO,29.09,2024-09-21,2024-10-19,15.0,0.4,NMC,Permanent,On Leave,ZY984189,2028-02-28,KD974659,2028-12-03,2026-10-30,2024-10-12
EMP0886-20260913_210742,Megan,Wilson,zlawrence@example.org,1985-08-17,+44115 496 0108,"138 Howard Road
West Tom
KW26 1JS",Female,Eastmoor Teaching Hospitals NHS Trust,Asian,China,British Citizen,Medical,FY1/FY2,Women & Children,FY1,20.75,2025-05-07,2025-06-18,15.0,0.4,GMC,Bank,On Leave,BV584314,2029-07-25,GL130373,2028-03-15,2027-05-09,2025-05-28
EMP0887-20260913_210742,Joshua,Smith,naomi53@example.com,1996-07-30,+44(0)116 496 0344,"Flat 53
Bailey Valley
Lake Toby
S8 6RB",Female,Westmere Community Health NHS Trust,Black,Trinidad and Tobago,Dependent,Medical,GP,Clinical Support Services,GP,48.64,2019-03-22,2019-05-03,18.75,0.5,HCPC,Permanent,Inactive,BO184842,2029-03-15,RC458606,2029-03-17,2027-02-20,2019-04-12
EMP0888-20260913_210742,Susan,Wright,zthomas@example.net,1962-12-08,01154960768,"Flat 93J
Williamson Coves
Lesleyshire
DG68 8XN",Male,Riverbank General Hospitals NHS Trust,Asian,China,Skilled Worker,Admin,Administrator,Critical Care & Anaesthesia,3,14.32,2026-08-24,2026-09-28,20.0,0.53,GMC,Permanent,Inactive,WM571944,2029-08-06,QB753667,2030-07-09,2027-03-19,2026-09-14
EMP0889-20260913_210742,Dale,Jackson,georgeturner@example.net,1999-02-15,+44141 4960047,"6 Stacey Mountain
North Samuel
G1 8DR",Female,Northshire University Hospitals NHS Trust,Asian,Thailand,Dependent,Nursing,Senior Staff Nurse,Medicine & Acute Care,6,23.56,2025-05-27,2025-07-01,30.0,0.8,HCPC,Permanent,On Leave,PO690259,2030-12-19,OW988989,2027-08-06,2027-08-26,2025-06-17
EMP0890-20260913_210742,Amanda,Robinson,phillipwong@example.com,1982-05-09,+449098790344,"0 Nigel Course
Patriciaberg
W98 4PD",Male,Greenhaven Acute & Specialist Care NHS Trust,White,Australia,Dependent,Medical,Registrar,Surgery & Cancer,SPR,41.51,2017-04-22,2017-06-03,30.0,0.8,GMC,Bank,On Leave,AS848634,2029-11-14,JL754334,2031-02-19,2027-08-17,2017-05-13
EMP0891-20260913_210742,Damian,Ferguson,paynesian@example.com,1961-04-04,+44117 4960178,"64 Charles Manor
Port Joyceport
HS09 4AE",Female,Northshire University Hospitals NHS Trust,Mixed,Jamaica,Skilled Worker,Medical,Consultant,Corporate Services,CONS,71.73,2021-09-10,2021-10-15,15.0,0.4,NMC,Bank,Active,MG137986,2029-03-04,TV457499,2026-10-01,2027-08-26,2021-10-01
EMP0892-20260913_210742,Abdul,Young,oparkes@example.net,1968-01-18,+44(0)131 496 0134,"86 Johnson Burgs
New Lynnton
W83 6EA",Male,Southvale Hospitals NHS Trust,White,United Kingdom,Skilled Worker,Admin,Data Analyst,Critical Care & Anaesthesia,8A,35.02,2025-02-05,2025-03-05,20.0,0.53,None,Permanent,Suspended,UK119615,2031-01-09,OY159410,2029-05-14,2027-03-22,2025-02-26
EMP0893-20260913_210742,Denis,Hayes,mitchell91@example.org,2001-09-24,(0808) 1570438,"Flat 70O
Carl Roads
North Joan
L4E 7AW",Female,Eastmoor Teaching Hospitals NHS Trust,Black,Barbados,ILR,Nursing,Staff Nurse,Emergency & Urgent Care,5,22.35,2025-03-09,2025-04-20,37.5,1.0,NMC,Permanent,Inactive,ON453122,2029-09-09,ZP672414,2028-09-14,2026-09-18,2025-03-30
EMP0894-20260913_210742,Allan,Lowe,alexanderlucy@example.net,1992-03-02,+441314960338,"200 Matthews Ranch
Port Brian
M7T 0TZ",Female,Eastmoor Teaching Hospitals NHS Trust,Asian,Japan,British Citizen,AHP,Physiologist,Clinical Support Services,6,26.88,2019-01-29,2019-03-12,20.0,0.53,None,Fixed Term,On Leave,DJ744606,2028-12-01,EJ893225,2027-10-30,2026-09-25,2019-02-19
EMP0895-20260913_210742,Samantha,Taylor,morrisjeffrey@example.org,2007-02-07,(0118)4960620,"257 Newman Inlet
Port Declan
S4W 5ZN",Male,Horizon Integrated Health Partnership NHS Trust,Asian,India,British Citizen,AHP,Occupational Therapist,Critical Care & Anaesthesia,6,22.65,2025-06-28,2025-08-09,30.0,0.8,NMC,Bank,Inactive,LZ307131,2031-05-11,HI521748,2028-01-15,2027-03-07,2025-07-19
EMP0896-20260913_210742,Leanne,Wilson,jay22@example.com,2000-10-16,+44(0)116 4960761,"Flat 05
Pauline Coves
Archerburgh
CA4 0ZZ",Female,Greenhaven Acute & Specialist Care NHS Trust,Mixed,Kenya,Skilled Worker,Medical,SHO,Corporate Services,SHO,30.35,2025-10-27,2025-12-01,18.75,0.5,None,Bank,Active,FE522063,2027-02-10,BX560448,2027-07-31,2027-06-15,2025-11-17
EMP0897-20260913_210742,Raymond,Gibson,vincentlouise@example.org,2000-04-15,(028) 9018933,"Flat 42o
Taylor Fall
South Gavin
L90 6WY",Female,Eastmoor Teaching Hospitals NHS Trust,Mixed,Japan,Skilled Worker,Admin,Receptionist,Critical Care & Anaesthesia,3,16.35,2023-05-06,2023-06-17,15.0,0.4,None,Permanent,On Leave,GC768984,2029-03-31,IU674868,2030-08-03,2026-12-24,2023-05-27
EMP0898-20260913_210742,Trevor,Roberts,sallyharris@example.com,2001-08-17,(0151)4960815,"Studio 59
Gemma Turnpike
Port Dominic
S4H 4RQ",Female,Riverbank General Hospitals NHS Trust,Mixed,South Africa,British Citizen,Medical,Consultant,Surgery & Cancer,CONS,60.06,2023-06-14,2023-07-12,15.0,0.4,GMC,Fixed Term,Suspended,RJ783190,2027-05-14,SS933660,2028-10-06,2026-11-27,2023-07-05
EMP0899-20260913_210742,Mathew,Wright,caroline41@example.net,1965-02-26,(0116) 4960493,"576 Donald Oval
Port Bryan
L0A 7QE",Female,Lakeside District Hospitals NHS Trust,Black,South Africa,British Citizen,Admin,Receptionist,Clinical Support Services,3,14.88,2024-10-21,2024-11-18,15.0,0.4,GMC,Fixed Term,Suspended,OH272777,2031-05-09,WJ842948,2029-04-01,2027-04-08,2024-11-11
EMP0900-20260913_210742,Melissa,Williams,terencebryan@example.org,1972-04-23,+44(0)9098790596,"Flat 2
June Prairie
Woodview
RH2 8GL",Female,Meadowbrook Community Health NHS Trust,Black,Trinidad and Tobago,British Citizen,Admin,Administrator,Corporate Services,3,13.49,2023-11-06,2023-12-11,30.0,0.8,None,Permanent,Inactive,FM889046,2030-10-01,VB520336,2028-06-11,2027-03-28,2023-11-27
EMP0901-20260913_210742,Wayne,Taylor,parkertracy@example.com,1987-08-09,+44141 496 0443,"Studio 8
Smith Port
Port Mauriceton
IM32 5FD",Female,Westmere Community Health NHS Trust,White,Australia,British Citizen,AHP,Occupational Therapist,Medicine & Acute Care,6,24.11,2025-11-04,2025-12-09,30.0,0.8,NMC,Permanent,On Leave,DN516242,2027-04-11,HB276041,2027-03-29,2027-01-10,2025-11-25
EMP0902-20260913_210742,Hollie,Williams,elliotpalmer@example.org,1968-06-27,0306 999 0129,"5 Chelsea Mission
Thomsonland
HD9P 5FG",Male,Meadowbrook Community Health NHS Trust,Black,Trinidad and Tobago,ILR,Admin,Administrator,Critical Care & Anaesthesia,3,14.46,2021-05-05,2021-06-09,20.0,0.53,NMC,Permanent,Inactive,ZN142738,2029-08-01,VO282109,2031-01-24,2026-09-23,2021-05-26
EMP0903-20260913_210742,Charlie,Griffiths,mandy80@example.com,1982-10-14,028 9018627,"29 Josephine Ferry
Kyleside
L7T 4TW",Male,Horizon Integrated Health Partnership NHS Trust,Asian,Thailand,ILR,Medical,Registrar,Critical Care & Anaesthesia,SPR,41.12,2019-05-09,2019-06-06,30.0,0.8,GMC,Fixed Term,On Leave,DH777560,2027-12-02,RG783059,2030-07-27,2027-02-24,2019-05-30
EMP0904-20260913_210742,Sian,Ward,atkinstimothy@example.com,1978-06-27,+44116 4960387,"187 Stewart Summit
South Mitchell
HD5 7NS",Female,Oakridge Community Services NHS Trust,White,New Zealand,Dependent,Nursing,Staff Nurse,Surgery & Cancer,5,21.11,2018-10-22,2018-12-03,37.5,1.0,HCPC,Bank,Suspended,SW473609,2031-04-16,UX642988,2031-04-30,2026-11-06,2018-11-12
EMP0905-20260913_210742,Nicole,Williams,annette19@example.net,1993-05-14,+44(0)1614960656,"66 Parker Stravenue
East Jeanstad
S70 5YU",Female,Northshire University Hospitals NHS Trust,Asian,China,Dependent,Admin,Receptionist,Critical Care & Anaesthesia,3,14.06,2017-09-06,2017-10-11,30.0,0.8,HCPC,Fixed Term,Suspended,IO588397,2030-10-19,ZS461492,2028-04-20,2027-06-28,2017-09-27
EMP0906-20260913_210742,Damian,Collins,dylan20@example.org,1989-12-06,+44(0)808 1570354,"441 Bell Glens
Nathanland
PE65 5TJ",Female,Westborough Acute Care NHS Trust,Asian,China,Skilled Worker,Medical,Registrar,Clinical Support Services,SPR,38.13,2023-12-20,2024-01-17,30.0,0.8,GMC,Fixed Term,On Leave,XX034057,2027-02-15,SV034741,2029-01-23,2026-10-12,2024-01-10
EMP0907-20260913_210742,Edward,Hawkins,gemmafox@example.org,1976-05-31,+4429 2018 0038,"2 Taylor Ville
Priceland
E2G 3ZQ",Female,Southvale Hospitals NHS Trust,White,United States,Dependent,AHP,Physiologist,Medicine & Acute Care,6,26.95,2019-08-03,2019-09-14,30.0,0.8,NMC,Bank,Inactive,ID017100,2031-04-09,KO348532,2028-11-13,2026-09-23,2019-08-24
EMP0908-20260913_210742,Rachael,Wall,shannon54@example.net,2000-09-04,(0118) 4960912,"Studio 34
Sally Streets
East Andreamouth
KY06 1AS",Female,Broadfield Clinical Services NHS Trust,Asian,India,British Citizen,Nursing,Ward Manager,Women & Children,8A,30.55,2020-06-17,2020-07-29,20.0,0.53,None,Fixed Term,Active,JG356704,2026-09-13,TO072597,2028-01-13,2026-12-10,2020-07-08
EMP0909-20260913_210742,Sian,Leach,hardychelsea@example.com,1994-03-14,+441632 960748,"51 Mary Prairie
Lake Alice
RG6 2SL",Female,Broadfield Clinical Services NHS Trust,Mixed,Jamaica,Dependent,Admin,Receptionist,Corporate Services,3,14.92,2024-01-22,2024-02-26,15.0,0.4,GMC,Bank,Suspended,RS031666,2029-10-02,HX815001,2029-01-02,2026-09-17,2024-02-12
EMP0910-20260913_210742,Arthur,Taylor,holmesandrea@example.net,1999-08-08,+44(0)161 496 0333,"Flat 39
Katy View
South Brendaborough
W5U 5EA",Male,Hillcrest Medical Centres NHS Trust,Mixed,United States,Dependent,AHP,Occupational Therapist,Medicine & Acute Care,6,23.88,2020-06-20,2020-08-01,15.0,0.4,HCPC,Bank,Inactive,UD374803,2028-04-18,MN998509,2027-02-26,2027-02-16,2020-07-11
EMP0911-20260913_210742,Keith,Pritchard,stephensfrederick@example.net,1995-07-07,+44(0)161 496 0348,"Studio 58
Wright Grove
West Terry
E96 0EE",Male,Eastmoor Teaching Hospitals NHS Trust,Black,Barbados,ILR,Medical,Registrar,Women & Children,SPR,37.04,2020-05-08,2020-06-05,15.0,0.4,NMC,Permanent,Suspended,ZX784763,2031-05-03,CY898293,2030-05-11,2027-05-15,2020-05-29
EMP0912-20260913_210742,Clifford,Hall,ubrooks@example.net,1979-12-29,+44(0)8081570841,"Flat 35R
Stanley Locks
Akhtarshire
ME9 4RZ",Male,Valleyview Mental Wellness NHS Trust,Black,Ghana,ILR,AHP,Physiologist,Clinical Support Services,6,22.67,2019-10-09,2019-11-06,30.0,0.8,None,Permanent,Inactive,YY068382,2030-07-19,WS601037,2029-03-22,2027-08-04,2019-10-30
EMP0913-20260913_210742,Denis,Lord,rleonard@example.org,1970-11-26,01164960035,"Flat 42D
Smith Lock
North Brian
SG6E 4BP",Male,Riverside Integrated Care NHS Trust,Asian,India,British Citizen,Admin,Medical Secretary,Women & Children,4,16.24,2025-05-20,2025-06-24,18.75,0.5,None,Fixed Term,Suspended,OY519013,2030-11-17,KO987433,2029-11-01,2026-10-15,2025-06-10
EMP0914-20260913_210742,Karl,Byrne,wilkinsonmolly@example.net,2003-04-19,(0116)4960040,"Flat 06
Leah Park
Duncanton
IG4E 1ZR",Female,Southvale Hospitals NHS Trust,Black,Trinidad and Tobago,British Citizen,Admin,Medical Secretary,Emergency & Urgent Care,4,15.58,2024-07-06,2024-08-10,15.0,0.4,HCPC,Bank,On Leave,BC188237,2029-06-20,FO862418,2030-04-16,2027-04-29,2024-07-27
EMP0915-20260913_210742,Rachel,Woods,hayleywheeler@example.com,2005-12-09,+44115 496 0722,"Flat 13
Kelly Crossing
Lake Kirstyland
MK8P 3AT",Male,Eastfield Psychological Services NHS Trust,White,Canada,Skilled Worker,AHP,Physiologist,Clinical Support Services,6,22.7,2017-01-06,2017-02-10,20.0,0.53,None,Permanent,Active,MR845637,2027-01-17,WS047137,2026-11-23,2027-03-17,2017-01-27
EMP0916-20260913_210742,Tracy,Edwards,terryspencer@example.net,1982-12-26,0121 496 0976,"606 Harding Mountains
Wilsonton
G4J 9PW",Female,Eastfield Psychological Services NHS Trust,White,United Kingdom,ILR,Admin,Receptionist,Surgery & Cancer,3,15.75,2026-07-15,2026-08-19,37.5,1.0,HCPC,Permanent,Inactive,SD568036,2026-11-29,TH986152,2031-03-13,2027-05-17,2026-08-05
EMP0917-20260913_210742,Malcolm,Taylor,hbond@example.net,1987-03-13,01154960289,"30 Stephanie Summit
East Fiona
IM6 5QU",Male,Valleyview Mental Wellness NHS Trust,Asian,Thailand,Dependent,Admin,Medical Secretary,Emergency & Urgent Care,4,19.04,2019-08-13,2019-09-24,18.75,0.5,GMC,Fixed Term,Inactive,QW931927,2031-09-12,GJ250834,2029-06-14,2027-08-16,2019-09-03
EMP0918-20260913_210742,Marc,Newton,shepherdgrace@example.org,1969-09-24,+44(0)292018556,"Flat 33W
Thompson Lake
Bentleyberg
SE2 9TQ",Female,Midlands Central Hospitals NHS Trust,Black,South Africa,ILR,Medical,SHO,Surgery & Cancer,SHO,26.45,2020-05-03,2020-05-31,15.0,0.4,HCPC,Bank,Suspended,AX811199,2028-01-10,US014128,2031-08-08,2027-04-13,2020-05-24
EMP0919-20260913_210742,Julie,Charlton,tracymartin@example.net,1987-03-10,+441414960929,"052 Marc Vista
Port Seanburgh
W2 8ZX",Male,Horizon Integrated Health Partnership NHS Trust,White,Canada,ILR,Nursing,Ward Manager,Medicine & Acute Care,8A,32.91,2017-02-12,2017-03-12,15.0,0.4,NMC,Fixed Term,Active,LF836837,2028-12-23,RS958634,2030-03-04,2027-04-30,2017-03-05
EMP0920-20260913_210742,Robert,Wheeler,xharrison@example.org,1987-04-18,+44(0)1214960283,"Studio 7
Daniel Plains
Port Karl
W9W 6TQ",Female,Valleyview Mental Wellness NHS Trust,White,United States,ILR,Nursing,Charge Nurse,Corporate Services,7,29.6,2020-06-19,2020-07-31,18.75,0.5,NMC,Bank,Active,DL396920,2030-10-16,LI169507,2027-02-06,2027-07-04,2020-07-10
EMP0921-20260913_210742,Carolyn,Hunt,ldavies@example.net,2000-03-26,(0116)4960030,"99 Gerald Grove
Harperhaven
SE42 6HP",Male,Northwood Mental Health NHS Trust,Asian,Thailand,Dependent,AHP,Pharmacist,Surgery & Cancer,5,19.24,2024-12-19,2025-01-16,20.0,0.53,HCPC,Fixed Term,Suspended,IF335592,2031-03-26,KM445011,2029-03-01,2027-01-28,2025-01-09
EMP0922-20260913_210742,Terence,Harding,helencook@example.com,1982-08-02,+44(0)1134960343,"Flat 5
Wood Drives
West Leahland
G6K 9PX",Female,Valleyview Mental Wellness NHS Trust,Mixed,Canada,Skilled Worker,Medical,GP,Surgery & Cancer,GP,56.9,2025-05-07,2025-06-18,30.0,0.8,HCPC,Permanent,On Leave,XY196818,2030-10-07,LL022571,2029-04-07,2026-09-30,2025-05-28
EMP0923-20260913_210742,Wayne,Barnes,dford@example.org,1994-09-03,+44808 157 0507,"08 Edward Forest
South Lee
L83 2XT",Male,Broadfield Clinical Services NHS Trust,Mixed,Kenya,Dependent,Nursing,Senior Staff Nurse,Medicine & Acute Care,6,26.26,2019-10-04,2019-11-08,37.5,1.0,None,Bank,Inactive,UP155293,2029-08-01,RY101851,2028-02-01,2027-08-07,2019-10-25
EMP0924-20260913_210742,Karen,Lawrence,joycegraham@example.com,1968-07-17,+44(0)20 7496 0562,"Flat 94e
Hayley Drives
Lake Joel
M8H 2GR",Female,Southvale Hospitals NHS Trust,Asian,China,ILR,AHP,Physiologist,Clinical Support Services,6,23.74,2022-07-23,2022-09-03,30.0,0.8,NMC,Permanent,Active,YJ440054,2027-05-28,PL769012,2031-03-04,2027-07-09,2022-08-13
EMP0925-20260913_210742,Ricky,Wilkins,leanne61@example.com,1992-01-22,+44(0)1914960527,"5 Dodd Forges
Adrianfort
M9 6LA",Male,Westmere Community Health NHS Trust,Black,Kenya,British Citizen,Medical,FY1/FY2,Surgery & Cancer,FY1,18.57,2026-05-03,2026-05-31,37.5,1.0,HCPC,Permanent,Suspended,QW316259,2030-06-21,LN071282,2028-01-02,2026-10-06,2026-05-24
EMP0926-20260913_210742,Andrew,Boyle,lbuckley@example.org,1963-12-26,01214960822,"Studio 29b
Gibbs Creek
East Kathryn
DN15 8LY",Female,Riverbank General Hospitals NHS Trust,White,Australia,Skilled Worker,Admin,Receptionist,Emergency & Urgent Care,3,14.48,2025-05-25,2025-06-22,20.0,0.53,NMC,Fixed Term,Inactive,OA728576,2029-05-26,OA493467,2027-08-10,2027-06-27,2025-06-15
EMP0927-20260913_210742,Barry,Smith,huntjade@example.com,2000-05-22,(028) 9018 0275,"Flat 1
Jones Isle
Lake Shirley
E65 9AG",Male,Broadfield Clinical Services NHS Trust,Mixed,Jamaica,ILR,Medical,GP,Surgery & Cancer,GP,48.34,2022-01-21,2022-02-18,15.0,0.4,HCPC,Bank,On Leave,RL745113,2029-08-05,FA982819,2026-11-06,2027-04-28,2022-02-11
EMP0928-20260913_210742,Amanda,Miller,sandrawilkinson@example.org,1966-04-11,+44115 496 0803,"659 Ward Fort
Jamesport
N26 9HT",Female,Southvale Hospitals NHS Trust,White,Australia,Dependent,Admin,Medical Secretary,Corporate Services,4,19.01,2017-03-08,2017-04-12,20.0,0.53,HCPC,Bank,Active,NM869153,2030-05-06,QF094033,2027-01-01,2027-01-08,2017-03-29
EMP0929-20260913_210742,Howard,Doyle,owen81@example.org,2003-11-23,01632 960269,"27 Haynes Springs
Hodgsonport
CA5B 6TX",Male,Hillcrest Medical Centres NHS Trust,White,Australia,Skilled Worker,Admin,Data Analyst,Women & Children,8A,32.13,2020-09-17,2020-10-29,18.75,0.5,None,Fixed Term,Active,NE357172,2030-08-02,QD029732,2029-10-21,2026-11-22,2020-10-08
EMP0930-20260913_210742,Michelle,McCarthy,samantha79@example.org,1970-03-15,+44(0)116 4960207,"Studio 86
Donna Landing
Brendaton
GY6E 8GA",Male,Southvale Hospitals NHS Trust,Mixed,Canada,British Citizen,Nursing,Nursery Nurse,Critical Care & Anaesthesia,2,14.34,2020-06-01,2020-07-13,15.0,0.4,NMC,Fixed Term,Inactive,SY544258,2031-02-01,CG025804,2031-02-17,2027-02-07,2020-06-22
EMP0931-20260913_210742,William,Martin,brownrobert@example.com,1984-03-15,+44(0)131 4960043,"Studio 3
King Drive
Port Frances
RM1 5EZ",Female,Westmere Community Health NHS Trust,Asian,India,British Citizen,Nursing,Staff Nurse,Surgery & Cancer,5,20.7,2017-06-07,2017-07-05,20.0,0.53,NMC,Fixed Term,Suspended,UT540163,2027-09-02,LN048357,2030-12-22,2027-06-03,2017-06-28
EMP0932-20260913_210742,Linda,Smith,frichardson@example.com,1979-10-13,(0115) 4960273,"765 Goodwin Trace
Stephanieton
NR12 3EF",Female,Northwood Mental Health NHS Trust,Mixed,Jamaica,ILR,Nursing,Ward Manager,Medicine & Acute Care,8A,31.13,2023-05-21,2023-07-02,37.5,1.0,HCPC,Bank,Suspended,LS582100,2028-07-13,LO523985,2028-01-16,2027-04-29,2023-06-11
EMP0933-20260913_210742,Kate,Graham,albertwilliams@example.org,1985-12-28,+44(0)3069990569,"6 Porter Ports
Port Katebury
WD9A 9YN",Male,Riverside Integrated Care NHS Trust,Asian,India,ILR,AHP,Pharmacist,Critical Care & Anaesthesia,5,19.51,2019-12-14,2020-01-18,20.0,0.53,HCPC,Fixed Term,Inactive,LS888998,2027-02-22,TZ540729,2027-04-28,2026-11-20,2020-01-04
EMP0934-20260913_210742,Mary,Middleton,martinjill@example.org,1991-10-15,01214960911,"875 Dylan Points
South Sara
W6A 7GJ",Female,Oakridge Community Services NHS Trust,Asian,India,British Citizen,AHP,Speech Therapist,Surgery & Cancer,6,23.73,2017-02-27,2017-03-27,30.0,0.8,GMC,Bank,On Leave,GV719832,2028-07-15,LC073796,2031-07-17,2027-04-11,2017-03-20
EMP0935-20260913_210742,Samantha,North,cameron74@example.net,1989-09-09,0909 879 0629,"Flat 14O
Jackson Islands
Jacksonbury
BT0P 0HD",Female,Eastfield Psychological Services NHS Trust,Black,Jamaica,Skilled Worker,Nursing,Senior Staff Nurse,Medicine & Acute Care,6,24.45,2024-04-20,2024-05-25,20.0,0.53,NMC,Fixed Term,Active,TO842795,2030-02-16,ZV693290,2027-02-19,2027-05-28,2024-05-11
EMP0936-20260913_210742,Jack,Humphreys,pearcehugh@example.net,1995-04-24,+44(0)161 496 0916,"550 Harriet Corners
South Donald
E2 5LH",Male,Northwood Mental Health NHS Trust,Mixed,Trinidad and Tobago,Dependent,AHP,Pharmacist,Critical Care & Anaesthesia,5,21.26,2022-03-07,2022-04-11,37.5,1.0,None,Permanent,On Leave,TQ039053,2031-05-29,XB633696,2031-04-03,2027-05-03,2022-03-28
EMP0937-20260913_210742,Stacey,Green,stuartjackson@example.net,1975-03-19,(0909) 879 0205,"098 Swift Mall
Wardport
NG9 1DF",Male,Southgate Community & Mental Health NHS Trust,Black,Trinidad and Tobago,ILR,AHP,Radiographer,Women & Children,6,25.59,2019-07-31,2019-09-11,30.0,0.8,None,Bank,Active,WJ221624,2029-03-08,AQ896914,2031-02-22,2027-02-20,2019-08-21
EMP0938-20260913_210742,Maurice,Bryant,nicolahughes@example.org,1980-07-20,+44808 157 0956,"Flat 54
Alex Pines
Taylorchester
W6 4RR",Female,Eastmoor Teaching Hospitals NHS Trust,Mixed,United Kingdom,Dependent,Nursing,Ward Manager,Corporate Services,8A,29.34,2023-01-23,2023-03-06,37.5,1.0,NMC,Bank,Suspended,TY766965,2030-12-30,CJ596078,2027-07-07,2027-03-20,2023-02-13
EMP0939-20260913_210742,Gail,Page,howard94@example.net,1987-10-05,+44(0)1632960324,"0 Thomas Freeway
Bartonton
SM36 6SR",Male,Lakeside District Hospitals NHS Trust,White,New Zealand,ILR,Admin,Receptionist,Clinical Support Services,3,15.87,2024-04-03,2024-05-15,37.5,1.0,GMC,Bank,On Leave,RD054325,2027-08-19,LY250402,2029-01-22,2027-04-23,2024-04-24
EMP0940-20260913_210742,Nathan,Gray,jessicalambert@example.com,1974-04-12,0115 4960297,"Flat 02N
Barker Route
Harrisonborough
M4C 1FP",Male,Northshire University Hospitals NHS Trust,Asian,China,Skilled Worker,Admin,Medical Secretary,Surgery & Cancer,4,18.85,2022-09-05,2022-10-03,15.0,0.4,None,Bank,On Leave,JK727704,2028-06-01,CR777581,2028-07-26,2027-07-12,2022-09-26
EMP0941-20260913_210742,Sam,Parsons,marilyn23@example.net,1972-11-06,(0131) 496 0866,"Flat 8
Davis Gardens
Port Denniston
RM58 8BP",Male,Bluewater Community & Rehabilitation NHS Trust,Mixed,New Zealand,ILR,Nursing,Staff Nurse,Women & Children,5,20.29,2023-05-20,2023-06-17,30.0,0.8,NMC,Permanent,On Leave,DY381710,2031-07-22,SM919251,2029-03-06,2027-04-23,2023-06-10
EMP0942-20260913_210742,Jane,Baker,leslieclark@example.net,2007-02-07,+44(0)121 496 0627,"8 Samantha Lodge
Glentown
DT72 3TX",Male,Southgate Community & Mental Health NHS Trust,Asian,Thailand,Skilled Worker,AHP,Occupational Therapist,Clinical Support Services,6,24.58,2018-05-10,2018-06-07,30.0,0.8,NMC,Permanent,Suspended,LJ707697,2029-09-29,BY660835,2029-04-12,2026-11-19,2018-05-31
EMP0943-20260913_210742,Conor,Jones,leslie59@example.org,1966-02-20,01154960512,"66 Cheryl Court
Beverleyshire
TR9W 3GX",Male,Lakeside District Hospitals NHS Trust,Mixed,Japan,Dependent,Nursing,Healthcare Assistant,Medicine & Acute Care,2,13.4,2019-11-19,2019-12-24,30.0,0.8,NMC,Bank,Suspended,JZ032315,2030-11-25,VC121880,2030-03-26,2026-12-25,2019-12-10
EMP0944-20260913_210742,Leonard,Taylor,henry87@example.org,1991-10-22,0115 496 0353,"95 Rogers Brook
Fullershire
B9H 7PD",Female,Southvale Hospitals NHS Trust,Black,Jamaica,ILR,Admin,Medical Secretary,Women & Children,4,15.72,2019-12-29,2020-02-09,37.5,1.0,GMC,Permanent,Active,EF466459,2030-12-20,KD676432,2028-04-18,2026-09-21,2020-01-19
EMP0945-20260913_210742,Holly,Williams,maria65@example.com,1976-09-05,+44161 4960845,"Studio 56D
Law Turnpike
Hillstad
SO3Y 9BY",Female,Northwood Mental Health NHS Trust,White,Canada,Dependent,Admin,Data Analyst,Emergency & Urgent Care,8A,31.57,2022-10-06,2022-11-10,20.0,0.53,GMC,Fixed Term,Suspended,DH721925,2026-10-09,EX555057,2026-12-17,2027-08-24,2022-10-27
EMP0946-20260913_210742,Elliot,Hughes,xwright@example.net,1967-09-03,(0115) 496 0616,"4 Kate Squares
Joelfurt
AL7 2UL",Female,Horizon Integrated Health Partnership NHS Trust,White,United Kingdom,Dependent,Medical,FY1/FY2,Surgery & Cancer,FY1,21.0,2018-07-12,2018-08-09,20.0,0.53,HCPC,Permanent,Active,NW884468,2027-07-07,RH644941,2028-04-05,2027-08-07,2018-08-02
EMP0947-20260913_210742,Yvonne,Watson,grahamcarroll@example.com,1990-07-04,01154960898,"Studio 9
Fox Cliffs
Wardburgh
LL9Y 6YF",Male,Southvale Hospitals NHS Trust,Mixed,India,Skilled Worker,Medical,Registrar,Corporate Services,SPR,34.84,2020-12-10,2021-01-21,20.0,0.53,None,Permanent,Inactive,PD333663,2030-07-23,JT157947,2028-05-01,2026-12-02,2020-12-31
EMP0948-20260913_210742,Hollie,Jones,vgardner@example.org,2008-06-01,0121 4960115,"Flat 3
Marian Estates
Cooperport
MK92 8UQ",Female,Broadfield Clinical Services NHS Trust,White,United Kingdom,Dependent,AHP,Pharmacist,Medicine & Acute Care,5,19.26,2021-06-11,2021-07-09,15.0,0.4,None,Permanent,On Leave,KT605470,2028-03-16,DO188918,2029-06-03,2027-08-04,2021-07-02
EMP0949-20260913_210742,Melissa,Saunders,hannah93@example.org,1966-06-22,(0161) 496 0067,"020 Jones Extension
Butlerview
G07 3AU",Female,Greenhaven Acute & Specialist Care NHS Trust,White,United Kingdom,ILR,Nursing,Healthcare Assistant,Surgery & Cancer,2,12.76,2024-02-10,2024-03-09,15.0,0.4,None,Bank,Suspended,QH910549,2028-07-29,MK801845,2029-02-06,2027-01-23,2024-03-02
EMP0950-20260913_210742,Gavin,Thornton,cunninghammartin@example.org,2003-04-19,+44289018883,"Studio 96
Barry Union
Vanessabury
RM83 9BB",Female,Oakridge Community Services NHS Trust,White,United Kingdom,ILR,Medical,Consultant,Clinical Support Services,CONS,61.45,2025-02-17,2025-03-17,20.0,0.53,GMC,Permanent,On Leave,PZ033299,2029-10-09,XG572615,2029-03-29,2027-04-28,2025-03-10
EMP0951-20260913_210742,Frances,Potts,charles33@example.com,1980-08-21,+441184960056,"Studio 46
Martyn Lakes
Turnerburgh
G40 4FS",Female,Riverbank General Hospitals NHS Trust,Asian,India,British Citizen,Medical,GP,Medicine & Acute Care,GP,54.0,2024-01-16,2024-02-20,18.75,0.5,NMC,Fixed Term,Active,JN460438,2027-09-22,HL299687,2028-03-23,2026-12-06,2024-02-06
EMP0952-20260913_210742,Rosemary,Hodgson,patrickholmes@example.net,2002-12-16,(0151)4960296,"Studio 3
Osborne Pine
New Simon
E1 0BA",Female,Oakridge Community Services NHS Trust,Black,Ghana,Dependent,Admin,Receptionist,Critical Care & Anaesthesia,3,15.67,2024-06-18,2024-07-16,15.0,0.4,HCPC,Permanent,Active,JG762283,2027-06-22,GF322716,2030-05-19,2026-09-16,2024-07-09
EMP0953-20260913_210742,Stuart,Edwards,carolynedwards@example.com,1984-05-11,+44(0)113 4960541,"Flat 3
Scott Hill
New Jayborough
W23 5BU",Male,Southvale Hospitals NHS Trust,Mixed,United States,Dependent,Nursing,Healthcare Assistant,Critical Care & Anaesthesia,2,12.67,2023-08-16,2023-09-27,37.5,1.0,HCPC,Bank,On Leave,LR608764,2028-01-05,QG786481,2028-07-10,2027-06-04,2023-09-06
EMP0954-20260913_210742,Stephanie,Little,tcarter@example.net,1961-09-14,+44(0)29 2018 0091,"Flat 01
Barry Row
North Michael
L9G 5AF",Female,Southgate Community & Mental Health NHS Trust,Mixed,Thailand,Dependent,Nursing,Ward Manager,Medicine & Acute Care,8A,33.0,2026-01-13,2026-02-17,18.75,0.5,NMC,Bank,On Leave,FL344009,2031-07-17,FQ082089,2028-03-22,2027-07-31,2026-02-03
EMP0955-20260913_210742,Ross,Turner,westrichard@example.org,2005-11-18,+44(0)1154960217,"2 Watkins Drive
Palmermouth
SP8B 4AD",Female,Broadfield Clinical Services NHS Trust,White,Australia,ILR,Medical,Consultant,Clinical Support Services,CONS,68.26,2021-03-01,2021-04-12,30.0,0.8,None,Bank,Inactive,ZS920546,2027-10-28,FE044463,2027-10-18,2026-11-01,2021-03-22
EMP0956-20260913_210742,Gareth,May,elaine26@example.com,1989-05-04,(020) 7496 0366,"Studio 70K
Lauren Rest
Kieranmouth
KW91 7TX",Male,Westmere Community Health NHS Trust,Asian,Japan,British Citizen,Admin,Administrator,Clinical Support Services,3,15.57,2026-04-12,2026-05-10,15.0,0.4,None,Permanent,On Leave,HG236054,2028-11-28,ZZ306894,2027-09-22,2027-07-05,2026-05-03
EMP0957-20260913_210742,Andrew,Price,naomi33@example.org,1992-09-17,029 2018056,"5 Carol Bridge
Mandyfort
M66 3TD",Male,Westmere Community Health NHS Trust,Mixed,United Kingdom,Skilled Worker,Medical,FY1/FY2,Emergency & Urgent Care,FY1,19.18,2017-02-21,2017-04-04,20.0,0.53,NMC,Bank,Active,HK300159,2030-10-20,MG956687,2031-02-14,2027-01-17,2017-03-14
EMP0958-20260913_210742,Stewart,Stephenson,kirsty10@example.org,1976-05-31,(0151) 4960822,"Studio 00O
Gerald Island
Mooreport
RH1 5JE",Female,Southvale Hospitals NHS Trust,Asian,Japan,Dependent,Medical,Registrar,Critical Care & Anaesthesia,SPR,40.25,2019-12-17,2020-01-21,37.5,1.0,HCPC,Fixed Term,Inactive,AM695934,2027-05-25,EZ045304,2026-10-16,2027-08-03,2020-01-07
EMP0959-20260913_210742,Josephine,Barker,sandra34@example.com,2002-01-19,(0117) 4960179,"5 Vaughan Extension
Leighstad
S3G 4ZA",Female,Southgate Community & Mental Health NHS Trust,Asian,Thailand,ILR,Medical,GP,Critical Care & Anaesthesia,GP,55.98,2016-09-17,2016-10-22,18.75,0.5,HCPC,Bank,On Leave,VY191535,2028-11-30,XQ621722,2031-03-05,2027-08-11,2016-10-08
EMP0960-20260913_210742,Tracy,Baker,hleonard@example.net,2004-09-29,+44115 496 0311,"602 Lee Port
New Amy
B8 9UZ",Female,Southgate Community & Mental Health NHS Trust,Black,Kenya,ILR,Nursing,Charge Nurse,Critical Care & Anaesthesia,7,33.04,2024-01-28,2024-03-03,37.5,1.0,GMC,Fixed Term,Inactive,XD137927,2027-05-16,RO806239,2031-01-29,2026-11-24,2024-02-18
EMP0961-20260913_210742,Marion,Brookes,georgina03@example.net,2003-01-18,(0306)9990757,"Flat 4
Elizabeth Prairie
West Marilyn
GY4 6XG",Male,Eastmoor Teaching Hospitals NHS Trust,Asian,Japan,Skilled Worker,Medical,SHO,Critical Care & Anaesthesia,SHO,25.65,2022-10-16,2022-11-13,30.0,0.8,HCPC,Fixed Term,Inactive,DO420997,2028-09-24,XM044829,2030-11-11,2027-04-04,2022-11-06
EMP0962-20260913_210742,Donald,Dyer,elizabethhiggins@example.com,1978-01-26,01414960431,"677 Jemma Throughway
East Antonyport
G0 0NR",Male,Oakridge Community Services NHS Trust,Mixed,Australia,Skilled Worker,Admin,Data Analyst,Emergency & Urgent Care,8A,34.25,2024-08-19,2024-09-23,37.5,1.0,None,Permanent,Active,WJ747991,2026-12-28,SY382266,2028-03-07,2026-12-24,2024-09-09
EMP0963-20260913_210742,Frederick,Smith,mohammadpower@example.com,1961-01-07,(0151) 4960496,"289 Berry Radial
West Alicefurt
RH46 7DU",Male,Horizon Integrated Health Partnership NHS Trust,Asian,India,ILR,Medical,GP,Emergency & Urgent Care,GP,54.46,2024-07-04,2024-08-15,20.0,0.53,GMC,Bank,Inactive,QU378763,2026-10-05,SX394925,2029-12-19,2027-07-09,2024-07-25
EMP0964-20260913_210742,Roy,Little,barnettmary@example.com,1970-01-08,+441154960903,"Flat 9
Ellis Parkways
Mitchellport
B5 9LH",Male,Westborough Acute Care NHS Trust,White,Canada,British Citizen,Admin,Data Analyst,Emergency & Urgent Care,8A,33.08,2024-09-20,2024-10-18,15.0,0.4,None,Fixed Term,On Leave,IU302776,2031-02-09,PV571424,2030-12-20,2027-09-03,2024-10-11
EMP0965-20260913_210742,Tom,Holmes,brownkenneth@example.com,2001-11-26,(0121) 4960740,"17 Robson Creek
Bullside
NN8V 3SN",Female,Northwood Mental Health NHS Trust,Black,South Africa,Skilled Worker,AHP,Physiotherapist,Corporate Services,6,23.37,2021-04-23,2021-06-04,37.5,1.0,GMC,Fixed Term,Active,EW684666,2030-11-29,JQ316513,2028-12-09,2027-04-08,2021-05-14
EMP0966-20260913_210742,Denise,Gray,christian59@example.com,1996-12-17,+44(0)1164960026,"Flat 95
Bird Turnpike
West Jennifer
BH1 1FJ",Female,Midlands Central Hospitals NHS Trust,White,Australia,Skilled Worker,Nursing,Senior Staff Nurse,Women & Children,6,26.32,2025-09-03,2025-10-01,20.0,0.53,NMC,Permanent,Inactive,UG949400,2028-04-04,OC962415,2027-01-22,2026-10-30,2025-09-24
EMP0967-20260913_210742,Grace,Hayes,emilyshaw@example.com,1984-09-05,+44(0)1174960510,"6 Laura Parkway
Jonesstad
M3 3LP",Male,Midlands Central Hospitals NHS Trust,White,Australia,Skilled Worker,Nursing,Senior Staff Nurse,Emergency & Urgent Care,6,26.03,2025-09-01,2025-10-13,37.5,1.0,NMC,Permanent,On Leave,CG768794,2027-04-03,JT479665,2030-09-01,2027-03-16,2025-09-22
EMP0968-20260913_210742,Anne,Burke,tlucas@example.com,2008-01-29,+44(0)9098790300,"Studio 92W
Carolyn Dam
Rowechester
E8 2QP",Female,Horizon Integrated Health Partnership NHS Trust,Mixed,Kenya,Dependent,Nursing,Nursery Nurse,Corporate Services,2,13.3,2019-09-07,2019-10-05,30.0,0.8,None,Fixed Term,Active,KW361872,2031-07-15,KY254530,2027-12-14,2027-09-06,2019-09-28
EMP0969-20260913_210742,Katy,Chapman,scottsamuel@example.org,1965-04-08,+44(0)289018517,"Flat 3
Simmons Path
South Ruth
W59 6ET",Female,Oakridge Community Services NHS Trust,Black,Nigeria,ILR,AHP,Physiotherapist,Corporate Services,6,23.29,2021-01-26,2021-02-23,15.0,0.4,None,Bank,Inactive,HZ761267,2029-09-25,SU884376,2031-04-06,2027-06-12,2021-02-16
EMP0970-20260913_210742,Katy,Cooper,pageangela@example.net,1963-05-08,+4420 7496 0302,"57 Burton Stream
West Iainside
E5 4ES",Female,Midlands Central Hospitals NHS Trust,White,Canada,British Citizen,AHP,Pharmacist,Clinical Support Services,5,22.04,2021-12-14,2022-01-18,37.5,1.0,GMC,Fixed Term,Suspended,HC166248,2030-08-23,GE882077,2030-07-13,2027-06-09,2022-01-04
EMP0971-20260913_210742,Lauren,Richards,samanthafoster@example.com,2006-03-29,01632 960093,"3 Winter Cliffs
North Natalie
CF5V 7PU",Male,Bluewater Community & Rehabilitation NHS Trust,Black,Barbados,Skilled Worker,Admin,Medical Secretary,Surgery & Cancer,4,17.85,2024-08-25,2024-09-22,18.75,0.5,GMC,Permanent,On Leave,TW002860,2029-06-18,HI688214,2029-08-22,2027-06-13,2024-09-15
EMP0972-20260913_210742,Hugh,Barnett,deborahknight@example.org,1974-05-20,0113 4960691,"Studio 04G
Harris Flats
West Mollystad
G93 2LH",Male,Bluewater Community & Rehabilitation NHS Trust,Asian,Thailand,Dependent,Nursing,Charge Nurse,Medicine & Acute Care,7,32.26,2022-06-07,2022-07-19,18.75,0.5,None,Fixed Term,Active,WW653410,2030-11-18,HP351251,2028-02-28,2026-10-23,2022-06-28
EMP0973-20260913_210742,Terence,Reynolds,fionamartin@example.org,1998-05-08,+44(0)114 496 0457,"776 Billy Brook
Port Terry
CH12 3UP",Male,Eastmoor Teaching Hospitals NHS Trust,Black,South Africa,Skilled Worker,Medical,Consultant,Surgery & Cancer,CONS,71.37,2024-10-25,2024-12-06,18.75,0.5,None,Permanent,On Leave,EZ794749,2027-01-16,GW085846,2026-12-08,2027-08-06,2024-11-15
EMP0974-20260913_210742,Pauline,Kemp,kevin48@example.com,1965-12-30,+44114 4960633,"Flat 73
Emma Lock
Tomville
S5 7BW",Female,Midlands Central Hospitals NHS Trust,Black,Barbados,British Citizen,AHP,Radiographer,Women & Children,6,23.01,2017-08-09,2017-09-06,15.0,0.4,GMC,Bank,Suspended,RN793424,2027-08-16,AV442890,2028-12-13,2026-10-04,2017-08-30
EMP0975-20260913_210742,Mitchell,Gardner,roger40@example.net,1992-05-03,+44808 157 0348,"Flat 53P
Brandon Shoals
Port Lesleytown
N01 7SU",Male,Riverbank General Hospitals NHS Trust,Mixed,Canada,British Citizen,AHP,Radiographer,Clinical Support Services,6,26.1,2025-04-08,2025-05-06,37.5,1.0,None,Permanent,Suspended,WI587820,2030-04-10,QP280755,2027-10-17,2027-08-17,2025-04-29
EMP0976-20260913_210742,Jenna,Norton,burrowsdorothy@example.com,1978-07-13,+44161 496 0482,"914 Tracey Point
North Beverleyland
M3B 7HJ",Female,Riverside Integrated Care NHS Trust,Asian,China,Dependent,Admin,Data Analyst,Medicine & Acute Care,8A,34.94,2023-12-20,2024-01-31,30.0,0.8,None,Bank,On Leave,OV835468,2029-07-09,YO025711,2030-01-27,2026-10-19,2024-01-10
EMP0977-20260913_210742,Rachael,Smith,stephenscharlotte@example.org,2006-04-09,(0117) 496 0006,"Studio 5
Stewart Ramp
Port Amy
OX5B 2YG",Male,Lakeside District Hospitals NHS Trust,Asian,China,ILR,Medical,GP,Corporate Services,GP,48.28,2025-03-17,2025-04-21,30.0,0.8,None,Fixed Term,Inactive,XP453662,2030-11-11,IS088262,2031-07-01,2027-03-23,2025-04-07
EMP0978-20260913_210742,Frances,Williams,nbegum@example.com,1994-10-15,(0118) 4960603,"77 Pamela Streets
Port Sian
S6J 7YP",Female,Southgate Community & Mental Health NHS Trust,White,Canada,British Citizen,Medical,FY1/FY2,Critical Care & Anaesthesia,FY1,19.8,2021-04-29,2021-05-27,30.0,0.8,HCPC,Fixed Term,On Leave,TF541373,2027-07-29,HO654374,2030-01-27,2027-06-05,2021-05-20
EMP0979-20260913_210742,Tracy,Hodgson,bpayne@example.com,1974-12-11,01144960262,"4 Adams Avenue
Brownchester
SA2H 0PN",Male,Eastfield Psychological Services NHS Trust,White,Canada,ILR,AHP,Occupational Therapist,Emergency & Urgent Care,6,26.73,2019-08-08,2019-09-05,30.0,0.8,None,Bank,Suspended,GF614818,2029-11-18,TL650418,2027-10-02,2027-03-17,2019-08-29
EMP0980-20260913_210742,Bethan,Fox,baileyelliott@example.net,1997-05-28,+44(0)113 496 0902,"Flat 52
Collins Squares
Turnbullfort
L4U 4RU",Male,Broadfield Clinical Services NHS Trust,Mixed,South Africa,Skilled Worker,Nursing,Ward Manager,Clinical Support Services,8A,32.27,2025-08-22,2025-09-26,20.0,0.53,GMC,Bank,On Leave,VC415502,2028-06-28,BX651871,2028-01-12,2027-03-06,2025-09-12
EMP0981-20260913_210742,Graeme,White,yatesrachel@example.net,1977-07-08,(0121) 496 0574,"8 Denise Terrace
Barbaratown
HD7X 0HN",Male,Northwood Mental Health NHS Trust,White,Australia,British Citizen,Admin,Medical Secretary,Medicine & Acute Care,4,18.67,2020-10-29,2020-11-26,18.75,0.5,NMC,Bank,Suspended,MZ471540,2027-11-29,CS695373,2031-06-10,2027-02-18,2020-11-19
EMP0982-20260913_210742,Lee,Brown,bartlettkaren@example.org,1961-12-14,+4420 74960253,"Studio 2
Owens Square
Fordbury
PR54 2UP",Male,Westmere Community Health NHS Trust,Black,Kenya,British Citizen,AHP,Speech Therapist,Surgery & Cancer,6,23.19,2017-02-12,2017-03-19,30.0,0.8,GMC,Fixed Term,Inactive,KP271858,2028-01-06,UX335547,2030-09-09,2027-07-24,2017-03-05
EMP0983-20260913_210742,Shannon,Price,kharrison@example.net,1979-09-29,+44(0)1632 960 288,"Flat 39t
Jasmine Coves
Payneberg
G93 2YP",Male,Northwood Mental Health NHS Trust,Asian,Japan,British Citizen,Medical,GP,Women & Children,GP,52.23,2023-01-04,2023-02-15,30.0,0.8,GMC,Fixed Term,Suspended,LC981646,2027-10-11,PT375222,2029-12-16,2027-04-12,2023-01-25
EMP0984-20260913_210742,Dale,Perry,lanekeith@example.org,1998-02-16,+442074960985,"Studio 86G
Rowley Glen
Port Patrick
G57 7LH",Female,Greenhaven Acute & Specialist Care NHS Trust,Mixed,Thailand,ILR,Admin,Medical Secretary,Surgery & Cancer,4,15.6,2024-08-26,2024-09-23,15.0,0.4,None,Fixed Term,Suspended,ST923929,2028-04-14,FG666869,2030-02-10,2027-02-26,2024-09-16
EMP0985-20260913_210742,Amelia,Jones,bdouglas@example.net,1999-08-25,0131 4960315,"Flat 59l
Vaughan Heights
Wattsborough
EN2 3DF",Female,Meadowbrook Community Health NHS Trust,Asian,India,British Citizen,Admin,Receptionist,Corporate Services,3,13.67,2021-01-31,2021-03-07,18.75,0.5,HCPC,Permanent,Suspended,CT274870,2030-04-20,IT783170,2028-02-29,2027-07-27,2021-02-21
EMP0986-20260913_210742,Shane,Shah,grace73@example.net,1971-08-26,0808 157 0463,"Studio 4
Lowe Field
Port Danielle
EN5 8XE",Female,Riverbank General Hospitals NHS Trust,Black,Trinidad and Tobago,ILR,Admin,Data Analyst,Surgery & Cancer,8A,31.86,2024-02-06,2024-03-12,30.0,0.8,HCPC,Permanent,Inactive,QW160079,2030-05-15,KC422563,2028-08-27,2027-05-03,2024-02-27
EMP0987-20260913_210742,Rachel,Anderson,robinsonsharon@example.com,1979-05-25,(0131) 4960548,"Flat 8
Rebecca Rest
Lake Roystad
CA3A 8XL",Female,Westborough Acute Care NHS Trust,Asian,Japan,Skilled Worker,Nursing,Nursery Nurse,Women & Children,2,14.07,2020-08-21,2020-10-02,30.0,0.8,None,Permanent,Active,QA600599,2029-11-09,XY742958,2028-10-04,2027-03-11,2020-09-11
EMP0988-20260913_210742,Andrew,Brown,foxchristian@example.com,1976-05-13,(01632) 960323,"638 Freeman Wells
Dunnshire
TF2 9LB",Female,Westborough Acute Care NHS Trust,White,Canada,Dependent,Medical,SHO,Critical Care & Anaesthesia,SHO,25.81,2020-05-31,2020-07-05,18.75,0.5,GMC,Bank,Inactive,CV012947,2029-02-07,KM741999,2027-06-03,2027-04-26,2020-06-21
EMP0989-20260913_210742,Oliver,Bradley,goughgeraldine@example.com,2006-08-22,+44289018345,"23 Gary Mountain
Baileytown
BL33 2QJ",Female,Northwood Mental Health NHS Trust,Black,Barbados,British Citizen,Admin,Receptionist,Corporate Services,3,14.04,2017-09-11,2017-10-23,30.0,0.8,NMC,Permanent,Inactive,DX595231,2029-12-28,FY804535,2029-02-19,2026-10-19,2017-10-02
EMP0990-20260913_210742,Anthony,Morgan,hartleyhenry@example.net,1977-06-14,028 9018 0759,"1 June Fall
Port Duncan
AB5 6BD",Male,Riverbank General Hospitals NHS Trust,Mixed,South Africa,British Citizen,Nursing,Ward Manager,Medicine & Acute Care,8A,28.41,2023-07-07,2023-08-18,30.0,0.8,NMC,Permanent,On Leave,QG531950,2029-04-07,US510670,2029-03-21,2026-10-23,2023-07-28
EMP0991-20260913_210742,Gavin,Williams,ubray@example.org,1986-11-18,+44306 999 0402,"8 Taylor Coves
Abdulton
N5 4NL",Female,Horizon Integrated Health Partnership NHS Trust,White,Australia,British Citizen,Nursing,Healthcare Assistant,Emergency & Urgent Care,2,12.44,2025-12-12,2026-01-23,30.0,0.8,HCPC,Fixed Term,Active,UU452441,2027-09-29,DQ624548,2029-03-03,2026-12-06,2026-01-02
EMP0992-20260913_210742,Pamela,Hughes,nlynch@example.net,1972-12-28,0289018168,"105 Taylor Forest
Lewisfurt
N36 1WP",Male,Hillcrest Medical Centres NHS Trust,White,Canada,Dependent,Admin,Medical Secretary,Corporate Services,4,19.13,2021-04-23,2021-05-28,37.5,1.0,NMC,Fixed Term,On Leave,AL401320,2029-03-11,EU334104,2027-05-20,2026-12-05,2021-05-14
EMP0993-20260913_210742,Charlene,Brown,anna50@example.org,1977-03-29,+44114 496 0310,"38 Luke Shoal
South Michael
L5E 9ND",Male,Broadfield Clinical Services NHS Trust,Mixed,Trinidad and Tobago,Dependent,Nursing,Ward Manager,Clinical Support Services,8A,30.79,2019-03-19,2019-04-16,20.0,0.53,NMC,Permanent,Active,GV201678,2028-08-27,UO395776,2028-05-18,2026-10-19,2019-04-09
EMP0994-20260913_210742,Oliver,Pearson,joannaedwards@example.com,1992-04-11,+441214960997,"2 Kelly Drive
Port Hollie
W1A 3XZ",Male,Riverside Integrated Care NHS Trust,White,Australia,ILR,Nursing,Nursery Nurse,Emergency & Urgent Care,2,13.01,2023-11-12,2023-12-17,20.0,0.53,HCPC,Bank,On Leave,XS669374,2031-07-22,XU524204,2026-11-29,2026-09-29,2023-12-03
EMP0995-20260913_210742,Craig,Rees,maureenhunt@example.net,1987-06-29,+44(0)1154960130,"99 Conway Causeway
North Royview
W6 7PP",Female,Lakeside District Hospitals NHS Trust,Asian,China,British Citizen,Medical,GP,Critical Care & Anaesthesia,GP,48.19,2026-02-04,2026-03-04,18.75,0.5,GMC,Bank,Active,KI615194,2026-10-27,AA027769,2028-03-23,2027-07-08,2026-02-25
EMP0996-20260913_210742,Sylvia,Edwards,batesashley@example.com,1971-07-13,+44121 496 0777,"75 Allan Wall
East Kimberley
G6 0YJ",Male,Eastmoor Teaching Hospitals NHS Trust,Black,Ghana,Skilled Worker,Medical,Registrar,Corporate Services,SPR,35.4,2025-09-07,2025-10-19,20.0,0.53,HCPC,Fixed Term,Inactive,BR984466,2026-11-28,MF054279,2030-02-22,2027-05-23,2025-09-28
EMP0997-20260913_210742,Barbara,Hawkins,juliakent@example.com,2007-01-28,(0306) 999 0062,"Studio 06
Smith Inlet
North Luke
OX1 6WY",Female,Eastmoor Teaching Hospitals NHS Trust,Asian,Japan,ILR,Nursing,Nursery Nurse,Emergency & Urgent Care,2,12.63,2023-12-01,2024-01-12,30.0,0.8,HCPC,Permanent,Inactive,TG291448,2026-11-13,SJ005333,2028-11-09,2026-10-24,2023-12-22
EMP0998-20260913_210742,Kieran,Dickinson,ejohnston@example.org,1967-07-01,+44808 1570752,"9 Georgina Via
Lynnland
PL0V 5UB",Male,Bluewater Community & Rehabilitation NHS Trust,Asian,Thailand,Skilled Worker,Admin,Data Analyst,Critical Care & Anaesthesia,8A,28.38,2020-12-11,2021-01-15,18.75,0.5,HCPC,Permanent,Active,FK633863,2030-11-06,KM133346,2030-06-28,2027-06-13,2021-01-01
EMP0999-20260913_210742,Joshua,Hall,tmorrison@example.org,1988-02-08,0161 496 0049,"Flat 42
Robinson Square
Stevensborough
ML4 7DB",Male,Eastfield Psychological Services NHS Trust,White,United Kingdom,Dependent,Admin,Medical Secretary,Clinical Support Services,4,19.39,2022-03-09,2022-04-06,20.0,0.53,HCPC,Permanent,Active,CI595294,2029-06-17,GE266256,2030-03-25,2026-09-25,2022-03-30
EMP1000-20260913_210742,Leanne,Hobbs,amywhite@example.org,1979-05-17,+44118 4960568,"30 Williams Place
West Joshua
SS3X 2UG",Female,Horizon Integrated Health Partnership NHS Trust,Mixed,South Africa,Skilled Worker,AHP,Physiologist,Critical Care & Anaesthesia,6,26.37,2024-12-10,2025-01-21,30.0,0.8,None,Fixed Term,Active,AC561164,2031-07-05,YS123200,2027-12-11,2026-10-03,2024-12-31
EMP1001-20260913_210742,Ross,Miah,byrnemalcolm@example.org,1981-02-02,(0115) 496 0624,"Flat 2
Mary Tunnel
West Lesleybury
L4H 4ZY",Male,Southgate Community & Mental Health NHS Trust,Black,South Africa,Skilled Worker,Medical,SHO,Emergency & Urgent Care,SHO,27.61,2018-04-10,2018-05-08,15.0,0.4,HCPC,Permanent,Inactive,FF822111,2029-10-25,NR735798,2027-05-06,2027-09-01,2018-05-01
EMP1002-20260913_210742,Hayley,Hancock,georginaevans@example.com,1986-08-13,+44115 496 0806,"Studio 48
Coates Shoals
West Grace
RH8Y 2GS",Male,Greenhaven Acute & Specialist Care NHS Trust,Black,Ghana,Skilled Worker,AHP,Occupational Therapist,Critical Care & Anaesthesia,6,27.98,2023-01-07,2023-02-04,30.0,0.8,None,Bank,Active,GC154249,2030-12-16,CX357939,2028-05-20,2026-09-13,2023-01-28
EMP1003-20260913_210742,Andrea,Collins,geraldine29@example.net,1990-06-28,+44(0)151 4960391,"258 West Wells
Jessicastad
SL9 3EU",Male,Broadfield Clinical Services NHS Trust,Black,Barbados,Skilled Worker,Admin,Data Analyst,Medicine & Acute Care,8A,33.7,2016-09-15,2016-10-27,30.0,0.8,GMC,Permanent,Inactive,SO989393,2028-08-12,JV120546,2031-01-16,2027-07-22,2016-10-06
EMP1004-20260913_210742,Martin,Turner,russellmetcalfe@example.org,1977-09-13,+441632 960 252,"60 Griffiths Squares
West Leslie
B2 8BW",Male,Horizon Integrated Health Partnership NHS Trust,White,Canada,British Citizen,Medical,Registrar,Women & Children,SPR,36.62,2017-12-13,2018-01-10,30.0,0.8,GMC,Bank,Suspended,IR571701,2027-10-21,DK781098,2027-03-15,2027-09-04,2018-01-03
EMP1005-20260913_210742,Leslie,Stevens,davieslynn@example.com,2005-08-28,(0141)4960864,"Studio 7
Kate Corner
South Peter
S1 0XS",Male,Riverbank General Hospitals NHS Trust,White,United States,ILR,Medical,Registrar,Critical Care & Anaesthesia,SPR,37.91,2018-12-03,2018-12-31,37.5,1.0,NMC,Fixed Term,On Leave,TQ407037,2028-08-05,KO911442,2030-05-15,2027-06-01,2018-12-24
EMP1006-20260913_210742,Geraldine,Miah,chapmancheryl@example.com,1997-02-01,+44121 4960401,"690 Hope Green
Evansmouth
W44 4RJ",Female,Northwood Mental Health NHS Trust,Mixed,United States,ILR,Admin,Medical Secretary,Women & Children,4,18.73,2023-08-20,2023-09-24,20.0,0.53,None,Permanent,Active,WT265500,2029-09-06,IW078768,2028-09-10,2027-03-22,2023-09-10
EMP1007-20260913_210742,Mandy,Brown,frank59@example.com,1965-03-21,(0909) 8790658,"5 Morley Forest
East Judith
SM0M 1PA",Male,Westborough Acute Care NHS Trust,Black,Nigeria,Skilled Worker,Admin,Medical Secretary,Medicine & Acute Care,4,16.03,2026-02-04,2026-03-18,15.0,0.4,None,Permanent,Inactive,ZR522585,2030-09-20,IC965512,2030-02-19,2027-04-22,2026-02-25
EMP1008-20260913_210742,Philip,Williams,beverley84@example.com,1965-08-17,(0113) 496 0902,"Studio 94i
Turner Stream
Lake Naomichester
N5 0RY",Female,Meadowbrook Community Health NHS Trust,Black,Barbados,ILR,AHP,Speech Therapist,Women & Children,6,23.82,2019-03-18,2019-04-29,18.75,0.5,HCPC,Permanent,On Leave,MW688381,2028-01-26,FQ858259,2026-10-09,2027-02-22,2019-04-08
EMP1009-20260913_210742,Lindsey,Ward,vcooke@example.net,1963-12-20,+44(0)909 8790634,"Studio 86
Kim Islands
Patrickfurt
E3C 0XY",Female,Westmere Community Health NHS Trust,Black,Trinidad and Tobago,British Citizen,AHP,Speech Therapist,Medicine & Acute Care,6,27.2,2024-12-05,2025-01-02,15.0,0.4,None,Bank,Inactive,XF722976,2030-08-25,LL553221,2027-09-28,2026-09-20,2024-12-26
EMP1010-20260913_210742,John,Cole,walkerstuart@example.com,1961-03-29,+4428 9018 0590,"Flat 42
Caroline Passage
East Joeton
BT68 3PP",Female,Bluewater Community & Rehabilitation NHS Trust,Mixed,Thailand,ILR,AHP,Pharmacist,Emergency & Urgent Care,5,20.52,2023-01-30,2023-02-27,37.5,1.0,None,Permanent,Active,HG087574,2030-05-14,ZL689206,2026-12-21,2027-08-07,2023-02-20
EMP1011-20260913_210742,Ricky,Foster,evansterry@example.org,1963-01-11,+44(0)808 157 0626,"7 Williams Isle
Port Tobyville
N10 7DR",Male,Eastfield Psychological Services NHS Trust,Mixed,Kenya,British Citizen,Nursing,Staff Nurse,Medicine & Acute Care,5,19.45,2022-08-07,2022-09-18,18.75,0.5,HCPC,Permanent,Active,GL366844,2029-05-16,SK312911,2028-07-26,2027-08-04,2022-08-28
EMP1012-20260913_210742,Sian,Wood,hclark@example.net,1979-10-31,01314960470,"891 Pope Trail
Stanleyport
TR46 5ZX",Female,Lakeside District Hospitals NHS Trust,Mixed,Japan,ILR,AHP,Physiotherapist,Emergency & Urgent Care,6,24.06,2025-09-20,2025-11-01,30.0,0.8,GMC,Bank,Inactive,ZY050153,2026-12-20,EU998110,2030-09-05,2027-02-22,2025-10-11
EMP1013-20260913_210742,Clive,Berry,josh53@example.org,2004-12-18,01614960863,"70 Olivia Trace
North Sianmouth
DN71 9LZ",Female,Lakeside District Hospitals NHS Trust,Black,Nigeria,British Citizen,Admin,Administrator,Medicine & Acute Care,3,13.78,2019-08-02,2019-09-06,30.0,0.8,NMC,Fixed Term,On Leave,PH853562,2028-10-02,JK564305,2031-07-16,2027-08-04,2019-08-23
EMP1014-20260913_210742,Amanda,Perry,harrygreen@example.org,1968-12-10,+44(0)1144960736,"Studio 07X
Malcolm Fort
South Samantha
L9 0QL",Male,Riverside Integrated Care NHS Trust,Mixed,Jamaica,British Citizen,AHP,Physiotherapist,Clinical Support Services,6,25.86,2022-07-15,2022-08-19,30.0,0.8,GMC,Fixed Term,Suspended,KN375070,2027-06-16,QB745560,2028-11-20,2027-07-10,2022-08-05
EMP1015-20260913_210742,Caroline,Harrison,trobinson@example.org,1974-11-25,+44(0)191 4960435,"Studio 3
Robinson Cove
New Charles
B69 2XJ",Female,Oakridge Community Services NHS Trust,White,New Zealand,Skilled Worker,Nursing,Nursery Nurse,Corporate Services,2,13.87,2023-12-05,2024-01-02,18.75,0.5,None,Bank,Inactive,LW831601,2027-09-13,DY780264,2030-10-01,2027-07-26,2023-12-26
EMP1016-20260913_210742,Nicholas,Harvey,pdonnelly@example.com,1989-02-04,(029)2018120,"Flat 96N
Martin View
Hillville
L9 3PD",Male,Greenhaven Acute & Specialist Care NHS Trust,White,United Kingdom,Dependent,Medical,FY1/FY2,Corporate Services,FY1,18.75,2021-08-15,2021-09-26,30.0,0.8,None,Permanent,Inactive,XM999649,2027-07-10,XE524424,2029-03-08,2026-12-05,2021-09-05
EMP1017-20260913_210742,Jean,Cunningham,clarkharry@example.com,1984-12-17,0141 496 0028,"Flat 85
Parker Station
Carrmouth
HU2 3NE",Female,Northwood Mental Health NHS Trust,Black,Nigeria,Skilled Worker,AHP,Pharmacist,Surgery & Cancer,5,20.0,2021-01-30,2021-02-27,18.75,0.5,None,Permanent,Inactive,VA035901,2031-08-09,AD069086,2027-09-30,2026-11-07,2021-02-20
EMP1018-20260913_210742,Megan,Wilkinson,jake44@example.com,2000-05-06,(0114) 496 0002,"7 Edwards Expressway
West Bethhaven
W9 4JH",Male,Oakridge Community Services NHS Trust,Mixed,United States,Skilled Worker,Medical,GP,Emergency & Urgent Care,GP,60.32,2018-01-02,2018-02-06,37.5,1.0,None,Fixed Term,On Leave,SQ069673,2029-04-04,FZ788031,2028-12-14,2027-01-18,2018-01-23
EMP1019-20260913_210742,Norman,Young,csteele@example.net,1998-04-26,+441514960310,"9 Palmer Camp
Westport
SK91 0WA",Female,Riverbank General Hospitals NHS Trust,Mixed,Japan,ILR,Admin,Administrator,Corporate Services,3,15.93,2021-07-17,2021-08-14,18.75,0.5,GMC,Bank,Inactive,CS563494,2028-10-17,ED731609,2031-08-16,2027-02-19,2021-08-07
EMP1020-20260913_210742,Damien,Thompson,brettevans@example.net,1992-02-12,+44(0)28 9018 0575,"Flat 2
David Motorway
Smithmouth
HU0 9ZS",Female,Bluewater Community & Rehabilitation NHS Trust,White,Australia,British Citizen,Nursing,Nursery Nurse,Medicine & Acute Care,2,13.68,2016-12-25,2017-02-05,18.75,0.5,GMC,Fixed Term,Suspended,FQ495989,2030-09-26,CW613862,2030-09-01,2027-07-24,2017-01-15
EMP1021-20260913_210742,Ann,Graham,iwright@example.com,1963-10-04,028 9018479,"Flat 94
Baker Neck
North Antony
E33 9UB",Female,Riverbank General Hospitals NHS Trust,Black,Trinidad and Tobago,British Citizen,Nursing,Ward Manager,Emergency & Urgent Care,8A,30.81,2020-05-31,2020-06-28,30.0,0.8,None,Fixed Term,Inactive,PD924281,2031-06-13,CK155095,2029-05-29,2026-10-26,2020-06-21
EMP1022-20260913_210742,Nicola,Williams,elliottmegan@example.net,1962-02-10,(0118)4960780,"Flat 37N
Thompson Dale
Reeceland
CH9 6NX",Male,Westborough Acute Care NHS Trust,Mixed,India,ILR,Nursing,Staff Nurse,Surgery & Cancer,5,19.1,2021-11-17,2021-12-15,20.0,0.53,HCPC,Fixed Term,Suspended,LG741468,2031-02-10,BS083345,2029-09-09,2027-04-12,2021-12-08
EMP1023-20260913_210742,Jodie,Hyde,iain47@example.org,1965-08-19,+4429 2018994,"Flat 8
Nathan Falls
Natalieshire
N09 4EA",Male,Westborough Acute Care NHS Trust,White,Canada,Skilled Worker,Medical,FY1/FY2,Clinical Support Services,FY1,19.35,2021-10-06,2021-11-10,20.0,0.53,NMC,Bank,Active,CX125517,2028-11-08,AT225062,2030-02-05,2026-10-16,2021-10-27
EMP1024-20260913_210742,Jeffrey,Barker,irichards@example.org,1971-05-08,(0121) 496 0692,"092 White Dale
New Kyle
E8 8UT",Male,Northshire University Hospitals NHS Trust,Black,Trinidad and Tobago,ILR,Nursing,Ward Manager,Clinical Support Services,8A,29.59,2020-03-10,2020-04-14,20.0,0.53,NMC,Bank,Suspended,LD678459,2026-11-13,DQ774377,2027-09-29,2027-08-03,2020-03-31
EMP1025-20260913_210742,Alexander,White,heathermatthews@example.net,1996-05-03,+44131 4960362,"Flat 4
Williams Walks
Port Abdulmouth
BS0Y 3NP",Male,Broadfield Clinical Services NHS Trust,Mixed,Canada,British Citizen,AHP,Physiotherapist,Emergency & Urgent Care,6,26.25,2018-12-01,2019-01-12,20.0,0.53,GMC,Permanent,Suspended,NF300163,2027-09-07,AJ078673,2027-11-09,2026-09-16,2018-12-22
EMP1026-20260913_210742,Dylan,Morrison,debra99@example.com,1978-10-08,+44(0)909 879 0055,"Studio 37j
Davidson Circle
Megantown
L43 1PT",Male,Valleyview Mental Wellness NHS Trust,Asian,Japan,Dependent,Nursing,Staff Nurse,Emergency & Urgent Care,5,21.87,2021-05-10,2021-06-07,20.0,0.53,None,Fixed Term,On Leave,UO185734,2029-06-20,AI626958,2030-07-31,2026-12-11,2021-05-31
EMP1027-20260913_210742,Kieran,Mills,daysusan@example.com,1969-09-25,0151 4960167,"Studio 4
Julie View
New Aaron
TN5 5YL",Male,Riverside Integrated Care NHS Trust,Asian,India,Skilled Worker,Medical,Consultant,Emergency & Urgent Care,CONS,64.63,2022-01-21,2022-02-25,20.0,0.53,GMC,Permanent,On Leave,LQ740701,2026-11-28,OO487967,2031-05-09,2026-11-21,2022-02-11
EMP1028-20260913_210742,Irene,Hill,larmstrong@example.com,1965-08-13,+4429 2018 0716,"185 Smith Wall
Howemouth
BA2 3NA",Male,Riverside Integrated Care NHS Trust,White,Canada,ILR,Admin,Receptionist,Women & Children,3,15.95,2020-07-25,2020-08-29,20.0,0.53,NMC,Fixed Term,Suspended,UP424708,2030-04-25,BZ905708,2031-02-17,2027-01-21,2020-08-15
EMP1029-20260913_210742,Kevin,Fuller,swilkins@example.org,1962-11-20,+44131 496 0605,"853 Rachel Roads
Port Samanthatown
N5H 4GT",Male,Broadfield Clinical Services NHS Trust,Asian,Japan,ILR,AHP,Physiotherapist,Medicine & Acute Care,6,25.02,2018-06-17,2018-07-15,20.0,0.53,HCPC,Bank,Inactive,VA321531,2031-07-18,MM969309,2029-01-05,2027-04-16,2018-07-08
EMP1030-20260913_210742,Dorothy,Jones,dylanoneill@example.org,1971-10-06,(0114) 4960234,"4 Scott Manor
West Georgia
MK5 5SP",Female,Bluewater Community & Rehabilitation NHS Trust,White,Australia,ILR,Nursing,Staff Nurse,Medicine & Acute Care,5,20.59,2025-11-06,2025-12-11,20.0,0.53,None,Bank,On Leave,OT357585,2027-02-01,OA014821,2028-08-06,2027-04-03,2025-11-27
EMP1031-20260913_210742,Carole,Cook,frychristine@example.org,1976-06-04,+44(0)9098790004,"Flat 54
Georgina Tunnel
Hicksshire
G7E 1WH",Female,Midlands Central Hospitals NHS Trust,White,Canada,Dependent,AHP,Pharmacist,Corporate Services,5,20.94,2020-08-29,2020-10-03,37.5,1.0,GMC,Fixed Term,Inactive,JC559547,2031-07-05,MY320456,2028-11-20,2026-12-16,2020-09-19
EMP1032-20260913_210742,Mohamed,Quinn,elainegardner@example.com,1991-09-20,+44909 8790740,"281 Marian Estates
Walkerfurt
CH05 9HS",Male,Hillcrest Medical Centres NHS Trust,Mixed,United States,British Citizen,Admin,Receptionist,Emergency & Urgent Care,3,14.54,2025-01-15,2025-02-19,20.0,0.53,NMC,Fixed Term,Suspended,AT480841,2029-05-31,XS542187,2031-03-09,2027-04-07,2025-02-05
EMP1033-20260913_210742,Laura,Reed,mohamed47@example.com,1963-02-15,01632 960452,"9 Dennis Summit
Lake Malcolm
S10 9LZ",Female,Horizon Integrated Health Partnership NHS Trust,Asian,India,Dependent,Medical,FY1/FY2,Surgery & Cancer,FY1,18.74,2024-07-08,2024-08-19,30.0,0.8,GMC,Bank,Inactive,CG027193,2026-09-27,RV584885,2028-12-16,2026-10-11,2024-07-29
EMP1034-20260913_210742,Laura,Hopkins,katherine23@example.com,1994-12-20,+44161 496 0781,"3 Gail Hill
Port Mohammed
N3W 8LF",Female,Hillcrest Medical Centres NHS Trust,Mixed,New Zealand,ILR,Nursing,Senior Staff Nurse,Women & Children,6,22.9,2022-05-13,2022-06-10,15.0,0.4,NMC,Permanent,On Leave,CY419041,2030-03-31,YH217063,2031-02-06,2027-02-05,2022-06-03
EMP1035-20260913_210742,Jonathan,Young,bthomson@example.com,1983-12-29,+44(0)289018896,"3 Higgins Squares
South Lorraine
E6B 3UP",Male,Westborough Acute Care NHS Trust,Black,Jamaica,ILR,Admin,Receptionist,Women & Children,3,14.28,2019-10-19,2019-11-16,18.75,0.5,GMC,Bank,On Leave,AK797139,2027-10-15,YX270638,2028-09-19,2027-06-30,2019-11-09
EMP1036-20260913_210742,Dominic,Payne,rwood@example.com,1996-04-24,+4420 7496 0318,"Studio 28W
Glen Meadow
Lake Carolborough
W15 3JP",Female,Riverbank General Hospitals NHS Trust,Mixed,United States,British Citizen,Nursing,Healthcare Assistant,Critical Care & Anaesthesia,2,13.39,2023-04-23,2023-05-21,30.0,0.8,HCPC,Bank,On Leave,IR589268,2029-07-31,QV128324,2030-09-07,2027-01-22,2023-05-14
EMP1037-20260913_210742,June,Brooks,hillkieran@example.org,1968-03-02,(01632) 960 034,"Studio 98
Mandy Path
Valerieton
G3 1GW",Male,Broadfield Clinical Services NHS Trust,White,Australia,Dependent,Medical,SHO,Corporate Services,SHO,29.32,2021-10-16,2021-11-20,37.5,1.0,None,Permanent,Inactive,JN731318,2031-03-20,CN267167,2030-07-15,2027-07-22,2021-11-06
EMP1038-20260913_210742,Wayne,Foster,ewarren@example.com,1972-12-19,+4428 9018 0201,"Studio 0
Walker Ramp
Hayleybury
N7E 0QQ",Female,Horizon Integrated Health Partnership NHS Trust,Asian,China,Skilled Worker,Admin,Administrator,Critical Care & Anaesthesia,3,13.54,2021-10-11,2021-11-15,15.0,0.4,NMC,Bank,On Leave,RK020555,2030-02-20,CA019261,2030-08-17,2027-03-26,2021-11-01
EMP1039-20260913_210742,Leanne,Johnson,wilsonchelsea@example.com,1988-04-26,(0141) 4960507,"9 Stuart Tunnel
New Marcusville
S08 6GN",Female,Lakeside District Hospitals NHS Trust,Asian,China,Dependent,AHP,Pharmacist,Surgery & Cancer,5,20.5,2021-10-03,2021-11-07,30.0,0.8,None,Bank,On Leave,VD798887,2029-06-08,MY056620,2031-07-15,2027-06-02,2021-10-24
EMP1040-20260913_210742,Danielle,Robinson,kelly37@example.com,1979-09-19,+44(0)1154960158,"Studio 99E
Lewis Trail
Victoriamouth
ML0P 6GE",Male,Broadfield Clinical Services NHS Trust,Asian,Japan,ILR,Medical,GP,Women & Children,GP,60.62,2024-02-14,2024-03-20,37.5,1.0,HCPC,Permanent,Inactive,GB871792,2030-08-07,RF014310,2026-12-18,2027-01-31,2024-03-06
EMP1041-20260913_210742,Jennifer,Fisher,fryandrea@example.com,1989-09-03,+44141 496 0430,"Flat 06
Allen Brook
Lake Jillburgh
E32 0JX",Male,Greenhaven Acute & Specialist Care NHS Trust,Mixed,India,Dependent,Nursing,Senior Staff Nurse,Surgery & Cancer,6,22.84,2026-03-24,2026-04-21,18.75,0.5,GMC,Bank,Active,BB530985,2027-12-23,VG277609,2029-02-16,2027-07-09,2026-04-14
EMP1042-20260913_210742,Lorraine,Miller,francesedwards@example.com,1962-08-24,0116 496 0310,"Studio 43
Elaine Port
Jacksonfurt
L7H 3ER",Male,Eastfield Psychological Services NHS Trust,Asian,Japan,ILR,Nursing,Staff Nurse,Medicine & Acute Care,5,20.04,2018-06-26,2018-07-31,18.75,0.5,None,Bank,Suspended,GQ997992,2027-10-22,ZG485303,2030-04-28,2026-12-17,2018-07-17
EMP1043-20260913_210742,Jacqueline,Smith,kathryn68@example.net,1970-03-28,0117 496 0138,"6 Carter Highway
West Jack
WA75 6LR",Female,Westborough Acute Care NHS Trust,Asian,China,ILR,AHP,Physiotherapist,Corporate Services,6,23.52,2024-09-11,2024-10-16,37.5,1.0,None,Fixed Term,Active,SY804380,2028-09-19,FK717495,2030-05-29,2027-02-10,2024-10-02
EMP1044-20260913_210742,Holly,Forster,hughesleonard@example.net,1970-06-30,+44141 496 0924,"221 Morley Valleys
Hardystad
S4A 5ZQ",Male,Eastfield Psychological Services NHS Trust,Asian,China,Skilled Worker,AHP,Physiologist,Medicine & Acute Care,6,24.36,2018-08-10,2018-09-14,15.0,0.4,GMC,Permanent,Suspended,LI559960,2029-11-30,GP778235,2030-11-22,2026-11-02,2018-08-31
EMP1045-20260913_210742,Mathew,Green,louise08@example.com,1976-06-11,+44116 496 0905,"44 Long Course
Port Ann
SP29 2JE",Female,Northwood Mental Health NHS Trust,Black,Trinidad and Tobago,ILR,Medical,GP,Corporate Services,GP,52.75,2024-12-14,2025-01-11,30.0,0.8,NMC,Fixed Term,Suspended,CL089535,2030-10-20,LG120907,2028-05-21,2027-02-01,2025-01-04
EMP1046-20260913_210742,Neil,Bowen,callumglover@example.org,1974-08-20,(029)2018833,"7 Lucy Hollow
Lake Jamie
M2S 8FR",Female,Horizon Integrated Health Partnership NHS Trust,White,United States,Skilled Worker,Medical,FY1/FY2,Medicine & Acute Care,FY1,20.19,2025-09-20,2025-10-18,30.0,0.8,None,Fixed Term,Inactive,MC669119,2031-02-28,LG976855,2027-10-24,2027-06-28,2025-10-11
EMP1047-20260913_210742,Pamela,Carroll,antonypritchard@example.net,1979-01-27,+44(0)131 4960160,"Studio 43
Gordon Mews
Katietown
WR3 4NN",Female,Oakridge Community Services NHS Trust,White,Australia,British Citizen,Admin,Data Analyst,Medicine & Acute Care,8A,32.39,2020-05-21,2020-07-02,18.75,0.5,NMC,Bank,Active,TD397202,2029-08-10,GQ962922,2029-06-04,2027-07-24,2020-06-11
EMP1048-20260913_210742,Patricia,Anderson,blord@example.org,1971-06-15,+44(0)1632 960168,"060 Parkes Summit
Fosterberg
G2H 0JF",Female,Broadfield Clinical Services NHS Trust,Black,South Africa,British Citizen,Medical,Consultant,Medicine & Acute Care,CONS,65.16,2017-01-28,2017-03-04,37.5,1.0,NMC,Bank,On Leave,IJ927952,2030-12-20,HC777388,2029-04-01,2027-07-14,2017-02-18
EMP1049-20260913_210742,Neil,Taylor,frank97@example.org,1967-04-14,(0909) 8790765,"Studio 0
Ann Parkways
Victorbury
LE9H 1WJ",Male,Oakridge Community Services NHS Trust,Mixed,Ghana,ILR,Nursing,Charge Nurse,Women & Children,7,26.89,2020-07-16,2020-08-20,37.5,1.0,None,Fixed Term,Suspended,CF101303,2030-05-03,FE074333,2029-01-02,2027-05-18,2020-08-06
EMP1050-20260913_210742,Kyle,Doyle,cnewman@example.net,1967-05-04,+44(0)113 496 0778,"Studio 76r
Stephens Square
New Janetstad
CW1 6XY",Male,Horizon Integrated Health Partnership NHS Trust,White,United Kingdom,Skilled Worker,Admin,Data Analyst,Critical Care & Anaesthesia,8A,31.1,2026-06-08,2026-07-13,20.0,0.53,HCPC,Fixed Term,On Leave,DU065837,2028-10-19,CI798453,2027-04-13,2027-07-13,2026-06-29
EMP1051-20260913_210742,Emma,Marsden,shaunharrison@example.net,1961-11-01,(0118)4960484,"Flat 9
Patel Creek
Balltown
IV2 6RS",Female,Riverside Integrated Care NHS Trust,Asian,India,Skilled Worker,Admin,Administrator,Women & Children,3,13.5,2023-01-12,2023-02-09,15.0,0.4,NMC,Bank,Inactive,XN408741,2031-08-24,YP530353,2031-07-01,2027-01-02,2023-02-02
EMP1052-20260913_210742,Leonard,Turner,smithlouis@example.com,1981-10-15,0114 4960788,"873 Hargreaves View
Yateston
N1 3SX",Male,Oakridge Community Services NHS Trust,White,Australia,Dependent,Admin,Administrator,Emergency & Urgent Care,3,16.19,2018-11-17,2018-12-29,30.0,0.8,GMC,Permanent,Suspended,ZK478162,2031-02-21,RG908132,2028-09-17,2027-08-22,2018-12-08
EMP1053-20260913_210742,Carl,Parker,karlwatson@example.org,1986-11-24,01144960695,"Flat 7
Sally Cove
Hunterville
L7 7YA",Female,Eastfield Psychological Services NHS Trust,Mixed,Trinidad and Tobago,Skilled Worker,Nursing,Charge Nurse,Corporate Services,7,32.54,2021-07-18,2021-08-29,15.0,0.4,HCPC,Permanent,Suspended,AA551488,2029-02-24,MU990538,2028-04-13,2026-11-29,2021-08-08
EMP1054-20260913_210742,Karen,Bird,joannebarlow@example.net,1989-10-26,+44(0)1174960946,"Studio 9
Pearce Hollow
Taylormouth
CM2M 0TR",Male,Riverside Integrated Care NHS Trust,White,New Zealand,Dependent,Medical,Registrar,Medicine & Acute Care,SPR,40.63,2022-10-30,2022-12-04,37.5,1.0,NMC,Permanent,On Leave,WC925245,2029-05-03,FB474572,2030-02-25,2027-06-17,2022-11-20
EMP1055-20260913_210742,Lynda,Taylor,lewis84@example.net,1969-01-10,+441164960041,"Studio 02
Mitchell Viaduct
Lake Linda
B93 9DU",Female,Lakeside District Hospitals NHS Trust,White,United States,British Citizen,Admin,Receptionist,Women & Children,3,15.67,2025-06-30,2025-07-28,30.0,0.8,None,Fixed Term,Inactive,AP344235,2027-09-02,EU152842,2029-12-24,2026-11-03,2025-07-21
EMP1056-20260913_210742,Rhys,Ahmed,owencooper@example.net,1978-09-23,01214960515,"Flat 80i
Jacob Locks
Robinhaven
HA43 5QE",Female,Riverside Integrated Care NHS Trust,Asian,India,Skilled Worker,Medical,SHO,Critical Care & Anaesthesia,SHO,28.39,2019-09-27,2019-11-08,15.0,0.4,GMC,Fixed Term,Active,WU280739,2029-08-09,DC750115,2027-09-30,2026-11-05,2019-10-18
EMP1057-20260913_210742,Owen,Pritchard,daniel17@example.com,1967-01-13,(0191) 4960902,"84 Lydia Causeway
East Jane
SK8 4ST",Male,Northwood Mental Health NHS Trust,Asian,Japan,British Citizen,Medical,SHO,Clinical Support Services,SHO,29.82,2018-04-21,2018-05-19,18.75,0.5,HCPC,Permanent,Suspended,SQ183045,2029-01-01,NX101277,2027-03-15,2026-10-27,2018-05-12
EMP1058-20260913_210742,Diane,Spencer,hudsonaimee@example.org,1996-02-23,+44(0)2074960520,"Flat 81
Margaret Port
Ronaldburgh
BS8 4LU",Male,Hillcrest Medical Centres NHS Trust,White,United States,Skilled Worker,Nursing,Ward Manager,Emergency & Urgent Care,8A,33.32,2021-07-02,2021-07-30,15.0,0.4,None,Fixed Term,Inactive,TX366230,2031-05-13,XN980233,2027-06-10,2027-01-11,2021-07-23
EMP1059-20260913_210742,Ross,Weston,allenlydia@example.net,2004-07-01,(020) 74960055,"1 Mathew Manors
Hussainbury
M1 0ZE",Female,Broadfield Clinical Services NHS Trust,Asian,China,Skilled Worker,Medical,Registrar,Women & Children,SPR,33.65,2019-02-16,2019-03-30,20.0,0.53,HCPC,Permanent,Inactive,NC262093,2027-08-24,YP277930,2026-12-28,2027-06-06,2019-03-09
EMP1060-20260913_210742,Melanie,Lord,spritchard@example.org,2008-03-26,(01632) 960301,"Studio 14N
Samuel Plains
South Amy
G0F 9HA",Male,Southvale Hospitals NHS Trust,White,Canada,British Citizen,Medical,GP,Women & Children,GP,46.43,2026-06-14,2026-07-26,30.0,0.8,HCPC,Bank,On Leave,FC079314,2027-08-13,SI732707,2027-11-07,2026-12-09,2026-07-05
EMP1061-20260913_210742,Steven,Harrison,millerstacey@example.com,1963-03-08,(0151)4960889,"Flat 59C
Reed Junction
New Damian
TW0 0DZ",Male,Bluewater Community & Rehabilitation NHS Trust,Black,Ghana,British Citizen,AHP,Radiographer,Critical Care & Anaesthesia,6,25.57,2018-10-07,2018-11-18,37.5,1.0,HCPC,Bank,Suspended,YR891117,2026-09-30,MU877603,2029-12-06,2027-02-01,2018-10-28
EMP1062-20260913_210742,Barbara,Scott,ianderson@example.net,1962-09-11,(0141)4960804,"Studio 7
Stephanie Divide
Lake Stanley
NW9A 6YD",Female,Horizon Integrated Health Partnership NHS Trust,Asian,Japan,ILR,Medical,GP,Clinical Support Services,GP,52.95,2024-01-20,2024-02-24,18.75,0.5,HCPC,Permanent,Suspended,EK254962,2027-06-23,NV457002,2026-11-01,2026-11-22,2024-02-10
EMP1063-20260913_210742,Gillian,Pickering,lfry@example.org,1978-12-15,+44(0)1214960347,"Studio 85i
Jones Mills
South Kate
ML04 5FS",Female,Bluewater Community & Rehabilitation NHS Trust,Black,South Africa,Skilled Worker,Nursing,Staff Nurse,Emergency & Urgent Care,5,19.79,2025-01-01,2025-02-12,18.75,0.5,NMC,Bank,Active,YT362400,2029-01-07,GH591785,2026-10-06,2027-04-22,2025-01-22
EMP1064-20260913_210742,Joanne,Simpson,taylorjanet@example.com,1964-05-14,+44(0)1154960330,"Flat 2
Thomas Crest
East Kirstyhaven
UB3 2LQ",Male,Southvale Hospitals NHS Trust,Black,Nigeria,British Citizen,AHP,Speech Therapist,Emergency & Urgent Care,6,26.82,2018-03-26,2018-04-23,18.75,0.5,NMC,Bank,Suspended,PX781522,2031-05-22,OT574422,2030-12-15,2027-05-25,2018-04-16
EMP1065-20260913_210742,Elliott,Foster,xdixon@example.com,1966-07-27,0118 4960179,"8 Lee Crossing
Holtfort
UB8 4RG",Male,Westmere Community Health NHS Trust,Mixed,Nigeria,Skilled Worker,AHP,Radiographer,Emergency & Urgent Care,6,23.27,2024-11-25,2024-12-30,30.0,0.8,HCPC,Bank,Suspended,II598338,2030-01-10,SJ815372,2026-12-22,2027-05-23,2024-12-16
EMP1066-20260913_210742,Georgina,Savage,trevorodonnell@example.com,1960-10-26,+44909 879 0059,"Studio 57w
Thomson Port
Manningfurt
M3T 8RX",Male,Westborough Acute Care NHS Trust,Asian,Thailand,ILR,Medical,SHO,Critical Care & Anaesthesia,SHO,28.68,2024-11-18,2024-12-23,15.0,0.4,HCPC,Fixed Term,On Leave,CQ873782,2029-07-03,IG827628,2028-04-02,2026-12-30,2024-12-09
EMP1067-20260913_210742,Rachel,Bennett,james88@example.com,1966-10-09,0306 9990491,"2 Lynn Shoals
Morganchester
RG7W 7XS",Female,Westmere Community Health NHS Trust,White,Australia,Dependent,Admin,Data Analyst,Critical Care & Anaesthesia,8A,35.34,2018-02-05,2018-03-05,30.0,0.8,None,Permanent,Suspended,AT103724,2030-07-27,MS989904,2029-03-07,2027-02-11,2018-02-26
EMP1068-20260913_210742,Alex,Mitchell,nathanpowell@example.org,1982-05-28,+44(0)121 4960751,"13 Allen Via
Albertchester
W1S 7GH",Male,Eastfield Psychological Services NHS Trust,White,Australia,Skilled Worker,Nursing,Healthcare Assistant,Emergency & Urgent Care,2,13.56,2025-10-02,2025-10-30,15.0,0.4,NMC,Bank,Suspended,KR841382,2028-11-20,VS654393,2028-12-30,2027-09-10,2025-10-23
EMP1069-20260913_210742,Dylan,Palmer,nlee@example.org,1963-08-09,(0909) 879 0180,"4 Samantha Mountain
Butlershire
TA1 0TS",Female,Lakeside District Hospitals NHS Trust,White,Australia,Dependent,AHP,Physiotherapist,Corporate Services,6,24.68,2017-06-18,2017-07-23,18.75,0.5,NMC,Bank,Suspended,QT698892,2028-07-15,YE175052,2030-03-18,2026-12-22,2017-07-09
EMP1070-20260913_210742,Mathew,Quinn,sean71@example.net,2005-09-02,01914960643,"Studio 86v
Jayne Court
Chamberlaintown
G8C 7DQ",Male,Riverside Integrated Care NHS Trust,Asian,Japan,Skilled Worker,Medical,GP,Women & Children,GP,53.44,2021-06-27,2021-07-25,15.0,0.4,None,Bank,Suspended,PW836196,2030-10-04,CN967915,2029-05-13,2027-07-24,2021-07-18
EMP1071-20260913_210742,Gillian,Harding,nathangray@example.com,1970-10-23,(0141)4960068,"Flat 18d
Henderson Glen
Bruceview
M60 7QX",Female,Riverside Integrated Care NHS Trust,Black,Nigeria,Dependent,Nursing,Nursery Nurse,Critical Care & Anaesthesia,2,13.53,2021-03-07,2021-04-11,15.0,0.4,HCPC,Fixed Term,Active,IW463468,2028-10-07,NA062817,2031-02-14,2027-02-11,2021-03-28
EMP1072-20260913_210742,Marie,Summers,jason88@example.net,2004-09-04,0115 496 0039,"Studio 93
Smith Courts
Fletcherland
CT8 3QT",Male,Southgate Community & Mental Health NHS Trust,Mixed,India,Dependent,Medical,SHO,Clinical Support Services,SHO,29.56,2024-01-08,2024-02-12,18.75,0.5,None,Fixed Term,On Leave,FL806655,2030-06-08,RS350480,2028-08-24,2027-08-09,2024-01-29
EMP1073-20260913_210742,Olivia,Powell,vincentlloyd@example.org,1995-05-24,(0909) 8790360,"49 Harris Mission
Lake Anthony
S3 5NN",Female,Eastfield Psychological Services NHS Trust,Asian,China,Dependent,Nursing,Nursery Nurse,Corporate Services,2,13.96,2024-03-03,2024-04-14,15.0,0.4,GMC,Permanent,On Leave,NB526952,2031-09-02,FR906058,2029-08-15,2027-01-25,2024-03-24
EMP1074-20260913_210742,Diane,Wall,sean88@example.net,2007-09-26,0113 4960195,"103 Joan Ridge
East Trevor
NP90 1EJ",Male,Lakeside District Hospitals NHS Trust,Black,Barbados,Skilled Worker,AHP,Physiologist,Emergency & Urgent Care,6,24.52,2025-11-06,2025-12-04,18.75,0.5,HCPC,Permanent,Suspended,PB269331,2029-05-21,VI711321,2027-09-01,2026-11-11,2025-11-27
EMP1075-20260913_210742,Michelle,Barker,ustevens@example.com,2004-01-18,(0131) 4960286,"5 Hussain Fork
Clivemouth
N3 6GH",Male,Westborough Acute Care NHS Trust,Asian,India,British Citizen,Medical,Consultant,Critical Care & Anaesthesia,CONS,66.77,2024-08-30,2024-10-04,18.75,0.5,GMC,Permanent,Inactive,MK630216,2027-05-13,RN469246,2028-09-13,2027-08-14,2024-09-20
EMP1076-20260913_210742,Barry,Walker,harrisonmaria@example.com,1988-09-09,+44(0)1614960118,"930 Baker Mission
Christianview
RG6 1AF",Male,Hillcrest Medical Centres NHS Trust,White,Australia,Skilled Worker,Medical,Consultant,Clinical Support Services,CONS,58.11,2018-08-17,2018-09-28,30.0,0.8,None,Fixed Term,Active,TK650627,2030-10-19,SH550605,2029-06-06,2026-11-03,2018-09-07
EMP1077-20260913_210742,Nicholas,Kaur,osbornerachael@example.com,1997-06-23,+44191 4960816,"658 Elliot Union
North Paul
ME93 9EW",Male,Eastmoor Teaching Hospitals NHS Trust,Black,Trinidad and Tobago,ILR,Medical,SHO,Women & Children,SHO,25.36,2026-04-15,2026-05-27,37.5,1.0,None,Bank,Suspended,VK533127,2028-06-01,GV737738,2027-11-09,2027-06-03,2026-05-06
EMP1078-20260913_210742,Stephen,Carter,smithbilly@example.com,1963-03-21,0114 4960883,"Flat 1
North View
Ballstad
EH05 7GQ",Female,Greenhaven Acute & Specialist Care NHS Trust,Asian,China,ILR,Nursing,Nursery Nurse,Corporate Services,2,12.64,2022-07-08,2022-08-05,20.0,0.53,None,Bank,Suspended,EG338535,2026-12-12,HD860330,2028-07-22,2027-02-13,2022-07-29
EMP1079-20260913_210742,Stacey,Phillips,wongjean@example.com,1967-08-09,0306 9990671,"Flat 9
Ellis Orchard
Simpsonfurt
TA7N 8WB",Male,Hillcrest Medical Centres NHS Trust,Black,South Africa,British Citizen,AHP,Speech Therapist,Clinical Support Services,6,24.63,2026-09-09,2026-10-07,37.5,1.0,GMC,Permanent,Inactive,PV853893,2029-06-09,GQ411957,2031-02-23,2027-06-22,2026-09-30
EMP1080-20260913_210742,Alison,Parsons,jonathanwilliams@example.org,1961-09-15,+44115 4960076,"6 Sanders Extension
North Andreamouth
SW7M 3DN",Male,Eastmoor Teaching Hospitals NHS Trust,Black,South Africa,ILR,AHP,Physiologist,Corporate Services,6,27.88,2023-11-03,2023-12-15,15.0,0.4,GMC,Fixed Term,Suspended,EK491016,2027-12-12,TK968479,2030-01-22,2027-04-17,2023-11-24
EMP1081-20260913_210742,Liam,Ward,wilsondonna@example.com,2001-01-04,+44113 4960597,"Studio 28
Parkin Route
Port Lydia
FY30 3ZP",Female,Southvale Hospitals NHS Trust,Mixed,Kenya,ILR,AHP,Physiotherapist,Surgery & Cancer,6,26.7,2017-01-08,2017-02-12,37.5,1.0,NMC,Bank,Suspended,XK877972,2027-01-06,IK180491,2029-11-08,2027-06-22,2017-01-29
EMP1082-20260913_210742,Beverley,Cooper,shaun17@example.net,1970-11-09,(0114) 496 0334,"Flat 1
Scott Springs
Scottburgh
DY9Y 1RG",Male,Bluewater Community & Rehabilitation NHS Trust,Black,Kenya,ILR,Nursing,Senior Staff Nurse,Women & Children,6,26.23,2019-02-24,2019-04-07,30.0,0.8,None,Fixed Term,Inactive,RE829293,2031-01-11,XB936056,2029-10-10,2027-03-07,2019-03-17
EMP1083-20260913_210742,Ellie,Perkins,alicemahmood@example.com,1980-06-22,+44161 496 0422,"Flat 16
Skinner Vista
Janiceshire
HS3V 5TP",Female,Westmere Community Health NHS Trust,Black,Barbados,Skilled Worker,Medical,SHO,Emergency & Urgent Care,SHO,25.75,2022-03-02,2022-04-06,30.0,0.8,HCPC,Bank,Inactive,EA482452,2031-01-11,CI770194,2027-01-03,2026-11-29,2022-03-23
EMP1084-20260913_210742,Katie,Clarke,patricia04@example.com,1987-04-02,+44(0)292018944,"90 Jessica Isle
Jenkinsborough
KY2 7UZ",Male,Southgate Community & Mental Health NHS Trust,Black,Kenya,ILR,Nursing,Healthcare Assistant,Emergency & Urgent Care,2,13.02,2021-05-31,2021-07-12,15.0,0.4,NMC,Permanent,Inactive,KS734732,2030-07-25,SH027600,2027-12-09,2027-08-20,2021-06-21
EMP1085-20260913_210742,Iain,Clarke,margaret90@example.org,1973-11-24,(0306) 9990361,"98 Evans Orchard
Stephensonview
JE4W 1NJ",Male,Northwood Mental Health NHS Trust,White,United Kingdom,Skilled Worker,Medical,GP,Clinical Support Services,GP,58.95,2017-07-09,2017-08-20,15.0,0.4,NMC,Bank,Suspended,SW043662,2030-08-19,XZ322566,2027-06-14,2027-04-20,2017-07-30
EMP1086-20260913_210742,Jack,Pearson,douglas15@example.org,1989-12-09,(0117)4960513,"Flat 89
Davis Point
Port Connorton
G6A 9SD",Male,Westborough Acute Care NHS Trust,Black,Barbados,British Citizen,AHP,Physiotherapist,Women & Children,6,25.05,2016-09-30,2016-11-04,20.0,0.53,HCPC,Permanent,Inactive,IP914086,2027-10-29,WC717635,2030-06-05,2027-07-16,2016-10-21
EMP1087-20260913_210742,Denise,Parker,bonddamian@example.org,1993-12-21,0113 4960904,"515 Smith Vista
Whiteborough
L24 0GW",Male,Eastfield Psychological Services NHS Trust,White,Canada,Dependent,Admin,Administrator,Medicine & Acute Care,3,13.56,2026-09-07,2026-10-12,30.0,0.8,None,Bank,On Leave,DU520469,2027-05-29,MW808046,2031-04-14,2026-11-02,2026-09-28
EMP1088-20260913_210742,Denise,Nash,jmitchell@example.net,1961-05-28,0121 496 0010,"276 Robinson Summit
Youngside
SS1 4SP",Male,Hillcrest Medical Centres NHS Trust,Mixed,Trinidad and Tobago,Dependent,Medical,GP,Surgery & Cancer,GP,61.19,2020-04-08,2020-05-20,20.0,0.53,GMC,Fixed Term,Active,GZ919671,2028-08-13,YP718077,2031-02-17,2027-09-01,2020-04-29
EMP1089-20260913_210742,Katherine,Hill,hsmith@example.org,1968-09-16,(0808) 1570477,"Studio 2
Hill Orchard
Brandonburgh
TA07 4RN",Male,Midlands Central Hospitals NHS Trust,Asian,China,Dependent,Admin,Administrator,Medicine & Acute Care,3,13.36,2025-07-01,2025-07-29,37.5,1.0,GMC,Bank,Inactive,FL942347,2030-03-08,FY669933,2028-08-02,2027-01-05,2025-07-22
EMP1090-20260913_210742,Kelly,Cooke,bethanyphillips@example.org,1990-03-10,+44161 4960117,"Studio 41i
Marc Stravenue
West Katy
N6 5WR",Male,Midlands Central Hospitals NHS Trust,Mixed,Japan,Skilled Worker,Admin,Data Analyst,Medicine & Acute Care,8A,31.35,2017-09-14,2017-10-19,18.75,0.5,NMC,Bank,Inactive,IY786319,2029-02-08,RH833651,2028-02-20,2026-12-01,2017-10-05
EMP1091-20260913_210742,Sharon,Rees,cbrown@example.com,1974-09-23,+44113 4960514,"Studio 00
Clifford Greens
South Kathleen
E1 1ZU",Male,Westborough Acute Care NHS Trust,Asian,Japan,Dependent,Nursing,Senior Staff Nurse,Women & Children,6,26.18,2026-08-29,2026-10-10,18.75,0.5,HCPC,Fixed Term,On Leave,HN314853,2027-06-29,ZH189771,2029-10-06,2027-02-15,2026-09-19
EMP1092-20260913_210742,Deborah,O'Neill,ehewitt@example.com,1966-03-15,0141 496 0786,"2 Stone Extensions
South Bethanland
S9 7WG",Female,Greenhaven Acute & Specialist Care NHS Trust,Asian,Japan,British Citizen,Nursing,Ward Manager,Women & Children,8A,32.42,2025-03-19,2025-04-30,20.0,0.53,None,Permanent,On Leave,FJ586829,2030-03-06,QN244890,2028-06-14,2027-04-15,2025-04-09
EMP1093-20260913_210742,Carl,Davies,barryhall@example.com,1983-02-19,028 9018 0531,"81 Aimee Prairie
North Henry
M5 9YT",Male,Northwood Mental Health NHS Trust,White,New Zealand,Dependent,Nursing,Staff Nurse,Women & Children,5,20.44,2019-09-09,2019-10-21,20.0,0.53,None,Bank,On Leave,WG438747,2029-10-28,OV708314,2029-07-26,2027-04-26,2019-09-30
EMP1094-20260913_210742,Lydia,Davidson,gbrooks@example.org,2006-09-01,+443069990192,"269 Jones Cape
Lake Abigailport
B4F 7RF",Male,Midlands Central Hospitals NHS Trust,White,Australia,ILR,Admin,Data Analyst,Critical Care & Anaesthesia,8A,29.49,2019-10-10,2019-11-21,30.0,0.8,None,Bank,Suspended,VB320828,2029-10-02,XG479925,2030-01-05,2026-12-22,2019-10-31
EMP1095-20260913_210742,Norman,Cooper,diana04@example.com,1994-12-28,(028)9018564,"25 Stephen Court
Smithburgh
L6 8BD",Male,Bluewater Community & Rehabilitation NHS Trust,Mixed,India,Skilled Worker,Admin,Data Analyst,Medicine & Acute Care,8A,34.78,2025-11-10,2025-12-15,15.0,0.4,NMC,Fixed Term,Suspended,OZ323814,2031-01-03,HP161276,2028-03-13,2027-07-30,2025-12-01
EMP1096-20260913_210742,Lynne,Hall,schofieldkim@example.net,1978-03-05,0306 9990043,"Flat 7
Richardson Stravenue
North Glen
TR5H 3GX",Female,Eastmoor Teaching Hospitals NHS Trust,Mixed,South Africa,British Citizen,Nursing,Ward Manager,Critical Care & Anaesthesia,8A,30.91,2026-03-31,2026-05-12,37.5,1.0,NMC,Permanent,Active,MB971986,2027-02-11,UG329078,2027-04-14,2027-04-29,2026-04-21
EMP1097-20260913_210742,Terry,King,morrisbryan@example.net,1967-08-01,+441632960241,"Studio 44t
Gregory Mountain
New Diane
BS6 7RY",Male,Eastmoor Teaching Hospitals NHS Trust,Asian,Thailand,Dependent,Medical,Registrar,Critical Care & Anaesthesia,SPR,33.99,2019-09-25,2019-10-23,18.75,0.5,HCPC,Bank,Inactive,WQ171387,2029-06-23,VM988487,2028-03-10,2027-02-01,2019-10-16
EMP1098-20260913_210742,Norman,Woods,hfowler@example.com,1970-09-14,+44(0)1414960844,"2 Shane Forest
Dobsonchester
W35 2FZ",Female,Riverside Integrated Care NHS Trust,Asian,Japan,Dependent,Admin,Administrator,Emergency & Urgent Care,3,13.35,2016-10-24,2016-12-05,15.0,0.4,None,Fixed Term,Suspended,PZ910889,2028-03-07,PD328313,2027-02-22,2027-03-19,2016-11-14
EMP1099-20260913_210742,Molly,Parker,nichollsshane@example.org,2006-06-17,(0115)4960457,"784 Hazel Mill
West Samantha
CF33 9DY",Male,Eastfield Psychological Services NHS Trust,Asian,Thailand,British Citizen,AHP,Physiologist,Corporate Services,6,25.24,2026-04-29,2026-05-27,37.5,1.0,NMC,Permanent,Inactive,WI007211,2030-09-03,CE269221,2030-08-21,2026-10-26,2026-05-20
EMP1100-20260913_210742,Carly,Mason,carolyn46@example.net,1988-03-01,+4420 7496 0801,"Studio 9
Marion Landing
New Scotthaven
CV1 9UZ",Male,Oakridge Community Services NHS Trust,White,New Zealand,Skilled Worker,Admin,Medical Secretary,Medicine & Acute Care,4,18.43,2018-04-05,2018-05-17,18.75,0.5,None,Bank,On Leave,XE600423,2027-04-22,MA226281,2029-01-15,2026-10-23,2018-04-26
EMP1101-20260913_210742,Amber,Tyler,stevencameron@example.org,1972-12-03,+44191 4960300,"Flat 45h
Martin Locks
North Declan
DH2 3GL",Female,Eastmoor Teaching Hospitals NHS Trust,White,Canada,British Citizen,Admin,Receptionist,Clinical Support Services,3,13.51,2023-04-14,2023-05-19,30.0,0.8,None,Permanent,Active,XA647299,2027-10-09,GB466687,2031-02-19,2027-08-03,2023-05-05
EMP1102-20260913_210742,Alexander,Thomas,fletcherjodie@example.com,2000-04-29,+44(0)2074960464,"Studio 7
Carr Port
Williamsmouth
HU24 3UH",Female,Hillcrest Medical Centres NHS Trust,Asian,Thailand,Dependent,AHP,Physiologist,Corporate Services,6,24.81,2016-09-15,2016-10-20,20.0,0.53,NMC,Bank,Active,RP404650,2029-08-21,TS348611,2028-05-17,2027-07-24,2016-10-06
EMP1103-20260913_210742,Kim,Ross,joanne47@example.com,1976-02-08,+44114 4960475,"Flat 60
Power Trafficway
North Anne
E8 3GR",Male,Eastfield Psychological Services NHS Trust,Asian,Japan,Skilled Worker,AHP,Physiotherapist,Women & Children,6,25.56,2022-11-13,2022-12-11,30.0,0.8,None,Permanent,Active,YK801764,2031-01-27,RV547659,2031-08-07,2027-03-06,2022-12-04
EMP1104-20260913_210742,Lee,Long,smithrichard@example.net,1972-04-13,+44(0)113 496 0810,"440 Bernard Ford
North Danielleburgh
IG86 8LQ",Female,Eastmoor Teaching Hospitals NHS Trust,Asian,Thailand,Skilled Worker,Medical,SHO,Corporate Services,SHO,26.29,2017-05-12,2017-06-16,37.5,1.0,HCPC,Permanent,Suspended,VW187093,2028-10-04,ZB635227,2030-10-28,2027-03-27,2017-06-02
EMP1105-20260913_210742,Joe,Clark,greenbrian@example.org,1993-04-05,+44(0)3069990685,"Studio 0
Taylor Roads
Robinsonmouth
FK62 6FB",Female,Southgate Community & Mental Health NHS Trust,Asian,Japan,Dependent,Nursing,Staff Nurse,Clinical Support Services,5,22.21,2017-01-05,2017-02-09,37.5,1.0,HCPC,Bank,Suspended,GA407076,2029-12-03,TA147360,2029-06-01,2027-04-27,2017-01-26
EMP1106-20260913_210742,Wendy,Burton,eward@example.org,1999-11-05,(0121) 4960015,"72 Gillian Field
Stuarttown
B73 5LN",Male,Greenhaven Acute & Specialist Care NHS Trust,Asian,India,Skilled Worker,Nursing,Senior Staff Nurse,Women & Children,6,25.86,2018-10-03,2018-11-07,37.5,1.0,None,Fixed Term,Inactive,SR656388,2026-09-13,EO389572,2029-03-31,2026-09-19,2018-10-24
EMP1107-20260913_210742,Damien,Bailey,mathew47@example.org,1979-02-10,+44(0)114 496 0182,"6 Potts Pine
North Fiona
TA01 3JF",Male,Westborough Acute Care NHS Trust,Mixed,Barbados,British Citizen,Admin,Data Analyst,Critical Care & Anaesthesia,8A,33.5,2018-10-15,2018-11-19,20.0,0.53,HCPC,Fixed Term,Active,QS741499,2029-08-22,NX087506,2028-11-24,2027-03-16,2018-11-05
EMP1108-20260913_210742,Bethany,Hayes,zspencer@example.com,2007-12-22,(0161) 4960147,"Flat 7
Wilson Islands
Charlesfort
EC4 1FL",Female,Westborough Acute Care NHS Trust,Asian,India,Dependent,Nursing,Senior Staff Nurse,Clinical Support Services,6,23.05,2021-09-01,2021-10-13,20.0,0.53,GMC,Bank,Active,EO365291,2029-12-01,AC628469,2027-11-04,2027-04-17,2021-09-22
EMP1109-20260913_210742,Robert,White,williamssylvia@example.net,1977-02-14,01314960273,"7 Aaron Way
West Joycestad
E84 2QD",Male,Lakeside District Hospitals NHS Trust,Asian,Japan,Dependent,AHP,Physiologist,Critical Care & Anaesthesia,6,23.2,2018-06-04,2018-07-09,30.0,0.8,HCPC,Fixed Term,Active,ZY479282,2030-10-14,WX328587,2030-12-22,2027-03-09,2018-06-25
EMP1110-20260913_210742,June,Thomas,smitholivia@example.com,2003-12-21,(0113) 4960087,"Studio 07
Josephine Burg
Port Sam
G66 0JR",Female,Southgate Community & Mental Health NHS Trust,Mixed,New Zealand,ILR,AHP,Speech Therapist,Clinical Support Services,6,25.26,2024-04-12,2024-05-10,37.5,1.0,HCPC,Fixed Term,Active,XC672615,2031-04-28,SR878081,2027-07-24,2026-11-29,2024-05-03
EMP1111-20260913_210742,Hazel,Cox,mcdonaldkatie@example.net,1986-08-01,(0141) 496 0562,"Studio 10
Pritchard Walks
North Shaun
M50 1PQ",Male,Riverbank General Hospitals NHS Trust,Mixed,Australia,Dependent,AHP,Physiotherapist,Surgery & Cancer,6,27.8,2024-01-11,2024-02-22,20.0,0.53,NMC,Permanent,Active,NG635934,2031-01-01,NT984569,2028-01-06,2026-11-18,2024-02-01
EMP1112-20260913_210742,Geraldine,Khan,gillsam@example.net,2001-11-18,+441632960484,"Flat 56o
Parker Brook
New Saraland
CA9 2SU",Female,Bluewater Community & Rehabilitation NHS Trust,Asian,China,British Citizen,AHP,Physiologist,Medicine & Acute Care,6,26.48,2018-09-05,2018-10-17,30.0,0.8,GMC,Bank,On Leave,OS425954,2029-09-12,LH581489,2026-10-07,2027-06-12,2018-09-26
EMP1113-20260913_210742,Kathleen,Lyons,slowe@example.org,2000-06-20,+44(0)114 4960140,"58 Leah Trail
New Harriet
NW6W 8AF",Female,Oakridge Community Services NHS Trust,Black,Barbados,Dependent,AHP,Speech Therapist,Clinical Support Services,6,24.32,2020-05-30,2020-07-11,15.0,0.4,HCPC,Permanent,On Leave,PQ436444,2031-04-03,UK970659,2031-05-10,2027-05-08,2020-06-20
EMP1114-20260913_210742,Nathan,Grant,bbriggs@example.net,1974-09-02,0117 4960642,"Studio 65
Lloyd Cliffs
Shawchester
WV3P 6SU",Female,Westmere Community Health NHS Trust,Mixed,Japan,British Citizen,Admin,Administrator,Corporate Services,3,16.09,2018-07-16,2018-08-27,18.75,0.5,HCPC,Fixed Term,Active,DY000262,2027-06-06,ZF150999,2029-04-13,2026-12-18,2018-08-06
EMP1115-20260913_210742,Katherine,Potts,lawrence85@example.org,1988-02-11,+44(0)306 9990713,"Flat 4
Benjamin Lane
Turnerburgh
M93 0WD",Male,Lakeside District Hospitals NHS Trust,Asian,Thailand,ILR,Admin,Data Analyst,Corporate Services,8A,28.74,2024-04-10,2024-05-08,15.0,0.4,None,Bank,Suspended,HX405743,2028-02-08,QY569551,2026-12-27,2027-01-07,2024-05-01
EMP1116-20260913_210742,Amy,Austin,wrightterry@example.net,1974-07-15,+44808 1570755,"2 Baker Lodge
Ameliamouth
M2 1FJ",Male,Midlands Central Hospitals NHS Trust,Asian,India,ILR,Admin,Administrator,Emergency & Urgent Care,3,15.53,2018-06-12,2018-07-17,15.0,0.4,None,Permanent,Suspended,GY396549,2029-10-06,CG760296,2029-02-27,2026-11-24,2018-07-03
EMP1117-20260913_210742,Graeme,Smith,mcampbell@example.org,1987-06-08,(0121)4960535,"864 Brian Courts
South Fiona
W8 6XH",Female,Riverside Integrated Care NHS Trust,White,United Kingdom,Skilled Worker,Nursing,Ward Manager,Corporate Services,8A,29.68,2023-11-25,2024-01-06,20.0,0.53,GMC,Bank,Inactive,RR877182,2027-11-25,TA493520,2029-04-20,2026-11-30,2023-12-16
EMP1118-20260913_210742,Eileen,Sharp,rmarsden@example.net,1970-07-12,+44115 4960490,"51 Tucker Parkway
Morleyport
DD15 5DG",Female,Northshire University Hospitals NHS Trust,Black,Jamaica,British Citizen,AHP,Pharmacist,Corporate Services,5,19.91,2021-06-30,2021-08-11,15.0,0.4,HCPC,Permanent,Active,HU812614,2031-03-04,JC502750,2027-06-27,2027-03-11,2021-07-21
EMP1119-20260913_210742,Abigail,Williams,vanderson@example.net,1982-02-20,+44(0)808 157 0220,"Flat 39Z
Sally Dam
New Joe
M98 2JE",Female,Eastfield Psychological Services NHS Trust,Mixed,Jamaica,Skilled Worker,Medical,FY1/FY2,Surgery & Cancer,FY1,20.47,2022-11-09,2022-12-21,30.0,0.8,GMC,Bank,Inactive,ZJ207248,2030-10-21,SC326273,2027-01-01,2027-07-12,2022-11-30
EMP1120-20260913_210742,Kelly,Walker,bradley95@example.org,1965-09-02,0141 4960434,"2 Kelly Springs
Simpsonside
N73 1GE",Female,Midlands Central Hospitals NHS Trust,White,United Kingdom,Skilled Worker,AHP,Radiographer,Surgery & Cancer,6,27.99,2023-04-05,2023-05-17,15.0,0.4,HCPC,Bank,Suspended,HW797807,2028-03-18,EQ377115,2028-06-26,2027-06-12,2023-04-26
EMP1121-20260913_210742,Nicola,Howard,reecemartin@example.net,2005-04-25,+44(0)292018529,"72 Tina Rue
Jamieville
BH6 8GW",Male,Eastfield Psychological Services NHS Trust,Asian,India,ILR,Medical,GP,Surgery & Cancer,GP,46.25,2026-08-04,2026-09-15,20.0,0.53,None,Permanent,On Leave,WW237747,2029-11-09,CM804451,2030-05-12,2027-04-07,2026-08-25
EMP1122-20260913_210742,Ian,Middleton,billydoyle@example.net,2001-06-15,+44(0)306 999 0629,"Flat 39N
Faulkner Fields
North Christine
N0E 7LF",Female,Hillcrest Medical Centres NHS Trust,White,United Kingdom,British Citizen,Admin,Administrator,Women & Children,3,16.05,2018-04-27,2018-05-25,37.5,1.0,None,Bank,Suspended,DE092114,2030-03-21,WS116113,2029-07-14,2026-10-23,2018-05-18
EMP1123-20260913_210742,Colin,Moore,clare84@example.org,1997-06-03,+441184960821,"914 Luke Orchard
Albertport
N8S 8GH",Male,Westmere Community Health NHS Trust,White,United Kingdom,Skilled Worker,Medical,FY1/FY2,Surgery & Cancer,FY1,18.7,2022-12-09,2023-01-20,37.5,1.0,GMC,Fixed Term,Active,QT875030,2029-04-30,TY450256,2030-05-24,2027-06-03,2022-12-30
EMP1124-20260913_210742,Carolyn,Cook,gmarsh@example.net,1978-11-02,01174960667,"Flat 6
Smith Passage
Lake Georgina
B2B 9TY",Male,Riverside Integrated Care NHS Trust,Asian,Japan,Dependent,Nursing,Healthcare Assistant,Critical Care & Anaesthesia,2,12.82,2017-10-20,2017-12-01,30.0,0.8,GMC,Permanent,Active,CO632913,2028-10-16,GP934478,2028-01-27,2027-04-23,2017-11-10
EMP1125-20260913_210742,Graeme,Stewart,carl55@example.net,1983-02-02,+441144960263,"33 Shah Brook
West Heather
NN3A 4XR",Female,Broadfield Clinical Services NHS Trust,Mixed,Ghana,British Citizen,Admin,Data Analyst,Corporate Services,8A,30.61,2025-03-07,2025-04-18,15.0,0.4,None,Fixed Term,Active,SX536880,2031-08-09,JP455408,2027-12-18,2027-05-11,2025-03-28
EMP1126-20260913_210742,Samantha,Shepherd,tkemp@example.org,1962-08-07,(0151) 4960848,"4 Green Mountain
Gillianmouth
G3W 0XG",Male,Meadowbrook Community Health NHS Trust,White,United States,Skilled Worker,Nursing,Nursery Nurse,Medicine & Acute Care,2,12.71,2023-06-26,2023-08-07,15.0,0.4,NMC,Permanent,Active,MJ924554,2027-08-28,XD582308,2031-04-28,2027-02-01,2023-07-17
EMP1127-20260913_210742,Alex,Howard,lewis46@example.com,1997-02-21,+44(0)1174960324,"8 Gareth Track
Abbieshire
SG5N 0ZX",Male,Greenhaven Acute & Specialist Care NHS Trust,Black,Ghana,Skilled Worker,Medical,GP,Corporate Services,GP,57.67,2019-09-26,2019-10-24,20.0,0.53,HCPC,Permanent,Active,ID036709,2027-03-02,OQ271956,2029-11-12,2026-12-11,2019-10-17
EMP1128-20260913_210742,Rachel,Perkins,humphriesalex@example.com,1989-02-09,(0141) 496 0546,"Studio 71m
Julian Shoals
South Jake
N30 0UD",Male,Riverside Integrated Care NHS Trust,Mixed,New Zealand,Dependent,Medical,SHO,Clinical Support Services,SHO,24.34,2019-11-09,2019-12-21,30.0,0.8,GMC,Permanent,Suspended,WR943537,2026-11-04,KB684151,2029-05-22,2026-10-26,2019-11-30
EMP1129-20260913_210742,Malcolm,Wilson,winterjosh@example.com,1992-10-23,+44(0)20 74960714,"Studio 75
Terence Mission
North Amberhaven
HD5P 8PS",Female,Oakridge Community Services NHS Trust,Black,Ghana,ILR,AHP,Speech Therapist,Surgery & Cancer,6,24.42,2018-06-21,2018-07-26,15.0,0.4,GMC,Bank,On Leave,CF643427,2029-01-14,YQ351855,2027-05-17,2026-11-11,2018-07-12
EMP1130-20260913_210742,Aaron,Webb,burkecharlene@example.com,1987-12-24,+44(0)1914960278,"Flat 9
Shaw Neck
Leeshire
CV6 7GX",Male,Riverside Integrated Care NHS Trust,White,United Kingdom,Dependent,Medical,GP,Emergency & Urgent Care,GP,46.27,2020-02-18,2020-03-24,18.75,0.5,NMC,Fixed Term,Suspended,KJ416667,2028-06-15,MO743350,2030-08-29,2027-08-20,2020-03-10
EMP1131-20260913_210742,Scott,Connolly,yvonnehoward@example.org,1997-02-14,+44(0)131 4960487,"Flat 19
Walsh Corners
Parkesbury
N9T 4ZD",Male,Hillcrest Medical Centres NHS Trust,Black,Jamaica,ILR,Medical,Consultant,Women & Children,CONS,48.91,2017-10-29,2017-11-26,15.0,0.4,None,Fixed Term,On Leave,QP129764,2028-07-09,YP908828,2028-12-13,2026-09-24,2017-11-19
EMP1132-20260913_210742,Brenda,Doherty,rosie21@example.com,2004-03-29,0118 4960050,"Studio 61p
Chloe Road
North Elliemouth
SW9A 3FS",Male,Horizon Integrated Health Partnership NHS Trust,White,United States,ILR,Medical,GP,Surgery & Cancer,GP,53.51,2021-06-27,2021-08-01,20.0,0.53,NMC,Bank,On Leave,GD837882,2027-03-23,RX838666,2027-07-31,2026-12-18,2021-07-18
EMP1133-20260913_210742,Katherine,O'Connor,williamsnigel@example.net,1995-01-11,(01632) 960 024,"Studio 60
Craig Path
New Frank
LN00 3SN",Male,Riverside Integrated Care NHS Trust,Asian,China,Dependent,AHP,Radiographer,Surgery & Cancer,6,24.03,2017-09-02,2017-10-07,30.0,0.8,HCPC,Bank,Suspended,WY225348,2029-04-03,PS023100,2028-05-11,2027-07-20,2017-09-23
EMP1134-20260913_210742,Margaret,Anderson,anthony16@example.org,1982-05-14,(01632) 960 255,"Flat 71
Hazel Overpass
Bradleyton
M7K 1RQ",Female,Riverside Integrated Care NHS Trust,Mixed,United Kingdom,ILR,Medical,FY1/FY2,Emergency & Urgent Care,FY1,20.55,2021-03-06,2021-04-17,18.75,0.5,NMC,Bank,Inactive,DX406704,2028-10-10,DU277786,2029-12-22,2026-10-30,2021-03-27
EMP1135-20260913_210742,Billy,Duncan,smithjulie@example.net,1997-04-27,(0151)4960064,"0 Albert Parkways
Frenchmouth
SA2R 5RF",Male,Meadowbrook Community Health NHS Trust,White,New Zealand,Skilled Worker,Medical,FY1/FY2,Medicine & Acute Care,FY1,21.31,2018-07-04,2018-08-15,18.75,0.5,HCPC,Fixed Term,Active,YN276216,2028-11-14,XJ824959,2030-04-02,2027-02-23,2018-07-25
EMP1136-20260913_210742,Arthur,Walters,williammartin@example.com,2000-03-19,+44(0)1174960298,"1 Leonard Square
Katefurt
B8B 3DL",Male,Oakridge Community Services NHS Trust,Black,Kenya,ILR,Medical,SHO,Emergency & Urgent Care,SHO,27.7,2026-02-10,2026-03-10,18.75,0.5,NMC,Bank,On Leave,HJ910171,2030-06-13,VE829652,2030-08-11,2027-05-04,2026-03-03
EMP1137-20260913_210742,Jake,Day,mbarker@example.net,1986-03-26,0115 496 0185,"0 Scott Wells
South Kieranfort
WC7V 1WB",Male,Meadowbrook Community Health NHS Trust,Black,Barbados,Skilled Worker,AHP,Physiologist,Clinical Support Services,6,23.97,2025-08-22,2025-09-26,15.0,0.4,GMC,Permanent,Suspended,QO927719,2028-04-29,WZ824926,2027-07-04,2027-01-15,2025-09-12
EMP1138-20260913_210742,Declan,Quinn,paulanderson@example.net,1987-03-24,01514960237,"Studio 35
White Meadow
Kerryton
W7 8RJ",Male,Southgate Community & Mental Health NHS Trust,Mixed,United Kingdom,ILR,Nursing,Nursery Nurse,Surgery & Cancer,2,12.32,2026-01-11,2026-02-22,20.0,0.53,HCPC,Fixed Term,Suspended,IA521005,2029-01-21,EL946668,2027-08-02,2026-09-29,2026-02-01
EMP1139-20260913_210742,Mohammed,Hughes,bondcharlene@example.com,2001-03-27,+44(0)1174960575,"Studio 18r
Nathan Shores
West Kathryn
E76 1JW",Male,Southgate Community & Mental Health NHS Trust,Black,Ghana,Skilled Worker,AHP,Occupational Therapist,Critical Care & Anaesthesia,6,23.62,2026-07-26,2026-08-23,30.0,0.8,HCPC,Bank,Suspended,YY336695,2031-04-20,VH624420,2029-02-06,2026-10-21,2026-08-16
EMP1140-20260913_210742,Jacob,Hunt,jill71@example.net,1963-09-21,+448081570699,"3 James Rapids
Rachelton
S49 0ND",Female,Greenhaven Acute & Specialist Care NHS Trust,Asian,China,British Citizen,AHP,Speech Therapist,Women & Children,6,26.63,2017-12-23,2018-01-27,37.5,1.0,None,Fixed Term,Suspended,YY320271,2029-09-27,IH623353,2030-01-12,2027-05-23,2018-01-13
EMP1141-20260913_210742,Abbie,Lee,waynefrost@example.com,1999-01-08,0131 496 0832,"450 Harrison Points
East Paulinemouth
HR9W 2UT",Male,Eastfield Psychological Services NHS Trust,White,New Zealand,Dependent,Medical,FY1/FY2,Clinical Support Services,FY1,19.22,2025-01-10,2025-02-21,30.0,0.8,HCPC,Fixed Term,Active,UZ600187,2030-11-27,ZN527450,2031-02-02,2026-09-24,2025-01-31
EMP1142-20260913_210742,Marian,Roberts,joelyons@example.org,1982-11-23,01414960689,"6 Abigail Run
Woodborough
E34 6JB",Female,Riverside Integrated Care NHS Trust,Mixed,Trinidad and Tobago,Dependent,Admin,Receptionist,Women & Children,3,15.91,2026-03-12,2026-04-23,15.0,0.4,None,Bank,Suspended,PX575403,2027-04-25,MN140633,2027-02-28,2026-11-04,2026-04-02
EMP1143-20260913_210742,Samantha,Jackson,kellyamy@example.org,1987-10-13,0292018165,"Flat 20
Carr Well
North Jeffreyfort
HG5 1RD",Male,Northshire University Hospitals NHS Trust,White,United States,British Citizen,AHP,Occupational Therapist,Critical Care & Anaesthesia,6,25.28,2019-05-12,2019-06-23,37.5,1.0,None,Permanent,Active,WY759183,2027-02-15,LJ784872,2029-11-07,2027-06-19,2019-06-02
EMP1144-20260913_210742,Nicola,Sutton,jonesdenise@example.net,1961-08-31,+44113 496 0303,"507 Joe Crossroad
Lake Pamelaton
M2C 4BH",Male,Hillcrest Medical Centres NHS Trust,Asian,India,Skilled Worker,AHP,Occupational Therapist,Clinical Support Services,6,24.88,2018-08-20,2018-09-24,20.0,0.53,HCPC,Permanent,Inactive,TO790751,2031-06-08,EN221093,2030-07-17,2026-12-18,2018-09-10
EMP1145-20260913_210742,Frank,O'Donnell,zatkinson@example.org,1998-05-19,02074960853,"Studio 03U
Nicholas Alley
East Joanneport
S5G 3FA",Female,Riverside Integrated Care NHS Trust,Asian,China,British Citizen,Admin,Administrator,Women & Children,3,15.78,2025-02-10,2025-03-17,30.0,0.8,GMC,Bank,Active,DG002120,2030-04-28,AZ652465,2029-07-12,2027-06-19,2025-03-03
EMP1146-20260913_210742,Steven,Simpson,paulineparker@example.org,1999-02-25,+4429 2018038,"Flat 73
Dixon Rapid
Lake Edwardstad
G38 0GZ",Male,Horizon Integrated Health Partnership NHS Trust,White,New Zealand,Skilled Worker,Nursing,Healthcare Assistant,Medicine & Acute Care,2,12.98,2018-09-02,2018-10-14,18.75,0.5,HCPC,Bank,Inactive,EU282429,2030-07-09,GE685730,2030-11-12,2027-03-10,2018-09-23
EMP1147-20260913_210742,Charlie,Dawson,nharrison@example.net,1963-08-03,0114 4960141,"Studio 5
Wilson Centers
Johnsonhaven
SY4X 0BY",Male,Northwood Mental Health NHS Trust,Black,Ghana,Skilled Worker,Admin,Receptionist,Medicine & Acute Care,3,14.15,2016-11-17,2016-12-22,15.0,0.4,GMC,Fixed Term,On Leave,OT801102,2029-11-10,JR624550,2028-09-17,2027-08-05,2016-12-08
EMP1148-20260913_210742,Terence,Nicholson,vincent25@example.net,1972-10-10,+44(0)141 4960985,"Studio 26
Horton Vista
East Bethany
W4 3HS",Female,Southvale Hospitals NHS Trust,Black,Jamaica,Skilled Worker,Admin,Administrator,Emergency & Urgent Care,3,15.54,2018-05-24,2018-07-05,30.0,0.8,GMC,Fixed Term,Inactive,CD549680,2031-04-16,TW717975,2027-12-22,2027-04-22,2018-06-14
EMP1149-20260913_210742,Matthew,Matthews,qpope@example.net,1975-02-01,+44115 496 0944,"6 Mitchell Loop
Meganmouth
N7H 9BZ",Male,Lakeside District Hospitals NHS Trust,Black,Barbados,Skilled Worker,Nursing,Nursery Nurse,Emergency & Urgent Care,2,13.9,2024-10-18,2024-11-29,18.75,0.5,NMC,Fixed Term,Inactive,MK991669,2029-12-07,DV593481,2027-12-24,2026-09-29,2024-11-08
EMP1150-20260913_210742,Christine,Lowe,gemmamartin@example.com,1998-07-09,0121 496 0530,"36 Adams Loop
West Dylan
W3F 9LP",Male,Westborough Acute Care NHS Trust,Asian,China,Skilled Worker,Medical,Consultant,Critical Care & Anaesthesia,CONS,53.58,2018-11-30,2019-01-04,37.5,1.0,GMC,Bank,Active,FM827673,2031-04-06,MM799934,2028-08-03,2026-12-28,2018-12-21
EMP1151-20260913_210742,Margaret,Jones,norman56@example.com,1983-08-13,(0191)4960495,"207 Joanna Underpass
West Marcus
M01 2SX",Male,Broadfield Clinical Services NHS Trust,Asian,Japan,Dependent,AHP,Speech Therapist,Critical Care & Anaesthesia,6,27.64,2025-04-29,2025-06-03,30.0,0.8,GMC,Bank,Active,XH948785,2027-03-26,NJ775835,2031-02-16,2027-06-24,2025-05-20
EMP1152-20260913_210742,Chelsea,Graham,bstanley@example.com,1969-09-15,(0306)9990116,"Flat 07d
Pauline Greens
Burtontown
W9T 6NP",Female,Northshire University Hospitals NHS Trust,Asian,India,British Citizen,Admin,Data Analyst,Critical Care & Anaesthesia,8A,33.4,2020-08-26,2020-10-07,30.0,0.8,NMC,Permanent,Active,VU668360,2028-10-13,QK174515,2029-12-25,2027-04-30,2020-09-16
EMP1153-20260913_210742,Marie,Wyatt,tomjohnson@example.com,2000-07-13,(0117) 496 0096,"3 Charlton Mews
Ronaldton
FY9 9NL",Female,Eastmoor Teaching Hospitals NHS Trust,Mixed,New Zealand,Dependent,Nursing,Nursery Nurse,Medicine & Acute Care,2,13.03,2021-07-09,2021-08-13,30.0,0.8,GMC,Fixed Term,On Leave,PV715231,2030-05-26,ON083609,2031-07-24,2027-08-20,2021-07-30
EMP1154-20260913_210742,Terry,Jackson,ydavies@example.com,1990-02-04,(0113) 4960937,"Flat 21
Allen Park
Lake Derek
G1 7XL",Female,Southgate Community & Mental Health NHS Trust,Asian,Japan,Skilled Worker,Nursing,Ward Manager,Clinical Support Services,8A,34.5,2018-11-18,2018-12-16,30.0,0.8,None,Bank,Active,AU055050,2027-12-16,RX026859,2029-06-06,2026-09-25,2018-12-09
EMP1155-20260913_210742,Adrian,Cunningham,lmiller@example.org,2000-09-07,(0114)4960817,"47 Bradley Place
Reecestad
OL69 4TR",Male,Horizon Integrated Health Partnership NHS Trust,Asian,Thailand,ILR,Nursing,Nursery Nurse,Emergency & Urgent Care,2,13.84,2017-11-07,2017-12-05,20.0,0.53,GMC,Permanent,Suspended,BZ835433,2030-10-28,DZ063107,2028-05-08,2027-08-01,2017-11-28
EMP1156-20260913_210742,Josh,Perry,amartin@example.net,2006-05-06,+44(0)151 496 0961,"Flat 4
Abigail Neck
Lake Christopher
W7 1PH",Male,Midlands Central Hospitals NHS Trust,Mixed,Japan,ILR,Nursing,Healthcare Assistant,Surgery & Cancer,2,13.33,2022-10-27,2022-12-08,15.0,0.4,HCPC,Bank,On Leave,VI460263,2028-10-20,UT721673,2031-05-24,2026-11-12,2022-11-17
EMP1157-20260913_210742,Chloe,Evans,robertsmohamed@example.com,1984-06-09,+44(0)161 496 0915,"7 Michael Course
Joyceport
HR6 7WU",Male,Midlands Central Hospitals NHS Trust,Mixed,Trinidad and Tobago,ILR,AHP,Radiographer,Clinical Support Services,6,26.65,2022-07-26,2022-08-30,37.5,1.0,NMC,Bank,On Leave,HO655450,2029-04-24,YK513741,2028-04-08,2027-04-13,2022-08-16
EMP1158-20260913_210742,Neil,Graham,nicolahunt@example.net,1987-05-07,0306 999 0253,"Studio 0
Carole Lakes
New Ianhaven
DE51 9QG",Female,Bluewater Community & Rehabilitation NHS Trust,Mixed,South Africa,ILR,Admin,Administrator,Surgery & Cancer,3,13.89,2025-08-28,2025-10-02,30.0,0.8,HCPC,Permanent,Active,WS835168,2028-12-24,HC809385,2028-09-21,2027-01-01,2025-09-18
EMP1159-20260913_210742,Carole,Ellis,benjamin96@example.org,1999-12-08,(029)2018840,"Studio 6
Moss Union
South Darrenborough
M2W 6ZH",Female,Riverside Integrated Care NHS Trust,Black,South Africa,Dependent,Admin,Administrator,Clinical Support Services,3,14.61,2018-08-02,2018-08-30,20.0,0.53,HCPC,Bank,Suspended,XV919436,2029-10-22,HO661271,2028-06-20,2026-10-20,2018-08-23
EMP1160-20260913_210742,Jodie,Hughes,readrachael@example.net,1983-05-09,(0808) 157 0020,"Flat 9
Jones Divide
New Sharonmouth
DA9R 7GQ",Male,Horizon Integrated Health Partnership NHS Trust,White,United Kingdom,ILR,Admin,Medical Secretary,Critical Care & Anaesthesia,4,19.37,2017-08-30,2017-09-27,18.75,0.5,GMC,Fixed Term,On Leave,IJ252356,2030-05-16,XR918972,2028-06-18,2027-01-22,2017-09-20
EMP1161-20260913_210742,Michael,Mills,kerry52@example.org,1966-12-02,+44(0)808 1570863,"5 Davidson Way
New Elliot
G12 5GR",Female,Westmere Community Health NHS Trust,Mixed,Ghana,ILR,Admin,Data Analyst,Surgery & Cancer,8A,30.97,2026-07-20,2026-08-31,15.0,0.4,NMC,Permanent,On Leave,ZZ381062,2030-08-14,HT504492,2031-04-14,2026-11-01,2026-08-10
EMP1162-20260913_210742,Denise,Baker,howard23@example.org,1966-10-25,+44(0)121 4960507,"Studio 07d
Garry Springs
New Carolemouth
PR2H 1RE",Female,Riverside Integrated Care NHS Trust,Mixed,India,ILR,Nursing,Ward Manager,Clinical Support Services,8A,28.9,2017-10-30,2017-12-04,30.0,0.8,None,Permanent,On Leave,MK415476,2030-03-16,RY550466,2030-10-27,2027-02-05,2017-11-20
EMP1163-20260913_210742,Janet,Smith,harrisonjustin@example.net,1975-02-14,0289018240,"Flat 1
Garry Stream
Stewartchester
ST95 9XW",Female,Hillcrest Medical Centres NHS Trust,Mixed,Nigeria,British Citizen,Medical,SHO,Clinical Support Services,SHO,26.61,2023-04-02,2023-05-14,37.5,1.0,NMC,Permanent,Active,GF973301,2030-08-14,BE888283,2031-06-25,2027-06-07,2023-04-23
EMP1164-20260913_210742,Tony,Barnes,smithmax@example.com,1996-08-09,+44(0)1174960143,"Studio 39X
Josephine Estate
Katiemouth
L8 8HP",Male,Westmere Community Health NHS Trust,Mixed,New Zealand,ILR,Nursing,Staff Nurse,Critical Care & Anaesthesia,5,22.29,2020-09-03,2020-10-15,15.0,0.4,NMC,Fixed Term,Inactive,GN015680,2027-05-03,LW256572,2028-10-21,2026-10-08,2020-09-24
EMP1165-20260913_210742,Eleanor,Perry,williamsandrea@example.org,1991-08-31,(0114) 4960469,"Flat 34
Iain Way
South Glennland
M3C 2DB",Female,Midlands Central Hospitals NHS Trust,White,Canada,Skilled Worker,AHP,Pharmacist,Women & Children,5,19.24,2022-12-16,2023-01-20,20.0,0.53,HCPC,Fixed Term,Active,JB463521,2030-11-16,VK149307,2031-01-09,2027-02-19,2023-01-06
EMP1166-20260913_210742,Valerie,Stevenson,oconnorgeorge@example.com,1994-04-01,+44121 4960574,"1 Allen Extensions
West Jason
RG7 6ET",Male,Horizon Integrated Health Partnership NHS Trust,White,United Kingdom,ILR,AHP,Physiologist,Medicine & Acute Care,6,24.67,2017-06-12,2017-07-17,20.0,0.53,NMC,Fixed Term,Inactive,RS559942,2031-06-24,KI300829,2030-05-21,2027-07-03,2017-07-03
EMP1167-20260913_210742,Owen,Thomas,hsmith@example.org,1977-08-30,+44(0)118 4960105,"7 Albert View
Georginaport
L38 7AE",Male,Eastmoor Teaching Hospitals NHS Trust,Asian,China,Dependent,Nursing,Nursery Nurse,Women & Children,2,13.45,2022-03-17,2022-04-21,37.5,1.0,None,Permanent,On Leave,GO480460,2030-02-14,VF346485,2029-11-20,2027-01-05,2022-04-07
EMP1168-20260913_210742,Martyn,Parkes,yphillips@example.net,1993-05-07,(0114) 496 0164,"Flat 2
Beth Junctions
Denisbury
L68 3BG",Female,Northshire University Hospitals NHS Trust,Mixed,China,Skilled Worker,Medical,FY1/FY2,Medicine & Acute Care,FY1,20.83,2021-03-12,2021-04-16,20.0,0.53,GMC,Fixed Term,On Leave,GL232987,2027-12-09,CN094189,2028-01-28,2027-09-01,2021-04-02
EMP1169-20260913_210742,Donna,Harper,jasmine71@example.net,1962-05-20,0118 496 0073,"6 Richard Views
New Jaybury
G77 7HZ",Male,Westborough Acute Care NHS Trust,Asian,China,British Citizen,Nursing,Charge Nurse,Clinical Support Services,7,27.4,2021-08-11,2021-09-08,20.0,0.53,NMC,Permanent,On Leave,US821123,2031-09-05,MF527243,2031-05-29,2026-11-28,2021-09-01
EMP1170-20260913_210742,Debra,Evans,smithfrances@example.org,2002-01-06,02074960848,"243 Dobson Junctions
Robertsland
S8B 5AH",Male,Lakeside District Hospitals NHS Trust,Asian,Thailand,British Citizen,Nursing,Healthcare Assistant,Women & Children,2,14.27,2017-07-17,2017-08-14,30.0,0.8,None,Bank,Active,ZR243987,2031-05-20,XS786355,2027-05-05,2027-06-19,2017-08-07
EMP1171-20260913_210742,Damian,Cox,jennifertaylor@example.net,1963-02-03,+44115 4960049,"Studio 46l
Watts Bridge
Katieland
EX9 2HF",Male,Riverside Integrated Care NHS Trust,Black,Barbados,British Citizen,Nursing,Staff Nurse,Clinical Support Services,5,19.38,2022-10-20,2022-11-24,30.0,0.8,NMC,Permanent,Active,XF289756,2027-04-18,FP479389,2031-05-18,2026-09-27,2022-11-10
EMP1172-20260913_210742,Glen,Jones,leedenis@example.org,1964-11-14,+448081570483,"5 Debra Divide
South Helen
S8B 2FA",Male,Lakeside District Hospitals NHS Trust,Mixed,Kenya,Dependent,Medical,SHO,Corporate Services,SHO,30.55,2026-05-10,2026-06-14,30.0,0.8,NMC,Permanent,Inactive,QF591565,2027-10-28,EL980668,2027-06-25,2026-09-25,2026-05-31
EMP1173-20260913_210742,Maria,Ali,raymondwade@example.com,1965-11-03,09098790077,"70 Russell Pine
Willisside
DH2X 0HD",Male,Horizon Integrated Health Partnership NHS Trust,Black,Nigeria,Skilled Worker,AHP,Occupational Therapist,Women & Children,6,25.21,2017-08-18,2017-09-29,37.5,1.0,HCPC,Permanent,Inactive,EB221809,2029-09-24,ZU882261,2030-06-08,2027-07-27,2017-09-08
EMP1174-20260913_210742,Vincent,Morgan,tgray@example.org,1986-10-28,028 9018 0682,"620 Frederick Forge
Lake Leigh
PO0Y 7PF",Male,Hillcrest Medical Centres NHS Trust,Mixed,India,Skilled Worker,Medical,SHO,Clinical Support Services,SHO,27.78,2017-05-07,2017-06-11,18.75,0.5,HCPC,Permanent,Suspended,MN224830,2028-12-21,BY305086,2027-05-30,2027-05-08,2017-05-28
EMP1175-20260913_210742,Anthony,Cox,conornewton@example.com,1994-08-02,+44(0)118 4960389,"62 Khan Brook
Turnerfurt
E7C 3LA",Male,Horizon Integrated Health Partnership NHS Trust,Mixed,India,British Citizen,Admin,Data Analyst,Surgery & Cancer,8A,35.88,2024-04-14,2024-05-19,15.0,0.4,GMC,Permanent,Active,OK434866,2029-02-11,BG579234,2027-01-07,2026-10-14,2024-05-05
EMP1176-20260913_210742,Brett,Scott,williamsdouglas@example.net,1997-09-17,+44306 999 0973,"665 Lydia Plains
Dobsonbury
NR7M 5UL",Female,Valleyview Mental Wellness NHS Trust,White,United Kingdom,British Citizen,Nursing,Nursery Nurse,Emergency & Urgent Care,2,13.67,2020-10-19,2020-11-23,15.0,0.4,None,Bank,Suspended,UN380644,2026-11-04,XX788173,2030-10-11,2026-11-10,2020-11-09
EMP1177-20260913_210742,Charles,Thompson,gibsongeoffrey@example.org,1962-05-09,+44(0)909 8790623,"Studio 2
O'Connor Parkway
New Marian
CO55 1DW",Male,Riverbank General Hospitals NHS Trust,Mixed,Trinidad and Tobago,Skilled Worker,AHP,Speech Therapist,Women & Children,6,25.97,2019-07-07,2019-08-11,30.0,0.8,None,Fixed Term,Inactive,LF644703,2031-03-18,LG566885,2030-09-22,2027-08-13,2019-07-28
EMP1178-20260913_210742,Geraldine,Doyle,smithmandy@example.com,1985-07-15,(0808) 157 0097,"7 Irene Plain
Harrybury
WD7R 4ZZ",Female,Eastmoor Teaching Hospitals NHS Trust,White,United States,British Citizen,Nursing,Staff Nurse,Critical Care & Anaesthesia,5,19.3,2022-06-23,2022-07-21,37.5,1.0,NMC,Bank,Suspended,LP009252,2027-11-05,GB721509,2028-03-22,2027-06-29,2022-07-14
EMP1179-20260913_210742,Christine,Dawson,pauline29@example.com,1962-05-16,+44118 4960762,"5 Louis Village
Faulknerfurt
G9G 7LW",Female,Greenhaven Acute & Specialist Care NHS Trust,Mixed,United States,Dependent,Medical,FY1/FY2,Corporate Services,FY1,19.83,2017-04-28,2017-06-09,37.5,1.0,GMC,Permanent,Inactive,EM940313,2029-10-02,CG360709,2029-01-22,2027-04-29,2017-05-19
EMP1180-20260913_210742,Hilary,Norman,jamescarroll@example.net,1996-09-21,+441174960503,"106 Smith Camp
North Shannonshire
B47 6WP",Female,Northwood Mental Health NHS Trust,Mixed,Thailand,Dependent,Nursing,Senior Staff Nurse,Medicine & Acute Care,6,26.53,2026-05-24,2026-06-28,20.0,0.53,None,Permanent,Inactive,IN955057,2027-05-17,DL940591,2027-10-21,2026-12-25,2026-06-14
EMP1181-20260913_210742,Thomas,Skinner,jordanmargaret@example.org,1989-06-11,+44(0)116 496 0259,"1 Vanessa Hill
Francisview
W9S 8LS",Male,Midlands Central Hospitals NHS Trust,Asian,China,Dependent,Medical,Consultant,Emergency & Urgent Care,CONS,71.15,2017-10-13,2017-11-17,18.75,0.5,HCPC,Bank,Active,CC628406,2029-01-16,NA805597,2030-06-25,2026-12-02,2017-11-03
EMP1182-20260913_210742,Danny,Rogers,carteramy@example.org,1964-03-28,0141 4960678,"Flat 36L
Melissa Causeway
Dalefort
CA0E 8WS",Male,Riverbank General Hospitals NHS Trust,Black,Barbados,British Citizen,AHP,Physiotherapist,Women & Children,6,25.68,2020-04-16,2020-05-21,37.5,1.0,HCPC,Permanent,Active,GI068750,2027-04-20,IC537366,2027-01-09,2027-05-02,2020-05-07
EMP1183-20260913_210742,Gregory,Clark,marilyn75@example.net,1994-10-13,(0909) 8790027,"69 Jenna Meadow
Taylorville
LA9 6SL",Male,Bluewater Community & Rehabilitation NHS Trust,Mixed,United Kingdom,British Citizen,AHP,Pharmacist,Corporate Services,5,20.25,2023-12-26,2024-02-06,15.0,0.4,None,Permanent,Inactive,SS803200,2030-04-24,ZS853387,2027-09-21,2026-09-24,2024-01-16
EMP1184-20260913_210742,Karl,Thomas,briansharp@example.org,1985-05-19,020 7946 0762,"Flat 1
Lewis Trafficway
New Chelseamouth
GL7 3XT",Male,Meadowbrook Community Health NHS Trust,Black,Nigeria,ILR,Admin,Medical Secretary,Medicine & Acute Care,4,18.77,2019-08-12,2019-09-23,37.5,1.0,NMC,Bank,On Leave,WF975360,2027-07-25,ZQ355342,2030-09-30,2027-02-06,2019-09-02
EMP1185-20260913_210742,Roger,Hunt,kelly70@example.net,1973-02-11,+44115 496 0579,"Studio 56r
Bowen Trail
Barrettberg
OX05 4HT",Male,Oakridge Community Services NHS Trust,White,Canada,Skilled Worker,AHP,Speech Therapist,Emergency & Urgent Care,6,22.59,2023-11-04,2023-12-09,15.0,0.4,NMC,Fixed Term,Inactive,DZ337663,2028-07-20,IF794394,2030-07-17,2027-06-27,2023-11-25
EMP1186-20260913_210742,Marion,Hughes,qsmith@example.com,2000-10-24,0292018436,"Studio 92V
Jake Vista
Garethland
M7S 8YW",Male,Lakeside District Hospitals NHS Trust,White,Canada,ILR,Admin,Administrator,Corporate Services,3,15.28,2024-12-10,2025-01-07,18.75,0.5,HCPC,Bank,Suspended,XT271156,2027-01-17,CR995349,2027-04-06,2027-03-04,2024-12-31
EMP1187-20260913_210742,Bradley,Mahmood,rosemary90@example.org,2004-06-30,+441214960435,"6 Lauren Shores
East Nigel
DN4 0ST",Male,Bluewater Community & Rehabilitation NHS Trust,White,Canada,Dependent,AHP,Physiotherapist,Critical Care & Anaesthesia,6,24.87,2026-07-09,2026-08-13,18.75,0.5,GMC,Fixed Term,Inactive,UK197302,2027-11-16,XE478786,2030-10-20,2027-08-15,2026-07-30
EMP1188-20260913_210742,Charlotte,Elliott,hughespatrick@example.net,1986-08-12,+44(0)116 4960910,"Flat 6
Bryant Causeway
Jonathanville
GY2 5UD",Female,Eastmoor Teaching Hospitals NHS Trust,Black,Trinidad and Tobago,Dependent,Admin,Medical Secretary,Critical Care & Anaesthesia,4,18.29,2020-02-23,2020-04-05,18.75,0.5,None,Fixed Term,Inactive,PC570787,2027-12-11,TI750897,2029-10-22,2027-08-29,2020-03-15
EMP1189-20260913_210742,Stuart,Smith,qwilson@example.org,2001-04-27,0121 496 0601,"Flat 70x
Pope Key
West Kathryn
B9 7QX",Male,Westborough Acute Care NHS Trust,Asian,Japan,Skilled Worker,Nursing,Nursery Nurse,Corporate Services,2,12.88,2026-07-24,2026-08-28,15.0,0.4,None,Fixed Term,Suspended,UR048553,2031-08-15,GB673864,2028-05-11,2027-04-13,2026-08-14
EMP1190-20260913_210742,Frank,Warren,whittakernicola@example.com,1989-06-13,+44115 4960059,"3 Hutchinson Harbor
East Juliashire
B5F 2NP",Male,Bluewater Community & Rehabilitation NHS Trust,White,Canada,British Citizen,Nursing,Ward Manager,Medicine & Acute Care,8A,34.99,2018-09-18,2018-10-16,18.75,0.5,GMC,Bank,Active,EO731988,2029-11-03,KV498235,2026-09-26,2027-01-28,2018-10-09
EMP1191-20260913_210742,Mohammed,Webb,ulowe@example.net,1964-09-11,0118 496 0740,"30 Martin Cliff
West Georgeport
G45 1NR",Female,Southgate Community & Mental Health NHS Trust,Black,Kenya,Skilled Worker,AHP,Radiographer,Surgery & Cancer,6,22.7,2025-07-21,2025-08-18,15.0,0.4,HCPC,Fixed Term,Active,MZ171947,2029-04-11,BM673650,2027-11-16,2027-07-06,2025-08-11
EMP1192-20260913_210742,Martin,Wilson,hudsonjulie@example.net,1972-01-01,+44(0)114 496 0850,"08 Janet Freeway
Williamborough
B6 9EL",Male,Oakridge Community Services NHS Trust,Black,Barbados,ILR,Nursing,Staff Nurse,Women & Children,5,21.69,2019-10-04,2019-11-01,20.0,0.53,None,Bank,Suspended,OZ446887,2027-08-16,LD184867,2030-06-28,2027-01-06,2019-10-25
EMP1193-20260913_210742,Owen,Hayward,melanie86@example.com,1968-04-08,+44(0)118 496 0999,"Studio 78g
Morgan Expressway
Hughesbury
CO49 7WP",Male,Westmere Community Health NHS Trust,Asian,India,Dependent,AHP,Physiologist,Corporate Services,6,26.67,2026-02-22,2026-04-05,18.75,0.5,HCPC,Fixed Term,Active,KM587167,2029-10-08,KT575403,2028-03-10,2027-02-04,2026-03-15
EMP1194-20260913_210742,Conor,Wilson,colin73@example.com,1999-06-21,+441632960832,"Studio 98
Irene Common
Natashamouth
S2W 5GX",Male,Northwood Mental Health NHS Trust,Black,Kenya,British Citizen,Medical,FY1/FY2,Clinical Support Services,FY1,21.45,2026-06-13,2026-07-25,30.0,0.8,None,Fixed Term,Inactive,SV987933,2027-12-05,AM270985,2028-02-09,2027-06-18,2026-07-04
EMP1195-20260913_210742,Carole,Finch,jonathan07@example.org,1964-10-31,(0151) 4960230,"Studio 69f
Allan Trail
North Vincentborough
DN2B 1DZ",Female,Horizon Integrated Health Partnership NHS Trust,White,New Zealand,Dependent,AHP,Physiologist,Clinical Support Services,6,24.03,2025-05-08,2025-06-12,37.5,1.0,NMC,Bank,Inactive,KS448031,2029-06-10,VO295604,2029-04-26,2027-02-03,2025-05-29
EMP1196-20260913_210742,Clive,George,robert63@example.net,1985-10-08,+44(0)161 4960271,"660 Bailey Walk
Daviesstad
PA4 1AN",Male,Eastmoor Teaching Hospitals NHS Trust,Black,Trinidad and Tobago,ILR,AHP,Pharmacist,Surgery & Cancer,5,19.71,2020-10-04,2020-11-15,37.5,1.0,NMC,Bank,On Leave,RO098255,2029-04-21,TE280092,2029-05-04,2026-10-03,2020-10-25
EMP1197-20260913_210742,Nigel,Carter,rosemarymoss@example.net,1965-07-07,+44161 4960052,"Studio 4
Kenneth Mountains
North Jeremy
E8 1ZT",Female,Riverbank General Hospitals NHS Trust,Mixed,China,Dependent,AHP,Physiologist,Clinical Support Services,6,28.18,2018-06-21,2018-07-19,30.0,0.8,GMC,Bank,Active,HD301873,2031-07-01,IM061790,2027-06-25,2027-06-07,2018-07-12
EMP1198-20260913_210742,Kenneth,Gardner,myersmartyn@example.org,2004-11-26,03069990951,"28 Jamie Trace
South Jacob
NR53 4LL",Male,Bluewater Community & Rehabilitation NHS Trust,Mixed,Barbados,British Citizen,Nursing,Nursery Nurse,Clinical Support Services,2,12.94,2021-08-29,2021-09-26,30.0,0.8,HCPC,Permanent,On Leave,AV819235,2031-04-14,XK513224,2029-06-19,2027-01-09,2021-09-19
EMP1199-20260913_210742,Deborah,Johnson,jbirch@example.org,1974-09-10,(0306) 9990709,"Studio 37
Roberts Extension
East Frankhaven
G2A 6DX",Male,Northwood Mental Health NHS Trust,White,Canada,ILR,Medical,GP,Critical Care & Anaesthesia,GP,53.89,2021-05-22,2021-07-03,15.0,0.4,NMC,Bank,Active,FB287855,2029-06-28,BV734988,2029-12-05,2026-12-30,2021-06-12
EMP1200-20260913_210742,Leonard,Carter,dorothyflynn@example.com,2008-08-06,(020) 74960908,"Flat 7
Craig Plain
Francesport
YO2 1XB",Female,Lakeside District Hospitals NHS Trust,Asian,Thailand,Skilled Worker,AHP,Radiographer,Surgery & Cancer,6,25.21,2018-07-19,2018-08-16,18.75,0.5,None,Bank,Inactive,WG079056,2031-07-04,HW248008,2030-10-21,2027-01-11,2018-08-09
